time_s,desired_vx_m_s,actual_com_vx_m_s
0.0,0.0,0.0001389787337032246
0.001,0.0,0.0001380415047001443
0.002,0.0,0.00013711062823367902
0.003,0.0,0.00013618606456466446
0.004,0.0,0.00013526777416142217
0.005,0.0,0.00013435571746233898
0.006,0.0,0.00013344985467237796
0.007,0.0,0.00013255014559098078
0.008,0.0,0.0001316565494694463
0.009000000000000001,0.0,0.00013076902489622883
0.010000000000000002,0.0,0.00012988752970680156
0.011000000000000003,0.0,0.00012901202091871497
0.012000000000000004,0.0,0.0001281424546873981
0.013000000000000005,0.0,0.00012727878628385173
0.014000000000000005,0.0,0.00012642097008944923
0.015000000000000006,0.0,0.00012556895960887904
0.016000000000000007,0.0,0.00012472270749906534
0.017000000000000008,0.0,0.0001238821656116689
0.01800000000000001,0.0,0.00012304728504793674
0.01900000000000001,0.0,0.00012221801622621877
0.02000000000000001,0.0,0.00012139430895895999
0.02100000000000001,0.0,0.00012057611253792218
0.022000000000000013,0.0,0.00011976337582831304
0.023000000000000013,0.0,0.00011895604736835118
0.024000000000000014,0.0,0.00011815407547464522
0.025000000000000015,0.0,0.00011735740835194943
0.026000000000000016,0.0,0.00011656599420583305
0.027000000000000017,0.0,0.00011577978135753812
0.028000000000000018,0.0,0.00011499871836137742
0.02900000000000002,0.0,0.00011422275412072191
0.03000000000000002,0.0,0.00011345183800510081
0.03100000000000002,0.0,0.00011268591996506976
0.03200000000000002,0.0,0.0001119249506457437
0.03300000000000002,0.0,0.00011116888149718384
0.03400000000000002,0.0,0.00011041766488101371
0.035000000000000024,0.0,0.00010967125417335208
0.036000000000000025,0.0,0.00010892960386280355
0.037000000000000026,0.0,0.00010819266964210205
0.03800000000000003,0.0,0.00010746040849527312
0.03900000000000003,0.0,0.00010673277877630087
0.04000000000000003,0.0,0.0001060097402823266
0.04100000000000003,0.0,0.00010529125431806912
0.04200000000000003,0.0,0.0001045772837530802
0.04300000000000003,0.0,0.00010386779306997793
0.04400000000000003,0.0,0.00010316274840462354
0.04500000000000003,0.0,0.00010246211757653137
0.046000000000000034,0.0,0.00010176587011125473
0.047000000000000035,0.0,0.00010107397725197941
0.048000000000000036,0.0,0.00010038641196354045
0.04900000000000004,0.0,9.970314892573946e-05
0.05000000000000004,0.0,9.902416451714536e-05
0.05100000000000004,0.0,9.834943679129191e-05
0.05200000000000004,0.0,9.767894544151109e-05
0.05300000000000004,0.0,9.701267175878698e-05
0.05400000000000004,0.0,9.635059858026157e-05
0.05500000000000004,0.0,9.56927102290902e-05
0.05600000000000004,0.0,9.503899244765763e-05
0.057000000000000044,0.0,9.438943232206727e-05
0.058000000000000045,0.0,9.374401820119802e-05
0.059000000000000045,0.0,9.310273960801294e-05
0.060000000000000046,0.0,9.246558714662868e-05
0.06100000000000005,0.0,9.183255240312611e-05
0.06200000000000005,0.0,9.120362784259374e-05
0.06300000000000004,0.0,9.057880670273953e-05
0.06400000000000004,0.0,8.995808288320175e-05
0.06500000000000004,0.0,8.934145083479401e-05
0.06600000000000004,0.0,8.872890544509529e-05
0.06700000000000005,0.0,8.812044192464989e-05
0.06800000000000005,0.0,8.751605569245944e-05
0.06900000000000005,0.0,8.691574226257277e-05
0.07000000000000005,0.0,8.631949713190232e-05
0.07100000000000005,0.0,8.572731567014556e-05
0.07200000000000005,0.0,8.513919301314836e-05
0.07300000000000005,0.0,8.455512395867317e-05
0.07400000000000005,0.0,8.397510286704547e-05
0.07500000000000005,0.0,8.339912356639025e-05
0.07600000000000005,0.0,8.282717926311543e-05
0.07700000000000005,0.0,8.225926245795214e-05
0.07800000000000006,0.0,8.169536486794468e-05
0.07900000000000006,0.0,8.113547735626971e-05
0.08000000000000006,0.0,8.057958986730195e-05
0.08100000000000006,0.0,8.00276913702314e-05
0.08200000000000006,0.0,7.947976980964316e-05
0.08300000000000006,0.0,7.893581206390375e-05
0.08400000000000006,0.0,7.839580391155446e-05
0.08500000000000006,0.0,7.785973000479954e-05
0.08600000000000006,0.0,7.732757385245372e-05
0.08700000000000006,0.0,7.67993178089084e-05
0.08800000000000006,0.0,7.627494307252809e-05
0.08900000000000007,0.0,7.575442969043245e-05
0.09000000000000007,0.0,7.52377565714632e-05
0.09100000000000007,0.0,7.472490150589944e-05
0.09200000000000007,0.0,7.421584119197214e-05
0.09300000000000007,0.0,7.37105512697955e-05
0.09400000000000007,0.0,7.320900635950568e-05
0.09500000000000007,0.0,7.271118010712946e-05
0.09600000000000007,0.0,7.221704523448199e-05
0.09700000000000007,0.0,7.172657359410284e-05
0.09800000000000007,0.0,7.123973622801883e-05
0.09900000000000007,0.0,7.075650343093839e-05
0.10000000000000007,0.0,7.027684481575986e-05
0.10100000000000008,0.0,6.980072938205932e-05
0.10200000000000008,0.0,6.932812558617586e-05
0.10300000000000008,0.0,6.885900141300667e-05
0.10400000000000008,0.0,6.839332444829388e-05
0.10500000000000008,0.0,6.793106195141691e-05
0.10600000000000008,0.0,6.747218092789961e-05
0.10700000000000008,0.0,6.701664820059972e-05
0.10800000000000008,0.0,6.65644304799005e-05
0.10900000000000008,0.0,6.611549443241439e-05
0.11000000000000008,0.0,6.566980674689624e-05
0.11100000000000008,0.0,6.522733419773668e-05
0.11200000000000009,0.0,6.47880437055781e-05
0.11300000000000009,0.0,6.435190239430283e-05
0.11400000000000009,0.0,6.391887764477354e-05
0.11500000000000009,0.0,6.348893714473653e-05
0.11600000000000009,0.0,6.306204893443257e-05
0.11700000000000009,0.0,6.263818144862992e-05
0.11800000000000009,0.0,6.221730355391852e-05
0.11900000000000009,0.0,6.179938458265778e-05
0.12000000000000009,0.0,6.138439436165282e-05
0.1210000000000001,0.0,6.097230323792514e-05
0.1220000000000001,0.0,6.056308209979688e-05
0.1230000000000001,0.0,6.015670239436723e-05
0.1240000000000001,0.0,5.975313614145872e-05
0.12500000000000008,0.0,5.935235594423283e-05
0.12600000000000008,0.0,5.895433499623307e-05
0.12700000000000009,0.0,5.855904708619344e-05
0.12800000000000009,0.0,5.8166466599346236e-05
0.1290000000000001,0.0,5.777656851722771e-05
0.1300000000000001,0.0,5.7389328414696746e-05
0.1310000000000001,0.0,5.700472245565779e-05
0.1320000000000001,0.0,5.6622727386242595e-05
0.1330000000000001,0.0,5.6243320527551356e-05
0.1340000000000001,0.0,5.5866479766092614e-05
0.1350000000000001,0.0,5.5492183543776853e-05
0.1360000000000001,0.0,5.5120410846330603e-05
0.1370000000000001,0.0,5.475114119056321e-05
0.1380000000000001,0.0,5.4384354610027885e-05
0.1390000000000001,0.0,5.402003164025195e-05
0.1400000000000001,0.0,5.3658153301285986e-05
0.1410000000000001,0.0,5.329870107896546e-05
0.1420000000000001,0.0,5.2941656903398986e-05
0.1430000000000001,0.0,5.258700312558433e-05
0.1440000000000001,0.0,5.2234722489369447e-05
0.1450000000000001,0.0,5.188479810117556e-05
0.1460000000000001,0.0,5.153721339398139e-05
0.1470000000000001,0.0,5.1191952086845234e-05
0.1480000000000001,0.0,5.084899813828821e-05
0.1490000000000001,0.0,5.0508335693458686e-05
0.1500000000000001,0.0,5.016994902316285e-05
0.1510000000000001,0.0,4.983382245554919e-05
0.1520000000000001,0.0,4.9499940503532335e-05
0.1530000000000001,0.0,4.9168288156716805e-05
0.1540000000000001,0.0,4.883885078217666e-05
0.1550000000000001,0.0,4.85116138629175e-05
0.1560000000000001,0.0,4.818656292638647e-05
0.1570000000000001,0.0,4.7863683483363614e-05
0.1580000000000001,0.0,4.754296097573675e-05
0.1590000000000001,0.0,4.7224380733775637e-05
0.16000000000000011,0.0,4.6907927940122985e-05
0.16100000000000012,0.0,4.659358760066965e-05
0.16200000000000012,0.0,4.628134452086765e-05
0.16300000000000012,0.0,4.5971183286674064e-05
0.16400000000000012,0.0,4.5663088249675837e-05
0.16500000000000012,0.0,4.535704351519267e-05
0.16600000000000012,0.0,4.5053032933008504e-05
0.16700000000000012,0.0,4.4751040090276414e-05
0.16800000000000012,0.0,4.445104830578711e-05
0.16900000000000012,0.0,4.4153040626178856e-05
0.17000000000000012,0.0,4.385699982258128e-05
0.17100000000000012,0.0,4.356290838853317e-05
0.17200000000000013,0.0,4.327074853871734e-05
0.17300000000000013,0.0,4.298050220867536e-05
0.17400000000000013,0.0,4.26921510554707e-05
0.17500000000000013,0.0,4.240567645923804e-05
0.17600000000000013,0.0,4.21210595261729e-05
0.17700000000000013,0.0,4.183828109306419e-05
0.17800000000000013,0.0,4.1557321733649476e-05
0.17900000000000013,0.0,4.1278161766399735e-05
0.18000000000000013,0.0,4.100078126540051e-05
0.18100000000000013,0.0,4.072516007288801e-05
0.18200000000000013,0.0,4.045127781563333e-05
0.18300000000000013,0.0,4.0179113922930716e-05
0.18400000000000014,0.0,3.990864764935984e-05
0.18500000000000014,0.0,3.963985809978109e-05
0.18600000000000014,0.0,3.9372724258876724e-05
0.18700000000000014,0.0,3.910722502333374e-05
0.18800000000000014,0.0,3.884333923892676e-05
0.18900000000000014,0.0,3.858104574018528e-05
0.19000000000000014,0.0,3.832032339484198e-05
0.19100000000000014,0.0,3.8061151151136624e-05
0.19200000000000014,0.0,3.780350808876804e-05
0.19300000000000014,0.0,3.7547373473554e-05
0.19400000000000014,0.0,3.729272681427779e-05
0.19500000000000015,0.0,3.703954792248447e-05
0.19600000000000015,0.0,3.6787816975236945e-05
0.19700000000000015,0.0,3.653751457895414e-05
0.19800000000000015,0.0,3.6288621834697126e-05
0.19900000000000015,0.0,3.6041120405272344e-05
0.20000000000000015,0.0,3.5794992581512144e-05
0.20100000000000015,0.0,3.555022135000844e-05
0.20200000000000015,0.0,3.530679045847138e-05
0.20300000000000015,0.0,3.506468448137382e-05
0.20400000000000015,0.0,3.48238888824718e-05
0.20500000000000015,0.0,3.45843900758895e-05
0.20600000000000016,0.0,3.434617548389285e-05
0.20700000000000016,0.0,3.410923359062602e-05
0.20800000000000016,0.0,3.3873553992039044e-05
0.20900000000000016,0.0,3.36391274414458e-05
0.21000000000000016,0.0,3.34059458889331e-05
0.21100000000000016,0.0,3.317400251627041e-05
0.21200000000000016,0.0,3.294329176424004e-05
0.21300000000000016,0.0,3.271380935477131e-05
0.21400000000000016,0.0,3.248555230504378e-05
0.21500000000000016,0.0,3.225851893509823e-05
0.21600000000000016,0.0,3.2032708867416285e-05
0.21700000000000016,0.0,3.18081230191154e-05
0.21800000000000017,0.0,3.158476358600669e-05
0.21900000000000017,0.0,3.136263401896542e-05
0.22000000000000017,0.0,3.114173899218998e-05
0.22100000000000017,0.0,3.09220843631543e-05
0.22200000000000017,0.0,3.070367712545073e-05
0.22300000000000017,0.0,3.048652535339625e-05
0.22400000000000017,0.0,3.0270638139211588e-05
0.22500000000000017,0.0,3.0056025522986483e-05
0.22600000000000017,0.0,2.9842698416045056e-05
0.22700000000000017,0.0,2.9630668517570863e-05
0.22800000000000017,0.0,2.9419948225189344e-05
0.22900000000000018,0.0,2.9210550540327214e-05
0.23000000000000018,0.0,2.9002488968089184e-05
0.23100000000000018,0.0,2.879577741337461e-05
0.23200000000000018,0.0,2.859043007300617e-05
0.23300000000000018,0.0,2.8386461323968537e-05
0.23400000000000018,0.0,2.8183885611014168e-05
0.23500000000000018,0.0,2.7982717330840626e-05
0.23600000000000018,0.0,2.7782970716285263e-05
0.23700000000000018,0.0,2.7584659720404403e-05
0.23800000000000018,0.0,2.7387797900709656e-05
0.23900000000000018,0.0,2.7192398305130106e-05
0.24000000000000019,0.0,2.6998473360121026e-05
0.2410000000000002,0.0,2.680603476163272e-05
0.2420000000000002,0.0,2.6615093369583344e-05
0.2430000000000002,0.0,2.6425659107589384e-05
0.2440000000000002,0.0,2.623774086624828e-05
0.2450000000000002,0.0,2.6051346414206333e-05
0.2460000000000002,0.0,2.586648231390865e-05
0.2470000000000002,0.0,2.5683153845848978e-05
0.2480000000000002,0.0,2.550136493901052e-05
0.2490000000000002,0.0,2.5321118110825303e-05
0.25000000000000017,0.0,2.5142414414746915e-05
0.25100000000000017,0.0,2.4965253397135115e-05
0.25200000000000017,0.0,2.4789633063398062e-05
0.25300000000000017,0.0,2.461554985335565e-05
0.25400000000000017,0.0,2.4442998627304924e-05
0.25500000000000017,0.0,2.427197266048057e-05
0.25600000000000017,0.0,2.4102463649043496e-05
0.2570000000000002,0.0,2.393446172460471e-05
0.2580000000000002,0.0,2.376795547961644e-05
0.2590000000000002,0.0,2.3602932002132976e-05
0.2600000000000002,0.0,2.3439376919864285e-05
0.2610000000000002,0.0,2.3277274453654377e-05
0.2620000000000002,0.0,2.311660748017937e-05
0.2630000000000002,0.0,2.2957357602771766e-05
0.2640000000000002,0.0,2.2799505230270065e-05
0.2650000000000002,0.0,2.264302966396418e-05
0.2660000000000002,0.0,2.24879091911058e-05
0.2670000000000002,0.0,2.2334121185197775e-05
0.2680000000000002,0.0,2.218164221198747e-05
0.2690000000000002,0.0,2.20304481409121e-05
0.2700000000000002,0.0,2.1880514260327374e-05
0.2710000000000002,0.0,2.173181539769264e-05
0.2720000000000002,0.0,2.1584326041766833e-05
0.2730000000000002,0.0,2.1438020467424024e-05
0.2740000000000002,0.0,2.1292872862179452e-05
0.2750000000000002,0.0,2.114885745266433e-05
0.2760000000000002,0.0,2.100594863179302e-05
0.2770000000000002,0.0,2.0864121084063642e-05
0.2780000000000002,0.0,2.0723349909108657e-05
0.2790000000000002,0.0,2.058361074284115e-05
0.2800000000000002,0.0,2.0444879873566594e-05
0.2810000000000002,0.0,2.0307134354795343e-05
0.2820000000000002,0.0,2.017035211104408e-05
0.2830000000000002,0.0,2.003451203698595e-05
0.2840000000000002,0.0,1.9899594089756123e-05
0.2850000000000002,0.0,1.9765579370344494e-05
0.2860000000000002,0.0,1.9632450197236177e-05
0.2870000000000002,0.0,1.9500190166839798e-05
0.2880000000000002,0.0,1.9368784202472455e-05
0.2890000000000002,0.0,1.9238218589584694e-05
0.2900000000000002,0.0,1.9108480996477505e-05
0.2910000000000002,0.0,1.8979560477725906e-05
0.2920000000000002,0.0,1.8851447461889125e-05
0.2930000000000002,0.0,1.8724133719148316e-05
0.2940000000000002,0.0,1.8597612309476602e-05
0.2950000000000002,0.0,1.8471877508885718e-05
0.2960000000000002,0.0,1.8346924713902256e-05
0.2970000000000002,0.0,1.8222750319773096e-05
0.2980000000000002,0.0,1.8099351575004495e-05
0.2990000000000002,0.0,1.797672640677551e-05
0.3000000000000002,0.0,1.7854873218836512e-05
0.3010000000000002,0.0,1.773379065790627e-05
0.3020000000000002,0.0,1.7613473704534358e-05
0.3030000000000002,0.0,1.7494017601299526e-05
0.3040000000000002,0.0,1.7375414128135717e-05
0.3050000000000002,0.0,1.7257655205022003e-05
0.3060000000000002,0.0,1.714073258946675e-05
0.3070000000000002,0.0,1.7024637616415292e-05
0.3080000000000002,0.0,1.6909360981200718e-05
0.3090000000000002,0.0,1.6794892559287292e-05
0.3100000000000002,0.0,1.6681221262344545e-05
0.3110000000000002,0.0,1.656833492807499e-05
0.3120000000000002,0.0,1.645622024025292e-05
0.3130000000000002,0.0,1.6344862677887806e-05
0.3140000000000002,0.0,1.6234246490266756e-05
0.3150000000000002,0.0,1.6124354696773512e-05
0.3160000000000002,0.0,1.6015169108661802e-05
0.3170000000000002,0.0,1.5906670370337444e-05
0.3180000000000002,0.0,1.5798838019956275e-05
0.31900000000000023,0.0,1.5691650565708813e-05
0.32000000000000023,0.0,1.5585085576805795e-05
0.32100000000000023,0.0,1.5479119786856617e-05
0.32200000000000023,0.0,1.5373729209110548e-05
0.32300000000000023,0.0,1.5268889260488664e-05
0.32400000000000023,0.0,1.516457489385634e-05
0.32500000000000023,0.0,1.5060760737179612e-05
0.32600000000000023,0.0,1.4957421236757705e-05
0.32700000000000023,0.0,1.4854530804560137e-05
0.32800000000000024,0.0,1.4752063968029257e-05
0.32900000000000024,0.0,1.464999552073509e-05
0.33000000000000024,0.0,1.4548300672747784e-05
0.33100000000000024,0.0,1.4446955199837328e-05
0.33200000000000024,0.0,1.4345935590066018e-05
0.33300000000000024,0.0,1.424521918694585e-05
0.33400000000000024,0.0,1.4144784328021505e-05
0.33500000000000024,0.0,1.4044610478513332e-05
0.33600000000000024,0.0,1.394467835755678e-05
0.33700000000000024,0.0,1.3844970058356294e-05
0.33800000000000024,0.0,1.3745469160055972e-05
0.33900000000000025,0.0,1.3646160830777494e-05
0.34000000000000025,0.0,1.3547031921609173e-05
0.34100000000000025,0.0,1.344807105128766e-05
0.34200000000000025,0.0,1.334926867934249e-05
0.34300000000000025,0.0,1.3250617169338455e-05
0.34400000000000025,0.0,1.3152110841295828e-05
0.34500000000000025,0.0,1.305374601179051e-05
0.34600000000000025,0.0,1.2955521023393782e-05
0.34700000000000025,0.0,1.2857436261325204e-05
0.34800000000000025,0.0,1.2759494159511797e-05
0.34900000000000025,0.0,1.2661699193577994e-05
0.35000000000000026,0.0,1.2564057863650219e-05
0.35100000000000026,0.0,1.2466578664026363e-05
0.35200000000000026,0.0,1.2369272042678824e-05
0.35300000000000026,0.0,1.2272150349533242e-05
0.35400000000000026,0.0,1.2175227774364267e-05
0.35500000000000026,0.0,1.2078520273714e-05
0.35600000000000026,0.0,1.198204548943459e-05
0.35700000000000026,0.0,1.1885822657649725e-05
0.35800000000000026,0.0,1.1789872508634773e-05
0.35900000000000026,0.0,1.1694217160319929e-05
0.36000000000000026,0.0,1.1598880004067085e-05
0.36100000000000027,0.0,1.150388558342019e-05
0.36200000000000027,0.0,1.1409259469147621e-05
0.36300000000000027,0.0,1.1315028128140604e-05
0.36400000000000027,0.0,1.1221218788935421e-05
0.36500000000000027,0.0,1.1127859304398678e-05
0.36600000000000027,0.0,1.103497801210991e-05
0.36700000000000027,0.0,1.0942603593493663e-05
0.36800000000000027,0.0,1.0850764932419738e-05
0.36900000000000027,0.0,1.0759490974187092e-05
0.3700000000000003,0.0,1.0668810586291723e-05
0.3710000000000003,0.0,1.0578752419749438e-05
0.3720000000000003,0.0,1.048934477494656e-05
0.3730000000000003,0.0,1.0400615469798216e-05
0.3740000000000003,0.0,1.0312591712451844e-05
0.3750000000000003,0.0,1.022529997911714e-05
0.3760000000000003,0.0,1.0138765897096536e-05
0.3770000000000003,0.0,1.0053014133829583e-05
0.3780000000000003,0.0,9.968068293158143e-06
0.3790000000000003,0.0,9.883950817561868e-06
0.3800000000000003,0.0,9.800682898945677e-06
0.3810000000000003,0.0,9.718284396921397e-06
0.3820000000000003,0.0,9.636773764765433e-06
0.3830000000000003,0.0,9.556167984523716e-06
0.3840000000000003,0.0,9.476482510336038e-06
0.3850000000000003,0.0,9.397731220174125e-06
0.3860000000000003,0.0,9.319926377116329e-06
0.3870000000000003,0.0,9.243078599086259e-06
0.3880000000000003,0.0,9.167196836457658e-06
0.3890000000000003,0.0,9.092288359925316e-06
0.3900000000000003,0.0,9.018358755573748e-06
0.3910000000000003,0.0,8.945411928840371e-06
0.3920000000000003,0.0,8.873450116056767e-06
0.3930000000000003,0.0,8.802473904476947e-06
0.3940000000000003,0.0,8.732482258621653e-06
0.3950000000000003,0.0,8.663472554724348e-06
0.3960000000000003,0.0,8.595440620602508e-06
0.3970000000000003,0.0,8.528380782860008e-06
0.3980000000000003,0.0,8.462285918694856e-06
0.3990000000000003,0.0,8.397147513665648e-06
0.4000000000000003,0.0,8.33295572346732e-06
0.4010000000000003,0.0,8.26969944012902e-06
0.4020000000000003,0.0,8.207366362177633e-06
0.4030000000000003,0.0,8.14594306708914e-06
0.4040000000000003,0.0,8.085415086530002e-06
0.4050000000000003,0.0,8.025766984211572e-06
0.4060000000000003,0.0,7.966982434529888e-06
0.4070000000000003,0.0,7.909044302343642e-06
0.4080000000000003,0.0,7.851934723497586e-06
0.4090000000000003,0.0,7.7956351853369e-06
0.4100000000000003,0.0,7.740126606938762e-06
0.4110000000000003,0.0,7.685389418525597e-06
0.4120000000000003,0.0,7.631403639997862e-06
0.4130000000000003,0.0,7.578148957738796e-06
0.4140000000000003,0.0,7.525604800361281e-06
0.4150000000000003,0.0,7.473750412085786e-06
0.4160000000000003,0.0,7.422564924222339e-06
0.4170000000000003,0.0,7.372027424520249e-06
0.4180000000000003,0.0,7.3221170238533605e-06
0.4190000000000003,0.0,7.2728129210647004e-06
0.4200000000000003,0.0,7.2240944647471595e-06
0.4210000000000003,0.0,7.175941212819896e-06
0.4220000000000003,0.0,7.128332989981758e-06
0.4230000000000003,0.0,7.08124994170661e-06
0.4240000000000003,0.0,7.034672586980302e-06
0.4250000000000003,0.0,6.988581868199041e-06
0.4260000000000003,0.0,6.942959198938403e-06
0.4270000000000003,0.0,6.8977865091720946e-06
0.4280000000000003,0.0,6.853046288966444e-06
0.4290000000000003,0.0,6.8087216293427825e-06
0.4300000000000003,0.0,6.764796261829816e-06
0.4310000000000003,0.0,6.721254595303757e-06
0.43200000000000033,0.0,6.678081750670503e-06
0.43300000000000033,0.0,6.635263593414119e-06
0.43400000000000033,0.0,6.5927867634703025e-06
0.43500000000000033,0.0,6.55063870255813e-06
0.43600000000000033,0.0,6.508807678037092e-06
0.43700000000000033,0.0,6.467282803577846e-06
0.43800000000000033,0.0,6.4260540555140805e-06
0.43900000000000033,0.0,6.385112284895059e-06
0.44000000000000034,0.0,6.344449224211721e-06
0.44100000000000034,0.0,6.304057487648721e-06
0.44200000000000034,0.0,6.263930564967662e-06
0.44300000000000034,0.0,6.224062806745038e-06
0.44400000000000034,0.0,6.184449401167166e-06
0.44500000000000034,0.0,6.145086340497154e-06
0.44600000000000034,0.0,6.1059703753277495e-06
0.44700000000000034,0.0,6.067098957076303e-06
0.44800000000000034,0.0,6.0284701653327705e-06
0.44900000000000034,0.0,5.990082619522662e-06
0.45000000000000034,0.0,5.951935374060369e-06
0.45100000000000035,0.0,5.914027793327963e-06
0.45200000000000035,0.0,5.876359407818061e-06
0.45300000000000035,0.0,5.838929220088255e-06
0.45400000000000035,0.0,5.801735155692953e-06
0.45500000000000035,0.0,5.764774653694777e-06
0.45600000000000035,0.0,5.728045083255958e-06
0.45700000000000035,0.0,5.691543597541852e-06
0.45800000000000035,0.0,5.655267009795426e-06
0.45900000000000035,0.0,5.619211690194847e-06
0.46000000000000035,0.0,5.5833734799727045e-06
0.46100000000000035,0.0,5.5477476232156985e-06
0.46200000000000035,0.0,5.512328713994412e-06
0.46300000000000036,0.0,5.477110657220097e-06
0.46400000000000036,0.0,5.442086642535829e-06
0.46500000000000036,0.0,5.407249129129631e-06
0.46600000000000036,0.0,5.372589840650436e-06
0.46700000000000036,0.0,5.338099769509105e-06
0.46800000000000036,0.0,5.3037691888948196e-06
0.46900000000000036,0.0,5.2695876719125765e-06
0.47000000000000036,0.0,5.235544116990824e-06
0.47100000000000036,0.0,5.201626779082685e-06
0.47200000000000036,0.0,5.167823305236838e-06
0.47300000000000036,0.0,5.134120775867101e-06
0.47400000000000037,0.0,5.100505747907279e-06
0.47500000000000037,0.0,5.066964303386559e-06
0.47600000000000037,0.0,5.033482100205065e-06
0.47700000000000037,0.0,5.0000444260524114e-06
0.47800000000000037,0.0,4.966636254615537e-06
0.47900000000000037,0.0,4.93324230487561e-06
0.48000000000000037,0.0,4.8998471019314675e-06
0.48100000000000037,0.0,4.866435040207622e-06
0.4820000000000004,0.0,4.832990448839997e-06
0.4830000000000004,0.0,4.79949765794625e-06
0.4840000000000004,0.0,4.7659410678112665e-06
0.4850000000000004,0.0,4.73230521811916e-06
0.4860000000000004,0.0,4.69857485973038e-06
0.4870000000000004,0.0,4.664735026597543e-06
0.4880000000000004,0.0,4.630771109513424e-06
0.4890000000000004,0.0,4.596668929951977e-06
0.4900000000000004,0.0,4.562414814486461e-06
0.4910000000000004,0.0,4.527995669804427e-06
0.4920000000000004,0.0,4.493399057107736e-06
0.4930000000000004,0.0,4.458613266841048e-06
0.4940000000000004,0.0,4.423627392112162e-06
0.4950000000000004,0.0,4.3884314014389215e-06
0.4960000000000004,0.0,4.353016209887064e-06
0.4970000000000004,0.0,4.317373748673103e-06
0.4980000000000004,0.0,4.281497032077208e-06
0.4990000000000004,0.0,4.24538022248358e-06
0.5000000000000003,0.0,4.2090186911687e-06
0.5010000000000003,0.0,4.172409076858942e-06
0.5020000000000003,0.0,4.135549339640075e-06
0.5030000000000003,0.0,4.098438810604746e-06
0.5040000000000003,0.0,4.061078236525011e-06
0.5050000000000003,0.0,4.023469819403357e-06
0.5060000000000003,0.0,3.985617251036432e-06
0.5070000000000003,0.0,3.9475257399949065e-06
0.5080000000000003,0.0,3.909202033961785e-06
0.5090000000000003,0.0,3.870654434179796e-06
0.5100000000000003,0.0,3.831892803007262e-06
0.5110000000000003,0.0,3.792928564725719e-06
0.5120000000000003,0.0,3.7537746983149894e-06
0.5130000000000003,0.0,3.714445722180075e-06
0.5140000000000003,0.0,3.674957672263981e-06
0.5150000000000003,0.0,3.6353280701472348e-06
0.5160000000000003,0.0,3.5955758851787773e-06
0.5170000000000003,0.0,3.5557214866330605e-06
0.5180000000000003,0.0,3.5157865891460613e-06
0.5190000000000003,0.0,3.475794190191195e-06
0.5200000000000004,0.0,3.4357684982803887e-06
0.5210000000000004,0.0,3.3957348555340647e-06
0.5220000000000004,0.0,3.355719651197732e-06
0.5230000000000004,0.0,3.3157502294352837e-06
0.5240000000000004,0.0,3.2758547893153263e-06
0.5250000000000004,0.0,3.2360622791063097e-06
0.5260000000000004,0.0,3.1964022845989173e-06
0.5270000000000004,0.0,3.1569049121916978e-06
0.5280000000000004,0.0,3.1176006667300684e-06
0.5290000000000004,0.0,3.0785203257114465e-06
0.5300000000000004,0.0,3.0396948095584984e-06
0.5310000000000004,0.0,3.0011550486956696e-06
0.5320000000000004,0.0,2.9629318493611882e-06
0.5330000000000004,0.0,2.925055756578002e-06
0.5340000000000004,0.0,2.8875569174795363e-06
0.5350000000000004,0.0,2.8504649444749224e-06
0.5360000000000004,0.0,2.8138087782619165e-06
0.5370000000000004,0.0,2.7776165538455444e-06
0.5380000000000004,0.0,2.741915467902771e-06
0.5390000000000004,0.0,2.7067316498707746e-06
0.5400000000000004,0.0,2.6720900369580528e-06
0.5410000000000004,0.0,2.638014253519625e-06
0.5420000000000004,0.0,2.6045264966116202e-06
0.5430000000000004,0.0,2.5716474278462734e-06
0.5440000000000004,0.0,2.5393960713415055e-06
0.5450000000000004,0.0,2.507789720369889e-06
0.5460000000000004,0.0,2.476843852141418e-06
0.5470000000000004,0.0,2.44657205109384e-06
0.5480000000000004,0.0,2.4169859421510115e-06
0.5490000000000004,0.0,2.388095133958337e-06
0.5500000000000004,0.0,2.3599071720039063e-06
0.5510000000000004,0.0,2.3324275035089506e-06
0.5520000000000004,0.0,2.305659452828848e-06
0.5530000000000004,0.0,2.2796042076306002e-06
0.5540000000000004,0.0,2.2542608189306988e-06
0.5550000000000004,0.0,2.2296262096784326e-06
0.5560000000000004,0.0,2.205695197003647e-06
0.5570000000000004,0.0,2.182460526615819e-06
0.5580000000000004,0.0,2.1599129168566676e-06
0.5590000000000004,0.0,2.138041115158466e-06
0.5600000000000004,0.0,2.1168319661946913e-06
0.5610000000000004,0.0,2.0962704896154725e-06
0.5620000000000004,0.0,2.076339968631545e-06
0.5630000000000004,0.0,2.0570220486604865e-06
0.5640000000000004,0.0,2.038296845730229e-06
0.5650000000000004,0.0,2.0201430619502517e-06
0.5660000000000004,0.0,2.002538110962323e-06
0.5670000000000004,0.0,1.9854582505774756e-06
0.5680000000000004,0.0,1.968878720506902e-06
0.5690000000000004,0.0,1.952773887869765e-06
0.5700000000000004,0.0,1.937117396800021e-06
0.5710000000000004,0.0,1.9218823221374313e-06
0.5720000000000004,0.0,1.9070413264196395e-06
0.5730000000000004,0.0,1.892566819512589e-06
0.5740000000000004,0.0,1.8784311186391917e-06
0.5750000000000004,0.0,1.8646066093458949e-06
0.5760000000000004,0.0,1.8510659053619654e-06
0.5770000000000004,0.0,1.837782005971501e-06
0.5780000000000004,0.0,1.8247284511436016e-06
0.5790000000000004,0.0,1.8118794712138002e-06
0.5800000000000004,0.0,1.799210132157864e-06
0.5810000000000004,0.0,1.7866964728506516e-06
0.5820000000000004,0.0,1.7743156351041088e-06
0.5830000000000004,0.0,1.7620459840788935e-06
0.5840000000000004,0.0,1.7498672178242782e-06
0.5850000000000004,0.0,1.7377604640364326e-06
0.5860000000000004,0.0,1.725708364383786e-06
0.5870000000000004,0.0,1.7136951426794068e-06
0.5880000000000004,0.0,1.7017066572136493e-06
0.5890000000000004,0.0,1.689730434583228e-06
0.5900000000000004,0.0,1.6777556836735406e-06
0.5910000000000004,0.0,1.6657732893145785e-06
0.5920000000000004,0.0,1.65377578243134e-06
0.5930000000000004,0.0,1.6417572853431816e-06
0.5940000000000004,0.0,1.6297134329379588e-06
0.5950000000000004,0.0,1.6176412639166782e-06
0.5960000000000004,0.0,1.6055390845070109e-06
0.5970000000000004,0.0,1.5934063004494199e-06
0.5980000000000004,0.0,1.581243216723041e-06
0.5990000000000004,0.0,1.5690508030330272e-06
0.6000000000000004,0.0,1.556830422927732e-06
0.6010000000000004,0.0,1.5445835264315046e-06
0.6020000000000004,0.0,1.5323113017878327e-06
0.6030000000000004,0.0,1.520013615783254e-06
0.6040000000000004,0.0,1.5078505316816743e-06
0.6050000000000004,0.0,1.4958248953788147e-06
0.6060000000000004,0.0,1.4839396207197593e-06
0.6070000000000004,0.0,1.4721974316162308e-06
0.6080000000000004,0.0,1.4606006376790628e-06
0.6090000000000004,0.0,1.449150943147916e-06
0.6100000000000004,0.0,1.437849286246708e-06
0.6110000000000004,0.0,1.4266957066403877e-06
0.6120000000000004,0.0,1.4156892402063243e-06
0.6130000000000004,0.0,1.404827838326068e-06
0.6140000000000004,0.0,1.3941083102265226e-06
0.6150000000000004,0.0,1.3835262873963067e-06
0.6160000000000004,0.0,1.373076207033915e-06
0.6170000000000004,0.0,1.3627513142571424e-06
0.6180000000000004,0.0,1.3525436805437854e-06
0.6190000000000004,0.0,1.3424442382140709e-06
0.6200000000000004,0.0,1.3324428275334446e-06
0.6210000000000004,0.0,1.3225282564550677e-06
0.6220000000000004,0.0,1.3126883724335613e-06
0.6230000000000004,0.0,1.3029101420117615e-06
0.6240000000000004,0.0,1.2931797402346173e-06
0.6250000000000004,0.0,1.2834826475411163e-06
0.6260000000000004,0.0,1.2738037514034834e-06
0.6270000000000004,0.0,1.2641274539704626e-06
0.6280000000000004,0.0,1.2544377842293158e-06
0.6290000000000004,0.0,1.2447185114405785e-06
0.6300000000000004,0.0,1.2349532624740917e-06
0.6310000000000004,0.0,1.225125639426738e-06
0.6320000000000005,0.0,1.215219337342884e-06
0.6330000000000005,0.0,1.2052182618904667e-06
0.6340000000000005,0.0,1.19510664566697e-06
0.6350000000000005,0.0,1.184869162107069e-06
0.6360000000000005,0.0,1.1744910367236582e-06
0.6370000000000005,0.0,1.1639581552896716e-06
0.6380000000000005,0.0,1.1532571672768264e-06
0.6390000000000005,0.0,1.1423755848491988e-06
0.6400000000000005,0.0,1.1313018764683121e-06
0.6410000000000005,0.0,1.1200255545916979e-06
0.6420000000000005,0.0,1.1085372568053444e-06
0.6430000000000005,0.0,1.0968288205410787e-06
0.6440000000000005,0.0,1.0848933491874114e-06
0.6450000000000005,0.0,1.0727252723644e-06
0.6460000000000005,0.0,1.0603203959643674e-06
0.6470000000000005,0.0,1.0476759452064675e-06
0.6480000000000005,0.0,1.0347905986388952e-06
0.6490000000000005,0.0,1.0216645130037647e-06
0.6500000000000005,0.0,1.0082993386692118e-06
0.6510000000000005,0.0,9.94698226969291e-07
0.6520000000000005,0.0,9.808658274451055e-07
0.6530000000000005,0.0,9.668082761549341e-07
0.6540000000000005,0.0,9.52533175031721e-07
0.6550000000000005,0.0,9.380495620136544e-07
0.6560000000000005,0.0,9.233678725270472e-07
0.6570000000000005,0.0,9.084998929356974e-07
0.6580000000000005,0.0,8.934587049915609e-07
0.6590000000000005,0.0,8.782586234607052e-07
0.6600000000000005,0.0,8.62915125282941e-07
0.6610000000000005,0.0,8.474447733347047e-07
0.6620000000000005,0.0,8.318651327438101e-07
0.6630000000000005,0.0,8.161946814496163e-07
0.6640000000000005,0.0,8.004527165615889e-07
0.6650000000000005,0.0,7.846592556519843e-07
0.6660000000000005,0.0,7.688349336589163e-07
0.6670000000000005,0.0,7.530008980902134e-07
0.6680000000000005,0.0,7.371787003569298e-07
0.6690000000000005,0.0,7.213901863506903e-07
0.6700000000000005,0.0,7.056573858502597e-07
0.6710000000000005,0.0,6.900024012031784e-07
0.6720000000000005,0.0,6.744472969248198e-07
0.6730000000000005,0.0,6.590139911773078e-07
0.6740000000000005,0.0,6.437241474184384e-07
0.6750000000000005,0.0,6.285990699199199e-07
0.6760000000000005,0.0,6.136596020921049e-07
0.6770000000000005,0.0,5.989260287312959e-07
0.6780000000000005,0.0,5.844179822151982e-07
0.6790000000000005,0.0,5.701543541141326e-07
0.6800000000000005,0.0,5.561532120812969e-07
0.6810000000000005,0.0,5.424317222367923e-07
0.6820000000000005,0.0,5.290060786623975e-07
0.6830000000000005,0.0,5.158914381907266e-07
0.6840000000000005,0.0,5.031018638012019e-07
0.6850000000000005,0.0,4.906502733938674e-07
0.6860000000000005,0.0,4.785483976797201e-07
0.6870000000000005,0.0,4.6680674433213435e-07
0.6880000000000005,0.0,4.554345700684884e-07
0.6890000000000005,0.0,4.444398609126214e-07
0.6900000000000005,0.0,4.338293192202653e-07
0.6910000000000005,0.0,4.2360835860653117e-07
0.6920000000000005,0.0,4.137811064296836e-07
0.6930000000000005,0.0,4.0435041377835753e-07
0.6940000000000005,0.0,3.953178712780373e-07
0.6950000000000005,0.0,3.866838330670982e-07
0.6960000000000005,0.0,3.784474458098071e-07
0.6970000000000005,0.0,3.706066851652751e-07
0.6980000000000005,0.0,3.631583967465183e-07
0.6990000000000005,0.0,3.5609834263991633e-07
0.7000000000000005,0.0,3.494212529427967e-07
0.7010000000000005,0.0,3.431208816234405e-07
0.7020000000000005,0.0,3.3719006518402854e-07
0.7030000000000005,0.0,3.3162078619357974e-07
0.7040000000000005,0.0,3.2640423791052387e-07
0.7050000000000005,0.0,3.2153089234876306e-07
0.7060000000000005,0.0,3.169905689615384e-07
0.7070000000000005,0.0,3.127725055629151e-07
0.7080000000000005,0.0,3.0886542846794375e-07
0.7090000000000005,0.0,3.052576238842777e-07
0.7100000000000005,0.0,3.0193700810944816e-07
0.7110000000000005,0.0,2.9889119731619983e-07
0.7120000000000005,0.0,2.961075753318525e-07
0.7130000000000005,0.0,2.935733602861951e-07
0.7140000000000005,0.0,2.912756685301723e-07
0.7150000000000005,0.0,2.8920157670933744e-07
0.7160000000000005,0.0,2.8733818000729713e-07
0.7170000000000005,0.0,2.856726478906661e-07
0.7180000000000005,0.0,2.841922766409949e-07
0.7190000000000005,0.0,2.828845379961278e-07
0.7200000000000005,0.0,2.8173712393093715e-07
0.7210000000000005,0.0,2.807379884775137e-07
0.7220000000000005,0.0,2.798753846811799e-07
0.7230000000000005,0.0,2.791378984048607e-07
0.7240000000000005,0.0,2.785144782466913e-07
0.7250000000000005,0.0,2.7799446160832223e-07
0.7260000000000005,0.0,2.775675969883727e-07
0.7270000000000005,0.0,2.772240627150309e-07
0.7280000000000005,0.0,2.769544831756873e-07
0.7290000000000005,0.0,2.767499405652587e-07
0.7300000000000005,0.0,2.766019843952463e-07
0.7310000000000005,0.0,2.7650263836558546e-07
0.7320000000000005,0.0,2.7644440375400437e-07
0.7330000000000005,0.0,2.7642026148219974e-07
0.7340000000000005,0.0,2.764236707992391e-07
0.7350000000000005,0.0,2.764485670055057e-07
0.7360000000000005,0.0,2.764893558973179e-07
0.7370000000000005,0.0,2.765409071037763e-07
0.7380000000000005,0.0,2.765985456279013e-07
0.7390000000000005,0.0,2.766580407795051e-07
0.7400000000000005,0.0,2.767155934942952e-07
0.7410000000000005,0.0,2.767678219073584e-07
0.7420000000000005,0.0,2.7681174399311524e-07
0.7430000000000005,0.0,2.7684475774853877e-07
0.7440000000000005,0.0,2.768646190608793e-07
0.7450000000000006,0.0,2.7686941528296603e-07
0.7460000000000006,0.0,2.768575361310883e-07
0.7470000000000006,0.0,2.768276395674011e-07
0.7480000000000006,0.0,2.7677861310549607e-07
0.7490000000000006,0.0,2.7670952975511344e-07
0.7500000000000006,0.0,2.766195980003836e-07
0.7510000000000006,0.0,2.765081047972149e-07
0.7520000000000006,0.0,2.763743510652821e-07
0.7530000000000006,0.0,2.762175800002409e-07
0.7540000000000006,0.0,2.760374441282584e-07
0.7550000000000006,0.0,2.7583465521863477e-07
0.7560000000000006,0.0,2.7561051975325724e-07
0.7570000000000006,0.0,2.7536631609556113e-07
0.7580000000000006,0.0,2.7510321959601997e-07
0.7590000000000006,0.0,2.748222389893079e-07
0.7600000000000006,0.0,2.7452416425403753e-07
0.7610000000000006,0.0,2.7420952426239057e-07
0.7620000000000006,0.0,2.7387855238629367e-07
0.7630000000000006,0.0,2.7353116013045076e-07
0.7640000000000006,0.0,2.7316691663014724e-07
0.7650000000000006,0.0,2.727850336728164e-07
0.7660000000000006,0.0,2.723843544794313e-07
0.7670000000000006,0.0,2.7196334682244196e-07
0.7680000000000006,0.0,2.7152009835442105e-07
0.7690000000000006,0.0,2.710523139398802e-07
0.7700000000000006,0.0,2.705573149327825e-07
0.7710000000000006,0.0,2.7003203976681954e-07
0.7720000000000006,0.0,2.6947304471792985e-07
0.7730000000000006,0.0,2.688765059564531e-07
0.7740000000000006,0.0,2.6823822195557554e-07
0.7750000000000006,0.0,2.675536165480923e-07
0.7760000000000006,0.0,2.668177419894729e-07
0.7770000000000006,0.0,2.660252830251486e-07
0.7780000000000006,0.0,2.6517056228526753e-07
0.7790000000000006,0.0,2.642475453223603e-07
0.7800000000000006,0.0,2.6324984819880796e-07
0.7810000000000006,0.0,2.6217074597099365e-07
0.7820000000000006,0.0,2.610031830340077e-07
0.7830000000000006,0.0,2.597397859397713e-07
0.7840000000000006,0.0,2.583728777516326e-07
0.7850000000000006,0.0,2.5689449616148987e-07
0.7860000000000006,0.0,2.552964138318121e-07
0.7870000000000006,0.0,2.535701620266451e-07
0.7880000000000006,0.0,2.51707057736325e-07
0.7890000000000006,0.0,2.496982345035919e-07
0.7900000000000006,0.0,2.475346764505364e-07
0.7910000000000006,0.0,2.452072560778878e-07
0.7920000000000006,0.0,2.4270677636935765e-07
0.7930000000000006,0.0,2.400240157828454e-07
0.7940000000000006,0.0,2.3714977736706153e-07
0.7950000000000006,0.0,2.3407494100634346e-07
0.7960000000000006,0.0,2.307905187642715e-07
0.7970000000000006,0.0,2.2728771330833326e-07
0.7980000000000006,0.0,2.2355797938942088e-07
0.7990000000000006,0.0,2.195930864458235e-07
0.8000000000000006,0.0,2.1538518369809395e-07
0.8010000000000006,0.0,2.109268668343499e-07
0.8020000000000006,0.0,2.0621124506678787e-07
0.8030000000000006,0.0,2.012320082009061e-07
0.8040000000000006,0.0,1.9598349437406323e-07
0.8050000000000006,0.0,1.9046075622161155e-07
0.8060000000000006,0.0,1.8465962542090023e-07
0.8070000000000006,0.0,1.7857677660795483e-07
0.8080000000000006,0.0,1.7220978626784947e-07
0.8090000000000006,0.0,1.6555719077207898e-07
0.8100000000000006,0.0,1.586185393338221e-07
0.8110000000000006,0.0,1.513944424097825e-07
0.8120000000000006,0.0,1.4388661603726305e-07
0.8130000000000006,0.0,1.3609792017389862e-07
0.8140000000000006,0.0,1.2803239063196679e-07
0.8150000000000006,0.0,1.196952658606898e-07
0.8160000000000006,0.0,1.1109300566728282e-07
0.8170000000000006,0.0,1.0223330364292339e-07
0.8180000000000006,0.0,9.312509186168459e-08
0.8190000000000006,0.0,8.377853757345053e-08
0.8200000000000006,0.0,7.420503278587678e-08
0.8210000000000006,0.0,6.441717502502306e-08
0.8220000000000006,0.0,5.4428740720198783e-08
0.8230000000000006,0.0,4.42546496592735e-08
0.8240000000000006,0.0,3.391092282122548e-08
0.8250000000000006,0.0,2.3414630695772936e-08
0.8260000000000006,0.0,1.2783835124107915e-08
0.8270000000000006,0.0,2.0375229351808777e-09
0.8280000000000006,0.0,-8.804466748416702e-09
0.8290000000000006,0.0,-1.9721522846012434e-08
0.8300000000000006,0.0,-3.069234882633769e-08
0.8310000000000006,0.0,-4.169505380056736e-08
0.8320000000000006,0.0,-5.270725123333941e-08
0.8330000000000006,0.0,-6.370616067575404e-08
0.8340000000000006,0.0,-7.466871350558817e-08
0.8350000000000006,0.0,-8.557166363989397e-08
0.8360000000000006,0.0,-9.63916997247308e-08
0.8370000000000006,0.0,-1.0710555952227942e-07
0.8380000000000006,0.0,-1.1769014599134935e-07
0.8390000000000006,0.0,-1.2812264391293552e-07
0.8400000000000006,0.0,-1.383806358022148e-07
0.8410000000000006,0.0,-1.4844221706581946e-07
0.8420000000000006,0.0,-1.5828610964760618e-07
0.8430000000000006,0.0,-1.6789177222435062e-07
0.8440000000000006,0.0,-1.7723950823534356e-07
0.8450000000000006,0.0,-1.8631056834042434e-07
0.8460000000000006,0.0,-1.9508724945912072e-07
0.8470000000000006,0.0,-2.0355298739078347e-07
0.8480000000000006,0.0,-2.1169244321520164e-07
0.8490000000000006,0.0,-2.1949158338952042e-07
0.8500000000000006,0.0,-2.2693775155143741e-07
0.8510000000000006,0.0,-2.3401973362868224e-07
0.8520000000000006,0.0,-2.4072781310766447e-07
0.8530000000000006,0.0,-2.470538184601123e-07
0.8540000000000006,0.0,-2.529911609519826e-07
0.8550000000000006,0.0,-2.5853486289304296e-07
0.8560000000000006,0.0,-2.636815764039965e-07
0.8570000000000007,0.0,-2.684295918565377e-07
0.8580000000000007,0.0,-2.727788369867023e-07
0.8590000000000007,0.0,-2.767308653370248e-07
0.8600000000000007,0.0,-2.8028883515290013e-07
0.8610000000000007,0.0,-2.834574782463457e-07
0.8620000000000007,0.0,-2.8624305905752183e-07
0.8630000000000007,0.0,-2.8865332474555424e-07
0.8640000000000007,0.0,-2.9069744583965807e-07
0.8650000000000007,0.0,-2.9238594815653386e-07
0.8660000000000007,0.0,-2.9373063646368744e-07
0.8670000000000007,0.0,-2.9474451024421824e-07
0.8680000000000007,0.0,-2.9544167239678155e-07
0.8690000000000007,0.0,-2.9583723111927065e-07
0.8700000000000007,0.0,-2.9594719488795135e-07
0.8710000000000007,0.0,-2.95788363554902e-07
0.8720000000000007,0.0,-2.9537821337610197e-07
0.8730000000000007,0.0,-2.9473477832130783e-07
0.8740000000000007,0.0,-2.938765283530222e-07
0.8750000000000007,0.0,-2.9282224519588525e-07
0.8760000000000007,0.0,-2.915908958062135e-07
0.8770000000000007,0.0,-2.9020150579463877e-07
0.8780000000000007,0.0,-2.886730324558462e-07
0.8790000000000007,0.0,-2.870242384895033e-07
0.8800000000000007,0.0,-2.8527356810927174e-07
0.8810000000000007,0.0,-2.8343902482766597e-07
0.8820000000000007,0.0,-2.8153805429693476e-07
0.8830000000000007,0.0,-2.7958743031797323e-07
0.8840000000000007,0.0,-2.7760314794434214e-07
0.8850000000000007,0.0,-2.756003220379886e-07
0.8860000000000007,0.0,-2.735930944640965e-07
0.8870000000000007,0.0,-2.715945493172836e-07
0.8880000000000007,0.0,-2.6961663915167675e-07
0.8890000000000007,0.0,-2.6767012142029206e-07
0.8900000000000007,0.0,-2.6576450745877947e-07
0.8910000000000007,0.0,-2.639080254598436e-07
0.8920000000000007,0.0,-2.6210759736455724e-07
0.8930000000000007,0.0,-2.603688328168327e-07
0.8940000000000007,0.0,-2.5869603950574737e-07
0.8950000000000007,0.0,-2.570922530651945e-07
0.8960000000000007,0.0,-2.5555928589360535e-07
0.8970000000000007,0.0,-2.54097799024473e-07
0.8980000000000007,0.0,-2.5270739550175e-07
0.8990000000000007,0.0,-2.5138673887888647e-07
0.9000000000000007,0.0,-2.501336971787609e-07
0.9010000000000007,0.0,-2.489455146266292e-07
0.9020000000000007,0.0,-2.478190122804569e-07
0.9030000000000007,0.0,-2.467508189944519e-07
0.9040000000000007,0.0,-2.457399045309952e-07
0.9050000000000007,0.0,-2.4469145972023397e-07
0.9060000000000007,0.0,-2.4360745157101245e-07
0.9070000000000007,0.0,-2.4248982297818534e-07
0.9080000000000007,0.0,-2.413407899974089e-07
0.9090000000000007,0.0,-2.401630968989684e-07
0.9100000000000007,0.0,-2.3896022862029636e-07
0.9110000000000007,0.0,-2.3773658687719477e-07
0.9120000000000007,0.0,-2.3649762890840038e-07
0.9130000000000007,0.0,-2.352499738636123e-07
0.9140000000000007,0.0,-2.340014783421801e-07
0.9150000000000007,0.0,-2.327612835337336e-07
0.9160000000000007,0.0,-2.315398355117227e-07
0.9170000000000007,0.0,-2.303488824938335e-07
0.9180000000000007,0.0,-2.2920144924561738e-07
0.9190000000000007,0.0,-2.2811179203978666e-07
0.9200000000000007,0.0,-2.270953344870005e-07
0.9210000000000007,0.0,-2.2616858936233826e-07
0.9220000000000007,0.0,-2.2534906356246662e-07
0.9230000000000007,0.0,-2.2465515191834414e-07
0.9240000000000007,0.0,-2.2410601950266852e-07
0.9250000000000007,0.0,-2.2372147524493985e-07
0.9260000000000007,0.0,-2.2352183632972205e-07
0.9270000000000007,0.0,-2.2352778804475e-07
0.9280000000000007,0.0,-2.2376023762747494e-07
0.9290000000000007,0.0,-2.2424016474242063e-07
0.9300000000000007,0.0,-2.2498847013666671e-07
0.9310000000000007,0.0,-2.2602582310963225e-07
0.9320000000000007,0.0,-2.2737250940045775e-07
0.9330000000000007,0.0,-2.290482807439284e-07
0.9340000000000007,0.0,-2.3107220610913945e-07
0.9350000000000007,0.0,-2.334625279921514e-07
0.9360000000000007,0.0,-2.3623652220832094e-07
0.9370000000000007,0.0,-2.394103630654557e-07
0.9380000000000007,0.0,-2.429989962537914e-07
0.9390000000000007,0.0,-2.47016017366652e-07
0.9400000000000007,0.0,-2.514735595922197e-07
0.9410000000000007,0.0,-2.5638218942920363e-07
0.9420000000000007,0.0,-2.6175081238411706e-07
0.9430000000000007,0.0,-2.675865876573132e-07
0.9440000000000007,0.0,-2.7389485388374886e-07
0.9450000000000007,0.0,-2.8067906587414027e-07
0.9460000000000007,0.0,-2.879407416719719e-07
0.9470000000000007,0.0,-2.9567942173876305e-07
0.9480000000000007,0.0,-3.0389264010376397e-07
0.9490000000000007,0.0,-3.1257590646464896e-07
0.9500000000000007,0.0,-3.2172270060828745e-07
0.9510000000000007,0.0,-3.3132447856213826e-07
0.9520000000000007,0.0,-3.4137069098586557e-07
0.9530000000000007,0.0,-3.5184881210067584e-07
0.9540000000000007,0.0,-3.6274438122769605e-07
0.9550000000000007,0.0,-3.7404105341431313e-07
0.9560000000000007,0.0,-3.857206635002237e-07
0.9570000000000007,0.0,-3.9776329731126394e-07
0.9580000000000007,0.0,-4.1014737452705863e-07
0.9590000000000007,0.0,-4.228497400414144e-07
0.9600000000000007,0.0,-4.358457630514725e-07
0.9610000000000007,0.0,-4.4910944536572106e-07
0.9620000000000007,0.0,-4.6261353505166784e-07
0.9630000000000007,0.0,-4.76329647762054e-07
0.9640000000000007,0.0,-4.902283926285113e-07
0.9650000000000007,0.0,-5.042795036298941e-07
0.9660000000000007,0.0,-5.184519738683644e-07
0.9670000000000007,0.0,-5.327141938316985e-07
0.9680000000000007,0.0,-5.470340907735803e-07
0.9690000000000007,0.0,-5.613792702170809e-07
0.9700000000000008,0.0,-5.757171576623058e-07
0.9710000000000008,0.0,-5.900151400668235e-07
0.9720000000000008,0.0,-6.042407051230507e-07
0.9730000000000008,0.0,-6.18361580387452e-07
0.9740000000000008,0.0,-6.323458673079998e-07
0.9750000000000008,0.0,-6.461621743213519e-07
0.9760000000000008,0.0,-6.597797431268539e-07
0.9770000000000008,0.0,-6.731685720396181e-07
0.9780000000000008,0.0,-6.862995326381533e-07
0.9790000000000008,0.0,-6.991444813374248e-07
0.9800000000000008,0.0,-7.116763629548906e-07
0.9810000000000008,0.0,-7.23869308647093e-07
0.9820000000000008,0.0,-7.356987253362135e-07
0.9830000000000008,0.0,-7.47141377602984e-07
0.9840000000000008,0.0,-7.581754615083603e-07
0.9850000000000008,0.0,-7.687806696557155e-07
0.9860000000000008,0.0,-7.789382482888227e-07
0.9870000000000008,0.0,-7.88631044773342e-07
0.9880000000000008,0.0,-7.978435469132232e-07
0.9890000000000008,0.0,-8.065619130169623e-07
0.9900000000000008,0.0,-8.147739941527754e-07
0.9910000000000008,0.0,-8.224693459154448e-07
0.9920000000000008,0.0,-8.29639233752808e-07
0.9930000000000008,0.0,-8.362766289531917e-07
0.9940000000000008,0.0,-8.423761957227073e-07
0.9950000000000008,0.0,-8.479342727870497e-07
0.9960000000000008,0.0,-8.529488454204343e-07
0.9970000000000008,0.0,-8.574195118277974e-07
0.9980000000000008,0.0,-8.61347441915141e-07
0.9990000000000008,0.0,-8.64735331115379e-07
1.0000000000000007,0.0,-8.675873473309144e-07
1.0010000000000006,0.0,-8.699090738150746e-07
1.0020000000000004,0.0,-8.717074461944116e-07
1.0030000000000003,0.0,-8.729906866091808e-07
1.0040000000000002,0.0,-8.737682333151921e-07
1.0050000000000001,0.0,-8.740506678669231e-07
1.006,0.0,-8.738496392656875e-07
1.007,0.0,-8.73177786248884e-07
1.0079999999999998,0.0,-8.720486586399041e-07
1.0089999999999997,0.0,-8.704766364777124e-07
1.0099999999999996,0.0,-8.684768496675468e-07
1.0109999999999995,0.0,-8.660650974389786e-07
1.0119999999999993,0.0,-8.632577679184042e-07
1.0129999999999992,0.0,-8.600717576241507e-07
1.0139999999999991,0.0,-8.565243935676097e-07
1.014999999999999,0.0,-8.526333557684703e-07
1.015999999999999,0.0,-8.484166014930336e-07
1.0169999999999988,0.0,-8.438922913613273e-07
1.0179999999999987,0.0,-8.390787180483096e-07
1.0189999999999986,0.0,-8.339942362187284e-07
1.0199999999999985,0.0,-8.286571960629163e-07
1.0209999999999984,0.0,-8.230858779020004e-07
1.0219999999999982,0.0,-8.17298430403722e-07
1.0229999999999981,0.0,-8.11312810557973e-07
1.023999999999998,0.0,-8.051467265757269e-07
1.024999999999998,0.0,-7.988175827432113e-07
1.0259999999999978,0.0,-7.923424273554815e-07
1.0269999999999977,0.0,-7.85737902014753e-07
1.0279999999999976,0.0,-7.790201942337092e-07
1.0289999999999975,0.0,-7.72204991424354e-07
1.0299999999999974,0.0,-7.653074373050872e-07
1.0309999999999973,0.0,-7.583420906201086e-07
1.0319999999999971,0.0,-7.513228854794092e-07
1.032999999999997,0.0,-7.442630946359464e-07
1.033999999999997,0.0,-7.371752940211701e-07
1.0349999999999968,0.0,-7.300713301425085e-07
1.0359999999999967,0.0,-7.229622903407544e-07
1.0369999999999966,0.0,-7.158584746159648e-07
1.0379999999999965,0.0,-7.087693721595002e-07
1.0389999999999964,0.0,-7.017036401783495e-07
1.0399999999999963,0.0,-6.946690871995714e-07
1.0409999999999962,0.0,-6.876726611137301e-07
1.041999999999996,0.0,-6.807204419969474e-07
1.042999999999996,0.0,-6.738176420108715e-07
1.0439999999999958,0.0,-6.669686110221417e-07
1.0449999999999957,0.0,-6.601768511856134e-07
1.0459999999999956,0.0,-6.534450405728557e-07
1.0469999999999955,0.0,-6.467750658419994e-07
1.0479999999999954,0.0,-6.401680684028468e-07
1.0489999999999953,0.0,-6.336245019484792e-07
1.0499999999999952,0.0,-6.271442051149008e-07
1.050999999999995,0.0,-6.207264890960641e-07
1.051999999999995,0.0,-6.143702441646378e-07
1.0529999999999948,0.0,-6.080740632583245e-07
1.0539999999999947,0.0,-6.018363873370687e-07
1.0549999999999946,0.0,-5.956561988351696e-07
1.0559999999999945,0.0,-5.895335721576835e-07
1.0569999999999944,0.0,-5.83469081501315e-07
1.0579999999999943,0.0,-5.774633854176873e-07
1.0589999999999942,0.0,-5.715173721907198e-07
1.059999999999994,0.0,-5.656322843197338e-07
1.060999999999994,0.0,-5.598098219934905e-07
1.0619999999999938,0.0,-5.540522290222174e-07
1.0629999999999937,0.0,-5.483623605922206e-07
1.0639999999999936,0.0,-5.427437366885276e-07
1.0649999999999935,0.0,-5.372005812438586e-07
1.0659999999999934,0.0,-5.317378477886625e-07
1.0669999999999933,0.0,-5.263612349958002e-07
1.0679999999999932,0.0,-5.210771914120215e-07
1.068999999999993,0.0,-5.158929108916537e-07
1.069999999999993,0.0,-5.108163208178177e-07
1.0709999999999928,0.0,-5.058560626999518e-07
1.0719999999999927,0.0,-5.01021465919451e-07
1.0729999999999926,0.0,-4.963225171890056e-07
1.0739999999999925,0.0,-4.917698237695755e-07
1.0749999999999924,0.0,-4.873745731286183e-07
1.0759999999999923,0.0,-4.831484879386717e-07
1.0769999999999922,0.0,-4.791037784561156e-07
1.077999999999992,0.0,-4.7525309064821267e-07
1.078999999999992,0.0,-4.7160945246472743e-07
1.0799999999999919,0.0,-4.681862165742633e-07
1.0809999999999917,0.0,-4.649970012737873e-07
1.0819999999999916,0.0,-4.620556290749161e-07
1.0829999999999915,0.0,-4.5937606278790585e-07
1.0839999999999914,0.0,-4.569723405174976e-07
1.0849999999999913,0.0,-4.5485850801321983e-07
1.0859999999999912,0.0,-4.5304855022112825e-07
1.086999999999991,0.0,-4.515563203974636e-07
1.087999999999991,0.0,-4.503954691634457e-07
1.0889999999999909,0.0,-4.495793715937128e-07
1.0899999999999908,0.0,-4.4912105325551654e-07
1.0909999999999906,0.0,-4.490331161865842e-07
1.0919999999999905,0.0,-4.493276641567452e-07
1.0929999999999904,0.0,-4.5001622743766e-07
1.0939999999999903,0.0,-4.5110968806897453e-07
1.0949999999999902,0.0,-4.526182050915443e-07
1.09599999999999,0.0,-4.5455114096121236e-07
1.09699999999999,0.0,-4.569169886010252e-07
1.0979999999999899,0.0,-4.597233002588564e-07
1.0989999999999898,0.0,-4.6297661786789044e-07
1.0999999999999897,0.0,-4.6668240612303957e-07
1.1009999999999895,0.0,-4.708449875768157e-07
1.1019999999999894,0.0,-4.754674814917357e-07
1.1029999999999893,0.0,-4.80551746062327e-07
1.1039999999999892,0.0,-4.860983243492106e-07
1.104999999999989,0.0,-4.92106394477667e-07
1.105999999999989,0.0,-4.985737259373797e-07
1.1069999999999889,0.0,-5.0549663907066e-07
1.1079999999999888,0.0,-5.128699724623181e-07
1.1089999999999887,0.0,-5.206870545191006e-07
1.1099999999999886,0.0,-5.289396828635064e-07
1.1109999999999884,0.0,-5.376181095258193e-07
1.1119999999999883,0.0,-5.467110335825219e-07
1.1129999999999882,0.0,-5.562056014732507e-07
1.113999999999988,0.0,-5.660874140553063e-07
1.114999999999988,0.0,-5.763405421574936e-07
1.115999999999988,0.0,-5.869475498446109e-07
1.1169999999999878,0.0,-5.978895255218379e-07
1.1179999999999877,0.0,-6.091461210288564e-07
1.1189999999999876,0.0,-6.206955995782486e-07
1.1199999999999875,0.0,-6.325148908900038e-07
1.1209999999999873,0.0,-6.445796543223467e-07
1.1219999999999872,0.0,-6.568643504689637e-07
1.1229999999999871,0.0,-6.693423195118971e-07
1.123999999999987,0.0,-6.819858679865048e-07
1.124999999999987,0.0,-6.947663612870066e-07
1.1259999999999868,0.0,-7.07654323909847e-07
1.1269999999999867,0.0,-7.206195455924194e-07
1.1279999999999866,0.0,-7.336311930466599e-07
1.1289999999999865,0.0,-7.466579275130868e-07
1.1299999999999863,0.0,-7.596680269481433e-07
1.1309999999999862,0.0,-7.726295115910209e-07
1.1319999999999861,0.0,-7.855102746560953e-07
1.132999999999986,0.0,-7.982782143746856e-07
1.133999999999986,0.0,-8.109013691561422e-07
1.1349999999999858,0.0,-8.233480538998525e-07
1.1359999999999857,0.0,-8.355869972474085e-07
1.1369999999999856,0.0,-8.475874778929656e-07
1.1379999999999855,0.0,-8.593194616090134e-07
1.1389999999999854,0.0,-8.707537352351433e-07
1.1399999999999852,0.0,-8.818620387782587e-07
1.1409999999999851,0.0,-8.926171943769887e-07
1.141999999999985,0.0,-9.029932309052992e-07
1.142999999999985,0.0,-9.129655042457562e-07
1.1439999999999848,0.0,-9.225108111570103e-07
1.1449999999999847,0.0,-9.31607497719292e-07
1.1459999999999846,0.0,-9.402355600429167e-07
1.1469999999999845,0.0,-9.4837673779385e-07
1.1479999999999844,0.0,-9.560145984773628e-07
1.1489999999999843,0.0,-9.631346139122475e-07
1.1499999999999841,0.0,-9.697242262521088e-07
1.150999999999984,0.0,-9.757729041859923e-07
1.151999999999984,0.0,-9.812721892261481e-07
1.1529999999999838,0.0,-9.862157301359154e-07
1.1539999999999837,0.0,-9.905993071813002e-07
1.1549999999999836,0.0,-9.944208441489168e-07
1.1559999999999835,0.0,-9.976804096821374e-07
1.1569999999999834,0.0,-1.0003802063465607e-06
1.1579999999999833,0.0,-1.0025245478314873e-06
1.1589999999999832,0.0,-1.0041198248472212e-06
1.159999999999983,0.0,-1.0051744597585355e-06
1.160999999999983,0.0,-1.0056988493236842e-06
1.1619999999999828,0.0,-1.005705296337525e-06
1.1629999999999827,0.0,-1.005207931063342e-06
1.1639999999999826,0.0,-1.004222622006754e-06
1.1649999999999825,0.0,-1.0027668766129241e-06
1.1659999999999824,0.0,-1.0008597333578295e-06
1.1669999999999823,0.0,-9.985216435891266e-07
1.1679999999999822,0.0,-9.957743476535957e-07
1.168999999999982,0.0,-9.926407411668775e-07
1.169999999999982,0.0,-9.891447360118793e-07
1.1709999999999818,0.0,-9.853111155607806e-07
1.1719999999999817,0.0,-9.811653842428948e-07
1.1729999999999816,0.0,-9.767336136449592e-07
1.1739999999999815,0.0,-9.720422849333105e-07
1.1749999999999814,0.0,-9.67118129346956e-07
1.1759999999999813,0.0,-9.61987967481482e-07
1.1769999999999812,0.0,-9.5667854874091e-07
1.177999999999981,0.0,-9.512163909690193e-07
1.178999999999981,0.0,-9.456276229266809e-07
1.1799999999999808,0.0,-9.399378291457339e-07
1.1809999999999807,0.0,-9.341719001697578e-07
1.1819999999999806,0.0,-9.283538873073352e-07
1.1829999999999805,0.0,-9.22506865429434e-07
1.1839999999999804,0.0,-9.166528026444026e-07
1.1849999999999803,0.0,-9.108124404538798e-07
1.1859999999999802,0.0,-9.050051839488436e-07
1.18699999999998,0.0,-8.992490052194943e-07
1.18799999999998,0.0,-8.935603593144799e-07
1.1889999999999799,0.0,-8.879541157864757e-07
1.1899999999999797,0.0,-8.824435077073785e-07
1.1909999999999796,0.0,-8.770400965556299e-07
1.1919999999999795,0.0,-8.717537596196713e-07
1.1929999999999794,0.0,-8.665926962139126e-07
1.1939999999999793,0.0,-8.615634583121135e-07
1.1949999999999792,0.0,-8.566710040598125e-07
1.195999999999979,0.0,-8.519187794433113e-07
1.196999999999979,0.0,-8.473088251526592e-07
1.1979999999999789,0.0,-8.428419147386872e-07
1.1989999999999787,0.0,-8.38517722141775e-07
1.1999999999999786,0.0,-8.343350234301379e-07
1.2009999999999785,0.0,-8.302919306576812e-07
1.2019999999999784,0.0,-8.263861638534841e-07
1.2029999999999783,0.0,-8.226153591165604e-07
1.2039999999999782,0.0,-8.18977416599804e-07
1.204999999999978,0.0,-8.154718084953273e-07
1.205999999999978,0.0,-8.119373475910637e-07
1.2069999999999779,0.0,-8.083705945564558e-07
1.2079999999999778,0.0,-8.04768033169955e-07
1.2089999999999776,0.0,-8.011263288930809e-07
1.2099999999999775,0.0,-7.974425538303853e-07
1.2109999999999774,0.0,-7.937143791497793e-07
1.2119999999999773,0.0,-7.8994023582363e-07
1.2129999999999772,0.0,-7.861194485932413e-07
1.213999999999977,0.0,-7.822523412833928e-07
1.214999999999977,0.0,-7.783403185112497e-07
1.2159999999999769,0.0,-7.743859239987562e-07
1.2169999999999768,0.0,-7.703928768358756e-07
1.2179999999999767,0.0,-7.66366088531117e-07
1.2189999999999765,0.0,-7.623116609610013e-07
1.2199999999999764,0.0,-7.582368688646845e-07
1.2209999999999763,0.0,-7.541501260844547e-07
1.2219999999999762,0.0,-7.500609385333321e-07
1.222999999999976,0.0,-7.459798447386539e-07
1.223999999999976,0.0,-7.419183449813567e-07
1.2249999999999759,0.0,-7.37888821464302e-07
1.2259999999999758,0.0,-7.339044495192178e-07
1.2269999999999757,0.0,-7.299791011715278e-07
1.2279999999999756,0.0,-7.261272438651881e-07
1.2289999999999754,0.0,-7.223638322219248e-07
1.2299999999999753,0.0,-7.187041976191942e-07
1.2309999999999752,0.0,-7.151639335212056e-07
1.2319999999999751,0.0,-7.117587790351506e-07
1.232999999999975,0.0,-7.085045018083613e-07
1.233999999999975,0.0,-7.054167798345481e-07
1.2349999999999748,0.0,-7.02511084200713e-07
1.2359999999999747,0.0,-6.998025630235191e-07
1.2369999999999746,0.0,-6.973059278027498e-07
1.2379999999999745,0.0,-6.950353415336621e-07
1.2389999999999743,0.0,-6.930043120432282e-07
1.2399999999999742,0.0,-6.912255870901101e-07
1.2409999999999741,0.0,-6.897110568469024e-07
1.241999999999974,0.0,-6.884716594190457e-07
1.242999999999974,0.0,-6.875172936875327e-07
1.2439999999999738,0.0,-6.868567382616664e-07
1.2449999999999737,0.0,-6.864975770151149e-07
1.2459999999999736,0.0,-6.864461321215509e-07
1.2469999999999735,0.0,-6.867074056050836e-07
1.2479999999999734,0.0,-6.872850272435529e-07
1.2489999999999732,0.0,-6.881812133572155e-07
1.2499999999999731,0.0,-6.893967318267542e-07
1.250999999999973,0.0,-6.909308778674792e-07
1.251999999999973,0.0,-6.927814581668421e-07
1.2529999999999728,0.0,-6.949447837538265e-07
1.2539999999999727,0.0,-6.974156728661797e-07
1.2549999999999726,0.0,-7.001874627319244e-07
1.2559999999999725,0.0,-7.03252030059669e-07
1.2569999999999724,0.0,-7.065998209050195e-07
1.2579999999999723,0.0,-7.102198889996091e-07
1.2589999999999721,0.0,-7.14099943029448e-07
1.259999999999972,0.0,-7.182264010840414e-07
1.260999999999972,0.0,-7.225844542470586e-07
1.2619999999999718,0.0,-7.271581358131062e-07
1.2629999999999717,0.0,-7.319303991738328e-07
1.2639999999999716,0.0,-7.368832004506416e-07
1.2649999999999715,0.0,-7.419975877424956e-07
1.2659999999999714,0.0,-7.472537952058466e-07
1.2669999999999713,0.0,-7.526313416979415e-07
1.2679999999999712,0.0,-7.581091333524782e-07
1.268999999999971,0.0,-7.636655685267653e-07
1.269999999999971,0.0,-7.692786464937316e-07
1.2709999999999708,0.0,-7.749260764653008e-07
1.2719999999999707,0.0,-7.805853884385633e-07
1.2729999999999706,0.0,-7.862340439943537e-07
1.2739999999999705,0.0,-7.918495466069671e-07
1.2749999999999704,0.0,-7.974095510113975e-07
1.2759999999999703,0.0,-8.028919697076912e-07
1.2769999999999702,0.0,-8.082750790034006e-07
1.27799999999997,0.0,-8.135376193977754e-07
1.27899999999997,0.0,-8.186588936845481e-07
1.2799999999999698,0.0,-8.236188607189715e-07
1.2809999999999697,0.0,-8.28398223322375e-07
1.2819999999999696,0.0,-8.329785118910557e-07
1.2829999999999695,0.0,-8.373421608169822e-07
1.2839999999999694,0.0,-8.414725804677348e-07
1.2849999999999693,0.0,-8.453542204426735e-07
1.2859999999999692,0.0,-8.489726276891894e-07
1.286999999999969,0.0,-8.523144960743963e-07
1.287999999999969,0.0,-8.553677098690781e-07
1.2889999999999688,0.0,-8.581213787468648e-07
1.2899999999999687,0.0,-8.605658652870676e-07
1.2909999999999686,0.0,-8.626928052327776e-07
1.2919999999999685,0.0,-8.644951204473231e-07
1.2929999999999684,0.0,-8.659670227906383e-07
1.2939999999999683,0.0,-8.67104012789699e-07
1.2949999999999682,0.0,-8.679028691684121e-07
1.295999999999968,0.0,-8.683616327084375e-07
1.296999999999968,0.0,-8.684795825363834e-07
1.2979999999999678,0.0,-8.682572065841769e-07
1.2989999999999677,0.0,-8.676961654943856e-07
1.2999999999999676,0.0,-8.667992516953739e-07
1.3009999999999675,0.0,-8.655703423791411e-07
1.3019999999999674,0.0,-8.640143478003206e-07
1.3029999999999673,0.0,-8.621371564273941e-07
1.3039999999999672,0.0,-8.599455748159378e-07
1.304999999999967,0.0,-8.574472652226915e-07
1.305999999999967,0.0,-8.546506800992161e-07
1.3069999999999669,0.0,-8.515649946187331e-07
1.3079999999999667,0.0,-8.482000376197854e-07
1.3089999999999666,0.0,-8.445662208376713e-07
1.3099999999999665,0.0,-8.406744685615571e-07
1.3109999999999664,0.0,-8.365361465892963e-07
1.3119999999999663,0.0,-8.321629916302567e-07
1.3129999999999662,0.0,-8.27567041713297e-07
1.313999999999966,0.0,-8.227605687154575e-07
1.314999999999966,0.0,-8.177560110500049e-07
1.3159999999999659,0.0,-8.125659102636724e-07
1.3169999999999658,0.0,-8.072028491266233e-07
1.3179999999999656,0.0,-8.0167939311836e-07
1.3189999999999655,0.0,-7.960080342887885e-07
1.3199999999999654,0.0,-7.902011396963465e-07
1.3209999999999653,0.0,-7.842709023245052e-07
1.3219999999999652,0.0,-7.782292959667386e-07
1.322999999999965,0.0,-7.720880344345856e-07
1.323999999999965,0.0,-7.658585335989571e-07
1.3249999999999649,0.0,-7.59551878028937e-07
1.3259999999999648,0.0,-7.531787913556765e-07
1.3269999999999647,0.0,-7.467496099539227e-07
1.3279999999999645,0.0,-7.402742609379391e-07
1.3289999999999644,0.0,-7.337622428060595e-07
1.3299999999999643,0.0,-7.272226102427013e-07
1.3309999999999642,0.0,-7.206639618069314e-07
1.331999999999964,0.0,-7.140944303763803e-07
1.332999999999964,0.0,-7.075216767105874e-07
1.3339999999999639,0.0,-7.009528856378181e-07
1.3349999999999638,0.0,-6.94394764275331e-07
1.3359999999999637,0.0,-6.878535434012367e-07
1.3369999999999636,0.0,-6.813349797369338e-07
1.3379999999999634,0.0,-6.748443614535562e-07
1.3389999999999633,0.0,-6.683865145286168e-07
1.3399999999999632,0.0,-6.619658119111488e-07
1.340999999999963,0.0,-6.555861839478239e-07
1.341999999999963,0.0,-6.492511311780243e-07
1.342999999999963,0.0,-6.429637391546743e-07
1.3439999999999628,0.0,-6.36726695502381e-07
1.3449999999999627,0.0,-6.305423092709524e-07
1.3459999999999626,0.0,-6.244125340456786e-07
1.3469999999999624,0.0,-6.183389932592928e-07
1.3479999999999623,0.0,-6.12323010088149e-07
1.3489999999999622,0.0,-6.063656410668564e-07
1.3499999999999621,0.0,-6.004677147185461e-07
1.350999999999962,0.0,-5.946298759980939e-07
1.351999999999962,0.0,-5.888526356525187e-07
1.3529999999999618,0.0,-5.831364277916694e-07
1.3539999999999617,0.0,-5.774816735509548e-07
1.3549999999999616,0.0,-5.718888533986318e-07
1.3559999999999615,0.0,-5.663580471534337e-07
1.3569999999999613,0.0,-5.608882911144958e-07
1.3579999999999612,0.0,-5.554780353103256e-07
1.3589999999999611,0.0,-5.501257588318013e-07
1.359999999999961,0.0,-5.448300449471088e-07
1.360999999999961,0.0,-5.395896440589643e-07
1.3619999999999608,0.0,-5.34403526078707e-07
1.3629999999999607,0.0,-5.292709230792946e-07
1.3639999999999606,0.0,-5.241913633359227e-07
1.3649999999999605,0.0,-5.191646976225782e-07
1.3659999999999604,0.0,-5.141911200536497e-07
1.3669999999999602,0.0,-5.092711828411613e-07
1.3679999999999601,0.0,-5.044058074914103e-07
1.36899999999996,0.0,-4.995962920242573e-07
1.36999999999996,0.0,-4.948443156782859e-07
1.3709999999999598,0.0,-4.901519406461305e-07
1.3719999999999597,0.0,-4.855216144068217e-07
1.3729999999999596,0.0,-4.809561680978423e-07
1.3739999999999595,0.0,-4.764588160756613e-07
1.3749999999999594,0.0,-4.720331536736891e-07
1.3759999999999593,0.0,-4.676831555555279e-07
1.3769999999999591,0.0,-4.6341317189237166e-07
1.377999999999959,0.0,-4.592279257225304e-07
1.378999999999959,0.0,-4.551325088062159e-07
1.3799999999999588,0.0,-4.511323767332323e-07
1.3809999999999587,0.0,-4.472333430948528e-07
1.3819999999999586,0.0,-4.4344157229314957e-07
1.3829999999999585,0.0,-4.3976357160531335e-07
1.3839999999999584,0.0,-4.3620618007892544e-07
1.3849999999999583,0.0,-4.3277655617704597e-07
1.3859999999999582,0.0,-4.294821633243508e-07
1.386999999999958,0.0,-4.263307517479062e-07
1.387999999999958,0.0,-4.2333033836018157e-07
1.3889999999999578,0.0,-4.204891828059296e-07
1.3899999999999577,0.0,-4.1781576058420655e-07
1.3909999999999576,0.0,-4.1531873232957803e-07
1.3919999999999575,0.0,-4.1300690928290723e-07
1.3929999999999574,0.0,-4.108892160001849e-07
1.3939999999999573,0.0,-4.0897464795496386e-07
1.3949999999999572,0.0,-4.07272226501411e-07
1.395999999999957,0.0,-4.057909500247549e-07
1.396999999999957,0.0,-4.045397413994532e-07
1.3979999999999568,0.0,-4.035273927060345e-07
1.3989999999999567,0.0,-4.027625065078743e-07
1.3999999999999566,0.0,-4.022534351161554e-07
1.4009999999999565,0.0,-4.020082169152782e-07
1.4019999999999564,0.0,-4.0203451180300964e-07
1.4029999999999563,0.0,-4.0233953460598e-07
1.4039999999999562,0.0,-4.0292998767621634e-07
1.404999999999956,0.0,-4.038119938620022e-07
1.405999999999956,0.0,-4.049910284934497e-07
1.4069999999999558,0.0,-4.0647185385102217e-07
1.4079999999999557,0.0,-4.082584537473582e-07
1.4089999999999556,0.0,-4.1035397037653205e-07
1.4099999999999555,0.0,-4.1276064455202953e-07
1.4109999999999554,0.0,-4.1547975825666896e-07
1.4119999999999553,0.0,-4.185115814043166e-07
1.4129999999999552,0.0,-4.2185532364707644e-07
1.413999999999955,0.0,-4.255090893393714e-07
1.414999999999955,0.0,-4.294698403309901e-07
1.4159999999999549,0.0,-4.337333624077388e-07
1.4169999999999547,0.0,-4.3829424017253555e-07
1.4179999999999546,0.0,-4.431458370914277e-07
1.4189999999999545,0.0,-4.482802836988568e-07
1.4199999999999544,0.0,-4.5368847249738637e-07
1.4209999999999543,0.0,-4.5936006137054956e-07
1.4219999999999542,0.0,-4.6528348437979383e-07
1.422999999999954,0.0,-4.71445970276087e-07
1.423999999999954,0.0,-4.778335696850245e-07
1.4249999999999539,0.0,-4.844311902942757e-07
1.4259999999999537,0.0,-4.91222639334234e-07
1.4269999999999536,0.0,-4.981906751899012e-07
1.4279999999999535,0.0,-5.053170654815315e-07
1.4289999999999534,0.0,-5.125826531359879e-07
1.4299999999999533,0.0,-5.199674297760498e-07
1.4309999999999532,0.0,-5.274506157826001e-07
1.431999999999953,0.0,-5.350107462095691e-07
1.432999999999953,0.0,-5.426257632601518e-07
1.4339999999999529,0.0,-5.502731136857081e-07
1.4349999999999528,0.0,-5.579298509982063e-07
1.4359999999999526,0.0,-5.655727417953633e-07
1.4369999999999525,0.0,-5.731783756613052e-07
1.4379999999999524,0.0,-5.807232778716059e-07
1.4389999999999523,0.0,-5.881840233192748e-07
1.4399999999999522,0.0,-5.955373539004385e-07
1.440999999999952,0.0,-6.027602935011996e-07
1.441999999999952,0.0,-6.098302648541174e-07
1.4429999999999519,0.0,-6.167252050185083e-07
1.4439999999999518,0.0,-6.234236781177473e-07
1.4449999999999517,0.0,-6.299049865909994e-07
1.4459999999999515,0.0,-6.361492783373481e-07
1.4469999999999514,0.0,-6.421376500717481e-07
1.4479999999999513,0.0,-6.478522457188837e-07
1.4489999999999512,0.0,-6.532763493746992e-07
1.449999999999951,0.0,-6.58394471610178e-07
1.450999999999951,0.0,-6.631924298839291e-07
1.4519999999999509,0.0,-6.676574203560342e-07
1.4529999999999508,0.0,-6.717780821194698e-07
1.4539999999999507,0.0,-6.755445540872319e-07
1.4549999999999506,0.0,-6.789485212043575e-07
1.4559999999999504,0.0,-6.819832524980508e-07
1.4569999999999503,0.0,-6.84643629947436e-07
1.4579999999999502,0.0,-6.869261662972449e-07
1.4589999999999501,0.0,-6.888290147510285e-07
1.45999999999995,0.0,-6.903519669868957e-07
1.46099999999995,0.0,-6.914964419754374e-07
1.4619999999999498,0.0,-6.922654652134187e-07
1.4629999999999497,0.0,-6.926636371420551e-07
1.4639999999999496,0.0,-6.926970927151969e-07
1.4649999999999495,0.0,-6.923734508613881e-07
1.4659999999999493,0.0,-6.917017554188086e-07
1.4669999999999492,0.0,-6.906924075024783e-07
1.4679999999999491,0.0,-6.893570882559982e-07
1.468999999999949,0.0,-6.877086756615946e-07
1.469999999999949,0.0,-6.857611521171549e-07
1.4709999999999488,0.0,-6.835295069383591e-07
1.4719999999999487,0.0,-6.810296316540217e-07
1.4729999999999486,0.0,-6.782782103400368e-07
1.4739999999999485,0.0,-6.752926049156683e-07
1.4749999999999484,0.0,-6.720907367889179e-07
1.4759999999999482,0.0,-6.686909643616164e-07
1.4769999999999481,0.0,-6.651119595449076e-07
1.477999999999948,0.0,-6.613725807659094e-07
1.478999999999948,0.0,-6.574917464692695e-07
1.4799999999999478,0.0,-6.534883082030783e-07
1.4809999999999477,0.0,-6.493809240569567e-07
1.4819999999999476,0.0,-6.451879348913027e-07
1.4829999999999475,0.0,-6.409272424020194e-07
1.4839999999999474,0.0,-6.366161913170801e-07
1.4849999999999473,0.0,-6.322714560199714e-07
1.4859999999999471,0.0,-6.27908933042874e-07
1.486999999999947,0.0,-6.235436400338833e-07
1.487999999999947,0.0,-6.191896226346227e-07
1.4889999999999468,0.0,-6.148598701591369e-07
1.4899999999999467,0.0,-6.105662409424167e-07
1.4909999999999466,0.0,-6.063193997345546e-07
1.4919999999999465,0.0,-6.021287658310524e-07
1.4929999999999464,0.0,-5.980024768247072e-07
1.4939999999999463,0.0,-5.939473647301878e-07
1.4949999999999461,0.0,-5.899689503673214e-07
1.495999999999946,0.0,-5.860714536609437e-07
1.496999999999946,0.0,-5.822578230412686e-07
1.4979999999999458,0.0,-5.785297854692229e-07
1.4989999999999457,0.0,-5.748879169242537e-07
1.4999999999999456,0.0,-5.713317363794196e-07
1.5009999999999455,0.0,-5.678598243971357e-07
1.5019999999999454,0.0,-5.644699669380883e-07
1.5029999999999453,0.0,-5.611593271074584e-07
1.5039999999999452,0.0,-5.579246456452484e-07
1.504999999999945,0.0,-5.547624725854182e-07
1.505999999999945,0.0,-5.516716795459375e-07
1.5069999999999448,0.0,-5.485575143116882e-07
1.5079999999999447,0.0,-5.454218299913581e-07
1.5089999999999446,0.0,-5.422664573051463e-07
1.5099999999999445,0.0,-5.390935029921782e-07
1.5109999999999444,0.0,-5.359056039904952e-07
1.5119999999999443,0.0,-5.327061408147876e-07
1.5129999999999442,0.0,-5.294994121439185e-07
1.513999999999944,0.0,-5.262907745867896e-07
1.514999999999944,0.0,-5.23086748779261e-07
1.5159999999999438,0.0,-5.1989509443379e-07
1.5169999999999437,0.0,-5.167248576366675e-07
1.5179999999999436,0.0,-5.135863913495427e-07
1.5189999999999435,0.0,-5.104913519379652e-07
1.5199999999999434,0.0,-5.074526743094903e-07
1.5209999999999433,0.0,-5.044845256794025e-07
1.5219999999999432,0.0,-5.016022429539113e-07
1.522999999999943,0.0,-4.988222526476921e-07
1.523999999999943,0.0,-4.961619770524797e-07
1.5249999999999428,0.0,-4.936397274883091e-07
1.5259999999999427,0.0,-4.912745869258608e-07
1.5269999999999426,0.0,-4.890862827180623e-07
1.5279999999999425,0.0,-4.870950519833808e-07
1.5289999999999424,0.0,-4.853215005106799e-07
1.5299999999999423,0.0,-4.837864573464927e-07
1.5309999999999422,0.0,-4.825108243758496e-07
1.531999999999942,0.0,-4.815154254939436e-07
1.532999999999942,0.0,-4.80820854034752e-07
1.5339999999999419,0.0,-4.804473204861514e-07
1.5349999999999417,0.0,-4.804145014600911e-07
1.5359999999999416,0.0,-4.807413922921072e-07
1.5369999999999415,0.0,-4.814461619393755e-07
1.5379999999999414,0.0,-4.825460127405245e-07
1.5389999999999413,0.0,-4.840570471072913e-07
1.5399999999999412,0.0,-4.859941383205393e-07
1.540999999999941,0.0,-4.883708106221081e-07
1.541999999999941,0.0,-4.911991259392542e-07
1.5429999999999409,0.0,-4.944895802519298e-07
1.5439999999999408,0.0,-4.982510083791224e-07
1.5449999999999406,0.0,-5.024904996416892e-07
1.5459999999999405,0.0,-5.072133230116078e-07
1.5469999999999404,0.0,-5.124228636958901e-07
1.5479999999999403,0.0,-5.181205705249527e-07
1.5489999999999402,0.0,-5.243059154058548e-07
1.54999999999994,0.0,-5.309763633564775e-07
1.55099999999994,0.0,-5.381273558839154e-07
1.5519999999999399,0.0,-5.457523043712342e-07
1.5529999999999398,0.0,-5.538425972126599e-07
1.5539999999999397,0.0,-5.623876169661892e-07
1.5549999999999395,0.0,-5.713747705235783e-07
1.5559999999999394,0.0,-5.807895293356226e-07
1.5569999999999393,0.0,-5.906154819155274e-07
1.5579999999999392,0.0,-6.008343954310632e-07
1.558999999999939,0.0,-6.114262892603271e-07
1.559999999999939,0.0,-6.223695163124866e-07
1.5609999999999389,0.0,-6.336408547001891e-07
1.5619999999999388,0.0,-6.452156075449498e-07
1.5629999999999387,0.0,-6.570677102684387e-07
1.5639999999999386,0.0,-6.691698449514496e-07
1.5649999999999384,0.0,-6.814935614156057e-07
1.5659999999999383,0.0,-6.940094031878169e-07
1.5669999999999382,0.0,-7.066870387582957e-07
1.567999999999938,0.0,-7.194953959299116e-07
1.568999999999938,0.0,-7.32402799930665e-07
1.569999999999938,0.0,-7.453771131570379e-07
1.5709999999999378,0.0,-7.583858766840591e-07
1.5719999999999377,0.0,-7.713964514888754e-07
1.5729999999999376,0.0,-7.843761600167989e-07
1.5739999999999374,0.0,-7.972924263436962e-07
1.5749999999999373,0.0,-8.101129140069081e-07
1.5759999999999372,0.0,-8.228056611457559e-07
1.5769999999999371,0.0,-8.353392128569623e-07
1.577999999999937,0.0,-8.476827479807218e-07
1.578999999999937,0.0,-8.598062020874279e-07
1.5799999999999368,0.0,-8.716803846744189e-07
1.5809999999999367,0.0,-8.832770898573243e-07
1.5819999999999366,0.0,-8.945692010417414e-07
1.5829999999999365,0.0,-9.055307876957356e-07
1.5839999999999363,0.0,-9.161371959907048e-07
1.5849999999999362,0.0,-9.26365129798583e-07
1.5859999999999361,0.0,-9.361927249745398e-07
1.586999999999936,0.0,-9.455996142388797e-07
1.587999999999936,0.0,-9.54566984484956e-07
1.5889999999999358,0.0,-9.630776239725177e-07
1.5899999999999357,0.0,-9.71115961788181e-07
1.5909999999999356,0.0,-9.786680982640423e-07
1.5919999999999355,0.0,-9.857218266112909e-07
1.5929999999999354,0.0,-9.922666453086154e-07
1.5939999999999352,0.0,-9.98293763066459e-07
1.5949999999999351,0.0,-1.0037960944950292e-06
1.595999999999935,0.0,-1.0087682485572587e-06
1.596999999999935,0.0,-1.013206508331444e-06
1.5979999999999348,0.0,-1.0171088045138156e-06
1.5989999999999347,0.0,-1.0204746808581073e-06
1.5999999999999346,0.0,-1.0233052537806854e-06
1.6009999999999345,0.0,-1.025603165373838e-06
1.6019999999999344,0.0,-1.027372530973206e-06
1.6029999999999343,0.0,-1.0286188817107385e-06
1.6039999999999341,0.0,-1.029349101678593e-06
1.604999999999934,0.0,-1.0295713620193955e-06
1.605999999999934,0.0,-1.0292950506762784e-06
1.6069999999999338,0.0,-1.0285306991697152e-06
1.6079999999999337,0.0,-1.0272899074154102e-06
1.6089999999999336,0.0,-1.0255852651602391e-06
1.6099999999999335,0.0,-1.0234302741965798e-06
1.6109999999999334,0.0,-1.0208392666937413e-06
1.6119999999999333,0.0,-1.01782732589544e-06
1.6129999999999332,0.0,-1.0144102042672295e-06
1.613999999999933,0.0,-1.0106042437926375e-06
1.614999999999933,0.0,-1.0064262956131657e-06
1.6159999999999328,0.0,-1.0018936417453725e-06
1.6169999999999327,0.0,-9.970239177323557e-07
1.6179999999999326,0.0,-9.918350371389241e-07
1.6189999999999325,0.0,-9.863451169325964e-07
1.6199999999999324,0.0,-9.805724065688568e-07
1.6209999999999323,0.0,-9.745352186047908e-07
1.6219999999999322,0.0,-9.682518607172018e-07
1.622999999999932,0.0,-9.617405717629323e-07
1.623999999999932,0.0,-9.550194590119162e-07
1.6249999999999318,0.0,-9.481064387216381e-07
1.6259999999999317,0.0,-9.410191784060646e-07
1.6269999999999316,0.0,-9.337750424610043e-07
1.6279999999999315,0.0,-9.263910391126521e-07
1.6289999999999314,0.0,-9.18883770547414e-07
1.6299999999999313,0.0,-9.11269385046162e-07
1.6309999999999312,0.0,-9.035635311358869e-07
1.631999999999931,0.0,-8.95781313826976e-07
1.632999999999931,0.0,-8.879372532999958e-07
1.6339999999999308,0.0,-8.800452457766856e-07
1.6349999999999307,0.0,-8.721185257606486e-07
1.6359999999999306,0.0,-8.641696314295829e-07
1.6369999999999305,0.0,-8.562103718116191e-07
1.6379999999999304,0.0,-8.482517965629518e-07
1.6389999999999303,0.0,-8.40304168616948e-07
1.6399999999999302,0.0,-8.323769399427585e-07
1.64099999999993,0.0,-8.244787306006719e-07
1.64199999999993,0.0,-8.166173124753818e-07
1.6429999999999298,0.0,-8.087995962936756e-07
1.6439999999999297,0.0,-8.010316260147112e-07
1.6449999999999296,0.0,-7.933185768594497e-07
1.6459999999999295,0.0,-7.856647624548368e-07
1.6469999999999294,0.0,-7.780736487737066e-07
1.6479999999999293,0.0,-7.705478772593877e-07
1.6489999999999292,0.0,-7.630892991055125e-07
1.649999999999929,0.0,-7.556990197147534e-07
1.650999999999929,0.0,-7.483774571057616e-07
1.6519999999999289,0.0,-7.41124414147726e-07
1.6529999999999287,0.0,-7.339391670570843e-07
1.6539999999999286,0.0,-7.268205709499822e-07
1.6549999999999285,0.0,-7.197671839064943e-07
1.6559999999999284,0.0,-7.127774122709242e-07
1.6569999999999283,0.0,-7.058502041954013e-07
1.6579999999999282,0.0,-6.989855995582527e-07
1.658999999999928,0.0,-6.921841378310997e-07
1.659999999999928,0.0,-6.854464433480731e-07
1.6609999999999279,0.0,-6.787733703782764e-07
1.6619999999999278,0.0,-6.721661274007089e-07
1.6629999999999276,0.0,-6.656263812301203e-07
1.6639999999999275,0.0,-6.591563420024428e-07
1.6649999999999274,0.0,-6.527588323417045e-07
1.6659999999999273,0.0,-6.464373395834927e-07
1.6669999999999272,0.0,-6.401960550324917e-07
1.667999999999927,0.0,-6.340399004200345e-07
1.668999999999927,0.0,-6.279745426551627e-07
1.6699999999999269,0.0,-6.220063987272393e-07
1.6709999999999268,0.0,-6.161426317531714e-07
1.6719999999999267,0.0,-6.103911380838297e-07
1.6729999999999265,0.0,-6.047605287114543e-07
1.6739999999999264,0.0,-5.992601028547578e-07
1.6749999999999263,0.0,-5.938998172497018e-07
1.6759999999999262,0.0,-5.886902495462505e-07
1.676999999999926,0.0,-5.83642557681134e-07
1.677999999999926,0.0,-5.78768435062898e-07
1.6789999999999259,0.0,-5.74080063136106e-07
1.6799999999999258,0.0,-5.695900588901116e-07
1.6809999999999257,0.0,-5.653114215279003e-07
1.6819999999999256,0.0,-5.612574755463434e-07
1.6829999999999254,0.0,-5.574418107428122e-07
1.6839999999999253,0.0,-5.538782215985864e-07
1.6849999999999252,0.0,-5.50580642971588e-07
1.6859999999999251,0.0,-5.475630848847673e-07
1.686999999999925,0.0,-5.448395654590657e-07
1.687999999999925,0.0,-5.424240417695022e-07
1.6889999999999248,0.0,-5.403303398216067e-07
1.6899999999999247,0.0,-5.385720826199495e-07
1.6909999999999246,0.0,-5.371626175928819e-07
1.6919999999999245,0.0,-5.361149433813091e-07
1.6929999999999243,0.0,-5.354416345050997e-07
1.6939999999999242,0.0,-5.351547674586745e-07
1.6949999999999241,0.0,-5.352658456149269e-07
1.695999999999924,0.0,-5.357857237533243e-07
1.696999999999924,0.0,-5.367245339640898e-07
1.6979999999999238,0.0,-5.380916117709567e-07
1.6989999999999237,0.0,-5.398954231142321e-07
1.6999999999999236,0.0,-5.421434934883271e-07
1.7009999999999235,0.0,-5.448423380116315e-07
1.7019999999999234,0.0,-5.479973947042167e-07
1.7029999999999232,0.0,-5.516129594289351e-07
1.7039999999999231,0.0,-5.5569212517686e-07
1.704999999999923,0.0,-5.602367234096382e-07
1.705999999999923,0.0,-5.652472708658165e-07
1.7069999999999228,0.0,-5.707229196342725e-07
1.7079999999999227,0.0,-5.766614126134094e-07
1.7089999999999226,0.0,-5.830590447611572e-07
1.7099999999999225,0.0,-5.899106282941494e-07
1.7109999999999224,0.0,-5.972094661005597e-07
1.7119999999999223,0.0,-6.049473301015502e-07
1.7129999999999221,0.0,-6.131144468598742e-07
1.713999999999922,0.0,-6.216994901194978e-07
1.714999999999922,0.0,-6.306895812888544e-07
1.7159999999999218,0.0,-6.400702960911337e-07
1.7169999999999217,0.0,-6.498256807388602e-07
1.7179999999999216,0.0,-6.599382747875751e-07
1.7189999999999215,0.0,-6.703891420121822e-07
1.7199999999999214,0.0,-6.811579105013287e-07
1.7209999999999213,0.0,-6.922228191715637e-07
1.7219999999999211,0.0,-7.035607741054518e-07
1.722999999999921,0.0,-7.151474111357557e-07
1.723999999999921,0.0,-7.269571676748226e-07
1.7249999999999208,0.0,-7.389633609843286e-07
1.7259999999999207,0.0,-7.511382746792654e-07
1.7269999999999206,0.0,-7.63453251675577e-07
1.7279999999999205,0.0,-7.758787941338562e-07
1.7289999999999204,0.0,-7.883846698829159e-07
1.7299999999999203,0.0,-8.00940023839722e-07
1.7309999999999202,0.0,-8.135134958663914e-07
1.73199999999992,0.0,-8.260733423359747e-07
1.73299999999992,0.0,-8.385875629366377e-07
1.7339999999999198,0.0,-8.510240300765205e-07
1.7349999999999197,0.0,-8.63350621424391e-07
1.7359999999999196,0.0,-8.755353553835719e-07
1.7369999999999195,0.0,-8.875465269783212e-07
1.7379999999999194,0.0,-8.993528449413479e-07
1.7389999999999193,0.0,-9.109235688433137e-07
1.7399999999999192,0.0,-9.222286452056094e-07
1.740999999999919,0.0,-9.332388418184264e-07
1.741999999999919,0.0,-9.439258804032522e-07
1.7429999999999188,0.0,-9.542625643786202e-07
1.7439999999999187,0.0,-9.64222904808924e-07
1.7449999999999186,0.0,-9.737822393415336e-07
1.7459999999999185,0.0,-9.829173472136684e-07
1.7469999999999184,0.0,-9.916065568079509e-07
1.7479999999999183,0.0,-9.998298474492598e-07
1.7489999999999182,0.0,-1.0075689410894873e-06
1.749999999999918,0.0,-1.0148073888156412e-06
1.750999999999918,0.0,-1.0215306457722173e-06
1.7519999999999178,0.0,-1.0277261375035606e-06
1.7529999999999177,0.0,-1.0333833165249624e-06
1.7539999999999176,0.0,-1.0384937080728331e-06
1.7549999999999175,0.0,-1.0430509450635913e-06
1.7559999999999174,0.0,-1.0470507917245022e-06
1.7569999999999173,0.0,-1.050491156479336e-06
1.7579999999999172,0.0,-1.0533720924612568e-06
1.758999999999917,0.0,-1.0556957865009055e-06
1.759999999999917,0.0,-1.0574665370268225e-06
1.7609999999999169,0.0,-1.0586907199364051e-06
1.7619999999999167,0.0,-1.0593767422661584e-06
1.7629999999999166,0.0,-1.0595349857510865e-06
1.7639999999999165,0.0,-1.0591777381726762e-06
1.7649999999999164,0.0,-1.0583191154332744e-06
1.7659999999999163,0.0,-1.056974970826723e-06
1.7669999999999162,0.0,-1.0551627972907075e-06
1.767999999999916,0.0,-1.0529016184952958e-06
1.768999999999916,0.0,-1.0502118714016851e-06
1.7699999999999159,0.0,-1.047115281354811e-06
1.7709999999999158,0.0,-1.0436347296192556e-06
1.7719999999999156,0.0,-1.039794113768442e-06
1.7729999999999155,0.0,-1.0356182023809891e-06
1.7739999999999154,0.0,-1.031132485433891e-06
1.7749999999999153,0.0,-1.0263630198701576e-06
1.7759999999999152,0.0,-1.02133627237705e-06
1.776999999999915,0.0,-1.0160789594066013e-06
1.777999999999915,0.0,-1.0106178873132445e-06
1.7789999999999149,0.0,-1.004979790735225e-06
1.7799999999999148,0.0,-9.99191172714118e-07
1.7809999999999147,0.0,-9.932781472052963e-07
1.7819999999999145,0.0,-9.87266284108809e-07
1.7829999999999144,0.0,-9.811804590749577e-07
1.7839999999999143,0.0,-9.750447086407867e-07
1.7849999999999142,0.0,-9.68882092519926e-07
1.785999999999914,0.0,-9.62714563859681e-07
1.786999999999914,0.0,-9.565628488994126e-07
1.7879999999999139,0.0,-9.504463377578782e-07
1.7889999999999138,0.0,-9.443829873045164e-07
1.7899999999999137,0.0,-9.383892368718951e-07
1.7909999999999136,0.0,-9.324799410488745e-07
1.7919999999999134,0.0,-9.266683169993489e-07
1.7929999999999133,0.0,-9.209659109607834e-07
1.7939999999999132,0.0,-9.153825844773999e-07
1.794999999999913,0.0,-9.099265210576449e-07
1.795999999999913,0.0,-9.046042567202007e-07
1.796999999999913,0.0,-8.994207342317086e-07
1.7979999999999128,0.0,-8.943793834144908e-07
1.7989999999999127,0.0,-8.894822291178507e-07
1.7999999999999126,0.0,-8.847300290709101e-07
1.8009999999999124,0.0,-8.801224412412722e-07
1.8019999999999123,0.0,-8.756582255129007e-07
1.8029999999999122,0.0,-8.713354784148801e-07
1.8039999999999121,0.0,-8.671519040952034e-07
1.804999999999912,0.0,-8.63105122857417e-07
1.805999999999912,0.0,-8.591930189430739e-07
1.8069999999999118,0.0,-8.55415052073141e-07
1.8079999999999117,0.0,-8.516100957060677e-07
1.8089999999999116,0.0,-8.477747003072016e-07
1.8099999999999115,0.0,-8.439053387640949e-07
1.8109999999999113,0.0,-8.399986657358685e-07
1.8119999999999112,0.0,-8.360517421135604e-07
1.8129999999999111,0.0,-8.320622281581289e-07
1.813999999999911,0.0,-8.280285431095677e-07
1.814999999999911,0.0,-8.239500004796135e-07
1.8159999999999108,0.0,-8.198269124723269e-07
1.8169999999999107,0.0,-8.156606721802704e-07
1.8179999999999106,0.0,-8.114538118620147e-07
1.8189999999999105,0.0,-8.072100386323915e-07
1.8199999999999104,0.0,-8.029342521500161e-07
1.8209999999999102,0.0,-7.986325429357806e-07
1.8219999999999101,0.0,-7.943121740108747e-07
1.82299999999991,0.0,-7.899815470851092e-07
1.82399999999991,0.0,-7.856501566168781e-07
1.8249999999999098,0.0,-7.813285293094551e-07
1.8259999999999097,0.0,-7.770281540736378e-07
1.8269999999999096,0.0,-7.727614010505075e-07
1.8279999999999095,0.0,-7.685414342314965e-07
1.8289999999999094,0.0,-7.643821139853952e-07
1.8299999999999093,0.0,-7.602978962413328e-07
1.8309999999999091,0.0,-7.563037242411198e-07
1.831999999999909,0.0,-7.524149177329016e-07
1.832999999999909,0.0,-7.486470588600408e-07
1.8339999999999088,0.0,-7.45015875624628e-07
1.8349999999999087,0.0,-7.415371242421634e-07
1.8359999999999086,0.0,-7.382264714828099e-07
1.8369999999999085,0.0,-7.350993773351061e-07
1.8379999999999084,0.0,-7.321709788755487e-07
1.8389999999999083,0.0,-7.294559765428388e-07
1.8399999999999082,0.0,-7.269685225377582e-07
1.840999999999908,0.0,-7.24722113244488e-07
1.841999999999908,0.0,-7.227294862124237e-07
1.8429999999999078,0.0,-7.210025204300519e-07
1.8439999999999077,0.0,-7.195521434400085e-07
1.8449999999999076,0.0,-7.18388243444248e-07
1.8459999999999075,0.0,-7.175195884249773e-07
1.8469999999999074,0.0,-7.169537518209224e-07
1.8479999999999073,0.0,-7.166970453442896e-07
1.8489999999999072,0.0,-7.16754460335313e-07
1.849999999999907,0.0,-7.171296166590169e-07
1.850999999999907,0.0,-7.1782472004512e-07
1.8519999999999068,0.0,-7.188405284588913e-07
1.8529999999999067,0.0,-7.201763269239719e-07
1.8539999999999066,0.0,-7.21829911820374e-07
1.8549999999999065,0.0,-7.237975845073842e-07
1.8559999999999064,0.0,-7.2607415332501e-07
1.8569999999999063,0.0,-7.286529455317315e-07
1.8579999999999062,0.0,-7.315258281019371e-07
1.858999999999906,0.0,-7.346832375419379e-07
1.859999999999906,0.0,-7.381142180664883e-07
1.8609999999999058,0.0,-7.418064687127913e-07
1.8619999999999057,0.0,-7.457463983211356e-07
1.8629999999999056,0.0,-7.499191885183066e-07
1.8639999999999055,0.0,-7.5430886345646e-07
1.8649999999999054,0.0,-7.588983672219433e-07
1.8659999999999053,0.0,-7.636696470835992e-07
1.8669999999999052,0.0,-7.686037418841247e-07
1.867999999999905,0.0,-7.736808772702991e-07
1.868999999999905,0.0,-7.788805630149069e-07
1.8699999999999048,0.0,-7.841816963670819e-07
1.8709999999999047,0.0,-7.895626674779335e-07
1.8719999999999046,0.0,-7.950014668094569e-07
1.8729999999999045,0.0,-8.004757951343431e-07
1.8739999999999044,0.0,-8.059631740366397e-07
1.8749999999999043,0.0,-8.114410570026373e-07
1.8759999999999042,0.0,-8.168869392301466e-07
1.876999999999904,0.0,-8.222784670120477e-07
1.877999999999904,0.0,-8.275935453618713e-07
1.8789999999999039,0.0,-8.328104421369262e-07
1.8799999999999037,0.0,-8.379078900550653e-07
1.8809999999999036,0.0,-8.428651843589311e-07
1.8819999999999035,0.0,-8.476622757876218e-07
1.8829999999999034,0.0,-8.522798598944752e-07
1.8839999999999033,0.0,-8.566994592373295e-07
1.8849999999999032,0.0,-8.609035008597906e-07
1.885999999999903,0.0,-8.648753874853725e-07
1.886999999999903,0.0,-8.685995615009618e-07
1.8879999999999029,0.0,-8.720615624288698e-07
1.8889999999999028,0.0,-8.752480771012013e-07
1.8899999999999026,0.0,-8.781469825359271e-07
1.8909999999999025,0.0,-8.807473811008676e-07
1.8919999999999024,0.0,-8.830396286066488e-07
1.8929999999999023,0.0,-8.850153536811365e-07
1.8939999999999022,0.0,-8.866674711849112e-07
1.894999999999902,0.0,-8.879901863372391e-07
1.895999999999902,0.0,-8.889789924864794e-07
1.8969999999999019,0.0,-8.896306619669655e-07
1.8979999999999018,0.0,-8.899432287087805e-07
1.8989999999999017,0.0,-8.899159649913294e-07
1.8999999999999015,0.0,-8.895493523790905e-07
1.9009999999999014,0.0,-8.888450448151007e-07
1.9019999999999013,0.0,-8.878058284438878e-07
1.9029999999999012,0.0,-8.864355735539576e-07
1.903999999999901,0.0,-8.847391844807082e-07
1.904999999999901,0.0,-8.827225430208237e-07
1.9059999999999009,0.0,-8.803924494619949e-07
1.9069999999999008,0.0,-8.777565597847914e-07
1.9079999999999007,0.0,-8.748233201926983e-07
1.9089999999999006,0.0,-8.716018996836679e-07
1.9099999999999004,0.0,-8.681021208658669e-07
1.9109999999999003,0.0,-8.643343895367324e-07
1.9119999999999002,0.0,-8.603096236122704e-07
1.9129999999999001,0.0,-8.560391830921694e-07
1.9139999999999,0.0,-8.515347985875036e-07
1.9149999999999,0.0,-8.46808502401876e-07
1.9159999999998998,0.0,-8.41872560139965e-07
1.9169999999998997,0.0,-8.367394045648535e-07
1.9179999999998996,0.0,-8.314215714242865e-07
1.9189999999998995,0.0,-8.25931637447967e-07
1.9199999999998993,0.0,-8.202821625090007e-07
1.9209999999998992,0.0,-8.144856329447475e-07
1.9219999999998991,0.0,-8.085544102499039e-07
1.922999999999899,0.0,-8.025006815781317e-07
1.923999999999899,0.0,-7.963364152335659e-07
1.9249999999998988,0.0,-7.90073319292611e-07
1.9259999999998987,0.0,-7.837228041224829e-07
1.9269999999998986,0.0,-7.772959489059876e-07
1.9279999999998985,0.0,-7.70803471783033e-07
1.9289999999998984,0.0,-7.642557036773079e-07
1.9299999999998982,0.0,-7.576625662287096e-07
1.9309999999998981,0.0,-7.510335527532051e-07
1.931999999999898,0.0,-7.443777124398005e-07
1.932999999999898,0.0,-7.377036386768761e-07
1.9339999999998978,0.0,-7.31019458911277e-07
1.9349999999998977,0.0,-7.243328287697775e-07
1.9359999999998976,0.0,-7.176509277525076e-07
1.9369999999998975,0.0,-7.109804580202925e-07
1.9379999999998974,0.0,-7.043276449903834e-07
1.9389999999998973,0.0,-6.976982403780408e-07
1.9399999999998971,0.0,-6.910975270831972e-07
1.940999999999897,0.0,-6.845303260986839e-07
1.941999999999897,0.0,-6.780010052191839e-07
1.9429999999998968,0.0,-6.715134898208887e-07
1.9439999999998967,0.0,-6.650712754755557e-07
1.9449999999998966,0.0,-6.586774426607404e-07
1.9459999999998965,0.0,-6.523346737040446e-07
1.9469999999998964,0.0,-6.460452731624403e-07
1.9479999999998963,0.0,-6.398111893937008e-07
1.9489999999998961,0.0,-6.336340409144139e-07
1.949999999999896,0.0,-6.275151458919142e-07
1.950999999999896,0.0,-6.214555561415278e-07
1.9519999999998958,0.0,-6.154560951012923e-07
1.9529999999998957,0.0,-6.09517402807983e-07
1.9539999999998956,0.0,-6.036399851437731e-07
1.9549999999998955,0.0,-5.978242714082064e-07
1.9559999999998954,0.0,-5.920706778896489e-07
1.9569999999998953,0.0,-5.863796803071797e-07
1.9579999999998952,0.0,-5.807513537257232e-07
1.958999999999895,0.0,-5.75184730124052e-07
1.959999999999895,0.0,-5.696782554843022e-07
1.9609999999998948,0.0,-5.64230404685711e-07
1.9619999999998947,0.0,-5.588397567800381e-07
1.9629999999998946,0.0,-5.535050581234222e-07
1.9639999999998945,0.0,-5.482252747364787e-07
1.9649999999998944,0.0,-5.429996345229219e-07
1.9659999999998943,0.0,-5.378276616226896e-07
1.9669999999998942,0.0,-5.327092030459037e-07
1.967999999999894,0.0,-5.276444488333107e-07
1.968999999999894,0.0,-5.226339474254032e-07
1.9699999999998938,0.0,-5.176786164803322e-07
1.9709999999998937,0.0,-5.127797501876926e-07
1.9719999999998936,0.0,-5.079390236925386e-07
1.9729999999998935,0.0,-5.031584961141745e-07
1.9739999999998934,0.0,-4.984406106031128e-07
1.9749999999998933,0.0,-4.937881951156075e-07
1.9759999999998932,0.0,-4.89204460140403e-07
1.976999999999893,0.0,-4.846929976556391e-07
1.977999999999893,0.0,-4.802577784801417e-07
1.9789999999998928,0.0,-4.759031495873209e-07
1.9799999999998927,0.0,-4.7163383051286497e-07
1.9809999999998926,0.0,-4.674549095154061e-07
1.9819999999998925,0.0,-4.633718386853941e-07
1.9829999999998924,0.0,-4.593904284469845e-07
1.9839999999998923,0.0,-4.5551683989899817e-07
1.9849999999998922,0.0,-4.5175757691372764e-07
1.985999999999892,0.0,-4.481194751456262e-07
1.986999999999892,0.0,-4.446096899633275e-07
1.9879999999998919,0.0,-4.412356815558791e-07
1.9889999999998917,0.0,-4.380051968912304e-07
1.9899999999998916,0.0,-4.349262495404337e-07
1.9909999999998915,0.0,-4.32007096015212e-07
1.9919999999998914,0.0,-4.292562087276432e-07
1.9929999999998913,0.0,-4.2668224488164207e-07
1.9939999999998912,0.0,-4.242940127881173e-07
1.994999999999891,0.0,-4.2210043348779313e-07
1.995999999999891,0.0,-4.2011049955480566e-07
1.9969999999998909,0.0,-4.1833322917521356e-07
1.9979999999998908,0.0,-4.1677761727220795e-07
1.9989999999998906,0.0,-4.1545258362576854e-07
1.9999999999998905,0.0,-4.1436691714615486e-07
2.0009999999998906,0.0,-4.135292171326472e-07
2.0019999999998905,0.0,-4.1294783244244345e-07
2.0029999999998904,0.0,-4.1263079846209617e-07
2.0039999999998903,0.0,-4.1258577169432765e-07
2.00499999999989,0.0,-4.1281996358338085e-07
2.00599999999989,0.0,-4.1334007337669447e-07
2.00699999999989,0.0,-4.141522201715761e-07
2.00799999999989,0.0,-4.1526187642262127e-07
2.0089999999998898,0.0,-4.166738006345169e-07
2.0099999999998897,0.0,-4.183919733436634e-07
2.0109999999998895,0.0,-4.204195333953213e-07
2.0119999999998894,0.0,-4.227587180136683e-07
2.0129999999998893,0.0,-4.254108057595677e-07
2.013999999999889,0.0,-4.2837606314546064e-07
2.014999999999889,0.0,-4.3165369598289437e-07
2.015999999999889,0.0,-4.352418053775815e-07
2.016999999999889,0.0,-4.391373494746431e-07
2.0179999999998888,0.0,-4.4333611068578235e-07
2.0189999999998887,0.0,-4.4783266982190715e-07
2.0199999999998886,0.0,-4.5262038682198985e-07
2.0209999999998884,0.0,-4.576913885208984e-07
2.0219999999998883,0.0,-4.6303656373160477e-07
2.022999999999888,0.0,-4.686455670493381e-07
2.023999999999888,0.0,-4.7450682853877565e-07
2.024999999999888,0.0,-4.806075733895163e-07
2.025999999999888,0.0,-4.869338485422464e-07
2.026999999999888,0.0,-4.934705580154705e-07
2.0279999999998877,0.0,-5.002015055258597e-07
2.0289999999998876,0.0,-5.071094456939588e-07
2.0299999999998875,0.0,-5.141761423633709e-07
2.0309999999998873,0.0,-5.213824351534626e-07
2.0319999999998872,0.0,-5.287083118997629e-07
2.032999999999887,0.0,-5.361329892463284e-07
2.033999999999887,0.0,-5.436349988123479e-07
2.034999999999887,0.0,-5.511922791452304e-07
2.035999999999887,0.0,-5.58782273487964e-07
2.0369999999998867,0.0,-5.663820318433735e-07
2.0379999999998866,0.0,-5.739683172395232e-07
2.0389999999998865,0.0,-5.815177157559234e-07
2.0399999999998863,0.0,-5.890067491819532e-07
2.0409999999998862,0.0,-5.964119894272327e-07
2.041999999999886,0.0,-6.037101744873882e-07
2.042999999999886,0.0,-6.108783251727733e-07
2.043999999999886,0.0,-6.178938607979289e-07
2.044999999999886,0.0,-6.247347153487891e-07
2.0459999999998857,0.0,-6.313794496605281e-07
2.0469999999998856,0.0,-6.378073631037654e-07
2.0479999999998855,0.0,-6.439986002444133e-07
2.0489999999998854,0.0,-6.499342549084542e-07
2.0499999999998852,0.0,-6.55596467993139e-07
2.050999999999885,0.0,-6.609685206838298e-07
2.051999999999885,0.0,-6.660349206820904e-07
2.052999999999885,0.0,-6.70781482476879e-07
2.053999999999885,0.0,-6.751953994552304e-07
2.0549999999998847,0.0,-6.792653081111942e-07
2.0559999999998846,0.0,-6.829813446736316e-07
2.0569999999998845,0.0,-6.863351914042173e-07
2.0579999999998844,0.0,-6.893201148261088e-07
2.0589999999998843,0.0,-6.919309944198378e-07
2.059999999999884,0.0,-6.9416434060484e-07
2.060999999999884,0.0,-6.960183041712298e-07
2.061999999999884,0.0,-6.974926744431086e-07
2.062999999999884,0.0,-6.98588868376963e-07
2.0639999999998837,0.0,-6.993099089311408e-07
2.0649999999998836,0.0,-6.996603947921313e-07
2.0659999999998835,0.0,-6.996464584099442e-07
2.0669999999998834,0.0,-6.992757170900158e-07
2.0679999999998833,0.0,-6.985572126805022e-07
2.068999999999883,0.0,-6.975013441735461e-07
2.069999999999883,0.0,-6.961197910282053e-07
2.070999999999883,0.0,-6.944254292825016e-07
2.071999999999883,0.0,-6.924322396699492e-07
2.0729999999998827,0.0,-6.901552097463823e-07
2.0739999999998826,0.0,-6.876102294656688e-07
2.0749999999998825,0.0,-6.848139812158662e-07
2.0759999999998824,0.0,-6.817838252733733e-07
2.0769999999998823,0.0,-6.785376813749617e-07
2.077999999999882,0.0,-6.750939066008998e-07
2.078999999999882,0.0,-6.714711710895705e-07
2.079999999999882,0.0,-6.676883320957703e-07
2.080999999999882,0.0,-6.637643063782144e-07
2.0819999999998817,0.0,-6.597179439754571e-07
2.0829999999998816,0.0,-6.555679014937216e-07
2.0839999999998815,0.0,-6.513325184279399e-07
2.0849999999998814,0.0,-6.470296952354085e-07
2.0859999999998813,0.0,-6.426767747927573e-07
2.086999999999881,0.0,-6.382904303264593e-07
2.087999999999881,0.0,-6.338865569222537e-07
2.088999999999881,0.0,-6.294801706396413e-07
2.089999999999881,0.0,-6.250853156707813e-07
2.0909999999998807,0.0,-6.207149797844605e-07
2.0919999999998806,0.0,-6.163810201226896e-07
2.0929999999998805,0.0,-6.120940996065874e-07
2.0939999999998804,0.0,-6.078636363132315e-07
2.0949999999998803,0.0,-6.036977659033065e-07
2.09599999999988,0.0,-5.996033191793603e-07
2.09699999999988,0.0,-5.955858151844719e-07
2.09799999999988,0.0,-5.916494722843004e-07
2.09899999999988,0.0,-5.877972374959869e-07
2.0999999999998797,0.0,-5.840308359443319e-07
2.1009999999998796,0.0,-5.803508419463132e-07
2.1019999999998795,0.0,-5.767567729195437e-07
2.1029999999998794,0.0,-5.732472077850648e-07
2.1039999999998793,0.0,-5.698199307956082e-07
2.104999999999879,0.0,-5.664721033620355e-07
2.105999999999879,0.0,-5.632004648419937e-07
2.106999999999879,0.0,-5.60001563226267e-07
2.107999999999879,0.0,-5.568742688619698e-07
2.1089999999998787,0.0,-5.537238777919604e-07
2.1099999999998786,0.0,-5.50552240463226e-07
2.1109999999998785,0.0,-5.473611848680952e-07
2.1119999999998784,0.0,-5.441528154013596e-07
2.1129999999998783,0.0,-5.409297664743228e-07
2.113999999999878,0.0,-5.376954159842762e-07
2.114999999999878,0.0,-5.344540605131252e-07
2.115999999999878,0.0,-5.312110544449017e-07
2.116999999999878,0.0,-5.279729160803497e-07
2.1179999999998778,0.0,-5.247474031776552e-07
2.1189999999998776,0.0,-5.21543559987779e-07
2.1199999999998775,0.0,-5.183717372672957e-07
2.1209999999998774,0.0,-5.152435900014834e-07
2.1219999999998773,0.0,-5.121720512350667e-07
2.122999999999877,0.0,-5.091712865685584e-07
2.123999999999877,0.0,-5.062566313943998e-07
2.124999999999877,0.0,-5.034445110082248e-07
2.125999999999877,0.0,-5.007523460770656e-07
2.1269999999998768,0.0,-4.981984469935555e-07
2.1279999999998767,0.0,-4.958018951437035e-07
2.1289999999998765,0.0,-4.935824170841395e-07
2.1299999999998764,0.0,-4.915602484275889e-07
2.1309999999998763,0.0,-4.89755994398777e-07
2.131999999999876,0.0,-4.881904826739216e-07
2.132999999999876,0.0,-4.868846142466687e-07
2.133999999999876,0.0,-4.858592122453454e-07
2.134999999999876,0.0,-4.851348687009149e-07
2.1359999999998758,0.0,-4.847317933961322e-07
2.1369999999998757,0.0,-4.84669662055473e-07
2.1379999999998756,0.0,-4.849674688462681e-07
2.1389999999998754,0.0,-4.856433820209833e-07
2.1399999999998753,0.0,-4.867146028385422e-07
2.1409999999998752,0.0,-4.881972326268611e-07
2.141999999999875,0.0,-4.901061438583624e-07
2.142999999999875,0.0,-4.924548595860991e-07
2.143999999999875,0.0,-4.952554407354213e-07
2.144999999999875,0.0,-4.985183818632767e-07
2.1459999999998747,0.0,-5.022525169933846e-07
2.1469999999998746,0.0,-5.064649339408605e-07
2.1479999999998745,0.0,-5.111609004003949e-07
2.1489999999998743,0.0,-5.163438002025101e-07
2.1499999999998742,0.0,-5.220150810826876e-07
2.150999999999874,0.0,-5.281742130487271e-07
2.151999999999874,0.0,-5.348186598984389e-07
2.152999999999874,0.0,-5.419438613293938e-07
2.153999999999874,0.0,-5.495432271085989e-07
2.1549999999998737,0.0,-5.576081437425464e-07
2.1559999999998736,0.0,-5.66127992167412e-07
2.1569999999998735,0.0,-5.750901774695438e-07
2.1579999999998734,0.0,-5.844801690942771e-07
2.1589999999998732,0.0,-5.942815533657707e-07
2.159999999999873,0.0,-6.044760958324435e-07
2.160999999999873,0.0,-6.150438132947673e-07
2.161999999999873,0.0,-6.259630566704453e-07
2.162999999999873,0.0,-6.372106019695199e-07
2.1639999999998727,0.0,-6.487617497679883e-07
2.1649999999998726,0.0,-6.605904332729526e-07
2.1659999999998725,0.0,-6.726693322246799e-07
2.1669999999998724,0.0,-6.849699940194711e-07
2.1679999999998723,0.0,-6.974629597276301e-07
2.168999999999872,0.0,-7.101178951571899e-07
2.169999999999872,0.0,-7.229037257532053e-07
2.170999999999872,0.0,-7.357887740952507e-07
2.171999999999872,0.0,-7.487409001388441e-07
2.1729999999998717,0.0,-7.617276420883084e-07
2.1739999999998716,0.0,-7.747163584444263e-07
2.1749999999998715,0.0,-7.876743690880566e-07
2.1759999999998714,0.0,-8.005690952885744e-07
2.1769999999998713,0.0,-8.133681978632714e-07
2.177999999999871,0.0,-8.260397126323469e-07
2.178999999999871,0.0,-8.385521816431708e-07
2.179999999999871,0.0,-8.508747813978807e-07
2.180999999999871,0.0,-8.62977444680137e-07
2.1819999999998707,0.0,-8.748309784524619e-07
2.1829999999998706,0.0,-8.864071742355715e-07
2.1839999999998705,0.0,-8.976789126919624e-07
2.1849999999998704,0.0,-9.086202611121789e-07
2.1859999999998703,0.0,-9.192065629393371e-07
2.18699999999987,0.0,-9.294145196826162e-07
2.18799999999987,0.0,-9.392222647389332e-07
2.18899999999987,0.0,-9.486094286370764e-07
2.18999999999987,0.0,-9.57557195777569e-07
2.1909999999998697,0.0,-9.660483521413778e-07
2.1919999999998696,0.0,-9.740673249496135e-07
2.1929999999998695,0.0,-9.816002121963157e-07
2.1939999999998694,0.0,-9.886348050674548e-07
2.1949999999998693,0.0,-9.951606001251722e-07
2.195999999999869,0.0,-1.001168804075274e-06
2.196999999999869,0.0,-1.006652329986826e-06
2.197999999999869,0.0,-1.0116057846765237e-06
2.198999999999869,0.0,-1.0160254500108258e-06
2.1999999999998687,0.0,-1.019909254808931e-06
2.2009999999998686,0.0,-1.0232567415147674e-06
2.2019999999998685,0.0,-1.0260690251114064e-06
2.2029999999998684,0.0,-1.0283487464653031e-06
2.2039999999998683,0.0,-1.0301000197784704e-06
2.204999999999868,0.0,-1.0313283748145996e-06
2.205999999999868,0.0,-1.032040694879636e-06
2.206999999999868,0.0,-1.0322451502340826e-06
2.207999999999868,0.0,-1.0319511277817069e-06
2.2089999999998677,0.0,-1.0311691588717446e-06
2.2099999999998676,0.0,-1.029910842049173e-06
2.2109999999998675,0.0,-1.0281887671366075e-06
2.2119999999998674,0.0,-1.026016435254235e-06
2.2129999999998673,0.0,-1.023408178247e-06
2.213999999999867,0.0,-1.0203790791244016e-06
2.214999999999867,0.0,-1.0169448901758158e-06
2.215999999999867,0.0,-1.0131219532061231e-06
2.216999999999867,0.0,-1.0089271194687887e-06
2.2179999999998667,0.0,-1.0043776710824551e-06
2.2189999999998666,0.0,-9.99491243814558e-07
2.2199999999998665,0.0,-9.94285750951233e-07
2.2209999999998664,0.0,-9.887793101795277e-07
2.2219999999998663,0.0,-9.82990171214253e-07
2.222999999999866,0.0,-9.769366467660321e-07
2.223999999999866,0.0,-9.706370451855067e-07
2.224999999999866,0.0,-9.641096054836738e-07
2.225999999999866,0.0,-9.573724358449035e-07
2.2269999999998658,0.0,-9.504434526485225e-07
2.2279999999998656,0.0,-9.433403241786567e-07
2.2289999999998655,0.0,-9.360804151544497e-07
2.2299999999998654,0.0,-9.28680734538708e-07
2.2309999999998653,0.0,-9.211578850231129e-07
2.231999999999865,0.0,-9.135280153384476e-07
2.232999999999865,0.0,-9.058067746067139e-07
2.233999999999865,0.0,-8.98009268342854e-07
2.234999999999865,0.0,-8.901500172190235e-07
2.2359999999998648,0.0,-8.822429179196332e-07
2.2369999999998647,0.0,-8.743012053192678e-07
2.2379999999998645,0.0,-8.663374179932596e-07
2.2389999999998644,0.0,-8.583633651442188e-07
2.2399999999998643,0.0,-8.503900967934041e-07
2.240999999999864,0.0,-8.424278759877922e-07
2.241999999999864,0.0,-8.344861547975892e-07
2.242999999999864,0.0,-8.26573553435412e-07
2.243999999999864,0.0,-8.186978435775159e-07
2.2449999999998638,0.0,-8.108659362004794e-07
2.2459999999998637,0.0,-8.030838746138413e-07
2.2469999999998636,0.0,-7.953568341175734e-07
2.2479999999998634,0.0,-7.87689127907352e-07
2.2489999999998633,0.0,-7.800842214649115e-07
2.249999999999863,0.0,-7.725447560505726e-07
2.250999999999863,0.0,-7.650725818899944e-07
2.251999999999863,0.0,-7.576688038840212e-07
2.252999999999863,0.0,-7.503338394746625e-07
2.253999999999863,0.0,-7.430674908239276e-07
2.2549999999998627,0.0,-7.358690332643305e-07
2.2559999999998626,0.0,-7.287373210051968e-07
2.2569999999998624,0.0,-7.216709113416746e-07
2.2579999999998623,0.0,-7.146682096978693e-07
2.2589999999998622,0.0,-7.077281635179071e-07
2.259999999999862,0.0,-7.008508119514791e-07
2.260999999999862,0.0,-6.94036694210777e-07
2.261999999999862,0.0,-6.872864337678759e-07
2.262999999999862,0.0,-6.806008844824108e-07
2.2639999999998617,0.0,-6.739812545091198e-07
2.2649999999998616,0.0,-6.674292097593281e-07
2.2659999999998615,0.0,-6.609469604673472e-07
2.2669999999998613,0.0,-6.545373285708645e-07
2.2679999999998612,0.0,-6.48203801021468e-07
2.268999999999861,0.0,-6.41950568975964e-07
2.269999999999861,0.0,-6.357825537807087e-07
2.270999999999861,0.0,-6.297054222608745e-07
2.271999999999861,0.0,-6.237255912587694e-07
2.2729999999998607,0.0,-6.178502235783593e-07
2.2739999999998606,0.0,-6.120872156715697e-07
2.2749999999998605,0.0,-6.064451783677382e-07
2.2759999999998604,0.0,-6.009334110354107e-07
2.2769999999998602,0.0,-5.955618703874978e-07
2.27799999999986,0.0,-5.903411340239504e-07
2.27899999999986,0.0,-5.852823599788491e-07
2.27999999999986,0.0,-5.803972418630556e-07
2.28099999999986,0.0,-5.756979608760078e-07
2.2819999999998597,0.0,-5.711971345504108e-07
2.2829999999998596,0.0,-5.669077619972506e-07
2.2839999999998595,0.0,-5.628431677452998e-07
2.2849999999998594,0.0,-5.590169417504075e-07
2.2859999999998593,0.0,-5.554428784039118e-07
2.286999999999859,0.0,-5.521349126989555e-07
2.287999999999859,0.0,-5.491070546745421e-07
2.288999999999859,0.0,-5.463733224273271e-07
2.289999999999859,0.0,-5.439476730352109e-07
2.2909999999998587,0.0,-5.41843932139431e-07
2.2919999999998586,0.0,-5.400757228371744e-07
2.2929999999998585,0.0,-5.386563923711473e-07
2.2939999999998584,0.0,-5.37598938817499e-07
2.2949999999998583,0.0,-5.369159367491984e-07
2.295999999999858,0.0,-5.366194621251362e-07
2.296999999999858,0.0,-5.367210178390684e-07
2.297999999999858,0.0,-5.37231458211084e-07
2.298999999999858,0.0,-5.381609148143988e-07
2.2999999999998577,0.0,-5.395187223630709e-07
2.3009999999998576,0.0,-5.413133463063325e-07
2.3019999999998575,0.0,-5.43552311172912e-07
2.3029999999998574,0.0,-5.462421314773382e-07
2.3039999999998573,0.0,-5.493882440648911e-07
2.304999999999857,0.0,-5.529949439566406e-07
2.305999999999857,0.0,-5.570653231092342e-07
2.306999999999857,0.0,-5.616012118235232e-07
2.307999999999857,0.0,-5.666031256961933e-07
2.3089999999998567,0.0,-5.720702154495116e-07
2.3099999999998566,0.0,-5.780002229034115e-07
2.3109999999998565,0.0,-5.843894412598104e-07
2.3119999999998564,0.0,-5.912326816922721e-07
2.3129999999998563,0.0,-5.985232454613864e-07
2.313999999999856,0.0,-6.062529028203919e-07
2.314999999999856,0.0,-6.144118788658167e-07
2.315999999999856,0.0,-6.229888457453271e-07
2.316999999999856,0.0,-6.319709230981717e-07
2.3179999999998557,0.0,-6.413436849870258e-07
2.3189999999998556,0.0,-6.510911758272387e-07
2.3199999999998555,0.0,-6.611959332660364e-07
2.3209999999998554,0.0,-6.716390195412971e-07
2.3219999999998553,0.0,-6.824000605896678e-07
2.322999999999855,0.0,-6.934572937108162e-07
2.323999999999855,0.0,-7.047876229851399e-07
2.324999999999855,0.0,-7.163666824301143e-07
2.325999999999855,0.0,-7.281689073266681e-07
2.3269999999998547,0.0,-7.401676132166887e-07
2.3279999999998546,0.0,-7.523350817451074e-07
2.3289999999998545,0.0,-7.646426538182923e-07
2.3299999999998544,0.0,-7.770608298984518e-07
2.3309999999998543,0.0,-7.895593757727156e-07
2.331999999999854,0.0,-8.021074344480873e-07
2.332999999999854,0.0,-8.146736439417597e-07
2.333999999999854,0.0,-8.272262590090786e-07
2.334999999999854,0.0,-8.397332771763304e-07
2.3359999999998537,0.0,-8.521625690478938e-07
2.3369999999998536,0.0,-8.64482010859242e-07
2.3379999999998535,0.0,-8.766596190452844e-07
2.3389999999998534,0.0,-8.886636868685037e-07
2.3399999999998533,0.0,-9.004629216060863e-07
2.340999999999853,0.0,-9.120265812603846e-07
2.341999999999853,0.0,-9.23324610586898e-07
2.342999999999853,0.0,-9.343277761664498e-07
2.343999999999853,0.0,-9.450077978187981e-07
2.3449999999998528,0.0,-9.55337478232245e-07
2.3459999999998526,0.0,-9.652908265702783e-07
2.3469999999998525,0.0,-9.748431794157937e-07
2.3479999999998524,0.0,-9.839713148493307e-07
2.3489999999998523,0.0,-9.92653560336401e-07
2.349999999999852,0.0,-1.0008698937373047e-06
2.350999999999852,0.0,-1.0086020361971399e-06
2.351999999999852,0.0,-1.0158335379911803e-06
2.352999999999852,0.0,-1.0225498531945076e-06
2.3539999999998518,0.0,-1.028738406582543e-06
2.3549999999998517,0.0,-1.0343886503593854e-06
2.3559999999998515,0.0,-1.0394921088649156e-06
2.3569999999998514,0.0,-1.0440424143668237e-06
2.3579999999998513,0.0,-1.0480353307391972e-06
2.358999999999851,0.0,-1.0514687662148095e-06
2.359999999999851,0.0,-1.054342773159547e-06
2.360999999999851,0.0,-1.05665953867161e-06
2.361999999999851,0.0,-1.0584233607423883e-06
2.3629999999998508,0.0,-1.0596406152882138e-06
2.3639999999998507,0.0,-1.0603197092632657e-06
2.3649999999998506,0.0,-1.06047102427412e-06
2.3659999999998504,0.0,-1.0601068487320568e-06
2.3669999999998503,0.0,-1.059241298121207e-06
2.3679999999998502,0.0,-1.0578902263824949e-06
2.36899999999985,0.0,-1.056071126665183e-06
2.36999999999985,0.0,-1.053803022873557e-06
2.37099999999985,0.0,-1.051106352528219e-06
2.37199999999985,0.0,-1.0480028414470667e-06
2.3729999999998497,0.0,-1.0445153714248612e-06
2.3739999999998496,0.0,-1.0406678401782732e-06
2.3749999999998495,0.0,-1.0364850170787206e-06
2.3759999999998493,0.0,-1.0319923929799682e-06
2.3769999999998492,0.0,-1.0272160250921738e-06
2.377999999999849,0.0,-1.0221823806881422e-06
2.378999999999849,0.0,-1.01691817722243e-06
2.379999999999849,0.0,-1.0114502211628744e-06
2.380999999999849,0.0,-1.005805248020788e-06
2.3819999999998487,0.0,-1.0000097615618017e-06
2.3829999999998486,0.0,-9.940898762247482e-07
2.3839999999998485,0.0,-9.880711625106557e-07
2.3849999999998484,0.0,-9.819784965407304e-07
2.3859999999998482,0.0,-9.758359155603282e-07
2.386999999999848,0.0,-9.696664795287703e-07
2.387999999999848,0.0,-9.634921421305397e-07
2.388999999999848,0.0,-9.573336300903853e-07
2.389999999999848,0.0,-9.512103337415624e-07
2.3909999999998477,0.0,-9.451402098940549e-07
2.3919999999998476,0.0,-9.391396988416629e-07
2.3929999999998475,0.0,-9.332236548284814e-07
2.3939999999998474,0.0,-9.274052952068151e-07
2.3949999999998473,0.0,-9.21696166310785e-07
2.395999999999847,0.0,-9.161061296011553e-07
2.396999999999847,0.0,-9.106433685405266e-07
2.397999999999847,0.0,-9.053144191409958e-07
2.398999999999847,0.0,-9.001242238199359e-07
2.3999999999998467,0.0,-8.950762121802709e-07
2.4009999999998466,0.0,-8.901724089044907e-07
2.4019999999998465,0.0,-8.854135712992826e-07
2.4029999999998464,0.0,-8.807993570504891e-07
2.4039999999998463,0.0,-8.763285257510516e-07
2.404999999999846,0.0,-8.719991735095751e-07
2.405999999999846,0.0,-8.678090043271003e-07
2.406999999999846,0.0,-8.63755638064878e-07
2.407999999999846,0.0,-8.598369589500538e-07
2.4089999999998457,0.0,-8.560524249541685e-07
2.4099999999998456,0.0,-8.522409896610428e-07
2.4109999999998455,0.0,-8.483992024507629e-07
2.4119999999998454,0.0,-8.445235351105949e-07
2.4129999999998453,0.0,-8.406106411487427e-07
2.413999999999845,0.0,-8.366575807656325e-07
2.414999999999845,0.0,-8.326620126437256e-07
2.415999999999845,0.0,-8.286223554812082e-07
2.416999999999845,0.0,-8.245379213057889e-07
2.4179999999998447,0.0,-8.204090215818296e-07
2.4189999999998446,0.0,-8.162370484919853e-07
2.4199999999998445,0.0,-8.120245330377097e-07
2.4209999999998444,0.0,-8.077751816798575e-07
2.4219999999998443,0.0,-8.034938930634062e-07
2.422999999999844,0.0,-7.991867569267395e-07
2.423999999999844,0.0,-7.948610351317949e-07
2.424999999999844,0.0,-7.905251290256347e-07
2.425999999999844,0.0,-7.861885321340027e-07
2.4269999999998437,0.0,-7.818617703714902e-07
2.4279999999998436,0.0,-7.775563317022491e-07
2.4289999999998435,0.0,-7.732845859278694e-07
2.4299999999998434,0.0,-7.690596962076737e-07
2.4309999999998433,0.0,-7.648955224953238e-07
2.431999999999843,0.0,-7.60806519820178e-07
2.432999999999843,0.0,-7.56807630904673e-07
2.433999999999843,0.0,-7.529141751508246e-07
2.434999999999843,0.0,-7.49141733868137e-07
2.4359999999998427,0.0,-7.455060346276729e-07
2.4369999999998426,0.0,-7.420228330038191e-07
2.4379999999998425,0.0,-7.387077956123774e-07
2.4389999999998424,0.0,-7.355763814269361e-07
2.4399999999998423,0.0,-7.326437272220874e-07
2.440999999999842,0.0,-7.299245328853086e-07
2.441999999999842,0.0,-7.274329500442902e-07
2.442999999999842,0.0,-7.251824747700142e-07
2.443999999999842,0.0,-7.231858439024326e-07
2.4449999999998417,0.0,-7.214549359335549e-07
2.4459999999998416,0.0,-7.200006777759664e-07
2.4469999999998415,0.0,-7.188329572409335e-07
2.4479999999998414,0.0,-7.179605416278464e-07
2.4489999999998413,0.0,-7.173910035921771e-07
2.449999999999841,0.0,-7.171306545313124e-07
2.450999999999841,0.0,-7.171844850617898e-07
2.451999999999841,0.0,-7.175561145163706e-07
2.452999999999841,0.0,-7.182477476311767e-07
2.4539999999998408,0.0,-7.192601418781901e-07
2.4549999999998406,0.0,-7.205925816218271e-07
2.4559999999998405,0.0,-7.222428625339938e-07
2.4569999999998404,0.0,-7.242072850437707e-07
2.4579999999998403,0.0,-7.264806568051333e-07
2.45899999999984,0.0,-7.29056304238483e-07
2.45999999999984,0.0,-7.319260938108752e-07
2.46099999999984,0.0,-7.350804606959949e-07
2.46199999999984,0.0,-7.385084485177281e-07
2.4629999999998398,0.0,-7.421977555266278e-07
2.4639999999998397,0.0,-7.461347895345513e-07
2.4649999999998395,0.0,-7.503047311356595e-07
2.4659999999998394,0.0,-7.546916038339456e-07
2.4669999999998393,0.0,-7.592783505966389e-07
2.467999999999839,0.0,-7.640469177889004e-07
2.468999999999839,0.0,-7.689783432269256e-07
2.469999999999839,0.0,-7.740528515020751e-07
2.470999999999839,0.0,-7.792499516023613e-07
2.4719999999998388,0.0,-7.845485397298349e-07
2.4729999999998387,0.0,-7.899270047769446e-07
2.4739999999998386,0.0,-7.953633362801877e-07
2.4749999999998384,0.0,-8.008352341270453e-07
2.4759999999998383,0.0,-8.063202187081477e-07
2.476999999999838,0.0,-8.117957425124066e-07
2.477999999999838,0.0,-8.172392996470712e-07
2.478999999999838,0.0,-8.226285353976094e-07
2.479999999999838,0.0,-8.279413537664347e-07
2.480999999999838,0.0,-8.331560215735494e-07
2.4819999999998377,0.0,-8.382512704035379e-07
2.4829999999998376,0.0,-8.432063944294745e-07
2.4839999999998374,0.0,-8.48001343666967e-07
2.4849999999998373,0.0,-8.526168123405605e-07
2.4859999999998372,0.0,-8.570343220010928e-07
2.486999999999837,0.0,-8.612362987600859e-07
2.487999999999837,0.0,-8.65206144512237e-07
2.488999999999837,0.0,-8.689283002818358e-07
2.489999999999837,0.0,-8.723883051583647e-07
2.4909999999998367,0.0,-8.755728445798416e-07
2.4919999999998366,0.0,-8.784697947787963e-07
2.4929999999998365,0.0,-8.810682572467925e-07
2.4939999999998363,0.0,-8.833585868985955e-07
2.4949999999998362,0.0,-8.853324116318915e-07
2.495999999999836,0.0,-8.869826451565501e-07
2.496999999999836,0.0,-8.883034921426205e-07
2.497999999999836,0.0,-8.892904450859254e-07
2.498999999999836,0.0,-8.899402754207183e-07
2.4999999999998357,0.0,-8.902510164346312e-07
2.5009999999998356,0.0,-8.902219398442683e-07
2.5019999999998355,0.0,-8.89853526245389e-07
2.5029999999998354,0.0,-8.891474293381684e-07
2.5039999999998352,0.0,-8.8810643419417e-07
2.504999999999835,0.0,-8.867344108331571e-07
2.505999999999835,0.0,-8.850362628707931e-07
2.506999999999835,0.0,-8.830178716505578e-07
2.507999999999835,0.0,-8.806860370231454e-07
2.5089999999998347,0.0,-8.780484143980411e-07
2.5099999999998346,0.0,-8.751134496163925e-07
2.5109999999998345,0.0,-8.718903113164394e-07
2.5119999999998344,0.0,-8.683888217995812e-07
2.5129999999998343,0.0,-8.64619386238607e-07
2.513999999999834,0.0,-8.60592922765268e-07
2.514999999999834,0.0,-8.563207907492024e-07
2.515999999999834,0.0,-8.518147206516507e-07
2.516999999999834,0.0,-8.470867445997814e-07
2.5179999999998337,0.0,-8.421491281393069e-07
2.5189999999998336,0.0,-8.370143038672689e-07
2.5199999999998335,0.0,-8.316948073676868e-07
2.5209999999998334,0.0,-8.262032154144107e-07
2.5219999999998333,0.0,-8.205520876361927e-07
2.522999999999833,0.0,-8.147539105521273e-07
2.523999999999833,0.0,-8.08821045468899e-07
2.524999999999833,0.0,-8.02765679842306e-07
2.525999999999833,0.0,-7.965997817129884e-07
2.5269999999998327,0.0,-7.903350595742291e-07
2.5279999999998326,0.0,-7.83982923687198e-07
2.5289999999998325,0.0,-7.775544533396662e-07
2.5299999999998324,0.0,-7.710603667774852e-07
2.5309999999998323,0.0,-7.645109952248334e-07
2.531999999999832,0.0,-7.57916260245405e-07
2.532999999999832,0.0,-7.512856554132591e-07
2.533999999999832,0.0,-7.446282301305741e-07
2.534999999999832,0.0,-7.379525778173748e-07
2.5359999999998317,0.0,-7.312668262101906e-07
2.5369999999998316,0.0,-7.245786309992894e-07
2.5379999999998315,0.0,-7.178951719352783e-07
2.5389999999998314,0.0,-7.112231512302817e-07
2.5399999999998313,0.0,-7.045687944624464e-07
2.540999999999831,0.0,-6.979378535510471e-07
2.541999999999831,0.0,-6.913356114652214e-07
2.542999999999831,0.0,-6.847668893025861e-07
2.543999999999831,0.0,-6.782360550461707e-07
2.5449999999998307,0.0,-6.71747033999205e-07
2.5459999999998306,0.0,-6.653033219425032e-07
2.5469999999998305,0.0,-6.589079992492467e-07
2.5479999999998304,0.0,-6.525637485909539e-07
2.5489999999998303,0.0,-6.462728742800121e-07
2.54999999999983,0.0,-6.400373246622565e-07
2.55099999999983,0.0,-6.338587183850709e-07
2.55199999999983,0.0,-6.277383735251023e-07
2.55299999999983,0.0,-6.216773415966215e-07
2.5539999999998297,0.0,-6.156764462463106e-07
2.5549999999998296,0.0,-6.097363274484803e-07
2.5559999999998295,0.0,-6.038574909337723e-07
2.5569999999998294,0.0,-5.980403658537757e-07
2.5579999999998293,0.0,-5.922853685417238e-07
2.558999999999829,0.0,-5.865929744942871e-07
2.559999999999829,0.0,-5.809632586518206e-07
2.560999999999829,0.0,-5.753952529680903e-07
2.561999999999829,0.0,-5.69887403093639e-07
2.5629999999998287,0.0,-5.644381839848843e-07
2.5639999999998286,0.0,-5.59046174185172e-07
2.5649999999998285,0.0,-5.537101201961e-07
2.5659999999998284,0.0,-5.484289878078743e-07
2.5669999999998283,0.0,-5.432020048395677e-07
2.567999999999828,0.0,-5.380286955119263e-07
2.568999999999828,0.0,-5.329089064465962e-07
2.569999999999828,0.0,-5.278428279527837e-07
2.570999999999828,0.0,-5.22831008501648e-07
2.5719999999998278,0.0,-5.178743658492562e-07
2.5729999999998276,0.0,-5.129741941151233e-07
2.5739999999998275,0.0,-5.08132168641526e-07
2.5749999999998274,0.0,-5.033503486084835e-07
2.5759999999998273,0.0,-4.986311776297463e-07
2.576999999999827,0.0,-4.939774835015988e-07
2.577999999999827,0.0,-4.893924772345004e-07
2.578999999999827,0.0,-4.84879750997484e-07
2.579999999999827,0.0,-4.804432758225355e-07
2.5809999999998268,0.0,-4.7608739898161236e-07
2.5819999999998267,0.0,-4.71816840412475e-07
2.5829999999998265,0.0,-4.676366886636972e-07
2.5839999999998264,0.0,-4.6355239617632166e-07
2.5849999999998263,0.0,-4.595697737359662e-07
2.585999999999826,0.0,-4.5569498273466057e-07
2.586999999999826,0.0,-4.5193452739862197e-07
2.587999999999826,0.0,-4.4829524382038033e-07
2.588999999999826,0.0,-4.4478428767630126e-07
2.5899999999998258,0.0,-4.414091194012138e-07
2.5909999999998257,0.0,-4.381774863315147e-07
2.5919999999998256,0.0,-4.350974025338195e-07
2.5929999999998254,0.0,-4.3217712469789426e-07
2.5939999999998253,0.0,-4.2942512538454364e-07
2.5949999999998252,0.0,-4.2685006223991435e-07
2.595999999999825,0.0,-4.2446074383559236e-07
2.596999999999825,0.0,-4.2226609147012376e-07
2.597999999999825,0.0,-4.2027509766109683e-07
2.598999999999825,0.0,-4.1849678090172334e-07
2.5999999999998247,0.0,-4.1694013632594875e-07
2.6009999999998246,0.0,-4.1561408374655455e-07
2.6019999999998245,0.0,-4.14527412094073e-07
2.6029999999998243,0.0,-4.1368872075528145e-07
2.6039999999998242,0.0,-4.131063586597989e-07
2.604999999999824,0.0,-4.127883609997858e-07
2.605999999999824,0.0,-4.1274238427744987e-07
2.606999999999824,0.0,-4.1297563991516626e-07
2.607999999999824,0.0,-4.1349482687784124e-07
2.6089999999998237,0.0,-4.143060642203332e-07
2.6099999999998236,0.0,-4.154148240590066e-07
2.6109999999998235,0.0,-4.1682586474513916e-07
2.6119999999998234,0.0,-4.18543166521099e-07
2.6129999999998232,0.0,-4.2056986766332585e-07
2.613999999999823,0.0,-4.2290820528519183e-07
2.614999999999823,0.0,-4.255594575135224e-07
2.615999999999823,0.0,-4.285238904621982e-07
2.616999999999823,0.0,-4.318007093615969e-07
2.6179999999998227,0.0,-4.3538801485676586e-07
2.6189999999998226,0.0,-4.392827647043506e-07
2.6199999999998225,0.0,-4.4348074055909313e-07
2.6209999999998224,0.0,-4.479765229259059e-07
2.6219999999998223,0.0,-4.5276347085690514e-07
2.622999999999822,0.0,-4.578337107551077e-07
2.623999999999822,0.0,-4.631781309575646e-07
2.624999999999822,0.0,-4.687863850838394e-07
2.625999999999822,0.0,-4.7464690252297076e-07
2.6269999999998217,0.0,-4.807469078329632e-07
2.6279999999998216,0.0,-4.87072447571996e-07
2.6289999999998215,0.0,-4.9360842474473e-07
2.6299999999998214,0.0,-5.003386424095887e-07
2.6309999999998213,0.0,-5.072458544783419e-07
2.631999999999821,0.0,-5.14311824098167e-07
2.632999999999821,0.0,-5.215173899102952e-07
2.633999999999821,0.0,-5.288425392396802e-07
2.634999999999821,0.0,-5.362664880501093e-07
2.6359999999998207,0.0,-5.437677670865726e-07
2.6369999999998206,0.0,-5.513243142625694e-07
2.6379999999998205,0.0,-5.589135720555077e-07
2.6389999999998204,0.0,-5.665125897459567e-07
2.6399999999998203,0.0,-5.740981297083643e-07
2.64099999999982,0.0,-5.816467773707849e-07
2.64199999999982,0.0,-5.891350538919298e-07
2.64299999999982,0.0,-5.965395303440611e-07
2.64399999999982,0.0,-6.038369443014508e-07
2.6449999999998197,0.0,-6.11004315776251e-07
2.6459999999998196,0.0,-6.180190638717849e-07
2.6469999999998195,0.0,-6.248591214650564e-07
2.6479999999998194,0.0,-6.315030492487642e-07
2.6489999999998193,0.0,-6.379301458724041e-07
2.649999999999819,0.0,-6.441205555225198e-07
2.650999999999819,0.0,-6.50055371559541e-07
2.651999999999819,0.0,-6.557167345174038e-07
2.652999999999819,0.0,-6.61087925009459e-07
2.6539999999998187,0.0,-6.661534504205731e-07
2.6549999999998186,0.0,-6.708991249893303e-07
2.6559999999998185,0.0,-6.75312141850025e-07
2.6569999999998184,0.0,-6.793811371263429e-07
2.6579999999998183,0.0,-6.830962467089399e-07
2.658999999999818,0.0,-6.864491527806121e-07
2.659999999999818,0.0,-6.894331217141693e-07
2.660999999999818,0.0,-6.920430327616885e-07
2.661999999999818,0.0,-6.942753964418599e-07
2.6629999999998177,0.0,-6.961283632249102e-07
2.6639999999998176,0.0,-6.97601722562803e-07
2.6649999999998175,0.0,-6.986968913760589e-07
2.6659999999998174,0.0,-6.994168926260102e-07
2.6669999999998173,0.0,-6.997663249377099e-07
2.667999999999817,0.0,-6.997513212257952e-07
2.668999999999817,0.0,-6.993794983734219e-07
2.669999999999817,0.0,-6.986598988326579e-07
2.670999999999817,0.0,-6.976029215305318e-07
2.6719999999998167,0.0,-6.962202462543755e-07
2.6729999999998166,0.0,-6.945247491476653e-07
2.6739999999998165,0.0,-6.925304113094686e-07
2.6749999999998164,0.0,-6.902522204509069e-07
2.6759999999998163,0.0,-6.877060669005338e-07
2.676999999999816,0.0,-6.849086331291445e-07
2.677999999999816,0.0,-6.818772798299387e-07
2.678999999999816,0.0,-6.786299270778417e-07
2.679999999999816,0.0,-6.751849321914168e-07
2.6809999999998158,0.0,-6.715609657253336e-07
2.6819999999998156,0.0,-6.677768849001072e-07
2.6829999999998155,0.0,-6.638516071869454e-07
2.6839999999998154,0.0,-6.598039826962445e-07
2.6849999999998153,0.0,-6.556526685569721e-07
2.685999999999815,0.0,-6.514160042106639e-07
2.686999999999815,0.0,-6.471118904376815e-07
2.687999999999815,0.0,-6.427576704673312e-07
2.688999999999815,0.0,-6.383700178244922e-07
2.6899999999998148,0.0,-6.339648275431667e-07
2.6909999999998147,0.0,-6.295571160129568e-07
2.6919999999998145,0.0,-6.251609275971184e-07
2.6929999999998144,0.0,-6.207892501810192e-07
2.6939999999998143,0.0,-6.164539407196747e-07
2.694999999999814,0.0,-6.121656624128638e-07
2.695999999999814,0.0,-6.079338333851689e-07
2.696999999999814,0.0,-6.037665892340122e-07
2.697999999999814,0.0,-5.996707605570786e-07
2.6989999999998138,0.0,-5.956518664499812e-07
2.6999999999998137,0.0,-5.917141251966197e-07
2.7009999999998136,0.0,-5.878604834063896e-07
2.7019999999998134,0.0,-5.840926661979688e-07
2.7029999999998133,0.0,-5.804112476875368e-07
2.703999999999813,0.0,-5.76815745047015e-07
2.704999999999813,0.0,-5.733047368226045e-07
2.705999999999813,0.0,-5.698760070148112e-07
2.706999999999813,0.0,-5.665267169194456e-07
2.707999999999813,0.0,-5.632536053116477e-07
2.7089999999998127,0.0,-5.600532200528469e-07
2.7099999999998126,0.0,-5.569244317512336e-07
2.7109999999998124,0.0,-5.537725841574481e-07
2.7119999999998123,0.0,-5.505995270671762e-07
2.7129999999998122,0.0,-5.474070879263084e-07
2.713999999999812,0.0,-5.441973704273441e-07
2.714999999999812,0.0,-5.409730080686182e-07
2.715999999999812,0.0,-5.377373784414268e-07
2.716999999999812,0.0,-5.344947773366386e-07
2.7179999999998117,0.0,-5.312505585782813e-07
2.7189999999998116,0.0,-5.280112401096352e-07
2.7199999999998115,0.0,-5.247845793045415e-07
2.7209999999998113,0.0,-5.21579619771698e-07
2.7219999999998112,0.0,-5.184067123970728e-07
2.722999999999811,0.0,-5.152775116843113e-07
2.723999999999811,0.0,-5.12204950344924e-07
2.724999999999811,0.0,-5.092031943678476e-07
2.725999999999811,0.0,-5.06287578759775e-07
2.7269999999998107,0.0,-5.034745289217172e-07
2.7279999999998106,0.0,-5.007814657170539e-07
2.7289999999998105,0.0,-4.982266995120741e-07
2.7299999999998104,0.0,-4.958293118762707e-07
2.7309999999998102,0.0,-4.93609029637126e-07
2.73199999999981,0.0,-4.915860889581259e-07
2.73299999999981,0.0,-4.897810949625288e-07
2.73399999999981,0.0,-4.882148757686433e-07
2.73499999999981,0.0,-4.869083326500233e-07
2.7359999999998097,0.0,-4.858822890743845e-07
2.7369999999998096,0.0,-4.851573377261526e-07
2.7379999999998095,0.0,-4.847536881180532e-07
2.7389999999998094,0.0,-4.846910168072892e-07
2.7399999999998093,0.0,-4.849883181241965e-07
2.740999999999809,0.0,-4.856637604443183e-07
2.741999999999809,0.0,-4.867345454867803e-07
2.742999999999809,0.0,-4.882167748038368e-07
2.743999999999809,0.0,-4.901253208712035e-07
2.7449999999998087,0.0,-4.924737070140205e-07
2.7459999999998086,0.0,-4.952739941457006e-07
2.7469999999998085,0.0,-4.985366771253278e-07
2.7479999999998084,0.0,-5.022705896275594e-07
2.7489999999998083,0.0,-5.064828195757694e-07
2.749999999999808,0.0,-5.111786345852039e-07
2.750999999999808,0.0,-5.163614182558725e-07
2.751999999999808,0.0,-5.220326178367104e-07
2.752999999999808,0.0,-5.281917032795355e-07
2.7539999999998077,0.0,-5.348361378643281e-07
2.7549999999998076,0.0,-5.419613608037592e-07
2.7559999999998075,0.0,-5.495607814285084e-07
2.7569999999998074,0.0,-5.576257856786653e-07
2.7579999999998073,0.0,-5.661457536712623e-07
2.758999999999807,0.0,-5.751080894932108e-07
2.759999999999807,0.0,-5.844982622852402e-07
2.760999999999807,0.0,-5.94299857137443e-07
2.761999999999807,0.0,-6.044946387618068e-07
2.7629999999998067,0.0,-6.150626229692456e-07
2.7639999999998066,0.0,-6.259821595685319e-07
2.7649999999998065,0.0,-6.372300233718658e-07
2.7659999999998064,0.0,-6.487815138545466e-07
2.7669999999998063,0.0,-6.606105629015215e-07
2.767999999999806,0.0,-6.726898490939086e-07
2.768999999999806,0.0,-6.849909182465273e-07
2.769999999999806,0.0,-6.97484310263123e-07
2.770999999999806,0.0,-7.101396893825962e-07
2.7719999999998057,0.0,-7.229259796825673e-07
2.7729999999998056,0.0,-7.358115021907673e-07
2.7739999999998055,0.0,-7.487641152573578e-07
2.7749999999998054,0.0,-7.617513556072648e-07
2.7759999999998053,0.0,-7.74740580320325e-07
2.776999999999805,0.0,-7.876991074481148e-07
2.777999999999805,0.0,-8.005943566834677e-07
2.778999999999805,0.0,-8.133939875190504e-07
2.779999999999805,0.0,-8.260660338494589e-07
2.7809999999998047,0.0,-8.385790363192288e-07
2.7819999999998046,0.0,-8.509021695831034e-07
2.7829999999998045,0.0,-8.630053650210861e-07
2.7839999999998044,0.0,-8.748594279483566e-07
2.7849999999998043,0.0,-8.864361482300564e-07
2.785999999999804,0.0,-8.977084052419277e-07
2.786999999999804,0.0,-9.086502645506093e-07
2.787999999999804,0.0,-9.19237068128876e-07
2.788999999999804,0.0,-9.294455161859806e-07
2.7899999999998037,0.0,-9.392537406410891e-07
2.7909999999998036,0.0,-9.486413706588489e-07
2.7919999999998035,0.0,-9.575895892468283e-07
2.7929999999998034,0.0,-9.660811813577435e-07
2.7939999999998033,0.0,-9.741005726271066e-07
2.794999999999803,0.0,-9.816338603162572e-07
2.795999999999803,0.0,-9.886688342165636e-07
2.796999999999803,0.0,-9.951949900331544e-07
2.797999999999803,0.0,-1.0012035336312878e-06
2.7989999999998028,0.0,-1.0066873769291128e-06
2.7999999999998026,0.0,-1.01164112627736e-06
2.8009999999998025,0.0,-1.01606106240639e-06
2.8019999999998024,0.0,-1.0199451140028572e-06
2.8029999999998023,0.0,-1.0232928224997268e-06
2.803999999999802,0.0,-1.0261053027154182e-06
2.804999999999802,0.0,-1.0283851948849466e-06
2.805999999999802,0.0,-1.0301366131049476e-06
2.806999999999802,0.0,-1.0313650868015767e-06
2.8079999999998018,0.0,-1.032077499375453e-06
2.8089999999998017,0.0,-1.0322820206622786e-06
2.8099999999998015,0.0,-1.0319880380050295e-06
2.8109999999998014,0.0,-1.0312060824191096e-06
2.8119999999998013,0.0,-1.0299477531653205e-06
2.812999999999801,0.0,-1.0282256401465452e-06
2.813999999999801,0.0,-1.026053244796221e-06
2.814999999999801,0.0,-1.023444899599788e-06
2.815999999999801,0.0,-1.0204156880454708e-06
2.8169999999998008,0.0,-1.0169813629989272e-06
2.8179999999998007,0.0,-1.0131582670652457e-06
2.8189999999998006,0.0,-1.0089632521379758e-06
2.8199999999998004,0.0,-1.0044136013253176e-06
2.8209999999998003,0.0,-9.995269511702176e-07
2.8219999999998002,0.0,-9.943212159207895e-07
2.8229999999998,0.0,-9.888145143409048e-07
2.8239999999998,0.0,-9.830250972366043e-07
2.8249999999998,0.0,-9.76971278403568e-07
2.8259999999998,0.0,-9.706713671540034e-07
2.8269999999997997,0.0,-9.641436040322292e-07
2.8279999999997996,0.0,-9.574060979839242e-07
2.8289999999997995,0.0,-9.504767669326442e-07
2.8299999999997993,0.0,-9.433732802570383e-07
2.8309999999997992,0.0,-9.361130040393621e-07
2.831999999999799,0.0,-9.287129482842569e-07
2.832999999999799,0.0,-9.211897171381034e-07
2.833999999999799,0.0,-9.135594604212688e-07
2.834999999999799,0.0,-9.058378284731496e-07
2.8359999999997987,0.0,-8.980399279213234e-07
2.8369999999997986,0.0,-8.901802806815816e-07
2.8379999999997985,0.0,-8.822727844686448e-07
2.8389999999997984,0.0,-8.74330675190082e-07
2.8399999999997982,0.0,-8.663664924515348e-07
2.840999999999798,0.0,-8.583920465756068e-07
2.841999999999798,0.0,-8.504183881276792e-07
2.842999999999798,0.0,-8.424557813034847e-07
2.843999999999798,0.0,-8.345136787113064e-07
2.8449999999997977,0.0,-8.266007014342554e-07
2.8459999999997976,0.0,-8.18724621587101e-07
2.8469999999997975,0.0,-8.108923507250543e-07
2.8479999999997974,0.0,-8.031099326095432e-07
2.8489999999997973,0.0,-7.953825428698077e-07
2.849999999999797,0.0,-7.877144950452382e-07
2.850999999999797,0.0,-7.80109254762347e-07
2.851999999999797,0.0,-7.725694634177172e-07
2.852999999999797,0.0,-7.650969714025085e-07
2.8539999999997967,0.0,-7.576928833645418e-07
2.8549999999997966,0.0,-7.503576168372342e-07
2.8559999999997965,0.0,-7.43090973665074e-07
2.8569999999997964,0.0,-7.358922292047068e-07
2.8579999999997963,0.0,-7.287602372523366e-07
2.858999999999796,0.0,-7.216935548059662e-07
2.859999999999796,0.0,-7.146905872043907e-07
2.860999999999796,0.0,-7.077502814974979e-07
2.861999999999796,0.0,-7.008726767115417e-07
2.8629999999997957,0.0,-6.940583122598975e-07
2.8639999999997956,0.0,-6.873078116926445e-07
2.8649999999997955,0.0,-6.806220287794764e-07
2.8659999999997954,0.0,-6.740021718199735e-07
2.8669999999997953,0.0,-6.674499070182329e-07
2.867999999999795,0.0,-6.609674444214286e-07
2.868999999999795,0.0,-6.545576062585277e-07
2.869999999999795,0.0,-6.482238797262951e-07
2.870999999999795,0.0,-6.419704562051549e-07
2.8719999999997947,0.0,-6.358022575191598e-07
2.8729999999997946,0.0,-6.297249504436747e-07
2.8739999999997945,0.0,-6.237449525405365e-07
2.8749999999997944,0.0,-6.17869426799356e-07
2.8759999999997943,0.0,-6.121062703484694e-07
2.876999999999794,0.0,-6.064640942859056e-07
2.877999999999794,0.0,-6.009521986444779e-07
2.878999999999794,0.0,-5.95580540394777e-07
2.879999999999794,0.0,-5.90359698028138e-07
2.8809999999997937,0.0,-5.853008300435774e-07
2.8819999999997936,0.0,-5.804156307095353e-07
2.8829999999997935,0.0,-5.757162816510749e-07
2.8839999999997934,0.0,-5.712154010343991e-07
2.8849999999997933,0.0,-5.669259886809669e-07
2.885999999999793,0.0,-5.62861369491047e-07
2.886999999999793,0.0,-5.590351342351034e-07
2.887999999999793,0.0,-5.554610777134285e-07
2.888999999999793,0.0,-5.521531353647542e-07
2.8899999999997927,0.0,-5.491253178508799e-07
2.8909999999997926,0.0,-5.463916436780323e-07
2.8919999999997925,0.0,-5.439660702073134e-07
2.8929999999997924,0.0,-5.418624236718841e-07
2.8939999999997923,0.0,-5.400943272224434e-07
2.894999999999792,0.0,-5.386751285940065e-07
2.895999999999792,0.0,-5.37617825961514e-07
2.896999999999792,0.0,-5.369349938962881e-07
2.897999999999792,0.0,-5.366387088314169e-07
2.8989999999997917,0.0,-5.367404732630223e-07
2.8999999999997916,0.0,-5.37251141717008e-07
2.9009999999997915,0.0,-5.381808455846496e-07
2.9019999999997914,0.0,-5.395389193482575e-07
2.9029999999997913,0.0,-5.413338282561888e-07
2.903999999999791,0.0,-5.435730965609682e-07
2.904999999999791,0.0,-5.462632383123944e-07
2.905999999999791,0.0,-5.494096899099529e-07
2.906999999999791,0.0,-5.530167458515317e-07
2.9079999999997908,0.0,-5.57087497301803e-07
2.9089999999997906,0.0,-5.616237740651926e-07
2.9099999999997905,0.0,-5.666260909702852e-07
2.9109999999997904,0.0,-5.72093597953135e-07
2.9119999999997903,0.0,-5.780240357700243e-07
2.91299999999979,0.0,-5.844136969074578e-07
2.91399999999979,0.0,-5.912573913510365e-07
2.91499999999979,0.0,-5.985484191857351e-07
2.91599999999979,0.0,-6.062785498719938e-07
2.9169999999997898,0.0,-6.144380071125622e-07
2.9179999999997897,0.0,-6.230154618432687e-07
2.9189999999997895,0.0,-6.319980324026121e-07
2.9199999999997894,0.0,-6.413712916299043e-07
2.9209999999997893,0.0,-6.511192824520412e-07
2.921999999999789,0.0,-6.61224541176806e-07
2.922999999999789,0.0,-6.716681286038423e-07
2.923999999999789,0.0,-6.824296691508837e-07
2.924999999999789,0.0,-6.934873987221732e-07
2.9259999999997888,0.0,-7.048182196857286e-07
2.9269999999997887,0.0,-7.163977647138195e-07
2.9279999999997885,0.0,-7.282004675083628e-07
2.9289999999997884,0.0,-7.40199641935913e-07
2.9299999999997883,0.0,-7.523675683052515e-07
2.930999999999788,0.0,-7.646755857272174e-07
2.931999999999788,0.0,-7.770941932142593e-07
2.932999999999788,0.0,-7.895931549440345e-07
2.933999999999788,0.0,-8.021416124581451e-07
2.934999999999788,0.0,-8.147082021618417e-07
2.9359999999997877,0.0,-8.272611771351371e-07
2.9369999999997876,0.0,-8.397685337015359e-07
2.9379999999997874,0.0,-8.521981409497959e-07
2.9389999999997873,0.0,-8.645178734548761e-07
2.9399999999997872,0.0,-8.766957464925367e-07
2.940999999999787,0.0,-8.887000518211654e-07
2.941999999999787,0.0,-9.004994952648956e-07
2.942999999999787,0.0,-9.120633335689625e-07
2.943999999999787,0.0,-9.233615105182428e-07
2.9449999999997867,0.0,-9.343647911935807e-07
2.9459999999997866,0.0,-9.450448945387866e-07
2.9469999999997865,0.0,-9.553746217602957e-07
2.9479999999997863,0.0,-9.653279812567874e-07
2.9489999999997862,0.0,-9.748803087829586e-07
2.949999999999786,0.0,-9.840083810939013e-07
2.950999999999786,0.0,-9.92690524985817e-07
2.951999999999786,0.0,-1.0009067174372949e-06
2.952999999999786,0.0,-1.0086386793209342e-06
2.9539999999997857,0.0,-1.0158699598096647e-06
2.9549999999997856,0.0,-1.022586012538947e-06
2.9559999999997855,0.0,-1.0287742619433731e-06
2.9569999999997854,0.0,-1.0344241593617964e-06
2.9579999999997852,0.0,-1.0395272291900792e-06
2.958999999999785,0.0,-1.0440771033468493e-06
2.959999999999785,0.0,-1.048069545545659e-06
2.960999999999785,0.0,-1.0515024637047964e-06
2.961999999999785,0.0,-1.0543759103811442e-06
2.9629999999997847,0.0,-1.0566920724300412e-06
2.9639999999997846,0.0,-1.0584552482363948e-06
2.9649999999997845,0.0,-1.059671813463797e-06
2.9659999999997844,0.0,-1.0603501757950112e-06
2.9669999999997843,0.0,-1.0605007170029115e-06
2.967999999999784,0.0,-1.060135725598393e-06
2.968999999999784,0.0,-1.0592693178744384e-06
2.969999999999784,0.0,-1.0579173480860457e-06
2.970999999999784,0.0,-1.0560973100176224e-06
2.9719999999997837,0.0,-1.0538282280900492e-06
2.9729999999997836,0.0,-1.051130540559922e-06
2.9739999999997835,0.0,-1.048025974018591e-06
2.9749999999997834,0.0,-1.0445374108362757e-06
2.9759999999997833,0.0,-1.040688749654167e-06
2.976999999999783,0.0,-1.0365047609056873e-06
2.977999999999783,0.0,-1.0320109356849934e-06
2.978999999999783,0.0,-1.0272333325034047e-06
2.979999999999783,0.0,-1.022198419516054e-06
2.9809999999997827,0.0,-1.0169329148009115e-06
2.9819999999997826,0.0,-1.0114636261061884e-06
2.9829999999997825,0.0,-1.005817289467202e-06
2.9839999999997824,0.0,-1.0000204097723034e-06
2.9849999999997823,0.0,-9.940991022426274e-07
2.985999999999782,0.0,-9.880789380918361e-07
2.986999999999782,0.0,-9.819847945305139e-07
2.987999999999782,0.0,-9.758407092567065e-07
2.988999999999782,0.0,-9.696697431515283e-07
2.9899999999997817,0.0,-9.63493850679552e-07
2.9909999999997816,0.0,-9.573337591347336e-07
2.9919999999997815,0.0,-9.512088593640418e-07
2.9929999999997814,0.0,-9.451371088569971e-07
2.9939999999997813,0.0,-9.391349482711132e-07
2.994999999999781,0.0,-9.332172323861052e-07
2.995999999999781,0.0,-9.273971787735349e-07
2.996999999999781,0.0,-9.216863344822156e-07
2.997999999999781,0.0,-9.16094560577438e-07
2.9989999999997807,0.0,-9.106300413400714e-07
2.9999999999997806,0.0,-9.052993123783009e-07
3.0009999999997805,0.0,-9.001073166522333e-07
3.0019999999997804,0.0,-8.950574836172232e-07
3.0029999999997803,0.0,-8.901518377867869e-07
3.00399999999978,0.0,-8.853911366484196e-07
3.00499999999978,0.0,-8.807750379241875e-07
3.00599999999978,0.0,-8.763023009450295e-07
3.00699999999978,0.0,-8.719710219475676e-07
3.0079999999997797,0.0,-8.677789044104843e-07
3.0089999999997796,0.0,-8.637235687330305e-07
3.0099999999997795,0.0,-8.598028988976379e-07
3.0109999999997794,0.0,-8.560163517308992e-07
3.0119999999997793,0.0,-8.522029609535325e-07
3.012999999999779,0.0,-8.483592750797607e-07
3.013999999999779,0.0,-8.4448176494084e-07
3.014999999999779,0.0,-8.405670833242106e-07
3.015999999999779,0.0,-8.366122895545567e-07
3.0169999999997787,0.0,-8.326150411113515e-07
3.0179999999997786,0.0,-8.285737561308037e-07
3.0189999999997785,0.0,-8.244877456816275e-07
3.0199999999997784,0.0,-8.203573204982628e-07
3.0209999999997783,0.0,-8.16183871849855e-07
3.021999999999778,0.0,-8.119699299418689e-07
3.022999999999778,0.0,-8.077192004964897e-07
3.023999999999778,0.0,-8.034365815329147e-07
3.024999999999778,0.0,-7.991281618968058e-07
3.0259999999997778,0.0,-7.948012030870429e-07
3.0269999999997776,0.0,-7.904641056803235e-07
3.0279999999997775,0.0,-7.861263626756081e-07
3.0289999999997774,0.0,-7.817984993215741e-07
3.0299999999997773,0.0,-7.77492003112498e-07
3.030999999999777,0.0,-7.732192434905143e-07
3.031999999999777,0.0,-7.689933829114702e-07
3.032999999999777,0.0,-7.64828280953004e-07
3.033999999999777,0.0,-7.607383922097927e-07
3.0349999999997768,0.0,-7.567386591670716e-07
3.0359999999997767,0.0,-7.528444006353961e-07
3.0369999999997765,0.0,-7.490711976179663e-07
3.0379999999997764,0.0,-7.454347773219641e-07
3.0389999999997763,0.0,-7.419508950981587e-07
3.039999999999776,0.0,-7.386352168486889e-07
3.040999999999776,0.0,-7.355032016730242e-07
3.041999999999776,0.0,-7.325699857628121e-07
3.042999999999776,0.0,-7.298502685941062e-07
3.0439999999997758,0.0,-7.273582016913033e-07
3.0449999999997757,0.0,-7.251072806493101e-07
3.0459999999997756,0.0,-7.231102418607658e-07
3.0469999999997754,0.0,-7.213789634240075e-07
3.0479999999997753,0.0,-7.199243721728961e-07
3.0489999999997752,0.0,-7.187563550952586e-07
3.049999999999775,0.0,-7.178836794042233e-07
3.050999999999775,0.0,-7.173139174300744e-07
3.051999999999775,0.0,-7.170533798290337e-07
3.052999999999775,0.0,-7.171070569566654e-07
3.0539999999997747,0.0,-7.174785673527007e-07
3.0549999999997746,0.0,-7.181701157172436e-07
3.0559999999997745,0.0,-7.191824586611985e-07
3.0569999999997743,0.0,-7.205148800806754e-07
3.0579999999997742,0.0,-7.22165175106982e-07
3.058999999999774,0.0,-7.24129643476915e-07
3.059999999999774,0.0,-7.26403092575501e-07
3.060999999999774,0.0,-7.289788478645847e-07
3.061999999999774,0.0,-7.318487749435058e-07
3.0629999999997737,0.0,-7.350033089115219e-07
3.0639999999997736,0.0,-7.384314921860318e-07
3.0649999999997735,0.0,-7.421210223999127e-07
3.0659999999997734,0.0,-7.460583067297486e-07
3.0669999999997732,0.0,-7.502285250377196e-07
3.067999999999773,0.0,-7.546156997554724e-07
3.068999999999773,0.0,-7.59202773400479e-07
3.069999999999773,0.0,-7.639716911500915e-07
3.070999999999773,0.0,-7.689034903995113e-07
3.0719999999997727,0.0,-7.739783945882045e-07
3.0729999999997726,0.0,-7.791759116995496e-07
3.0739999999997725,0.0,-7.844749374164297e-07
3.0749999999997724,0.0,-7.898538595545728e-07
3.0759999999997722,0.0,-7.952906668312815e-07
3.076999999999772,0.0,-8.007630581093363e-07
3.077999999999772,0.0,-8.062485531402609e-07
3.078999999999772,0.0,-8.117246030880853e-07
3.079999999999772,0.0,-8.171687014215181e-07
3.0809999999997717,0.0,-8.225584924358518e-07
3.0819999999997716,0.0,-8.278718790925915e-07
3.0829999999997715,0.0,-8.330871274329356e-07
3.0839999999997714,0.0,-8.381829679669611e-07
3.0849999999997713,0.0,-8.431386941852085e-07
3.085999999999771,0.0,-8.479342550102027e-07
3.086999999999771,0.0,-8.525503436907211e-07
3.087999999999771,0.0,-8.569684810298241e-07
3.088999999999771,0.0,-8.611710922523321e-07
3.0899999999997707,0.0,-8.651415781553316e-07
3.0909999999997706,0.0,-8.688643793777753e-07
3.0919999999997705,0.0,-8.723250334678498e-07
3.0929999999997704,0.0,-8.75510225538334e-07
3.0939999999997703,0.0,-8.784078308225779e-07
3.09499999999977,0.0,-8.810069501865709e-07
3.09599999999977,0.0,-8.832979374962975e-07
3.09699999999977,0.0,-8.852724200349318e-07
3.09799999999977,0.0,-8.869233109257199e-07
3.0989999999997697,0.0,-8.882448136586713e-07
3.0999999999997696,0.0,-8.892324205852812e-07
3.1009999999997695,0.0,-8.898829022275286e-07
3.1019999999997694,0.0,-8.901942911994135e-07
3.1029999999997693,0.0,-8.901658587627922e-07
3.103999999999769,0.0,-8.897980848350067e-07
3.104999999999769,0.0,-8.89092622516488e-07
3.105999999999769,0.0,-8.880522563596312e-07
3.106999999999769,0.0,-8.866808559925342e-07
3.1079999999997687,0.0,-8.849833246100202e-07
3.1089999999997686,0.0,-8.829655429856163e-07
3.1099999999997685,0.0,-8.806343106516213e-07
3.1109999999997684,0.0,-8.779972826341385e-07
3.1119999999997683,0.0,-8.750629046363683e-07
3.112999999999768,0.0,-8.71840344803778e-07
3.113999999999768,0.0,-8.683394250728576e-07
3.114999999999768,0.0,-8.645705507773946e-07
3.115999999999768,0.0,-8.605446395773614e-07
3.1169999999997677,0.0,-8.562730507684053e-07
3.1179999999997676,0.0,-8.517675146738196e-07
3.1189999999997675,0.0,-8.470400634979021e-07
3.1199999999997674,0.0,-8.421029623904287e-07
3.1209999999997673,0.0,-8.369686440818092e-07
3.121999999999767,0.0,-8.316496441503514e-07
3.122999999999767,0.0,-8.261585395251416e-07
3.123999999999767,0.0,-8.205078898949267e-07
3.124999999999767,0.0,-8.14710181616825e-07
3.1259999999997667,0.0,-8.087777763158652e-07
3.1269999999997666,0.0,-8.027228613737519e-07
3.1279999999997665,0.0,-7.96557405363054e-07
3.1289999999997664,0.0,-7.902931164801149e-07
3.1299999999997663,0.0,-7.839414055305361e-07
3.130999999999766,0.0,-7.775133518329612e-07
3.131999999999766,0.0,-7.7101967390219e-07
3.132999999999766,0.0,-7.644707030461165e-07
3.133999999999766,0.0,-7.578763614113536e-07
3.1349999999997658,0.0,-7.512461424831513e-07
3.1359999999997656,0.0,-7.445890960862263e-07
3.1369999999997655,0.0,-7.379138157861143e-07
3.1379999999997654,0.0,-7.312284296960887e-07
3.1389999999997653,0.0,-7.245405936734362e-07
3.139999999999765,0.0,-7.178574876803931e-07
3.140999999999765,0.0,-7.111858143567668e-07
3.141999999999765,0.0,-7.045317993650374e-07
3.142999999999765,0.0,-6.979011948428485e-07
3.1439999999997648,0.0,-6.912992840905199e-07
3.1449999999997647,0.0,-6.847308882369521e-07
3.1459999999997645,0.0,-6.782003755543702e-07
3.1469999999997644,0.0,-6.71711671663525e-07
3.1479999999997643,0.0,-6.652682721561124e-07
3.148999999999764,0.0,-6.588732579153233e-07
3.149999999999764,0.0,-6.525293115334114e-07
3.150999999999764,0.0,-6.46238737271233e-07
3.151999999999764,0.0,-6.400034838606038e-07
3.1529999999997638,0.0,-6.338251698928998e-07
3.1539999999997637,0.0,-6.27705113432265e-07
3.1549999999997635,0.0,-6.216443661110048e-07
3.1559999999997634,0.0,-6.156437516629641e-07
3.1569999999997633,0.0,-6.09703909840405e-07
3.157999999999763,0.0,-6.038253465128171e-07
3.158999999999763,0.0,-5.980084908879511e-07
3.159999999999763,0.0,-5.922537592132157e-07
3.160999999999763,0.0,-5.865616267705905e-07
3.161999999999763,0.0,-5.80932168838353e-07
3.1629999999997627,0.0,-5.753644170685447e-07
3.1639999999997626,0.0,-5.698568170436606e-07
3.1649999999997624,0.0,-5.644078435068686e-07
3.1659999999997623,0.0,-5.590160752663464e-07
3.1669999999997622,0.0,-5.536802584032383e-07
3.167999999999762,0.0,-5.483993587162658e-07
3.168999999999762,0.0,-5.431726040506402e-07
3.169999999999762,0.0,-5.379995185705082e-07
3.170999999999762,0.0,-5.328799490641747e-07
3.1719999999997617,0.0,-5.278140858235063e-07
3.1729999999997616,0.0,-5.228024775215661e-07
3.1739999999997615,0.0,-5.178460417488952e-07
3.1749999999997613,0.0,-5.129460730215876e-07
3.1759999999997612,0.0,-5.081042469147225e-07
3.176999999999761,0.0,-5.033226227159604e-07
3.177999999999761,0.0,-4.986036443849236e-07
3.178999999999761,0.0,-4.939501399502613e-07
3.179999999999761,0.0,-4.893653205723436e-07
3.1809999999997607,0.0,-4.848527788978222e-07
3.1819999999997606,0.0,-4.804164864008894e-07
3.1829999999997605,0.0,-4.760607905817254e-07
3.1839999999997604,0.0,-4.717904117165017e-07
3.1849999999997602,0.0,-4.6761043886611685e-07
3.18599999999976,0.0,-4.635263248192477e-07
3.18699999999976,0.0,-4.5954388066153855e-07
3.18799999999976,0.0,-4.556692684435754e-07
3.18899999999976,0.0,-4.5190899260675476e-07
3.1899999999997597,0.0,-4.482698898526514e-07
3.1909999999997596,0.0,-4.447591160840144e-07
3.1919999999997595,0.0,-4.4138413218559694e-07
3.1929999999997594,0.0,-4.38152685968572e-07
3.1939999999997593,0.0,-4.350727917326792e-07
3.194999999999759,0.0,-4.3215270664858375e-07
3.195999999999759,0.0,-4.294009036107548e-07
3.196999999999759,0.0,-4.26826040633259e-07
3.197999999999759,0.0,-4.244369263549707e-07
3.1989999999997587,0.0,-4.222424826690223e-07
3.1999999999997586,0.0,-4.202517021593903e-07
3.2009999999997585,0.0,-4.1847360353040113e-07
3.2019999999997584,0.0,-4.169171822192941e-07
3.2029999999997583,0.0,-4.1559135807232124e-07
3.203999999999758,0.0,-4.1450492020612305e-07
3.204999999999758,0.0,-4.136664680235304e-07
3.205999999999758,0.0,-4.130843507142865e-07
3.206999999999758,0.0,-4.1276660329283075e-07
3.2079999999997577,0.0,-4.127208823232438e-07
3.2089999999997576,0.0,-4.129543992528303e-07
3.2099999999997575,0.0,-4.134738527268145e-07
3.2109999999997574,0.0,-4.142853618588922e-07
3.2119999999997573,0.0,-4.1539439844445945e-07
3.212999999999757,0.0,-4.1680572088833165e-07
3.213999999999757,0.0,-4.185233089084864e-07
3.214999999999757,0.0,-4.205503007767068e-07
3.215999999999757,0.0,-4.2288893317327906e-07
3.2169999999997567,0.0,-4.25540483826674e-07
3.2179999999997566,0.0,-4.28505218415088e-07
3.2189999999997565,0.0,-4.3178234203848917e-07
3.2199999999997564,0.0,-4.353699547950234e-07
3.2209999999997563,0.0,-4.39265013750287e-07
3.221999999999756,0.0,-4.4346330040453233e-07
3.222999999999756,0.0,-4.479593943426794e-07
3.223999999999756,0.0,-4.5274665457791953e-07
3.224999999999756,0.0,-4.578172064908331e-07
3.2259999999997557,0.0,-4.631619381514774e-07
3.2269999999997556,0.0,-4.687705022597327e-07
3.2279999999997555,0.0,-4.746313279152617e-07
3.2289999999997554,0.0,-4.807316390528616e-07
3.2299999999997553,0.0,-4.870574811315574e-07
3.230999999999755,0.0,-4.935937569221015e-07
3.231999999999755,0.0,-5.003242686817828e-07
3.232999999999755,0.0,-5.072317695481987e-07
3.233999999999755,0.0,-5.142980221318127e-07
3.2349999999997547,0.0,-5.215038644305305e-07
3.2359999999997546,0.0,-5.288292828304297e-07
3.2369999999997545,0.0,-5.362534928941643e-07
3.2379999999997544,0.0,-5.437550246189477e-07
3.2389999999997543,0.0,-5.513118152516449e-07
3.239999999999754,0.0,-5.589013064961087e-07
3.240999999999754,0.0,-5.665005469951395e-07
3.241999999999754,0.0,-5.740862985798339e-07
3.242999999999754,0.0,-5.81635145945031e-07
3.2439999999997537,0.0,-5.891236096732634e-07
3.2449999999997536,0.0,-5.965282603540029e-07
3.2459999999997535,0.0,-6.038258346731729e-07
3.2469999999997534,0.0,-6.109933524683434e-07
3.2479999999997533,0.0,-6.180082319221248e-07
3.248999999999753,0.0,-6.248484057677591e-07
3.249999999999753,0.0,-6.314924337842816e-07
3.250999999999753,0.0,-6.379196144187175e-07
3.251999999999753,0.0,-6.441100915151348e-07
3.2529999999997528,0.0,-6.500449578509925e-07
3.2539999999997526,0.0,-6.557063536336498e-07
3.2549999999997525,0.0,-6.610775589403101e-07
3.2559999999997524,0.0,-6.661430811670568e-07
3.2569999999997523,0.0,-6.708887340223976e-07
3.257999999999752,0.0,-6.753017102356865e-07
3.258999999999752,0.0,-6.793706460815227e-07
3.259999999999752,0.0,-6.830856769967405e-07
3.260999999999752,0.0,-6.864384851035749e-07
3.2619999999997518,0.0,-6.894223366554117e-07
3.2629999999997517,0.0,-6.920321108578651e-07
3.2639999999997515,0.0,-6.94264317991189e-07
3.2649999999997514,0.0,-6.961171087312187e-07
3.2659999999997513,0.0,-6.975902722043705e-07
3.266999999999751,0.0,-6.9868522558972e-07
3.267999999999751,0.0,-6.994049920460784e-07
3.268999999999751,0.0,-6.997541699909864e-07
3.269999999999751,0.0,-6.99738892633602e-07
3.2709999999997508,0.0,-6.993667770868217e-07
3.2719999999997507,0.0,-6.986468657664904e-07
3.2729999999997506,0.0,-6.975895580020043e-07
3.2739999999997504,0.0,-6.962065337165848e-07
3.2749999999997503,0.0,-6.945106693864852e-07
3.2759999999997502,0.0,-6.925159461816502e-07
3.27699999999975,0.0,-6.902373523221556e-07
3.27799999999975,0.0,-6.876907782992005e-07
3.27899999999975,0.0,-6.848929070037255e-07
3.27999999999975,0.0,-6.818610993881278e-07
3.2809999999997497,0.0,-6.786132757760477e-07
3.2819999999997496,0.0,-6.751677940395616e-07
3.2829999999997495,0.0,-6.715433249166558e-07
3.2839999999997493,0.0,-6.677587260754926e-07
3.2849999999997492,0.0,-6.638329151545304e-07
3.285999999999749,0.0,-6.597847426250618e-07
3.286999999999749,0.0,-6.556328659750725e-07
3.287999999999749,0.0,-6.513956250883559e-07
3.288999999999749,0.0,-6.470909208030946e-07
3.2899999999997487,0.0,-6.427360967734871e-07
3.2909999999997486,0.0,-6.383478265357641e-07
3.2919999999997485,0.0,-6.339420055703213e-07
3.2929999999997484,0.0,-6.295336505288852e-07
3.2939999999997482,0.0,-6.251368057173472e-07
3.294999999999748,0.0,-6.207644592451562e-07
3.295999999999748,0.0,-6.164284683261651e-07
3.296999999999748,0.0,-6.121394960251259e-07
3.297999999999748,0.0,-6.079069603603301e-07
3.2989999999997477,0.0,-6.037389973416532e-07
3.2999999999997476,0.0,-5.99642437396957e-07
3.3009999999997475,0.0,-5.956227993660782e-07
3.3019999999997474,0.0,-5.916843014435668e-07
3.3029999999997472,0.0,-5.878298903598893e-07
3.303999999999747,0.0,-5.84061290974474e-07
3.304999999999747,0.0,-5.803790771071269e-07
3.305999999999747,0.0,-5.767827656190403e-07
3.306999999999747,0.0,-5.7327093505657e-07
3.3079999999997467,0.0,-5.698413690630814e-07
3.3089999999997466,0.0,-5.664912286147032e-07
3.3099999999997465,0.0,-5.632172521889154e-07
3.3109999999997464,0.0,-5.600159875759872e-07
3.3119999999997463,0.0,-5.568863052449267e-07
3.312999999999746,0.0,-5.537335972028066e-07
3.313999999999746,0.0,-5.505597124151588e-07
3.314999999999746,0.0,-5.47366477727666e-07
3.315999999999746,0.0,-5.441559961149454e-07
3.3169999999997457,0.0,-5.409309004715741e-07
3.3179999999997456,0.0,-5.376945676952778e-07
3.3189999999997455,0.0,-5.344512933404183e-07
3.3199999999997454,0.0,-5.312064304198342e-07
3.3209999999997453,0.0,-5.279664964675161e-07
3.321999999999745,0.0,-5.247392484684194e-07
3.322999999999745,0.0,-5.215337296751389e-07
3.323999999999745,0.0,-5.183602908071511e-07
3.324999999999745,0.0,-5.152305860258055e-07
3.3259999999997447,0.0,-5.121575481971286e-07
3.3269999999997446,0.0,-5.091553428981182e-07
3.3279999999997445,0.0,-5.062393052860209e-07
3.3289999999997444,0.0,-5.03425860859507e-07
3.3299999999997443,0.0,-5.007324305087119e-07
3.330999999999744,0.0,-4.981773247777489e-07
3.331999999999744,0.0,-4.957796257413861e-07
3.332999999999744,0.0,-4.935590599692198e-07
3.333999999999744,0.0,-4.915358641254839e-07
3.3349999999997437,0.0,-4.897306438290385e-07
3.3359999999997436,0.0,-4.88164227124099e-07
3.3369999999997435,0.0,-4.868575161817777e-07
3.3379999999997434,0.0,-4.85831334364002e-07
3.3389999999997433,0.0,-4.851062747538604e-07
3.339999999999743,0.0,-4.847025475095144e-07
3.340999999999743,0.0,-4.846398293375879e-07
3.341999999999743,0.0,-4.849371149006026e-07
3.342999999999743,0.0,-4.856125728136698e-07
3.3439999999997427,0.0,-4.866834052968687e-07
3.3449999999997426,0.0,-4.881657138740514e-07
3.3459999999997425,0.0,-4.900743714251533e-07
3.3469999999997424,0.0,-4.92422901400039e-07
3.3479999999997423,0.0,-4.952233647697492e-07
3.348999999999742,0.0,-4.984862564983335e-07
3.349999999999742,0.0,-5.022204103913473e-07
3.350999999999742,0.0,-5.064329140568564e-07
3.351999999999742,0.0,-5.111290351236908e-07
3.3529999999997417,0.0,-5.163121570650777e-07
3.3539999999997416,0.0,-5.219837268459283e-07
3.3549999999997415,0.0,-5.281432140113702e-07
3.3559999999997414,0.0,-5.347880816849642e-07
3.3569999999997413,0.0,-5.419137684495879e-07
3.357999999999741,0.0,-5.495136832259377e-07
3.358999999999741,0.0,-5.5757921113743e-07
3.359999999999741,0.0,-5.660997317528062e-07
3.360999999999741,0.0,-5.750626488247345e-07
3.3619999999997408,0.0,-5.844534300170169e-07
3.3629999999997406,0.0,-5.942556600369302e-07
3.3639999999997405,0.0,-6.044511023138238e-07
3.3649999999997404,0.0,-6.150197720139993e-07
3.3659999999997403,0.0,-6.259400176438331e-07
3.36699999999974,0.0,-6.371886129444647e-07
3.36799999999974,0.0,-6.487408563440073e-07
3.36899999999974,0.0,-6.605706784571189e-07
3.36999999999974,0.0,-6.726507563361247e-07
3.3709999999997398,0.0,-6.849526347354861e-07
3.3719999999997397,0.0,-6.974468521050721e-07
3.3729999999997395,0.0,-7.101030713229353e-07
3.3739999999997394,0.0,-7.228902149230851e-07
3.3749999999997393,0.0,-7.357766026250928e-07
3.375999999999739,0.0,-7.48730090988531e-07
3.376999999999739,0.0,-7.617182155964646e-07
3.377999999999739,0.0,-7.74708331531503e-07
3.378999999999739,0.0,-7.876677556037474e-07
3.3799999999997388,0.0,-8.005639058619822e-07
3.3809999999997387,0.0,-8.133644401161318e-07
3.3819999999997385,0.0,-8.260373906710783e-07
3.3829999999997384,0.0,-8.385512966606759e-07
3.3839999999997383,0.0,-8.508753310157629e-07
3.384999999999738,0.0,-8.629794237925415e-07
3.385999999999738,0.0,-8.748343784694995e-07
3.386999999999738,0.0,-8.864119836925313e-07
3.387999999999738,0.0,-8.976851169150682e-07
3.3889999999997378,0.0,-9.086278424960274e-07
3.3899999999997377,0.0,-9.192155008802142e-07
3.3909999999997376,0.0,-9.294247907085722e-07
3.3919999999997374,0.0,-9.392338427386482e-07
3.3929999999997373,0.0,-9.486222845560781e-07
3.3939999999997372,0.0,-9.575712980455045e-07
3.394999999999737,0.0,-9.660636668934701e-07
3.395999999999737,0.0,-9.7408381559445e-07
3.396999999999737,0.0,-9.816178400637538e-07
3.397999999999737,0.0,-9.886535293501709e-07
3.3989999999997367,0.0,-9.951803780457821e-07
3.3999999999997366,0.0,-1.0011895908690458e-06
3.4009999999997365,0.0,-1.00667407914948e-06
3.4019999999997363,0.0,-1.0116284483281146e-06
3.4029999999997362,0.0,-1.0160489786611116e-06
3.403999999999736,0.0,-1.0199335977533631e-06
3.404999999999736,0.0,-1.023281846906936e-06
3.405999999999736,0.0,-1.0260948403219817e-06
3.406999999999736,0.0,-1.0283752179075051e-06
3.4079999999997357,0.0,-1.0301270933254601e-06
3.4089999999997356,0.0,-1.0313559961213752e-06
3.4099999999997355,0.0,-1.032068809071016e-06
3.4109999999997354,0.0,-1.0322737025892469e-06
3.4119999999997352,0.0,-1.0319800636983846e-06
3.412999999999735,0.0,-1.0311984236521667e-06
3.413999999999735,0.0,-1.0299403818999212e-06
3.414999999999735,0.0,-1.0282185287940307e-06
3.415999999999735,0.0,-1.0260463660350801e-06
3.4169999999997347,0.0,-1.0234382267094892e-06
3.4179999999997346,0.0,-1.02040919468624e-06
3.4189999999997345,0.0,-1.0169750237472778e-06
3.4199999999997344,0.0,-1.0131520569406047e-06
3.4209999999997343,0.0,-1.0089571470081392e-06
3.421999999999734,0.0,-1.0044075780999165e-06
3.422999999999734,0.0,-9.995209874483622e-07
3.423999999999734,0.0,-9.943152903549512e-07
3.424999999999734,0.0,-9.88808606596575e-07
3.4259999999997337,0.0,-9.83019188075857e-07
3.4269999999997336,0.0,-9.76965349710167e-07
3.4279999999997335,0.0,-9.706654020017349e-07
3.4289999999997334,0.0,-9.64137586522924e-07
3.4299999999997333,0.0,-9.574000136245118e-07
3.430999999999733,0.0,-9.504706022881477e-07
3.431999999999733,0.0,-9.433670233025188e-07
3.432999999999733,0.0,-9.361066438289679e-07
3.433999999999733,0.0,-9.287064753173682e-07
3.4349999999997327,0.0,-9.211831229077745e-07
3.4359999999997326,0.0,-9.135527378544662e-07
3.4369999999997325,0.0,-9.058309716883021e-07
3.4379999999997324,0.0,-8.980329320941306e-07
3.4389999999997323,0.0,-8.901731422852003e-07
3.439999999999732,0.0,-8.822655009163935e-07
3.440999999999732,0.0,-8.743232451592916e-07
3.441999999999732,0.0,-8.663589155296497e-07
3.442999999999732,0.0,-8.583843233050003e-07
3.4439999999997317,0.0,-8.504105200710007e-07
3.4449999999997316,0.0,-8.42447770558605e-07
3.4459999999997315,0.0,-8.345055286052229e-07
3.4469999999997314,0.0,-8.26592415466721e-07
3.4479999999997313,0.0,-8.187162042583092e-07
3.448999999999731,0.0,-8.108838068646501e-07
3.449999999999731,0.0,-8.031012676766372e-07
3.450999999999731,0.0,-7.95373762556988e-07
3.451999999999731,0.0,-7.877056052821209e-07
3.4529999999997307,0.0,-7.801002619149275e-07
3.4539999999997306,0.0,-7.725603736932685e-07
3.4549999999997305,0.0,-7.650877912957503e-07
3.4559999999997304,0.0,-7.576836194374177e-07
3.4569999999997303,0.0,-7.503482751726539e-07
3.45799999999973,0.0,-7.430815606291998e-07
3.45899999999973,0.0,-7.358827506414975e-07
3.45999999999973,0.0,-7.28750698958053e-07
3.46099999999973,0.0,-7.216839622870306e-07
3.4619999999997297,0.0,-7.146809456905587e-07
3.4629999999997296,0.0,-7.077405959752005e-07
3.4639999999997295,0.0,-7.008629521400936e-07
3.4649999999997294,0.0,-6.940485535469028e-07
3.4659999999997293,0.0,-6.872980240456307e-07
3.466999999999729,0.0,-6.806122173747388e-07
3.467999999999729,0.0,-6.739923418267067e-07
3.468999999999729,0.0,-6.674400637989942e-07
3.469999999999729,0.0,-6.609575935623939e-07
3.4709999999997287,0.0,-6.545477532535643e-07
3.4719999999997286,0.0,-6.482140306831649e-07
3.4729999999997285,0.0,-6.419606172619773e-07
3.4739999999997284,0.0,-6.357924349103758e-07
3.4749999999997283,0.0,-6.297151512411855e-07
3.475999999999728,0.0,-6.237351836933725e-07
3.476999999999728,0.0,-6.178596960868042e-07
3.477999999999728,0.0,-6.120965857530591e-07
3.478999999999728,0.0,-6.064544643637723e-07
3.4799999999997278,0.0,-6.009426325080745e-07
3.4809999999997276,0.0,-5.95571047840685e-07
3.4819999999997275,0.0,-5.903502890900378e-07
3.4829999999997274,0.0,-5.852915154261056e-07
3.4839999999997273,0.0,-5.804064217668803e-07
3.484999999999727,0.0,-5.757071905429844e-07
3.485999999999727,0.0,-5.712064401748023e-07
3.486999999999727,0.0,-5.669171712951152e-07
3.487999999999727,0.0,-5.628527093496009e-07
3.4889999999997268,0.0,-5.590266455773641e-07
3.4899999999997267,0.0,-5.554527753761776e-07
3.4909999999997265,0.0,-5.521450348680788e-07
3.4919999999997264,0.0,-5.491174349721354e-07
3.4929999999997263,0.0,-5.463839947815584e-07
3.493999999999726,0.0,-5.439586721736333e-07
3.494999999999726,0.0,-5.418552934041607e-07
3.495999999999726,0.0,-5.400874823684776e-07
3.496999999999726,0.0,-5.386685867608481e-07
3.4979999999997258,0.0,-5.376116050208904e-07
3.4989999999997257,0.0,-5.369291120117725e-07
3.4999999999997256,0.0,-5.366331842690782e-07
3.5009999999997254,0.0,-5.367353241633822e-07
3.5019999999997253,0.0,-5.372463863189679e-07
3.5029999999997252,0.0,-5.381765018681955e-07
3.503999999999725,0.0,-5.39535005297492e-07
3.504999999999725,0.0,-5.413303614575801e-07
3.505999999999725,0.0,-5.435700943408345e-07
3.506999999999725,0.0,-5.462607175273846e-07
3.5079999999997247,0.0,-5.494076670816487e-07
3.5089999999997246,0.0,-5.530152369421107e-07
3.5099999999997245,0.0,-5.570865176576445e-07
3.5109999999997243,0.0,-5.616233383493704e-07
3.5119999999997242,0.0,-5.666262129765112e-07
3.512999999999724,0.0,-5.720942908346253e-07
3.513999999999724,0.0,-5.780253117826422e-07
3.514999999999724,0.0,-5.844155673323277e-07
3.515999999999724,0.0,-5.912598663257748e-07
3.5169999999997237,0.0,-5.985515080362249e-07
3.5179999999997236,0.0,-6.062822606464194e-07
3.5189999999997235,0.0,-6.144423466810236e-07
3.5199999999997234,0.0,-6.230204359134236e-07
3.5209999999997232,0.0,-6.320036452957494e-07
3.521999999999723,0.0,-6.41377546383028e-07
3.522999999999723,0.0,-6.51126180929834e-07
3.523999999999723,0.0,-6.612320836583527e-07
3.524999999999723,0.0,-6.716763138978867e-07
3.5259999999997227,0.0,-6.824384947868243e-07
3.5269999999997226,0.0,-6.934968605960614e-07
3.5279999999997225,0.0,-7.048283123327682e-07
3.5289999999997224,0.0,-7.164084810144631e-07
3.5299999999997222,0.0,-7.282117988677816e-07
3.530999999999722,0.0,-7.402115780880619e-07
3.531999999999722,0.0,-7.523800974676414e-07
3.532999999999722,0.0,-7.646886947326367e-07
3.533999999999722,0.0,-7.771078669731857e-07
3.5349999999997217,0.0,-7.896073771485218e-07
3.5359999999997216,0.0,-8.021563652591053e-07
3.5369999999997215,0.0,-8.147234659764025e-07
3.5379999999997214,0.0,-8.272769311117833e-07
3.5389999999997213,0.0,-8.397847551800514e-07
3.539999999999721,0.0,-8.522148058663073e-07
3.540999999999721,0.0,-8.645349566308166e-07
3.541999999999721,0.0,-8.767132208846568e-07
3.542999999999721,0.0,-8.887178894139464e-07
3.5439999999997207,0.0,-9.005176665346073e-07
3.5449999999997206,0.0,-9.120818078212e-07
3.5459999999997205,0.0,-9.233802554137286e-07
3.5469999999997204,0.0,-9.343837737755929e-07
3.5479999999997203,0.0,-9.450640802304287e-07
3.54899999999972,0.0,-9.553939751745837e-07
3.54999999999972,0.0,-9.653474658549978e-07
3.55099999999972,0.0,-9.748998869890605e-07
3.55199999999972,0.0,-9.840280146979543e-07
3.5529999999997197,0.0,-9.927101746294337e-07
3.5539999999997196,0.0,-1.0009263431981553e-06
3.5549999999997195,0.0,-1.0086582404551052e-06
3.5559999999997194,0.0,-1.015889414839689e-06
3.5569999999997193,0.0,-1.022605319611138e-06
3.557999999999719,0.0,-1.0287933786088275e-06
3.558999999999719,0.0,-1.034443042877707e-06
3.559999999999719,0.0,-1.0395458363015719e-06
3.560999999999719,0.0,-1.044095390603114e-06
3.5619999999997187,0.0,-1.0480874693806292e-06
3.5629999999997186,0.0,-1.051519980175353e-06
3.5639999999997185,0.0,-1.0543929756857687e-06
3.5649999999997184,0.0,-1.0567086430150159e-06
3.5659999999997183,0.0,-1.0584712801767124e-06
3.566999999999718,0.0,-1.0596872633621592e-06
3.567999999999718,0.0,-1.0603650004401763e-06
3.568999999999718,0.0,-1.0605148732680223e-06
3.569999999999718,0.0,-1.0601491712218373e-06
3.5709999999997177,0.0,-1.059282010496637e-06
3.5719999999997176,0.0,-1.057929246099466e-06
3.5729999999997175,0.0,-1.0561083725597825e-06
3.5739999999997174,0.0,-1.0538384146697561e-06
3.5749999999997173,0.0,-1.051139811510478e-06
3.575999999999717,0.0,-1.0480342903022684e-06
3.576999999999717,0.0,-1.0445447340150911e-06
3.577999999999717,0.0,-1.0406950425653658e-06
3.578999999999717,0.0,-1.036509986725698e-06
3.5799999999997167,0.0,-1.0320150585719813e-06
3.5809999999997166,0.0,-1.0272363177948545e-06
3.5819999999997165,0.0,-1.0222002329265028e-06
3.5829999999997164,0.0,-1.016933523230596e-06
3.5839999999997163,0.0,-1.011462997271813e-06
3.584999999999716,0.0,-1.005815392259027e-06
3.585999999999716,0.0,-1.0000172134601121e-06
3.586999999999716,0.0,-9.940945771759078e-07
3.587999999999716,0.0,-9.880730556996781e-07
3.5889999999997158,0.0,-9.81977526780316e-07
3.5899999999997156,0.0,-9.758320289469477e-07
3.5909999999997155,0.0,-9.696596239043586e-07
3.5919999999997154,0.0,-9.634822668543503e-07
3.5929999999997153,0.0,-9.57320685560188e-07
3.593999999999715,0.0,-9.511942715948398e-07
3.594999999999715,0.0,-9.451209832449082e-07
3.595999999999715,0.0,-9.391172611505028e-07
3.596999999999715,0.0,-9.331979609122184e-07
3.5979999999997148,0.0,-9.273763002651626e-07
3.5989999999997146,0.0,-9.216638266901024e-07
3.5999999999997145,0.0,-9.160704015686146e-07
3.6009999999997144,0.0,-9.106042090526253e-07
3.6019999999997143,0.0,-9.05271785269488e-07
3.602999999999714,0.0,-9.000780732234564e-07
3.603999999999714,0.0,-8.950265020614718e-07
3.604999999999714,0.0,-8.901190968427684e-07
3.605999999999714,0.0,-8.853566145430828e-07
3.6069999999997138,0.0,-8.80738712994901e-07
3.6079999999997137,0.0,-8.762641515429514e-07
3.6089999999997135,0.0,-8.71931026335767e-07
3.6099999999997134,0.0,-8.677370409333276e-07
3.6109999999997133,0.0,-8.636798153421892e-07
3.611999999999713,0.0,-8.597572340381216e-07
3.612999999999713,0.0,-8.559687522857884e-07
3.613999999999713,0.0,-8.521534841002538e-07
3.614999999999713,0.0,-8.48307977185859e-07
3.6159999999997128,0.0,-8.444287014131163e-07
3.6169999999997127,0.0,-8.405123086076932e-07
3.6179999999997126,0.0,-8.365558571697536e-07
3.6189999999997124,0.0,-8.325570040384036e-07
3.6199999999997123,0.0,-8.285141662195169e-07
3.6209999999997122,0.0,-8.244266539730581e-07
3.621999999999712,0.0,-8.202947770839402e-07
3.622999999999712,0.0,-8.161199261971751e-07
3.623999999999712,0.0,-8.119046306888965e-07
3.624999999999712,0.0,-8.076525955720519e-07
3.6259999999997117,0.0,-8.033687181177012e-07
3.6269999999997116,0.0,-7.990590865390374e-07
3.6279999999997115,0.0,-7.947309614966567e-07
3.6289999999997113,0.0,-7.903927432274558e-07
3.6299999999997112,0.0,-7.860539239263798e-07
3.630999999999711,0.0,-7.817250283905482e-07
3.631999999999711,0.0,-7.774175436611361e-07
3.632999999999711,0.0,-7.731438385407082e-07
3.633999999999711,0.0,-7.689170751626e-07
3.6349999999997107,0.0,-7.647511125331076e-07
3.6359999999997106,0.0,-7.606604049000585e-07
3.6369999999997105,0.0,-7.566598941968985e-07
3.6379999999997104,0.0,-7.527648989381183e-07
3.6389999999997102,0.0,-7.48991000002863e-07
3.63999999999971,0.0,-7.45353923936311e-07
3.64099999999971,0.0,-7.418694257700128e-07
3.64199999999971,0.0,-7.38553171094812e-07
3.64299999999971,0.0,-7.354206187336917e-07
3.6439999999997097,0.0,-7.324869044915476e-07
3.6449999999997096,0.0,-7.297667275841802e-07
3.6459999999997095,0.0,-7.272742391400245e-07
3.6469999999997094,0.0,-7.250229344258153e-07
3.6479999999997093,0.0,-7.230255493767682e-07
3.648999999999709,0.0,-7.212939620218864e-07
3.649999999999709,0.0,-7.198390983364486e-07
3.650999999999709,0.0,-7.186708454740655e-07
3.651999999999709,0.0,-7.17797969831089e-07
3.6529999999997087,0.0,-7.172280433422017e-07
3.6539999999997086,0.0,-7.169673764383094e-07
3.6549999999997085,0.0,-7.170209589011132e-07
3.6559999999997084,0.0,-7.173924088421718e-07
3.6569999999997083,0.0,-7.180839303960362e-07
3.657999999999708,0.0,-7.190962797017283e-07
3.658999999999708,0.0,-7.204287400609138e-07
3.659999999999708,0.0,-7.220791060206174e-07
3.660999999999708,0.0,-7.240436770649209e-07
3.6619999999997077,0.0,-7.263172592289115e-07
3.6629999999997076,0.0,-7.288931779769806e-07
3.6639999999997075,0.0,-7.317632980967341e-07
3.6649999999997074,0.0,-7.349180539720945e-07
3.6659999999997073,0.0,-7.383464872389042e-07
3.666999999999707,0.0,-7.42036294990111e-07
3.667999999999707,0.0,-7.45973883388609e-07
3.668999999999707,0.0,-7.501444317011563e-07
3.669999999999707,0.0,-7.545319616455304e-07
3.6709999999997067,0.0,-7.59119414816021e-07
3.6719999999997066,0.0,-7.638887356331474e-07
3.6729999999997065,0.0,-7.688209605884808e-07
3.6739999999997064,0.0,-7.73896312208544e-07
3.6749999999997063,0.0,-7.790942978870563e-07
3.675999999999706,0.0,-7.843938121814017e-07
3.676999999999706,0.0,-7.897732421271672e-07
3.677999999999706,0.0,-7.952105754846165e-07
3.678999999999706,0.0,-8.006835102010653e-07
3.6799999999997057,0.0,-8.06169565059164e-07
3.6809999999997056,0.0,-8.116461905765295e-07
3.6819999999997055,0.0,-8.170908790007195e-07
3.6829999999997054,0.0,-8.22481273871943e-07
3.6839999999997053,0.0,-8.277952771790244e-07
3.684999999999705,0.0,-8.330111538689471e-07
3.685999999999705,0.0,-8.381076339925639e-07
3.686999999999705,0.0,-8.430640095573133e-07
3.687999999999705,0.0,-8.478602289600176e-07
3.6889999999997047,0.0,-8.524769842841305e-07
3.6899999999997046,0.0,-8.568957956705545e-07
3.6909999999997045,0.0,-8.610990874069835e-07
3.6919999999997044,0.0,-8.65070259313758e-07
3.6929999999997043,0.0,-8.687937511697823e-07
3.693999999999704,0.0,-8.722550998083445e-07
3.694999999999704,0.0,-8.754409894233633e-07
3.695999999999704,0.0,-8.783392943691536e-07
3.696999999999704,0.0,-8.809391148052452e-07
3.6979999999997037,0.0,-8.83230803766542e-07
3.6989999999997036,0.0,-8.852059877492337e-07
3.6999999999997035,0.0,-8.868575790892216e-07
3.7009999999997034,0.0,-8.881797809926452e-07
3.7019999999997033,0.0,-8.891680845589763e-07
3.702999999999703,0.0,-8.898192600028607e-07
3.703999999999703,0.0,-8.90131339148021e-07
3.704999999999703,0.0,-8.901035925932295e-07
3.705999999999703,0.0,-8.897364999267304e-07
3.7069999999997028,0.0,-8.890317134356767e-07
3.7079999999997026,0.0,-8.879920174840406e-07
3.7089999999997025,0.0,-8.866212809573911e-07
3.7099999999997024,0.0,-8.849244064618181e-07
3.7109999999997023,0.0,-8.829072747600435e-07
3.711999999999702,0.0,-8.80576684664477e-07
3.712999999999702,0.0,-8.779402911032026e-07
3.713999999999702,0.0,-8.75006539187806e-07
3.714999999999702,0.0,-8.717845969812227e-07
3.7159999999997018,0.0,-8.682842862054321e-07
3.7169999999997017,0.0,-8.645160116971789e-07
3.7179999999997015,0.0,-8.604906912350876e-07
3.7189999999997014,0.0,-8.562196837703745e-07
3.7199999999997013,0.0,-8.517147196324046e-07
3.720999999999701,0.0,-8.469878306115302e-07
3.721999999999701,0.0,-8.420512823468006e-07
3.722999999999701,0.0,-8.369175072217763e-07
3.723999999999701,0.0,-8.315990408313331e-07
3.7249999999997008,0.0,-8.261084600707523e-07
3.7259999999997007,0.0,-8.204583247963656e-07
3.7269999999997006,0.0,-8.14661121511471e-07
3.7279999999997004,0.0,-8.087292118333794e-07
3.7289999999997003,0.0,-8.026747833223912e-07
3.7299999999997,0.0,-7.965098046218756e-07
3.7309999999997,0.0,-7.902459843032221e-07
3.7319999999997,0.0,-7.838947330980933e-07
3.7329999999997,0.0,-7.774671307209147e-07
3.7339999999997,0.0,-7.709738958949251e-07
3.7349999999996997,0.0,-7.644253601394417e-07
3.7359999999996996,0.0,-7.578314457554902e-07
3.7369999999996995,0.0,-7.512016464641329e-07
3.7379999999996993,0.0,-7.44545012490911e-07
3.7389999999996992,0.0,-7.378701375837635e-07
3.739999999999699,0.0,-7.311851500570964e-07
3.740999999999699,0.0,-7.244977060693038e-07
3.741999999999699,0.0,-7.178149859066255e-07
3.742999999999699,0.0,-7.111436923205756e-07
3.7439999999996987,0.0,-7.044900512898679e-07
3.7449999999996986,0.0,-6.978598151813731e-07
3.7459999999996985,0.0,-6.912582674147831e-07
3.7469999999996983,0.0,-6.8469022952785e-07
3.7479999999996982,0.0,-6.781600698385409e-07
3.748999999999698,0.0,-6.716717141238975e-07
3.749999999999698,0.0,-6.652286582474457e-07
3.750999999999698,0.0,-6.588339830856615e-07
3.751999999999698,0.0,-6.524903713507629e-07
3.7529999999996977,0.0,-6.462001276824602e-07
3.7539999999996976,0.0,-6.399652005974666e-07
3.7549999999996975,0.0,-6.3378720888402e-07
3.7559999999996974,0.0,-6.27667470605467e-07
3.7569999999996972,0.0,-6.216070374757701e-07
3.757999999999697,0.0,-6.156067331400935e-07
3.758999999999697,0.0,-6.096671974363956e-07
3.759999999999697,0.0,-6.037889363766671e-07
3.760999999999697,0.0,-5.979723788353673e-07
3.7619999999996967,0.0,-5.922179412505149e-07
3.7629999999996966,0.0,-5.865260989536655e-07
3.7639999999996965,0.0,-5.808969270039807e-07
3.7649999999996964,0.0,-5.753294571590851e-07
3.7659999999996963,0.0,-5.698221347931378e-07
3.766999999999696,0.0,-5.643734345264091e-07
3.767999999999696,0.0,-5.589819351327576e-07
3.768999999999696,0.0,-5.536463825488452e-07
3.769999999999696,0.0,-5.48365742714608e-07
3.7709999999996957,0.0,-5.431392432406286e-07
3.7719999999996956,0.0,-5.379664083398318e-07
3.7729999999996955,0.0,-5.328470849476032e-07
3.7739999999996954,0.0,-5.277814634242422e-07
3.7749999999996953,0.0,-5.227700922845666e-07
3.775999999999695,0.0,-5.178138893853643e-07
3.776999999999695,0.0,-5.129141496779511e-07
3.777999999999695,0.0,-5.080725486394377e-07
3.778999999999695,0.0,-5.032911457037164e-07
3.7799999999996947,0.0,-4.985723853620293e-07
3.7809999999996946,0.0,-4.939190956062875e-07
3.7819999999996945,0.0,-4.893344881979692e-07
3.7829999999996944,0.0,-4.848221559527259e-07
3.7839999999996943,0.0,-4.803860707157568e-07
3.784999999999694,0.0,-4.760305803164687e-07
3.785999999999694,0.0,-4.717604055154056e-07
3.786999999999694,0.0,-4.675806356231066e-07
3.787999999999694,0.0,-4.634967239843473e-07
3.7889999999996937,0.0,-4.5951448205522604e-07
3.7899999999996936,0.0,-4.556400722071813e-07
3.7909999999996935,0.0,-4.518799994853546e-07
3.7919999999996934,0.0,-4.482411007363301e-07
3.7929999999996933,0.0,-4.447305325456606e-07
3.793999999999693,0.0,-4.413557560177937e-07
3.794999999999693,0.0,-4.3812451942621416e-07
3.795999999999693,0.0,-4.350448375123273e-07
3.796999999999693,0.0,-4.321249676927342e-07
3.7979999999996927,0.0,-4.293733833023737e-07
3.7989999999996926,0.0,-4.2679874267966355e-07
3.7999999999996925,0.0,-4.244098546915727e-07
3.8009999999996924,0.0,-4.222156414373827e-07
3.8019999999996923,0.0,-4.2022509600842946e-07
3.802999999999692,0.0,-4.184472371260705e-07
3.803999999999692,0.0,-4.168910604496195e-07
3.804999999999692,0.0,-4.1556548611349494e-07
3.805999999999692,0.0,-4.144793032379648e-07
3.8069999999996917,0.0,-4.136411113311343e-07
3.8079999999996916,0.0,-4.1305925959357764e-07
3.8089999999996915,0.0,-4.1274178320842515e-07
3.8099999999996914,0.0,-4.126963386276657e-07
3.8109999999996913,0.0,-4.1293013720575563e-07
3.811999999999691,0.0,-4.134498775826709e-07
3.812999999999691,0.0,-4.1426167860506253e-07
3.813999999999691,0.0,-4.153710121382522e-07
3.814999999999691,0.0,-4.167826362569797e-07
3.8159999999996908,0.0,-4.185005303122548e-07
3.8169999999996906,0.0,-4.205278325962619e-07
3.8179999999996905,0.0,-4.228667791518272e-07
3.8189999999996904,0.0,-4.2551864762270297e-07
3.8199999999996903,0.0,-4.2848370320586466e-07
3.82099999999969,0.0,-4.317611506047524e-07
3.82199999999969,0.0,-4.3534908946204374e-07
3.82299999999969,0.0,-4.3924447652411624e-07
3.82399999999969,0.0,-4.4344309249428126e-07
3.8249999999996898,0.0,-4.479395167687009e-07
3.8259999999996896,0.0,-4.527271076617994e-07
3.8269999999996895,0.0,-4.577979900764864e-07
3.8279999999996894,0.0,-4.631430512502725e-07
3.8289999999996893,0.0,-4.6875194354637624e-07
3.829999999999689,0.0,-4.746130954683176e-07
3.830999999999689,0.0,-4.807137300184496e-07
3.831999999999689,0.0,-4.87039892330198e-07
3.832999999999689,0.0,-4.93576484345293e-07
3.8339999999996888,0.0,-5.003073076310809e-07
3.8349999999996887,0.0,-5.072151147447608e-07
3.8359999999996885,0.0,-5.142816676231642e-07
3.8369999999996884,0.0,-5.214878034112488e-07
3.8379999999996883,0.0,-5.288135081103725e-07
3.838999999999688,0.0,-5.362379964500512e-07
3.839999999999688,0.0,-5.437397975513954e-07
3.840999999999688,0.0,-5.512968482083232e-07
3.841999999999688,0.0,-5.58886589496592e-07
3.8429999999996878,0.0,-5.664860693353056e-07
3.8439999999996877,0.0,-5.74072048841486e-07
3.8449999999996876,0.0,-5.816211123236579e-07
3.8459999999996874,0.0,-5.891097793629099e-07
3.8469999999996873,0.0,-5.965146201721243e-07
3.8479999999996872,0.0,-6.038123708724173e-07
3.848999999999687,0.0,-6.109800507012538e-07
3.849999999999687,0.0,-6.179950773663266e-07
3.850999999999687,0.0,-6.248353829692834e-07
3.851999999999687,0.0,-6.314795268632768e-07
3.8529999999996867,0.0,-6.379068071398388e-07
3.8539999999996866,0.0,-6.440973669283448e-07
3.8549999999996865,0.0,-6.500322987148717e-07
3.8559999999996863,0.0,-6.556937422835719e-07
3.8569999999996862,0.0,-6.610649776430094e-07
3.857999999999686,0.0,-6.661305115275728e-07
3.858999999999686,0.0,-6.708761574357875e-07
3.859999999999686,0.0,-6.752891079414625e-07
3.860999999999686,0.0,-6.793579990319826e-07
3.8619999999996857,0.0,-6.830729659947604e-07
3.8629999999996856,0.0,-6.86425690640839e-07
3.8639999999996855,0.0,-6.894094392611137e-07
3.8649999999996854,0.0,-6.920190908341853e-07
3.8659999999996852,0.0,-6.942511556196228e-07
3.866999999999685,0.0,-6.961037843559841e-07
3.867999999999685,0.0,-6.975767660710998e-07
3.868999999999685,0.0,-6.986715180067678e-07
3.869999999999685,0.0,-6.993910634434872e-07
3.8709999999996847,0.0,-6.997400009329386e-07
3.8719999999996846,0.0,-6.99724463557498e-07
3.8729999999996845,0.0,-6.993520689784556e-07
3.8739999999996844,0.0,-6.986318594193223e-07
3.8749999999996843,0.0,-6.975742346969153e-07
3.875999999999684,0.0,-6.961908747343019e-07
3.876999999999684,0.0,-6.944946563591126e-07
3.877999999999684,0.0,-6.924995611123249e-07
3.878999999999684,0.0,-6.902205773892658e-07
3.8799999999996837,0.0,-6.876735959249739e-07
3.8809999999996836,0.0,-6.848753000536374e-07
3.8819999999996835,0.0,-6.818430510482363e-07
3.8829999999996834,0.0,-6.785947694894862e-07
3.8839999999996833,0.0,-6.751488136120193e-07
3.884999999999683,0.0,-6.715238544261021e-07
3.885999999999683,0.0,-6.677387500502973e-07
3.886999999999683,0.0,-6.638124184083994e-07
3.887999999999683,0.0,-6.597637103961301e-07
3.8889999999996827,0.0,-6.556112836571097e-07
3.8899999999996826,0.0,-6.513734783223667e-07
3.8909999999996825,0.0,-6.470681957359122e-07
3.8919999999996824,0.0,-6.427127797802965e-07
3.8929999999996823,0.0,-6.383239041798199e-07
3.893999999999682,0.0,-6.339174645821347e-07
3.894999999999682,0.0,-6.295084778639427e-07
3.895999999999682,0.0,-6.251109885056854e-07
3.896999999999682,0.0,-6.207379847239383e-07
3.8979999999996817,0.0,-6.164013239284129e-07
3.8989999999996816,0.0,-6.121116692068868e-07
3.8999999999996815,0.0,-6.07878438721516e-07
3.9009999999996814,0.0,-6.0370976820713e-07
3.9019999999996813,0.0,-5.996124883141283e-07
3.902999999999681,0.0,-5.955921176398717e-07
3.903999999999681,0.0,-5.916528745954791e-07
3.904999999999681,0.0,-5.877977054085083e-07
3.905999999999681,0.0,-5.840283348214845e-07
3.9069999999996807,0.0,-5.803453365076739e-07
3.9079999999996806,0.0,-5.767482273471007e-07
3.9089999999996805,0.0,-5.732355854201043e-07
3.9099999999996804,0.0,-5.698051941003812e-07
3.9109999999996803,0.0,-5.66454214011448e-07
3.91199999999968,0.0,-5.63179383643648e-07
3.91299999999968,0.0,-5.599772501675933e-07
3.91399999999968,0.0,-5.568466844931474e-07
3.91499999999968,0.0,-5.536931264157413e-07
3.9159999999996797,0.0,-5.505184243383634e-07
3.9169999999996796,0.0,-5.473244043958633e-07
3.9179999999996795,0.0,-5.44113168822105e-07
3.9189999999996794,0.0,-5.40887349946755e-07
3.9199999999996793,0.0,-5.376503242952457e-07
3.920999999999679,0.0,-5.344063864071687e-07
3.921999999999679,0.0,-5.311608891623325e-07
3.922999999999679,0.0,-5.279203493925418e-07
3.923999999999679,0.0,-5.246925239591056e-07
3.9249999999996787,0.0,-5.214864555760364e-07
3.9259999999996786,0.0,-5.183124947470527e-07
3.9269999999996785,0.0,-5.151822955703703e-07
3.9279999999996784,0.0,-5.121087905038845e-07
3.9289999999996783,0.0,-5.091061452603797e-07
3.929999999999678,0.0,-5.061896951022738e-07
3.930999999999678,0.0,-5.033758652803332e-07
3.931999999999678,0.0,-5.006820769738632e-07
3.932999999999678,0.0,-4.981266408273117e-07
3.9339999999996778,0.0,-4.957286392682135e-07
3.9349999999996776,0.0,-4.935077989305852e-07
3.9359999999996775,0.0,-4.914843569695285e-07
3.9369999999996774,0.0,-4.896789189532739e-07
3.9379999999996773,0.0,-4.881123137947807e-07
3.938999999999677,0.0,-4.868054434459687e-07
3.939999999999677,0.0,-4.857791320339846e-07
3.940999999999677,0.0,-4.850539727600552e-07
3.941999999999677,0.0,-4.846501764001975e-07
3.9429999999996768,0.0,-4.845874196544499e-07
3.9439999999996767,0.0,-4.848846978846927e-07
3.9449999999996765,0.0,-4.855601796533488e-07
3.9459999999996764,0.0,-4.866310677576021e-07
3.9469999999996763,0.0,-4.881134638291516e-07
3.947999999999676,0.0,-4.900222409607457e-07
3.948999999999676,0.0,-4.923709227282073e-07
3.949999999999676,0.0,-4.951715705080324e-07
3.950999999999676,0.0,-4.984346789629576e-07
3.9519999999996758,0.0,-5.021690818367941e-07
3.9529999999996757,0.0,-5.063818671018999e-07
3.9539999999996756,0.0,-5.110783020174614e-07
3.9549999999996754,0.0,-5.162617697895583e-07
3.9559999999996753,0.0,-5.219337174300274e-07
3.956999999999675,0.0,-5.280936140213244e-07
3.957999999999675,0.0,-5.347389221535384e-07
3.958999999999675,0.0,-5.41865080081066e-07
3.959999999999675,0.0,-5.494654962808673e-07
3.960999999999675,0.0,-5.575315551988156e-07
3.9619999999996747,0.0,-5.660526358833528e-07
3.9629999999996746,0.0,-5.750161410440772e-07
3.9639999999996745,0.0,-5.844075378030858e-07
3.9649999999996743,0.0,-5.942104099834753e-07
3.9659999999996742,0.0,-6.044065200571439e-07
3.966999999999674,0.0,-6.149758821267425e-07
3.967999999999674,0.0,-6.258968437502521e-07
3.968999999999674,0.0,-6.371461773655929e-07
3.969999999999674,0.0,-6.486991805331624e-07
3.9709999999996737,0.0,-6.605297821206622e-07
3.9719999999996736,0.0,-6.726106585473309e-07
3.9729999999996735,0.0,-6.849133528396083e-07
3.9739999999996733,0.0,-6.974084021877766e-07
3.9749999999996732,0.0,-7.100654680678776e-07
3.975999999999673,0.0,-7.228534714489043e-07
3.976999999999673,0.0,-7.357407306377149e-07
3.977999999999673,0.0,-7.486951009104205e-07
3.978999999999673,0.0,-7.616841159047241e-07
3.9799999999996727,0.0,-7.746751294675224e-07
3.9809999999996726,0.0,-7.876354567492258e-07
3.9819999999996725,0.0,-8.005325141767975e-07
3.9829999999996724,0.0,-8.133339579811503e-07
3.9839999999996722,0.0,-8.260078188700428e-07
3.984999999999672,0.0,-8.385226343579784e-07
3.985999999999672,0.0,-8.508475759779003e-07
3.986999999999672,0.0,-8.629525720094171e-07
3.987999999999672,0.0,-8.748084244335078e-07
3.9889999999996717,0.0,-8.863869203450457e-07
3.9899999999996716,0.0,-8.976609355953993e-07
3.9909999999996715,0.0,-9.086045332756665e-07
3.9919999999996714,0.0,-9.191930521528497e-07
3.9929999999996713,0.0,-9.294031895276259e-07
3.993999999999671,0.0,-9.392130747349501e-07
3.994999999999671,0.0,-9.486023341091034e-07
3.995999999999671,0.0,-9.575521482076342e-07
3.996999999999671,0.0,-9.660452993447122e-07
3.9979999999996707,0.0,-9.74066211054068e-07
3.9989999999996706,0.0,-9.816009780144762e-07
3.9999999999996705,0.0,-9.88637388031604e-07
4.000999999999671,0.0,-9.95164934954129e-07
4.001999999999671,0.0,-1.0011748225825755e-06
4.0029999999996715,0.0,-1.0066599613367597e-06
4.003999999999672,0.0,-1.0116149557241352e-06
4.004999999999672,0.0,-1.0160360853710708e-06
4.0059999999996725,0.0,-1.0199212774872938e-06
4.006999999999673,0.0,-1.0232700725631372e-06
4.007999999999673,0.0,-1.0260835844019419e-06
4.0089999999996735,0.0,-1.0283644525990503e-06
4.009999999999674,0.0,-1.030116790576848e-06
4.010999999999674,0.0,-1.0313461274774669e-06
4.0119999999996745,0.0,-1.0320593462693143e-06
4.012999999999675,0.0,-1.0322646169782655e-06
4.013999999999675,0.0,-1.03197132694318e-06
4.0149999999996755,0.0,-1.0311900075009446e-06
4.015999999999676,0.0,-1.0299322583931444e-06
4.016999999999676,0.0,-1.0282106701611e-06
4.0179999999996765,0.0,-1.026038744891917e-06
4.018999999999677,0.0,-1.0234308163816641e-06
4.019999999999677,0.0,-1.0204019688743188e-06
4.0209999999996775,0.0,-1.0169679567005282e-06
4.021999999999678,0.0,-1.0131451239155528e-06
4.022999999999678,0.0,-1.008950324024472e-06
4.0239999999996785,0.0,-1.0044008416696306e-06
4.024999999999679,0.0,-9.995143153208134e-07
4.025999999999679,0.0,-9.943086612657595e-07
4.0269999999996795,0.0,-9.888020000721014e-07
4.02799999999968,0.0,-9.830125849329213e-07
4.02899999999968,0.0,-9.769587317181008e-07
4.0299999999996805,0.0,-9.706587521149514e-07
4.030999999999681,0.0,-9.641308890334275e-07
4.031999999999681,0.0,-9.573932539083326e-07
4.0329999999996815,0.0,-9.504637668586502e-07
4.033999999999682,0.0,-9.433601001508173e-07
4.034999999999682,0.0,-9.360996219956269e-07
4.0359999999996825,0.0,-9.28699345131559e-07
4.036999999999683,0.0,-9.211758761313458e-07
4.037999999999683,0.0,-9.135453671241856e-07
4.0389999999996835,0.0,-9.058234710966655e-07
4.039999999999684,0.0,-8.980252969561744e-07
4.040999999999684,0.0,-8.901653690305511e-07
4.0419999999996845,0.0,-8.822575869749384e-07
4.042999999999685,0.0,-8.743151890687159e-07
4.043999999999685,0.0,-8.663507168273846e-07
4.0449999999996855,0.0,-8.583759825916649e-07
4.045999999999686,0.0,-8.504020386646849e-07
4.046999999999686,0.0,-8.42439150884168e-07
4.0479999999996865,0.0,-8.34496773510422e-07
4.048999999999687,0.0,-8.265835289132094e-07
4.049999999999687,0.0,-8.187071903739868e-07
4.0509999999996875,0.0,-8.108746706048892e-07
4.051999999999688,0.0,-8.030920142940195e-07
4.052999999999688,0.0,-7.953643977990542e-07
4.0539999999996885,0.0,-7.876961351499373e-07
4.054999999999689,0.0,-7.800906925969351e-07
4.055999999999689,0.0,-7.725507116045622e-07
4.0569999999996895,0.0,-7.650780426660887e-07
4.05799999999969,0.0,-7.576737906973575e-07
4.05899999999969,0.0,-7.503383726672614e-07
4.0599999999996905,0.0,-7.430715904369082e-07
4.060999999999691,0.0,-7.35872718837241e-07
4.061999999999691,0.0,-7.287406111501323e-07
4.0629999999996915,0.0,-7.216738240492723e-07
4.063999999999692,0.0,-7.146707620956302e-07
4.064999999999692,0.0,-7.077303719951772e-07
4.0659999999996925,0.0,-7.008526928565444e-07
4.066999999999693,0.0,-6.94038263940393e-07
4.067999999999693,0.0,-6.872877090765556e-07
4.0689999999996935,0.0,-6.80601882156723e-07
4.069999999999694,0.0,-6.739819916455389e-07
4.070999999999694,0.0,-6.674297039244611e-07
4.0719999999996945,0.0,-6.609472294951547e-07
4.072999999999695,0.0,-6.545373907646164e-07
4.073999999999695,0.0,-6.48203675426757e-07
4.0749999999996955,0.0,-6.41950275415128e-07
4.075999999999696,0.0,-6.357821130469144e-07
4.076999999999696,0.0,-6.297048560271469e-07
4.0779999999996965,0.0,-6.23724922404003e-07
4.078999999999697,0.0,-6.178494762073846e-07
4.079999999999697,0.0,-6.120864153051208e-07
4.0809999999996975,0.0,-6.064443519150791e-07
4.081999999999698,0.0,-6.0093258705253e-07
4.082999999999698,0.0,-5.955610790009572e-07
4.0839999999996985,0.0,-5.903404071134426e-07
4.084999999999699,0.0,-5.852817310411545e-07
4.085999999999699,0.0,-5.803967463456674e-07
4.0869999999996995,0.0,-5.756976359015468e-07
4.0879999999997,0.0,-5.711970189487317e-07
4.0889999999997,0.0,-5.669078965911135e-07
4.0899999999997005,0.0,-5.628435948936669e-07
4.090999999999701,0.0,-5.590177057084133e-07
4.091999999999701,0.0,-5.554440248910637e-07
4.0929999999997015,0.0,-5.521364891391136e-07
4.093999999999702,0.0,-5.491091098762889e-07
4.094999999999702,0.0,-5.463759066597073e-07
4.0959999999997025,0.0,-5.439508375955203e-07
4.096999999999703,0.0,-5.418477297434415e-07
4.097999999999703,0.0,-5.400802068497978e-07
4.0989999999997035,0.0,-5.386616171699048e-07
4.099999999999704,0.0,-5.376049591997737e-07
4.100999999999704,0.0,-5.369228080754832e-07
4.1019999999997045,0.0,-5.36627240213656e-07
4.102999999999705,0.0,-5.367297582993522e-07
4.103999999999705,0.0,-5.372412167753259e-07
4.1049999999997056,0.0,-5.381717467414193e-07
4.105999999999706,0.0,-5.395306824016808e-07
4.106999999999706,0.0,-5.41326488369323e-07
4.1079999999997066,0.0,-5.435666884300826e-07
4.108999999999707,0.0,-5.46257795636791e-07
4.109999999999707,0.0,-5.494052457875424e-07
4.1109999999997076,0.0,-5.530133320391356e-07
4.111999999999708,0.0,-5.570851444781844e-07
4.112999999999708,0.0,-5.616225114486523e-07
4.113999999999709,0.0,-5.66625946382876e-07
4.114999999999709,0.0,-5.720945975885026e-07
4.115999999999709,0.0,-5.780262039711271e-07
4.11699999999971,0.0,-5.844170561492787e-07
4.11799999999971,0.0,-5.91261962217531e-07
4.11899999999971,0.0,-5.985542200882776e-07
4.119999999999711,0.0,-6.062855968748457e-07
4.120999999999711,0.0,-6.144463140061424e-07
4.121999999999711,0.0,-6.230250400066692e-07
4.122999999999712,0.0,-6.320088905994298e-07
4.123999999999712,0.0,-6.413834359835426e-07
4.124999999999712,0.0,-6.511327164193668e-07
4.125999999999713,0.0,-6.612392653736169e-07
4.126999999999713,0.0,-6.716841407859333e-07
4.127999999999713,0.0,-6.82446964153125e-07
4.128999999999714,0.0,-6.93505968482385e-07
4.129999999999714,0.0,-7.048380530256943e-07
4.130999999999714,0.0,-7.164188475179327e-07
4.131999999999715,0.0,-7.282227824503053e-07
4.132999999999715,0.0,-7.402231686490695e-07
4.133999999999715,0.0,-7.52392283209825e-07
4.134999999999716,0.0,-7.647014622961422e-07
4.135999999999716,0.0,-7.771212017328092e-07
4.136999999999716,0.0,-7.896212624085617e-07
4.137999999999717,0.0,-8.021707830815616e-07
4.138999999999717,0.0,-8.147383969175337e-07
4.139999999999717,0.0,-8.272923540837989e-07
4.140999999999718,0.0,-8.398006478232249e-07
4.141999999999718,0.0,-8.522311441406398e-07
4.142999999999718,0.0,-8.645517150901819e-07
4.143999999999719,0.0,-8.767303727665371e-07
4.144999999999719,0.0,-8.88735406411389e-07
4.145999999999719,0.0,-9.005355192877109e-07
4.14699999999972,0.0,-9.120999653589442e-07
4.14799999999972,0.0,-9.233986859270152e-07
4.14899999999972,0.0,-9.344024437989257e-07
4.149999999999721,0.0,-9.450829554939867e-07
4.150999999999721,0.0,-9.554130201110894e-07
4.151999999999721,0.0,-9.653666439545415e-07
4.152999999999722,0.0,-9.749191607480582e-07
4.153999999999722,0.0,-9.840473458496606e-07
4.154999999999722,0.0,-9.927295238912011e-07
4.155999999999723,0.0,-1.0009456705332308e-06
4.156999999999723,0.0,-1.0086775051047371e-06
4.157999999999723,0.0,-1.0159085755659884e-06
4.158999999999724,0.0,-1.0226243344624505e-06
4.159999999999724,0.0,-1.0288122051131985e-06
4.160999999999724,0.0,-1.0344616381861291e-06
4.161999999999725,0.0,-1.0395641572052732e-06
4.162999999999725,0.0,-1.0441133936586938e-06
4.163999999999725,0.0,-1.0481051109084114e-06
4.164999999999726,0.0,-1.0515372165063636e-06
4.165999999999726,0.0,-1.0544097630077867e-06
4.166999999999726,0.0,-1.0567249372993035e-06
4.167999999999727,0.0,-1.0584870380185618e-06
4.168999999999727,0.0,-1.059702441196327e-06
4.169999999999727,0.0,-1.0603795548265553e-06
4.170999999999728,0.0,-1.0605287614802705e-06
4.171999999999728,0.0,-1.06016235064146e-06
4.172999999999728,0.0,-1.0592944390904767e-06
4.173999999999729,0.0,-1.05794088230774e-06
4.174999999999729,0.0,-1.0561191750853269e-06
4.175999999999729,0.0,-1.053848343377027e-06
4.17699999999973,0.0,-1.0511488265290204e-06
4.17799999999973,0.0,-1.0480423525955894e-06
4.17899999999973,0.0,-1.0445518054584577e-06
4.179999999999731,0.0,-1.0407010855691634e-06
4.180999999999731,0.0,-1.0365149645457997e-06
4.181999999999731,0.0,-1.0320189356225862e-06
4.182999999999732,0.0,-1.0272390588902654e-06
4.183999999999732,0.0,-1.0222018043225503e-06
4.184999999999732,0.0,-1.0169338916789183e-06
4.185999999999733,0.0,-1.0114621305010518e-06
4.186999999999733,0.0,-1.0058132588009135e-06
4.187999999999733,0.0,-1.000013782868248e-06
4.188999999999734,0.0,-9.940898199269746e-07
4.189999999999734,0.0,-9.88066942970025e-07
4.190999999999734,0.0,-9.819700306997295e-07
4.191999999999735,0.0,-9.758231223179201e-07
4.192999999999735,0.0,-9.69649280351407e-07
4.193999999999735,0.0,-9.634704604814886e-07
4.194999999999736,0.0,-9.573073915402528e-07
4.195999999999736,0.0,-9.511794653908019e-07
4.196999999999736,0.0,-9.45104640869779e-07
4.197999999999737,0.0,-9.390993593213346e-07
4.198999999999737,0.0,-9.331784766632759e-07
4.199999999999737,0.0,-9.273552110873748e-07
4.200999999999738,0.0,-9.216411099063764e-07
4.201999999999738,0.0,-9.160460355296969e-07
4.202999999999738,0.0,-9.105781718555956e-07
4.203999999999739,0.0,-9.052440552010843e-07
4.204999999999739,0.0,-9.000486285125828e-07
4.205999999999739,0.0,-8.949953213623488e-07
4.20699999999974,0.0,-8.9008615842536e-07
4.20799999999974,0.0,-8.853218968619691e-07
4.20899999999974,0.0,-8.807021945829747e-07
4.209999999999741,0.0,-8.762258105313544e-07
4.210999999999741,0.0,-8.718908408651088e-07
4.211999999999741,0.0,-8.676949892537114e-07
4.212999999999742,0.0,-8.636358758383207e-07
4.213999999999742,0.0,-8.597113849483724e-07
4.214999999999742,0.0,-8.559209705199952e-07
4.215999999999743,0.0,-8.521038268265812e-07
4.216999999999743,0.0,-8.482565006109048e-07
4.217999999999743,0.0,-8.443754609140442e-07
4.218999999999744,0.0,-8.404573588219684e-07
4.219999999999744,0.0,-8.364992515682825e-07
4.220999999999744,0.0,-8.3249879535826e-07
4.221999999999745,0.0,-8.284544062587441e-07
4.222999999999745,0.0,-8.243653938881746e-07
4.223999999999745,0.0,-8.202320670426269e-07
4.224999999999746,0.0,-8.160558155638176e-07
4.225999999999746,0.0,-8.118391680781997e-07
4.226999999999746,0.0,-8.075858288999791e-07
4.227999999999747,0.0,-8.033006945391127e-07
4.228999999999747,0.0,-7.989898524214485e-07
4.229999999999747,0.0,-7.946605628145793e-07
4.230999999999748,0.0,-7.903212250876863e-07
4.231999999999748,0.0,-7.859813311058964e-07
4.232999999999748,0.0,-7.816514048939057e-07
4.233999999999749,0.0,-7.773429329996542e-07
4.234999999999749,0.0,-7.730682838155176e-07
4.235999999999749,0.0,-7.688406188728228e-07
4.23699999999975,0.0,-7.646737969197741e-07
4.23799999999975,0.0,-7.605822717577353e-07
4.23899999999975,0.0,-7.565809847686194e-07
4.239999999999751,0.0,-7.526852542602279e-07
4.240999999999751,0.0,-7.489106605769987e-07
4.241999999999751,0.0,-7.452729298753261e-07
4.242999999999752,0.0,-7.417878170634259e-07
4.243999999999752,0.0,-7.384709873351763e-07
4.244999999999752,0.0,-7.35337899039852e-07
4.245999999999753,0.0,-7.324036877594508e-07
4.246999999999753,0.0,-7.296830522689953e-07
4.247999999999753,0.0,-7.271901434905396e-07
4.248999999999754,0.0,-7.249384560860312e-07
4.249999999999754,0.0,-7.229407260847177e-07
4.250999999999754,0.0,-7.21208830703354e-07
4.251999999999755,0.0,-7.197536958237272e-07
4.252999999999755,0.0,-7.185852080910853e-07
4.253999999999755,0.0,-7.177121336618259e-07
4.254999999999756,0.0,-7.171420438380852e-07
4.255999999999756,0.0,-7.168812486337883e-07
4.256999999999756,0.0,-7.169347374415948e-07
4.257999999999757,0.0,-7.173061279097739e-07
4.258999999999757,0.0,-7.179976236452703e-07
4.259999999999757,0.0,-7.190099802388924e-07
4.260999999999758,0.0,-7.20342480513606e-07
4.261999999999758,0.0,-7.219929184426242e-07
4.262999999999758,0.0,-7.239575926753724e-07
4.263999999999759,0.0,-7.262313091055171e-07
4.264999999999759,0.0,-7.288073921980128e-07
4.265999999999759,0.0,-7.316777063589877e-07
4.26699999999976,0.0,-7.348326848913729e-07
4.26799999999976,0.0,-7.382613691609049e-07
4.26899999999976,0.0,-7.419514551334116e-07
4.269999999999761,0.0,-7.458893485273048e-07
4.270999999999761,0.0,-7.500602276662985e-07
4.271999999999761,0.0,-7.544481136896248e-07
4.272999999999762,0.0,-7.590359470852156e-07
4.273999999999762,0.0,-7.638056717221605e-07
4.274999999999762,0.0,-7.687383231450254e-07
4.275999999999763,0.0,-7.73814123026047e-07
4.276999999999763,0.0,-7.790125780076173e-07
4.277999999999763,0.0,-7.843125815249664e-07
4.278999999999764,0.0,-7.896925199392775e-07
4.279999999999764,0.0,-7.951303800139496e-07
4.280999999999764,0.0,-8.006038589127618e-07
4.281999999999765,0.0,-8.060904743955156e-07
4.282999999999765,0.0,-8.115676760018475e-07
4.283999999999765,0.0,-8.170129551911985e-07
4.284999999999766,0.0,-8.224039545611971e-07
4.285999999999766,0.0,-8.277185750767385e-07
4.286999999999766,0.0,-8.32935080976083e-07
4.287999999999767,0.0,-8.380322011153792e-07
4.288999999999767,0.0,-8.429892267038129e-07
4.289999999999767,0.0,-8.477861051757132e-07
4.290999999999768,0.0,-8.524035279762503e-07
4.291999999999768,0.0,-8.5682301404833e-07
4.292999999999768,0.0,-8.610269867670633e-07
4.293999999999769,0.0,-8.649988453401825e-07
4.294999999999769,0.0,-8.687230284330305e-07
4.295999999999769,0.0,-8.721850720718956e-07
4.29699999999977,0.0,-8.753716597097115e-07
4.29799999999977,0.0,-8.782706649007391e-07
4.29899999999977,0.0,-8.808711868933143e-07
4.299999999999771,0.0,-8.831635780819484e-07
4.300999999999771,0.0,-8.85139464119196e-07
4.301999999999771,0.0,-8.867917566467445e-07
4.302999999999772,0.0,-8.881146580223132e-07
4.303999999999772,0.0,-8.891036588554318e-07
4.304999999999772,0.0,-8.89755528596144e-07
4.305999999999773,0.0,-8.900682984540206e-07
4.306999999999773,0.0,-8.90041238464673e-07
4.307999999999773,0.0,-8.896748274151081e-07
4.308999999999774,0.0,-8.889707174418742e-07
4.309999999999774,0.0,-8.87931692034693e-07
4.310999999999774,0.0,-8.865616197721609e-07
4.311999999999775,0.0,-8.848654029190753e-07
4.312999999999775,0.0,-8.82848921531081e-07
4.313999999999775,0.0,-8.80518974260361e-07
4.314999999999776,0.0,-8.778832155052833e-07
4.315999999999776,0.0,-8.749500902890359e-07
4.316999999999776,0.0,-8.717287661748362e-07
4.317999999999777,0.0,-8.682290647198569e-07
4.318999999999777,0.0,-8.644613906311281e-07
4.319999999999777,0.0,-8.604366612203319e-07
4.320999999999778,0.0,-8.561662355903187e-07
4.321999999999778,0.0,-8.516618438822355e-07
4.322999999999778,0.0,-8.469355176963136e-07
4.323999999999779,0.0,-8.41999522680092e-07
4.324999999999779,0.0,-8.368662911652142e-07
4.325999999999779,0.0,-8.315483588013544e-07
4.32699999999978,0.0,-8.260583025099323e-07
4.32799999999978,0.0,-8.204086820869244e-07
4.32899999999978,0.0,-8.146119843605076e-07
4.329999999999781,0.0,-8.086805706933994e-07
4.330999999999781,0.0,-8.026266290579421e-07
4.331999999999781,0.0,-7.964621282560849e-07
4.332999999999782,0.0,-7.90198776995467e-07
4.333999999999782,0.0,-7.838479860169092e-07
4.334999999999782,0.0,-7.774208354995162e-07
4.335999999999783,0.0,-7.709280441511419e-07
4.336999999999783,0.0,-7.643799439091132e-07
4.337999999999783,0.0,-7.577864571534891e-07
4.338999999999784,0.0,-7.511570781365913e-07
4.339999999999784,0.0,-7.445008569979818e-07
4.340999999999784,0.0,-7.378263879033524e-07
4.341999999999785,0.0,-7.311417993588257e-07
4.342999999999785,0.0,-7.244547479283537e-07
4.343999999999785,0.0,-7.177724140619538e-07
4.344999999999786,0.0,-7.111015006030876e-07
4.345999999999786,0.0,-7.044482339797114e-07
4.346999999999786,0.0,-6.978183667943539e-07
4.347999999999787,0.0,-6.912171825017212e-07
4.348999999999787,0.0,-6.8464950302925e-07
4.349999999999787,0.0,-6.781196967690268e-07
4.350999999999788,0.0,-6.716316896544094e-07
4.351999999999788,0.0,-6.65188977790602e-07
4.352999999999788,0.0,-6.587946421330875e-07
4.353999999999789,0.0,-6.524513656926188e-07
4.354999999999789,0.0,-6.461614528598441e-07
4.355999999999789,0.0,-6.399268524741944e-07
4.35699999999979,0.0,-6.33749183296174e-07
4.35799999999979,0.0,-6.276297635528298e-07
4.35899999999979,0.0,-6.215696449576609e-07
4.359999999999791,0.0,-6.155696511731972e-07
4.360999999999791,0.0,-6.096304219910373e-07
4.361999999999791,0.0,-6.037524633328964e-07
4.362999999999792,0.0,-5.979362044025374e-07
4.363999999999792,0.0,-5.921820612189403e-07
4.364999999999792,0.0,-5.864905093580656e-07
4.365999999999793,0.0,-5.808616238964664e-07
4.366999999999793,0.0,-5.752944362062244e-07
4.367999999999793,0.0,-5.697873918950986e-07
4.368999999999794,0.0,-5.643389652748173e-07
4.369999999999794,0.0,-5.589477350622539e-07
4.370999999999794,0.0,-5.536124472120793e-07
4.371999999999795,0.0,-5.48332067354581e-07
4.372999999999795,0.0,-5.431058235352284e-07
4.373999999999795,0.0,-5.379332396316482e-07
4.374999999999796,0.0,-5.328141626191283e-07
4.375999999999796,0.0,-5.277487830401144e-07
4.376999999999796,0.0,-5.227376494741272e-07
4.377999999999797,0.0,-5.177816799013408e-07
4.378999999999797,0.0,-5.128821693748717e-07
4.379999999999797,0.0,-5.080407935820454e-07
4.380999999999798,0.0,-5.032596124708021e-07
4.381999999999798,0.0,-4.985410702668571e-07
4.382999999999798,0.0,-4.938879955575184e-07
4.383999999999799,0.0,-4.89303600460452e-07
4.384999999999799,0.0,-4.847914779450537e-07
4.385999999999799,0.0,-4.803556002265261e-07
4.3869999999998,0.0,-4.7600031563807215e-07
4.3879999999998,0.0,-4.7173034517460757e-07
4.3889999999998,0.0,-4.675507786928783e-07
4.389999999999801,0.0,-4.6346706967428255e-07
4.390999999999801,0.0,-4.5948503031330517e-07
4.391999999999801,0.0,-4.556108231641353e-07
4.392999999999802,0.0,-4.518509536837757e-07
4.393999999999802,0.0,-4.4821225940835475e-07
4.394999999999802,0.0,-4.447018969713157e-07
4.395999999999803,0.0,-4.4132732819033195e-07
4.396999999999803,0.0,-4.380963015005427e-07
4.397999999999803,0.0,-4.350168321858558e-07
4.398999999999804,0.0,-4.3209717794350083e-07
4.399999999999804,0.0,-4.2934581247396943e-07
4.400999999999804,0.0,-4.267713943335859e-07
4.401999999999805,0.0,-4.243827329781941e-07
4.402999999999805,0.0,-4.2218875057832616e-07
4.403999999999805,0.0,-4.2019844037296435e-07
4.404999999999806,0.0,-4.184208216186878e-07
4.405999999999806,0.0,-4.168648898545113e-07
4.406999999999806,0.0,-4.155395655286182e-07
4.407999999999807,0.0,-4.144536379216319e-07
4.408999999999807,0.0,-4.136157065050484e-07
4.409999999999807,0.0,-4.1303412055037067e-07
4.410999999999808,0.0,-4.1271691547612996e-07
4.411999999999808,0.0,-4.1267174751545675e-07
4.412999999999808,0.0,-4.1290582789777473e-07
4.413999999999809,0.0,-4.1342585534687806e-07
4.414999999999809,0.0,-4.1423794868412824e-07
4.415999999999809,0.0,-4.1534757927947633e-07
4.41699999999981,0.0,-4.1675950512613367e-07
4.41799999999981,0.0,-4.1847770560986696e-07
4.41899999999981,0.0,-4.205053183306024e-07
4.419999999999811,0.0,-4.228445793924991e-07
4.420999999999811,0.0,-4.254967657956746e-07
4.421999999999811,0.0,-4.2846214264652024e-07
4.422999999999812,0.0,-4.3173991407597635e-07
4.423999999999812,0.0,-4.3532817930914784e-07
4.424999999999812,0.0,-4.3922389452379726e-07
4.425999999999813,0.0,-4.434228401791138e-07
4.426999999999813,0.0,-4.4791959498715683e-07
4.427999999999813,0.0,-4.527075166282348e-07
4.428999999999814,0.0,-4.577787296498152e-07
4.429999999999814,0.0,-4.6312412066836236e-07
4.430999999999814,0.0,-4.687333413058524e-07
4.431999999999815,0.0,-4.7459481955893494e-07
4.432999999999815,0.0,-4.80695777857283e-07
4.433999999999815,0.0,-4.87022260537253e-07
4.434999999999816,0.0,-4.935591688982784e-07
4.435999999999816,0.0,-5.002903040125146e-07
4.436999999999816,0.0,-5.071984175699602e-07
4.437999999999817,0.0,-5.142652708487362e-07
4.438999999999817,0.0,-5.214717004509119e-07
4.439999999999817,0.0,-5.287976915469194e-07
4.440999999999818,0.0,-5.362224581061487e-07
4.441999999999818,0.0,-5.43724528812817e-07
4.442999999999818,0.0,-5.512818398290935e-07
4.443999999999819,0.0,-5.588718312174577e-07
4.444999999999819,0.0,-5.664715505405934e-07
4.445999999999819,0.0,-5.740577582234187e-07
4.44699999999982,0.0,-5.816070378335763e-07
4.44799999999982,0.0,-5.890959084775458e-07
4.44899999999982,0.0,-5.965009396364349e-07
4.449999999999821,0.0,-6.037988669953405e-07
4.450999999999821,0.0,-6.109667090401951e-07
4.451999999999821,0.0,-6.179818831695571e-07
4.452999999999822,0.0,-6.248223205399727e-07
4.453999999999822,0.0,-6.314665806471728e-07
4.454999999999822,0.0,-6.378939605985338e-07
4.455999999999823,0.0,-6.440846033184399e-07
4.456999999999823,0.0,-6.500196007868176e-07
4.457999999999823,0.0,-6.556810925472731e-07
4.458999999999824,0.0,-6.610523580462902e-07
4.459999999999824,0.0,-6.661179037676265e-07
4.460999999999824,0.0,-6.708635430515354e-07
4.461999999999825,0.0,-6.75276468068069e-07
4.462999999999825,0.0,-6.793453146436134e-07
4.463999999999825,0.0,-6.830602177318008e-07
4.464999999999826,0.0,-6.864128592573355e-07
4.465999999999826,0.0,-6.893965051889611e-07
4.466999999999826,0.0,-6.92006034326477e-07
4.467999999999827,0.0,-6.942379572176442e-07
4.468999999999827,0.0,-6.960904240570519e-07
4.4699999999998274,0.0,-6.975632243946833e-07
4.470999999999828,0.0,-6.986577751829602e-07
4.471999999999828,0.0,-6.993770999515723e-07
4.4729999999998284,0.0,-6.997257970709803e-07
4.473999999999829,0.0,-6.997100001675802e-07
4.474999999999829,0.0,-6.993373266508476e-07
4.4759999999998294,0.0,-6.986168192966492e-07
4.47699999999983,0.0,-6.975588777100959e-07
4.47799999999983,0.0,-6.961751824654016e-07
4.4789999999998305,0.0,-6.944786103810895e-07
4.479999999999831,0.0,-6.924831433908836e-07
4.480999999999831,0.0,-6.902037701404845e-07
4.4819999999998315,0.0,-6.87656381615613e-07
4.482999999999832,0.0,-6.848576614193035e-07
4.483999999999832,0.0,-6.818249712849691e-07
4.4849999999998325,0.0,-6.785762321413587e-07
4.485999999999833,0.0,-6.751298024062925e-07
4.486999999999833,0.0,-6.715043535607868e-07
4.4879999999998335,0.0,-6.677187439677839e-07
4.488999999999834,0.0,-6.637918918661681e-07
4.489999999999834,0.0,-6.597426486075536e-07
4.4909999999998345,0.0,-6.555896720554484e-07
4.491999999999835,0.0,-6.513513027695546e-07
4.492999999999835,0.0,-6.470454421428673e-07
4.4939999999998355,0.0,-6.426894345187178e-07
4.494999999999836,0.0,-6.382999537805589e-07
4.495999999999836,0.0,-6.338928960021251e-07
4.4969999999998365,0.0,-6.294832778104965e-07
4.497999999999837,0.0,-6.250851442785078e-07
4.498999999999837,0.0,-6.207114836927629e-07
4.4999999999998375,0.0,-6.163741533926108e-07
4.500999999999838,0.0,-6.12083816531998e-07
4.501999999999838,0.0,-6.078498915819833e-07
4.5029999999998385,0.0,-6.03680513902813e-07
4.503999999999839,0.0,-5.995825143475113e-07
4.504999999999839,0.0,-5.955614115807661e-07
4.5059999999998395,0.0,-5.916214235539833e-07
4.50699999999984,0.0,-5.877654965807511e-07
4.50799999999984,0.0,-5.839953551877979e-07
4.5089999999998405,0.0,-5.803115730016958e-07
4.509999999999841,0.0,-5.767136663600437e-07
4.510999999999841,0.0,-5.732002133800735e-07
4.5119999999998415,0.0,-5.697689970513282e-07
4.512999999999842,0.0,-5.664171778136346e-07
4.513999999999842,0.0,-5.631414938000414e-07
4.5149999999998425,0.0,-5.599384919391224e-07
4.515999999999843,0.0,-5.568070432306824e-07
4.516999999999843,0.0,-5.536526355914673e-07
4.5179999999998435,0.0,-5.504771166242062e-07
4.518999999999844,0.0,-5.472823117976802e-07
4.519999999999844,0.0,-5.440703227327851e-07
4.5209999999998445,0.0,-5.408437811841408e-07
4.521999999999845,0.0,-5.376060629570593e-07
4.522999999999845,0.0,-5.343614619950664e-07
4.5239999999998455,0.0,-5.311153307177946e-07
4.524999999999846,0.0,-5.278741857121159e-07
4.525999999999846,0.0,-5.246457829671086e-07
4.5269999999998465,0.0,-5.214391654764237e-07
4.527999999999847,0.0,-5.182646830332936e-07
4.528999999999847,0.0,-5.151339896391497e-07
4.5299999999998475,0.0,-5.120600176129623e-07
4.530999999999848,0.0,-5.090569328046916e-07
4.531999999999848,0.0,-5.061400702369296e-07
4.5329999999998485,0.0,-5.033258553716086e-07
4.533999999999849,0.0,-5.006317093740386e-07
4.534999999999849,0.0,-4.980759432436982e-07
4.5359999999998495,0.0,-4.956776392785617e-07
4.53699999999985,0.0,-4.934565246881038e-07
4.53799999999985,0.0,-4.914328366969922e-07
4.5389999999998505,0.0,-4.896271814215418e-07
4.539999999999851,0.0,-4.880603878164927e-07
4.540999999999851,0.0,-4.867533583460377e-07
4.5419999999998515,0.0,-4.857269174905018e-07
4.542999999999852,0.0,-4.850016588697392e-07
4.543999999999852,0.0,-4.84597793428947e-07
4.5449999999998525,0.0,-4.845349984716125e-07
4.545999999999853,0.0,-4.848322693699067e-07
4.546999999999853,0.0,-4.855077752962879e-07
4.5479999999998535,0.0,-4.865787191586682e-07
4.548999999999854,0.0,-4.880612028052641e-07
4.549999999999854,0.0,-4.899700998491238e-07
4.5509999999998545,0.0,-4.923189334540288e-07
4.551999999999855,0.0,-4.951197654772588e-07
4.552999999999855,0.0,-4.983830907416743e-07
4.5539999999998555,0.0,-5.021177429322233e-07
4.554999999999856,0.0,-5.063308098339724e-07
4.555999999999856,0.0,-5.110275586196657e-07
4.5569999999998565,0.0,-5.162113725147297e-07
4.557999999999857,0.0,-5.218836978798026e-07
4.558999999999857,0.0,-5.280440038607315e-07
4.5599999999998575,0.0,-5.346897525445937e-07
4.560999999999858,0.0,-5.418163817758028e-07
4.561999999999858,0.0,-5.494172993126131e-07
4.5629999999998585,0.0,-5.57483889343218e-07
4.563999999999859,0.0,-5.660055299561387e-07
4.564999999999859,0.0,-5.749696232830455e-07
4.5659999999998595,0.0,-5.843616357215672e-07
4.56699999999986,0.0,-5.941651499916323e-07
4.56799999999986,0.0,-6.043619277937457e-07
4.5689999999998605,0.0,-6.149319821290365e-07
4.569999999999861,0.0,-6.258536596161471e-07
4.570999999999861,0.0,-6.37103731603825e-07
4.5719999999998615,0.0,-6.486574942545736e-07
4.572999999999862,0.0,-6.604888756293002e-07
4.573999999999862,0.0,-6.72570550305612e-07
4.5749999999998625,0.0,-6.848740603516747e-07
4.575999999999863,0.0,-6.97369941573048e-07
4.576999999999863,0.0,-7.10027853948265e-07
4.5779999999998635,0.0,-7.228167170698289e-07
4.578999999999864,0.0,-7.357048476664095e-07
4.579999999999864,0.0,-7.48660099631042e-07
4.5809999999998645,0.0,-7.61650005029004e-07
4.581999999999865,0.0,-7.74641916040915e-07
4.582999999999865,0.0,-7.876031463460208e-07
4.5839999999998655,0.0,-8.005011108359055e-07
4.584999999999866,0.0,-8.133034639229022e-07
4.585999999999866,0.0,-8.259782351251594e-07
4.5869999999998665,0.0,-8.384939601007304e-07
4.587999999999867,0.0,-8.508198087854354e-07
4.588999999999867,0.0,-8.629257079160944e-07
4.5899999999998675,0.0,-8.747824580338058e-07
4.590999999999868,0.0,-8.863618443284205e-07
4.591999999999868,0.0,-8.976367416979728e-07
4.5929999999998685,0.0,-9.085812112453887e-07
4.593999999999869,0.0,-9.191705904418604e-07
4.594999999999869,0.0,-9.293815753095432e-07
4.5959999999998695,0.0,-9.391922936035569e-07
4.59699999999987,0.0,-9.485823704068283e-07
4.59799999999987,0.0,-9.575329849177049e-07
4.5989999999998705,0.0,-9.660269183932903e-07
4.599999999999871,0.0,-9.74048592871454e-07
4.600999999999871,0.0,-9.815841022562823e-07
4.6019999999998715,0.0,-9.88621233141605e-07
4.602999999999872,0.0,-9.951494782441182e-07
4.603999999999872,0.0,-1.0011600404974537e-06
4.6049999999998725,0.0,-1.0066458294339542e-06
4.605999999999873,0.0,-1.011601449086052e-06
4.606999999999873,0.0,-1.0160231781226661e-06
4.6079999999998735,0.0,-1.0199089430973854e-06
4.608999999999874,0.0,-1.0232582840798575e-06
4.609999999999874,0.0,-1.0260723144486214e-06
4.6109999999998745,0.0,-1.0283536732408497e-06
4.611999999999875,0.0,-1.0301064736920483e-06
4.612999999999875,0.0,-1.031336244689138e-06
4.6139999999998755,0.0,-1.0320498691503079e-06
4.614999999999876,0.0,-1.032255517174703e-06
4.615999999999876,0.0,-1.031962575944352e-06
4.6169999999998765,0.0,-1.031181577107334e-06
4.617999999999877,0.0,-1.029924120620928e-06
4.618999999999877,0.0,-1.02820279726273e-06
4.6199999999998775,0.0,-1.0260311096685475e-06
4.620999999999878,0.0,-1.0234233919654004e-06
4.621999999999878,0.0,-1.0203947289784867e-06
4.6229999999998785,0.0,-1.0169608757876197e-06
4.623999999999879,0.0,-1.013138177113254e-06
4.624999999999879,0.0,-1.0089434872442118e-06
4.6259999999998795,0.0,-1.004394091696727e-06
4.62699999999988,0.0,-9.995076297066283e-07
4.62799999999988,0.0,-9.94302018668115e-07
4.6289999999998805,0.0,-9.887953802145292e-07
4.629999999999881,0.0,-9.83005968451948e-07
4.630999999999881,0.0,-9.76952100412283e-07
4.6319999999998815,0.0,-9.70652089210378e-07
4.632999999999882,0.0,-9.641241785794468e-07
4.633999999999882,0.0,-9.573864812130569e-07
4.6349999999998825,0.0,-9.504569188079679e-07
4.635999999999883,0.0,-9.433531643190681e-07
4.636999999999883,0.0,-9.360925876429796e-07
4.6379999999998835,0.0,-9.28692202593771e-07
4.638999999999884,0.0,-9.211686170134348e-07
4.639999999999884,0.0,-9.135379844148625e-07
4.6409999999998846,0.0,-9.058159586523569e-07
4.641999999999885,0.0,-8.980176500627936e-07
4.642999999999885,0.0,-8.901575839711848e-07
4.6439999999998856,0.0,-8.822496612943182e-07
4.644999999999886,0.0,-8.743071214858501e-07
4.645999999999886,0.0,-8.663425067970695e-07
4.6469999999998866,0.0,-8.583676305555793e-07
4.647999999999887,0.0,-8.503935462289052e-07
4.648999999999887,0.0,-8.424305202289424e-07
4.649999999999888,0.0,-8.344880076106755e-07
4.650999999999888,0.0,-8.265746314484744e-07
4.651999999999888,0.0,-8.186981658377291e-07
4.652999999999889,0.0,-8.108655238099221e-07
4.653999999999889,0.0,-8.030827506094739e-07
4.654999999999889,0.0,-7.953550228201615e-07
4.65599999999989,0.0,-7.876866550082309e-07
4.65699999999989,0.0,-7.800811133305727e-07
4.65799999999989,0.0,-7.725410395342469e-07
4.658999999999891,0.0,-7.650682842821406e-07
4.659999999999891,0.0,-7.576639522335742e-07
4.660999999999891,0.0,-7.503284605945651e-07
4.661999999999892,0.0,-7.430616108731456e-07
4.662999999999892,0.0,-7.358626776237465e-07
4.663999999999892,0.0,-7.287305141937412e-07
4.664999999999893,0.0,-7.216636767495372e-07
4.665999999999893,0.0,-7.146605695581489e-07
4.666999999999893,0.0,-7.077201392222799e-07
4.667999999999894,0.0,-7.008424247227503e-07
4.668999999999894,0.0,-6.940279654802938e-07
4.669999999999894,0.0,-6.872773854090756e-07
4.670999999999895,0.0,-6.805915384298063e-07
4.671999999999895,0.0,-6.739716329505821e-07
4.672999999999895,0.0,-6.674193356290644e-07
4.673999999999896,0.0,-6.609368570664811e-07
4.674999999999896,0.0,-6.545270198660733e-07
4.675999999999896,0.0,-6.481933120426173e-07
4.676999999999897,0.0,-6.419399254801662e-07
4.677999999999897,0.0,-6.35771783077229e-07
4.678999999999897,0.0,-6.296945528409725e-07
4.679999999999898,0.0,-6.237146530460737e-07
4.680999999999898,0.0,-6.178392483325724e-07
4.681999999999898,0.0,-6.120762369578024e-07
4.682999999999899,0.0,-6.064342317174564e-07
4.683999999999899,0.0,-6.009225339155632e-07
4.684999999999899,0.0,-5.955511025718064e-07
4.6859999999999,0.0,-5.903305174972057e-07
4.6869999999999,0.0,-5.852719389813672e-07
4.6879999999999,0.0,-5.803870632442673e-07
4.688999999999901,0.0,-5.756880736587489e-07
4.689999999999901,0.0,-5.711875901517613e-07
4.690999999999901,0.0,-5.668986143944217e-07
4.691999999999902,0.0,-5.628344729232265e-07
4.692999999999902,0.0,-5.59008758258478e-07
4.693999999999902,0.0,-5.554352669072911e-07
4.694999999999903,0.0,-5.521279358184614e-07
4.695999999999903,0.0,-5.491007771965765e-07
4.696999999999903,0.0,-5.463678109087109e-07
4.697999999999904,0.0,-5.439429954747044e-07
4.698999999999904,0.0,-5.418401584000651e-07
4.699999999999904,0.0,-5.400729236636912e-07
4.700999999999905,0.0,-5.386546397279478e-07
4.701999999999905,0.0,-5.375983056153205e-07
4.702999999999905,0.0,-5.369164963700945e-07
4.703999999999906,0.0,-5.366212884821629e-07
4.704999999999906,0.0,-5.367241846666343e-07
4.705999999999906,0.0,-5.372360394629964e-07
4.706999999999907,0.0,-5.381669836179124e-07
4.707999999999907,0.0,-5.395263514795017e-07
4.708999999999907,0.0,-5.413226072707516e-07
4.709999999999908,0.0,-5.435632744406857e-07
4.710999999999908,0.0,-5.462548656580849e-07
4.711999999999908,0.0,-5.494028160961896e-07
4.712999999999909,0.0,-5.53011418792426e-07
4.713999999999909,0.0,-5.570837627903381e-07
4.714999999999909,0.0,-5.616216760609526e-07
4.71599999999991,0.0,-5.666256711219654e-07
4.71699999999991,0.0,-5.720948954734059e-07
4.71799999999991,0.0,-5.780270872684099e-07
4.718999999999911,0.0,-5.844185362042794e-07
4.719999999999911,0.0,-5.912640489908657e-07
4.720999999999911,0.0,-5.985569230902393e-07
4.721999999999912,0.0,-6.062889238967617e-07
4.722999999999912,0.0,-6.144502720580669e-07
4.723999999999912,0.0,-6.230296346134964e-07
4.724999999999913,0.0,-6.320141261647741e-07
4.725999999999913,0.0,-6.413893156670741e-07
4.726999999999913,0.0,-6.511392418980649e-07
4.727999999999914,0.0,-6.612464370121853e-07
4.728999999999914,0.0,-6.716919572902084e-07
4.729999999999914,0.0,-6.824554231224823e-07
4.730999999999915,0.0,-6.93515065799704e-07
4.731999999999915,0.0,-7.048477830845781e-07
4.732999999999915,0.0,-7.164292031461451e-07
4.733999999999916,0.0,-7.282337551131157e-07
4.734999999999916,0.0,-7.402347481989819e-07
4.735999999999916,0.0,-7.524044577400383e-07
4.736999999999917,0.0,-7.647142186723751e-07
4.737999999999917,0.0,-7.771345249602143e-07
4.738999999999917,0.0,-7.8963513609769e-07
4.739999999999918,0.0,-8.02185189259013e-07
4.740999999999918,0.0,-8.147533160078453e-07
4.741999999999918,0.0,-8.273077652543904e-07
4.742999999999919,0.0,-8.398165285579506e-07
4.743999999999919,0.0,-8.522474703838588e-07
4.744999999999919,0.0,-8.64568461464922e-07
4.74599999999992,0.0,-8.767475124880523e-07
4.74699999999992,0.0,-8.887529113060948e-07
4.74799999999992,0.0,-9.005533597083881e-07
4.748999999999921,0.0,-9.121181106622299e-07
4.749999999999921,0.0,-9.234171040214331e-07
4.750999999999921,0.0,-9.344211013507011e-07
4.751999999999922,0.0,-9.451018182267128e-07
4.752999999999922,0.0,-9.554320525554563e-07
4.753999999999922,0.0,-9.653858096409792e-07
4.754999999999923,0.0,-9.749384222610717e-07
4.755999999999923,0.0,-9.84066664578382e-07
4.756999999999923,0.0,-9.927488608049003e-07
4.757999999999924,0.0,-1.00096498557128e-06
4.758999999999924,0.0,-1.0086967575874177e-06
4.759999999999924,0.0,-1.015927723990322e-06
4.760999999999925,0.0,-1.0226433370825977e-06
4.761999999999925,0.0,-1.0288310194835486e-06
4.762999999999925,0.0,-1.0344802214980147e-06
4.763999999999926,0.0,-1.0395824662161686e-06
4.764999999999926,0.0,-1.0441313849498962e-06
4.765999999999926,0.0,-1.0481227408438772e-06
4.766999999999927,0.0,-1.0515544412524673e-06
4.767999999999927,0.0,-1.0544265387901773e-06
4.768999999999927,0.0,-1.0567412205082816e-06
4.769999999999928,0.0,-1.058502784785925e-06
4.770999999999928,0.0,-1.0597176081980472e-06
4.771999999999928,0.0,-1.0603940986949715e-06
4.772999999999929,0.0,-1.0605426394165943e-06
4.773999999999929,0.0,-1.0601755199992057e-06
4.774999999999929,0.0,-1.059306857776389e-06
4.77599999999993,0.0,-1.0579525087398079e-06
4.77699999999993,0.0,-1.0561299683500258e-06
4.77799999999993,0.0,-1.0538582628662618e-06
4.778999999999931,0.0,-1.0511578327222217e-06
4.779999999999931,0.0,-1.048050406460792e-06
4.780999999999931,0.0,-1.0445588686173644e-06
4.781999999999932,0.0,-1.040707120628919e-06
4.782999999999932,0.0,-1.036519935057004e-06
4.783999999999932,0.0,-1.0320228056034505e-06
4.784999999999933,0.0,-1.0272417933909565e-06
4.785999999999933,0.0,-1.0222033692440738e-06
4.786999999999933,0.0,-1.0169342539511483e-06
4.787999999999934,0.0,-1.011461258050418e-06
4.788999999999934,0.0,-1.0058111201978399e-06
4.789999999999934,0.0,-1.0000103476422563e-06
4.790999999999935,0.0,-9.940850585732697e-07
4.791999999999935,0.0,-9.880608265952879e-07
4.792999999999935,0.0,-9.819625312276227e-07
4.793999999999936,0.0,-9.758142127496506e-07
4.794999999999936,0.0,-9.69638934318232e-07
4.795999999999936,0.0,-9.63458652269414e-07
4.796999999999937,0.0,-9.572940959488952e-07
4.797999999999937,0.0,-9.511646581859764e-07
4.798999999999937,0.0,-9.450882980464107e-07
4.799999999999938,0.0,-9.390814575534478e-07
4.800999999999938,0.0,-9.331589928084173e-07
4.801999999999938,0.0,-9.273341226830392e-07
4.802999999999939,0.0,-9.216183947986009e-07
4.803999999999939,0.0,-9.160216713629741e-07
4.804999999999939,0.0,-9.10552137039741e-07
4.80599999999994,0.0,-9.052163279968002e-07
4.80699999999994,0.0,-9.000191874581131e-07
4.80799999999994,0.0,-8.949641447550309e-07
4.808999999999941,0.0,-8.900532246400208e-07
4.809999999999941,0.0,-8.852871845550931e-07
4.810999999999941,0.0,-8.806656818535966e-07
4.811999999999942,0.0,-8.761874759131903e-07
4.812999999999942,0.0,-8.718506624790099e-07
4.813999999999942,0.0,-8.67652945333727e-07
4.814999999999943,0.0,-8.63591944776772e-07
4.815999999999943,0.0,-8.59665544705575e-07
4.816999999999943,0.0,-8.558731982982487e-07
4.817999999999944,0.0,-8.520541796285752e-07
4.818999999999944,0.0,-8.482050346739033e-07
4.819999999999944,0.0,-8.443222318272002e-07
4.820999999999945,0.0,-8.404024206880402e-07
4.821999999999945,0.0,-8.364426582770098e-07
4.822999999999945,0.0,-8.324405995298138e-07
4.823999999999946,0.0,-8.283946598446026e-07
4.824999999999946,0.0,-8.243041477340758e-07
4.825999999999946,0.0,-8.201693715117759e-07
4.826999999999947,0.0,-8.159917198978312e-07
4.827999999999947,0.0,-8.117737208876668e-07
4.828999999999947,0.0,-8.075190779532937e-07
4.829999999999948,0.0,-8.032326871295455e-07
4.830999999999948,0.0,-7.989206349719819e-07
4.831999999999948,0.0,-7.945901811560665e-07
4.832999999999949,0.0,-7.902497244250974e-07
4.833999999999949,0.0,-7.859087559925916e-07
4.834999999999949,0.0,-7.815777994287033e-07
4.83599999999995,0.0,-7.77268340801412e-07
4.83699999999995,0.0,-7.729927478153631e-07
4.83799999999995,0.0,-7.687641817753843e-07
4.838999999999951,0.0,-7.645965008206223e-07
4.839999999999951,0.0,-7.605041582699079e-07
4.840999999999951,0.0,-7.565020954697026e-07
4.841999999999952,0.0,-7.526056297769431e-07
4.842999999999952,0.0,-7.488303415729082e-07
4.843999999999952,0.0,-7.451919566873126e-07
4.844999999999953,0.0,-7.41706229434236e-07
4.845999999999953,0.0,-7.383888247900618e-07
4.846999999999953,0.0,-7.352552007816042e-07
4.847999999999954,0.0,-7.32320492609332e-07
4.848999999999954,0.0,-7.295993987870625e-07
4.849999999999954,0.0,-7.271060696277924e-07
4.850999999999955,0.0,-7.248539999365365e-07
4.851999999999955,0.0,-7.228559249593394e-07
4.852999999999955,0.0,-7.211237217584919e-07
4.853999999999956,0.0,-7.196683158216202e-07
4.854999999999956,0.0,-7.184995933517531e-07
4.855999999999956,0.0,-7.176263201032547e-07
4.856999999999957,0.0,-7.170560669753786e-07
4.857999999999957,0.0,-7.167951436094992e-07
4.858999999999957,0.0,-7.168485388667592e-07
4.859999999999958,0.0,-7.172198698022955e-07
4.860999999999958,0.0,-7.17911339869077e-07
4.861999999999958,0.0,-7.1892370378199e-07
4.862999999999959,0.0,-7.202562439643079e-07
4.863999999999959,0.0,-7.219067537726741e-07
4.864999999999959,0.0,-7.238715314404589e-07
4.86599999999996,0.0,-7.261453819897287e-07
4.86699999999996,0.0,-7.287216295037544e-07
4.86799999999996,0.0,-7.315921375146456e-07
4.868999999999961,0.0,-7.347473386924529e-07
4.869999999999961,0.0,-7.381762738061524e-07
4.870999999999961,0.0,-7.41866638013543e-07
4.871999999999962,0.0,-7.458048362721389e-07
4.872999999999962,0.0,-7.499760463284977e-07
4.873999999999962,0.0,-7.543642882278427e-07
4.874999999999963,0.0,-7.589525018283123e-07
4.875999999999963,0.0,-7.63722630196061e-07
4.876999999999963,0.0,-7.686557079796394e-07
4.877999999999964,0.0,-7.737319561667958e-07
4.878999999999964,0.0,-7.789308801427533e-07
4.879999999999964,0.0,-7.842313728661778e-07
4.880999999999965,0.0,-7.896118196001272e-07
4.881999999999965,0.0,-7.950502063004348e-07
4.882999999999965,0.0,-8.005242292081597e-07
4.883999999999966,0.0,-8.060114050850047e-07
4.884999999999966,0.0,-8.114891826735366e-07
4.885999999999966,0.0,-8.169350525350202e-07
4.886999999999967,0.0,-8.223266562204641e-07
4.887999999999967,0.0,-8.276418937826951e-07
4.888999999999967,0.0,-8.328590286979438e-07
4.889999999999968,0.0,-8.379567884930008e-07
4.890999999999968,0.0,-8.429144641701564e-07
4.891999999999968,0.0,-8.477120016205398e-07
4.892999999999969,0.0,-8.523300915972174e-07
4.893999999999969,0.0,-8.567502520510673e-07
4.894999999999969,0.0,-8.609549057385723e-07
4.89599999999997,0.0,-8.649274506609269e-07
4.89699999999997,0.0,-8.68652324836289e-07
4.89799999999997,0.0,-8.721150633379211e-07
4.898999999999971,0.0,-8.753023488318753e-07
4.899999999999971,0.0,-8.782020541661076e-07
4.900999999999971,0.0,-8.808032775583871e-07
4.901999999999972,0.0,-8.830963707356133e-07
4.902999999999972,0.0,-8.850729585948972e-07
4.903999999999972,0.0,-8.867259521267282e-07
4.904999999999973,0.0,-8.880495528315038e-07
4.905999999999973,0.0,-8.890392506942598e-07
4.906999999999973,0.0,-8.896918144511197e-07
4.907999999999974,0.0,-8.900052749196282e-07
4.908999999999974,0.0,-8.899789010572874e-07
4.909999999999974,0.0,-8.896131717496379e-07
4.910999999999975,0.0,-8.889097379864275e-07
4.911999999999975,0.0,-8.87871382986217e-07
4.912999999999975,0.0,-8.865019748052445e-07
4.913999999999976,0.0,-8.848064153595543e-07
4.914999999999976,0.0,-8.827905841109637e-07
4.915999999999976,0.0,-8.804612794360697e-07
4.916999999999977,0.0,-8.778261554892983e-07
4.917999999999977,0.0,-8.748936566606994e-07
4.918999999999977,0.0,-8.716729505184813e-07
4.919999999999978,0.0,-8.681738581411947e-07
4.920999999999978,0.0,-8.644067842570682e-07
4.921999999999978,0.0,-8.60382645865357e-07
4.922999999999979,0.0,-8.561128019745456e-07
4.923999999999979,0.0,-8.516089824304366e-07
4.924999999999979,0.0,-8.468832189816021e-07
4.92599999999998,0.0,-8.419477769941296e-07
4.92699999999998,0.0,-8.368150889997144e-07
4.92799999999998,0.0,-8.314976904689721e-07
4.928999999999981,0.0,-8.260081584255605e-07
4.929999999999981,0.0,-8.203590527851378e-07
4.930999999999981,0.0,-8.145628602540898e-07
4.931999999999982,0.0,-8.086319427549506e-07
4.932999999999982,0.0,-8.02578487810614e-07
4.933999999999982,0.0,-7.96414464748269e-07
4.934999999999983,0.0,-7.901515822294004e-07
4.935999999999983,0.0,-7.83801251472423e-07
4.936999999999983,0.0,-7.773745526422912e-07
4.937999999999984,0.0,-7.70882204622059e-07
4.938999999999984,0.0,-7.643345398094097e-07
4.939999999999984,0.0,-7.577414806679117e-07
4.940999999999985,0.0,-7.51112521598485e-07
4.941999999999985,0.0,-7.444567132799266e-07
4.942999999999985,0.0,-7.377826498420134e-07
4.943999999999986,0.0,-7.310984602990765e-07
4.944999999999986,0.0,-7.244118012575688e-07
4.945999999999986,0.0,-7.17729853473657e-07
4.946999999999987,0.0,-7.110593202602665e-07
4.947999999999987,0.0,-7.044064278360916e-07
4.948999999999987,0.0,-6.977769294365414e-07
4.949999999999988,0.0,-6.911761086142128e-07
4.950999999999988,0.0,-6.846087873446517e-07
4.951999999999988,0.0,-6.780793344211291e-07
4.952999999999989,0.0,-6.715916758791387e-07
4.953999999999989,0.0,-6.651493078796603e-07
4.954999999999989,0.0,-6.587553116505472e-07
4.95599999999999,0.0,-6.524123703011374e-07
4.95699999999999,0.0,-6.461227883233659e-07
4.95799999999999,0.0,-6.398885146288533e-07
4.958999999999991,0.0,-6.337111679060686e-07
4.959999999999991,0.0,-6.275920667057798e-07
4.960999999999991,0.0,-6.215322625844748e-07
4.961999999999992,0.0,-6.155325792360449e-07
4.962999999999992,0.0,-6.095936564651577e-07
4.963999999999992,0.0,-6.03716000297465e-07
4.964999999999993,0.0,-5.979000397328186e-07
4.965999999999993,0.0,-5.921461909788019e-07
4.966999999999993,0.0,-5.864549295214604e-07
4.967999999999994,0.0,-5.808263303713317e-07
4.968999999999994,0.0,-5.752594248914678e-07
4.969999999999994,0.0,-5.697526584934085e-07
4.970999999999995,0.0,-5.643045055480542e-07
4.971999999999995,0.0,-5.589135444744898e-07
4.972999999999995,0.0,-5.535785212422564e-07
4.973999999999996,0.0,-5.482984014655878e-07
4.974999999999996,0.0,-5.430724130696547e-07
4.975999999999996,0.0,-5.379000801286629e-07
4.976999999999997,0.0,-5.327812495988105e-07
4.977999999999997,0.0,-5.277161117954784e-07
4.978999999999997,0.0,-5.227052157279286e-07
4.979999999999998,0.0,-5.17749479596274e-07
4.980999999999998,0.0,-5.128501982283155e-07
4.981999999999998,0.0,-5.080090476917498e-07
4.982999999999999,0.0,-5.03228088168915e-07
4.983999999999999,0.0,-4.985097641732551e-07
4.984999999999999,0.0,-4.938569045820973e-07
4.986,0.0,-4.892727216127734e-07
4.987,0.0,-4.847608088598417e-07
4.988,0.0,-4.803251387376822e-07
4.989000000000001,0.0,-4.7597005981964514e-07
4.990000000000001,0.0,-4.7170029368604817e-07
4.991000000000001,0.0,-4.675209304392514e-07
4.992000000000002,0.0,-4.63437424229217e-07
4.993000000000002,0.0,-4.5945558733188095e-07
4.994000000000002,0.0,-4.5558158283448005e-07
4.995000000000003,0.0,-4.5182191668757396e-07
4.996000000000003,0.0,-4.481834266354857e-07
4.997000000000003,0.0,-4.446732700659442e-07
4.998000000000004,0.0,-4.4129890900128e-07
4.999000000000004,0.0,-4.3806809219670023e-07
5.000000000000004,0.0,-4.3498883541284414e-07
5.001000000000005,0.0,-4.320693968116199e-07
5.002000000000005,0.0,-4.293182501984332e-07
5.003000000000005,0.0,-4.2674405458087043e-07
5.004000000000006,0.0,-4.243556197142102e-07
5.005000000000006,0.0,-4.22161868008566e-07
5.0060000000000064,0.0,-4.201717931254324e-07
5.007000000000007,0.0,-4.183944143209254e-07
5.008000000000007,0.0,-4.168387274110351e-07
5.0090000000000074,0.0,-4.155136530973029e-07
5.010000000000008,0.0,-4.144279806536634e-07
5.011000000000008,0.0,-4.1359030966807786e-07
5.0120000000000084,0.0,-4.130089896492511e-07
5.013000000000009,0.0,-4.1269205563477656e-07
5.014000000000009,0.0,-4.126471641704948e-07
5.0150000000000095,0.0,-4.1288152641407725e-07
5.01600000000001,0.0,-4.1340184089703567e-07
5.01700000000001,0.0,-4.142142264052026e-07
5.0180000000000105,0.0,-4.1532415404981996e-07
5.019000000000011,0.0,-4.167363816628173e-07
5.020000000000011,0.0,-4.1845488841869245e-07
5.0210000000000115,0.0,-4.204828115952199e-07
5.022000000000012,0.0,-4.22822387015184e-07
5.023000000000012,0.0,-4.254748913957842e-07
5.0240000000000125,0.0,-4.284405893160626e-07
5.025000000000013,0.0,-4.3171868462710285e-07
5.026000000000013,0.0,-4.3530727614163404e-07
5.0270000000000135,0.0,-4.392033195463959e-07
5.028000000000014,0.0,-4.43402594686529e-07
5.029000000000014,0.0,-4.478996800185477e-07
5.0300000000000145,0.0,-4.5268793237251374e-07
5.031000000000015,0.0,-4.5775947593970623e-07
5.032000000000015,0.0,-4.631051966243156e-07
5.0330000000000155,0.0,-4.687147457902777e-07
5.034000000000016,0.0,-4.7457655022775534e-07
5.035000000000016,0.0,-4.806778319397161e-07
5.0360000000000165,0.0,-4.87004635058142e-07
5.037000000000017,0.0,-4.93541859583929e-07
5.038000000000017,0.0,-5.002733064645605e-07
5.0390000000000175,0.0,-5.071817263915756e-07
5.040000000000018,0.0,-5.14248879936893e-07
5.041000000000018,0.0,-5.214556033164734e-07
5.0420000000000185,0.0,-5.287818807535888e-07
5.043000000000019,0.0,-5.362069256012139e-07
5.044000000000019,0.0,-5.437092659795815e-07
5.0450000000000195,0.0,-5.512668370628467e-07
5.04600000000002,0.0,-5.588570786869897e-07
5.04700000000002,0.0,-5.664570374482906e-07
5.0480000000000205,0.0,-5.740434732061398e-07
5.049000000000021,0.0,-5.815929689335808e-07
5.050000000000021,0.0,-5.890820430488484e-07
5.0510000000000215,0.0,-5.964872645082222e-07
5.052000000000022,0.0,-6.037853685053134e-07
5.053000000000022,0.0,-6.109533727728235e-07
5.0540000000000225,0.0,-6.179686940783856e-07
5.055000000000023,0.0,-6.248092635952679e-07
5.056000000000023,0.0,-6.314536396904616e-07
5.0570000000000235,0.0,-6.378811192986644e-07
5.058000000000024,0.0,-6.440718449066465e-07
5.059000000000024,0.0,-6.500069081786659e-07
5.0600000000000245,0.0,-6.556684479743546e-07
5.061000000000025,0.0,-6.610397436515416e-07
5.062000000000025,0.0,-6.661053013089049e-07
5.0630000000000255,0.0,-6.708509339154079e-07
5.064000000000026,0.0,-6.752638334264379e-07
5.065000000000026,0.0,-6.793326354769215e-07
5.0660000000000265,0.0,-6.830474748979283e-07
5.067000000000027,0.0,-6.86400033198571e-07
5.068000000000027,0.0,-6.893835763960627e-07
5.0690000000000275,0.0,-6.91992983368309e-07
5.070000000000028,0.0,-6.942247641556865e-07
5.071000000000028,0.0,-6.960770693921472e-07
5.0720000000000285,0.0,-6.975496883700457e-07
5.073000000000029,0.0,-6.986440381141993e-07
5.074000000000029,0.0,-6.993631420233479e-07
5.0750000000000295,0.0,-6.997115990842131e-07
5.07600000000003,0.0,-6.996955425793774e-07
5.07700000000003,0.0,-6.993225903285057e-07
5.0780000000000305,0.0,-6.986017851018043e-07
5.079000000000031,0.0,-6.975435269621423e-07
5.080000000000031,0.0,-6.961594964930468e-07
5.0810000000000315,0.0,-6.944625708260595e-07
5.082000000000032,0.0,-6.924667321920496e-07
5.083000000000032,0.0,-6.901869694753603e-07
5.0840000000000325,0.0,-6.876391739899355e-07
5.085000000000033,0.0,-6.848400296551725e-07
5.086000000000033,0.0,-6.818068986191761e-07
5.0870000000000335,0.0,-6.785577019724138e-07
5.088000000000034,0.0,-6.751107986334535e-07
5.089000000000034,0.0,-6.714848603353835e-07
5.0900000000000345,0.0,-6.676987456947868e-07
5.091000000000035,0.0,-6.637713734115089e-07
5.092000000000035,0.0,-6.597215951654257e-07
5.0930000000000355,0.0,-6.555680690852121e-07
5.094000000000036,0.0,-6.513291360481553e-07
5.095000000000036,0.0,-6.470226977001583e-07
5.0960000000000365,0.0,-6.426660986201458e-07
5.097000000000037,0.0,-6.382760130945824e-07
5.098000000000037,0.0,-6.338683371016654e-07
5.0990000000000375,0.0,-6.294580879437666e-07
5.100000000000038,0.0,-6.250593104261999e-07
5.101000000000038,0.0,-6.206849931350171e-07
5.1020000000000385,0.0,-6.163469935342006e-07
5.103000000000039,0.0,-6.120559750009035e-07
5.104000000000039,0.0,-6.078213556240375e-07
5.1050000000000395,0.0,-6.036512712607378e-07
5.10600000000004,0.0,-5.995525522625603e-07
5.10700000000004,0.0,-5.955307175778576e-07
5.1080000000000405,0.0,-5.915899849174893e-07
5.109000000000041,0.0,-5.877333004786295e-07
5.110000000000041,0.0,-5.839623887691749e-07
5.1110000000000415,0.0,-5.802778228124537e-07
5.112000000000042,0.0,-5.766791191901102e-07
5.113000000000042,0.0,-5.731648553233617e-07
5.1140000000000425,0.0,-5.697328143811702e-07
5.115000000000043,0.0,-5.663801563071431e-07
5.116000000000043,0.0,-5.631036189547296e-07
5.1170000000000435,0.0,-5.598997489646714e-07
5.118000000000044,0.0,-5.567674175914175e-07
5.119000000000044,0.0,-5.536121605909088e-07
5.1200000000000445,0.0,-5.504358250240148e-07
5.121000000000045,0.0,-5.472402355064142e-07
5.122000000000045,0.0,-5.440274931908255e-07
5.1230000000000455,0.0,-5.408002291987564e-07
5.124000000000046,0.0,-5.375618184311169e-07
5.125000000000046,0.0,-5.343165547945921e-07
5.1260000000000465,0.0,-5.31069789755999e-07
5.127000000000047,0.0,-5.278280395117132e-07
5.128000000000047,0.0,-5.24599059951882e-07
5.1290000000000475,0.0,-5.21391893315171e-07
5.130000000000048,0.0,-5.182168894287722e-07
5.131000000000048,0.0,-5.150857019584589e-07
5.1320000000000485,0.0,-5.120112633086657e-07
5.133000000000049,0.0,-5.090077390460488e-07
5.134000000000049,0.0,-5.060904641799763e-07
5.1350000000000495,0.0,-5.032758643870458e-07
5.13600000000005,0.0,-5.005813608334933e-07
5.13700000000005,0.0,-4.980252647197756e-07
5.1380000000000505,0.0,-4.956266584840269e-07
5.139000000000051,0.0,-4.934052697129807e-07
5.140000000000051,0.0,-4.913813358511147e-07
5.1410000000000515,0.0,-4.895754633162629e-07
5.142000000000052,0.0,-4.880084812835928e-07
5.143000000000052,0.0,-4.867012929228306e-07
5.1440000000000525,0.0,-4.856747226912503e-07
5.145000000000053,0.0,-4.849493646623218e-07
5.146000000000053,0.0,-4.845454302891932e-07
5.1470000000000535,0.0,-4.844825969737314e-07
5.148000000000054,0.0,-4.847798605746539e-07
5.149000000000054,0.0,-4.854553906093646e-07
5.1500000000000545,0.0,-4.865263902117604e-07
5.151000000000055,0.0,-4.880089616351012e-07
5.152000000000055,0.0,-4.899179781742455e-07
5.1530000000000555,0.0,-4.922669638779789e-07
5.154000000000056,0.0,-4.950679801779557e-07
5.155000000000056,0.0,-4.983315221448377e-07
5.1560000000000565,0.0,-5.020664233833052e-07
5.157000000000057,0.0,-5.062797717603387e-07
5.158000000000057,0.0,-5.109768342556284e-07
5.1590000000000575,0.0,-5.161609939320066e-07
5.160000000000058,0.0,-5.218336970850746e-07
5.161000000000058,0.0,-5.279944121946621e-07
5.1620000000000585,0.0,-5.34640601241646e-07
5.163000000000059,0.0,-5.417677015098005e-07
5.164000000000059,0.0,-5.493691205169879e-07
5.1650000000000595,0.0,-5.574362413185967e-07
5.16600000000006,0.0,-5.659584417001886e-07
5.16700000000006,0.0,-5.749231229701745e-07
5.1680000000000605,0.0,-5.843157507333842e-07
5.169000000000061,0.0,-5.941199068889569e-07
5.170000000000061,0.0,-6.043173521618347e-07
5.1710000000000615,0.0,-6.148880986607335e-07
5.172000000000062,0.0,-6.258104917842254e-07
5.173000000000062,0.0,-6.37061301777067e-07
5.1740000000000625,0.0,-6.4861582374058e-07
5.175000000000063,0.0,-6.60447984359182e-07
5.176000000000063,0.0,-6.725304572357412e-07
5.1770000000000636,0.0,-6.848347828075463e-07
5.178000000000064,0.0,-6.973314956008118e-07
5.179000000000064,0.0,-7.099902542455718e-07
5.1800000000000646,0.0,-7.227799767693132e-07
5.181000000000065,0.0,-7.356689785349186e-07
5.182000000000065,0.0,-7.48625111779025e-07
5.1830000000000656,0.0,-7.616159071879506e-07
5.184000000000066,0.0,-7.746087154785597e-07
5.185000000000066,0.0,-7.875708484522429e-07
5.186000000000067,0.0,-8.004697197698119e-07
5.187000000000067,0.0,-8.132729820003216e-07
5.188000000000067,0.0,-8.259486631290116e-07
5.189000000000068,0.0,-8.384652972859655e-07
5.190000000000068,0.0,-8.50792052729201e-07
5.191000000000068,0.0,-8.628988547358988e-07
5.192000000000069,0.0,-8.747565020433961e-07
5.193000000000069,0.0,-8.863367786947434e-07
5.194000000000069,0.0,-8.976125576878921e-07
5.19500000000007,0.0,-9.085578987879717e-07
5.19600000000007,0.0,-9.191481381654244e-07
5.19700000000007,0.0,-9.293599702732731e-07
5.198000000000071,0.0,-9.39171521396296e-07
5.199000000000071,0.0,-9.485624153784149e-07
5.200000000000071,0.0,-9.575138301057012e-07
5.201000000000072,0.0,-9.660085454727646e-07
5.202000000000072,0.0,-9.740309826201211e-07
5.203000000000072,0.0,-9.815672339494097e-07
5.204000000000073,0.0,-9.886050853102327e-07
5.205000000000073,0.0,-9.951340283564583e-07
5.206000000000073,0.0,-1.001145265140008e-06
5.207000000000074,0.0,-1.00663170419708e-06
5.208000000000074,0.0,-1.0115879488027087e-06
5.209000000000074,0.0,-1.0160102770108372e-06
5.210000000000075,0.0,-1.0198966146184797e-06
5.211000000000075,0.0,-1.023246501323994e-06
5.212000000000075,0.0,-1.0260610498802411e-06
5.213000000000076,0.0,-1.028342899044486e-06
5.214000000000076,0.0,-1.0300961617863215e-06
5.215000000000076,0.0,-1.031326366844482e-06
5.216000000000077,0.0,-1.0320403969873232e-06
5.217000000000077,0.0,-1.0322464221032358e-06
5.218000000000077,0.0,-1.031953829596117e-06
5.219000000000078,0.0,-1.0311731513058647e-06
5.220000000000078,0.0,-1.0299159872864915e-06
5.221000000000078,0.0,-1.028194928676181e-06
5.222000000000079,0.0,-1.0260234786228081e-06
5.223000000000079,0.0,-1.023415971685192e-06
5.224000000000079,0.0,-1.0203874931462632e-06
5.22500000000008,0.0,-1.0169537989440829e-06
5.22600000000008,0.0,-1.0131312343338126e-06
5.22700000000008,0.0,-1.0089366543456195e-06
5.228000000000081,0.0,-1.0043873454972331e-06
5.229000000000081,0.0,-9.995009478621481e-07
5.230000000000081,0.0,-9.94295379771845e-07
5.231000000000082,0.0,-9.887887640805597e-07
5.232000000000082,0.0,-9.829993556649395e-07
5.233000000000082,0.0,-9.76945472970845e-07
5.234000000000083,0.0,-9.706454300141767e-07
5.235000000000083,0.0,-9.64117471757481e-07
5.236000000000083,0.0,-9.573797122961304e-07
5.237000000000084,0.0,-9.504500742641651e-07
5.238000000000084,0.0,-9.433462321872525e-07
5.239000000000084,0.0,-9.360855570106416e-07
5.240000000000085,0.0,-9.286850637769099e-07
5.241000000000085,0.0,-9.211613616285937e-07
5.242000000000085,0.0,-9.135306053233531e-07
5.243000000000086,0.0,-9.058084499160088e-07
5.244000000000086,0.0,-8.98010006883445e-07
5.245000000000086,0.0,-8.901498027006643e-07
5.246000000000087,0.0,-8.822417395030843e-07
5.247000000000087,0.0,-8.742990575382922e-07
5.248000000000087,0.0,-8.663343005341955e-07
5.249000000000088,0.0,-8.583592823956565e-07
5.250000000000088,0.0,-8.503850575716804e-07
5.251000000000088,0.0,-8.42421893348567e-07
5.252000000000089,0.0,-8.344792457056925e-07
5.253000000000089,0.0,-8.265657380754161e-07
5.254000000000089,0.0,-8.18689145339752e-07
5.25500000000009,0.0,-8.108563810371853e-07
5.25600000000009,0.0,-8.03073490844248e-07
5.25700000000009,0.0,-7.953456519248543e-07
5.258000000000091,0.0,-7.876771787777786e-07
5.259000000000091,0.0,-7.800715379805069e-07
5.260000000000091,0.0,-7.725313715425389e-07
5.261000000000092,0.0,-7.650585299289734e-07
5.262000000000092,0.0,-7.576541180199192e-07
5.263000000000092,0.0,-7.503185526068307e-07
5.264000000000093,0.0,-7.430516353637298e-07
5.265000000000093,0.0,-7.358526406037299e-07
5.266000000000093,0.0,-7.287204213499424e-07
5.267000000000094,0.0,-7.216535334443083e-07
5.268000000000094,0.0,-7.14650381045583e-07
5.269000000000094,0.0,-7.077099104518128e-07
5.270000000000095,0.0,-7.008321606662002e-07
5.271000000000095,0.0,-6.940176711315008e-07
5.272000000000095,0.0,-6.87267065752104e-07
5.273000000000096,0.0,-6.805811986587028e-07
5.274000000000096,0.0,-6.739612782527043e-07
5.275000000000096,0.0,-6.674089713892494e-07
5.276000000000097,0.0,-6.609264886846422e-07
5.277000000000097,0.0,-6.545166529767009e-07
5.278000000000097,0.0,-6.48182952513493e-07
5.279000000000098,0.0,-6.419295795864821e-07
5.280000000000098,0.0,-6.357614571121862e-07
5.281000000000098,0.0,-6.296842535131064e-07
5.282000000000099,0.0,-6.237043876393779e-07
5.283000000000099,0.0,-6.178290244035397e-07
5.284000000000099,0.0,-6.120660625154092e-07
5.2850000000001,0.0,-6.064241152016557e-07
5.2860000000001,0.0,-6.009124844801767e-07
5.2870000000001,0.0,-5.955411297594401e-07
5.288000000000101,0.0,-5.90320631532742e-07
5.289000000000101,0.0,-5.852621505348657e-07
5.290000000000101,0.0,-5.803773836680641e-07
5.291000000000102,0.0,-5.756785150596973e-07
5.292000000000102,0.0,-5.711781649007752e-07
5.293000000000102,0.0,-5.668893354969421e-07
5.294000000000103,0.0,-5.628253543203288e-07
5.295000000000103,0.0,-5.589998141855529e-07
5.296000000000103,0.0,-5.554265121515189e-07
5.297000000000104,0.0,-5.521193857784982e-07
5.298000000000104,0.0,-5.490924477004082e-07
5.299000000000104,0.0,-5.463597181556139e-07
5.300000000000105,0.0,-5.439351563460248e-07
5.301000000000105,0.0,-5.41832589925748e-07
5.302000000000105,0.0,-5.400656431679965e-07
5.303000000000106,0.0,-5.386476649998655e-07
5.304000000000106,0.0,-5.375916545829715e-07
5.305000000000106,0.0,-5.36910186948016e-07
5.306000000000107,0.0,-5.366153388927909e-07
5.307000000000107,0.0,-5.367186132217285e-07
5.308000000000107,0.0,-5.372308640643334e-07
5.309000000000108,0.0,-5.381622224475886e-07
5.310000000000108,0.0,-5.395220223376211e-07
5.311000000000108,0.0,-5.413187277812408e-07
5.312000000000109,0.0,-5.435598617726202e-07
5.313000000000109,0.0,-5.462519368751632e-07
5.314000000000109,0.0,-5.494003876866519e-07
5.31500000000011,0.0,-5.530095063895573e-07
5.31600000000011,0.0,-5.57082381919165e-07
5.31700000000011,0.0,-5.616208413722002e-07
5.318000000000111,0.0,-5.666253963237266e-07
5.319000000000111,0.0,-5.720951936744408e-07
5.320000000000111,0.0,-5.780279706537815e-07
5.321000000000112,0.0,-5.844200159950139e-07
5.322000000000112,0.0,-5.91266135616837e-07
5.323000000000112,0.0,-5.985596253092812e-07
5.324000000000113,0.0,-6.062922501983257e-07
5.325000000000113,0.0,-6.144542291105544e-07
5.326000000000113,0.0,-6.230342281896026e-07
5.327000000000114,0.0,-6.320193605009922e-07
5.328000000000114,0.0,-6.41395193920604e-07
5.329000000000114,0.0,-6.51145765723658e-07
5.330000000000115,0.0,-6.612536067482013e-07
5.331000000000115,0.0,-6.716997718071353e-07
5.332000000000115,0.0,-6.824638798171738e-07
5.333000000000116,0.0,-6.935241605994956e-07
5.334000000000116,0.0,-7.048575105683063e-07
5.335000000000116,0.0,-7.164395560296105e-07
5.336000000000117,0.0,-7.282447248426527e-07
5.337000000000117,0.0,-7.402463245480617e-07
5.338000000000117,0.0,-7.524166289434602e-07
5.339000000000118,0.0,-7.647269713735779e-07
5.340000000000118,0.0,-7.771478444467285e-07
5.341000000000118,0.0,-7.896490059940621e-07
5.342000000000119,0.0,-8.021995913810885e-07
5.343000000000119,0.0,-8.147682310757112e-07
5.344000000000119,0.0,-8.273231721102791e-07
5.34500000000012,0.0,-8.398324046577256e-07
5.34600000000012,0.0,-8.522637920110622e-07
5.34700000000012,0.0,-8.645852030285338e-07
5.348000000000121,0.0,-8.767646472239083e-07
5.349000000000121,0.0,-8.88770411109764e-07
5.350000000000121,0.0,-9.005711951154151e-07
5.351000000000122,0.0,-9.121362507682787e-07
5.352000000000122,0.0,-9.234355167300878e-07
5.353000000000122,0.0,-9.344397536097415e-07
5.354000000000123,0.0,-9.45120675568736e-07
5.355000000000123,0.0,-9.554510795613712e-07
5.356000000000123,0.0,-9.654049697259596e-07
5.357000000000124,0.0,-9.749576780730134e-07
5.358000000000124,0.0,-9.840859777533952e-07
5.359000000000124,0.0,-9.92768192116319e-07
5.360000000000125,0.0,-1.000984294943658e-06
5.361000000000125,0.0,-1.0087160044439433e-06
5.362000000000125,0.0,-1.0159468668601245e-06
5.363000000000126,0.0,-1.022662334108697e-06
5.364000000000126,0.0,-1.0288498283248883e-06
5.365000000000126,0.0,-1.0344987993154666e-06
5.366000000000127,0.0,-1.0396007697779097e-06
5.367000000000127,0.0,-1.044149370908024e-06
5.368000000000127,0.0,-1.0481403655154223e-06
5.369000000000128,0.0,-1.0515716609363489e-06
5.370000000000128,0.0,-1.0544433097408583e-06
5.371000000000128,0.0,-1.056757498805694e-06
5.372000000000129,0.0,-1.058518527011366e-06
5.373000000000129,0.0,-1.0597327706487894e-06
5.374000000000129,0.0,-1.0604086382849085e-06
5.37500000000013,0.0,-1.0605565131090156e-06
5.37600000000013,0.0,-1.0601886854003666e-06
5.37700000000013,0.0,-1.059319272760927e-06
5.378000000000131,0.0,-1.0579641317462933e-06
5.379000000000131,0.0,-1.0561407584011315e-06
5.380000000000131,0.0,-1.0538681795304818e-06
5.381000000000132,0.0,-1.0511668363118648e-06
5.382000000000132,0.0,-1.0480584578739162e-06
5.383000000000132,0.0,-1.0445659297526996e-06
5.384000000000133,0.0,-1.0407131539725903e-06
5.385000000000133,0.0,-1.0365249038105495e-06
5.386000000000133,0.0,-1.0320266742605135e-06
5.387000000000134,0.0,-1.0272445269872972e-06
5.388000000000134,0.0,-1.0222049336996324e-06
5.389000000000134,0.0,-1.0169346162184387e-06
5.390000000000135,0.0,-1.0114603857701987e-06
5.391000000000135,0.0,-1.0058089820736975e-06
5.392000000000135,0.0,-1.0000069133191744e-06
5.393000000000136,0.0,-9.940802982663392e-07
5.394000000000136,0.0,-9.88054711703138e-07
5.395000000000136,0.0,-9.819550338404205e-07
5.396000000000137,0.0,-9.758053057189752e-07
5.397000000000137,0.0,-9.69628591127823e-07
5.398000000000137,0.0,-9.634468474137165e-07
5.399000000000138,0.0,-9.572808042397721e-07
5.400000000000138,0.0,-9.511498550719784e-07
5.401000000000138,0.0,-9.450719599476769e-07
5.402000000000139,0.0,-9.390635607674383e-07
5.403000000000139,0.0,-9.331395146494849e-07
5.404000000000139,0.0,-9.273130403663471e-07
5.40500000000014,0.0,-9.215956861818144e-07
5.40600000000014,0.0,-9.159973144863167e-07
5.40700000000014,0.0,-9.105261098434612e-07
5.408000000000141,0.0,-9.051886089497823e-07
5.409000000000141,0.0,-8.99989754808402e-07
5.410000000000141,0.0,-8.949329771692988e-07
5.411000000000142,0.0,-8.900203006638179e-07
5.412000000000142,0.0,-8.852524822734589e-07
5.413000000000142,0.0,-8.806291798426448e-07
5.414000000000143,0.0,-8.761491523256735e-07
5.415000000000143,0.0,-8.718104958066579e-07
5.416000000000143,0.0,-8.676109137772471e-07
5.417000000000144,0.0,-8.635480263137682e-07
5.418000000000144,0.0,-8.59619717905781e-07
5.419000000000144,0.0,-8.558254400192241e-07
5.420000000000145,0.0,-8.520045470205787e-07
5.421000000000145,0.0,-8.48153583875202e-07
5.422000000000145,0.0,-8.442690181402474e-07
5.423000000000146,0.0,-8.403474986986413e-07
5.424000000000146,0.0,-8.363860815418963e-07
5.425000000000146,0.0,-8.323824206969412e-07
5.426000000000147,0.0,-8.283349308096737e-07
5.427000000000147,0.0,-8.242429194986304e-07
5.428000000000147,0.0,-8.201066940481765e-07
5.429000000000148,0.0,-8.159276428644701e-07
5.430000000000148,0.0,-8.117082927232769e-07
5.431000000000148,0.0,-8.074523465656062e-07
5.432000000000149,0.0,-8.031646995261598e-07
5.433000000000149,0.0,-7.988514377017363e-07
5.434000000000149,0.0,-7.945198198959674e-07
5.43500000000015,0.0,-7.90178244555778e-07
5.43600000000015,0.0,-7.858362019410418e-07
5.43700000000015,0.0,-7.815042155079946e-07
5.438000000000151,0.0,-7.771937702058061e-07
5.439000000000151,0.0,-7.729172338561277e-07
5.440000000000151,0.0,-7.68687766779992e-07
5.441000000000152,0.0,-7.645192271537981e-07
5.442000000000152,0.0,-7.604260675879106e-07
5.443000000000152,0.0,-7.564232288406752e-07
5.444000000000153,0.0,-7.525260284784449e-07
5.445000000000153,0.0,-7.487500459844772e-07
5.446000000000153,0.0,-7.451110069269473e-07
5.447000000000154,0.0,-7.416246654941307e-07
5.448000000000154,0.0,-7.38306686087827e-07
5.449000000000154,0.0,-7.351725264312223e-07
5.450000000000155,0.0,-7.322373214351521e-07
5.451000000000155,0.0,-7.295157693856484e-07
5.452000000000155,0.0,-7.270220201926708e-07
5.453000000000156,0.0,-7.247695682333193e-07
5.454000000000156,0.0,-7.227711483501385e-07
5.455000000000156,0.0,-7.210386374794604e-07
5.456000000000157,0.0,-7.195829605968181e-07
5.457000000000157,0.0,-7.18414003428985e-07
5.458000000000157,0.0,-7.175405313539154e-07
5.459000000000158,0.0,-7.169701150711197e-07
5.460000000000158,0.0,-7.167090634895801e-07
5.461000000000158,0.0,-7.167623651799314e-07
5.462000000000159,0.0,-7.17133636761549e-07
5.463000000000159,0.0,-7.178250809442047e-07
5.464000000000159,0.0,-7.188374522761775e-07
5.46500000000016,0.0,-7.201700323591278e-07
5.46600000000016,0.0,-7.218206140631526e-07
5.46700000000016,0.0,-7.237854950452379e-07
5.468000000000161,0.0,-7.260594798721874e-07
5.469000000000161,0.0,-7.286358916124764e-07
5.470000000000161,0.0,-7.315065933828284e-07
5.471000000000162,0.0,-7.346620172587463e-07
5.472000000000162,0.0,-7.380912030511123e-07
5.473000000000162,0.0,-7.417818454984294e-07
5.474000000000163,0.0,-7.457203485686276e-07
5.475000000000163,0.0,-7.498918892906915e-07
5.476000000000163,0.0,-7.542804869055196e-07
5.477000000000164,0.0,-7.588690806828771e-07
5.478000000000164,0.0,-7.636396126423502e-07
5.479000000000164,0.0,-7.685731166003284e-07
5.480000000000165,0.0,-7.73649812772754e-07
5.481000000000165,0.0,-7.788492057736623e-07
5.482000000000165,0.0,-7.841501874251063e-07
5.483000000000166,0.0,-7.895311425574183e-07
5.484000000000166,0.0,-7.949700555937796e-07
5.485000000000166,0.0,-8.00444622356468e-07
5.486000000000167,0.0,-8.05932358526915e-07
5.487000000000167,0.0,-8.114107120343587e-07
5.488000000000167,0.0,-8.168571722564227e-07
5.489000000000168,0.0,-8.222493801181298e-07
5.490000000000168,0.0,-8.27565234651928e-07
5.491000000000168,0.0,-8.327829981753102e-07
5.492000000000169,0.0,-8.378813978865352e-07
5.493000000000169,0.0,-8.428397231699311e-07
5.494000000000169,0.0,-8.476379192808136e-07
5.49500000000017,0.0,-8.522566762555503e-07
5.49600000000017,0.0,-8.566775109346995e-07
5.49700000000017,0.0,-8.608828452282792e-07
5.498000000000171,0.0,-8.648560763958298e-07
5.499000000000171,0.0,-8.685816414343073e-07
5.500000000000171,0.0,-8.720450746207281e-07
5.501000000000172,0.0,-8.752330578777924e-07
5.502000000000172,0.0,-8.78133462953067e-07
5.503000000000172,0.0,-8.807353875637794e-07
5.504000000000173,0.0,-8.830291825272303e-07
5.505000000000173,0.0,-8.850064720522856e-07
5.506000000000173,0.0,-8.866601662081562e-07
5.507000000000174,0.0,-8.879844661324908e-07
5.508000000000174,0.0,-8.889748607553182e-07
5.509000000000174,0.0,-8.896281184563933e-07
5.510000000000175,0.0,-8.89942269169801e-07
5.511000000000175,0.0,-8.899165815364481e-07
5.512000000000175,0.0,-8.895515335216774e-07
5.513000000000176,0.0,-8.888487757497608e-07
5.514000000000176,0.0,-8.878110910021598e-07
5.515000000000176,0.0,-8.864423468059111e-07
5.516000000000177,0.0,-8.847474444035812e-07
5.517000000000177,0.0,-8.827322631390042e-07
5.518000000000177,0.0,-8.804036009498252e-07
5.519000000000178,0.0,-8.777691114713538e-07
5.520000000000178,0.0,-8.748372389227623e-07
5.521000000000178,0.0,-8.71617150550776e-07
5.522000000000179,0.0,-8.681186671184312e-07
5.523000000000179,0.0,-8.643521932733805e-07
5.524000000000179,0.0,-8.60328645729465e-07
5.52500000000018,0.0,-8.560593832454129e-07
5.52600000000018,0.0,-8.515561357007804e-07
5.52700000000018,0.0,-8.468309348429048e-07
5.528000000000181,0.0,-8.41896045845128e-07
5.529000000000181,0.0,-8.367639010899809e-07
5.530000000000181,0.0,-8.314470362392298e-07
5.531000000000182,0.0,-8.259580283423622e-07
5.532000000000182,0.0,-8.203094373302664e-07
5.533000000000182,0.0,-8.14513749966545e-07
5.534000000000183,0.0,-8.085833281753784e-07
5.535000000000183,0.0,-8.025303599452138e-07
5.536000000000183,0.0,-7.963668144997666e-07
5.537000000000184,0.0,-7.901044006111473e-07
5.538000000000184,0.0,-7.837545299398609e-07
5.539000000000184,0.0,-7.773282825781062e-07
5.540000000000185,0.0,-7.708363778525198e-07
5.541000000000185,0.0,-7.642891482983722e-07
5.5420000000001854,0.0,-7.576965166048047e-07
5.543000000000186,0.0,-7.510679775147505e-07
5.544000000000186,0.0,-7.444125817807909e-07
5.5450000000001864,0.0,-7.37738923993471e-07
5.546000000000187,0.0,-7.310551332174949e-07
5.547000000000187,0.0,-7.243688664164046e-07
5.5480000000001874,0.0,-7.176873047320122e-07
5.549000000000188,0.0,-7.110171513393986e-07
5.550000000000188,0.0,-7.043646333260539e-07
5.5510000000001885,0.0,-6.977355034950219e-07
5.552000000000189,0.0,-6.91135045947216e-07
5.553000000000189,0.0,-6.845680828893121e-07
5.5540000000001895,0.0,-6.780389831226338e-07
5.55500000000019,0.0,-6.715516730954621e-07
5.55600000000019,0.0,-6.651096489219796e-07
5.5570000000001905,0.0,-6.587159920158391e-07
5.558000000000191,0.0,-6.523733855840122e-07
5.559000000000191,0.0,-6.460841343375491e-07
5.5600000000001915,0.0,-6.39850187228642e-07
5.561000000000192,0.0,-6.336731629782786e-07
5.562000000000192,0.0,-6.275543801324157e-07
5.5630000000001925,0.0,-6.214948903094405e-07
5.564000000000193,0.0,-6.154955173200954e-07
5.565000000000193,0.0,-6.095569010151504e-07
5.5660000000001935,0.0,-6.03679547163735e-07
5.567000000000194,0.0,-5.97863884907919e-07
5.568000000000194,0.0,-5.921103304901973e-07
5.5690000000001945,0.0,-5.864193593955861e-07
5.570000000000195,0.0,-5.807910463981934e-07
5.571000000000195,0.0,-5.752244230810098e-07
5.5720000000001955,0.0,-5.697179345781885e-07
5.573000000000196,0.0,-5.642700550694275e-07
5.574000000000196,0.0,-5.58879363038335e-07
5.5750000000001965,0.0,-5.535446043572815e-07
5.576000000000197,0.0,-5.482647446457493e-07
5.577000000000197,0.0,-5.430390117043395e-07
5.5780000000001975,0.0,-5.378669295221021e-07
5.579000000000198,0.0,-5.327483452847187e-07
5.580000000000198,0.0,-5.276834493118409e-07
5.5810000000001985,0.0,-5.226727907534308e-07
5.582000000000199,0.0,-5.177172877577874e-07
5.583000000000199,0.0,-5.128182355095947e-07
5.5840000000001995,0.0,-5.079773103080912e-07
5.5850000000002,0.0,-5.031965722395506e-07
5.5860000000002,0.0,-4.984784664064336e-07
5.5870000000002005,0.0,-4.938258218095819e-07
5.588000000000201,0.0,-4.89241851030774e-07
5.589000000000201,0.0,-4.847301478243834e-07
5.5900000000002015,0.0,-4.802946851952728e-07
5.591000000000202,0.0,-4.7593981195384006e-07
5.592000000000202,0.0,-4.7167025003157415e-07
5.5930000000002025,0.0,-4.6749109005192e-07
5.594000000000203,0.0,-4.6340778641929106e-07
5.595000000000203,0.0,-4.59426151881454e-07
5.5960000000002035,0.0,-4.555523500648677e-07
5.597000000000204,0.0,-4.517928871633779e-07
5.598000000000204,0.0,-4.4815460145313305e-07
5.5990000000002045,0.0,-4.4464465063718336e-07
5.600000000000205,0.0,-4.412704970272095e-07
5.601000000000205,0.0,-4.38039890142982e-07
5.6020000000002055,0.0,-4.3496084576843593e-07
5.603000000000206,0.0,-4.320416226434847e-07
5.604000000000206,0.0,-4.292906948006122e-07
5.6050000000002065,0.0,-4.2671672171249475e-07
5.606000000000207,0.0,-4.243285133864958e-07
5.607000000000207,0.0,-4.221349923635241e-07
5.6080000000002075,0.0,-4.2014515267557945e-07
5.609000000000208,0.0,-4.183680136462852e-07
5.610000000000208,0.0,-4.168125717065034e-07
5.6110000000002085,0.0,-4.154877472609647e-07
5.612000000000209,0.0,-4.144023298500052e-07
5.613000000000209,0.0,-4.135649192997912e-07
5.6140000000002095,0.0,-4.129838649897758e-07
5.61500000000021,0.0,-4.12667202155675e-07
5.61600000000021,0.0,-4.126225870547511e-07
5.6170000000002105,0.0,-4.1285723106505194e-07
5.618000000000211,0.0,-4.1337783254152567e-07
5.619000000000211,0.0,-4.141905100127364e-07
5.6200000000002115,0.0,-4.153007346508214e-07
5.621000000000212,0.0,-4.167132639363844e-07
5.622000000000212,0.0,-4.184320768266855e-07
5.6230000000002125,0.0,-4.20460310397775e-07
5.624000000000213,0.0,-4.2280020007300205e-07
5.625000000000213,0.0,-4.2545302230110633e-07
5.6260000000002135,0.0,-4.284190412993074e-07
5.627000000000214,0.0,-4.316974603344062e-07
5.628000000000214,0.0,-4.352863780406132e-07
5.6290000000002145,0.0,-4.3918274943098467e-07
5.630000000000215,0.0,-4.433823541138969e-07
5.631000000000215,0.0,-4.4787976968630423e-07
5.6320000000002155,0.0,-4.526683527894075e-07
5.633000000000216,0.0,-4.577402267659111e-07
5.634000000000216,0.0,-4.6308627708303485e-07
5.6350000000002165,0.0,-4.686961543412444e-07
5.636000000000217,0.0,-4.7455828500968287e-07
5.637000000000217,0.0,-4.806598903904152e-07
5.6380000000002175,0.0,-4.869870135516178e-07
5.639000000000218,0.0,-4.935245544760751e-07
5.640000000000218,0.0,-5.002563127709527e-07
5.6410000000002185,0.0,-5.07165038914874e-07
5.642000000000219,0.0,-5.142324928019068e-07
5.643000000000219,0.0,-5.214395096816078e-07
5.6440000000002195,0.0,-5.287660733703533e-07
5.64500000000022,0.0,-5.361913964714369e-07
5.64600000000022,0.0,-5.436940063253622e-07
5.6470000000002205,0.0,-5.512518375534142e-07
5.648000000000221,0.0,-5.588423292427669e-07
5.649000000000221,0.0,-5.664425273186927e-07
5.6500000000002215,0.0,-5.740291911705008e-07
5.651000000000222,0.0,-5.81578902849287e-07
5.652000000000222,0.0,-5.89068180415837e-07
5.6530000000002225,0.0,-5.96473592200805e-07
5.654000000000223,0.0,-6.037718726423586e-07
5.655000000000223,0.0,-6.109400390053306e-07
5.6560000000002235,0.0,-6.179555077259923e-07
5.657000000000224,0.0,-6.247962090840667e-07
5.658000000000224,0.0,-6.314407013032977e-07
5.6590000000002245,0.0,-6.378682805443647e-07
5.660000000000225,0.0,-6.440590891045856e-07
5.661000000000225,0.0,-6.499942179503515e-07
5.6620000000002255,0.0,-6.556558058885543e-07
5.663000000000226,0.0,-6.610271316915828e-07
5.664000000000226,0.0,-6.660927012773579e-07
5.6650000000002265,0.0,-6.708383272758147e-07
5.666000000000227,0.0,-6.752512013294503e-07
5.667000000000227,0.0,-6.793199587923054e-07
5.6680000000002275,0.0,-6.830347345596126e-07
5.669000000000228,0.0,-6.863872096705062e-07
5.670000000000228,0.0,-6.893706503042784e-07
5.6710000000002285,0.0,-6.919799348758547e-07
5.672000000000229,0.0,-6.942115737418971e-07
5.673000000000229,0.0,-6.960637173074405e-07
5.6740000000002295,0.0,-6.975361549794268e-07
5.67500000000023,0.0,-6.986303036862488e-07
5.67600000000023,0.0,-6.993491870465084e-07
5.6770000000002305,0.0,-6.996974039475701e-07
5.678000000000231,0.0,-6.996810880871962e-07
5.679000000000231,0.0,-6.993078570557225e-07
5.6800000000002315,0.0,-6.985867542403626e-07
5.681000000000232,0.0,-6.9752817952894e-07
5.682000000000232,0.0,-6.961438139641032e-07
5.6830000000002325,0.0,-6.944465348733813e-07
5.684000000000233,0.0,-6.924503245736482e-07
5.685000000000233,0.0,-6.901701724808155e-07
5.6860000000002335,0.0,-6.876219701435333e-07
5.687000000000234,0.0,-6.848224019996207e-07
5.688000000000234,0.0,-6.81788829983238e-07
5.6890000000002345,0.0,-6.785391760066971e-07
5.690000000000235,0.0,-6.750917991811959e-07
5.691000000000235,0.0,-6.71465371448686e-07
5.6920000000002355,0.0,-6.676787519639693e-07
5.693000000000236,0.0,-6.637508597527989e-07
5.694000000000236,0.0,-6.597005465814419e-07
5.6950000000002365,0.0,-6.55546471063897e-07
5.696000000000237,0.0,-6.513069743336526e-07
5.697000000000237,0.0,-6.469999584452443e-07
5.6980000000002375,0.0,-6.426427681167661e-07
5.699000000000238,0.0,-6.382520779193309e-07
5.700000000000238,0.0,-6.3384378397484e-07
5.7010000000002385,0.0,-6.294329038269508e-07
5.702000000000239,0.0,-6.250334826463567e-07
5.703000000000239,0.0,-6.206585087838371e-07
5.7040000000002395,0.0,-6.163198401429049e-07
5.70500000000024,0.0,-6.12028139963808e-07
5.70600000000024,0.0,-6.077928264730066e-07
5.7070000000002405,0.0,-6.036220354618008e-07
5.708000000000241,0.0,-5.99522597367623e-07
5.709000000000241,0.0,-5.955000309405485e-07
5.7100000000002415,0.0,-5.915585538227722e-07
5.711000000000242,0.0,-5.877011121369118e-07
5.712000000000242,0.0,-5.83929430069844e-07
5.7130000000002426,0.0,-5.802440806450516e-07
5.714000000000243,0.0,-5.766445801124567e-07
5.715000000000243,0.0,-5.731295057470453e-07
5.7160000000002436,0.0,-5.696966402604586e-07
5.717000000000244,0.0,-5.663431436039707e-07
5.718000000000244,0.0,-5.630657531691823e-07
5.7190000000002446,0.0,-5.598610153919976e-07
5.720000000000245,0.0,-5.567278016246793e-07
5.721000000000245,0.0,-5.535716955296643e-07
5.722000000000246,0.0,-5.50394543544872e-07
5.723000000000246,0.0,-5.47198169618369e-07
5.724000000000246,0.0,-5.439846742524734e-07
5.725000000000247,0.0,-5.407566879354774e-07
5.726000000000247,0.0,-5.37517585094068e-07
5.727000000000247,0.0,-5.342716586503763e-07
5.728000000000248,0.0,-5.310242600714556e-07
5.729000000000248,0.0,-5.277819048479795e-07
5.730000000000248,0.0,-5.245523485758716e-07
5.731000000000249,0.0,-5.21344632986935e-07
5.732000000000249,0.0,-5.181691078853106e-07
5.733000000000249,0.0,-5.150374265958904e-07
5.73400000000025,0.0,-5.11962521363037e-07
5.73500000000025,0.0,-5.089585576744761e-07
5.73600000000025,0.0,-5.060408706648662e-07
5.737000000000251,0.0,-5.032258860585534e-07
5.738000000000251,0.0,-5.005310250631426e-07
5.739000000000251,0.0,-4.979745990695725e-07
5.740000000000252,0.0,-4.955756906862889e-07
5.741000000000252,0.0,-4.933540279497309e-07
5.742000000000252,0.0,-4.913298482317235e-07
5.743000000000253,0.0,-4.895237585037425e-07
5.744000000000253,0.0,-4.879565881976066e-07
5.745000000000253,0.0,-4.866492408874686e-07
5.746000000000254,0.0,-4.856225411892852e-07
5.747000000000254,0.0,-4.848970839666498e-07
5.748000000000254,0.0,-4.844930804475491e-07
5.749000000000255,0.0,-4.844302088883933e-07
5.750000000000255,0.0,-4.847274652960865e-07
5.751000000000255,0.0,-4.854030195091036e-07
5.752000000000256,0.0,-4.864740747803028e-07
5.753000000000256,0.0,-4.879567337774551e-07
5.754000000000256,0.0,-4.898658700131711e-07
5.755000000000257,0.0,-4.922150076304994e-07
5.756000000000257,0.0,-4.95016208068504e-07
5.757000000000257,0.0,-4.982799667543176e-07
5.758000000000258,0.0,-5.02015117066636e-07
5.759000000000258,0.0,-5.062287468366281e-07
5.760000000000258,0.0,-5.109261231485378e-07
5.761000000000259,0.0,-5.161106285979979e-07
5.762000000000259,0.0,-5.217837092089336e-07
5.763000000000259,0.0,-5.279448335961897e-07
5.76400000000026,0.0,-5.345914629025648e-07
5.76500000000026,0.0,-5.417190342208367e-07
5.76600000000026,0.0,-5.493209541427011e-07
5.767000000000261,0.0,-5.573886055720667e-07
5.768000000000261,0.0,-5.659113658112419e-07
5.769000000000261,0.0,-5.748766348102594e-07
5.770000000000262,0.0,-5.84269877745031e-07
5.771000000000262,0.0,-5.940746756066405e-07
5.772000000000262,0.0,-6.042727883461663e-07
5.773000000000263,0.0,-6.148442266052761e-07
5.774000000000263,0.0,-6.257673351255809e-07
5.775000000000263,0.0,-6.370188831104138e-07
5.776000000000264,0.0,-6.485741641331274e-07
5.777000000000264,0.0,-6.604071039964283e-07
5.778000000000264,0.0,-6.724903746805401e-07
5.779000000000265,0.0,-6.847955156299008e-07
5.780000000000265,0.0,-6.972930596237685e-07
5.781000000000265,0.0,-7.099526643001494e-07
5.782000000000266,0.0,-7.227432460021419e-07
5.783000000000266,0.0,-7.356331186757987e-07
5.784000000000266,0.0,-7.485901330775368e-07
5.785000000000267,0.0,-7.615818183377136e-07
5.786000000000267,0.0,-7.745755235283212e-07
5.787000000000267,0.0,-7.875385591450609e-07
5.788000000000268,0.0,-8.00438336842461e-07
5.789000000000268,0.0,-8.132425079810316e-07
5.790000000000268,0.0,-8.259190987792975e-07
5.791000000000269,0.0,-8.38436641761163e-07
5.792000000000269,0.0,-8.507643037497046e-07
5.793000000000269,0.0,-8.628720083615891e-07
5.79400000000027,0.0,-8.747305527864255e-07
5.79500000000027,0.0,-8.863117194734342e-07
5.79600000000027,0.0,-8.975883798209734e-07
5.797000000000271,0.0,-9.085345924070327e-07
5.798000000000271,0.0,-9.191256916550975e-07
5.799000000000271,0.0,-9.293383705988916e-07
5.800000000000272,0.0,-9.391507542553738e-07
5.801000000000272,0.0,-9.485424652204042e-07
5.802000000000272,0.0,-9.574946798578477e-07
5.803000000000273,0.0,-9.659901771410869e-07
5.804000000000273,0.0,-9.740133765567094e-07
5.805000000000273,0.0,-9.815503699284255e-07
5.806000000000274,0.0,-9.885889415918644e-07
5.807000000000274,0.0,-9.951185823479972e-07
5.808000000000274,0.0,-1.0011304934485366e-06
5.809000000000275,0.0,-1.0066175824697612e-06
5.810000000000275,0.0,-1.0115744518906125e-06
5.811000000000275,0.0,-1.0159973790150454e-06
5.812000000000276,0.0,-1.019884289163406e-06
5.813000000000276,0.0,-1.0232347214182543e-06
5.814000000000276,0.0,-1.0260497881438732e-06
5.815000000000277,0.0,-1.028332127605218e-06
5.816000000000277,0.0,-1.0300858524870342e-06
5.817000000000277,0.0,-1.0313164914317344e-06
5.818000000000278,0.0,-1.0320309269590503e-06
5.819000000000278,0.0,-1.0322373291426059e-06
5.820000000000278,0.0,-1.0319450853266117e-06
5.821000000000279,0.0,-1.0311647274267062e-06
5.822000000000279,0.0,-1.0299078558056237e-06
5.823000000000279,0.0,-1.028187062029643e-06
5.82400000000028,0.0,-1.0260158494561584e-06
5.82500000000028,0.0,-1.0234085530840215e-06
5.82600000000028,0.0,-1.020380259121094e-06
5.827000000000281,0.0,-1.0169467238211583e-06
5.828000000000281,0.0,-1.0131242931881294e-06
5.829000000000281,0.0,-1.0089298231112462e-06
5.830000000000282,0.0,-1.0043806009479629e-06
5.831000000000282,0.0,-9.9949426764978e-07
5.832000000000282,0.0,-9.94288742657932e-07
5.833000000000283,0.0,-9.887821495293063e-07
5.834000000000283,0.0,-9.829927445442084e-07
5.835000000000283,0.0,-9.769388471281765e-07
5.836000000000284,0.0,-9.706387723978104e-07
5.837000000000284,0.0,-9.641107666808253e-07
5.838000000000284,0.0,-9.57372945146536e-07
5.839000000000285,0.0,-9.504432316414383e-07
5.840000000000285,0.0,-9.433393019616943e-07
5.841000000000285,0.0,-9.360785282820913e-07
5.842000000000286,0.0,-9.286779269159074e-07
5.843000000000286,0.0,-9.211541082442731e-07
5.844000000000286,0.0,-9.135232282854644e-07
5.845000000000287,0.0,-9.058009431970579e-07
5.846000000000287,0.0,-8.980023658302667e-07
5.847000000000287,0.0,-8.901420236363762e-07
5.848000000000288,0.0,-8.822338199439125e-07
5.849000000000288,0.0,-8.742909960492956e-07
5.850000000000288,0.0,-8.663260965934277e-07
5.851000000000289,0.0,-8.583509366934204e-07
5.852000000000289,0.0,-8.50376571441399e-07
5.853000000000289,0.0,-8.424132691371986e-07
5.85400000000029,0.0,-8.344704862563123e-07
5.85500000000029,0.0,-8.265568472898106e-07
5.85600000000029,0.0,-8.186801274692588e-07
5.857000000000291,0.0,-8.108472409838802e-07
5.858000000000291,0.0,-8.030642339075227e-07
5.859000000000291,0.0,-7.953362836993518e-07
5.860000000000292,0.0,-7.876677053647517e-07
5.861000000000292,0.0,-7.80061965619053e-07
5.862000000000292,0.0,-7.725217063811197e-07
5.863000000000293,0.0,-7.650487785218404e-07
5.864000000000293,0.0,-7.57644286610646e-07
5.865000000000293,0.0,-7.50308647618642e-07
5.866000000000294,0.0,-7.430416629533714e-07
5.867000000000294,0.0,-7.358426066776252e-07
5.868000000000294,0.0,-7.287103314630344e-07
5.869000000000295,0.0,-7.216433932958163e-07
5.870000000000295,0.0,-7.14640195724228e-07
5.871000000000295,0.0,-7.076996849757213e-07
5.872000000000296,0.0,-7.008218998330708e-07
5.873000000000296,0.0,-6.940073800593833e-07
5.874000000000296,0.0,-6.872567494670487e-07
5.875000000000297,0.0,-6.80570862243359e-07
5.876000000000297,0.0,-6.739509269336376e-07
5.877000000000297,0.0,-6.673986105425498e-07
5.878000000000298,0.0,-6.609161236364894e-07
5.879000000000298,0.0,-6.545062895629239e-07
5.880000000000298,0.0,-6.481725964620223e-07
5.881000000000299,0.0,-6.419192370651774e-07
5.882000000000299,0.0,-6.357511344623063e-07
5.883000000000299,0.0,-6.296739576121607e-07
5.8840000000003,0.0,-6.236941256159699e-07
5.8850000000003,0.0,-6.17818803762914e-07
5.8860000000003,0.0,-6.120558913763447e-07
5.887000000000301,0.0,-6.064140020657467e-07
5.888000000000301,0.0,-6.009024384378541e-07
5.889000000000301,0.0,-5.955311603681284e-07
5.890000000000302,0.0,-5.90310748882309e-07
5.891000000000302,0.0,-5.852523655007745e-07
5.892000000000302,0.0,-5.803677074808083e-07
5.893000000000303,0.0,-5.756689595812107e-07
5.894000000000303,0.0,-5.711687427479203e-07
5.895000000000303,0.0,-5.668800599097888e-07
5.896000000000304,0.0,-5.628162388377903e-07
5.897000000000304,0.0,-5.589908731245224e-07
5.898000000000304,0.0,-5.554177603747108e-07
5.899000000000305,0.0,-5.521108386561664e-07
5.900000000000305,0.0,-5.490841210671248e-07
5.901000000000305,0.0,-5.463516282505828e-07
5.902000000000306,0.0,-5.439273198871756e-07
5.903000000000306,0.0,-5.418250239965374e-07
5.904000000000306,0.0,-5.400583654154023e-07
5.905000000000307,0.0,-5.386406928732831e-07
5.906000000000307,0.0,-5.375850059195515e-07
5.907000000000307,0.0,-5.369038799586691e-07
5.908000000000308,0.0,-5.366093915752032e-07
5.909000000000308,0.0,-5.367130438415574e-07
5.910000000000308,0.0,-5.372256906690722e-07
5.911000000000309,0.0,-5.381574632304479e-07
5.912000000000309,0.0,-5.395176950032067e-07
5.913000000000309,0.0,-5.413148500242794e-07
5.91400000000031,0.0,-5.435564507963528e-07
5.91500000000031,0.0,-5.462490095296526e-07
5.91600000000031,0.0,-5.493979603704027e-07
5.917000000000311,0.0,-5.530075951853544e-07
5.918000000000311,0.0,-5.570810021165827e-07
5.919000000000311,0.0,-5.616200073511112e-07
5.920000000000312,0.0,-5.666251222318444e-07
5.921000000000312,0.0,-5.720954924138875e-07
5.922000000000312,0.0,-5.78028854505118e-07
5.923000000000313,0.0,-5.844214961051731e-07
5.924000000000313,0.0,-5.9126822218518e-07
5.925000000000313,0.0,-5.985623276386399e-07
5.926000000000314,0.0,-6.06295576224921e-07
5.927000000000314,0.0,-6.14458185687198e-07
5.928000000000314,0.0,-6.230388211301526e-07
5.929000000000315,0.0,-6.32024594122621e-07
5.930000000000315,0.0,-6.414010711574085e-07
5.931000000000315,0.0,-6.511522884090368e-07
5.932000000000316,0.0,-6.612607750789134e-07
5.933000000000316,0.0,-6.717075848454883e-07
5.934000000000316,0.0,-6.824723347986624e-07
5.935000000000317,0.0,-6.935332535494232e-07
5.936000000000317,0.0,-7.048672358119457e-07
5.937000000000317,0.0,-7.164499065939541e-07
5.938000000000318,0.0,-7.282556919764527e-07
5.939000000000318,0.0,-7.402578981375758e-07
5.940000000000318,0.0,-7.524287973082835e-07
5.941000000000319,0.0,-7.647397211102235e-07
5.942000000000319,0.0,-7.77161160754638e-07
5.943000000000319,0.0,-7.89662872424512e-07
5.94400000000032,0.0,-8.022139901245071e-07
5.94500000000032,0.0,-8.147831424973611e-07
5.94600000000032,0.0,-8.273385750869694e-07
5.947000000000321,0.0,-8.398482769334606e-07
5.948000000000321,0.0,-8.52280109521145e-07
5.949000000000321,0.0,-8.646019403918761e-07
5.950000000000322,0.0,-8.767817777158618e-07
5.951000000000322,0.0,-8.887879065427489e-07
5.952000000000322,0.0,-9.005890259566454e-07
5.953000000000323,0.0,-9.121543861932743e-07
5.954000000000323,0.0,-9.234539248729457e-07
5.955000000000323,0.0,-9.34458401140803e-07
5.956000000000324,0.0,-9.451395281967757e-07
5.957000000000324,0.0,-9.554701016935905e-07
5.958000000000324,0.0,-9.654241251158915e-07
5.959000000000325,0.0,-9.749769289668033e-07
5.960000000000325,0.0,-9.841052860135495e-07
5.961000000000325,0.0,-9.92787518481595e-07
5.962000000000326,0.0,-1.0010035994884425e-06
5.963000000000326,0.0,-1.0087352463246888e-06
5.964000000000326,0.0,-1.015966004971487e-06
5.965000000000327,0.0,-1.0226813264504498e-06
5.966000000000327,0.0,-1.0288686325024633e-06
5.967000000000327,0.0,-1.034517372361307e-06
5.968000000000328,0.0,-1.0396190688199566e-06
5.969000000000328,0.0,-1.044167352491351e-06
5.970000000000328,0.0,-1.048157985851683e-06
5.971000000000329,0.0,-1.0515888764586538e-06
5.972000000000329,0.0,-1.0544600765571302e-06
5.973000000000329,0.0,-1.0567737733103502e-06
5.97400000000033,0.0,-1.0585342653938318e-06
5.97500000000033,0.0,-1.0597479295117666e-06
5.97600000000033,0.0,-1.0604231744319746e-06
5.977000000000331,0.0,-1.0605703837191537e-06
5.978000000000331,0.0,-1.0602018477706978e-06
5.979000000000331,0.0,-1.0593316848998687e-06
5.980000000000332,0.0,-1.0579757521726835e-06
5.981000000000332,0.0,-1.0561515460586104e-06
5.982000000000332,0.0,-1.0538780940929205e-06
5.983000000000333,0.0,-1.0511758380026601e-06
5.984000000000333,0.0,-1.0480665077397244e-06
5.985000000000333,0.0,-1.0445729896140407e-06
5.986000000000334,0.0,-1.0407191861851034e-06
5.987000000000334,0.0,-1.0365298721989796e-06
5.988000000000334,0.0,-1.032030542593624e-06
5.989000000000335,0.0,-1.0272472606375613e-06
5.990000000000335,0.0,-1.0222064986114828e-06
5.991000000000335,0.0,-1.0169349792114324e-06
5.992000000000336,0.0,-1.0114595147703537e-06
5.993000000000336,0.0,-1.0058068456660511e-06
5.994000000000336,0.0,-1.0000034809597723e-06
5.995000000000337,0.0,-9.94075540524891e-07
5.996000000000337,0.0,-9.880485996448529e-07
5.997000000000337,0.0,-9.819475396839972e-07
5.998000000000338,0.0,-9.757964023371917e-07
5.999000000000338,0.0,-9.696182521246662e-07
6.000000000000338,0.0,-9.634350468462745e-07
6.001000000000339,0.0,-9.572675173984019e-07
6.002000000000339,0.0,-9.511350575698315e-07
6.003000000000339,0.0,-9.450556275593213e-07
6.00400000000034,0.0,-9.390456704423174e-07
6.00500000000034,0.0,-9.331200432183832e-07
6.00600000000034,0.0,-9.272919654513233e-07
6.007000000000341,0.0,-9.215729852760875e-07
6.008000000000341,0.0,-9.159729657893591e-07
6.009000000000341,0.0,-9.105000915717253e-07
6.010000000000342,0.0,-9.05160899354606e-07
6.011000000000342,0.0,-8.999603323203878e-07
6.012000000000342,0.0,-8.949018201137752e-07
6.013000000000343,0.0,-8.899873875929212e-07
6.014000000000343,0.0,-8.852177916366237e-07
6.015000000000343,0.0,-8.805926898982068e-07
6.016000000000344,0.0,-8.761108416896745e-07
6.017000000000344,0.0,-8.717703425163881e-07
6.018000000000344,0.0,-8.675688961974486e-07
6.019000000000345,0.0,-8.635041224881116e-07
6.020000000000345,0.0,-8.595739061642255e-07
6.021000000000345,0.0,-8.557776973829522e-07
6.022000000000346,0.0,-8.519549305118323e-07
6.023000000000346,0.0,-8.481021497754954e-07
6.024000000000346,0.0,-8.442158218349769e-07
6.025000000000347,0.0,-8.402925946480657e-07
6.026000000000347,0.0,-8.363295231848147e-07
6.027000000000347,0.0,-8.32324260796669e-07
6.028000000000348,0.0,-8.282752211072432e-07
6.029000000000348,0.0,-8.241817109883782e-07
6.030000000000348,0.0,-8.200440370687128e-07
6.031000000000349,0.0,-8.158635864104339e-07
6.032000000000349,0.0,-8.116428855636314e-07
6.033000000000349,0.0,-8.073856365189645e-07
6.03400000000035,0.0,-8.030967337442946e-07
6.03500000000035,0.0,-7.987822625420781e-07
6.03600000000035,0.0,-7.944494812691227e-07
6.037000000000351,0.0,-7.901067875058726e-07
6.038000000000351,0.0,-7.857636711199183e-07
6.039000000000351,0.0,-7.814306547969247e-07
6.040000000000352,0.0,-7.771192233417857e-07
6.041000000000352,0.0,-7.728417438237961e-07
6.042000000000352,0.0,-7.686113762364342e-07
6.043000000000353,0.0,-7.644419779056208e-07
6.044000000000353,0.0,-7.603480015306838e-07
6.045000000000353,0.0,-7.563443872975978e-07
6.046000000000354,0.0,-7.524464522635814e-07
6.047000000000354,0.0,-7.486697755992593e-07
6.048000000000354,0.0,-7.450300827423715e-07
6.049000000000355,0.0,-7.415431271262645e-07
6.050000000000355,0.0,-7.38224573077873e-07
6.051000000000355,0.0,-7.350898780667159e-07
6.052000000000356,0.0,-7.321541765516339e-07
6.053000000000356,0.0,-7.294321662811733e-07
6.054000000000356,0.0,-7.269379971264718e-07
6.055000000000357,0.0,-7.246851629734783e-07
6.056000000000357,0.0,-7.22686398347988e-07
6.057000000000357,0.0,-7.209535797423647e-07
6.058000000000358,0.0,-7.194976319076231e-07
6.059000000000358,0.0,-7.183284401588812e-07
6.060000000000358,0.0,-7.174547693737831e-07
6.061000000000359,0.0,-7.168841898648815e-07
6.062000000000359,0.0,-7.166230102170002e-07
6.063000000000359,0.0,-7.166762182562646e-07
6.06400000000036,0.0,-7.170474304760399e-07
6.06500000000036,0.0,-7.177388488163244e-07
6.06600000000036,0.0,-7.187512275889933e-07
6.067000000000361,0.0,-7.20083847468871e-07
6.068000000000361,0.0,-7.217345011767616e-07
6.069000000000361,0.0,-7.236994853969186e-07
6.070000000000362,0.0,-7.259736042276855e-07
6.071000000000362,0.0,-7.285501802593266e-07
6.072000000000362,0.0,-7.314210757061959e-07
6.073000000000363,0.0,-7.345767221490433e-07
6.074000000000363,0.0,-7.380061586801997e-07
6.075000000000363,0.0,-7.416970789879718e-07
6.076000000000364,0.0,-7.456358869739148e-07
6.077000000000364,0.0,-7.49807758150672e-07
6.0780000000003644,0.0,-7.541967114754778e-07
6.079000000000365,0.0,-7.587856852541118e-07
6.080000000000365,0.0,-7.635566205992885e-07
6.0810000000003654,0.0,-7.684905506728548e-07
6.082000000000366,0.0,-7.735676947912906e-07
6.083000000000366,0.0,-7.787675565905474e-07
6.0840000000003664,0.0,-7.840690271795813e-07
6.085000000000367,0.0,-7.894504901315045e-07
6.086000000000367,0.0,-7.948899295524921e-07
6.0870000000003675,0.0,-8.003650399415862e-07
6.088000000000368,0.0,-8.058533363446626e-07
6.089000000000368,0.0,-8.113322653624756e-07
6.0900000000003685,0.0,-8.167793158856396e-07
6.091000000000369,0.0,-8.22172127748873e-07
6.092000000000369,0.0,-8.274885989696479e-07
6.0930000000003695,0.0,-8.32706991042455e-07
6.09400000000037,0.0,-8.378060301860801e-07
6.09500000000037,0.0,-8.427650048650133e-07
6.0960000000003705,0.0,-8.475638597906017e-07
6.097000000000371,0.0,-8.521832833184773e-07
6.098000000000371,0.0,-8.566047921769263e-07
6.0990000000003715,0.0,-8.608108069150159e-07
6.100000000000372,0.0,-8.647847241011089e-07
6.101000000000372,0.0,-8.685109797170308e-07
6.1020000000003725,0.0,-8.719751074369664e-07
6.103000000000373,0.0,-8.751637879877285e-07
6.104000000000373,0.0,-8.780648928206135e-07
6.1050000000003735,0.0,-8.806675183521506e-07
6.106000000000374,0.0,-8.829620148154861e-07
6.107000000000374,0.0,-8.849400058491218e-07
6.1080000000003745,0.0,-8.865944005820032e-07
6.109000000000375,0.0,-8.879193992767058e-07
6.110000000000375,0.0,-8.889104905565428e-07
6.1110000000003755,0.0,-8.89564441924189e-07
6.112000000000376,0.0,-8.898792826535267e-07
6.113000000000376,0.0,-8.898542810552844e-07
6.1140000000003765,0.0,-8.894899141697182e-07
6.115000000000377,0.0,-8.887878321336791e-07
6.116000000000377,0.0,-8.877508174389443e-07
6.1170000000003775,0.0,-8.863827368438318e-07
6.118000000000378,0.0,-8.846884914765783e-07
6.119000000000378,0.0,-8.826739599555201e-07
6.1200000000003785,0.0,-8.803459400275121e-07
6.121000000000379,0.0,-8.77712084843633e-07
6.122000000000379,0.0,-8.747808384193499e-07
6.1230000000003795,0.0,-8.715613675568794e-07
6.12400000000038,0.0,-8.680634930420518e-07
6.12500000000038,0.0,-8.642976188881981e-07
6.1260000000003805,0.0,-8.602746620587103e-07
6.127000000000381,0.0,-8.560059808350317e-07
6.128000000000381,0.0,-8.515033051919079e-07
6.1290000000003815,0.0,-8.467786666448257e-07
6.130000000000382,0.0,-8.418443303589975e-07
6.131000000000382,0.0,-8.367127288530492e-07
6.1320000000003825,0.0,-8.313963975892609e-07
6.133000000000383,0.0,-8.259079136143931e-07
6.134000000000383,0.0,-8.202598369755167e-07
6.1350000000003835,0.0,-8.144646545629648e-07
6.136000000000384,0.0,-8.085347285245357e-07
6.137000000000384,0.0,-8.024822467538985e-07
6.1380000000003845,0.0,-7.963191786727116e-07
6.139000000000385,0.0,-7.900572333301118e-07
6.140000000000385,0.0,-7.837078225219276e-07
6.1410000000003855,0.0,-7.772820265810068e-07
6.142000000000386,0.0,-7.707905650994357e-07
6.143000000000386,0.0,-7.642437704824613e-07
6.1440000000003865,0.0,-7.576515661081387e-07
6.145000000000387,0.0,-7.510234468092392e-07
6.146000000000387,0.0,-7.443684635614989e-07
6.1470000000003875,0.0,-7.376952112807533e-07
6.148000000000388,0.0,-7.31011819196976e-07
6.149000000000388,0.0,-7.243259446430433e-07
6.1500000000003885,0.0,-7.176447687917943e-07
6.151000000000389,0.0,-7.109749953376836e-07
6.152000000000389,0.0,-7.043228512973497e-07
6.1530000000003895,0.0,-6.976940900071538e-07
6.15400000000039,0.0,-6.910939956343334e-07
6.15500000000039,0.0,-6.845273906673248e-07
6.1560000000003905,0.0,-6.779986440490267e-07
6.157000000000391,0.0,-6.715116822280284e-07
6.158000000000391,0.0,-6.650700017965695e-07
6.1590000000003915,0.0,-6.586766841687914e-07
6.160000000000392,0.0,-6.523344125945006e-07
6.161000000000392,0.0,-6.460454919826132e-07
6.1620000000003925,0.0,-6.39811871308192e-07
6.163000000000393,0.0,-6.336351694321276e-07
6.164000000000393,0.0,-6.275167048291648e-07
6.1650000000003935,0.0,-6.214575293317641e-07
6.166000000000394,0.0,-6.154584666056453e-07
6.167000000000394,0.0,-6.095201564332483e-07
6.1680000000003945,0.0,-6.036431049391189e-07
6.169000000000395,0.0,-5.978277409407568e-07
6.170000000000395,0.0,-5.920744807350951e-07
6.1710000000003955,0.0,-5.863837999158714e-07
6.172000000000396,0.0,-5.807557730808107e-07
6.173000000000396,0.0,-5.751894317508246e-07
6.1740000000003965,0.0,-5.696832209778689e-07
6.175000000000397,0.0,-5.642356149508006e-07
6.176000000000397,0.0,-5.588451918624369e-07
6.1770000000003975,0.0,-5.535106976826275e-07
6.178000000000398,0.0,-5.482310978582275e-07
6.179000000000398,0.0,-5.430056202646518e-07
6.1800000000003985,0.0,-5.37833788852154e-07
6.181000000000399,0.0,-5.327154507925494e-07
6.182000000000399,0.0,-5.276507966296472e-07
6.1830000000003995,0.0,-5.22640375413744e-07
6.1840000000004,0.0,-5.176851055948118e-07
6.1850000000004,0.0,-5.127862823974112e-07
6.1860000000004005,0.0,-5.079455822866676e-07
6.187000000000401,0.0,-5.031650657730648e-07
6.188000000000401,0.0,-4.984471779840957e-07
6.1890000000004015,0.0,-4.937947483132451e-07
6.190000000000402,0.0,-4.892109895733191e-07
6.191000000000402,0.0,-4.846994959897754e-07
6.1920000000004025,0.0,-4.802642407244751e-07
6.193000000000403,0.0,-4.7590957310778115e-07
6.194000000000403,0.0,-4.716402154599672e-07
6.1950000000004035,0.0,-4.6746125860944385e-07
6.196000000000404,0.0,-4.633781576172898e-07
6.197000000000404,0.0,-4.5939672534435413e-07
6.1980000000004045,0.0,-4.555231260361482e-07
6.199000000000405,0.0,-4.5176386638538714e-07
6.200000000000405,0.0,-4.481257848321254e-07
6.2010000000004055,0.0,-4.446160395996231e-07
6.202000000000406,0.0,-4.4124209366054797e-07
6.203000000000406,0.0,-4.380116965719362e-07
6.2040000000004065,0.0,-4.349328645904793e-07
6.205000000000407,0.0,-4.320138568221455e-07
6.206000000000407,0.0,-4.292631477223938e-07
6.2070000000004075,0.0,-4.2668939713175613e-07
6.208000000000408,0.0,-4.243014149411818e-07
6.209000000000408,0.0,-4.2210812472130995e-07
6.2100000000004085,0.0,-4.2011852010254415e-07
6.211000000000409,0.0,-4.1834162096317877e-07
6.212000000000409,0.0,-4.1678642366119165e-07
6.2130000000004095,0.0,-4.154618490273245e-07
6.21400000000041,0.0,-4.143766867573551e-07
6.21500000000041,0.0,-4.135395364419204e-07
6.2160000000004105,0.0,-4.129587477916295e-07
6.217000000000411,0.0,-4.1264235584963296e-07
6.218000000000411,0.0,-4.125980172387974e-07
6.2190000000004115,0.0,-4.128329428849698e-07
6.220000000000412,0.0,-4.1335383118060797e-07
6.221000000000412,0.0,-4.141668006360614e-07
6.2220000000004125,0.0,-4.1527732209930897e-07
6.223000000000413,0.0,-4.1669015298949296e-07
6.224000000000413,0.0,-4.184092718992467e-07
6.2250000000004135,0.0,-4.2043781575020796e-07
6.226000000000414,0.0,-4.2277801962752054e-07
6.227000000000414,0.0,-4.2543115953407766e-07
6.2280000000004145,0.0,-4.283974995011452e-07
6.229000000000415,0.0,-4.316762423323378e-07
6.230000000000415,0.0,-4.352654860675755e-07
6.2310000000004155,0.0,-4.391621854365589e-07
6.232000000000416,0.0,-4.4336211939818974e-07
6.233000000000416,0.0,-4.478598652072038e-07
6.2340000000004165,0.0,-4.5264877886996603e-07
6.235000000000417,0.0,-4.577209831818932e-07
6.236000000000417,0.0,-4.630673629962596e-07
6.2370000000004175,0.0,-4.6867756838510105e-07
6.238000000000418,0.0,-4.74540025079663e-07
6.239000000000418,0.0,-4.806419538937147e-07
6.2400000000004185,0.0,-4.869693971477071e-07
6.241000000000419,0.0,-4.935072542229309e-07
6.242000000000419,0.0,-5.002393239687924e-07
6.2430000000004195,0.0,-5.071483562951975e-07
6.24400000000042,0.0,-5.142161104261321e-07
6.24500000000042,0.0,-5.214234207829023e-07
6.2460000000004205,0.0,-5.287502707341345e-07
6.247000000000421,0.0,-5.361758718797232e-07
6.248000000000421,0.0,-5.43678751168455e-07
6.2490000000004216,0.0,-5.512368423911002e-07
6.250000000000422,0.0,-5.588275840572652e-07
6.251000000000422,0.0,-5.664280215376542e-07
6.2520000000004226,0.0,-5.740149132398392e-07
6.253000000000423,0.0,-5.815648409648511e-07
6.254000000000423,0.0,-5.890543218980939e-07
6.2550000000004236,0.0,-5.964599239426923e-07
6.256000000000424,0.0,-6.037583807220448e-07
6.257000000000424,0.0,-6.109267093184261e-07
6.258000000000425,0.0,-6.179423252181691e-07
6.259000000000425,0.0,-6.247831584590102e-07
6.260000000000425,0.0,-6.314277665994478e-07
6.261000000000426,0.0,-6.378554455759264e-07
6.262000000000426,0.0,-6.440463369785839e-07
6.263000000000426,0.0,-6.499815315191669e-07
6.264000000000427,0.0,-6.556431674740796e-07
6.265000000000427,0.0,-6.610145233689386e-07
6.266000000000427,0.0,-6.660801049675096e-07
6.267000000000428,0.0,-6.708257242252726e-07
6.268000000000428,0.0,-6.752385728773924e-07
6.269000000000428,0.0,-6.793072859088325e-07
6.270000000000429,0.0,-6.830219978099877e-07
6.271000000000429,0.0,-6.863743898775694e-07
6.272000000000429,0.0,-6.893577278317484e-07
6.27300000000043,0.0,-6.919668902157758e-07
6.27400000000043,0.0,-6.941983871568301e-07
6.27500000000043,0.0,-6.96050369122205e-07
6.276000000000431,0.0,-6.975226254595678e-07
6.277000000000431,0.0,-6.98616573180615e-07
6.278000000000431,0.0,-6.993352361425392e-07
6.279000000000432,0.0,-6.996832130070289e-07
6.280000000000432,0.0,-6.996666376574401e-07
6.281000000000432,0.0,-6.992931280892037e-07
6.282000000000433,0.0,-6.985717276518689e-07
6.283000000000433,0.0,-6.975128364845595e-07
6.284000000000433,0.0,-6.961281358911028e-07
6.285000000000434,0.0,-6.944305033981024e-07
6.286000000000434,0.0,-6.924339217120913e-07
6.287000000000434,0.0,-6.901533804339313e-07
6.288000000000435,0.0,-6.876047714199144e-07
6.289000000000435,0.0,-6.848047793019173e-07
6.290000000000435,0.0,-6.817707666114008e-07
6.291000000000436,0.0,-6.785206554863914e-07
6.292000000000436,0.0,-6.750728052119105e-07
6.293000000000436,0.0,-6.714458882813005e-07
6.294000000000437,0.0,-6.676587640860633e-07
6.295000000000437,0.0,-6.637303520059279e-07
6.296000000000437,0.0,-6.596795040127061e-07
6.297000000000438,0.0,-6.555248792363486e-07
6.298000000000438,0.0,-6.512848190423745e-07
6.299000000000438,0.0,-6.469772257101077e-07
6.300000000000439,0.0,-6.426194442725905e-07
6.301000000000439,0.0,-6.38228149429705e-07
6.302000000000439,0.0,-6.338192378865356e-07
6.30300000000044,0.0,-6.294077269717722e-07
6.30400000000044,0.0,-6.250076621066815e-07
6.30500000000044,0.0,-6.206320321961093e-07
6.306000000000441,0.0,-6.162926945015679e-07
6.307000000000441,0.0,-6.120003128508419e-07
6.308000000000441,0.0,-6.077643054898157e-07
6.309000000000442,0.0,-6.035928080557881e-07
6.310000000000442,0.0,-5.99492651074769e-07
6.311000000000442,0.0,-5.954693531146367e-07
6.312000000000443,0.0,-5.915271317687558e-07
6.313000000000443,0.0,-5.876689329745881e-07
6.314000000000443,0.0,-5.838964807875205e-07
6.315000000000444,0.0,-5.802103481184292e-07
6.316000000000444,0.0,-5.766100508927177e-07
6.317000000000444,0.0,-5.730941661451345e-07
6.318000000000445,0.0,-5.696604764517405e-07
6.319000000000445,0.0,-5.663061413296946e-07
6.320000000000445,0.0,-5.63027897995449e-07
6.321000000000446,0.0,-5.598222927255046e-07
6.322000000000446,0.0,-5.566881967063916e-07
6.323000000000446,0.0,-5.535312416796184e-07
6.324000000000447,0.0,-5.503532734240339e-07
6.325000000000447,0.0,-5.471561155210456e-07
6.326000000000447,0.0,-5.439418672567085e-07
6.327000000000448,0.0,-5.407131588314059e-07
6.328000000000448,0.0,-5.374733639181045e-07
6.329000000000448,0.0,-5.342267751217238e-07
6.330000000000449,0.0,-5.309787431130014e-07
6.331000000000449,0.0,-5.277357830558557e-07
6.332000000000449,0.0,-5.245056501000023e-07
6.33300000000045,0.0,-5.212973857630857e-07
6.33400000000045,0.0,-5.181213394755641e-07
6.33500000000045,0.0,-5.14989164480544e-07
6.336000000000451,0.0,-5.119137928186312e-07
6.337000000000451,0.0,-5.089093899724062e-07
6.338000000000451,0.0,-5.059912910562544e-07
6.339000000000452,0.0,-5.031759216761787e-07
6.340000000000452,0.0,-5.004807034283625e-07
6.341000000000452,0.0,-4.979239475866353e-07
6.342000000000453,0.0,-4.955247372336409e-07
6.343000000000453,0.0,-4.933028003335772e-07
6.344000000000453,0.0,-4.912783748806532e-07
6.345000000000454,0.0,-4.894720680138781e-07
6.346000000000454,0.0,-4.879047095859623e-07
6.347000000000454,0.0,-4.865972032924888e-07
6.348000000000455,0.0,-4.855703743368102e-07
6.349000000000455,0.0,-4.848448177294718e-07
6.350000000000455,0.0,-4.844407454315727e-07
6.351000000000456,0.0,-4.843778356690626e-07
6.352000000000456,0.0,-4.846750847876166e-07
6.353000000000456,0.0,-4.853506631217238e-07
6.354000000000457,0.0,-4.86421774017682e-07
6.355000000000457,0.0,-4.879045205635363e-07
6.356000000000457,0.0,-4.898137763892119e-07
6.357000000000458,0.0,-4.92163065840279e-07
6.358000000000458,0.0,-4.94964450582198e-07
6.359000000000458,0.0,-4.982284258412264e-07
6.360000000000459,0.0,-5.019638251372489e-07
6.361000000000459,0.0,-5.061777363660603e-07
6.362000000000459,0.0,-5.108754260846067e-07
6.36300000000046,0.0,-5.160602772404645e-07
6.36400000000046,0.0,-5.217337354162919e-07
6.36500000000046,0.0,-5.278952687807268e-07
6.366000000000461,0.0,-5.345423382608741e-07
6.367000000000461,0.0,-5.416703802612665e-07
6.368000000000461,0.0,-5.492728012196504e-07
6.369000000000462,0.0,-5.573409833549824e-07
6.370000000000462,0.0,-5.658643028927476e-07
6.371000000000462,0.0,-5.748301596660759e-07
6.372000000000463,0.0,-5.842240176242227e-07
6.373000000000463,0.0,-5.940294571153061e-07
6.374000000000463,0.0,-6.042282368168219e-07
6.375000000000464,0.0,-6.148003667883937e-07
6.376000000000464,0.0,-6.257241906273016e-07
6.377000000000464,0.0,-6.369764762311894e-07
6.378000000000465,0.0,-6.485325161962007e-07
6.379000000000465,0.0,-6.603662349304406e-07
6.380000000000465,0.0,-6.724503032121739e-07
6.381000000000466,0.0,-6.847562592632983e-07
6.382000000000466,0.0,-6.972546344552984e-07
6.383000000000466,0.0,-7.09915084813415e-07
6.384000000000467,0.0,-7.227065255158344e-07
6.385000000000467,0.0,-7.355972687912904e-07
6.386000000000467,0.0,-7.485551641292031e-07
6.387000000000468,0.0,-7.615477388932157e-07
6.388000000000468,0.0,-7.745423407343744e-07
6.389000000000468,0.0,-7.875062784779869e-07
6.390000000000469,0.0,-8.004069624490176e-07
6.391000000000469,0.0,-8.132120421926895e-07
6.392000000000469,0.0,-8.25889542510698e-07
6.39300000000047,0.0,-8.384079941454139e-07
6.39400000000047,0.0,-8.507365623771255e-07
6.39500000000047,0.0,-8.628451692401949e-07
6.396000000000471,0.0,-8.747046104917599e-07
6.397000000000471,0.0,-8.862866669254659e-07
6.398000000000471,0.0,-8.975642086249259e-07
6.399000000000472,0.0,-9.085112922836885e-07
6.400000000000472,0.0,-9.191032511380994e-07
6.401000000000472,0.0,-9.293167767959965e-07
6.402000000000473,0.0,-9.391299928130534e-07
6.403000000000473,0.0,-9.485225204127566e-07
6.404000000000473,0.0,-9.574755348920268e-07
6.405000000000474,0.0,-9.6597181358843e-07
6.406000000000474,0.0,-9.73995775232802e-07
6.407000000000474,0.0,-9.815335102954144e-07
6.408000000000475,0.0,-9.885728020680032e-07
6.409000000000475,0.0,-9.951031404229028e-07
6.410000000000475,0.0,-1.0011157255333563e-06
6.411000000000476,0.0,-1.0066034642569367e-06
6.412000000000476,0.0,-1.0115609582978985e-06
6.413000000000476,0.0,-1.0159844842167931e-06
6.414000000000477,0.0,-1.019871966791439e-06
6.415000000000477,0.0,-1.0232229445050629e-06
6.416000000000477,0.0,-1.0260385290411123e-06
6.417000000000478,0.0,-1.0283213587180543e-06
6.418000000000478,0.0,-1.030075545675637e-06
6.419000000000478,0.0,-1.0313066184558349e-06
6.420000000000479,0.0,-1.032021459334695e-06
6.421000000000479,0.0,-1.0322282383866646e-06
6.422000000000479,0.0,-1.0319363431218413e-06
6.42300000000048,0.0,-1.0311563055077285e-06
6.42400000000048,0.0,-1.0298997263071648e-06
6.42500000000048,0.0,-1.028179197164227e-06
6.426000000000481,0.0,-1.0260082220529304e-06
6.427000000000481,0.0,-1.0234011362240444e-06
6.428000000000481,0.0,-1.0203730267230974e-06
6.429000000000482,0.0,-1.0169396502834198e-06
6.430000000000482,0.0,-1.0131173535140224e-06
6.431000000000482,0.0,-1.0089229933970216e-06
6.432000000000483,0.0,-1.0043738578970248e-06
6.433000000000483,0.0,-9.994875888937576e-07
6.434000000000483,0.0,-9.942821069307993e-07
6.435000000000484,0.0,-9.887755365142552e-07
6.436000000000484,0.0,-9.82986134922221e-07
6.437000000000484,0.0,-9.769322227702567e-07
6.438000000000485,0.0,-9.70632116344402e-07
6.439000000000485,0.0,-9.64104063110117e-07
6.440000000000485,0.0,-9.573661794135653e-07
6.441000000000486,0.0,-9.504363904976969e-07
6.442000000000486,0.0,-9.43332373242495e-07
6.443000000000486,0.0,-9.360715010535194e-07
6.444000000000487,0.0,-9.286707916544979e-07
6.445000000000487,0.0,-9.21146856490212e-07
6.446000000000487,0.0,-9.135158529305237e-07
6.447000000000488,0.0,-9.057934382530544e-07
6.448000000000488,0.0,-8.979947265612976e-07
6.449000000000488,0.0,-8.901342463899478e-07
6.450000000000489,0.0,-8.822259021814017e-07
6.451000000000489,0.0,-8.742829364288921e-07
6.452000000000489,0.0,-8.663178946653233e-07
6.45300000000049,0.0,-8.583425928939941e-07
6.45400000000049,0.0,-8.503680873770872e-07
6.45500000000049,0.0,-8.424046468895614e-07
6.456000000000491,0.0,-8.344617289852508e-07
6.457000000000491,0.0,-8.265479585948983e-07
6.458000000000491,0.0,-8.186711117899735e-07
6.459000000000492,0.0,-8.108381031916669e-07
6.460000000000492,0.0,-8.030549792005699e-07
6.461000000000492,0.0,-7.953269178611088e-07
6.462000000000493,0.0,-7.876582343367588e-07
6.463000000000493,0.0,-7.800523955810945e-07
6.464000000000493,0.0,-7.725120437166463e-07
6.465000000000494,0.0,-7.650390295791858e-07
6.466000000000494,0.0,-7.576344577689648e-07
6.467000000000494,0.0,-7.502987451560075e-07
6.468000000000495,0.0,-7.43031692933244e-07
6.469000000000495,0.0,-7.358325751177738e-07
6.470000000000495,0.0,-7.287002441843666e-07
6.471000000000496,0.0,-7.216332556476146e-07
6.472000000000496,0.0,-7.146300129459214e-07
6.473000000000496,0.0,-7.076894619042677e-07
6.474000000000497,0.0,-7.008116415270393e-07
6.475000000000497,0.0,-6.939970915425087e-07
6.476000000000497,0.0,-6.872464356187384e-07
6.477000000000498,0.0,-6.805605282747423e-07
6.478000000000498,0.0,-6.739405780856356e-07
6.479000000000498,0.0,-6.673882520890653e-07
6.480000000000499,0.0,-6.609057611367361e-07
6.481000000000499,0.0,-6.54495928554711e-07
6.482000000000499,0.0,-6.481622428675694e-07
6.4830000000005,0.0,-6.41908896950466e-07
6.4840000000005,0.0,-6.357408143654569e-07
6.4850000000005,0.0,-6.296636642385185e-07
6.486000000000501,0.0,-6.236838659963764e-07
6.487000000000501,0.0,-6.17808585671511e-07
6.488000000000501,0.0,-6.12045722657457e-07
6.489000000000502,0.0,-6.064038913545425e-07
6.490000000000502,0.0,-6.008923947366754e-07
6.491000000000502,0.0,-5.955211933414237e-07
6.492000000000503,0.0,-5.903008685682863e-07
6.493000000000503,0.0,-5.852425827697516e-07
6.494000000000503,0.0,-5.803580335583392e-07
6.495000000000504,0.0,-5.756594064613624e-07
6.496000000000504,0.0,-5.711593229168627e-07
6.497000000000504,0.0,-5.668707864810159e-07
6.498000000000505,0.0,-5.628071255253637e-07
6.499000000000505,0.0,-5.589819342397784e-07
6.500000000000505,0.0,-5.554090107169726e-07
6.501000000000506,0.0,-5.521022935763413e-07
6.502000000000506,0.0,-5.490757963824964e-07
6.503000000000506,0.0,-5.463435403061441e-07
6.504000000000507,0.0,-5.439194854317283e-07
6.505000000000507,0.0,-5.418174600423262e-07
6.506000000000507,0.0,-5.400510892405847e-07
6.507000000000508,0.0,-5.386337223462937e-07
6.508000000000508,0.0,-5.375783588713667e-07
6.509000000000508,0.0,-5.368975744174355e-07
6.510000000000509,0.0,-5.366034456690939e-07
6.511000000000509,0.0,-5.367074756892777e-07
6.512000000000509,0.0,-5.372205184424278e-07
6.51300000000051,0.0,-5.381527049044854e-07
6.51400000000051,0.0,-5.395133685072819e-07
6.51500000000051,0.0,-5.41310972892172e-07
6.516000000000511,0.0,-5.435530403733159e-07
6.517000000000511,0.0,-5.462460826715115e-07
6.518000000000511,0.0,-5.493955335645743e-07
6.519000000000512,0.0,-5.530056841639151e-07
6.520000000000512,0.0,-5.570796221872184e-07
6.521000000000512,0.0,-5.616191733077942e-07
6.522000000000513,0.0,-5.66624847726686e-07
6.523000000000513,0.0,-5.720957906379736e-07
6.524000000000513,0.0,-5.780297375776511e-07
6.525000000000514,0.0,-5.844229752908119e-07
6.526000000000514,0.0,-5.912703076520019e-07
6.527000000000514,0.0,-5.985650286623091e-07
6.528000000000515,0.0,-6.062989007894076e-07
6.529000000000515,0.0,-6.144621407037648e-07
6.530000000000515,0.0,-6.230434121006427e-07
6.531000000000516,0.0,-6.320298255848404e-07
6.532000000000516,0.0,-6.414069461014353e-07
6.533000000000516,0.0,-6.511588086476885e-07
6.534000000000517,0.0,-6.612679408649306e-07
6.535000000000517,0.0,-6.717153949266933e-07
6.536000000000517,0.0,-6.824807867670215e-07
6.537000000000518,0.0,-6.935423432203085e-07
6.538000000000518,0.0,-7.048769577600776e-07
6.539000000000518,0.0,-7.164602536421567e-07
6.540000000000519,0.0,-7.282666555274275e-07
6.541000000000519,0.0,-7.402694679368035e-07
6.542000000000519,0.0,-7.524409616745357e-07
6.54300000000052,0.0,-7.647524668145443e-07
6.54400000000052,0.0,-7.771744726902166e-07
6.54500000000052,0.0,-7.896767343377373e-07
6.546000000000521,0.0,-8.022283839835276e-07
6.547000000000521,0.0,-8.147980489144168e-07
6.548000000000521,0.0,-8.273539731660893e-07
6.549000000000522,0.0,-8.398641440432425e-07
6.550000000000522,0.0,-8.522964218430468e-07
6.551000000000522,0.0,-8.64618672439432e-07
6.552000000000523,0.0,-8.767989027603076e-07
6.553000000000523,0.0,-8.888053963685137e-07
6.554000000000523,0.0,-9.006068510581109e-07
6.555000000000524,0.0,-9.121725159616544e-07
6.556000000000524,0.0,-9.234723271385543e-07
6.557000000000524,0.0,-9.344770427583919e-07
6.558000000000525,0.0,-9.45158374740928e-07
6.559000000000525,0.0,-9.554891178497693e-07
6.560000000000525,0.0,-9.654432742424655e-07
6.561000000000526,0.0,-9.749961737857617e-07
6.562000000000526,0.0,-9.841245880918487e-07
6.563000000000526,0.0,-9.928068386674855e-07
6.564000000000527,0.0,-1.0010228978604275e-06
6.565000000000527,0.0,-1.0087544821322494e-06
6.566000000000527,0.0,-1.015985136987437e-06
6.567000000000528,0.0,-1.0227003126605663e-06
6.568000000000528,0.0,-1.0288874306397838e-06
6.569000000000528,0.0,-1.0345359396747916e-06
6.570000000000529,0.0,-1.0396373620860151e-06
6.571000000000529,0.0,-1.044185328229536e-06
6.572000000000529,0.0,-1.0481756007033897e-06
6.57300000000053,0.0,-1.0516060864297202e-06
6.57400000000053,0.0,-1.0544768380403275e-06
6.57500000000053,0.0,-1.0567900425165085e-06
6.576000000000531,0.0,-1.0585499986457449e-06
6.577000000000531,0.0,-1.0597630835306856e-06
6.578000000000531,0.0,-1.0604377059457363e-06
6.579000000000532,0.0,-1.06058424980013e-06
6.580000000000532,0.0,-1.0602150059242941e-06
6.581000000000532,0.0,-1.059344093120507e-06
6.582000000000533,0.0,-1.057987368736752e-06
6.583000000000533,0.0,-1.0561623301843064e-06
6.584000000000533,0.0,-1.0538880053722005e-06
6.585000000000534,0.0,-1.0511848366058209e-06
6.586000000000534,0.0,-1.048074554966986e-06
6.587000000000534,0.0,-1.0445800470282431e-06
6.588000000000535,0.0,-1.0407252166712413e-06
6.589000000000535,0.0,-1.036534838644517e-06
6.590000000000535,0.0,-1.0320344095716496e-06
6.591000000000536,0.0,-1.0272499931315576e-06
6.592000000000536,0.0,-1.0222080626866957e-06
6.593000000000536,0.0,-1.0169353418897352e-06
6.594000000000537,0.0,-1.0114586436284965e-06
6.595000000000537,0.0,-1.0058047093611062e-06
6.596000000000537,0.0,-1.0000000491301375e-06
6.597000000000538,0.0,-9.940707837182538e-07
6.598000000000538,0.0,-9.880424892005678e-07
6.599000000000538,0.0,-9.819400474924882e-07
6.600000000000539,0.0,-9.757875013261893e-07
6.601000000000539,0.0,-9.696079158728423e-07
6.602000000000539,0.0,-9.634232497950252e-07
6.60300000000054,0.0,-9.572542344084708e-07
6.60400000000054,0.0,-9.511202642428704e-07
6.60500000000054,0.0,-9.450393000497299e-07
6.606000000000541,0.0,-9.390277853621052e-07
6.607000000000541,0.0,-9.33100577579992e-07
6.608000000000541,0.0,-9.272708966458107e-07
6.609000000000542,0.0,-9.215502911660586e-07
6.610000000000542,0.0,-9.159486242368528e-07
6.611000000000542,0.0,-9.104740807516195e-07
6.612000000000543,0.0,-9.051331977395922e-07
6.613000000000543,0.0,-8.999309181509987e-07
6.6140000000005434,0.0,-8.948706720316766e-07
6.615000000000544,0.0,-8.899544839664568e-07
6.616000000000544,0.0,-8.8518311088981e-07
6.6170000000005444,0.0,-8.805562104647336e-07
6.618000000000545,0.0,-8.760725418478414e-07
6.619000000000545,0.0,-8.717302006552233e-07
6.6200000000005454,0.0,-8.675268903777053e-07
6.621000000000546,0.0,-8.634602311500659e-07
6.622000000000546,0.0,-8.595281074768892e-07
6.6230000000005464,0.0,-8.557299683609216e-07
6.624000000000547,0.0,-8.519053282720244e-07
6.625000000000547,0.0,-8.480507304823158e-07
6.6260000000005475,0.0,-8.441626406377522e-07
6.627000000000548,0.0,-8.402377061937285e-07
6.628000000000548,0.0,-8.362729809492113e-07
6.6290000000005485,0.0,-8.322661174810611e-07
6.630000000000549,0.0,-8.282155285125558e-07
6.631000000000549,0.0,-8.241205200598605e-07
6.6320000000005495,0.0,-8.199813978235952e-07
6.63300000000055,0.0,-8.157995483761073e-07
6.63400000000055,0.0,-8.115774972163903e-07
6.6350000000005505,0.0,-8.073189456446972e-07
6.636000000000551,0.0,-8.030287874190344e-07
6.637000000000551,0.0,-7.987131072836879e-07
6.6380000000005515,0.0,-7.943791628429036e-07
6.639000000000552,0.0,-7.900353510081245e-07
6.640000000000552,0.0,-7.856911612728726e-07
6.6410000000005525,0.0,-7.813571155292935e-07
6.642000000000553,0.0,-7.77044698191233e-07
6.643000000000553,0.0,-7.72766275736474e-07
6.6440000000005535,0.0,-7.685350078297054e-07
6.645000000000554,0.0,-7.64364751319409e-07
6.646000000000554,0.0,-7.602699583979394e-07
6.6470000000005545,0.0,-7.562655689021062e-07
6.648000000000555,0.0,-7.523668995064153e-07
6.649000000000555,0.0,-7.485895289863782e-07
6.6500000000005555,0.0,-7.449491824427646e-07
6.651000000000556,0.0,-7.414616129721051e-07
6.652000000000556,0.0,-7.38142484530816e-07
6.6530000000005565,0.0,-7.350072542198276e-07
6.654000000000557,0.0,-7.320710562270252e-07
6.655000000000557,0.0,-7.293485881068721e-07
6.6560000000005575,0.0,-7.268539990668556e-07
6.657000000000558,0.0,-7.246007828304853e-07
6.658000000000558,0.0,-7.226016736087369e-07
6.6590000000005585,0.0,-7.208685473884156e-07
6.660000000000559,0.0,-7.194123287724012e-07
6.661000000000559,0.0,-7.182429024253848e-07
6.6620000000005595,0.0,-7.173690330287664e-07
6.66300000000056,0.0,-7.167982903021716e-07
6.66400000000056,0.0,-7.165369825726154e-07
6.6650000000005605,0.0,-7.165900972541048e-07
6.666000000000561,0.0,-7.169612500618446e-07
6.667000000000561,0.0,-7.176526426849192e-07
6.6680000000005615,0.0,-7.186650286203567e-07
6.669000000000562,0.0,-7.199976885101288e-07
6.670000000000562,0.0,-7.216484139960035e-07
6.6710000000005625,0.0,-7.236135014770519e-07
6.672000000000563,0.0,-7.258877543635272e-07
6.673000000000563,0.0,-7.284644945560853e-07
6.6740000000005635,0.0,-7.313355836916666e-07
6.675000000000564,0.0,-7.344914525282758e-07
6.676000000000564,0.0,-7.379211397340598e-07
6.6770000000005645,0.0,-7.416123381304329e-07
6.678000000000565,0.0,-7.455514505888984e-07
6.679000000000565,0.0,-7.49723652353048e-07
6.6800000000005655,0.0,-7.541129612187029e-07
6.681000000000566,0.0,-7.587023149129944e-07
6.682000000000566,0.0,-7.634736535482737e-07
6.6830000000005665,0.0,-7.684080096460977e-07
6.684000000000567,0.0,-7.734856014398457e-07
6.685000000000567,0.0,-7.786859319789997e-07
6.6860000000005675,0.0,-7.83987891247223e-07
6.687000000000568,0.0,-7.893698621199669e-07
6.688000000000568,0.0,-7.948098276725827e-07
6.6890000000005685,0.0,-8.002854815808018e-07
6.690000000000569,0.0,-8.057743378493338e-07
6.691000000000569,0.0,-8.112538424342181e-07
6.6920000000005695,0.0,-8.167014830452064e-07
6.69300000000057,0.0,-8.220948985894095e-07
6.69400000000057,0.0,-8.274119863661598e-07
6.6950000000005705,0.0,-8.326310068575965e-07
6.696000000000571,0.0,-8.377306852899115e-07
6.697000000000571,0.0,-8.426903092873559e-07
6.6980000000005715,0.0,-8.474898225431106e-07
6.699000000000572,0.0,-8.52109912718594e-07
6.700000000000572,0.0,-8.565320954117059e-07
6.7010000000005725,0.0,-8.607387904939706e-07
6.702000000000573,0.0,-8.647133932332585e-07
6.703000000000573,0.0,-8.684403393429097e-07
6.7040000000005735,0.0,-8.719051612908279e-07
6.705000000000574,0.0,-8.750945392058824e-07
6.706000000000574,0.0,-8.779963432994378e-07
6.7070000000005745,0.0,-8.805996696317064e-07
6.708000000000575,0.0,-8.828948675462515e-07
6.709000000000575,0.0,-8.848735596475607e-07
6.7100000000005755,0.0,-8.865286546824843e-07
6.711000000000576,0.0,-8.878543521637114e-07
6.712000000000576,0.0,-8.888461399129577e-07
6.7130000000005765,0.0,-8.895007846529627e-07
6.714000000000577,0.0,-8.898163152392384e-07
6.715000000000577,0.0,-8.897919993652232e-07
6.7160000000005775,0.0,-8.894283133136715e-07
6.717000000000578,0.0,-8.887269071090081e-07
6.718000000000578,0.0,-8.876905621805423e-07
6.7190000000005785,0.0,-8.863231451118553e-07
6.720000000000579,0.0,-8.846295564626202e-07
6.721000000000579,0.0,-8.826156746372288e-07
6.7220000000005795,0.0,-8.802882966699023e-07
6.72300000000058,0.0,-8.776550756148317e-07
6.72400000000058,0.0,-8.747244550204387e-07
6.7250000000005805,0.0,-8.715056016323411e-07
6.726000000000581,0.0,-8.68008335635081e-07
6.727000000000581,0.0,-8.642430612187328e-07
6.7280000000005815,0.0,-8.602206947960308e-07
6.729000000000582,0.0,-8.559525947379993e-07
6.730000000000582,0.0,-8.51450490897696e-07
6.7310000000005825,0.0,-8.467264145125518e-07
6.732000000000583,0.0,-8.417926308432254e-07
6.733000000000583,0.0,-8.366615722559372e-07
6.7340000000005835,0.0,-8.313457742643693e-07
6.735000000000584,0.0,-8.258578142261143e-07
6.736000000000584,0.0,-8.202102518372772e-07
6.7370000000005845,0.0,-8.144155743364297e-07
6.738000000000585,0.0,-8.08486143717215e-07
6.739000000000585,0.0,-8.024341482555004e-07
6.7400000000005855,0.0,-7.962715575691371e-07
6.741000000000586,0.0,-7.900100806409383e-07
6.742000000000586,0.0,-7.836611295862598e-07
6.7430000000005865,0.0,-7.772357848551098e-07
6.744000000000587,0.0,-7.707447663916208e-07
6.745000000000587,0.0,-7.641984067804073e-07
6.7460000000005875,0.0,-7.576066296366235e-07
6.747000000000588,0.0,-7.50978929999524e-07
6.748000000000588,0.0,-7.443243591461581e-07
6.7490000000005885,0.0,-7.376515121524853e-07
6.750000000000589,0.0,-7.30968518693245e-07
6.751000000000589,0.0,-7.242830361606397e-07
6.7520000000005895,0.0,-7.176022460680293e-07
6.75300000000059,0.0,-7.109328524489481e-07
6.75400000000059,0.0,-7.042810824354968e-07
6.7550000000005905,0.0,-6.97652689473839e-07
6.756000000000591,0.0,-6.910529582650187e-07
6.757000000000591,0.0,-6.844867111260542e-07
6.7580000000005915,0.0,-6.779583175341908e-07
6.759000000000592,0.0,-6.71471703976094e-07
6.760000000000592,0.0,-6.650303671343555e-07
6.7610000000005925,0.0,-6.586373885859166e-07
6.762000000000593,0.0,-6.522954518780637e-07
6.763000000000593,0.0,-6.460068617315977e-07
6.7640000000005935,0.0,-6.397735673947235e-07
6.765000000000594,0.0,-6.335971878003157e-07
6.766000000000594,0.0,-6.27479041455252e-07
6.7670000000005945,0.0,-6.214201800813669e-07
6.768000000000595,0.0,-6.154214275049161e-07
6.769000000000595,0.0,-6.094834236214093e-07
6.7700000000005955,0.0,-6.03606674289376e-07
6.771000000000596,0.0,-5.977916084815267e-07
6.772000000000596,0.0,-5.920386423797434e-07
6.7730000000005965,0.0,-5.863482516116464e-07
6.774000000000597,0.0,-5.807205109331292e-07
6.775000000000597,0.0,-5.751544515730778e-07
6.7760000000005975,0.0,-5.696485184241989e-07
6.777000000000598,0.0,-5.642011856968829e-07
6.778000000000598,0.0,-5.58811031534757e-07
6.7790000000005985,0.0,-5.534768017272487e-07
6.780000000000599,0.0,-5.481974618308095e-07
6.781000000000599,0.0,-5.429722394514683e-07
6.7820000000005995,0.0,-5.37800658751468e-07
6.7830000000006,0.0,-5.326825668158985e-07
6.7840000000006,0.0,-5.276181543389944e-07
6.7850000000006006,0.0,-5.226079704347515e-07
6.786000000000601,0.0,-5.176529336957718e-07
6.787000000000601,0.0,-5.127543394173905e-07
6.7880000000006016,0.0,-5.079138644728121e-07
6.789000000000602,0.0,-5.031335693105704e-07
6.790000000000602,0.0,-4.984158995404853e-07
6.7910000000006026,0.0,-4.937636847008583e-07
6.792000000000603,0.0,-4.891801380635139e-07
6.793000000000603,0.0,-4.846688539964365e-07
6.794000000000604,0.0,-4.802338061386305e-07
6.795000000000604,0.0,-4.758793440363074e-07
6.796000000000604,0.0,-4.716101904824071e-07
6.797000000000605,0.0,-4.6743143673764173e-07
6.798000000000605,0.0,-4.633485382261988e-07
6.799000000000605,0.0,-4.5936730826280054e-07
6.800000000000606,0.0,-4.5549391146871204e-07
6.801000000000606,0.0,-4.517348548958082e-07
6.802000000000606,0.0,-4.480969774828972e-07
6.803000000000607,0.0,-4.445874379201429e-07
6.804000000000607,0.0,-4.4121369939063316e-07
6.805000000000607,0.0,-4.3798351202070084e-07
6.806000000000608,0.0,-4.3490489238444265e-07
6.807000000000608,0.0,-4.319861000219932e-07
6.808000000000608,0.0,-4.2923560956362547e-07
6.809000000000609,0.0,-4.2666208120386015e-07
6.810000000000609,0.0,-4.24274325505825e-07
6.811000000000609,0.0,-4.2208126570309866e-07
6.81200000000061,0.0,-4.200918962049397e-07
6.81300000000061,0.0,-4.1831523688431694e-07
6.81400000000061,0.0,-4.167602842197386e-07
6.815000000000611,0.0,-4.154359594054669e-07
6.816000000000611,0.0,-4.143510518939549e-07
6.817000000000611,0.0,-4.1351416195644367e-07
6.818000000000612,0.0,-4.12933638760011e-07
6.819000000000612,0.0,-4.126175178372866e-07
6.820000000000612,0.0,-4.125734554460988e-07
6.821000000000613,0.0,-4.1280866267077176e-07
6.822000000000613,0.0,-4.133298377972286e-07
6.823000000000613,0.0,-4.1414309902295443e-07
6.824000000000614,0.0,-4.1525391733294947e-07
6.825000000000614,0.0,-4.1666704975113984e-07
6.826000000000614,0.0,-4.183864746027541e-07
6.827000000000615,0.0,-4.2041532868974845e-07
6.828000000000615,0.0,-4.2275584664738133e-07
6.829000000000615,0.0,-4.2540930421042057e-07
6.830000000000616,0.0,-4.283759649561817e-07
6.831000000000616,0.0,-4.316550313201537e-07
6.832000000000616,0.0,-4.3524460104953643e-07
6.833000000000617,0.0,-4.391416282578208e-07
6.834000000000617,0.0,-4.433418914890116e-07
6.835000000000617,0.0,-4.4783996744569466e-07
6.836000000000618,0.0,-4.526292114723858e-07
6.837000000000618,0.0,-4.5770174602799466e-07
6.838000000000618,0.0,-4.630484553798919e-07
6.839000000000619,0.0,-4.68658988705642e-07
6.840000000000619,0.0,-4.7452177143996274e-07
6.841000000000619,0.0,-4.806240235049818e-07
6.84200000000062,0.0,-4.869517868669944e-07
6.84300000000062,0.0,-4.934899598126646e-07
6.84400000000062,0.0,-5.002223410128546e-07
6.845000000000621,0.0,-5.071316794861375e-07
6.846000000000621,0.0,-5.14199733696322e-07
6.847000000000621,0.0,-5.214073374292094e-07
6.848000000000622,0.0,-5.287344734418986e-07
6.849000000000622,0.0,-5.361603526265898e-07
6.850000000000622,0.0,-5.436635013021732e-07
6.851000000000623,0.0,-5.512218525364429e-07
6.852000000000623,0.0,-5.588128440969398e-07
6.853000000000623,0.0,-5.664135207055367e-07
6.854000000000624,0.0,-5.740006403240624e-07
6.855000000000624,0.0,-5.81550783962138e-07
6.856000000000624,0.0,-5.890404682780755e-07
6.857000000000625,0.0,-5.964462604353011e-07
6.858000000000625,0.0,-6.037448936824245e-07
6.859000000000625,0.0,-6.109133842561815e-07
6.860000000000626,0.0,-6.179291473642316e-07
6.861000000000626,0.0,-6.247701124215154e-07
6.862000000000626,0.0,-6.314148365407364e-07
6.863000000000627,0.0,-6.37842615142207e-07
6.864000000000627,0.0,-6.440335893404781e-07
6.865000000000627,0.0,-6.499688495080621e-07
6.866000000000628,0.0,-6.556305335592321e-07
6.867000000000628,0.0,-6.610019197116027e-07
6.868000000000628,0.0,-6.66067513027574e-07
6.869000000000629,0.0,-6.708131256954023e-07
6.870000000000629,0.0,-6.752259489127158e-07
6.871000000000629,0.0,-6.792946175083675e-07
6.87200000000063,0.0,-6.830092657297874e-07
6.87300000000063,0.0,-6.863615747182455e-07
6.87400000000063,0.0,-6.893448100413522e-07
6.875000000000631,0.0,-6.919538502125669e-07
6.876000000000631,0.0,-6.941852053403391e-07
6.877000000000631,0.0,-6.96037025669991e-07
6.878000000000632,0.0,-6.975091007832529e-07
6.879000000000632,0.0,-6.986028476938281e-07
6.880000000000632,0.0,-6.993212900524767e-07
6.881000000000633,0.0,-6.996690270403127e-07
6.882000000000633,0.0,-6.996521923950778e-07
6.883000000000633,0.0,-6.99278404346729e-07
6.884000000000634,0.0,-6.985567062759453e-07
6.885000000000634,0.0,-6.97497498845829e-07
6.886000000000634,0.0,-6.961124633154173e-07
6.887000000000635,0.0,-6.944144775667044e-07
6.888000000000635,0.0,-6.924175245800857e-07
6.889000000000635,0.0,-6.901365942069254e-07
6.890000000000636,0.0,-6.875875785964416e-07
6.891000000000636,0.0,-6.847871627346155e-07
6.892000000000636,0.0,-6.817527095300119e-07
6.893000000000637,0.0,-6.78502141228646e-07
6.894000000000637,0.0,-6.750538178017389e-07
6.895000000000637,0.0,-6.714264117875776e-07
6.896000000000638,0.0,-6.676387830760707e-07
6.897000000000638,0.0,-6.637098512389721e-07
6.898000000000638,0.0,-6.596584686655764e-07
6.899000000000639,0.0,-6.555032947706306e-07
6.900000000000639,0.0,-6.512626712613708e-07
6.901000000000639,0.0,-6.469545007171474e-07
6.90200000000064,0.0,-6.425961283209645e-07
6.90300000000064,0.0,-6.382042291994682e-07
6.90400000000064,0.0,-6.337947000667916e-07
6.905000000000641,0.0,-6.293825586123737e-07
6.906000000000641,0.0,-6.249818503410995e-07
6.907000000000641,0.0,-6.206055642812012e-07
6.908000000000642,0.0,-6.162655578802473e-07
6.909000000000642,0.0,-6.119724950917239e-07
6.910000000000642,0.0,-6.077357939884896e-07
6.911000000000643,0.0,-6.035635904011548e-07
6.912000000000643,0.0,-5.994627146132795e-07
6.913000000000643,0.0,-5.954386854002288e-07
6.914000000000644,0.0,-5.914957200203268e-07
6.915000000000644,0.0,-5.876367644392061e-07
6.916000000000644,0.0,-5.838635424352526e-07
6.917000000000645,0.0,-5.80176626783916e-07
6.918000000000645,0.0,-5.765755332659123e-07
6.919000000000645,0.0,-5.730588385193332e-07
6.920000000000646,0.0,-5.696243248957984e-07
6.921000000000646,0.0,-5.662691516969788e-07
6.922000000000646,0.0,-5.629900557901616e-07
6.923000000000647,0.0,-5.597835830482963e-07
6.924000000000647,0.0,-5.56648605205329e-07
6.925000000000647,0.0,-5.534908017125051e-07
6.926000000000648,0.0,-5.503120175901945e-07
6.927000000000648,0.0,-5.471140756585469e-07
6.928000000000648,0.0,-5.438990749198756e-07
6.929000000000649,0.0,-5.406696444981008e-07
6.930000000000649,0.0,-5.374291579100275e-07
6.931000000000649,0.0,-5.34181906887971e-07
6.93200000000065,0.0,-5.309332416936737e-07
6.93300000000065,0.0,-5.276896771147178e-07
6.93400000000065,0.0,-5.244589676435525e-07
6.935000000000651,0.0,-5.212501548101359e-07
6.936000000000651,0.0,-5.180735874890715e-07
6.937000000000651,0.0,-5.149409189062291e-07
6.938000000000652,0.0,-5.118650808489077e-07
6.939000000000652,0.0,-5.088602389553353e-07
6.940000000000652,0.0,-5.059417279697393e-07
6.941000000000653,0.0,-5.031259740399302e-07
6.942000000000653,0.0,-5.004303985460885e-07
6.943000000000653,0.0,-4.978733130375275e-07
6.944000000000654,0.0,-4.954738007063839e-07
6.945000000000654,0.0,-4.932515899348657e-07
6.946000000000654,0.0,-4.912269188266754e-07
6.947000000000655,0.0,-4.894203947955853e-07
6.948000000000655,0.0,-4.878528481477156e-07
6.949000000000655,0.0,-4.865451829180384e-07
6.950000000000656,0.0,-4.855182246888111e-07
6.951000000000656,0.0,-4.84792568889824e-07
6.952000000000656,0.0,-4.843884275949627e-07
6.953000000000657,0.0,-4.843254794981999e-07
6.954000000000657,0.0,-4.846227214136454e-07
6.955000000000657,0.0,-4.852983238227401e-07
6.956000000000658,0.0,-4.863694904772371e-07
6.957000000000658,0.0,-4.878523244997583e-07
6.958000000000658,0.0,-4.897616999038676e-07
6.959000000000659,0.0,-4.921111411261059e-07
6.960000000000659,0.0,-4.949127100463922e-07
6.961000000000659,0.0,-4.981769016917555e-07
6.96200000000066,0.0,-5.019125499068562e-07
6.96300000000066,0.0,-5.061267423022299e-07
6.96400000000066,0.0,-5.108247456414606e-07
6.965000000000661,0.0,-5.160099423933993e-07
6.966000000000661,0.0,-5.216837778673823e-07
6.967000000000661,0.0,-5.278457200888002e-07
6.968000000000662,0.0,-5.344932294850394e-07
6.969000000000662,0.0,-5.416217422441156e-07
6.970000000000662,0.0,-5.492246640002735e-07
6.971000000000663,0.0,-5.572933764480538e-07
6.972000000000663,0.0,-5.658172553996655e-07
6.973000000000663,0.0,-5.747836995085075e-07
6.974000000000664,0.0,-5.841781722644563e-07
6.975000000000664,0.0,-5.939842531158076e-07
6.976000000000664,0.0,-6.041836997768438e-07
6.977000000000665,0.0,-6.14756521287993e-07
6.978000000000665,0.0,-6.256810600050601e-07
6.979000000000665,0.0,-6.36934082971146e-07
6.980000000000666,0.0,-6.4849088159937e-07
6.981000000000666,0.0,-6.603253791172833e-07
6.982000000000666,0.0,-6.724102447282555e-07
6.983000000000667,0.0,-6.847170155131468e-07
6.984000000000667,0.0,-6.97216221604436e-07
6.985000000000667,0.0,-7.098775174137757e-07
6.986000000000668,0.0,-7.226698167930812e-07
6.987000000000668,0.0,-7.355614305139168e-07
6.988000000000668,0.0,-7.485202064018957e-07
6.989000000000669,0.0,-7.615136704548734e-07
6.990000000000669,0.0,-7.745091686271584e-07
6.991000000000669,0.0,-7.874740084556574e-07
6.99200000000067,0.0,-8.003755983043309e-07
6.99300000000067,0.0,-8.131815865197361e-07
6.99400000000067,0.0,-8.25859995801787e-07
6.995000000000671,0.0,-8.383793557962731e-07
6.996000000000671,0.0,-8.507088301015633e-07
6.997000000000671,0.0,-8.628183389820119e-07
6.998000000000672,0.0,-8.746786767054806e-07
6.999000000000672,0.0,-8.862616226421991e-07
7.000000000000672,0.0,-8.975400452243222e-07
7.001000000000673,0.0,-9.08487999790313e-07
7.002000000000673,0.0,-9.190808179933895e-07
7.003000000000673,0.0,-9.292951899109504e-07
7.004000000000674,0.0,-9.391092381395721e-07
7.005000000000674,0.0,-9.485025821187378e-07
7.006000000000674,0.0,-9.574563961385218e-07
7.007000000000675,0.0,-9.659534561484748e-07
7.008000000000675,0.0,-9.739781797705019e-07
7.009000000000675,0.0,-9.81516656100855e-07
7.010000000000676,0.0,-9.885566678335835e-07
7.011000000000676,0.0,-9.950877035435654e-07
7.012000000000676,0.0,-1.0011009624828161e-06
7.013000000000677,0.0,-1.0065893508626498e-06
7.014000000000677,0.0,-1.0115474692331116e-06
7.015000000000677,0.0,-1.0159715938682582e-06
7.016000000000678,0.0,-1.0198596485999834e-06
7.017000000000678,0.0,-1.0232111714817724e-06
7.018000000000678,0.0,-1.0260272738397778e-06
7.019000000000679,0.0,-1.0283105935207395e-06
7.020000000000679,0.0,-1.0300652424454182e-06
7.021000000000679,0.0,-1.0312967486659492e-06
7.02200000000068,0.0,-1.0320119947712181e-06
7.02300000000068,0.0,-1.0322191507113601e-06
7.02400000000068,0.0,-1.0319276038417e-06
7.025000000000681,0.0,-1.0311478864158237e-06
7.026000000000681,0.0,-1.0298915994250242e-06
7.027000000000681,0.0,-1.0281713349480596e-06
7.028000000000682,0.0,-1.026000597020278e-06
7.029000000000682,0.0,-1.0233937218770668e-06
7.030000000000682,0.0,-1.0203657967216088e-06
7.031000000000683,0.0,-1.0169325790495727e-06
7.032000000000683,0.0,-1.013110416271824e-06
7.033000000000683,0.0,-1.0089161659842187e-06
7.034000000000684,0.0,-1.0043671169429283e-06
7.035000000000684,0.0,-9.994809123564195e-07
7.036000000000684,0.0,-9.942754733910669e-07
7.037000000000685,0.0,-9.8876892558699e-07
7.038000000000685,0.0,-9.829795274234196e-07
7.039000000000685,0.0,-9.769256005943861e-07
7.040000000000686,0.0,-9.706254624359963e-07
7.041000000000686,0.0,-9.64097361718782e-07
7.042000000000686,0.0,-9.573594158908404e-07
7.043000000000687,0.0,-9.504295515497943e-07
7.044000000000687,0.0,-9.433254466744726e-07
7.045000000000687,0.0,-9.360644760726518e-07
7.046000000000688,0.0,-9.286636585928378e-07
7.047000000000688,0.0,-9.211396069766515e-07
7.048000000000688,0.0,-9.135084797491938e-07
7.049000000000689,0.0,-9.057859355246479e-07
7.050000000000689,0.0,-8.979870894824042e-07
7.051000000000689,0.0,-8.901264714636703e-07
7.05200000000069,0.0,-8.822179868398909e-07
7.05300000000069,0.0,-8.742748792168313e-07
7.05400000000069,0.0,-8.663096950895799e-07
7.055000000000691,0.0,-8.583342515600755e-07
7.056000000000691,0.0,-8.503596055845084e-07
7.057000000000691,0.0,-8.423960271493151e-07
7.058000000000692,0.0,-8.344529741700495e-07
7.059000000000692,0.0,-8.265390725911696e-07
7.060000000000692,0.0,-8.186620986972408e-07
7.061000000000693,0.0,-8.108289678962611e-07
7.062000000000693,0.0,-8.030457271115115e-07
7.063000000000693,0.0,-7.953175546805272e-07
7.064000000000694,0.0,-7.876487659495764e-07
7.065000000000694,0.0,-7.800428281989453e-07
7.066000000000694,0.0,-7.725023837653274e-07
7.067000000000695,0.0,-7.650292833005989e-07
7.068000000000695,0.0,-7.57624631617541e-07
7.069000000000695,0.0,-7.50288845371436e-07
7.070000000000696,0.0,-7.430217256306444e-07
7.071000000000696,0.0,-7.358225463645683e-07
7.072000000000696,0.0,-7.28690159706942e-07
7.073000000000697,0.0,-7.216231208195911e-07
7.074000000000697,0.0,-7.146198329106638e-07
7.075000000000697,0.0,-7.076792416582404e-07
7.076000000000698,0.0,-7.008013860818857e-07
7.077000000000698,0.0,-6.939868056942811e-07
7.078000000000698,0.0,-6.872361245827337e-07
7.079000000000699,0.0,-6.80550197179404e-07
7.080000000000699,0.0,-6.739302320829211e-07
7.081000000000699,0.0,-6.673778965106086e-07
7.0820000000007,0.0,-6.608954014166156e-07
7.0830000000007,0.0,-6.544855702844531e-07
7.0840000000007,0.0,-6.481518920658183e-07
7.085000000000701,0.0,-6.418985596304115e-07
7.086000000000701,0.0,-6.35730496943789e-07
7.087000000000701,0.0,-6.296533734593785e-07
7.088000000000702,0.0,-6.236736091556952e-07
7.089000000000702,0.0,-6.177983701620556e-07
7.090000000000702,0.0,-6.120355567228328e-07
7.091000000000703,0.0,-6.063937834329531e-07
7.092000000000703,0.0,-6.008823537238505e-07
7.093000000000703,0.0,-5.955112288968722e-07
7.094000000000704,0.0,-5.902909909080405e-07
7.095000000000704,0.0,-5.85232802568605e-07
7.096000000000704,0.0,-5.803483621527801e-07
7.097000000000705,0.0,-5.756498557656015e-07
7.098000000000705,0.0,-5.711499055376777e-07
7.099000000000705,0.0,-5.668615154296104e-07
7.100000000000706,0.0,-5.627980145433787e-07
7.101000000000706,0.0,-5.589729976235256e-07
7.102000000000706,0.0,-5.554002633083792e-07
7.103000000000707,0.0,-5.52093750593358e-07
7.104000000000707,0.0,-5.490674737251443e-07
7.105000000000707,0.0,-5.463354543445257e-07
7.106000000000708,0.0,-5.439116527656354e-07
7.107000000000708,0.0,-5.418098977210501e-07
7.108000000000708,0.0,-5.40043814809019e-07
7.109000000000709,0.0,-5.386267533843205e-07
7.110000000000709,0.0,-5.375717132313671e-07
7.111000000000709,0.0,-5.368912701806566e-07
7.11200000000071,0.0,-5.365975009933457e-07
7.11300000000071,0.0,-5.367019086669216e-07
7.11400000000071,0.0,-5.372153472477391e-07
7.115000000000711,0.0,-5.381479475672576e-07
7.116000000000711,0.0,-5.395090427959235e-07
7.117000000000711,0.0,-5.413070963816254e-07
7.118000000000712,0.0,-5.435496303919576e-07
7.119000000000712,0.0,-5.462431562027721e-07
7.120000000000712,0.0,-5.49393106844365e-07
7.121000000000713,0.0,-5.530037731951643e-07
7.122000000000713,0.0,-5.570782421812911e-07
7.123000000000713,0.0,-5.616183389162386e-07
7.124000000000714,0.0,-5.666245727481535e-07
7.125000000000714,0.0,-5.720960882693131e-07
7.126000000000714,0.0,-5.780306198919621e-07
7.127000000000715,0.0,-5.844244534844231e-07
7.128000000000715,0.0,-5.912723920131865e-07
7.129000000000715,0.0,-5.985677283440654e-07
7.130000000000716,0.0,-6.06302223769943e-07
7.131000000000716,0.0,-6.144660939371519e-07
7.132000000000716,0.0,-6.230480012607852e-07
7.133000000000717,0.0,-6.320350548975294e-07
7.134000000000717,0.0,-6.414128188366571e-07
7.135000000000717,0.0,-6.511653263432918e-07
7.136000000000718,0.0,-6.612751038222284e-07
7.137000000000718,0.0,-6.717232021388392e-07
7.138000000000718,0.0,-6.824892356358087e-07
7.139000000000719,0.0,-6.935514297084728e-07
7.140000000000719,0.0,-7.048866760521142e-07
7.141000000000719,0.0,-7.164705969618172e-07
7.14200000000072,0.0,-7.282776150164404e-07
7.14300000000072,0.0,-7.402810335769245e-07
7.14400000000072,0.0,-7.524531216594012e-07
7.145000000000721,0.0,-7.647652078262862e-07
7.146000000000721,0.0,-7.77187780049296e-07
7.147000000000721,0.0,-7.896905914398344e-07
7.148000000000722,0.0,-8.022427730429455e-07
7.149000000000722,0.0,-8.148129502692502e-07
7.1500000000007224,0.0,-8.27369365987051e-07
7.151000000000723,0.0,-8.398800058298289e-07
7.152000000000723,0.0,-8.523127286672221e-07
7.1530000000007234,0.0,-8.646353988723586e-07
7.154000000000724,0.0,-8.76816022024649e-07
7.155000000000724,0.0,-8.888228802766896e-07
7.1560000000007244,0.0,-9.006246703588903e-07
7.157000000000725,0.0,-9.121906395465327e-07
7.158000000000725,0.0,-9.234907232231311e-07
7.1590000000007254,0.0,-9.344956780368831e-07
7.160000000000726,0.0,-9.45177214994555e-07
7.161000000000726,0.0,-9.555081275976965e-07
7.1620000000007265,0.0,-9.654624170719282e-07
7.163000000000727,0.0,-9.750154123446556e-07
7.164000000000727,0.0,-9.841438838285804e-07
7.1650000000007275,0.0,-9.928261525118087e-07
7.166000000000728,0.0,-1.001042189782175e-06
7.167000000000728,0.0,-1.008773711631173e-06
7.1680000000007285,0.0,-1.016004262606661e-06
7.169000000000729,0.0,-1.0227192926394322e-06
7.170000000000729,0.0,-1.0289062225705514e-06
7.1710000000007295,0.0,-1.034554500719979e-06
7.17200000000073,0.0,-1.0396556491924467e-06
7.17300000000073,0.0,-1.044203297874778e-06
7.1740000000007305,0.0,-1.0481932095411859e-06
7.175000000000731,0.0,-1.0516232906569058e-06
7.176000000000731,0.0,-1.0544935938833744e-06
7.1770000000007315,0.0,-1.0568063061549634e-06
7.178000000000732,0.0,-1.0585657266691373e-06
7.179000000000732,0.0,-1.0597782323457815e-06
7.1800000000007325,0.0,-1.060452232342941e-06
7.181000000000733,0.0,-1.0605981109526634e-06
7.182000000000733,0.0,-1.0602281594095978e-06
7.1830000000007335,0.0,-1.0593564968700235e-06
7.184000000000734,0.0,-1.0579989813104821e-06
7.185000000000734,0.0,-1.0561731103435384e-06
7.1860000000007345,0.0,-1.053897912969041e-06
7.187000000000735,0.0,-1.051193832008972e-06
7.188000000000735,0.0,-1.0480825990815037e-06
7.1890000000007355,0.0,-1.044587101603847e-06
7.190000000000736,0.0,-1.0407312442862617e-06
7.191000000000736,0.0,-1.0365398029080057e-06
7.1920000000007365,0.0,-1.0320382745730292e-06
7.193000000000737,0.0,-1.0272527240914098e-06
7.194000000000737,0.0,-1.0222096256570943e-06
7.1950000000007375,0.0,-1.0169357035527533e-06
7.196000000000738,0.0,-1.011457771948022e-06
7.197000000000738,0.0,-1.005802573002238e-06
7.1980000000007385,0.0,-9.999966177522663e-07
7.199000000000739,0.0,-9.940660275142426e-07
7.200000000000739,0.0,-9.880363795761464e-07
7.2010000000007395,0.0,-9.819325565748703e-07
7.20200000000074,0.0,-9.757786018559173e-07
7.20300000000074,0.0,-9.695975815669465e-07
7.2040000000007405,0.0,-9.634114550794143e-07
7.205000000000741,0.0,-9.572409540842281e-07
7.206000000000741,0.0,-9.511054739060906e-07
7.2070000000007415,0.0,-9.450229759458213e-07
7.208000000000742,0.0,-9.390099040905744e-07
7.209000000000742,0.0,-9.330811161704275e-07
7.2100000000007425,0.0,-9.272498326419074e-07
7.211000000000743,0.0,-9.215276021243234e-07
7.212000000000743,0.0,-9.159242882842602e-07
7.2130000000007435,0.0,-9.104480761187198e-07
7.214000000000744,0.0,-9.051055026624932e-07
7.215000000000744,0.0,-8.999015112085928e-07
7.2160000000007445,0.0,-8.948395314298163e-07
7.217000000000745,0.0,-8.899215883136717e-07
7.218000000000745,0.0,-8.851484387958646e-07
7.2190000000007455,0.0,-8.805197401556507e-07
7.220000000000746,0.0,-8.760342516688103e-07
7.221000000000746,0.0,-8.716900688732239e-07
7.2220000000007465,0.0,-8.674848953080839e-07
7.223000000000747,0.0,-8.634163509610111e-07
7.224000000000747,0.0,-8.594823204829241e-07
7.2250000000007475,0.0,-8.556822516231567e-07
7.226000000000748,0.0,-8.51855738779154e-07
7.227000000000748,0.0,-8.479993244627539e-07
7.2280000000007485,0.0,-8.441094734260588e-07
7.229000000000749,0.0,-8.401828321196756e-07
7.230000000000749,0.0,-8.362164536153241e-07
7.2310000000007495,0.0,-8.322079893965762e-07
7.23200000000075,0.0,-8.281558515441557e-07
7.23300000000075,0.0,-8.240593452266824e-07
7.2340000000007505,0.0,-8.199187751788868e-07
7.235000000000751,0.0,-8.157355272682007e-07
7.236000000000751,0.0,-8.11512126183736e-07
7.2370000000007515,0.0,-8.072522724951029e-07
7.238000000000752,0.0,-8.029608592512757e-07
7.239000000000752,0.0,-7.986439705293915e-07
7.2400000000007525,0.0,-7.943088631871027e-07
7.241000000000753,0.0,-7.899639336230647e-07
7.242000000000753,0.0,-7.856186706168277e-07
7.2430000000007535,0.0,-7.812835958323917e-07
7.244000000000754,0.0,-7.769701928564323e-07
7.245000000000754,0.0,-7.726908278171558e-07
7.2460000000007545,0.0,-7.684586597673638e-07
7.247000000000755,0.0,-7.642875452784598e-07
7.248000000000755,0.0,-7.601919359026626e-07
7.2490000000007555,0.0,-7.561867713557113e-07
7.250000000000756,0.0,-7.522873677220406e-07
7.251000000000756,0.0,-7.485093035253475e-07
7.2520000000007565,0.0,-7.448683034804473e-07
7.253000000000757,0.0,-7.41380120282789e-07
7.254000000000757,0.0,-7.380604176294621e-07
7.2550000000007575,0.0,-7.349246521771715e-07
7.256000000000758,0.0,-7.319879578784528e-07
7.257000000000758,0.0,-7.292650317883854e-07
7.2580000000007585,0.0,-7.267700231056582e-07
7.259000000000759,0.0,-7.245164249010645e-07
7.260000000000759,0.0,-7.225169711681367e-07
7.2610000000007595,0.0,-7.207835375328351e-07
7.26200000000076,0.0,-7.193270480997873e-07
7.26300000000076,0.0,-7.181573873528763e-07
7.2640000000007605,0.0,-7.172833194017226e-07
7.265000000000761,0.0,-7.167124137591592e-07
7.266000000000761,0.0,-7.164509777855917e-07
7.2670000000007615,0.0,-7.165039990778679e-07
7.268000000000762,0.0,-7.16875092552142e-07
7.269000000000762,0.0,-7.175664594415928e-07
7.2700000000007625,0.0,-7.185788527108828e-07
7.271000000000763,0.0,-7.199115523804738e-07
7.272000000000763,0.0,-7.215623497102189e-07
7.2730000000007635,0.0,-7.235275404813589e-07
7.274000000000764,0.0,-7.258019274428636e-07
7.275000000000764,0.0,-7.283788318045969e-07
7.2760000000007645,0.0,-7.312501145698727e-07
7.277000000000765,0.0,-7.34406205978068e-07
7.278000000000765,0.0,-7.378361436612059e-07
7.2790000000007655,0.0,-7.415276199224592e-07
7.280000000000766,0.0,-7.454670369304218e-07
7.281000000000766,0.0,-7.496395691202963e-07
7.2820000000007665,0.0,-7.540292336350076e-07
7.283000000000767,0.0,-7.586189669516704e-07
7.284000000000767,0.0,-7.633907088683053e-07
7.2850000000007675,0.0,-7.683254908046392e-07
7.286000000000768,0.0,-7.734035302215767e-07
7.287000000000768,0.0,-7.786043293448259e-07
7.2880000000007685,0.0,-7.83906777222879e-07
7.289000000000769,0.0,-7.892892558160313e-07
7.290000000000769,0.0,-7.947297475027451e-07
7.2910000000007695,0.0,-8.002059446240938e-07
7.29200000000077,0.0,-8.056953608037724e-07
7.29300000000077,0.0,-8.111754406208673e-07
7.2940000000007705,0.0,-8.166236711844596e-07
7.295000000000771,0.0,-8.220176902035602e-07
7.296000000000771,0.0,-8.273353945904154e-07
7.2970000000007715,0.0,-8.325550431768891e-07
7.298000000000772,0.0,-8.376553606642942e-07
7.299000000000772,0.0,-8.426156337741777e-07
7.3000000000007725,0.0,-8.474158052630054e-07
7.301000000000773,0.0,-8.520365618390674e-07
7.302000000000773,0.0,-8.564594182245725e-07
7.3030000000007735,0.0,-8.60666793297577e-07
7.304000000000774,0.0,-8.646420816913207e-07
7.305000000000774,0.0,-8.683697181045795e-07
7.3060000000007745,0.0,-8.718352340979739e-07
7.307000000000775,0.0,-8.750253090008855e-07
7.308000000000775,0.0,-8.779278123736861e-07
7.3090000000007755,0.0,-8.805318393188289e-07
7.310000000000776,0.0,-8.828277383012533e-07
7.311000000000776,0.0,-8.848071315138686e-07
7.3120000000007765,0.0,-8.864629266621022e-07
7.313000000000777,0.0,-8.87789322659516e-07
7.314000000000777,0.0,-8.88781806585966e-07
7.3150000000007775,0.0,-8.894371446878332e-07
7.316000000000778,0.0,-8.897533650148644e-07
7.317000000000778,0.0,-8.897297345052606e-07
7.3180000000007785,0.0,-8.893667292539183e-07
7.319000000000779,0.0,-8.886659985153606e-07
7.320000000000779,0.0,-8.876303231543981e-07
7.3210000000007796,0.0,-8.862635694977036e-07
7.32200000000078,0.0,-8.845706373569159e-07
7.32300000000078,0.0,-8.825574049597351e-07
7.3240000000007806,0.0,-8.802306688060352e-07
7.325000000000781,0.0,-8.775980817342105e-07
7.326000000000781,0.0,-8.746680869153212e-07
7.3270000000007816,0.0,-8.71449850600206e-07
7.328000000000782,0.0,-8.679531931378532e-07
7.329000000000782,0.0,-8.641885181457602e-07
7.330000000000783,0.0,-8.601667420717529e-07
7.331000000000783,0.0,-8.558992230107547e-07
7.332000000000783,0.0,-8.513976906713415e-07
7.333000000000784,0.0,-8.466741763994599e-07
7.334000000000784,0.0,-8.41740945121371e-07
7.335000000000784,0.0,-8.366104293446901e-07
7.336000000000785,0.0,-8.312951646964517e-07
7.337000000000785,0.0,-8.258077282409622e-07
7.338000000000785,0.0,-8.201606799997715e-07
7.339000000000786,0.0,-8.143665071138435e-07
7.340000000000786,0.0,-8.08437571955109e-07
7.341000000000786,0.0,-8.023860627032171e-07
7.342000000000787,0.0,-7.962239490478997e-07
7.343000000000787,0.0,-7.899629405143436e-07
7.344000000000787,0.0,-7.836144490705927e-07
7.345000000000788,0.0,-7.771895555303299e-07
7.346000000000788,0.0,-7.70698979862077e-07
7.347000000000788,0.0,-7.6415305517152e-07
7.348000000000789,0.0,-7.575617051052e-07
7.349000000000789,0.0,-7.509344250496842e-07
7.350000000000789,0.0,-7.44280266381585e-07
7.35100000000079,0.0,-7.376078246945373e-07
7.35200000000079,0.0,-7.30925229639252e-07
7.35300000000079,0.0,-7.242401390685964e-07
7.354000000000791,0.0,-7.17559734624565e-07
7.355000000000791,0.0,-7.108907207011252e-07
7.356000000000791,0.0,-7.042393245566453e-07
7.357000000000792,0.0,-6.976112999559414e-07
7.358000000000792,0.0,-6.91011931641478e-07
7.359000000000792,0.0,-6.844460424145043e-07
7.360000000000793,0.0,-6.779180017284424e-07
7.361000000000793,0.0,-6.714317362345583e-07
7.362000000000793,0.0,-6.649907429948378e-07
7.363000000000794,0.0,-6.585981035556587e-07
7.364000000000794,0.0,-6.522565014036689e-07
7.365000000000794,0.0,-6.459682417164497e-07
7.366000000000795,0.0,-6.397352736801019e-07
7.367000000000795,0.0,-6.335592162277567e-07
7.368000000000795,0.0,-6.274413879659064e-07
7.369000000000796,0.0,-6.213828407107775e-07
7.370000000000796,0.0,-6.153843982295055e-07
7.371000000000796,0.0,-6.094467003852609e-07
7.372000000000797,0.0,-6.035702531366512e-07
7.373000000000797,0.0,-5.977554854285501e-07
7.374000000000797,0.0,-5.920028134017284e-07
7.375000000000798,0.0,-5.863127126712514e-07
7.376000000000798,0.0,-5.806852580125908e-07
7.377000000000798,0.0,-5.751194804802819e-07
7.378000000000799,0.0,-5.696138250230129e-07
7.379000000000799,0.0,-5.64166765542426e-07
7.380000000000799,0.0,-5.587768802218966e-07
7.3810000000008,0.0,-5.534429147299104e-07
7.3820000000008,0.0,-5.481638345553598e-07
7.3830000000008,0.0,-5.429388673859823e-07
7.384000000000801,0.0,-5.377675373483635e-07
7.385000000000801,0.0,-5.3264969153809e-07
7.386000000000801,0.0,-5.275855206412149e-07
7.387000000000802,0.0,-5.225755740063631e-07
7.388000000000802,0.0,-5.176207702070216e-07
7.389000000000802,0.0,-5.127224049406877e-07
7.390000000000803,0.0,-5.078821549933779e-07
7.391000000000803,0.0,-5.031020812580056e-07
7.392000000000803,0.0,-4.983846293284146e-07
7.393000000000804,0.0,-4.937326293220435e-07
7.394000000000804,0.0,-4.89149294661219e-07
7.395000000000804,0.0,-4.846382200504844e-07
7.396000000000805,0.0,-4.802033794150937e-07
7.397000000000805,0.0,-4.758491227942238e-07
7.398000000000805,0.0,-4.7158017342506595e-07
7.399000000000806,0.0,-4.674016227217156e-07
7.400000000000806,0.0,-4.633189266253803e-07
7.401000000000806,0.0,-4.5933789891534497e-07
7.402000000000807,0.0,-4.5546470455001216e-07
7.403000000000807,0.0,-4.5170585099220486e-07
7.404000000000807,0.0,-4.480681778062668e-07
7.405000000000808,0.0,-4.4455884373315973e-07
7.406000000000808,0.0,-4.4118531267067633e-07
7.407000000000808,0.0,-4.3795533490315095e-07
7.408000000000809,0.0,-4.3487692761030345e-07
7.409000000000809,0.0,-4.319583504457238e-07
7.410000000000809,0.0,-4.2920807867295167e-07
7.41100000000081,0.0,-4.266347725888749e-07
7.41200000000081,0.0,-4.242472431211707e-07
7.41300000000081,0.0,-4.2205441381328505e-07
7.414000000000811,0.0,-4.2006527921409605e-07
7.415000000000811,0.0,-4.182888596228151e-07
7.416000000000811,0.0,-4.167341516437805e-07
7.417000000000812,0.0,-4.154100764454761e-07
7.418000000000812,0.0,-4.1432542382270245e-07
7.419000000000812,0.0,-4.134887940159053e-07
7.420000000000813,0.0,-4.129085363950446e-07
7.421000000000813,0.0,-4.1259268632501096e-07
7.422000000000813,0.0,-4.1254890015954226e-07
7.423000000000814,0.0,-4.127843888602458e-07
7.424000000000814,0.0,-4.1330585067041516e-07
7.425000000000814,0.0,-4.141194036886929e-07
7.426000000000815,0.0,-4.1523051871824177e-07
7.427000000000815,0.0,-4.166439525266455e-07
7.428000000000815,0.0,-4.183636832761787e-07
7.429000000000816,0.0,-4.2039284744409903e-07
7.430000000000816,0.0,-4.2273367932169674e-07
7.431000000000816,0.0,-4.2538745456843714e-07
7.432000000000817,0.0,-4.2835443602108815e-07
7.433000000000817,0.0,-4.316338260027639e-07
7.434000000000817,0.0,-4.352237215331601e-07
7.435000000000818,0.0,-4.3912107650266447e-07
7.436000000000818,0.0,-4.433216689118533e-07
7.437000000000818,0.0,-4.478200749054512e-07
7.438000000000819,0.0,-4.5260964929807807e-07
7.439000000000819,0.0,-4.5768251401869584e-07
7.440000000000819,0.0,-4.630295526693272e-07
7.44100000000082,0.0,-4.686404139799409e-07
7.44200000000082,0.0,-4.745035225066824e-07
7.44300000000082,0.0,-4.806060978422726e-07
7.444000000000821,0.0,-4.869341810882759e-07
7.445000000000821,0.0,-4.934726700321522e-07
7.446000000000821,0.0,-5.002053624805472e-07
7.447000000000822,0.0,-5.071150069771675e-07
7.448000000000822,0.0,-5.141833612059893e-07
7.449000000000822,0.0,-5.213912582809315e-07
7.450000000000823,0.0,-5.287186801863096e-07
7.451000000000823,0.0,-5.361448373918372e-07
7.452000000000823,0.0,-5.436482553067542e-07
7.453000000000824,0.0,-5.512068664475285e-07
7.454000000000824,0.0,-5.587981078210606e-07
7.455000000000824,0.0,-5.663990236138986e-07
7.456000000000825,0.0,-5.73986371050334e-07
7.457000000000825,0.0,-5.815367304931117e-07
7.458000000000825,0.0,-5.890266181278383e-07
7.459000000000826,0.0,-5.964326002960188e-07
7.460000000000826,0.0,-6.03731409930954e-07
7.461000000000826,0.0,-6.109000625377595e-07
7.462000000000827,0.0,-6.179159728452152e-07
7.463000000000827,0.0,-6.24757069730776e-07
7.464000000000827,0.0,-6.314019097258217e-07
7.465000000000828,0.0,-6.378297878182986e-07
7.466000000000828,0.0,-6.440208448953326e-07
7.467000000000828,0.0,-6.499561707249578e-07
7.468000000000829,0.0,-6.556179027886699e-07
7.469000000000829,0.0,-6.609893190987832e-07
7.470000000000829,0.0,-6.660549243575218e-07
7.47100000000083,0.0,-6.708005303245843e-07
7.47200000000083,0.0,-6.752133281476886e-07
7.47300000000083,0.0,-6.792819522806928e-07
7.474000000000831,0.0,-6.829965368314848e-07
7.475000000000831,0.0,-6.863487627127769e-07
7.476000000000831,0.0,-6.893318954883208e-07
7.477000000000832,0.0,-6.919408134989485e-07
7.478000000000832,0.0,-6.941720268556305e-07
7.479000000000832,0.0,-6.96023685711793e-07
7.480000000000833,0.0,-6.974955796173163e-07
7.481000000000833,0.0,-6.985891256293821e-07
7.482000000000833,0.0,-6.99307347671198e-07
7.483000000000834,0.0,-6.996548447428123e-07
7.484000000000834,0.0,-6.996377509325209e-07
7.485000000000834,0.0,-6.992636843469976e-07
7.486000000000835,0.0,-6.985416889624726e-07
7.487000000000835,0.0,-6.974821651528782e-07
7.488000000000835,0.0,-6.960967948518613e-07
7.489000000000836,0.0,-6.943984558675285e-07
7.490000000000836,0.0,-6.924011317302897e-07
7.491000000000836,0.0,-6.901198122517613e-07
7.492000000000837,0.0,-6.875703903082535e-07
7.493000000000837,0.0,-6.847695508528174e-07
7.494000000000837,0.0,-6.817346571532162e-07
7.495000000000838,0.0,-6.784836320044761e-07
7.496000000000838,0.0,-6.750348353229813e-07
7.497000000000838,0.0,-6.714069404654033e-07
7.498000000000839,0.0,-6.676188072300371e-07
7.499000000000839,0.0,-6.636893558658448e-07
7.500000000000839,0.0,-6.596374388997726e-07
7.50100000000084,0.0,-6.554817160947804e-07
7.50200000000084,0.0,-6.512405295184733e-07
7.50300000000084,0.0,-6.469317817887276e-07
7.504000000000841,0.0,-6.425728186706179e-07
7.505000000000841,0.0,-6.381803154275214e-07
7.506000000000841,0.0,-6.33770168838899e-07
7.507000000000842,0.0,-6.293573970418299e-07
7.508000000000842,0.0,-6.249560456367554e-07
7.509000000000842,0.0,-6.205791035166999e-07
7.510000000000843,0.0,-6.162384287662036e-07
7.511000000000843,0.0,-6.119446849154686e-07
7.512000000000843,0.0,-6.077072902673254e-07
7.513000000000844,0.0,-6.035343806550089e-07
7.514000000000844,0.0,-5.994327863801651e-07
7.515000000000844,0.0,-5.954080260054235e-07
7.516000000000845,0.0,-5.914643168123399e-07
7.517000000000845,0.0,-5.876046046849666e-07
7.518000000000845,0.0,-5.838306130043384e-07
7.519000000000846,0.0,-5.801429146131036e-07
7.520000000000846,0.0,-5.765410248766953e-07
7.521000000000846,0.0,-5.730235202871794e-07
7.522000000000847,0.0,-5.695881828698047e-07
7.523000000000847,0.0,-5.662321718034222e-07
7.524000000000847,0.0,-5.629522234990791e-07
7.525000000000848,0.0,-5.59744883630084e-07
7.526000000000848,0.0,-5.566090241708267e-07
7.527000000000848,0.0,-5.53450372259444e-07
7.528000000000849,0.0,-5.502707724942309e-07
7.529000000000849,0.0,-5.470720468824199e-07
7.530000000000849,0.0,-5.438562936400859e-07
7.53100000000085,0.0,-5.406261416644438e-07
7.53200000000085,0.0,-5.373849634281999e-07
7.53300000000085,0.0,-5.341370502463802e-07
7.534000000000851,0.0,-5.30887752063619e-07
7.535000000000851,0.0,-5.276435829678519e-07
7.536000000000851,0.0,-5.244122971932354e-07
7.537000000000852,0.0,-5.212029358928274e-07
7.538000000000852,0.0,-5.180258477922474e-07
7.539000000000852,0.0,-5.148926858465384e-07
7.540000000000853,0.0,-5.118163816132584e-07
7.541000000000853,0.0,-5.08811100647435e-07
7.542000000000853,0.0,-5.058921781627077e-07
7.543000000000854,0.0,-5.030760396489999e-07
7.544000000000854,0.0,-5.003801068991509e-07
7.545000000000854,0.0,-4.978226918995216e-07
7.546000000000855,0.0,-4.95422877683463e-07
7.547000000000855,0.0,-4.932003929902714e-07
7.548000000000855,0.0,-4.911754763418656e-07
7.549000000000856,0.0,-4.893687352691261e-07
7.550000000000856,0.0,-4.878010006834748e-07
7.551000000000856,0.0,-4.864931765015401e-07
7.552000000000857,0.0,-4.854660891695905e-07
7.553000000000857,0.0,-4.84740333964084e-07
7.554000000000857,0.0,-4.843361238080984e-07
7.555000000000858,0.0,-4.842731374960439e-07
7.556000000000858,0.0,-4.84570372270537e-07
7.557000000000858,0.0,-4.852459986768212e-07
7.558000000000859,0.0,-4.86317221047459e-07
7.559000000000859,0.0,-4.878001425631122e-07
7.560000000000859,0.0,-4.897096375571811e-07
7.56100000000086,0.0,-4.920592305682905e-07
7.56200000000086,0.0,-4.94860983524932e-07
7.56300000000086,0.0,-4.981253915907955e-07
7.564000000000861,0.0,-5.018612887344419e-07
7.565000000000861,0.0,-5.060757623087265e-07
7.566000000000861,0.0,-5.107740790595336e-07
7.567000000000862,0.0,-5.159596212453713e-07
7.568000000000862,0.0,-5.216338341418219e-07
7.569000000000862,0.0,-5.277961850053521e-07
7.570000000000863,0.0,-5.344441343473206e-07
7.571000000000863,0.0,-5.415731176370375e-07
7.572000000000863,0.0,-5.49176540116053e-07
7.573000000000864,0.0,-5.572457828985098e-07
7.574000000000864,0.0,-5.657702208004727e-07
7.575000000000864,0.0,-5.747372523469125e-07
7.576000000000865,0.0,-5.841323397417743e-07
7.577000000000865,0.0,-5.939390617368764e-07
7.578000000000865,0.0,-6.041391750536501e-07
7.579000000000866,0.0,-6.147126879265527e-07
7.580000000000866,0.0,-6.25637941505314e-07
7.581000000000866,0.0,-6.36891701812193e-07
7.582000000000867,0.0,-6.484492587496282e-07
7.583000000000867,0.0,-6.602845346930972e-07
7.584000000000867,0.0,-6.723701975443963e-07
7.585000000000868,0.0,-6.84677782918984e-07
7.586000000000868,0.0,-6.97177819553091e-07
7.587000000000868,0.0,-7.098399606597044e-07
7.588000000000869,0.0,-7.2263311837095e-07
7.589000000000869,0.0,-7.355256023346436e-07
7.590000000000869,0.0,-7.484852585569946e-07
7.59100000000087,0.0,-7.614796117120574e-07
7.59200000000087,0.0,-7.744760060853938e-07
7.59300000000087,0.0,-7.874417475459867e-07
7.594000000000871,0.0,-8.003442431290559e-07
7.595000000000871,0.0,-8.131511393082433e-07
7.596000000000871,0.0,-8.258304575576298e-07
7.597000000000872,0.0,-8.383507256533823e-07
7.598000000000872,0.0,-8.506811056436726e-07
7.599000000000872,0.0,-8.627915163068717e-07
7.600000000000873,0.0,-8.746527504042761e-07
7.601000000000873,0.0,-8.862365855352849e-07
7.602000000000873,0.0,-8.975158887605023e-07
7.603000000000874,0.0,-9.084647139332319e-07
7.604000000000874,0.0,-9.190583913005639e-07
7.605000000000874,0.0,-9.292736095098959e-07
7.606000000000875,0.0,-9.390884894635358e-07
7.607000000000875,0.0,-9.4848264971761e-07
7.608000000000875,0.0,-9.574372629543668e-07
7.609000000000876,0.0,-9.65935104101692e-07
7.610000000000876,0.0,-9.739605894535734e-07
7.611000000000876,0.0,-9.814998070673091e-07
7.612000000000877,0.0,-9.88540538495088e-07
7.613000000000877,0.0,-9.950722711748665e-07
7.614000000000877,0.0,-1.0010862038317744e-06
7.615000000000878,0.0,-1.006575241581367e-06
7.616000000000878,0.0,-1.011533984250868e-06
7.617000000000878,0.0,-1.0159587072779027e-06
7.618000000000879,0.0,-1.0198473340786183e-06
7.619000000000879,0.0,-1.023199401987795e-06
7.620000000000879,0.0,-1.0260160220557933e-06
7.62100000000088,0.0,-1.0282998315555413e-06
7.62200000000088,0.0,-1.0300549422546733e-06
7.62300000000088,0.0,-1.031286882085129e-06
7.624000000000881,0.0,-1.0320025332496852e-06
7.625000000000881,0.0,-1.0322100658565426e-06
7.626000000000881,0.0,-1.0319188673334732e-06
7.627000000000882,0.0,-1.031139470149757e-06
7.628000000000882,0.0,-1.0298834752542888e-06
7.629000000000882,0.0,-1.0281634753198082e-06
7.630000000000883,0.0,-1.0259929746776256e-06
7.631000000000883,0.0,-1.0233863100924843e-06
7.632000000000883,0.0,-1.020358569142973e-06
7.633000000000884,0.0,-1.016925510176422e-06
7.634000000000884,0.0,-1.0131034813376334e-06
7.635000000000884,0.0,-1.0089093408119162e-06
7.636000000000885,0.0,-1.0043603784454382e-06
7.637000000000885,0.0,-9.994742381913035e-07
7.638000000000885,0.0,-9.942688421177679e-07
7.639000000000886,0.0,-9.887623168829368e-07
7.640000000000886,0.0,-9.829729222276865e-07
7.641000000000886,0.0,-9.769189806507836e-07
7.642000000000887,0.0,-9.706188108294239e-07
7.643000000000887,0.0,-9.64090662588941e-07
7.644000000000887,0.0,-9.573526547364273e-07
7.645000000000888,0.0,-9.504227149387137e-07
7.646000000000888,0.0,-9.433185225325958e-07
7.647000000000888,0.0,-9.360574535844079e-07
7.648000000000889,0.0,-9.286565280948075e-07
7.649000000000889,0.0,-9.21132360055535e-07
7.650000000000889,0.0,-9.135011093342215e-07
7.65100000000089,0.0,-9.057784356284597e-07
7.65200000000089,0.0,-8.979794552550759e-07
7.65300000000089,0.0,-8.901186993696112e-07
7.654000000000891,0.0,-8.822100743716586e-07
7.655000000000891,0.0,-8.742668248618924e-07
7.656000000000891,0.0,-8.663014985287154e-07
7.657000000000892,0.0,-8.583259132753555e-07
7.658000000000892,0.0,-8.503511271059091e-07
7.659000000000892,0.0,-8.423874105959576e-07
7.660000000000893,0.0,-8.344442226286422e-07
7.661000000000893,0.0,-8.265301896747667e-07
7.662000000000893,0.0,-8.186530888071803e-07
7.663000000000894,0.0,-8.108198359535987e-07
7.664000000000894,0.0,-8.030364784309465e-07
7.665000000000894,0.0,-7.95308194874023e-07
7.666000000000895,0.0,-7.876393010626102e-07
7.667000000000895,0.0,-7.800332644049979e-07
7.668000000000895,0.0,-7.724927272689453e-07
7.669000000000896,0.0,-7.65019540632519e-07
7.670000000000896,0.0,-7.576148090971544e-07
7.671000000000896,0.0,-7.50278949232669e-07
7.672000000000897,0.0,-7.43011762194277e-07
7.673000000000897,0.0,-7.358125213867277e-07
7.674000000000897,0.0,-7.286800789071202e-07
7.675000000000898,0.0,-7.216129897116713e-07
7.676000000000898,0.0,-7.146096566753659e-07
7.677000000000898,0.0,-7.07669025258327e-07
7.678000000000899,0.0,-7.007911344071576e-07
7.679000000000899,0.0,-6.939765237842694e-07
7.680000000000899,0.0,-6.872258175122154e-07
7.6810000000009,0.0,-6.805398699621321e-07
7.6820000000009,0.0,-6.739198899851834e-07
7.6830000000009,0.0,-6.673675447847489e-07
7.684000000000901,0.0,-6.608850456627533e-07
7.685000000000901,0.0,-6.544752161051774e-07
7.6860000000009014,0.0,-6.481415452031579e-07
7.687000000000902,0.0,-6.418882263117067e-07
7.688000000000902,0.0,-6.35720183513077e-07
7.6890000000009024,0.0,-6.296430867679274e-07
7.690000000000903,0.0,-6.236633562985607e-07
7.691000000000903,0.0,-6.177881587327768e-07
7.6920000000009034,0.0,-6.120253947544667e-07
7.693000000000904,0.0,-6.063836792777755e-07
7.694000000000904,0.0,-6.00872316748084e-07
7.6950000000009044,0.0,-5.955012683829728e-07
7.696000000000905,0.0,-5.902811171947062e-07
7.697000000000905,0.0,-5.852230262145496e-07
7.6980000000009055,0.0,-5.803386946019276e-07
7.699000000000906,0.0,-5.756403089126099e-07
7.700000000000906,0.0,-5.71140491821997e-07
7.7010000000009065,0.0,-5.66852248057969e-07
7.702000000000907,0.0,-5.627889072304551e-07
7.703000000000907,0.0,-5.589640646189121e-07
7.7040000000009075,0.0,-5.553915193607685e-07
7.705000000000908,0.0,-5.520852111293971e-07
7.706000000000908,0.0,-5.490591545670566e-07
7.7070000000009085,0.0,-5.463273717199895e-07
7.708000000000909,0.0,-5.439038234065756e-07
7.709000000000909,0.0,-5.418023387829587e-07
7.7100000000009095,0.0,-5.400365435523534e-07
7.71100000000091,0.0,-5.386197875441472e-07
7.71200000000091,0.0,-5.375650706580088e-07
7.7130000000009105,0.0,-5.368849688545113e-07
7.714000000000911,0.0,-5.365915591018611e-07
7.715000000000911,0.0,-5.366963443761403e-07
7.7160000000009115,0.0,-5.372101787084738e-07
7.717000000000912,0.0,-5.381431926578218e-07
7.718000000000912,0.0,-5.395047193884565e-07
7.7190000000009125,0.0,-5.413032221449215e-07
7.720000000000913,0.0,-5.435462225733018e-07
7.721000000000913,0.0,-5.462402315423222e-07
7.7220000000009135,0.0,-5.493906818521771e-07
7.723000000000914,0.0,-5.530018638317695e-07
7.724000000000914,0.0,-5.570768636629935e-07
7.7250000000009145,0.0,-5.616175058526003e-07
7.726000000000915,0.0,-5.666242989954541e-07
7.727000000000915,0.0,-5.720963868613962e-07
7.7280000000009155,0.0,-5.78031502970258e-07
7.729000000000916,0.0,-5.844259323407581e-07
7.730000000000916,0.0,-5.912744769218386e-07
7.7310000000009165,0.0,-5.985704283625349e-07
7.732000000000917,0.0,-6.063055469093675e-07
7.733000000000917,0.0,-6.144700472207576e-07
7.7340000000009175,0.0,-6.230525901690105e-07
7.735000000000918,0.0,-6.320402840282779e-07
7.736000000000918,0.0,-6.414186909865414e-07
7.7370000000009185,0.0,-6.511718432823196e-07
7.738000000000919,0.0,-6.612822659949598e-07
7.739000000000919,0.0,-6.717310083408457e-07
7.7400000000009195,0.0,-6.824976832392461e-07
7.74100000000092,0.0,-6.935605145731694e-07
7.74200000000092,0.0,-7.048963928910979e-07
7.7430000000009205,0.0,-7.164809384381998e-07
7.744000000000921,0.0,-7.282885726629985e-07
7.745000000000921,0.0,-7.402925971020919e-07
7.7460000000009215,0.0,-7.524652793934753e-07
7.747000000000922,0.0,-7.647779465394879e-07
7.748000000000922,0.0,-7.772010846199957e-07
7.7490000000009225,0.0,-7.897044457337936e-07
7.750000000000923,0.0,-8.02257158972331e-07
7.751000000000923,0.0,-8.14827848569791e-07
7.7520000000009235,0.0,-8.273847555857754e-07
7.753000000000924,0.0,-8.398958641356744e-07
7.754000000000924,0.0,-8.52329031742274e-07
7.7550000000009245,0.0,-8.646521215619245e-07
7.756000000000925,0.0,-8.768331374978805e-07
7.757000000000925,0.0,-8.888403603715279e-07
7.7580000000009255,0.0,-9.006424854338789e-07
7.759000000000926,0.0,-9.122087591838821e-07
7.760000000000926,0.0,-9.23509115183178e-07
7.7610000000009265,0.0,-9.345143092682309e-07
7.762000000000927,0.0,-9.451960510635542e-07
7.763000000000927,0.0,-9.555271331437077e-07
7.7640000000009275,0.0,-9.65481555596567e-07
7.765000000000928,0.0,-9.750346463352826e-07
7.766000000000928,0.0,-9.841631751962742e-07
7.7670000000009285,0.0,-9.928454618924192e-07
7.768000000000929,0.0,-1.0010614773892196e-06
7.769000000000929,0.0,-1.0087929366490955e-06
7.7700000000009295,0.0,-1.0160233838453214e-06
7.77100000000093,0.0,-1.0227382681924555e-06
7.77200000000093,0.0,-1.0289250101569788e-06
7.7730000000009305,0.0,-1.0345730576554553e-06
7.774000000000931,0.0,-1.0396739322015158e-06
7.775000000000931,0.0,-1.0442212637116216e-06
7.7760000000009315,0.0,-1.048210814396876e-06
7.777000000000932,0.0,-1.0516404910649906e-06
7.778000000000932,0.0,-1.0545103460234004e-06
7.7790000000009325,0.0,-1.0568225664369893e-06
7.780000000000933,0.0,-1.0585814513072867e-06
7.781000000000933,0.0,-1.0597933779427562e-06
7.7820000000009335,0.0,-1.0604667558249837e-06
7.783000000000934,0.0,-1.0606119694098457e-06
7.784000000000934,0.0,-1.0602413103802555e-06
7.7850000000009345,0.0,-1.059368898297948e-06
7.786000000000935,0.0,-1.0580105916239535e-06
7.787000000000935,0.0,-1.0561838886846016e-06
7.7880000000009355,0.0,-1.0539078190066283e-06
7.789000000000936,0.0,-1.051202826049629e-06
7.790000000000936,0.0,-1.0480906420397535e-06
7.7910000000009365,0.0,-1.044594155584646e-06
7.792000000000937,0.0,-1.0407372716353694e-06
7.793000000000937,0.0,-1.0365447669833793e-06
7.7940000000009375,0.0,-1.0320421399255289e-06
7.795000000000938,0.0,-1.027255455636188e-06
7.796000000000938,0.0,-1.022211189341259e-06
7.7970000000009385,0.0,-1.0169360665862924e-06
7.798000000000939,0.0,-1.0114569018477936e-06
7.799000000000939,0.0,-1.0058004386990485e-06
7.8000000000009395,0.0,-9.99993188571263e-07
7.80100000000094,0.0,-9.940612741671476e-07
7.80200000000094,0.0,-9.88030273181063e-07
7.8030000000009405,0.0,-9.81925069188521e-07
7.804000000000941,0.0,-9.757697065024568e-07
7.805000000000941,0.0,-9.695872519899558e-07
7.8060000000009415,0.0,-9.633996653928381e-07
7.807000000000942,0.0,-9.572276793726596e-07
7.808000000000942,0.0,-9.510906898688148e-07
7.8090000000009425,0.0,-9.450066585773519e-07
7.810000000000943,0.0,-9.389920301337034e-07
7.811000000000943,0.0,-9.33061662559085e-07
7.8120000000009435,0.0,-9.272287768357129e-07
7.813000000000944,0.0,-9.215049219332448e-07
7.814000000000944,0.0,-9.158999617543863e-07
7.8150000000009445,0.0,-9.10422081354437e-07
7.816000000000945,0.0,-9.05077818134332e-07
7.817000000000945,0.0,-8.998721152204769e-07
7.8180000000009455,0.0,-8.948084025129917e-07
7.819000000000946,0.0,-8.898887050184225e-07
7.820000000000946,0.0,-8.851137795451782e-07
7.8210000000009465,0.0,-8.804832833494632e-07
7.822000000000947,0.0,-8.759959756111484e-07
7.823000000000947,0.0,-8.716499518831384e-07
7.8240000000009475,0.0,-8.674429154325386e-07
7.825000000000948,0.0,-8.633724866295797e-07
7.826000000000948,0.0,-8.5943655003174e-07
7.8270000000009485,0.0,-8.556345519472381e-07
7.828000000000949,0.0,-8.518061669941825e-07
7.829000000000949,0.0,-8.479479367257259e-07
7.8300000000009495,0.0,-8.440563249321979e-07
7.83100000000095,0.0,-8.401279773109228e-07
7.83200000000095,0.0,-8.361599460605537e-07
7.8330000000009505,0.0,-8.321498817186347e-07
7.834000000000951,0.0,-8.280961955683568e-07
7.835000000000951,0.0,-8.239981917567781e-07
7.8360000000009515,0.0,-8.198561743792649e-07
7.837000000000952,0.0,-8.15671528391592e-07
7.838000000000952,0.0,-8.114467778758207e-07
7.8390000000009525,0.0,-8.071856224226028e-07
7.840000000000953,0.0,-8.028929544405193e-07
7.841000000000953,0.0,-7.985748574877455e-07
7.8420000000009535,0.0,-7.942385876823379e-07
7.843000000000954,0.0,-7.898925408067422e-07
7.844000000000954,0.0,-7.855462050284155e-07
7.8450000000009545,0.0,-7.812101014401181e-07
7.846000000000955,0.0,-7.768957132163818e-07
7.847000000000955,0.0,-7.726154057043455e-07
7.8480000000009555,0.0,-7.683823377911296e-07
7.849000000000956,0.0,-7.642103656022914e-07
7.850000000000956,0.0,-7.601139401945501e-07
7.8510000000009565,0.0,-7.561080008570939e-07
7.852000000000957,0.0,-7.522078632429692e-07
7.853000000000957,0.0,-7.484291056306961e-07
7.8540000000009575,0.0,-7.447874522761231e-07
7.855000000000958,0.0,-7.412986554465524e-07
7.856000000000958,0.0,-7.37978378757674e-07
7.8570000000009586,0.0,-7.348420783360135e-07
7.858000000000959,0.0,-7.319048879824985e-07
7.859000000000959,0.0,-7.291815041757206e-07
7.8600000000009596,0.0,-7.266860757676995e-07
7.86100000000096,0.0,-7.244320957564471e-07
7.86200000000096,0.0,-7.224322975633818e-07
7.8630000000009606,0.0,-7.206985565933164e-07
7.864000000000961,0.0,-7.192417964397367e-07
7.865000000000961,0.0,-7.180719011832317e-07
7.866000000000962,0.0,-7.171976347761536e-07
7.867000000000962,0.0,-7.166265659930777e-07
7.868000000000962,0.0,-7.163650021439846e-07
7.869000000000963,0.0,-7.164179298733912e-07
7.870000000000963,0.0,-7.167889638902219e-07
7.871000000000963,0.0,-7.17480305036736e-07
7.872000000000964,0.0,-7.184927056227957e-07
7.873000000000964,0.0,-7.198254452115939e-07
7.874000000000964,0.0,-7.214763144092899e-07
7.875000000000965,0.0,-7.234416083728364e-07
7.876000000000965,0.0,-7.257161291813017e-07
7.877000000000965,0.0,-7.28293197671742e-07
7.878000000000966,0.0,-7.311646739823025e-07
7.879000000000966,0.0,-7.343209876956564e-07
7.880000000000966,0.0,-7.377511758536271e-07
7.881000000000967,0.0,-7.414429299522843e-07
7.882000000000967,0.0,-7.453826513217323e-07
7.883000000000967,0.0,-7.495555138146145e-07
7.884000000000968,0.0,-7.539455336304007e-07
7.885000000000968,0.0,-7.585356466617428e-07
7.886000000000968,0.0,-7.633077916027219e-07
7.887000000000969,0.0,-7.682429992689468e-07
7.888000000000969,0.0,-7.733214862356494e-07
7.889000000000969,0.0,-7.785227536584035e-07
7.89000000000097,0.0,-7.838256899875516e-07
7.89100000000097,0.0,-7.892086762097306e-07
7.89200000000097,0.0,-7.946496936104227e-07
7.893000000000971,0.0,-8.001264339822565e-07
7.894000000000971,0.0,-8.056164097320464e-07
7.895000000000971,0.0,-8.110970647534126e-07
7.896000000000972,0.0,-8.165458849804903e-07
7.897000000000972,0.0,-8.21940507447115e-07
7.898000000000972,0.0,-8.272588278104225e-07
7.899000000000973,0.0,-8.324791046024045e-07
7.900000000000973,0.0,-8.375800609972276e-07
7.901000000000973,0.0,-8.425409830072005e-07
7.902000000000974,0.0,-8.47341812304351e-07
7.903000000000974,0.0,-8.519632351436102e-07
7.904000000000974,0.0,-8.563867649301776e-07
7.905000000000975,0.0,-8.60594819813988e-07
7.906000000000975,0.0,-8.645707937318553e-07
7.907000000000975,0.0,-8.682991200554097e-07
7.908000000000976,0.0,-8.717653299237628e-07
7.909000000000976,0.0,-8.74956101604137e-07
7.910000000000976,0.0,-8.778593038902442e-07
7.911000000000977,0.0,-8.804640311844064e-07
7.912000000000977,0.0,-8.827606312588932e-07
7.913000000000977,0.0,-8.84740725150861e-07
7.914000000000978,0.0,-8.863972202782132e-07
7.915000000000978,0.0,-8.877243144648768e-07
7.916000000000978,0.0,-8.887174944927391e-07
7.917000000000979,0.0,-8.893735255670153e-07
7.918000000000979,0.0,-8.896904353473303e-07
7.919000000000979,0.0,-8.896674901581961e-07
7.92000000000098,0.0,-8.893051654101239e-07
7.92100000000098,0.0,-8.886051098324486e-07
7.92200000000098,0.0,-8.875701039151917e-07
7.923000000000981,0.0,-8.862040133915077e-07
7.924000000000981,0.0,-8.845117376449402e-07
7.925000000000981,0.0,-8.824991544428845e-07
7.926000000000982,0.0,-8.801730598816117e-07
7.927000000000982,0.0,-8.775411066134595e-07
7.928000000000982,0.0,-8.746117372486425e-07
7.929000000000983,0.0,-8.713941180424758e-07
7.930000000000983,0.0,-8.67898068864142e-07
7.931000000000983,0.0,-8.641339930924961e-07
7.932000000000984,0.0,-8.601128071510779e-07
7.933000000000984,0.0,-8.558458688731685e-07
7.934000000000984,0.0,-8.513449079273643e-07
7.935000000000985,0.0,-8.466219554364059e-07
7.936000000000985,0.0,-8.416892763846968e-07
7.937000000000985,0.0,-8.365593033661918e-07
7.938000000000986,0.0,-8.3124457171644e-07
7.939000000000986,0.0,-8.257576587489899e-07
7.940000000000986,0.0,-8.201111244393399e-07
7.941000000000987,0.0,-8.143174562527669e-07
7.942000000000987,0.0,-8.083890162713629e-07
7.943000000000987,0.0,-8.023379930928384e-07
7.944000000000988,0.0,-7.961763563822275e-07
7.945000000000988,0.0,-7.899158159630972e-07
7.946000000000988,0.0,-7.835677839307363e-07
7.947000000000989,0.0,-7.771433413682396e-07
7.948000000000989,0.0,-7.706532084954798e-07
7.949000000000989,0.0,-7.641077185221315e-07
7.95000000000099,0.0,-7.575167954209519e-07
7.95100000000099,0.0,-7.508899346815187e-07
7.95200000000099,0.0,-7.442361881983772e-07
7.953000000000991,0.0,-7.375641515886256e-07
7.954000000000991,0.0,-7.30881954917434e-07
7.955000000000991,0.0,-7.241972561981029e-07
7.956000000000992,0.0,-7.175172373186779e-07
7.957000000000992,0.0,-7.108486028099423e-07
7.958000000000992,0.0,-7.041975804654341e-07
7.959000000000993,0.0,-6.975699240826428e-07
7.960000000000993,0.0,-6.909709186418776e-07
7.961000000000993,0.0,-6.844053871491735e-07
7.962000000000994,0.0,-6.778776992168161e-07
7.963000000000994,0.0,-6.713917817823596e-07
7.964000000000994,0.0,-6.649511318892151e-07
7.965000000000995,0.0,-6.585588314403603e-07
7.966000000000995,0.0,-6.522175638829269e-07
7.967000000000995,0.0,-6.459296344653478e-07
7.968000000000996,0.0,-6.396969925454762e-07
7.969000000000996,0.0,-6.33521257198996e-07
7.970000000000996,0.0,-6.274037469126152e-07
7.971000000000997,0.0,-6.213455136035638e-07
7.972000000000997,0.0,-6.153473811927983e-07
7.973000000000997,0.0,-6.094099892791715e-07
7.974000000000998,0.0,-6.035338440081966e-07
7.975000000000998,0.0,-5.977193743294293e-07
7.976000000000998,0.0,-5.919669962941883e-07
7.977000000000999,0.0,-5.862771855834513e-07
7.978000000000999,0.0,-5.806500167381122e-07
7.979000000000999,0.0,-5.750845209519143e-07
7.980000000001,0.0,-5.695791430545079e-07
7.981000000001,0.0,-5.641323567298601e-07
7.982000000001,0.0,-5.587427401860957e-07
7.983000000001001,0.0,-5.534090390214914e-07
7.984000000001001,0.0,-5.481302184360017e-07
7.985000000001001,0.0,-5.429055063410331e-07
7.986000000001002,0.0,-5.377344268300611e-07
7.987000000001002,0.0,-5.326168270352554e-07
7.988000000001002,0.0,-5.275528976851445e-07
7.989000000001003,0.0,-5.225431881821739e-07
7.990000000001003,0.0,-5.175886173907239e-07
7.991000000001003,0.0,-5.126904808693412e-07
7.992000000001004,0.0,-5.078504559145919e-07
7.993000000001004,0.0,-5.030706034847612e-07
7.994000000001004,0.0,-4.983533695149339e-07
7.995000000001005,0.0,-4.93701584232068e-07
7.996000000001005,0.0,-4.891184614162477e-07
7.997000000001005,0.0,-4.846075961497896e-07
7.998000000001006,0.0,-4.801729627838173e-07
7.999000000001006,0.0,-4.758189116590906e-07
8.000000000001005,0.0,-4.7155016622298924e-07
8.001000000001005,0.0,-4.673718185442673e-07
8.002000000001004,0.0,-4.6328932475328884e-07
8.003000000001004,0.0,-4.5930849921672154e-07
8.004000000001003,0.0,-4.5543550727340404e-07
8.005000000001003,0.0,-4.516768567242101e-07
8.006000000001002,0.0,-4.480393875208914e-07
8.007000000001002,0.0,-4.445302590158598e-07
8.008000000001001,0.0,-4.411569352257919e-07
8.009000000001,0.0,-4.379271670989293e-07
8.010000000001,0.0,-4.3484897199354914e-07
8.011000000001,0.0,-4.319306100168187e-07
8.012000000000999,0.0,-4.2918055681207043e-07
8.013000000000998,0.0,-4.266074729894038e-07
8.014000000000998,0.0,-4.2422016965882223e-07
8.015000000000997,0.0,-4.220275707753885e-07
8.016000000000997,0.0,-4.200386711351902e-07
8.017000000000996,0.0,-4.1826249111811813e-07
8.018000000000995,0.0,-4.1670802768081413e-07
8.019000000000995,0.0,-4.153842021025677e-07
8.020000000000994,0.0,-4.1429980424843924e-07
8.021000000000994,0.0,-4.1346343456396927e-07
8.022000000000993,0.0,-4.128834422481627e-07
8.023000000000993,0.0,-4.1256786290017873e-07
8.024000000000992,0.0,-4.125243529703341e-07
8.025000000000992,0.0,-4.127601230362369e-07
8.026000000000991,0.0,-4.132818714885699e-07
8.02700000000099,0.0,-4.140957162164047e-07
8.02800000000099,0.0,-4.152071277759519e-07
8.02900000000099,0.0,-4.1662086291871595e-07
8.030000000000989,0.0,-4.183408994536132e-07
8.031000000000988,0.0,-4.203703736819037e-07
8.032000000000988,0.0,-4.2271151944517226e-07
8.033000000000987,0.0,-4.253656120662226e-07
8.034000000000987,0.0,-4.2833291418894844e-07
8.035000000000986,0.0,-4.3161262762874423e-07
8.036000000000985,0.0,-4.352028489289987e-07
8.037000000000985,0.0,-4.391005315575617e-07
8.038000000000984,0.0,-4.4330145303337695e-07
8.039000000000984,0.0,-4.4780018889820884e-07
8.040000000000983,0.0,-4.52590093659061e-07
8.041000000000983,0.0,-4.5766328831330033e-07
8.042000000000982,0.0,-4.6301065617282766e-07
8.043000000000982,0.0,-4.6862184538927204e-07
8.044000000000981,0.0,-4.7448527965728924e-07
8.04500000000098,0.0,-4.8058817805141e-07
8.04600000000098,0.0,-4.869165810677941e-07
8.04700000000098,0.0,-4.934553859378413e-07
8.048000000000979,0.0,-5.001883895968285e-07
8.049000000000978,0.0,-5.070983399107656e-07
8.050000000000978,0.0,-5.141669940296419e-07
8.051000000000977,0.0,-5.213751843963173e-07
8.052000000000977,0.0,-5.287028922269028e-07
8.053000000000976,0.0,-5.361293273417667e-07
8.054000000000975,0.0,-5.436330143872444e-07
8.055000000000975,0.0,-5.511918852654463e-07
8.056000000000974,0.0,-5.587833764714629e-07
8.057000000000974,0.0,-5.663845313454288e-07
8.058000000000973,0.0,-5.739721065233651e-07
8.059000000000973,0.0,-5.815226818470993e-07
8.060000000000972,0.0,-5.890127726471288e-07
8.061000000000972,0.0,-5.964189448737041e-07
8.062000000000971,0.0,-6.037179307035512e-07
8.06300000000097,0.0,-6.10886745363781e-07
8.06400000000097,0.0,-6.179028027059904e-07
8.06500000000097,0.0,-6.247440312538387e-07
8.066000000000969,0.0,-6.313889872120259e-07
8.067000000000968,0.0,-6.378169649120005e-07
8.068000000000968,0.0,-6.440081047032998e-07
8.069000000000967,0.0,-6.499434962230082e-07
8.070000000000967,0.0,-6.556052763445418e-07
8.071000000000966,0.0,-6.609767227149959e-07
8.072000000000966,0.0,-6.66042339849355e-07
8.073000000000965,0.0,-6.70787939162423e-07
8.074000000000964,0.0,-6.752007114902115e-07
8.075000000000964,0.0,-6.792692911636555e-07
8.076000000000963,0.0,-6.829838120647612e-07
8.077000000000963,0.0,-6.863359549304236e-07
8.078000000000962,0.0,-6.893189852027063e-07
8.079000000000962,0.0,-6.919277810692633e-07
8.080000000000961,0.0,-6.941588526182202e-07
8.08100000000096,0.0,-6.960103500371167e-07
8.08200000000096,0.0,-6.97482062765465e-07
8.08300000000096,0.0,-6.98575408131196e-07
8.084000000000959,0.0,-6.992934096936884e-07
8.085000000000958,0.0,-6.996406670597839e-07
8.086000000000958,0.0,-6.996233140488301e-07
8.087000000000957,0.0,-6.992489690930482e-07
8.088000000000957,0.0,-6.985266763303103e-07
8.089000000000956,0.0,-6.974668364181103e-07
8.090000000000956,0.0,-6.960811313609981e-07
8.091000000000955,0.0,-6.94382439340583e-07
8.092000000000954,0.0,-6.923847440174269e-07
8.093000000000954,0.0,-6.901030357653039e-07
8.094000000000953,0.0,-6.875532074359035e-07
8.095000000000953,0.0,-6.847519444748947e-07
8.096000000000952,0.0,-6.817166104882974e-07
8.097000000000952,0.0,-6.784651285127775e-07
8.098000000000951,0.0,-6.75015858865955e-07
8.09900000000095,0.0,-6.713874752360307e-07
8.10000000000095,0.0,-6.675988378030732e-07
8.10100000000095,0.0,-6.636688669580956e-07
8.102000000000949,0.0,-6.596164156762057e-07
8.103000000000948,0.0,-6.554601441708798e-07
8.104000000000948,0.0,-6.512183945045769e-07
8.105000000000947,0.0,-6.469090698831611e-07
8.106000000000947,0.0,-6.425495162369505e-07
8.107000000000946,0.0,-6.381564088824613e-07
8.108000000000946,0.0,-6.337456451883247e-07
8.109000000000945,0.0,-6.293322432534417e-07
8.110000000000944,0.0,-6.249302488511765e-07
8.111000000000944,0.0,-6.205526510094652e-07
8.112000000000943,0.0,-6.162113080317062e-07
8.113000000000943,0.0,-6.119168832816875e-07
8.114000000000942,0.0,-6.076787954149294e-07
8.115000000000942,0.0,-6.035051800538091e-07
8.116000000000941,0.0,-5.994028675516321e-07
8.11700000000094,0.0,-5.953773762745265e-07
8.11800000000094,0.0,-5.914329235992885e-07
8.11900000000094,0.0,-5.875724550928872e-07
8.120000000000939,0.0,-5.837976941828715e-07
8.121000000000938,0.0,-5.801092131965294e-07
8.122000000000938,0.0,-5.765065275435438e-07
8.123000000000937,0.0,-5.72988213329049e-07
8.124000000000937,0.0,-5.695520525858061e-07
8.125000000000936,0.0,-5.661952038173873e-07
8.126000000000936,0.0,-5.629144034736873e-07
8.127000000000935,0.0,-5.597061968915078e-07
8.128000000000934,0.0,-5.565694559669257e-07
8.129000000000934,0.0,-5.534099560125964e-07
8.130000000000933,0.0,-5.502295408123023e-07
8.131000000000933,0.0,-5.470300317734288e-07
8.132000000000932,0.0,-5.43813526443358e-07
8.133000000000932,0.0,-5.405826529452613e-07
8.134000000000931,0.0,-5.373407833748946e-07
8.13500000000093,0.0,-5.340922085121012e-07
8.13600000000093,0.0,-5.308422775127427e-07
8.13700000000093,0.0,-5.275975041287236e-07
8.138000000000929,0.0,-5.243656422664013e-07
8.139000000000928,0.0,-5.211557327542639e-07
8.140000000000928,0.0,-5.179781239144564e-07
8.141000000000927,0.0,-5.148444686481242e-07
8.142000000000927,0.0,-5.117676984941475e-07
8.143000000000926,0.0,-5.087619787135475e-07
8.144000000000926,0.0,-5.058426444806531e-07
8.145000000000925,0.0,-5.030261215318507e-07
8.146000000000925,0.0,-5.003298318367747e-07
8.147000000000924,0.0,-4.977720873180866e-07
8.148000000000923,0.0,-4.953719713167271e-07
8.149000000000923,0.0,-4.931492127983894e-07
8.150000000000922,0.0,-4.911240505167397e-07
8.151000000000922,0.0,-4.893170925079338e-07
8.152000000000921,0.0,-4.877491699244029e-07
8.15300000000092,0.0,-4.864411869861466e-07
8.15400000000092,0.0,-4.854139703962902e-07
8.15500000000092,0.0,-4.846881160283607e-07
8.156000000000919,0.0,-4.842838368943479e-07
8.157000000000918,0.0,-4.842208123447737e-07
8.158000000000918,0.0,-4.845180398856978e-07
8.159000000000917,0.0,-4.851936904315953e-07
8.160000000000917,0.0,-4.862649682973289e-07
8.161000000000916,0.0,-4.877479772945884e-07
8.162000000000916,0.0,-4.896575919115473e-07
8.163000000000915,0.0,-4.920073365386433e-07
8.164000000000915,0.0,-4.948092734398464e-07
8.165000000000914,0.0,-4.980738979677847e-07
8.166000000000913,0.0,-5.018100438654459e-07
8.167000000000913,0.0,-5.060247985062667e-07
8.168000000000912,0.0,-5.107234286307801e-07
8.169000000000912,0.0,-5.159093160809252e-07
8.170000000000911,0.0,-5.215839060968841e-07
8.17100000000091,0.0,-5.277466657037875e-07
8.17200000000091,0.0,-5.3439505471487e-07
8.17300000000091,0.0,-5.415245084175017e-07
8.174000000000909,0.0,-5.491284314275553e-07
8.175000000000908,0.0,-5.571982041733984e-07
8.176000000000908,0.0,-5.657232010578199e-07
8.177000000000907,0.0,-5.746908196623348e-07
8.178000000000907,0.0,-5.84086521624486e-07
8.179000000000906,0.0,-5.938938845188307e-07
8.180000000000906,0.0,-6.040946643530344e-07
8.181000000000905,0.0,-6.146688682567401e-07
8.182000000000905,0.0,-6.255948364724458e-07
8.183000000000904,0.0,-6.368493336566229e-07
8.184000000000903,0.0,-6.484076488448179e-07
8.185000000000903,0.0,-6.602437029141761e-07
8.186000000000902,0.0,-6.723301627242474e-07
8.187000000000902,0.0,-6.846385624678979e-07
8.188000000000901,0.0,-6.971394295155711e-07
8.1890000000009,0.0,-7.098024155432283e-07
8.1900000000009,0.0,-7.225964315049116e-07
8.1910000000009,0.0,-7.354897851969259e-07
8.192000000000899,0.0,-7.484503215667692e-07
8.193000000000898,0.0,-7.614455634287527e-07
8.194000000000898,0.0,-7.74442853757809e-07
8.195000000000897,0.0,-7.874094966306856e-07
8.196000000000897,0.0,-8.003128975620418e-07
8.197000000000896,0.0,-8.131207016704346e-07
8.198000000000896,0.0,-8.258009283709729e-07
8.199000000000895,0.0,-8.383221043020792e-07
8.200000000000895,0.0,-8.506533897098103e-07
8.201000000000894,0.0,-8.627647019252471e-07
8.202000000000893,0.0,-8.746268318252453e-07
8.203000000000893,0.0,-8.86211556083037e-07
8.204000000000892,0.0,-8.974917396739104e-07
8.205000000000892,0.0,-9.084414351956983e-07
8.206000000000891,0.0,-9.190359714605499e-07
8.20700000000089,0.0,-9.29252035587893e-07
8.20800000000089,0.0,-9.390677471743463e-07
8.20900000000089,0.0,-9.484627233649692e-07
8.210000000000889,0.0,-9.574181356112376e-07
8.211000000000888,0.0,-9.659167575279381e-07
8.212000000000888,0.0,-9.739430043363515e-07
8.213000000000887,0.0,-9.814829630539994e-07
8.214000000000887,0.0,-9.885244138318828e-07
8.215000000000886,0.0,-9.950568435958911e-07
8.216000000000886,0.0,-1.0010714497531153e-06
8.217000000000885,0.0,-1.006561136513526e-06
8.218000000000885,0.0,-1.0115205033050656e-06
8.219000000000884,0.0,-1.0159458245790945e-06
8.220000000000883,0.0,-1.0198350232059392e-06
8.221000000000883,0.0,-1.0231876361466198e-06
8.222000000000882,0.0,-1.0260047736175351e-06
8.223000000000882,0.0,-1.0282890728636226e-06
8.224000000000881,0.0,-1.0300446451602071e-06
8.22500000000088,0.0,-1.0312770183429071e-06
8.22600000000088,0.0,-1.0319930745626343e-06
8.22700000000088,0.0,-1.0322009837036626e-06
8.228000000000879,0.0,-1.0319101334407416e-06
8.229000000000879,0.0,-1.0311310562485027e-06
8.230000000000878,0.0,-1.0298753534121424e-06
8.231000000000877,0.0,-1.028155617895011e-06
8.232000000000877,0.0,-1.0259853544972645e-06
8.233000000000876,0.0,-1.0233789002347405e-06
8.234000000000876,0.0,-1.0203513435755597e-06
8.235000000000875,0.0,-1.0169184432618056e-06
8.236000000000875,0.0,-1.013096548194032e-06
8.237000000000874,0.0,-1.0089025175224083e-06
8.238000000000874,0.0,-1.0043536417916376e-06
8.239000000000873,0.0,-9.994675657714976e-07
8.240000000000872,0.0,-9.94262212600481e-07
8.241000000000872,0.0,-9.887557101287736e-07
8.242000000000871,0.0,-9.829663189147479e-07
8.24300000000087,0.0,-9.769123625208214e-07
8.24400000000087,0.0,-9.70612160988743e-07
8.24500000000087,0.0,-9.64083965375442e-07
8.246000000000869,0.0,-9.573458954534884e-07
8.247000000000869,0.0,-9.50415880263116e-07
8.248000000000868,0.0,-9.433116003233205e-07
8.249000000000867,0.0,-9.360504329678444e-07
8.250000000000867,0.0,-9.286493994186504e-07
8.251000000000866,0.0,-9.211251150596106e-07
8.252000000000866,0.0,-9.134937407874307e-07
8.253000000000865,0.0,-9.057709376012762e-07
8.254000000000865,0.0,-8.979718231024641e-07
8.255000000000864,0.0,-8.901109292923318e-07
8.256000000000864,0.0,-8.822021638926268e-07
8.257000000000863,0.0,-8.742587727120538e-07
8.258000000000862,0.0,-8.662933040977261e-07
8.259000000000862,0.0,-8.583175771775728e-07
8.260000000000861,0.0,-8.50342650746328e-07
8.26100000000086,0.0,-8.423787962754855e-07
8.26200000000086,0.0,-8.344354733109103e-07
8.26300000000086,0.0,-8.265213089949282e-07
8.264000000000859,0.0,-8.186440813191335e-07
8.265000000000859,0.0,-8.108107063349109e-07
8.266000000000858,0.0,-8.030272320643644e-07
8.267000000000857,0.0,-7.952988374084829e-07
8.268000000000857,0.0,-7.876298385179456e-07
8.269000000000856,0.0,-7.800237029746028e-07
8.270000000000856,0.0,-7.724830732700494e-07
8.271000000000855,0.0,-7.650098003671219e-07
8.272000000000855,0.0,-7.576049890398056e-07
8.273000000000854,0.0,-7.502690556565541e-07
8.274000000000854,0.0,-7.430018011554983e-07
8.275000000000853,0.0,-7.358024989284726e-07
8.276000000000852,0.0,-7.286700006745816e-07
8.277000000000852,0.0,-7.216028611978418e-07
8.278000000000851,0.0,-7.145994830239709e-07
8.27900000000085,0.0,-7.076588114538418e-07
8.28000000000085,0.0,-7.00780885288547e-07
8.28100000000085,0.0,-6.939662444285744e-07
8.28200000000085,0.0,-6.87215512972757e-07
8.283000000000849,0.0,-6.805295452823002e-07
8.284000000000848,0.0,-6.739095503722485e-07
8.285000000000847,0.0,-6.673571956126399e-07
8.286000000000847,0.0,-6.608746924440154e-07
8.287000000000846,0.0,-6.544648643979439e-07
8.288000000000846,0.0,-6.481312008876622e-07
8.289000000000845,0.0,-6.418778954456975e-07
8.290000000000845,0.0,-6.357098726631805e-07
8.291000000000844,0.0,-6.296328025651896e-07
8.292000000000844,0.0,-6.236531059152178e-07
8.293000000000843,0.0,-6.177779497326279e-07
8.294000000000842,0.0,-6.120152350626188e-07
8.295000000000842,0.0,-6.063735776895208e-07
8.296000000000841,0.0,-6.008622819998518e-07
8.29700000000084,0.0,-5.954913102240072e-07
8.29800000000084,0.0,-5.902712456730944e-07
8.29900000000084,0.0,-5.852132521104624e-07
8.30000000000084,0.0,-5.803290292983675e-07
8.301000000000839,0.0,-5.756307642313765e-07
8.302000000000838,0.0,-5.711310802632562e-07
8.303000000000837,0.0,-5.668429827664982e-07
8.304000000000837,0.0,-5.627798019664187e-07
8.305000000000836,0.0,-5.589551336172888e-07
8.306000000000836,0.0,-5.553827774350829e-07
8.307000000000835,0.0,-5.520766735325886e-07
8.308000000000835,0.0,-5.490508371748603e-07
8.309000000000834,0.0,-5.463192908103028e-07
8.310000000000834,0.0,-5.438959957133814e-07
8.311000000000833,0.0,-5.417947813452576e-07
8.312000000000833,0.0,-5.400292736993451e-07
8.313000000000832,0.0,-5.386128229162234e-07
8.314000000000831,0.0,-5.375584292800234e-07
8.31500000000083,0.0,-5.368786686854572e-07
8.31600000000083,0.0,-5.365856182629136e-07
8.31700000000083,0.0,-5.366907809851816e-07
8.31800000000083,0.0,-5.372050108825628e-07
8.319000000000829,0.0,-5.381384383987611e-07
8.320000000000828,0.0,-5.395003965045825e-07
8.321000000000828,0.0,-5.412993482815656e-07
8.322000000000827,0.0,-5.435428149168282e-07
8.323000000000826,0.0,-5.46237307065459e-07
8.324000000000826,0.0,-5.493882568616358e-07
8.325000000000825,0.0,-5.529999542329225e-07
8.326000000000825,0.0,-5.570754848013968e-07
8.327000000000824,0.0,-5.616166722760714e-07
8.328000000000824,0.0,-5.666240245528635e-07
8.329000000000823,0.0,-5.720966845297822e-07
8.330000000000823,0.0,-5.780323850301819e-07
8.331000000000822,0.0,-5.844274099473854e-07
8.332000000000821,0.0,-5.91276560277e-07
8.33300000000082,0.0,-5.985731266702713e-07
8.33400000000082,0.0,-6.06308868306775e-07
8.33500000000082,0.0,-6.144739984412753e-07
8.33600000000082,0.0,-6.230571769614589e-07
8.337000000000819,0.0,-6.320455106258573e-07
8.338000000000818,0.0,-6.414245605349259e-07
8.339000000000818,0.0,-6.511783574436701e-07
8.340000000000817,0.0,-6.612894250952871e-07
8.341000000000816,0.0,-6.717388112473448e-07
8.342000000000816,0.0,-6.825061273956963e-07
8.343000000000815,0.0,-6.935695959521856e-07
8.344000000000815,0.0,-7.049061060212978e-07
8.345000000000814,0.0,-7.164912760650213e-07
8.346000000000814,0.0,-7.28299526194906e-07
8.347000000000813,0.0,-7.403041563743011e-07
8.348000000000813,0.0,-7.52477432661367e-07
8.349000000000812,0.0,-7.647906803913425e-07
8.350000000000811,0.0,-7.77214384452014e-07
8.35100000000081,0.0,-7.897182950470331e-07
8.35200000000081,0.0,-8.02271539915234e-07
8.35300000000081,0.0,-8.148427416212298e-07
8.35400000000081,0.0,-8.274001396299682e-07
8.355000000000809,0.0,-8.399117169635515e-07
8.356000000000808,0.0,-8.523453293039572e-07
8.357000000000808,0.0,-8.646688384647999e-07
8.358000000000807,0.0,-8.768502469604949e-07
8.359000000000806,0.0,-8.888578345026747e-07
8.360000000000806,0.0,-9.006602946876001e-07
8.361000000000805,0.0,-9.12226872590804e-07
8.362000000000805,0.0,-9.23527500907858e-07
8.363000000000804,0.0,-9.345329341324902e-07
8.364000000000804,0.0,-9.452148806971344e-07
8.365000000000803,0.0,-9.555461321653877e-07
8.366000000000803,0.0,-9.65500687610047e-07
8.367000000000802,0.0,-9.75053873873202e-07
8.368000000000801,0.0,-9.841824598930968e-07
8.369000000000801,0.0,-9.928647647799824e-07
8.3700000000008,0.0,-1.0010807583591467e-06
8.3710000000008,0.0,-1.0088121551937288e-06
8.3720000000008,0.0,-1.0160424986674978e-06
8.373000000000799,0.0,-1.022757237356162e-06
8.374000000000798,0.0,-1.0289437913787876e-06
8.375000000000798,0.0,-1.034591608195852e-06
8.376000000000797,0.0,-1.039692208978511e-06
8.377000000000796,0.0,-1.0442392233452055e-06
8.378000000000796,0.0,-1.048228413386843e-06
8.379000000000795,0.0,-1.0516576855447842e-06
8.380000000000795,0.0,-1.0545270923643868e-06
8.381000000000794,0.0,-1.0568388208532919e-06
8.382000000000794,0.0,-1.0585971704551189e-06
8.383000000000793,0.0,-1.0598085183449639e-06
8.384000000000793,0.0,-1.0604812741501293e-06
8.385000000000792,0.0,-1.0606258230032111e-06
8.386000000000791,0.0,-1.0602544566052343e-06
8.387000000000791,0.0,-1.0593812951761295e-06
8.38800000000079,0.0,-1.0580221976659433e-06
8.38900000000079,0.0,-1.0561946630221545e-06
8.39000000000079,0.0,-1.053917721195889e-06
8.391000000000789,0.0,-1.0512118164588886e-06
8.392000000000788,0.0,-1.048098681754361e-06
8.393000000000788,0.0,-1.0446012063493819e-06
8.394000000000787,0.0,-1.0407432961940393e-06
8.395000000000786,0.0,-1.03654972875198e-06
8.396000000000786,0.0,-1.032046003056463e-06
8.397000000000785,0.0,-1.0272581854928727e-06
8.398000000000785,0.0,-1.0222127517576042e-06
8.399000000000784,0.0,-1.0169364285321001e-06
8.400000000000784,0.0,-1.0114560313170008e-06
8.401000000000783,0.0,-1.0057983041567021e-06
8.402000000000783,0.0,-9.999897597026864e-07
8.403000000000782,0.0,-9.94056521328621e-07
8.404000000000782,0.0,-9.880241677330367e-07
8.405000000000781,0.0,-9.819175833242754e-07
8.40600000000078,0.0,-9.757608130438309e-07
8.40700000000078,0.0,-9.695769244136915e-07
8.40800000000078,0.0,-9.633878782082503e-07
8.409000000000779,0.0,-9.572144075881386e-07
8.410000000000778,0.0,-9.510759089572751e-07
8.411000000000778,0.0,-9.449903447251523e-07
8.412000000000777,0.0,-9.389741599294035e-07
8.413000000000777,0.0,-9.330422132767494e-07
8.414000000000776,0.0,-9.272077258653443e-07
8.415000000000775,0.0,-9.214822470241986e-07
8.416000000000775,0.0,-9.158756408901841e-07
8.417000000000774,0.0,-9.103960927384615e-07
8.418000000000774,0.0,-9.050501400317109e-07
8.419000000000773,0.0,-8.998427261306576e-07
8.420000000000773,0.0,-8.947772810459447e-07
8.421000000000772,0.0,-8.898558295169704e-07
8.422000000000772,0.0,-8.850791284064786e-07
8.423000000000771,0.0,-8.80446835138516e-07
8.42400000000077,0.0,-8.759577086861092e-07
8.42500000000077,0.0,-8.716098444294846e-07
8.42600000000077,0.0,-8.674009460090953e-07
8.427000000000769,0.0,-8.633286330816121e-07
8.428000000000768,0.0,-8.59390790795202e-07
8.429000000000768,0.0,-8.55586864044341e-07
8.430000000000767,0.0,-8.51756607517763e-07
8.431000000000767,0.0,-8.478965616778016e-07
8.432000000000766,0.0,-8.440031897525003e-07
8.433000000000765,0.0,-8.400731362152024e-07
8.434000000000765,0.0,-8.36103452599882e-07
8.435000000000764,0.0,-8.32091788613723e-07
8.436000000000764,0.0,-8.280365544893347e-07
8.437000000000763,0.0,-8.239370537006573e-07
8.438000000000763,0.0,-8.197935893157325e-07
8.439000000000762,0.0,-8.156075457070559e-07
8.440000000000762,0.0,-8.113814459317304e-07
8.441000000000761,0.0,-8.07118989217042e-07
8.44200000000076,0.0,-8.028250669786179e-07
8.44300000000076,0.0,-7.985057620367869e-07
8.44400000000076,0.0,-7.941683300602088e-07
8.445000000000759,0.0,-7.898211661103601e-07
8.446000000000758,0.0,-7.854737578204022e-07
8.447000000000758,0.0,-7.811366256181079e-07
8.448000000000757,0.0,-7.768212523976888e-07
8.449000000000757,0.0,-7.725400028255514e-07
8.450000000000756,0.0,-7.683060353747166e-07
8.451000000000755,0.0,-7.641332055769141e-07
8.452000000000755,0.0,-7.600359643871911e-07
8.453000000000754,0.0,-7.560292503042518e-07
8.454000000000754,0.0,-7.52128378965964e-07
8.455000000000753,0.0,-7.483489281000873e-07
8.456000000000753,0.0,-7.447066214530784e-07
8.457000000000752,0.0,-7.412172114019388e-07
8.458000000000752,0.0,-7.378963608186979e-07
8.459000000000751,0.0,-7.347595255939145e-07
8.46000000000075,0.0,-7.318218391238072e-07
8.46100000000075,0.0,-7.290979978219557e-07
8.46200000000075,0.0,-7.266021499660018e-07
8.463000000000749,0.0,-7.243477881913118e-07
8.464000000000748,0.0,-7.22347645708344e-07
8.465000000000748,0.0,-7.20613597463561e-07
8.466000000000747,0.0,-7.191565667218655e-07
8.467000000000747,0.0,-7.17986437243856e-07
8.468000000000746,0.0,-7.171119722666778e-07
8.469000000000745,0.0,-7.165407405033418e-07
8.470000000000745,0.0,-7.162790487296878e-07
8.471000000000744,0.0,-7.163318830948619e-07
8.472000000000744,0.0,-7.167028578905505e-07
8.473000000000743,0.0,-7.173941732550744e-07
8.474000000000743,0.0,-7.184065811611453e-07
8.475000000000742,0.0,-7.197393606470256e-07
8.476000000000742,0.0,-7.213903016202873e-07
8.477000000000741,0.0,-7.233556987505907e-07
8.47800000000074,0.0,-7.256303534657546e-07
8.47900000000074,0.0,-7.282075859305406e-07
8.48000000000074,0.0,-7.310792558560026e-07
8.481000000000739,0.0,-7.342357918564549e-07
8.482000000000738,0.0,-7.37666230339914e-07
8.483000000000738,0.0,-7.413582621820206e-07
8.484000000000737,0.0,-7.452982879743897e-07
8.485000000000737,0.0,-7.49471480599196e-07
8.486000000000736,0.0,-7.538618557656585e-07
8.487000000000736,0.0,-7.584523483524821e-07
8.488000000000735,0.0,-7.632248963023178e-07
8.489000000000734,0.0,-7.681605296118886e-07
8.490000000000734,0.0,-7.732394638187079e-07
8.491000000000733,0.0,-7.784411996330175e-07
8.492000000000733,0.0,-7.837446243345364e-07
8.493000000000732,0.0,-7.891281178733665e-07
8.494000000000732,0.0,-7.945696609994084e-07
8.495000000000731,0.0,-8.000469443871497e-07
8.49600000000073,0.0,-8.055374795645757e-07
8.49700000000073,0.0,-8.110187095503872e-07
8.49800000000073,0.0,-8.164681193853805e-07
8.499000000000729,0.0,-8.218633452175122e-07
8.500000000000728,0.0,-8.271822814016245e-07
8.501000000000728,0.0,-8.324031860201581e-07
8.502000000000727,0.0,-8.375047811692728e-07
8.503000000000727,0.0,-8.424663518839655e-07
8.504000000000726,0.0,-8.472678391057755e-07
8.505000000000726,0.0,-8.518899279044491e-07
8.506000000000725,0.0,-8.563141309477512e-07
8.507000000000724,0.0,-8.605228655033396e-07
8.508000000000724,0.0,-8.644995245151261e-07
8.509000000000723,0.0,-8.682285406405116e-07
8.510000000000723,0.0,-8.716954442262206e-07
8.511000000000722,0.0,-8.748869125999306e-07
8.512000000000722,0.0,-8.777908137303963e-07
8.513000000000721,0.0,-8.80396241099484e-07
8.51400000000072,0.0,-8.826935419241234e-07
8.51500000000072,0.0,-8.84674336447643e-07
8.51600000000072,0.0,-8.863315312543446e-07
8.517000000000719,0.0,-8.876593235510707e-07
8.518000000000718,0.0,-8.886531993180597e-07
8.519000000000718,0.0,-8.893099232345156e-07
8.520000000000717,0.0,-8.896275223188984e-07
8.521000000000717,0.0,-8.896052621991914e-07
8.522000000000716,0.0,-8.892436178355312e-07
8.523000000000716,0.0,-8.8854423729952e-07
8.524000000000715,0.0,-8.875099006264313e-07
8.525000000000714,0.0,-8.861444729819363e-07
8.526000000000714,0.0,-8.844528534527427e-07
8.527000000000713,0.0,-8.82440919285997e-07
8.528000000000713,0.0,-8.80115466271872e-07
8.529000000000712,0.0,-8.774841464939877e-07
8.530000000000712,0.0,-8.745554024769909e-07
8.531000000000711,0.0,-8.713384001537881e-07
8.53200000000071,0.0,-8.678429590587524e-07
8.53300000000071,0.0,-8.640794824152456e-07
8.53400000000071,0.0,-8.600588863104031e-07
8.535000000000709,0.0,-8.557925287708694e-07
8.536000000000708,0.0,-8.512921389807009e-07
8.537000000000708,0.0,-8.465697482196234e-07
8.538000000000707,0.0,-8.416376212860356e-07
8.539000000000707,0.0,-8.365081907253197e-07
8.540000000000706,0.0,-8.311939919327627e-07
8.541000000000706,0.0,-8.257076024042135e-07
8.542000000000705,0.0,-8.200615819545836e-07
8.543000000000704,0.0,-8.142684180620647e-07
8.544000000000704,0.0,-8.083404731608466e-07
8.545000000000703,0.0,-8.022899359037467e-07
8.546000000000703,0.0,-7.961287761618198e-07
8.547000000000702,0.0,-7.898687036946244e-07
8.548000000000702,0.0,-7.835211310995348e-07
8.549000000000701,0.0,-7.770971393630671e-07
8.5500000000007,0.0,-7.706074490702095e-07
8.5510000000007,0.0,-7.640623937858217e-07
8.5520000000007,0.0,-7.574718974044511e-07
8.553000000000699,0.0,-7.508454559758007e-07
8.554000000000698,0.0,-7.441921215980696e-07
8.555000000000698,0.0,-7.375204899318858e-07
8.556000000000697,0.0,-7.308386914681989e-07
8.557000000000697,0.0,-7.241543844992398e-07
8.558000000000696,0.0,-7.174747509842664e-07
8.559000000000696,0.0,-7.108064959664894e-07
8.560000000000695,0.0,-7.041558472791175e-07
8.561000000000694,0.0,-6.975285589967186e-07
8.562000000000694,0.0,-6.909299164069863e-07
8.563000000000693,0.0,-6.843647425098326e-07
8.564000000000693,0.0,-6.778374072333403e-07
8.565000000000692,0.0,-6.713518377574878e-07
8.566000000000692,0.0,-6.649115312335847e-07
8.567000000000691,0.0,-6.585195695054625e-07
8.56800000000069,0.0,-6.521786364295673e-07
8.56900000000069,0.0,-6.458910373624107e-07
8.57000000000069,0.0,-6.396587215489304e-07
8.571000000000689,0.0,-6.334833080854434e-07
8.572000000000688,0.0,-6.273661156855426e-07
8.573000000000688,0.0,-6.213081963392657e-07
8.574000000000687,0.0,-6.153103738086537e-07
8.575000000000687,0.0,-6.093732877949012e-07
8.576000000000686,0.0,-6.034974444665724e-07
8.577000000000686,0.0,-5.976832726587903e-07
8.578000000000685,0.0,-5.919311885958606e-07
8.579000000000685,0.0,-5.862416676879088e-07
8.580000000000684,0.0,-5.806147846777332e-07
8.581000000000683,0.0,-5.750495706069801e-07
8.582000000000683,0.0,-5.695444701202976e-07
8.583000000000682,0.0,-5.640979569341975e-07
8.584000000000682,0.0,-5.58708609065757e-07
8.585000000000681,0.0,-5.533751719882717e-07
8.58600000000068,0.0,-5.480966111222521e-07
8.58700000000068,0.0,-5.42872154135009e-07
8.58800000000068,0.0,-5.37701325037897e-07
8.589000000000679,0.0,-5.325839712336813e-07
8.590000000000678,0.0,-5.275202833761025e-07
8.591000000000678,0.0,-5.225108109767134e-07
8.592000000000677,0.0,-5.175564730539212e-07
8.593000000000677,0.0,-5.126585652971194e-07
8.594000000000676,0.0,-5.07818765160528e-07
8.595000000000676,0.0,-5.030391340107179e-07
8.596000000000675,0.0,-4.983221178741812e-07
8.597000000000675,0.0,-4.936705473074112e-07
8.598000000000674,0.0,-4.890876362982879e-07
8.599000000000673,0.0,-4.845769803781644e-07
8.600000000000673,0.0,-4.801425541750113e-07
8.601000000000672,0.0,-4.757887083960156e-07
8.602000000000672,0.0,-4.7152016688623035e-07
8.603000000000671,0.0,-4.6734202220404296e-07
8.60400000000067,0.0,-4.6325973073926013e-07
8.60500000000067,0.0,-4.5927910736530425e-07
8.60600000000067,0.0,-4.5540631768838024e-07
8.607000000000669,0.0,-4.516478701242081e-07
8.608000000000668,0.0,-4.4801060488736513e-07
8.609000000000668,0.0,-4.4450168175906556e-07
8.610000000000667,0.0,-4.411285652540708e-07
8.611000000000667,0.0,-4.378990066538496e-07
8.612000000000666,0.0,-4.3482102374263855e-07
8.613000000000666,0.0,-4.3190287696806146e-07
8.614000000000665,0.0,-4.291530422465285e-07
8.615000000000665,0.0,-4.2658018048714936e-07
8.616000000000664,0.0,-4.241931033225817e-07
8.617000000000663,0.0,-4.2200073474381574e-07
8.618000000000663,0.0,-4.20012070014679e-07
8.619000000000662,0.0,-4.182361295223687e-07
8.620000000000662,0.0,-4.1668191059921614e-07
8.621000000000661,0.0,-4.1535833453318064e-07
8.62200000000066,0.0,-4.142741913894262e-07
8.62300000000066,0.0,-4.134380816517233e-07
8.62400000000066,0.0,-4.128583547052107e-07
8.625000000000659,0.0,-4.12543046081206e-07
8.626000000000658,0.0,-4.1249981210700003e-07
8.627000000000658,0.0,-4.127358635881923e-07
8.628000000000657,0.0,-4.132578985218703e-07
8.629000000000657,0.0,-4.1407203487418344e-07
8.630000000000656,0.0,-4.15183742950634e-07
8.631000000000656,0.0,-4.1659777929485355e-07
8.632000000000655,0.0,-4.1831812152694874e-07
8.633000000000655,0.0,-4.203479056200339e-07
8.634000000000654,0.0,-4.2268936524484155e-07
8.635000000000653,0.0,-4.253437751974438e-07
8.636000000000653,0.0,-4.283113978513966e-07
8.637000000000652,0.0,-4.3159143465293956e-07
8.638000000000652,0.0,-4.3518198170012974e-07
8.639000000000651,0.0,-4.3907999182536347e-07
8.64000000000065,0.0,-4.4328124220024615e-07
8.64100000000065,0.0,-4.477803079079352e-07
8.64200000000065,0.0,-4.525705428686819e-07
8.643000000000649,0.0,-4.5764406754036085e-07
8.644000000000648,0.0,-4.6299176447973827e-07
8.645000000000648,0.0,-4.686032813511764e-07
8.646000000000647,0.0,-4.7446704141403267e-07
8.647000000000647,0.0,-4.805702628614872e-07
8.648000000000646,0.0,-4.868989855620671e-07
8.649000000000646,0.0,-4.934381061020971e-07
8.650000000000645,0.0,-5.001714208972745e-07
8.651000000000645,0.0,-5.070816770442731e-07
8.652000000000644,0.0,-5.141506309823523e-07
8.653000000000644,0.0,-5.213591145136186e-07
8.654000000000643,0.0,-5.28687108164549e-07
8.655000000000642,0.0,-5.361138210648485e-07
8.656000000000642,0.0,-5.436177771689031e-07
8.657000000000641,0.0,-5.511769077797475e-07
8.65800000000064,0.0,-5.587686486316775e-07
8.65900000000064,0.0,-5.66370042574937e-07
8.66000000000064,0.0,-5.739578453767509e-07
8.661000000000639,0.0,-5.81508636359779e-07
8.662000000000639,0.0,-5.889989302998989e-07
8.663000000000638,0.0,-5.964052923953654e-07
8.664000000000637,0.0,-6.037044545569912e-07
8.665000000000637,0.0,-6.10873430984151e-07
8.666000000000636,0.0,-6.178896354397353e-07
8.667000000000636,0.0,-6.247309957763957e-07
8.668000000000635,0.0,-6.313760675000907e-07
8.669000000000635,0.0,-6.378041445933096e-07
8.670000000000634,0.0,-6.43995367203634e-07
8.671000000000634,0.0,-6.499308241297616e-07
8.672000000000633,0.0,-6.555926523759547e-07
8.673000000000632,0.0,-6.609641288336086e-07
8.674000000000632,0.0,-6.660297577963535e-07
8.675000000000631,0.0,-6.707753504596977e-07
8.67600000000063,0.0,-6.751880973285481e-07
8.67700000000063,0.0,-6.792566324612896e-07
8.67800000000063,0.0,-6.829710897004116e-07
8.679000000000629,0.0,-6.863231495451445e-07
8.680000000000629,0.0,-6.893060772664682e-07
8.681000000000628,0.0,-6.919147511185668e-07
8.682000000000627,0.0,-6.941456808184297e-07
8.683000000000627,0.0,-6.959970168368497e-07
8.684000000000626,0.0,-6.974685485044626e-07
8.685000000000626,0.0,-6.985616930769071e-07
8.686000000000625,0.0,-6.992794743802978e-07
8.687000000000625,0.0,-6.996264918976788e-07
8.688000000000624,0.0,-6.99608879809963e-07
8.689000000000624,0.0,-6.992342566850038e-07
8.690000000000623,0.0,-6.985116665149817e-07
8.691000000000622,0.0,-6.974515105168727e-07
8.692000000000622,0.0,-6.960654707039739e-07
8.693000000000621,0.0,-6.943664258178911e-07
8.69400000000062,0.0,-6.923683594790524e-07
8.69500000000062,0.0,-6.900862624399826e-07
8.69600000000062,0.0,-6.875360278238666e-07
8.69700000000062,0.0,-6.847343414852249e-07
8.698000000000619,0.0,-6.816985673752543e-07
8.699000000000618,0.0,-6.784466285704461e-07
8.700000000000617,0.0,-6.749968861322224e-07
8.701000000000617,0.0,-6.713680137356374e-07
8.702000000000616,0.0,-6.675788721720429e-07
8.703000000000616,0.0,-6.636483820492519e-07
8.704000000000615,0.0,-6.595953967397754e-07
8.705000000000615,0.0,-6.554385765195283e-07
8.706000000000614,0.0,-6.51196264035047e-07
8.707000000000614,0.0,-6.468863626712669e-07
8.708000000000613,0.0,-6.425262186289985e-07
8.709000000000612,0.0,-6.381325074430182e-07
8.710000000000612,0.0,-6.337211267319001e-07
8.711000000000611,0.0,-6.293070947896641e-07
8.71200000000061,0.0,-6.249044574807924e-07
8.71300000000061,0.0,-6.20526204110068e-07
8.71400000000061,0.0,-6.161841929731454e-07
8.71500000000061,0.0,-6.118890875986574e-07
8.716000000000609,0.0,-6.076503065360525e-07
8.717000000000608,0.0,-6.034759856147319e-07
8.718000000000607,0.0,-5.99372955019979e-07
8.719000000000607,0.0,-5.953467330542737e-07
8.720000000000606,0.0,-5.914015369334908e-07
8.721000000000606,0.0,-5.875403123384922e-07
8.722000000000605,0.0,-5.837647822778646e-07
8.723000000000605,0.0,-5.800755190767093e-07
8.724000000000604,0.0,-5.764720375446049e-07
8.725000000000604,0.0,-5.729529140856315e-07
8.726000000000603,0.0,-5.695159300156455e-07
8.727000000000602,0.0,-5.661582438429016e-07
8.728000000000602,0.0,-5.628765916158526e-07
8.729000000000601,0.0,-5.596675184682636e-07
8.7300000000006,0.0,-5.565298964787182e-07
8.7310000000006,0.0,-5.533695487172544e-07
8.7320000000006,0.0,-5.501883183242264e-07
8.7330000000006,0.0,-5.469880259989648e-07
8.734000000000599,0.0,-5.437707687457835e-07
8.735000000000598,0.0,-5.405391741021819e-07
8.736000000000598,0.0,-5.372966132530567e-07
8.737000000000597,0.0,-5.340473766759734e-07
8.738000000000596,0.0,-5.307968131073299e-07
8.739000000000596,0.0,-5.275514355648635e-07
8.740000000000595,0.0,-5.243189978087259e-07
8.741000000000595,0.0,-5.211085402078592e-07
8.742000000000594,0.0,-5.17930410918097e-07
8.743000000000594,0.0,-5.14796262515809e-07
8.744000000000593,0.0,-5.117190264543594e-07
8.745000000000593,0.0,-5.087128679426464e-07
8.746000000000592,0.0,-5.05793122196934e-07
8.747000000000591,0.0,-5.029762148906293e-07
8.74800000000059,0.0,-5.002795684060255e-07
8.74900000000059,0.0,-4.977214944176738e-07
8.75000000000059,0.0,-4.953210767351559e-07
8.75100000000059,0.0,-4.930980445970754e-07
8.752000000000589,0.0,-4.91072636864122e-07
8.753000000000588,0.0,-4.892654619783186e-07
8.754000000000588,0.0,-4.876973512674507e-07
8.755000000000587,0.0,-4.863892096615788e-07
8.756000000000586,0.0,-4.853618638883207e-07
8.757000000000586,0.0,-4.846359103196867e-07
8.758000000000585,0.0,-4.842315623076726e-07
8.759000000000585,0.0,-4.84168499529223e-07
8.760000000000584,0.0,-4.844657198390478e-07
8.761000000000584,0.0,-4.851413943977768e-07
8.762000000000583,0.0,-4.862127279203765e-07
8.763000000000583,0.0,-4.87695824407475e-07
8.764000000000582,0.0,-4.896055583632992e-07
8.765000000000581,0.0,-4.919554547578618e-07
8.76600000000058,0.0,-4.947575756032149e-07
8.76700000000058,0.0,-4.980224165084322e-07
8.76800000000058,0.0,-5.017588110213888e-07
8.76900000000058,0.0,-5.059738467456227e-07
8.770000000000579,0.0,-5.106727900157997e-07
8.771000000000578,0.0,-5.158590227656524e-07
8.772000000000578,0.0,-5.215339897611655e-07
8.773000000000577,0.0,-5.276971578587013e-07
8.774000000000576,0.0,-5.343459865281956e-07
8.775000000000576,0.0,-5.414759105218994e-07
8.776000000000575,0.0,-5.490803338341251e-07
8.777000000000575,0.0,-5.571506365392383e-07
8.778000000000574,0.0,-5.656761922077127e-07
8.779000000000574,0.0,-5.746443977715117e-07
8.780000000000573,0.0,-5.840407139313088e-07
8.781000000000573,0.0,-5.938487176779704e-07
8.782000000000572,0.0,-6.040501638130869e-07
8.783000000000571,0.0,-6.146250586652697e-07
8.784000000000571,0.0,-6.255517411672111e-07
8.78500000000057,0.0,-6.368069750969649e-07
8.78600000000057,0.0,-6.483660483194025e-07
8.78700000000057,0.0,-6.602028803499978e-07
8.788000000000569,0.0,-6.722901369434871e-07
8.789000000000568,0.0,-6.845993507375991e-07
8.790000000000568,0.0,-6.971010478193158e-07
8.791000000000567,0.0,-7.097648786684026e-07
8.792000000000566,0.0,-7.225597524812427e-07
8.793000000000566,0.0,-7.354539759378011e-07
8.794000000000565,0.0,-7.48415392031158e-07
8.795000000000565,0.0,-7.614115223720193e-07
8.796000000000564,0.0,-7.744097082245845e-07
8.797000000000564,0.0,-7.873772522668832e-07
8.798000000000563,0.0,-8.002815583975164e-07
8.799000000000563,0.0,-8.130902699419821e-07
8.800000000000562,0.0,-8.257714050928489e-07
8.801000000000561,0.0,-8.382934885835172e-07
8.802000000000561,0.0,-8.506256791501855e-07
8.80300000000056,0.0,-8.627378925045838e-07
8.80400000000056,0.0,-8.74600918264804e-07
8.80500000000056,0.0,-8.861865311323718e-07
8.806000000000559,0.0,-8.974675949160166e-07
8.807000000000558,0.0,-9.08418160495429e-07
8.808000000000558,0.0,-9.190135552198262e-07
8.809000000000557,0.0,-9.292304650313747e-07
8.810000000000556,0.0,-9.390470080563521e-07
8.811000000000556,0.0,-9.484427999908813e-07
8.812000000000555,0.0,-9.573990110441394e-07
8.813000000000555,0.0,-9.658984136174284e-07
8.814000000000554,0.0,-9.739254216378657e-07
8.815000000000554,0.0,-9.814661210543821e-07
8.816000000000553,0.0,-9.885082910654674e-07
8.817000000000553,0.0,-9.950414176000436e-07
8.818000000000552,0.0,-1.001056696964504e-06
8.819000000000552,0.0,-1.0065470327126814e-06
8.820000000000551,0.0,-1.0115070233537607e-06
8.82100000000055,0.0,-1.0159329427018993e-06
8.82200000000055,0.0,-1.0198227131128867e-06
8.82300000000055,0.0,-1.023175870716251e-06
8.824000000000549,0.0,-1.0259935255085807e-06
8.825000000000548,0.0,-1.0282783143100114e-06
8.826000000000548,0.0,-1.0300343481060807e-06
8.827000000000547,0.0,-1.0312671545636389e-06
8.828000000000547,0.0,-1.0319836155989683e-06
8.829000000000546,0.0,-1.0321919011720832e-06
8.830000000000545,0.0,-1.0319013991178571e-06
8.831000000000545,0.0,-1.0311226417927835e-06
8.832000000000544,0.0,-1.0298672310237636e-06
8.833000000000544,0.0,-1.0281477597934942e-06
8.834000000000543,0.0,-1.0259777334113177e-06
8.835000000000543,0.0,-1.023371489609719e-06
8.836000000000542,0.0,-1.0203441171214961e-06
8.837000000000542,0.0,-1.016911375453541e-06
8.838000000000541,0.0,-1.0130896142559853e-06
8.83900000000054,0.0,-1.0088956932050609e-06
8.84000000000054,0.0,-1.0043469040202623e-06
8.84100000000054,0.0,-9.994608923057405e-07
8.842000000000539,0.0,-9.94255581955329e-07
8.843000000000538,0.0,-9.88749102217931e-07
8.844000000000538,0.0,-9.829597142376683e-07
8.845000000000537,0.0,-9.769057432629939e-07
8.846000000000537,0.0,-9.706055101095202e-07
8.847000000000536,0.0,-9.640772668799223e-07
8.848000000000535,0.0,-9.573391350037853e-07
8.849000000000535,0.0,-9.50409044313936e-07
8.850000000000534,0.0,-9.43304676982681e-07
8.851000000000534,0.0,-9.360434112324713e-07
8.852000000000533,0.0,-9.286422697982146e-07
8.853000000000533,0.0,-9.211178690708354e-07
8.854000000000532,0.0,-9.134863712362634e-07
8.855000000000532,0.0,-9.057634386285792e-07
8.856000000000531,0.0,-8.979641898473022e-07
8.85700000000053,0.0,-8.901031582660402e-07
8.85800000000053,0.0,-8.821942526484784e-07
8.85900000000053,0.0,-8.74250719605382e-07
8.860000000000529,0.0,-8.662851088134284e-07
8.861000000000528,0.0,-8.583092403128723e-07
8.862000000000528,0.0,-8.503341735848923e-07
8.863000000000527,0.0,-8.4237018116736e-07
8.864000000000527,0.0,-8.344267232950284e-07
8.865000000000526,0.0,-8.265124278591584e-07
8.866000000000525,0.0,-8.186350732592816e-07
8.867000000000525,0.0,-8.108015761691029e-07
8.868000000000524,0.0,-8.030179852083738e-07
8.869000000000524,0.0,-7.952894794843356e-07
8.870000000000523,0.0,-7.876203754865548e-07
8.871000000000523,0.0,-7.800141410238305e-07
8.872000000000522,0.0,-7.724734188043139e-07
8.873000000000522,0.0,-7.650000597110883e-07
8.874000000000521,0.0,-7.575951685007987e-07
8.87500000000052,0.0,-7.502591616254856e-07
8.87600000000052,0.0,-7.429918397069423e-07
8.87700000000052,0.0,-7.357924759108642e-07
8.878000000000519,0.0,-7.286599219894047e-07
8.879000000000518,0.0,-7.215927322007076e-07
8.880000000000518,0.0,-7.145893088367367e-07
8.881000000000517,0.0,-7.076485971026609e-07
8.882000000000517,0.0,-7.007706356764954e-07
8.883000000000516,0.0,-6.939559645467652e-07
8.884000000000515,0.0,-6.87205207846263e-07
8.885000000000515,0.0,-6.805192201724183e-07
8.886000000000514,0.0,-6.738992103838044e-07
8.887000000000514,0.0,-6.673468460344582e-07
8.888000000000513,0.0,-6.608643386737966e-07
8.889000000000513,0.0,-6.54454512089731e-07
8.890000000000512,0.0,-6.481208559462834e-07
8.891000000000512,0.0,-6.418675640270755e-07
8.892000000000511,0.0,-6.356995611446944e-07
8.89300000000051,0.0,-6.296225177028151e-07
8.89400000000051,0.0,-6.236428549036251e-07
8.89500000000051,0.0,-6.177677400926006e-07
8.896000000000509,0.0,-6.12005074844914e-07
8.897000000000508,0.0,-6.063634753257557e-07
8.898000000000508,0.0,-6.008522466304704e-07
8.899000000000507,0.0,-5.954813513889397e-07
8.900000000000507,0.0,-5.902613734222805e-07
8.901000000000506,0.0,-5.852034773020768e-07
8.902000000000506,0.0,-5.803193630723452e-07
8.903000000000505,0.0,-5.756212186027775e-07
8.904000000000504,0.0,-5.711216678423569e-07
8.905000000000504,0.0,-5.668337166278934e-07
8.906000000000503,0.0,-5.627706957502826e-07
8.907000000000503,0.0,-5.58946201454458e-07
8.908000000000502,0.0,-5.553740343119666e-07
8.909000000000502,0.0,-5.52068134816559e-07
8.910000000000501,0.0,-5.490425185951124e-07
8.9110000000005,0.0,-5.463112086649036e-07
8.9120000000005,0.0,-5.438881666581044e-07
8.9130000000005,0.0,-5.417872224133406e-07
8.914000000000499,0.0,-5.400220023471813e-07
8.915000000000498,0.0,-5.386058567689743e-07
8.916000000000498,0.0,-5.375517861571395e-07
8.917000000000497,0.0,-5.368723666990579e-07
8.918000000000497,0.0,-5.365796754596692e-07
8.919000000000496,0.0,-5.366852155154928e-07
8.920000000000496,0.0,-5.371998408536095e-07
8.921000000000495,0.0,-5.381336818745019e-07
8.922000000000494,0.0,-5.394960712888263e-07
8.923000000000494,0.0,-5.412954717763702e-07
8.924000000000493,0.0,-5.4353940454401e-07
8.925000000000493,0.0,-5.462343795515917e-07
8.926000000000492,0.0,-5.493858288266811e-07
8.927000000000492,0.0,-5.529980414637033e-07
8.928000000000491,0.0,-5.570741025323292e-07
8.92900000000049,0.0,-5.616158350846103e-07
8.93000000000049,0.0,-5.666237464179542e-07
8.93100000000049,0.0,-5.720969782893325e-07
8.932000000000489,0.0,-5.780332630684834e-07
8.933000000000488,0.0,-5.844288833051705e-07
8.934000000000488,0.0,-5.912786392499516e-07
8.935000000000487,0.0,-5.985758204739552e-07
8.936000000000487,0.0,-6.06312184863417e-07
8.937000000000486,0.0,-6.144779445625239e-07
8.938000000000486,0.0,-6.230617583846093e-07
8.939000000000485,0.0,-6.320507318541386e-07
8.940000000000484,0.0,-6.414304245065511e-07
8.941000000000484,0.0,-6.511848658726652e-07
8.942000000000483,0.0,-6.612965782064019e-07
8.943000000000483,0.0,-6.717466080296168e-07
8.944000000000482,0.0,-6.825145652229279e-07
8.945000000000482,0.0,-6.935786708060475e-07
8.946000000000481,0.0,-7.049158121867228e-07
8.94700000000048,0.0,-7.165016066192209e-07
8.94800000000048,0.0,-7.283104724920096e-07
8.94900000000048,0.0,-7.403157082577568e-07
8.950000000000479,0.0,-7.524895782844716e-07
8.951000000000478,0.0,-7.648034065531307e-07
8.952000000000478,0.0,-7.772276763231135e-07
8.953000000000477,0.0,-7.897321362668091e-07
8.954000000000477,0.0,-8.022859124403093e-07
8.955000000000476,0.0,-8.148576260630212e-07
8.956000000000476,0.0,-8.274155150908582e-07
8.957000000000475,0.0,-8.399275609068127e-07
8.958000000000474,0.0,-8.523616179176338e-07
8.959000000000474,0.0,-8.646855462690118e-07
8.960000000000473,0.0,-8.768673472190687e-07
8.961000000000473,0.0,-8.888752990123884e-07
8.962000000000472,0.0,-9.006780941181897e-07
8.963000000000472,0.0,-9.122449762700923e-07
8.964000000000471,0.0,-9.235458768546856e-07
8.96500000000047,0.0,-9.345515491291619e-07
8.96600000000047,0.0,-9.452337003314054e-07
8.96700000000047,0.0,-9.55565121109549e-07
8.968000000000469,0.0,-9.655198095410688e-07
8.969000000000468,0.0,-9.750730912718585e-07
8.970000000000468,0.0,-9.842017346424755e-07
8.971000000000467,0.0,-9.928840574838262e-07
8.972000000000467,0.0,-1.0011000292210945e-06
8.973000000000466,0.0,-1.008831363548057e-06
8.974000000000466,0.0,-1.016061603291136e-06
8.975000000000465,0.0,-1.022776196493392e-06
8.976000000000464,0.0,-1.0289625625510684e-06
8.977000000000464,0.0,-1.0346101486908373e-06
8.978000000000463,0.0,-1.039710475746318e-06
8.979000000000463,0.0,-1.0442571731004993e-06
8.980000000000462,0.0,-1.0482460023132863e-06
8.981000000000462,0.0,-1.0516748702944745e-06
8.982000000000461,0.0,-1.0545438291555636e-06
8.98300000000046,0.0,-1.0568550659922838e-06
8.98400000000046,0.0,-1.0586128802614264e-06
8.98500000000046,0.0,-1.0598236493743629e-06
8.986000000000459,0.0,-1.0604957834861051e-06
8.987000000000458,0.0,-1.0606396675559529e-06
8.988000000000458,0.0,-1.0602675941987493e-06
8.989000000000457,0.0,-1.0593936836961694e-06
8.990000000000457,0.0,-1.0580337956000622e-06
8.991000000000456,0.0,-1.056205429306995e-06
8.992000000000456,0.0,-1.0539276157362466e-06
8.993000000000455,0.0,-1.0512207993847198e-06
8.994000000000455,0.0,-1.0481067143634163e-06
8.995000000000454,0.0,-1.0446082503798555e-06
8.996000000000453,0.0,-1.0407493142003872e-06
8.997000000000453,0.0,-1.036554684235818e-06
8.998000000000452,0.0,-1.0320498603377271e-06
8.999000000000452,0.0,-1.0272609094891849e-06
