time_s,left_foot_z_m
0.0,0.002515037152204993
0.001,0.0025159252662729746
0.002,0.0025167865870172196
0.003,0.0025176218602245004
0.004,0.0025184318111339844
0.005,0.0025192171450287675
0.006,0.002519978547808832
0.007,0.002520716686546274
0.008,0.0025214322100237177
0.009000000000000001,0.002522125749255765
0.010000000000000002,0.002522797917994663
0.011000000000000003,0.002523449313220478
0.012000000000000004,0.002524080515616225
0.013000000000000005,0.0025246920900283444
0.014000000000000005,0.002525284585913664
0.015000000000000006,0.002525858537772121
0.016000000000000007,0.0025264144655667703
0.017000000000000008,0.0025269528751311436
0.01800000000000001,0.0025274742585640227
0.01900000000000001,0.0025279790946123107
0.02000000000000001,0.002528467849042919
0.02100000000000001,0.0025289409750026623
0.022000000000000013,0.0025293989133682165
0.023000000000000013,0.0025298420930848116
0.024000000000000014,0.0025302709314955103
0.025000000000000015,0.0025306858346603595
0.026000000000000016,0.002531087197666128
0.027000000000000017,0.0025314754049268404
0.028000000000000018,0.0025318508304753365
0.02900000000000002,0.0025322138382467274
0.03000000000000002,0.0025325647823527843
0.03100000000000002,0.0025329040073490197
0.03200000000000002,0.0025332318484933107
0.03300000000000002,0.002533548631997555
0.03400000000000002,0.0025338546752718787
0.035000000000000024,0.0025341502871610924
0.036000000000000025,0.0025344357681756323
0.037000000000000026,0.00253471141071486
0.03800000000000003,0.0025349774992839066
0.03900000000000003,0.002535234310705344
0.04000000000000003,0.0025354821143234764
0.04100000000000003,0.002535721172203957
0.04200000000000003,0.0025359517393273093
0.04300000000000003,0.002536174063776729
0.04400000000000003,0.0025363883869212525
0.04500000000000003,0.002536594943593224
0.046000000000000034,0.0025367939622613356
0.047000000000000035,0.0025369856651984504
0.048000000000000036,0.0025371702686451947
0.04900000000000004,0.0025373479829683687
0.05000000000000004,0.002537519012816153
0.05100000000000004,0.002537683557267967
0.05200000000000004,0.0025378418099810396
0.05300000000000004,0.002537993959332366
0.05400000000000004,0.0025381401885576395
0.05500000000000004,0.0025382806758856777
0.05600000000000004,0.0025384155946700203
0.057000000000000044,0.002538545113516054
0.058000000000000045,0.0025386693964060195
0.059000000000000045,0.0025387886028196555
0.060000000000000046,0.0025389028878522076
0.06100000000000005,0.002539012402329316
0.06200000000000005,0.002539117292918735
0.06300000000000004,0.002539217702239485
0.06400000000000004,0.002539313768967655
0.06500000000000004,0.0025394056279401493
0.06600000000000004,0.0025394934102552884
0.06700000000000005,0.0025395772433708143
0.06800000000000005,0.0025396572512000753
0.06900000000000005,0.0025397335542046845
0.07000000000000005,0.0025398062694858073
0.07100000000000005,0.0025398755108726676
0.07200000000000005,0.002539941389008999
0.07300000000000005,0.002540004011436968
0.07400000000000005,0.0025400634826798843
0.07500000000000005,0.002540119904321441
0.07600000000000005,0.002540173375084446
0.07700000000000005,0.0025402239909066322
0.07800000000000006,0.002540271845014982
0.07900000000000006,0.00254031702799808
0.08000000000000006,0.0025403596278767183
0.08100000000000006,0.0025403997301727127
0.08200000000000006,0.002540437417976025
0.08300000000000006,0.00254047277201027
0.08400000000000006,0.002540505870696687
0.08500000000000006,0.0025405367902163675
0.08600000000000006,0.0025405656045706902
0.08700000000000006,0.002540592385641041
0.08800000000000006,0.002540617203246366
0.08900000000000007,0.002540640125199528
0.09000000000000007,0.002540661217362093
0.09100000000000007,0.002540680543698215
0.09200000000000007,0.0025406981663266756
0.09300000000000007,0.0025407141455719914
0.09400000000000007,0.0025407285400136717
0.09500000000000007,0.0025407414065352907
0.09600000000000007,0.002540752800371124
0.09700000000000007,0.002540762775152434
0.09800000000000007,0.002540771382952455
0.09900000000000007,0.0025407786743296863
0.10000000000000007,0.002540784698370945
0.10100000000000008,0.0025407895027326557
0.10200000000000008,0.002540793133681222
0.10300000000000008,0.002540795636132808
0.10400000000000008,0.0025407970536912225
0.10500000000000008,0.0025407974286858377
0.10600000000000008,0.0025407968022075032
0.10700000000000008,0.0025407952141444368
0.10800000000000008,0.002540792703216447
0.10900000000000008,0.0025407893070086424
0.11000000000000008,0.0025407850620041694
0.11100000000000008,0.0025407800036161172
0.11200000000000009,0.0025407741662182327
0.11300000000000009,0.002540767583175337
0.11400000000000009,0.0025407602868724247
0.11500000000000009,0.0025407523087433367
0.11600000000000009,0.002540743679298265
0.11700000000000009,0.0025407344281507573
0.11800000000000009,0.0025407245840439567
0.11900000000000009,0.0025407141748761096
0.12000000000000009,0.0025407032277250004
0.1210000000000001,0.0025406917688721303
0.1220000000000001,0.0025406798238260878
0.1230000000000001,0.002540667417344919
0.1240000000000001,0.002540654573458312
0.12500000000000008,0.002540641315488871
0.12600000000000008,0.002540627666072749
0.12700000000000009,0.0025406136471796195
0.12800000000000009,0.00254059928013221
0.1290000000000001,0.0025405845856252204
0.1300000000000001,0.002540569583743414
0.1310000000000001,0.0025405542939793864
0.1320000000000001,0.002540538735250831
0.1330000000000001,0.0025405229259171
0.1340000000000001,0.0025405068837950837
0.1350000000000001,0.002540490626175177
0.1360000000000001,0.0025404741698358962
0.1370000000000001,0.0025404575310589567
0.1380000000000001,0.0025404407256429673
0.1390000000000001,0.002540423768917357
0.1400000000000001,0.0025404066757553634
0.1410000000000001,0.002540389460587149
0.1420000000000001,0.002540372137411682
0.1430000000000001,0.002540354719809061
0.1440000000000001,0.0025403372209519513
0.1450000000000001,0.0025403196536167363
0.1460000000000001,0.0025403020301941366
0.1470000000000001,0.0025402843626999537
0.1480000000000001,0.0025402666627848333
0.1490000000000001,0.0025402489417443823
0.1500000000000001,0.0025402312105281995
0.1510000000000001,0.0025402134797491253
0.1520000000000001,0.002540195759692363
0.1530000000000001,0.0025401780603234066
0.1540000000000001,0.002540160391296887
0.1550000000000001,0.0025401427619639906
0.1560000000000001,0.0025401251813809735
0.1570000000000001,0.002540107658315815
0.1580000000000001,0.002540090201256111
0.1590000000000001,0.0025400728184158602
0.16000000000000011,0.002540055517742515
0.16100000000000012,0.002540038306923568
0.16200000000000012,0.0025400211933931174
0.16300000000000012,0.002540004184338064
0.16400000000000012,0.0025399872867046744
0.16500000000000012,0.0025399705072043435
0.16600000000000012,0.0025399538523196916
0.16700000000000012,0.0025399373283104057
0.16800000000000012,0.0025399209412190656
0.16900000000000012,0.002539904696876611
0.17000000000000012,0.0025398886009080877
0.17100000000000012,0.002539872658738524
0.17200000000000013,0.002539856875597761
0.17300000000000013,0.0025398412565265753
0.17400000000000013,0.002539825806381936
0.17500000000000013,0.002539810529842503
0.17600000000000013,0.002539795431414065
0.17700000000000013,0.0025397805154352276
0.17800000000000013,0.002539765786083052
0.17900000000000013,0.0025397512473784405
0.18000000000000013,0.00253973690319231
0.18100000000000013,0.0025397227572511345
0.18200000000000013,0.0025397088131429366
0.18300000000000013,0.002539695074323365
0.18400000000000014,0.00253968154412218
0.18500000000000014,0.0025396682257493204
0.18600000000000014,0.0025396551223016844
0.18700000000000014,0.002539642236769793
0.18800000000000014,0.00253962957204475
0.18900000000000014,0.00253961713092566
0.19000000000000014,0.002539604916126901
0.19100000000000014,0.002539592930285866
0.19200000000000014,0.0025395811759710077
0.19300000000000014,0.002539569655690223
0.19400000000000014,0.0025395583718994252
0.19500000000000015,0.00253954732701131
0.19600000000000015,0.002539536523405172
0.19700000000000015,0.0025395259634359083
0.19800000000000015,0.00253951564944482
0.19900000000000015,0.002539505583769572
0.20000000000000015,0.0025394957687552913
0.20100000000000015,0.0025394862067659035
0.20200000000000015,0.0025394769000804535
0.20300000000000015,0.002539467850712674
0.20400000000000015,0.002539459060456474
0.20500000000000015,0.0025394505310070287
0.20600000000000016,0.002539442263973509
0.20700000000000016,0.002539434260891916
0.20800000000000016,0.0025394265232363024
0.20900000000000016,0.002539419052429385
0.21000000000000016,0.0025394118498516874
0.21100000000000016,0.0025394049168507363
0.21200000000000016,0.0025393982547483804
0.21300000000000016,0.0025393918648479487
0.21400000000000016,0.0025393857484408283
0.21500000000000016,0.00253937990681196
0.21600000000000016,0.002539374341244925
0.21700000000000016,0.0025393690530266314
0.21800000000000017,0.0025393640434510784
0.21900000000000017,0.0025393593138230454
0.22000000000000017,0.0025393548654608807
0.22100000000000017,0.0025393506996993984
0.22200000000000017,0.002539346817892016
0.22300000000000017,0.002539343221412641
0.22400000000000017,0.002539339911657241
0.22500000000000017,0.0025393368900451796
0.22600000000000017,0.002539334158020448
0.22700000000000017,0.002539331717052007
0.22800000000000017,0.0025393295686348648
0.22900000000000018,0.002539327714290336
0.23000000000000018,0.002539326155566155
0.23100000000000018,0.002539324894037017
0.23200000000000018,0.002539323931303881
0.23300000000000018,0.0025393232689946976
0.23400000000000018,0.0025393229087636963
0.23500000000000018,0.0025393228522912308
0.23600000000000018,0.0025393231012834326
0.23700000000000018,0.0025393236574722325
0.23800000000000018,0.002539324522614423
0.23900000000000018,0.002539325698491742
0.24000000000000019,0.0025393271869102486
0.2410000000000002,0.0025393289896999405
0.2420000000000002,0.00253933110871463
0.2430000000000002,0.0025393335458312634
0.2440000000000002,0.002539336302949797
0.2450000000000002,0.0025393393819929354
0.2460000000000002,0.0025393427849059215
0.2470000000000002,0.002539346513656185
0.2480000000000002,0.0025393505702335437
0.2490000000000002,0.002539354956649729
0.25000000000000017,0.0025393596749388667
0.25100000000000017,0.002539364727157191
0.25200000000000017,0.0025393701153834103
0.25300000000000017,0.002539375841718792
0.25400000000000017,0.0025393819082874525
0.25500000000000017,0.0025393883172370145
0.25600000000000017,0.002539395070738689
0.2570000000000002,0.002539402170988043
0.2580000000000002,0.0025394096202056744
0.2590000000000002,0.0025394174206376796
0.2600000000000002,0.0025394255745566884
0.2610000000000002,0.0025394340842625797
0.2620000000000002,0.0025394429520833803
0.2630000000000002,0.0025394521803765516
0.2640000000000002,0.0025394617715299786
0.2650000000000002,0.002539471727963011
0.2660000000000002,0.0025394820521277804
0.2670000000000002,0.0025394927465107464
0.2680000000000002,0.0025395038136338324
0.2690000000000002,0.002539515256056262
0.2700000000000002,0.002539527076375673
0.2710000000000002,0.0025395392772299755
0.2720000000000002,0.0025395518612991094
0.2730000000000002,0.002539564831306726
0.2740000000000002,0.002539578190021742
0.2750000000000002,0.0025395919402606375
0.2760000000000002,0.0025396060848890643
0.2770000000000002,0.002539620626823825
0.2780000000000002,0.0025396355690350016
0.2790000000000002,0.002539650914547942
0.2800000000000002,0.0025396666664452665
0.2810000000000002,0.002539682827869167
0.2820000000000002,0.0025396994020233897
0.2830000000000002,0.002539716392175446
0.2840000000000002,0.002539733801658995
0.2850000000000002,0.002539751633875764
0.2860000000000002,0.002539769892298163
0.2870000000000002,0.0025397885804711237
0.2880000000000002,0.002539807702014729
0.2890000000000002,0.0025398272606262894
0.2900000000000002,0.0025398472600827206
0.2910000000000002,0.0025398677042426897
0.2920000000000002,0.0025398885970489664
0.2930000000000002,0.00253990994253072
0.2940000000000002,0.0025399317448055493
0.2950000000000002,0.0025399540080819835
0.2960000000000002,0.0025399767366615193
0.2970000000000002,0.0025399999349408273
0.2980000000000002,0.0025400236074137814
0.2990000000000002,0.0025400477586737837
0.3000000000000002,0.0025400723934156447
0.3010000000000002,0.0025400975164376026
0.3020000000000002,0.002540123132643606
0.3030000000000002,0.0025401492470447547
0.3040000000000002,0.0025401758647616325
0.3050000000000002,0.002540202991025916
0.3060000000000002,0.0025402306311820937
0.3070000000000002,0.0025402587906891913
0.3080000000000002,0.0025402874751226726
0.3090000000000002,0.0025403166901756882
0.3100000000000002,0.0025403464416606583
0.3110000000000002,0.0025403767355107985
0.3120000000000002,0.0025404075777813798
0.3130000000000002,0.002540438974651206
0.3140000000000002,0.0025404709324234574
0.3150000000000002,0.002540503457527068
0.3160000000000002,0.002540536556517786
0.3170000000000002,0.0025405702360789435
0.3180000000000002,0.002540604503022608
0.31900000000000023,0.0025406393642900676
0.32000000000000023,0.0025406748269527803
0.32100000000000023,0.002540710898212832
0.32200000000000023,0.002540747585403555
0.32300000000000023,0.0025407848959900607
0.32400000000000023,0.002540822837569557
0.32500000000000023,0.0025408614178714754
0.32600000000000023,0.0025409006447580026
0.32700000000000023,0.002540940526224056
0.32800000000000024,0.0025409810703973384
0.32900000000000024,0.002541022285538503
0.33000000000000024,0.0025410641800409223
0.33100000000000024,0.0025411067624307206
0.33200000000000024,0.0025411500413663295
0.33300000000000024,0.002541194025638866
0.33400000000000024,0.0025412387241711895
0.33500000000000024,0.0025412841460180566
0.33600000000000024,0.002541330300365619
0.33700000000000024,0.0025413771965311846
0.33800000000000024,0.0025414248439627717
0.33900000000000025,0.0025414732522387774
0.34000000000000025,0.0025415224310677796
0.34100000000000025,0.002541572390288002
0.34200000000000025,0.0025416231398671697
0.34300000000000025,0.00254167468990224
0.34400000000000025,0.0025417270506191206
0.34500000000000025,0.0025417802323726736
0.34600000000000025,0.0025418342456466313
0.34700000000000025,0.0025418891010536328
0.34800000000000025,0.0025419448093356237
0.34900000000000025,0.002542001381363599
0.35000000000000026,0.0025420588281388837
0.35100000000000026,0.0025421171607931843
0.35200000000000026,0.0025421763905895504
0.35300000000000026,0.0025422365289236235
0.35400000000000026,0.0025422975873245213
0.35500000000000026,0.002542359577456837
0.35600000000000026,0.0025424225111221194
0.35700000000000026,0.0025424864002610154
0.35800000000000026,0.002542551256955756
0.35900000000000026,0.002542617093432977
0.36000000000000026,0.002542683922066649
0.36100000000000027,0.002542751755382027
0.36200000000000027,0.002542820606059145
0.36300000000000027,0.002542890486937569
0.36400000000000027,0.0025429614110212516
0.36500000000000027,0.002543033391483828
0.36600000000000027,0.0025431064416747105
0.36700000000000027,0.0025431805751255955
0.36800000000000027,0.002543255805557521
0.36900000000000027,0.002543332146888816
0.3700000000000003,0.002543409613243286
0.3710000000000003,0.002543488218959538
0.3720000000000003,0.0025435679786006762
0.3730000000000003,0.0025436489069651062
0.3740000000000003,0.002543731019097755
0.3750000000000003,0.002543814330302676
0.3760000000000003,0.0025438988561555
0.3770000000000003,0.0025439846125182054
0.3780000000000003,0.00254407161555353
0.3790000000000003,0.002544159881741049
0.3800000000000003,0.0025442494278942913
0.3810000000000003,0.002544340271178412
0.3820000000000003,0.0025444324291294604
0.3830000000000003,0.002544525919674398
0.3840000000000003,0.002544620761152739
0.3850000000000003,0.002544716972338712
0.3860000000000003,0.002544814572465314
0.3870000000000003,0.0025449135812495166
0.3880000000000003,0.002545014018918358
0.3890000000000003,0.002545115906236895
0.3900000000000003,0.0025452192645374246
0.3910000000000003,0.002545324115750331
0.3920000000000003,0.002545430482435891
0.3930000000000003,0.002545538387818607
0.3940000000000003,0.0025456478558219843
0.3950000000000003,0.0025457589111062898
0.3960000000000003,0.002545871579106806
0.3970000000000003,0.002545985886074846
0.3980000000000003,0.0025461018591199196
0.3990000000000003,0.002546219526254445
0.4000000000000003,0.0025463389164399053
0.4010000000000003,0.002546460059635554
0.4020000000000003,0.0025467668013556786
0.4030000000000003,0.0025471375853691816
0.4040000000000003,0.002547719614976598
0.4050000000000003,0.002548655581869518
0.4060000000000003,0.00255008371468312
0.4070000000000003,0.002552137827344498
0.4080000000000003,0.0025549473672258037
0.4090000000000003,0.0025586374631105108
0.4100000000000003,0.002563328972980304
0.4110000000000003,0.0025691385316305784
0.4120000000000003,0.002576178598121766
0.4130000000000003,0.0025845575030728207
0.4140000000000003,0.0025943794958037773
0.4150000000000003,0.0026057447913348866
0.4160000000000003,0.002618749617246851
0.4170000000000003,0.002633486260409632
0.4180000000000003,0.0026500431135863603
0.4190000000000003,0.002668504721916893
0.4200000000000003,0.002688951829289011
0.4210000000000003,0.002711461424601061
0.4220000000000003,0.0027361067879247067
0.4230000000000003,0.0027629575365707773
0.4240000000000003,0.0027920796710671214
0.4250000000000003,0.0028235356210517606
0.4260000000000003,0.0028573842910893724
0.4270000000000003,0.002893681106415715
0.4280000000000003,0.0029324780586164334
0.4290000000000003,0.0029738237512457674
0.4300000000000003,0.0030177634453911126
0.4310000000000003,0.003064339105189537
0.43200000000000033,0.0031135894433010347
0.43300000000000033,0.003165549966344418
0.43400000000000033,0.003220253020301926
0.43500000000000033,0.003277727835896506
0.43600000000000033,0.003338000573948424
0.43700000000000033,0.0034010943707148966
0.43800000000000033,0.003467029383217829
0.43900000000000033,0.0035358228345652443
0.44000000000000034,0.0036074890592693587
0.44100000000000034,0.0036820395485660518
0.44200000000000034,0.003759482995739784
0.44300000000000034,0.00383982534145786
0.44400000000000034,0.003923069819115874
0.44500000000000034,0.004009217000199725
0.44600000000000034,0.004098264839664939
0.44700000000000034,0.004190208721337053
0.44800000000000034,0.004285041503334815
0.44900000000000034,0.004382753563518152
0.45000000000000034,0.004483332844962273
0.45100000000000035,0.004586764901460254
0.45200000000000035,0.004693032943053337
0.45300000000000035,0.004802117881591905
0.45400000000000035,0.004913998376325092
0.45500000000000035,0.005028650879522041
0.45600000000000035,0.005146049682121942
0.45700000000000035,0.005266166959415182
0.45800000000000035,0.005388972816752456
0.45900000000000035,0.005514435335283702
0.46000000000000035,0.005642520617723641
0.46100000000000035,0.0057731928341445415
0.46200000000000035,0.005906414267793578
0.46300000000000036,0.0060421453609343714
0.46400000000000036,0.00618034476071027
0.46500000000000036,0.0063209693650281285
0.46600000000000036,0.006463974368460967
0.46700000000000036,0.006609313308166817
0.46800000000000036,0.0067569381098227105
0.46900000000000036,0.006906799133571284
0.47000000000000036,0.007058845219977787
0.47100000000000036,0.00721302373599618
0.47200000000000036,0.007369280620941117
0.47300000000000036,0.007527560432464837
0.47400000000000037,0.007687806392536363
0.47500000000000037,0.007849960433420664
0.47600000000000037,0.008013963243656795
0.47700000000000037,0.008179754314032138
0.47800000000000037,0.008347271983550987
0.47900000000000037,0.008516453485396508
0.48000000000000037,0.008687234992883243
0.48100000000000037,0.008859551665399007
0.4820000000000004,0.00903333769433523
0.4830000000000004,0.009208526349002703
0.4840000000000004,0.009385050022533134
0.4850000000000004,0.009562840277764065
0.4860000000000004,0.009741827893106104
0.4870000000000004,0.009921942908392052
0.4880000000000004,0.010103114670706029
0.4890000000000004,0.010285271880192355
0.4900000000000004,0.010468342635842863
0.4910000000000004,0.01065225448126278
0.4920000000000004,0.01083693445041354
0.4930000000000004,0.011022309113332594
0.4940000000000004,0.01120830462182968
0.4950000000000004,0.011394846755159255
0.4960000000000004,0.011581860965668538
0.4970000000000004,0.0117692724244216
0.4980000000000004,0.011957006066798406
0.4990000000000004,0.012144986638069788
0.5000000000000003,0.012333138738947445
0.5010000000000003,0.012521386871110075
0.5020000000000003,0.012709655482704425
0.5030000000000003,0.012897869013822928
0.5040000000000003,0.01308595194195715
0.5050000000000003,0.0132738288274271
0.5060000000000003,0.013461424358788492
0.5070000000000003,0.013648663398215875
0.5080000000000003,0.013835471026863742
0.5090000000000003,0.014021772590205601
0.5100000000000003,0.01420749374335125
0.5110000000000003,0.014392560496342938
0.5120000000000003,0.0145768992594308
0.5130000000000003,0.014760436888328246
0.5140000000000003,0.014943100729447573
0.5150000000000003,0.015124818665116675
0.5160000000000003,0.015305519158777092
0.5170000000000003,0.01548513130016417
0.5180000000000003,0.015663584850469432
0.5190000000000003,0.01584081028748715
0.5200000000000004,0.01601673885074316
0.5210000000000004,0.01619130258660928
0.5220000000000004,0.016364434393401822
0.5230000000000004,0.016536068066465626
0.5240000000000004,0.01670613834324445
0.5250000000000004,0.01687458094833736
0.5260000000000004,0.017041332638542274
0.5270000000000004,0.017206331247887473
0.5280000000000004,0.017369515732650623
0.5290000000000004,0.017530826216366743
0.5300000000000004,0.017690204034825373
0.5310000000000004,0.017847591781056847
0.5320000000000004,0.018002933350308906
0.5330000000000004,0.018156173985014103
0.5340000000000004,0.018307260319747637
0.5350000000000004,0.018456140426176854
0.5360000000000004,0.018602763858002566
0.5370000000000004,0.018747081695892627
0.5380000000000004,0.018889046592407963
0.5390000000000004,0.019028612816921815
0.5400000000000004,0.019165736300532567
0.5410000000000004,0.01930037468096968
0.5420000000000004,0.01943248734749458
0.5430000000000004,0.019562035485795375
0.5440000000000004,0.019688982122876772
0.5450000000000004,0.019813292171945093
0.5460000000000004,0.019934932477288794
0.5470000000000004,0.020053871859154367
0.5480000000000004,0.020170081158619367
0.5490000000000004,0.020283533282460485
0.5500000000000004,0.02039420324801982
0.5510000000000004,0.020502068228067154
0.5520000000000004,0.020607107595660125
0.5530000000000004,0.020709302969001857
0.5540000000000004,0.0208086382562968
0.5550000000000004,0.020905099700604703
0.5560000000000004,0.020998675924693573
0.5570000000000004,0.021089357975891024
0.5580000000000004,0.021177139370935676
0.5590000000000004,0.021262016140827872
0.5600000000000004,0.021343986875680475
0.5610000000000004,0.021423052769570315
0.5620000000000004,0.021499217665390306
0.5630000000000004,0.021572488099703274
0.5640000000000004,0.02164287334759698
0.5650000000000004,0.02171038546754201
0.5660000000000004,0.021775039346251857
0.5670000000000004,0.02183685274354706
0.5680000000000004,0.021895846337222226
0.5690000000000004,0.021952043767918566
0.5700000000000004,0.022005471684000875
0.5710000000000004,0.022056159786440828
0.5720000000000004,0.02210414087370622
0.5730000000000004,0.022149450886658408
0.5740000000000004,0.022192128953457436
0.5750000000000004,0.022232217434476155
0.5760000000000004,0.022269761967224744
0.5770000000000004,0.022304811511286313
0.5780000000000004,0.022337418393264002
0.5790000000000004,0.022367638351742214
0.5800000000000004,0.022395530582261583
0.5810000000000004,0.02242115778231015
0.5820000000000004,0.022444586196331336
0.5830000000000004,0.022465885660750536
0.5840000000000004,0.022485129649021926
0.5850000000000004,0.022502395316696032
0.5860000000000004,0.022517763546511978
0.5870000000000004,0.0225313189935129
0.5880000000000004,0.02254315013018978
0.5890000000000004,0.02255334929165273
0.5900000000000004,0.022562012720833684
0.5910000000000004,0.02256924061372126
0.5920000000000004,0.022575137164630638
0.5930000000000004,0.02257981061151037
0.5940000000000004,0.022583373281288205
0.5950000000000004,0.022585941635258712
0.5960000000000004,0.022587636314514457
0.5970000000000004,0.022588582185423638
0.5980000000000004,0.02258890838515576
0.5990000000000004,0.022588748367259347
0.6000000000000004,0.022588239947292463
0.6010000000000004,0.02258752534850894
0.6020000000000004,0.022586751247603516
0.6030000000000004,0.022585992582906396
0.6040000000000004,0.02258517314850248
0.6050000000000004,0.022584143421332283
0.6060000000000004,0.022582758481845898
0.6070000000000004,0.022580877966487743
0.6080000000000004,0.022578366020135424
0.6090000000000004,0.02257509124849707
0.6100000000000004,0.022570926670470975
0.6110000000000004,0.02256574967047257
0.6120000000000004,0.022559441950732506
0.6130000000000004,0.02255188948357078
0.6140000000000004,0.022542982463649178
0.6150000000000004,0.0225326152602077
0.6160000000000004,0.02252068636928714
0.6170000000000004,0.02250709836594169
0.6180000000000004,0.022491757856445173
0.6190000000000004,0.02247457543049272
0.6200000000000004,0.022455465613402642
0.6210000000000004,0.022434346818319253
0.6220000000000004,0.022411141298420395
0.6230000000000004,0.022385775099131235
0.6240000000000004,0.022358178010347056
0.6250000000000004,0.022328283518666954
0.6260000000000004,0.022296028759639576
0.6270000000000004,0.02226135447002367
0.6280000000000004,0.022224204940063913
0.6290000000000004,0.02218452796578424
0.6300000000000004,0.022142274801299607
0.6310000000000004,0.022097400111146977
0.6320000000000005,0.022049861922637
0.6330000000000005,0.021999621578227248
0.6340000000000005,0.021946643687917627
0.6350000000000005,0.021890896081668394
0.6360000000000005,0.021832349761841903
0.6370000000000005,0.021770978855668456
0.6380000000000005,0.02170676056773596
0.6390000000000005,0.021639675132504956
0.6400000000000005,0.021569705766848163
0.6410000000000005,0.021496838622615276
0.6420000000000005,0.021421062739223347
0.6430000000000005,0.021342369996272155
0.6440000000000005,0.02126075506618509
0.6450000000000005,0.021176215366875778
0.6460000000000005,0.02108875101443962
0.6470000000000005,0.020998364775870956
0.6480000000000005,0.02090506202180515
0.6490000000000005,0.020808850679285847
0.6500000000000005,0.020709741184556853
0.6510000000000005,0.020607746435879065
0.6520000000000005,0.020502881746371444
0.6530000000000005,0.020395164796876322
0.6540000000000005,0.020284615588848948
0.6550000000000005,0.02017125639727045
0.6560000000000005,0.020055111723584547
0.6570000000000005,0.01993620824865712
0.6580000000000005,0.019814574785759625
0.6590000000000005,0.019690242233574164
0.6600000000000005,0.019563243529221924
0.6610000000000005,0.01943361360131337
0.6620000000000005,0.019301389323020682
0.6630000000000005,0.01916660946517186
0.6640000000000005,0.019029314649366413
0.6650000000000005,0.018889547301112294
0.6660000000000005,0.018747351602984103
0.6670000000000005,0.018602773447802083
0.6680000000000005,0.018455860391831454
0.6690000000000005,0.018306661608003205
0.6700000000000005,0.018155227839154284
0.6710000000000005,0.018001611351288402
0.6720000000000005,0.017845865886856972
0.6730000000000005,0.01768804661805968
0.6740000000000005,0.01752821010016497
0.6750000000000005,0.0173664142248501
0.6760000000000005,0.017202718173561025
0.6770000000000005,0.017037182370891274
0.6780000000000005,0.01686986843798015
0.6790000000000005,0.01670083914593122
0.6800000000000005,0.016530158369248232
0.6810000000000005,0.016357891039291875
0.6820000000000005,0.01618410309775422
0.6830000000000005,0.0160088614501532
0.6840000000000005,0.01583223391934538
0.6850000000000005,0.015654289199057744
0.6860000000000005,0.015475096807438353
0.6870000000000005,0.015294727040625657
0.6880000000000005,0.015113250926336544
0.6890000000000005,0.014930740177473145
0.6900000000000005,0.014747267145747603
0.6910000000000005,0.014562904775326152
0.6920000000000005,0.014377726556490805
0.6930000000000005,0.014191806479319433
0.6940000000000005,0.01400521898738432
0.6950000000000005,0.013818038931468261
0.6960000000000005,0.01363034152329836
0.6970000000000005,0.01344220228929792
0.6980000000000005,0.013253697024355339
0.6990000000000005,0.013064901745610098
0.7000000000000005,0.012875892646255813
0.7010000000000005,0.012686746049359751
0.7020000000000005,0.012497538361698438
0.7030000000000005,0.012308346027609371
0.7040000000000005,0.012119245482857456
0.7050000000000005,0.011930313108517374
0.7060000000000005,0.011741625184869361
0.7070000000000005,0.011553257845309306
0.7080000000000005,0.011365287030271995
0.7090000000000005,0.01117778844116675
0.7100000000000005,0.01099083749432505
0.7110000000000005,0.010804509274958712
0.7120000000000005,0.010618878491128643
0.7130000000000005,0.01043401942772245
0.7140000000000005,0.010250005900440645
0.7150000000000005,0.010066911209789364
0.7160000000000005,0.009884808095079772
0.7170000000000005,0.009703768688431959
0.7180000000000005,0.009523864468782131
0.7190000000000005,0.009345166215892903
0.7200000000000005,0.009167743964363415
0.7210000000000005,0.008991666957639526
0.7220000000000005,0.008817003602021548
0.7230000000000005,0.008643821420668468
0.7240000000000005,0.008472187007596547
0.7250000000000005,0.008302165981671245
0.7260000000000005,0.0081338229405898
0.7270000000000005,0.007967221414853877
0.7280000000000005,0.007802423821729257
0.7290000000000005,0.007639491419191603
0.7300000000000005,0.007478484259855957
0.7310000000000005,0.007319461144888351
0.7320000000000005,0.007162479577897472
0.7330000000000005,0.007007595718804632
0.7340000000000005,0.006854864337689871
0.7350000000000005,0.00670433876861317
0.7360000000000005,0.006556070863408071
0.7370000000000005,0.006410110945446218
0.7380000000000005,0.006266507763371801
0.7390000000000005,0.006125308444803815
0.7400000000000005,0.0059865584500043215
0.7410000000000005,0.005850301525512407
0.7420000000000005,0.005716579657741458
0.7430000000000005,0.005585433026539924
0.7440000000000005,0.005456899958713457
0.7450000000000006,0.005331016881508804
0.7460000000000006,0.005207818276057895
0.7470000000000006,0.005087336630783021
0.7480000000000006,0.004969602394761796
0.7490000000000006,0.004854643931052852
0.7500000000000006,0.004742487469982626
0.7510000000000006,0.004633157062393076
0.7520000000000006,0.004526674532852368
0.7530000000000006,0.004423059432829002
0.7540000000000006,0.00432232899383081
0.7550000000000006,0.004224498080510994
0.7560000000000006,0.00412957914374229
0.7570000000000006,0.00403758217366304
0.7580000000000006,0.003948514652695828
0.7590000000000006,0.003862381508543164
0.7600000000000006,0.0037791850671620997
0.7610000000000006,0.0036989250057213804
0.7620000000000006,0.0036215983055453704
0.7630000000000006,0.0035471992050469664
0.7640000000000006,0.0034757191526551268
0.7650000000000006,0.0034071467597397292
0.7660000000000006,0.0033414677535389264
0.7670000000000006,0.003278664930092781
0.7680000000000006,0.0032187181071883925
0.7690000000000006,0.0031616040773201973
0.7700000000000006,0.0031072965606706304
0.7710000000000006,0.0030557661581162646
0.7720000000000006,0.0030069803042626006
0.7730000000000006,0.0029609032205142327
0.7740000000000006,0.0029174958681831564
0.7750000000000006,0.002876715901641007
0.7760000000000006,0.0028385176215186478
0.7770000000000006,0.0028028519279586703
0.7780000000000006,0.002769666273923343
0.7790000000000006,0.0027389046185640024
0.7800000000000006,0.0027105073806540196
0.7810000000000006,0.002684411392089678
0.7820000000000006,0.0026605498514626624
0.7830000000000006,0.0026388522777065597
0.7840000000000006,0.002619244463821741
0.7850000000000006,0.0026016484306799446
0.7860000000000006,0.0025859823809118616
0.7870000000000006,0.002572160652880011
0.7880000000000006,0.002560093674739146
0.7890000000000006,0.002549687918586053
0.7900000000000006,0.00254084585470004
0.7910000000000006,0.00253346590587665
0.7920000000000006,0.00252744240185495
0.7930000000000006,0.002522665533841034
0.7940000000000006,0.0025190213091276954
0.7950000000000006,0.0025163915058123883
0.7960000000000006,0.002514653627614258
0.7970000000000006,0.002513680858791674
0.7980000000000006,0.002513342019161365
0.7990000000000006,0.002513501519220883
0.8000000000000006,0.002514019315375378
0.8010000000000006,0.00251475086527159
0.8020000000000006,0.0025155470832400675
0.8030000000000006,0.0025164496615236454
0.8040000000000006,0.0025173245530934613
0.8050000000000006,0.0025181725429244094
0.8060000000000006,0.0025189943938486586
0.8070000000000006,0.0025197908472082073
0.8080000000000006,0.0025205626234869744
0.8090000000000006,0.002521310422922099
0.8100000000000006,0.0025220349260970526
0.8110000000000006,0.0025227367945150486
0.8120000000000006,0.00252341667115491
0.8130000000000006,0.002524075181009361
0.8140000000000006,0.002524712931606648
0.8150000000000006,0.0025253305135156355
0.8160000000000006,0.0025259285008354497
0.8170000000000006,0.0025265074516701395
0.8180000000000006,0.0025270679085878205
0.8190000000000006,0.002527610399066769
0.8200000000000006,0.0025281354359270487
0.8210000000000006,0.0025286435177489346
0.8220000000000006,0.0025291351292791413
0.8230000000000006,0.002529610741823802
0.8240000000000006,0.0025300708136300754
0.8250000000000006,0.0025305157902560556
0.8260000000000006,0.002530946104929252
0.8270000000000006,0.0025313621788945195
0.8280000000000006,0.002531764421751379
0.8290000000000006,0.002532153231780951
0.8300000000000006,0.0025325289962638067
0.8310000000000006,0.002532892091787354
0.8320000000000006,0.0025332428845448625
0.8330000000000006,0.002533581730625196
0.8340000000000006,0.0025339089762939603
0.8350000000000006,0.00253422495826644
0.8360000000000006,0.0025345300039726383
0.8370000000000006,0.002534824431814093
0.8380000000000006,0.002535108551413541
0.8390000000000006,0.0025353826638572635
0.8400000000000006,0.002535647061930043
0.8410000000000006,0.002535902030343821
0.8420000000000006,0.0025361478459590657
0.8430000000000006,0.0025363847780005486
0.8440000000000006,0.002536613088266245
0.8450000000000006,0.002536833031330444
0.8460000000000006,0.002537044854741294
0.8470000000000006,0.002537248799212421
0.8480000000000006,0.0025374450988092413
0.8490000000000006,0.0025376339811299074
0.8500000000000006,0.002537815667481253
0.8510000000000006,0.002537990373049911
0.8520000000000006,0.0025381583070682653
0.8530000000000006,0.002538319672976127
0.8540000000000006,0.002538474668577602
0.8550000000000006,0.0025386234861941824
0.8560000000000006,0.0025387663128126
0.8570000000000007,0.002538903330229745
0.8580000000000007,0.002539034715192824
0.8590000000000007,0.002539160639535954
0.8600000000000007,0.0025392812703131373
0.8610000000000007,0.00253939676992717
0.8620000000000007,0.0025395072962556935
0.8630000000000007,0.0025396130027733714
0.8640000000000007,0.002539714038670985
0.8650000000000007,0.002539810548971299
0.8660000000000007,0.0025399026746414054
0.8670000000000007,0.002539990552703056
0.8680000000000007,0.0025400743163390103
0.8690000000000007,0.002540154094997152
0.8700000000000007,0.0025402300144915166
0.8710000000000007,0.0025403021971011318
0.8720000000000007,0.002540370761665637
0.8730000000000007,0.002540435823678692
0.8740000000000007,0.002540497495379126
0.8750000000000007,0.0025405558858392317
0.8760000000000007,0.0025406111010512003
0.8770000000000007,0.0025406632440109697
0.8780000000000007,0.0025407124147999206
0.8790000000000007,0.0025407587106648227
0.8800000000000007,0.0025408022260952207
0.8810000000000007,0.0025408430528988876
0.8820000000000007,0.0025408812802756066
0.8830000000000007,0.0025409169948886826
0.8840000000000007,0.0025409502809350393
0.8850000000000007,0.002540981220212849
0.8860000000000007,0.0025410098921880703
0.8870000000000007,0.002541036374058784
0.8880000000000007,0.002541060740818245
0.8890000000000007,0.0025410830653158495
0.8900000000000007,0.002541103418316929
0.8910000000000007,0.0025411218685608312
0.8920000000000007,0.0025411384828173053
0.8930000000000007,0.0025411533259418577
0.8940000000000007,0.0025411664609291604
0.8950000000000007,0.002541177948965294
0.8960000000000007,0.0025411878494789424
0.8970000000000007,0.0025411962201905315
0.8980000000000007,0.0025412031171607105
0.8990000000000007,0.002541208594837193
0.9000000000000007,0.0025412127061004465
0.9010000000000007,0.0025412155023084235
0.9020000000000007,0.0025412170333396177
0.9030000000000007,0.0025412173476353356
0.9040000000000007,0.002541216492240688
0.9050000000000007,0.002541214512844576
0.9060000000000007,0.0025412114538184254
0.9070000000000007,0.0025412073582540724
0.9080000000000007,0.002541202268000406
0.9090000000000007,0.0025411962236991867
0.9100000000000007,0.0025411892648198424
0.9110000000000007,0.0025411814296931734
0.9120000000000007,0.0025411727555440834
0.9130000000000007,0.0025411632785238038
0.9140000000000007,0.002541153033740695
0.9150000000000007,0.0025411420552904143
0.9160000000000007,0.002541130376285238
0.9170000000000007,0.0025411180288824955
0.9180000000000007,0.0025411050443122155
0.9190000000000007,0.0025410914529037758
0.9200000000000007,0.0025410772841120977
0.9210000000000007,0.0025410625665428163
0.9220000000000007,0.002541047327976779
0.9230000000000007,0.00254103159539381
0.9240000000000007,0.0025410153949957937
0.9250000000000007,0.0025409987522290733
0.9260000000000007,0.002540981691805739
0.9270000000000007,0.00254096423772519
0.9280000000000007,0.0025409464132939916
0.9290000000000007,0.002540928241145813
0.9300000000000007,0.002540909743260475
0.9310000000000007,0.0025408909409823308
0.9320000000000007,0.0025408718550381064
0.9330000000000007,0.0025408525055544487
0.9340000000000007,0.0025408329120743985
0.9350000000000007,0.002540813093573669
0.9360000000000007,0.00254079306847629
0.9370000000000007,0.0025407728546698247
0.9380000000000007,0.0025407524695198608
0.9390000000000007,0.0025407319298842296
0.9400000000000007,0.0025407112521267407
0.9410000000000007,0.0025406904521302585
0.9420000000000007,0.002540669545309404
0.9430000000000007,0.0025406485466232358
0.9440000000000007,0.0025406274705867676
0.9450000000000007,0.002540606331282589
0.9460000000000007,0.0025405851423720323
0.9470000000000007,0.0025405639171059147
0.9480000000000007,0.0025405426683347623
0.9490000000000007,0.0025405214085189795
0.9500000000000007,0.002540500149738365
0.9510000000000007,0.0025404789037016366
0.9520000000000007,0.002540457681755353
0.9530000000000007,0.002540436494892752
0.9540000000000007,0.002540415353762076
0.9550000000000007,0.0025403942686749448
0.9560000000000007,0.002540373249614109
0.9570000000000007,0.002540352306241375
0.9580000000000007,0.0025403314479046785
0.9590000000000007,0.002540310683645859
0.9600000000000007,0.002540290022207247
0.9610000000000007,0.0025402694720388884
0.9620000000000007,0.0025402490413049122
0.9630000000000007,0.0025402287378902613
0.9640000000000007,0.002540208569407225
0.9650000000000007,0.002540188543201153
0.9660000000000007,0.002540168666357104
0.9670000000000007,0.002540148945705707
0.9680000000000007,0.002540129387829125
0.9690000000000007,0.0025401099990666753
0.9700000000000008,0.002540090785521004
0.9710000000000008,0.0025400717530635226
0.9720000000000008,0.002540052907340329
0.9730000000000008,0.0025400342537777766
0.9740000000000008,0.0025400157975881237
0.9750000000000008,0.00253999754377535
0.9760000000000008,0.0025399794971407846
0.9770000000000008,0.0025399616622888525
0.9780000000000008,0.00253994404363294
0.9790000000000008,0.0025399266454012755
0.9800000000000008,0.0025399094716427803
0.9810000000000008,0.0025398925262331423
0.9820000000000008,0.002539875812881079
0.9830000000000008,0.0025398593351344985
0.9840000000000008,0.002539843096387072
0.9850000000000008,0.0025398270998847443
0.9860000000000008,0.002539811348732386
0.9870000000000008,0.0025397958459010446
0.9880000000000008,0.0025397805942346634
0.9890000000000008,0.0025397655964580663
0.9900000000000008,0.0025397508551839795
0.9910000000000008,0.00253973637292124
0.9920000000000008,0.0025397221520829794
0.9930000000000008,0.0025397081949947962
0.9940000000000008,0.0025396945039036466
0.9950000000000008,0.0025396810809869275
0.9960000000000008,0.0025396679283617926
0.9970000000000008,0.002539655048094884
0.9980000000000008,0.002539642442212515
0.9990000000000008,0.0025396301127110048
1.0000000000000007,0.0025396180615676923
1.0010000000000006,0.0025396062907521756
1.0020000000000004,0.0025395948022379315
1.0030000000000003,0.002539583598014726
1.0040000000000002,0.002539572679900487
1.0050000000000001,0.0025395620492868476
1.006,0.00253955170728919
1.007,0.0025395416549566265
1.0079999999999998,0.0025395318932839896
1.0089999999999997,0.0025395224232225844
1.0099999999999996,0.0025395132456899686
1.0109999999999995,0.002539504361578765
1.0119999999999993,0.0025394957717648076
1.0129999999999992,0.0025394874771139837
1.0139999999999991,0.0025394794784887216
1.014999999999999,0.0025394717767536247
1.015999999999999,0.002539464372780381
1.0169999999999988,0.002539457267452184
1.0179999999999987,0.0025394504616674564
1.0189999999999986,0.0025394439563431286
1.0199999999999985,0.0025394377524175435
1.0209999999999984,0.002539431850852439
1.0219999999999982,0.002539426252635431
1.0229999999999981,0.0025394209587812702
1.023999999999998,0.0025394159703330532
1.024999999999998,0.0025394112883635293
1.0259999999999978,0.002539406913975393
1.0269999999999977,0.0025394028483022406
1.0279999999999976,0.0025393990925084396
1.0289999999999975,0.0025393956477895406
1.0299999999999974,0.0025393925153720624
1.0309999999999973,0.002539389696513454
1.0319999999999971,0.0025393871925015916
1.032999999999997,0.0025393850046546533
1.033999999999997,0.002539383134320561
1.0349999999999968,0.00253938158287656
1.0359999999999967,0.002539380351728581
1.0369999999999966,0.002539379442310797
1.0379999999999965,0.0025393788560848438
1.0389999999999964,0.002539378594539659
1.0399999999999963,0.002539378659190645
1.0409999999999962,0.002539379051578937
1.041999999999996,0.002539379773271573
1.042999999999996,0.002539380825860447
1.0439999999999958,0.0025393822109619733
1.0449999999999957,0.002539383930217246
1.0459999999999956,0.0025393859852909997
1.0469999999999955,0.002539388377872053
1.0479999999999954,0.0025393911096727624
1.0489999999999953,0.0025393941824291832
1.0499999999999952,0.002539397597900974
1.050999999999995,0.002539401357871316
1.051999999999995,0.00253940546414751
1.0529999999999948,0.0025394099185609385
1.0539999999999947,0.0025394147229672454
1.0549999999999946,0.0025394198792474225
1.0559999999999945,0.0025394253893074696
1.0569999999999944,0.002539431255079789
1.0579999999999943,0.0025394374785232578
1.0589999999999942,0.0025394440616244296
1.059999999999994,0.0025394510063983
1.060999999999994,0.0025394583148892445
1.0619999999999938,0.0025394659891719226
1.0629999999999937,0.0025394740313526877
1.0639999999999936,0.002539482443570582
1.0649999999999935,0.0025394912279986734
1.0659999999999934,0.0025395003868454308
1.0669999999999933,0.0025395099223561556
1.0679999999999932,0.0025395198368145244
1.068999999999993,0.0025395301325440295
1.069999999999993,0.002539540811909855
1.0709999999999928,0.0025395518773204846
1.0719999999999927,0.0025395633312291117
1.0729999999999926,0.0025395751761362433
1.0739999999999925,0.002539587414590868
1.0749999999999924,0.0025396000491926148
1.0759999999999923,0.0025396130825939313
1.0769999999999922,0.002539626517501621
1.077999999999992,0.0025396403566795706
1.078999999999992,0.0025396546029502615
1.0799999999999919,0.0025396692591971026
1.0809999999999917,0.0025396843283667335
1.0819999999999916,0.0025396998134709046
1.0829999999999915,0.0025397157175890764
1.0839999999999914,0.0025397320438702436
1.0849999999999913,0.0025397487955353716
1.0859999999999912,0.0025397659758796577
1.086999999999991,0.002539783588274745
1.087999999999991,0.00253980163617094
1.0889999999999909,0.0025398201230994698
1.0899999999999908,0.0025398390526748457
1.0909999999999906,0.002539858428596938
1.0919999999999905,0.00253987825465328
1.0929999999999904,0.0025398985347213007
1.0939999999999903,0.002539919272770457
1.0949999999999902,0.0025399404728643805
1.09599999999999,0.002539962139163087
1.09699999999999,0.0025399842759250314
1.0979999999999899,0.0025400068875090914
1.0989999999999898,0.0025400299783767365
1.0999999999999897,0.0025400535530938143
1.1009999999999895,0.0025400776163327157
1.1019999999999894,0.00254010217287411
1.1029999999999893,0.0025401272276087405
1.1039999999999892,0.0025401527855392174
1.104999999999989,0.0025401788517818435
1.105999999999989,0.0025402054315680073
1.1069999999999889,0.002540232530245972
1.1079999999999888,0.0025402601532823754
1.1089999999999887,0.0025402883062634295
1.1099999999999886,0.002540316994896548
1.1109999999999884,0.0025403462250113903
1.1119999999999883,0.0025403760025613717
1.1129999999999882,0.002540406333624238
1.113999999999988,0.002540437224403707
1.114999999999988,0.002540468681230052
1.115999999999988,0.0025405007105608612
1.1169999999999878,0.002540533318982293
1.1179999999999877,0.002540566513208959
1.1189999999999876,0.0025406003000852766
1.1199999999999875,0.0025406346865855835
1.1209999999999873,0.002540669679814589
1.1219999999999872,0.0025407052870074325
1.1229999999999871,0.0025407415155305722
1.123999999999987,0.002540778372881098
1.124999999999987,0.0025408158666873383
1.1259999999999868,0.00254085400470859
1.1269999999999867,0.0025408927948349057
1.1279999999999866,0.0025409322450869604
1.1289999999999865,0.0025409723636159766
1.1299999999999863,0.0025410131587028234
1.1309999999999862,0.0025410546387581653
1.1319999999999861,0.0025410968123212897
1.132999999999986,0.0025411396880600998
1.133999999999986,0.0025411832747702194
1.1349999999999858,0.0025412275813743064
1.1359999999999857,0.0025412726169212613
1.1369999999999856,0.0025413183905856895
1.1379999999999855,0.0025413649116668158
1.1389999999999854,0.0025414121895877585
1.1399999999999852,0.002541460233894781
1.1409999999999851,0.0025415090542562566
1.141999999999985,0.00254155866046208
1.142999999999985,0.0025416090624227616
1.1439999999999848,0.0025416602701684825
1.1449999999999847,0.002541712293848631
1.1459999999999846,0.0025417651437310597
1.1469999999999845,0.0025418188302013013
1.1479999999999844,0.0025418733637624195
1.1489999999999843,0.0025419287550341
1.1499999999999841,0.0025419850147531294
1.150999999999984,0.0025420421537724475
1.151999999999984,0.002542100183061828
1.1529999999999838,0.0025421591137076566
1.1539999999999837,0.0025422189569136375
1.1549999999999836,0.00254227972400127
1.1559999999999835,0.002542341426410761
1.1569999999999834,0.002542404075702283
1.1579999999999833,0.002542467683557297
1.1589999999999832,0.002542532261780226
1.159999999999983,0.0025425978223008704
1.160999999999983,0.002542664377176561
1.1619999999999828,0.0025427319385951143
1.1629999999999827,0.0025428005188782993
1.1639999999999826,0.0025428701304852502
1.1649999999999825,0.0025429407860168493
1.1659999999999824,0.002543012498220549
1.1669999999999823,0.0025430852799954197
1.1679999999999822,0.002543159144398118
1.168999999999982,0.002543234104649253
1.169999999999982,0.0025433101741404
1.1709999999999818,0.0025433873664418467
1.1719999999999817,0.0025434656953111125
1.1729999999999816,0.002543545174701997
1.1739999999999815,0.002543625818774344
1.1749999999999814,0.0025437076419049937
1.1759999999999813,0.002543790658699311
1.1769999999999812,0.002543874884003129
1.177999999999981,0.002543960332916609
1.178999999999981,0.002544047020808328
1.1799999999999808,0.0025441349633302003
1.1809999999999807,0.0025442241764340456
1.1819999999999806,0.0025443146763886072
1.1829999999999805,0.0025444064797980614
1.1839999999999804,0.002544499603621325
1.1849999999999803,0.0025445940651928588
1.1859999999999802,0.0025446898822444886
1.18699999999998,0.0025447870729283194
1.18799999999998,0.002544885655841281
1.1889999999999799,0.0025449856500506345
1.1899999999999797,0.0025450870751213134
1.1909999999999796,0.0025451899511441042
1.1919999999999795,0.0025452942987658177
1.1929999999999794,0.002545400139220496
1.1939999999999793,0.0025455074943627302
1.1949999999999792,0.0025456163867019765
1.195999999999979,0.0025457268394389436
1.196999999999979,0.0025458388765035554
1.1979999999999789,0.0025459525225947563
1.1989999999999787,0.00254606780322212
1.1999999999999786,0.002546184744748995
1.2009999999999785,0.00254630337443848
1.2019999999999784,0.0025464237205002974
1.2029999999999783,0.0025465458121407512
1.2039999999999782,0.002546855643842511
1.204999999999978,0.002547229411977197
1.205999999999978,0.002547814321893587
1.2069999999999779,0.0025487530672382575
1.2079999999999778,0.002550183878516285
1.2089999999999776,0.002552240571446533
1.2099999999999775,0.0025550525951223285
1.2109999999999774,0.002558745079984163
1.2119999999999773,0.002563438885612862
1.2129999999999772,0.00256925064835177
1.213999999999977,0.0025762928287633158
1.214999999999977,0.0025846737589283256
1.2159999999999769,0.0025944976895940497
1.2169999999999768,0.0026058648371776218
1.2179999999999767,0.002618871430631803
1.2189999999999765,0.002633609758178116
1.2199999999999764,0.0026501682139146616
1.2209999999999763,0.002668631344304038
1.2219999999999762,0.002689079894548068
1.222999999999976,0.002711590854854364
1.223999999999976,0.002736237506601711
1.2249999999999759,0.0027630894684099183
1.2259999999999758,0.0027922127421195313
1.2269999999999757,0.0028236697586883318
1.2279999999999756,0.0028575194240098856
1.2289999999999754,0.0028938171646600945
1.2299999999999753,0.002932614973578211
1.2309999999999752,0.002973961455686888
1.2319999999999751,0.0030179018734589474
1.232999999999975,0.0030644781924340572
1.233999999999975,0.003113729126694262
1.2349999999999748,0.0031656901843001573
1.2359999999999747,0.0032203937126962165
1.2369999999999746,0.003277868944088831
1.2379999999999745,0.0033381420408029536
1.2389999999999743,0.003401236140621801
1.2399999999999742,0.0034671714021150754
1.2409999999999741,0.0035359650499595732
1.241999999999974,0.0036076314202570375
1.242999999999974,0.0036821820058534557
1.2439999999999738,0.0037596255016629776
1.2449999999999737,0.003839967850001076
1.2459999999999736,0.003923212285929796
1.2469999999999735,0.0040093593826178164
1.2479999999999734,0.004098407096719506
1.2489999999999732,0.004190350813773183
1.2499999999999731,0.004285183393623528
1.250999999999973,0.0043828952158678006
1.251999999999973,0.0044834742253285625
1.2529999999999728,0.00458690597755447
1.2539999999999727,0.0046931736843492805
1.2549999999999726,0.00480225825933045
1.2559999999999725,0.004914138363518075
1.2569999999999724,0.005028790450953245
1.2579999999999723,0.005146188814347322
1.2589999999999721,0.005266305630760408
1.259999999999972,0.005389111007309419
1.260999999999972,0.005514573026904751
1.2619999999999718,0.005642657794014412
1.2629999999999717,0.005773329480454878
1.2639999999999716,0.005906550371206673
1.2649999999999715,0.006042280910254279
1.2659999999999714,0.006180479746447885
1.2669999999999713,0.006321103779385599
1.2679999999999712,0.006464108205314303
1.268999999999971,0.006609446563047315
1.269999999999971,0.006757070779896818
1.2709999999999708,0.006906931217618845
1.2719999999999707,0.007058976718369511
1.2729999999999706,0.007213154650669233
1.2739999999999705,0.007369410955374134
1.2749999999999704,0.007527690191651386
1.2759999999999703,0.007687935582957335
1.2769999999999702,0.007850089063016104
1.27799999999997,0.008014091321796438
1.27899999999997,0.008179881851484952
1.2799999999999698,0.008347398992454465
1.2809999999999697,0.008516579979224871
1.2819999999999696,0.008687360986414837
1.2829999999999695,0.008859677174683556
1.2839999999999694,0.009033462736660093
1.2849999999999693,0.009208650942859102
1.2859999999999692,0.009385174187581544
1.286999999999969,0.009562964034799518
1.287999999999969,0.009741951264023128
1.2889999999999688,0.009922065916149268
1.2899999999999687,0.0101032373392907
1.2909999999999686,0.010285394234584508
1.2919999999999685,0.010468464701979811
1.2929999999999684,0.010652376286003032
1.2939999999999683,0.010837056021501007
1.2949999999999682,0.011022430479360669
1.295999999999968,0.011208425812205616
1.296999999999968,0.011394967800068205
1.2979999999999678,0.011581981896038353
1.2989999999999677,0.011769393271887155
1.2999999999999676,0.011957126863666491
1.3009999999999675,0.012145107417284168
1.3019999999999674,0.012333259534054224
1.3029999999999673,0.01252150771622304
1.3039999999999672,0.012709776412471202
1.304999999999967,0.012897990063391103
1.305999999999967,0.013086073146940713
1.3069999999999669,0.013273950223873725
1.3079999999999667,0.013461545983146646
1.3089999999999666,0.013648785287302574
1.3099999999999665,0.01383559321783294
1.3109999999999664,0.014021895120516825
1.3119999999999663,0.014207616650738684
1.3129999999999662,0.014392683818785175
1.313999999999966,0.014577023035120762
1.314999999999966,0.014760561155644156
1.3159999999999659,0.014943225526923995
1.3169999999999658,0.015124944031416149
1.3179999999999656,0.015305645132662582
1.3189999999999655,0.015485257920471722
1.3199999999999654,0.015663712156081942
1.3209999999999653,0.015840938317307887
1.3219999999999652,0.016016867643670857
1.322999999999965,0.0161914321815129
1.323999999999965,0.01636456482909656
1.3249999999999649,0.016536199381689237
1.3259999999999648,0.01670627057663413
1.3269999999999647,0.016874714138407312
1.3279999999999645,0.017041466823662095
1.3289999999999644,0.017206466466260624
1.3299999999999643,0.01736965202229404
1.3309999999999642,0.017530963615090628
1.331999999999964,0.017690342580213687
1.332999999999964,0.017847731510448377
1.3339999999999639,0.018003074300779028
1.3349999999999638,0.01815631619335692
1.3359999999999637,0.018307403822458455
1.3369999999999636,0.018456285259435684
1.3379999999999634,0.018602910057657754
1.3389999999999633,0.018747229297444816
1.3399999999999632,0.01888919563099494
1.340999999999963,0.019028763327303425
1.341999999999963,0.01916588831707597
1.342999999999963,0.019300528237635395
1.3439999999999628,0.019432642477822323
1.3449999999999627,0.019562192222890518
1.3459999999999626,0.019689140499397115
1.3469999999999624,0.019813452220087582
1.3479999999999623,0.019935094228776408
1.3489999999999622,0.020054035345223577
1.3499999999999621,0.020170246410006976
1.350999999999962,0.02028370032939142
1.351999999999962,0.020394372120194043
1.3529999999999618,0.02050223895464704
1.3539999999999617,0.02060728020525765
1.3549999999999616,0.020709477489665486
1.3559999999999615,0.020808814715498454
1.3569999999999613,0.020905278125226183
1.3579999999999612,0.020998856341012853
1.3589999999999611,0.02108954040956819
1.359999999999961,0.02117732384699844
1.360999999999961,0.02126220268365655
1.3619999999999608,0.021344175508992563
1.3629999999999607,0.021423243516404566
1.3639999999999606,0.021499410548090146
1.3649999999999605,0.021572683139899275
1.3659999999999604,0.021643070566189172
1.3669999999999602,0.021710584884681132
1.3679999999999601,0.02177524098131984
1.36899999999996,0.021837056615136685
1.36999999999996,0.021896052463115913
1.3709999999999598,0.021952252165066494
1.3719999999999597,0.022005682368497738
1.3729999999999596,0.02205637277350176
1.3739999999999595,0.022104356177642108
1.3749999999999594,0.02214966852084977
1.3759999999999593,0.022192348930327246
1.3769999999999591,0.022232439765461777
1.377999999999959,0.02226998666274884
1.378999999999959,0.02230503858072639
1.3799999999999588,0.02233764784492121
1.3809999999999587,0.022367870192808656
1.3819999999999586,0.02239576481878694
1.3829999999999585,0.022421394419166935
1.3839999999999584,0.022444825237179104
1.3849999999999583,0.022466127107999244
1.3859999999999582,0.022485373503793718
1.386999999999958,0.022502641578786814
1.387999999999958,0.022518012214350895
1.3889999999999578,0.022531570064122187
1.3899999999999577,0.022543403599142427
1.3909999999999576,0.022553605153030065
1.3919999999999575,0.022562270967181677
1.3929999999999574,0.02256950123600638
1.3939999999999573,0.0225754001521948
1.3949999999999572,0.022580075952024964
1.395999999999957,0.02258364096070814
1.396999999999957,0.022586211637775307
1.3979999999999568,0.022587908622508215
1.3989999999999567,0.022588856779416466
1.3999999999999566,0.022589185243763375
1.4009999999999565,0.022589027467142968
1.4019999999999564,0.022588521263110485
1.4029999999999563,0.022587808852869172
1.4039999999999562,0.02258703691101508
1.404999999999956,0.022586280374101673
1.405999999999956,0.02258546303498743
1.4069999999999558,0.022584435369533862
1.4079999999999557,0.022583052457169746
1.4089999999999556,0.022581173933373645
1.4099999999999555,0.02257866394210989
1.4109999999999554,0.02257539108822279
1.4119999999999553,0.022571228389794168
1.4129999999999552,0.02256605323046723
1.413999999999955,0.02255974731174276
1.414999999999955,0.02255219660524997
1.4159999999999549,0.022543291304997222
1.4169999999999547,0.02253292577960577
1.4179999999999546,0.022520998524530204
1.4189999999999545,0.022507412114268745
1.4199999999999544,0.022492073154567603
1.4209999999999543,0.02247489223462066
1.4219999999999542,0.022455783879269248
1.422999999999954,0.022434666501203057
1.423999999999954,0.022411462353166274
1.4249999999999539,0.022386097480169273
1.4259999999999537,0.02235850167171049
1.4269999999999536,0.022328608414007897
1.4279999999999535,0.022296354842243883
1.4289999999999534,0.022261681692824227
1.4299999999999533,0.022224533255652885
1.4309999999999532,0.022184857326424258
1.431999999999953,0.022142605158933765
1.432999999999953,0.022097731417407902
1.4339999999999529,0.022050194128855387
1.4349999999999528,0.02199995463543942
1.4359999999999526,0.021946977546872366
1.4369999999999525,0.02189123069283329
1.4379999999999524,0.021832685075409516
1.4389999999999523,0.021771314821561527
1.4399999999999522,0.021707097135612724
1.440999999999952,0.021640012251764207
1.441999999999952,0.021570043386633875
1.4429999999999519,0.021497176691821496
1.4439999999999518,0.021421401206498845
1.4449999999999517,0.021342708810025188
1.4459999999999515,0.02126109417458845
1.4469999999999514,0.02117655471787184
1.4479999999999513,0.021089090555745746
1.4489999999999512,0.02099870445498519
1.449999999999951,0.02090540178601223
1.450999999999951,0.020809190475663757
1.4519999999999509,0.02071008095998371
1.4529999999999508,0.02060808613704062
1.4539999999999507,0.020503221319769005
1.4549999999999506,0.020395504188835456
1.4559999999999504,0.020284954745528577
1.4569999999999503,0.020171595264672604
1.4579999999999502,0.020055450247564846
1.4589999999999501,0.019936546374936227
1.45999999999995,0.019814912459934664
1.46099999999995,0.01969057940113158
1.4619999999999498,0.019563580135550623
1.4629999999999497,0.01943394959171879
1.4639999999999496,0.019301724642739507
1.4649999999999495,0.01916694405938748
1.4659999999999493,0.019029648463225093
1.4669999999999492,0.018889880279740152
1.4679999999999491,0.018747683691504674
1.468999999999949,0.018603104591354357
1.469999999999949,0.018456190535589313
1.4709999999999488,0.01830699069719474
1.4719999999999487,0.018155555819082243
1.4729999999999486,0.018001938167351142
1.4739999999999485,0.01784619148456989
1.4749999999999484,0.01768837094307745
1.4759999999999482,0.017528533098304315
1.4769999999999481,0.017366735842112978
1.477999999999948,0.017203038356158377
1.478999999999948,0.01703750106526744
1.4799999999999478,0.016870185590837763
1.4809999999999477,0.016701154704256156
1.4819999999999476,0.016530472280335558
1.4829999999999475,0.01635820325077176
1.4839999999999474,0.016184413557618724
1.4849999999999473,0.016009170106782947
1.4859999999999471,0.015832540721536857
1.486999999999947,0.015654594096050897
1.487999999999947,0.015475399748944539
1.4889999999999468,0.015295027976855911
1.4899999999999467,0.015113549808030056
1.4909999999999466,0.014931036955926145
1.4919999999999465,0.01474756177284249
1.4929999999999464,0.014563197203560849
1.4939999999999463,0.014378016739008369
1.4949999999999461,0.014192094369938249
1.495999999999946,0.014005504540627878
1.496999999999946,0.013818322102595863
1.4979999999999458,0.013630622268335772
1.4989999999999457,0.013442480565068443
1.4999999999999456,0.013253972788510898
1.5009999999999455,0.013065174956662762
1.5019999999999454,0.0128761632636097
1.5029999999999453,0.012687014033342943
1.5039999999999452,0.012497803673595521
1.504999999999945,0.012308608629693657
1.505999999999945,0.012119505338424486
1.5069999999999448,0.01193057018191769
1.5079999999999447,0.011741879441542272
1.5089999999999446,0.011553509251816675
1.5099999999999445,0.011365535554332444
1.5109999999999444,0.011178034051690135
1.5119999999999443,0.010991080161447044
1.5129999999999442,0.010804748970076113
1.513999999999944,0.010619115186934536
1.514999999999944,0.01043425309824194
1.5159999999999438,0.01025023652106661
1.5169999999999437,0.01006713875731892
1.5179999999999436,0.00988503254775009
1.5189999999999435,0.009703990025956982
1.5199999999999434,0.0095240826723893
1.5209999999999433,0.009345381268359584
1.5219999999999432,0.009167955850053727
1.522999999999943,0.008991875662540831
1.523999999999943,0.008817209113781095
1.5249999999999428,0.008644023728629588
1.5259999999999427,0.008472386102834711
1.5269999999999426,0.008302361857029622
1.5279999999999425,0.008134015590714382
1.5289999999999424,0.007967410836227887
1.5299999999999423,0.007802610012706754
1.5309999999999422,0.007639674380030298
1.531999999999942,0.007478663992748935
1.532999999999942,0.0073196376539945845
1.5339999999999419,0.0071626528693706365
1.5349999999999417,0.007007765800820749
1.5359999999999416,0.006855031220473047
1.5369999999999415,0.006704502464459278
1.5379999999999414,0.006556231386706024
1.5389999999999413,0.0064102683126975105
1.5399999999999412,0.0062666619932066694
1.540999999999941,0.0061254595579949694
1.541999999999941,0.005986706469477535
1.5429999999999409,0.00585044647635366
1.5439999999999408,0.0057167215672006555
1.5449999999999406,0.005585571924030655
1.5459999999999405,0.005457035875809049
1.5469999999999404,0.005331149851933649
1.5479999999999403,0.005207948335674804
1.5489999999999402,0.005087463817575445
1.54999999999994,0.004969726748811437
1.55099999999994,0.004854765494512171
1.5519999999999399,0.004742606287041637
1.5529999999999398,0.00463327317924149
1.5539999999999397,0.004526787997635354
1.5549999999999395,0.004423170295597752
1.5559999999999394,0.00432243730648714
1.5569999999999393,0.00422460389674565
1.5579999999999392,0.0041296825189681835
1.558999999999939,0.004037683164941505
1.559999999999939,0.003948613318657583
1.5609999999999389,0.0038624779093029762
1.5619999999999388,0.0037792792642274767
1.5629999999999387,0.0036990170618959317
1.5639999999999386,0.003621688284825758
1.5649999999999384,0.003547287172514943
1.5659999999999383,0.003475805174363876
1.5669999999999382,0.0034072309025951347
1.567999999999938,0.0033415500851761287
1.568999999999938,0.00327874551874785
1.569999999999938,0.0032187970215660708
1.5709999999999378,0.003161681386457213
1.5719999999999377,0.0031073723337960713
1.5729999999999376,0.003055840464508172
1.5739999999999374,0.0030070532131022953
1.5749999999999373,0.0029609748007379463
1.5759999999999372,0.0029175661883321657
1.5769999999999371,0.0028767850297097414
1.577999999999937,0.0028385856248028044
1.578999999999937,0.0028029188729020403
1.5799999999999368,0.002769732225965625
1.5809999999999367,0.0027389696419883314
1.5819999999999366,0.002710571538436273
1.5829999999999365,0.0026844747457489757
1.5839999999999363,0.002660612460914334
1.5849999999999362,0.0026389142011177848
1.5859999999999361,0.002619305757469912
1.586999999999936,0.0026017091488148188
1.587999999999936,0.0025860425756220676
1.5889999999999358,0.0025722203739636657
1.5899999999999357,0.0025601529695797494
1.5909999999999356,0.002549746832033309
1.5919999999999355,0.0025409044289568493
1.5929999999999354,0.002533524180391808
1.5939999999999352,0.0025275004132226317
1.5949999999999351,0.0025227233157069998
1.595999999999935,0.0025190788921020876
1.596999999999935,0.0025164489173905187
1.5979999999999348,0.0025147108921043625
1.5989999999999347,0.00251373799725094
1.5999999999999346,0.002513399049339664
1.6009999999999345,0.002513558455512526
1.6019999999999344,0.002514076168779647
1.6029999999999343,0.002514807643361528
1.6039999999999341,0.0025156037901396255
1.604999999999934,0.002516506021568145
1.605999999999934,0.0025173805544081475
1.6069999999999338,0.0025182281745236776
1.6079999999999337,0.0025190496455930363
1.6089999999999336,0.0025198457097632583
1.6099999999999335,0.0025206170882840946
1.6109999999999334,0.002521364482121053
1.6119999999999333,0.0025220885725497043
1.6129999999999332,0.0025227900217307565
1.613999999999933,0.0025234694732676685
1.614999999999933,0.002524127552745739
1.6159999999999328,0.002524764868255678
1.6169999999999327,0.0025253820108997356
1.6179999999999326,0.0025259795552824635
1.6189999999999325,0.002526558059986521
1.6199999999999324,0.002527118068033206
1.6209999999999323,0.0025276601073295837
1.6219999999999322,0.002528184691100794
1.622999999999932,0.0025286923183100753
1.623999999999932,0.0025291834740654683
1.6249999999999318,0.0025296586300139305
1.6259999999999317,0.0025301182447238398
1.6269999999999316,0.0025305627640555793
1.6279999999999315,0.002530992621521167
1.6289999999999314,0.0025314082386327895
1.6299999999999313,0.0025318100252407494
1.6309999999999312,0.0025321983798613605
1.631999999999931,0.002532573689995439
1.632999999999931,0.0025329363324364494
1.6339999999999308,0.0025332866735698345
1.6349999999999307,0.0025336250696637065
1.6359999999999306,0.0025339518671507223
1.6369999999999305,0.002534267402901233
1.6379999999999304,0.0025345720044890503
1.6389999999999303,0.0025348659904489354
1.6399999999999302,0.0025351496705265167
1.64099999999993,0.002535423345921207
1.64199999999993,0.002535687309521986
1.6429999999999298,0.0025359418461360014
1.6439999999999297,0.002536187232710794
1.6449999999999296,0.0025364237385500712
1.6459999999999295,0.0025366516255236025
1.6469999999999294,0.002536871148270125
1.6479999999999293,0.002537082554395758
1.6489999999999292,0.0025372860846655867
1.649999999999929,0.002537481973190661
1.650999999999929,0.002537670447608966
1.6519999999999289,0.0025378517292620924
1.6529999999999287,0.0025380260333662356
1.6539999999999286,0.0025381935691786116
1.6549999999999285,0.002538354540159493
1.6559999999999284,0.0025385091441294735
1.6569999999999283,0.0025386575734222643
1.6579999999999282,0.0025388000150335377
1.658999999999928,0.0025389366507655615
1.659999999999928,0.0025390676573677703
1.6609999999999279,0.0025391932066735796
1.6619999999999278,0.002539313465733481
1.6629999999999276,0.002539428596944289
1.6639999999999275,0.002539538758175402
1.6649999999999274,0.002539644102890877
1.6659999999999273,0.002539744780269068
1.6669999999999272,0.002539840935318234
1.667999999999927,0.002539932708989674
1.668999999999927,0.002540020238287574
1.6699999999999269,0.0025401036563757716
1.6709999999999268,0.0025401830926818046
1.6719999999999267,0.0025402586729988373
1.6729999999999265,0.002540330519583297
1.6739999999999264,0.0025403987512518066
1.6749999999999263,0.0025404634834741077
1.6759999999999262,0.0025405248284644417
1.676999999999926,0.0025405828952698717
1.677999999999926,0.002540637789856942
1.6789999999999259,0.002540689615195532
1.6799999999999258,0.002540738471340752
1.6809999999999257,0.002540784455512632
1.6819999999999256,0.002540827662173846
1.6829999999999254,0.002540868183105373
1.6839999999999253,0.002540906107479899
1.6849999999999252,0.002540941521933838
1.6859999999999251,0.002540974510637218
1.686999999999925,0.0025410051553612922
1.687999999999925,0.002541033535545363
1.6889999999999248,0.0025410597283612446
1.6899999999999247,0.0025410838087757126
1.6909999999999246,0.0025411058496123164
1.6919999999999245,0.002541125921610682
1.6929999999999243,0.0025411440934847707
1.6939999999999242,0.002541160431979418
1.6949999999999241,0.0025411750019253172
1.695999999999924,0.0025411878662931105
1.696999999999924,0.002541199086245012
1.6979999999999238,0.0025412087211862423
1.6989999999999237,0.002541216828814266
1.6999999999999236,0.0025412234651673374
1.7009999999999235,0.0025412286846710104
1.7019999999999234,0.0025412325401844293
1.7029999999999232,0.002541235083044168
1.7039999999999231,0.002541236363108334
1.704999999999923,0.0025412364287980133
1.705999999999923,0.0025412353271388154
1.7069999999999228,0.0025412331038003784
1.7079999999999227,0.0025412298031355536
1.7089999999999226,0.0025412254682180314
1.7099999999999225,0.002541220140879003
1.7109999999999224,0.002541213861743094
1.7119999999999223,0.002541206670262971
1.7129999999999221,0.002541198604753138
1.713999999999922,0.00254118970242281
1.714999999999922,0.0025411799994078353
1.7159999999999218,0.002541169530801711
1.7169999999999217,0.0025411583306856472
1.7179999999999216,0.002541146432157859
1.7189999999999215,0.0025411338673621275
1.7199999999999214,0.00254112066751519
1.7209999999999213,0.0025411068629337744
1.7219999999999211,0.002541092483060229
1.722999999999921,0.002541077556488209
1.723999999999921,0.0025410621109869212
1.7249999999999208,0.0025410461735248177
1.7259999999999207,0.00254102977029275
1.7269999999999206,0.002541012926726288
1.7279999999999205,0.0025409956675274056
1.7289999999999204,0.0025409780166852323
1.7299999999999203,0.0025409599974965946
1.7309999999999202,0.0025409416325856693
1.73199999999992,0.0025409229439229443
1.73299999999992,0.002540903952843756
1.7339999999999198,0.002540884680066066
1.7349999999999197,0.0025408651457079073
1.7359999999999196,0.0025408453693038964
1.7369999999999195,0.0025408253698215935
1.7379999999999194,0.002540805165676986
1.7389999999999193,0.0025407847747497374
1.7399999999999192,0.002540764214397709
1.740999999999919,0.0025407435014712133
1.741999999999919,0.0025407226523265006
1.7429999999999188,0.002540701682839038
1.7439999999999187,0.0025406806084163278
1.7449999999999186,0.002540659444010128
1.7459999999999185,0.002540638204128351
1.7469999999999184,0.0025406169028464737
1.7479999999999183,0.0025405955538188134
1.7489999999999182,0.002540574170289304
1.749999999999918,0.002540552765101324
1.750999999999918,0.002540531350708374
1.7519999999999178,0.0025405099391833837
1.7529999999999177,0.002540488542227933
1.7539999999999176,0.0025404671711817817
1.7549999999999175,0.0025404458370309815
1.7559999999999174,0.0025404245504167706
1.7569999999999173,0.002540403321643632
1.7579999999999172,0.0025403821606871033
1.758999999999917,0.002540361077201743
1.759999999999917,0.0025403400805283187
1.7609999999999169,0.002540319179701104
1.7619999999999167,0.002540298383455014
1.7629999999999166,0.002540277700232397
1.7639999999999165,0.002540257138189863
1.7649999999999164,0.0025402367052045002
1.7659999999999163,0.0025402164088805766
1.7669999999999162,0.0025401962565555214
1.767999999999916,0.002540176255306316
1.768999999999916,0.002540156411955166
1.7699999999999159,0.002540136733075859
1.7709999999999158,0.0025401172249992846
1.7719999999999156,0.002540097893819371
1.7729999999999155,0.0025400787453987196
1.7739999999999154,0.002540059785374478
1.7749999999999153,0.0025400410191639307
1.7759999999999152,0.0025400224519702003
1.776999999999915,0.0025400040887878055
1.777999999999915,0.0025399859344087186
1.7789999999999149,0.0025399679934277157
1.7799999999999148,0.002539950270248486
1.7809999999999147,0.002539932769089346
1.7819999999999145,0.0025399154939891103
1.7829999999999144,0.0025398984488135233
1.7839999999999143,0.0025398816372610017
1.7849999999999142,0.002539865062869087
1.785999999999914,0.0025398487290210735
1.786999999999914,0.002539832638952237
1.7879999999999139,0.002539816795756853
1.7889999999999138,0.002539801202395168
1.7899999999999137,0.0025397858617003943
1.7909999999999136,0.0025397707763863547
1.7919999999999134,0.002539755949054801
1.7929999999999133,0.002539741382203583
1.7939999999999132,0.0025397270782345875
1.794999999999913,0.0025397130394623317
1.795999999999913,0.0025396992681226103
1.796999999999913,0.0025396857663815726
1.7979999999999128,0.002539672536345086
1.7989999999999127,0.0025396595800686143
1.7999999999999126,0.0025396468995671287
1.8009999999999124,0.0025396344968257045
1.8019999999999123,0.0025396223738103837
1.8029999999999122,0.00253961053247952
1.8039999999999121,0.002539598974795502
1.804999999999912,0.0025395877027368646
1.805999999999912,0.0025395767181043243
1.8069999999999118,0.002539566022260395
1.8079999999999117,0.0025395556162863507
1.8089999999999116,0.0025395455011989233
1.8099999999999115,0.00253953567796154
1.8109999999999113,0.0025395261474957485
1.8119999999999112,0.00253951691069065
1.8129999999999111,0.0025395079684114585
1.813999999999911,0.0025394993215077342
1.814999999999911,0.0025394909708204502
1.8159999999999108,0.0025394829171878387
1.8169999999999107,0.0025394751614516257
1.8179999999999106,0.0025394677044614823
1.8189999999999105,0.002539460547079344
1.8199999999999104,0.002539453690183366
1.8209999999999102,0.002539447134671094
1.8219999999999101,0.0025394408814620323
1.82299999999991,0.002539434931500096
1.82399999999991,0.0025394292857555886
1.8249999999999098,0.0025394239452264378
1.8259999999999097,0.0025394189109400125
1.8269999999999096,0.002539414183953398
1.8279999999999095,0.002539409765354602
1.8289999999999094,0.0025394056562627262
1.8299999999999093,0.0025394018578284196
1.8309999999999091,0.002539398371233785
1.831999999999909,0.0025393951976923
1.832999999999909,0.002539392338448892
1.8339999999999088,0.0025393897947793426
1.8349999999999087,0.002539387567990086
1.8359999999999086,0.002539385659417477
1.8369999999999085,0.0025393840704276693
1.8379999999999084,0.002539382802415859
1.8389999999999083,0.0025393818568055157
1.8399999999999082,0.002539381235048297
1.840999999999908,0.002539380938622913
1.841999999999908,0.0025393809690351654
1.8429999999999078,0.0025393813278167775
1.8439999999999077,0.00253938201652526
1.8449999999999076,0.002539383036743576
1.8459999999999075,0.0025393843900794327
1.8469999999999074,0.0025393860781649444
1.8479999999999073,0.00253938810265663
1.8489999999999072,0.002539390465234978
1.849999999999907,0.0025393931676041294
1.850999999999907,0.002539396211492139
1.8519999999999068,0.0025393995986509946
1.8529999999999067,0.0025394033308562686
1.8539999999999066,0.0025394074099076708
1.8549999999999065,0.002539411837629183
1.8559999999999064,0.002539416615869438
1.8569999999999063,0.0025394217465022524
1.8579999999999062,0.002539427231426774
1.858999999999906,0.0025394330725685386
1.859999999999906,0.0025394392718799084
1.8609999999999058,0.0025394458313409973
1.8619999999999057,0.002539452752960296
1.8629999999999056,0.0025394600387760383
1.8639999999999055,0.002539467690856778
1.8649999999999054,0.0025394757113029083
1.8659999999999053,0.002539484102247632
1.8669999999999052,0.002539492865858365
1.867999999999905,0.0025395020043380255
1.868999999999905,0.0025395115199264365
1.8699999999999048,0.002539521414902029
1.8709999999999047,0.0025395316915832224
1.8719999999999046,0.0025395423523300875
1.8729999999999045,0.002539553399546167
1.8739999999999044,0.0025395648356801685
1.8749999999999043,0.0025395766632277487
1.8759999999999042,0.0025395888847334104
1.876999999999904,0.0025396015027926468
1.877999999999904,0.0025396145200534646
1.8789999999999039,0.0025396279392188893
1.8799999999999037,0.0025396417630486334
1.8809999999999036,0.002539655994361442
1.8819999999999035,0.0025396706360372064
1.8829999999999034,0.002539685691018905
1.8839999999999033,0.002539701162315028
1.8849999999999032,0.00253971705300169
1.885999999999903,0.002539733366224827
1.886999999999903,0.002539750105202347
1.8879999999999029,0.0025397672732267555
1.8889999999999028,0.002539784873666826
1.8899999999999026,0.002539802909970343
1.8909999999999025,0.0025398213856662015
1.8919999999999024,0.0025398403043663913
1.8929999999999023,0.002539859669768673
1.8939999999999022,0.002539879485658564
1.894999999999902,0.0025398997559114567
1.895999999999902,0.0025399204844949834
1.8969999999999019,0.0025399416754710163
1.8979999999999018,0.0025399633329980936
1.8989999999999017,0.002539985461332963
1.8999999999999015,0.0025400080648333816
1.9009999999999014,0.002540031147959348
1.9019999999999013,0.0025400547152755783
1.9029999999999012,0.0025400787714534682
1.903999999999901,0.0025401033212726007
1.904999999999901,0.0025401283696228245
1.9059999999999009,0.002540153921505993
1.9069999999999008,0.002540179982037625
1.9079999999999007,0.00254020655644855
1.9089999999999006,0.00254023365008647
1.9099999999999004,0.002540261268417429
1.9109999999999003,0.002540289417027289
1.9119999999999002,0.0025403181016230535
1.9129999999999001,0.002540347328034164
1.9139999999999,0.002540377102213571
1.9149999999999,0.0025404074302390056
1.9159999999998998,0.002540438318313895
1.9169999999998997,0.0025404697727684465
1.9179999999998996,0.00254050180006005
1.9189999999998995,0.0025405344067747464
1.9199999999998993,0.0025405675996272546
1.9209999999998992,0.0025406013854618326
1.9219999999998991,0.0025406357712526827
1.922999999999899,0.002540670764104507
1.923999999999899,0.0025407063712524977
1.9249999999998988,0.002540742600062911
1.9259999999998987,0.0025407794580328442
1.9269999999998986,0.0025408169527904104
1.9279999999998985,0.0025408550920947535
1.9289999999998984,0.0025408938838358437
1.9299999999998982,0.0025409333360340673
1.9309999999998981,0.0025409734568402204
1.931999999999898,0.002541014254535137
1.932999999999898,0.002541055737528622
1.9339999999998978,0.0025410979143598127
1.9349999999998977,0.002541140793696023
1.9359999999998976,0.0025411843843320576
1.9369999999998975,0.002541228695189912
1.9379999999998974,0.0025412737353176854
1.9389999999998973,0.002541319513888852
1.9399999999998971,0.002541366040201661
1.940999999999897,0.002541413323678021
1.941999999999897,0.0025414613738627377
1.9429999999998968,0.0025415102004229563
1.9439999999998967,0.0025415598131467362
1.9449999999998966,0.0025416102219428423
1.9459999999998965,0.0025416614368395513
1.9469999999998964,0.00254171346798426
1.9479999999998963,0.0025417663256423126
1.9489999999998961,0.0025418200201969485
1.949999999999896,0.002541874562148494
1.950999999999896,0.0025419299621140257
1.9519999999998958,0.002541986230826996
1.9529999999998957,0.00254204337913733
1.9539999999998956,0.0025421014180112625
1.9549999999998955,0.002542160358531567
1.9559999999998954,0.0025422202118980317
1.9569999999998953,0.002542280989428075
1.9579999999998952,0.00254234270255755
1.958999999999895,0.002542405362842077
1.959999999999895,0.002542468981958222
1.9609999999998948,0.002542533571705443
1.9619999999998947,0.002542599144008152
1.9629999999998946,0.00254266571091823
1.9639999999998945,0.002542733284617644
1.9649999999998944,0.0025428018774219414
1.9659999999998943,0.002542871501784061
1.9669999999998942,0.0025429421702983478
1.967999999999894,0.002543013895705229
1.968999999999894,0.002543086690896805
1.9699999999998938,0.0025431605689222765
1.9709999999998937,0.002543235542994557
1.9719999999998936,0.00254331162649735
1.9729999999998935,0.002543388832992724
1.9739999999998934,0.0025434671762298647
1.9749999999998933,0.0025435466701537075
1.9759999999998932,0.002543627328915242
1.976999999999893,0.0025437091668820654
1.977999999999893,0.0025437921986498323
1.9789999999998928,0.0025438764390549595
1.9799999999998927,0.0025439619031875256
1.9809999999998926,0.0025440486064058423
1.9819999999998925,0.00254413656435145
1.9829999999998924,0.002544225792965319
1.9839999999998923,0.0025443163085054656
1.9849999999998922,0.0025444081275647207
1.985999999999892,0.002544501267090861
1.986999999999892,0.0025445957444067413
1.9879999999998919,0.002544691577232385
1.9889999999998917,0.002544788783708049
1.9899999999998916,0.002544887382418405
1.9909999999998915,0.002544987392418669
1.9919999999998914,0.0025450888332611554
1.9929999999998913,0.002545191725024206
1.9939999999998912,0.0025452960883417808
1.994999999999891,0.0025454019444352168
1.995999999999891,0.002545509315146126
1.9969999999998909,0.0025456182229707906
1.9979999999998908,0.002545728691096906
1.9989999999998906,0.002545840743441146
1.9999999999998905,0.002545954404689278
2.0009999999998906,0.002546069700337328
2.0019999999998905,0.002546186656735498
2.0029999999998904,0.0025463053011334016
2.0039999999998903,0.0025464256617274937
2.00499999999989,0.0025465477677106482
2.00599999999989,0.0025468576625591773
2.00699999999989,0.0025472314916664997
2.00799999999989,0.002547816460432263
2.0089999999998898,0.0025487552625517718
2.0099999999998897,0.002550186128576288
2.0109999999998895,0.0025522428742690735
2.0119999999998894,0.0025550549487656574
2.0129999999998893,0.002558747482546933
2.013999999999889,0.002563441335232619
2.014999999999889,0.0025692531432032865
2.015999999999889,0.0025762953670570195
2.016999999999889,0.002584676338908933
2.0179999999998888,0.00259450030953964
2.0189999999998887,0.0026058674953984007
2.0199999999998886,0.002618874125468882
2.0209999999998884,0.0026336124880027498
2.0219999999998883,0.0026501709771272093
2.022999999999888,0.0026686341393335825
2.023999999999888,0.0026890827198513927
2.024999999999888,0.002711593708915501
2.025999999999888,0.002736240387931438
2.026999999999888,0.002763092375545232
2.0279999999998877,0.0027922156736232204
2.0289999999998876,0.0028236727131489177
2.0299999999998875,0.0028575224000409946
2.0309999999998873,0.002893820160900496
2.0319999999998872,0.0029326179886916062
2.032999999999887,0.0029739644883617286
2.033999999999887,0.0030179049224082835
2.034999999999887,0.0030644812563958776
2.035999999999887,0.0031137322044312854
2.0369999999998867,0.003165693274599611
2.0379999999998866,0.0032203968143703285
2.0389999999998865,0.0032778720559747884
2.0399999999998863,0.003338145161762812
2.0409999999998862,0.00340123926954302
2.041999999999886,0.0034671745379102684
2.042999999999886,0.003535968191567089
2.043999999999886,0.003607634566641031
2.044999999999886,0.0036821851560037144
2.0459999999998857,0.0037596286545955454
2.0469999999998856,0.0038399710047584343
2.0479999999998855,0.0039232154415807866
2.0489999999998854,0.004009362538258232
2.0499999999998852,0.004098410251471826
2.050999999999885,0.004190353966787311
2.051999999999885,0.004285186544076558
2.052999999999885,0.004382898362964224
2.053999999999885,0.004483477368300723
2.0549999999998847,0.0045869091156623895
2.0559999999998846,0.004693176816880924
2.0569999999998845,0.004802261385602018
2.0579999999998844,0.004914141482873731
2.0589999999998843,0.005028793562765553
2.059999999999884,0.005146191918017143
2.060999999999884,0.005266308725716894
2.061999999999884,0.005389114093010239
2.062999999999884,0.005514576102835837
2.0639999999998837,0.005642660859690132
2.0649999999998836,0.005773332535417786
2.0659999999998835,0.005906553415027757
2.0669999999998834,0.006042283942532645
2.0679999999998833,0.0061804827668106715
2.068999999999883,0.0063211067874878735
2.069999999999883,0.006464111200838861
2.070999999999883,0.006609449545704624
2.071999999999883,0.006757073749424684
2.0729999999998827,0.006906934173782235
2.0739999999998826,0.007058979660960328
2.0749999999998825,0.007213157579506163
2.0759999999998824,0.007369413870302086
2.0769999999998823,0.007527693092541428
2.077999999999882,0.007687938469706321
2.078999999999882,0.007850091935546394
2.079999999999882,0.008014094180055331
2.080999999999882,0.008179884695444582
2.0819999999998817,0.00834740182211132
2.0829999999998816,0.00851658279459927
2.0839999999998815,0.008687363787550723
2.0849999999998814,0.008859679961647951
2.0859999999998813,0.009033465509542773
2.086999999999881,0.009208653701771902
2.087999999999881,0.009385176932658272
2.088999999999881,0.0095629667661951
2.089999999999881,0.009741953981913472
2.0909999999998807,0.00992206862073057
2.0919999999998806,0.010103240030778948
2.0929999999998805,0.01028539691321518
2.0939999999998804,0.010468467368007169
2.0949999999998803,0.010652378939699718
2.09599999999988,0.010837058663157484
2.09699999999988,0.011022433109284767
2.09799999999988,0.011208428430721826
2.09899999999988,0.011394970407517462
2.0999999999998797,0.011581984492777302
2.1009999999998796,0.011769395858287679
2.1019999999998795,0.011957129440115122
2.1029999999998794,0.012145109984181703
2.1039999999998793,0.012333262091815025
2.104999999999879,0.012521510265274677
2.105999999999879,0.012709778953253793
2.106999999999879,0.012897992596356926
2.107999999999879,0.013086075672553467
2.1089999999998787,0.01327395274260837
2.1099999999998786,0.013461548495488425
2.1109999999998785,0.013648787793746904
2.1119999999998784,0.013835595718884722
2.1129999999998783,0.014021897616689934
2.113999999999878,0.014207619142555514
2.114999999999878,0.014392686306775995
2.115999999999878,0.014577025519823636
2.116999999999878,0.014760563637604009
2.1179999999998778,0.014943228006692205
2.1189999999998776,0.015124946509550333
2.1199999999998775,0.01530564760972588
2.1209999999998774,0.015485260397032428
2.1219999999998773,0.01566371463271303
2.122999999999877,0.015840940794586658
2.123999999999877,0.01601687012217823
2.124999999999877,0.016191434661833336
2.125999999999877,0.01636456731181734
2.1269999999998768,0.0165362018674002
2.1279999999998767,0.016706273065927153
2.1289999999998765,0.016874716631876056
2.1299999999998764,0.017041469321901488
2.1309999999998763,0.017206468969866433
2.131999999999876,0.017369654531862615
2.132999999999876,0.017530966131218392
2.133999999999876,0.01769034510349686
2.134999999999876,0.017847734041482592
2.1359999999998758,0.018003076840158998
2.1369999999998757,0.018156318741676003
2.1379999999998756,0.018307406380308464
2.1389999999998754,0.018456287827406465
2.1399999999998753,0.018602912636336705
2.1409999999998752,0.018747231887416865
2.141999999999875,0.01888919823284204
2.142999999999875,0.019028765941604374
2.143999999999875,0.01916589094440596
2.144999999999875,0.019300530878565765
2.1459999999998747,0.019432645132920368
2.1469999999998746,0.01956219489271916
2.1479999999998745,0.01968914318451446
2.1489999999998743,0.019813454921046858
2.1499999999998742,0.01993509694612558
2.150999999999874,0.020054038079505142
2.151999999999874,0.02017024916175765
2.152999999999874,0.02028370309914187
2.153999999999874,0.020394374908468682
2.1549999999998737,0.02050224176196372
2.1559999999998736,0.020607283032127263
2.1569999999998735,0.020709480336592
2.1579999999998734,0.020808817582978367
2.1589999999998732,0.020905281013748438
2.159999999999873,0.02099885925105851
2.160999999999873,0.02108954334161013
2.161999999999873,0.021177326801501133
2.162999999999873,0.021262205661075742
2.1639999999998727,0.021344178509775158
2.1649999999998726,0.021423246540988032
2.1659999999998725,0.021499413596902404
2.1669999999998724,0.021572686213358526
2.1679999999998723,0.021643073664703354
2.168999999999872,0.02171058800864771
2.169999999999872,0.02177524413112559
2.170999999999872,0.021837059791157173
2.171999999999872,0.021896055665715307
2.1729999999998717,0.021952255394597074
2.1739999999998716,0.022005685625299753
2.1749999999998715,0.02205637605790297
2.1759999999998714,0.022104359489957315
2.1769999999998713,0.022149671861380518
2.177999999999871,0.02219235229936132
2.178999999999871,0.022232443163272983
2.179999999999871,0.02226999008959655
2.180999999999871,0.022305042036854836
2.1819999999998707,0.02233765133055942
2.1829999999998706,0.022367873708169672
2.1839999999998705,0.022395768364067682
2.1849999999998704,0.022421397994547405
2.1859999999998703,0.022444828842822125
2.18699999999987,0.022466130744049663
2.18799999999987,0.02248537717037826
2.18899999999987,0.022502645276013332
2.18999999999987,0.02251801594230799
2.1909999999998697,0.022531573822878362
2.1919999999998696,0.022543407388745808
2.1929999999998695,0.02255360897350782
2.1939999999998694,0.02256227481853923
2.1949999999998693,0.02256950511822712
2.195999999999869,0.022575404065239037
2.196999999999869,0.02258007989582992
2.197999999999869,0.02258364493518685
2.198999999999869,0.022586215642816376
2.1999999999998687,0.0225879126579748
2.2009999999998686,0.02258886084514604
2.2019999999998685,0.02258918933956683
2.2029999999998684,0.02258903159280417
2.2039999999998683,0.02258852541838561
2.204999999999868,0.02258781303748602
2.205999999999868,0.022587041124672462
2.206999999999868,0.02258628461647335
2.207999999999868,0.022585467305725394
2.2089999999998677,0.02258443966826694
2.2099999999998676,0.02258305678350457
2.2109999999998675,0.02258117828689562
2.2119999999998674,0.0225786683223841
2.2129999999998673,0.022575395494795036
2.213999999999867,0.022571232822191513
2.214999999999867,0.022566057688199172
2.215999999999867,0.022559751794301607
2.216999999999867,0.02255220111211191
2.2179999999998667,0.022543295835622847
2.2189999999998666,0.02253293033344085
2.2199999999998665,0.022521003101006125
2.2209999999998664,0.022507416712803548
2.2219999999998663,0.02249207777456605
2.222999999999866,0.022474896875475055
2.223999999999866,0.022455788540359893
2.224999999999866,0.02243467118189893
2.225999999999866,0.02241146705282516
2.2269999999998658,0.022386102198138455
2.2279999999998656,0.022358506407327193
2.2289999999998655,0.02232861316659939
2.2299999999998654,0.022296359611128275
2.2309999999998653,0.022261686477310486
2.231999999999865,0.02222453805504148
2.232999999999865,0.02218486214000722
2.233999999999865,0.02214260998599519
2.234999999999865,0.02209773625722415
2.2359999999998648,0.02205019898069533
2.2369999999998647,0.02199995949856484
2.2379999999998645,0.02194698242053806
2.2389999999998644,0.02189123557628763
2.2399999999998643,0.021832689967894323
2.240999999999864,0.021771319722312513
2.241999999999864,0.02170710204385977
2.242999999999864,0.021640017166731383
2.243999999999864,0.02157004830753991
2.2449999999998638,0.02149718161787989
2.2459999999998637,0.021421406136917995
2.2469999999998636,0.021342713744008833
2.2479999999998634,0.021261099111335696
2.2489999999998633,0.02117655965657743
2.249999999999863,0.02108909549560041
2.250999999999863,0.02099870939517568
2.251999999999863,0.020905406725721658
2.252999999999863,0.02080919541407175
2.253999999999863,0.020710085896266793
2.2549999999998627,0.020608091070372425
2.2559999999998626,0.020503226249320307
2.2569999999998624,0.020395509113774683
2.2579999999998623,0.02028495966502189
2.2589999999998622,0.02017160017788429
2.259999999999862,0.020055455153657482
2.260999999999862,0.019936551273071097
2.261999999999862,0.019814917349271856
2.262999999999862,0.01969058428083044
2.2639999999998617,0.019563585004769984
2.2649999999998616,0.019433954449617284
2.2659999999998615,0.019301729488475895
2.2669999999998613,0.01916694889212093
2.2679999999998612,0.01902965328211547
2.268999999999861,0.01888988508394856
2.269999999999861,0.018747688480193488
2.270999999999861,0.01860310936368783
2.271999999999861,0.01845619529073389
2.2729999999998607,0.018306995434319205
2.2739999999998606,0.018155560537358326
2.2749999999998605,0.018001942865953864
2.2759999999998604,0.017846196162677692
2.2769999999998602,0.01768837559987302
2.27799999999986,0.017528537732974456
2.27899999999986,0.017366740453849346
2.27999999999986,0.017203042944157934
2.28099999999986,0.01703750562873245
2.2819999999998597,0.01687019012897671
2.2829999999998596,0.01670115921628367
2.2839999999998595,0.01653047676547314
2.2849999999998594,0.01635820770824814
2.2859999999998593,0.01618441798667014
2.286999999999859,0.016009174506653734
2.287999999999859,0.01583254509147968
2.288999999999859,0.01565459843532742
2.289999999999859,0.015475404056825598
2.2909999999998587,0.015295032252622014
2.2919999999998586,0.01511355405097195
2.2929999999998585,0.01493104116534505
2.2939999999998584,0.014747565948050614
2.2949999999998583,0.014563201343881796
2.295999999999858,0.014378020843777636
2.296999999999858,0.014192098438503505
2.297999999999858,0.014005508572349563
2.298999999999858,0.013818326096847508
2.2999999999998577,0.013630626224504533
2.3009999999998576,0.013442484482555347
2.3019999999998575,0.013253976666731511
2.3029999999998574,0.013065178795047573
2.3039999999998573,0.012876167061604403
2.304999999999857,0.012687017790409053
2.305999999999857,0.01249780738921074
2.306999999999857,0.012308612303352374
2.307999999999857,0.01211950896963812
2.3089999999998567,0.011930573770215266
2.3099999999998566,0.011741882986470789
2.3109999999998565,0.011553512752941648
2.3119999999998564,0.011365539011238192
2.3129999999998563,0.011178037463980432
2.313999999999856,0.010991083528745373
2.314999999999856,0.010804752292026355
2.315999999999856,0.0106191184632013
2.316999999999856,0.010434256328511186
2.3179999999998557,0.010250239705045947
2.3189999999998556,0.010067141894737862
2.3199999999998555,0.009885035638361184
2.3209999999998554,0.00970399306953583
2.3219999999998553,0.009524085668734958
2.322999999999855,0.009345384217295145
2.323999999999855,0.009167958751426945
2.324999999999855,0.008991878516224447
2.325999999999855,0.008817211919673232
2.3269999999998547,0.008644026486654466
2.3279999999998546,0.00847238881294287
2.3289999999998545,0.008302364519198323
2.3299999999998544,0.008134018204948301
2.3309999999998543,0.007967413402559381
2.331999999999854,0.007802612531196261
2.332999999999854,0.007639676850766795
2.333999999999854,0.007478666415850231
2.334999999999854,0.0073196400296076936
2.3359999999998537,0.0071626551976723685
2.3369999999998536,0.007007768082017751
2.3379999999998535,0.006855033454802137
2.3389999999998534,0.006704504652187748
2.3399999999998533,0.006556233528131901
2.340999999999853,0.006410270408149614
2.341999999999853,0.006266664043044989
2.342999999999853,0.006125461562610658
2.343999999999853,0.005986708429292803
2.3449999999998528,0.00585044839182202
2.3459999999998526,0.005716723438806803
2.3469999999998525,0.005585573752290497
2.3479999999998524,0.005457037661269301
2.3489999999998523,0.005331151595171786
2.349999999999852,0.0052079500372988335
2.350999999999852,0.005087465478223398
2.351999999999852,0.004969728369151133
2.352999999999852,0.004854767075240546
2.3539999999998518,0.004742607828884332
2.3549999999998517,0.00463327468295207
2.3559999999998515,0.004526789463994707
2.3569999999998514,0.0044231717254132885
2.3579999999998513,0.004322438700591617
2.358999999999851,0.0042246052559966815
2.359999999999851,0.004129683844246668
2.360999999999851,0.004037684457150893
2.361999999999851,0.003948614578722469
2.3629999999998508,0.0038624791381676807
2.3639999999998507,0.0037792804628548685
2.3649999999998506,0.0036990182312657827
2.3659999999998504,0.003621689425933196
2.3669999999998503,0.0035472882863688687
2.3679999999998502,0.003475806261985126
2.36899999999985,0.003407231965014905
2.36999999999985,0.003341551123433824
2.37099999999985,0.003278746533889522
2.37199999999985,0.0032187980146420186
2.3729999999998497,0.0031616823585203097
2.3739999999998496,0.0031073732858994813
2.3749999999998495,0.0030558413977031657
2.3759999999998493,0.0030070541284363053
2.3769999999998492,0.002960975699252126
2.377999999999849,0.0029175670710591614
2.378999999999849,0.002876785897671777
2.379999999999849,0.00283858647900901
2.380999999999849,0.0028029197143464857
2.3819999999998487,0.002769733055624786
2.3829999999998486,0.0027389704608190707
2.3839999999998485,0.002710572347373562
2.3849999999998484,0.002684475545703554
2.3859999999998482,0.0026606132527706647
2.386999999999848,0.0026389149857318495
2.387999999999848,0.0026193065356671513
2.388999999999848,0.0026017099213882025
2.389999999999848,0.002586043343329708
2.3909999999998477,0.002572221137527364
2.3919999999998476,0.002560153729682893
2.3929999999998475,0.0025497475893190916
2.3939999999998474,0.002540905184026679
2.3949999999998473,0.0025335249338035923
2.395999999999847,0.002527501165489523
2.396999999999847,0.0025227240672953573
2.397999999999847,0.0025190796434309444
2.398999999999847,0.0025164496688297733
2.3999999999998467,0.0025147116439739707
2.4009999999998466,0.002513738749819739
2.4019999999998465,0.0025133998028244835
2.4029999999998464,0.0025135592100775407
2.4039999999998463,0.0025140769245356707
2.404999999999846,0.0025148084003653003
2.405999999999846,0.002515604548393658
2.406999999999846,0.002516506777334667
2.407999999999846,0.002517381307434327
2.4089999999998457,0.002518228924571979
2.4099999999998456,0.0025190503924405784
2.4109999999998455,0.00251984645320133
2.4119999999998454,0.0025206178281172546
2.4129999999998453,0.0025213652181666456
2.413999999999845,0.0025220893046371436
2.414999999999845,0.0025227907497012807
2.415999999999845,0.0025234701969733403
2.416999999999845,0.0025241282720493592
2.4179999999998447,0.0025247655830299386
2.4189999999998446,0.0025253827210269253
2.4199999999998445,0.002525980260653961
2.4209999999998444,0.002526558760502281
2.4219999999998443,0.0025271187636015796
2.422999999999844,0.0025276607978665343
2.423999999999844,0.0025281853765298616
2.424999999999844,0.002528692998561833
2.425999999999844,0.002529184149077067
2.4269999999998437,0.0025296592997289327
2.4279999999998436,0.002530118909091831
2.4289999999998435,0.0025305634230318973
2.4299999999998434,0.002530993275066628
2.4309999999998433,0.002531408886713101
2.431999999999843,0.002531810667826463
2.432999999999843,0.0025321990169278226
2.433999999999843,0.0025325743215222143
2.434999999999843,0.0025329369584069818
2.4359999999998427,0.0025332872939716616
2.4369999999998426,0.0025336256844879536
2.4379999999998425,0.002533952476391821
2.4389999999998424,0.0025342680065569244
2.4399999999998423,0.002534572602559987
2.440999999999842,0.002534866582938687
2.441999999999842,0.0025351502574412106
2.442999999999842,0.0025354239272696345
2.443999999999842,0.0025356878853150834
2.4449999999998417,0.002535942416386997
2.4459999999998416,0.0025361877974347975
2.4469999999998415,0.002536424297764333
2.4479999999998414,0.002536652179246753
2.4489999999998413,0.0025368716965228633
2.449999999999841,0.0025370830971999554
2.450999999999841,0.0025372866220447453
2.451999999999841,0.002537482505169414
2.452999999999841,0.002537670974213254
2.4539999999998408,0.0025378522505189217
2.4549999999998406,0.0025380265493036187
2.4559999999998405,0.0025381940798254107
2.4569999999998404,0.002538355045545615
2.4579999999998403,0.002538509644285373
2.45899999999984,0.0025386580683792424
2.45999999999984,0.002538800504823406
2.46099999999984,0.0025389371354207733
2.46199999999984,0.0025390681369212367
2.4629999999998398,0.0025391936811586593
2.4639999999998397,0.002539313935183911
2.4649999999998395,0.0025394290613941876
2.4659999999998394,0.0025395392176591133
2.4669999999998393,0.0025396445574431097
2.467999999999839,0.00253974522992461
2.468999999999839,0.002539841380112106
2.469999999999839,0.002539933148957084
2.470999999999839,0.0025400206734637366
2.4719999999998388,0.0025401040867959676
2.4729999999998387,0.0025401835183815474
2.4739999999998386,0.002540259094013307
2.4749999999998384,0.002540330935948111
2.4759999999998383,0.0025403991630022077
2.476999999999838,0.0025404638906454564
2.477999999999838,0.0025405252310919287
2.478999999999838,0.0025405832933887117
2.479999999999838,0.0025406381835021627
2.480999999999838,0.0025406900044021574
2.4819999999998377,0.0025407388561435526
2.4829999999998376,0.0025407848359463095
2.4839999999998374,0.00254082803827305
2.4849999999998373,0.0025408685549044713
2.4859999999998372,0.002540906475013111
2.486999999999837,0.002540941885235286
2.487999999999837,0.002540974869740739
2.488999999999837,0.0025410055103007034
2.489999999999837,0.0025410338863542416
2.4909999999998367,0.0025410600750728866
2.4919999999998366,0.0025410841514233555
2.4929999999998365,0.0025411061882289684
2.4939999999998363,0.002541126256229112
2.4949999999998362,0.002541144424137713
2.495999999999836,0.0025411607586992395
2.496999999999836,0.0025411753247443145
2.497999999999836,0.002541188185243279
2.498999999999836,0.002541199401358364
2.4999999999998357,0.00254120903249443
2.5009999999998356,0.0025412171363488473
2.5019999999998355,0.0025412237689595926
2.5029999999998354,0.0025412289847521995
2.5039999999998352,0.0025412328365854234
2.504999999999835,0.002541235375795977
2.505999999999835,0.0025412366522415165
2.506999999999835,0.0025412367143431702
2.507999999999835,0.0025412356091261933
2.5089999999998347,0.0025412333822602134
2.5099999999998346,0.0025412300780978843
2.5109999999998345,0.00254122573971282
2.5119999999998344,0.002541220408935927
2.5129999999998343,0.002541214126391852
2.513999999999834,0.0025412069315329383
2.514999999999834,0.002541198862673715
2.515999999999834,0.0025411899570232377
2.516999999999834,0.0025411802507171906
2.5179999999998337,0.0025411697788489847
2.5189999999998336,0.0025411585754995802
2.5199999999998335,0.0025411466737673104
2.5209999999998334,0.0025411341057957303
2.5219999999998333,0.002541120902801494
2.522999999999833,0.002541107095101122
2.523999999999833,0.0025410927121370212
2.524999999999833,0.002541077782502659
2.525999999999833,0.0025410623339671284
2.5269999999998327,0.00254104639349886
2.5279999999998326,0.0025410299872885844
2.5289999999998325,0.002541013140771823
2.5299999999998324,0.002540995878650386
2.5309999999998323,0.002540978224913386
2.531999999999832,0.0025409602028575243
2.532999999999832,0.0025409418351069364
2.533999999999832,0.0025409231436320408
2.534999999999832,0.0025409041497679967
2.5359999999998317,0.002540884874232898
2.5369999999998316,0.002540865337144569
2.5379999999998315,0.00254084555803763
2.5389999999998314,0.002540825555879464
2.5399999999998313,0.0025408053490861143
2.540999999999831,0.002540784955537126
2.541999999999831,0.002540764392590298
2.542999999999831,0.002540743677095881
2.543999999999831,0.0025407228254100585
2.5449999999998307,0.002540701853408229
2.5459999999998306,0.002540680776497873
2.5469999999998305,0.0025406596096306487
2.5479999999998304,0.002540638367314319
2.5489999999998303,0.0025406170636245104
2.54999999999983,0.0025405957122152795
2.55099999999983,0.002540574326330529
2.55199999999983,0.0025405529188137106
2.55299999999983,0.0025405315021180958
2.5539999999998297,0.002540510088316659
2.5549999999998296,0.002540488689110953
2.5559999999998295,0.00254046731584048
2.5569999999998294,0.0025404459794913133
2.5579999999998293,0.002540424690704722
2.558999999999829,0.0025404034597849706
2.559999999999829,0.0025403822967076627
2.560999999999829,0.0025403612111270825
2.561999999999829,0.002540340212384154
2.5629999999998287,0.0025403193095128902
2.5639999999998286,0.002540298511248165
2.5649999999998285,0.002540277826032413
2.5659999999998284,0.0025402572620218944
2.5669999999998283,0.002540236827093808
2.567999999999828,0.002540216528852203
2.568999999999828,0.002540196374634481
2.569999999999828,0.0025401763715175232
2.570999999999828,0.002540156526323504
2.5719999999998278,0.002540136845626033
2.5729999999998276,0.002540117335755921
2.5739999999998275,0.002540098002806971
2.5749999999998274,0.0025400788526417327
2.5759999999998273,0.0025400598908971762
2.576999999999827,0.0025400411229905967
2.577999999999827,0.002540022554124801
2.578999999999827,0.0025400041892944154
2.579999999999827,0.0025399860332911833
2.5809999999998268,0.0025399680907098113
2.5819999999998267,0.0025399503659537526
2.5829999999998265,0.002539932863241355
2.5839999999998264,0.0025399155866112563
2.5849999999998263,0.002539898539929055
2.585999999999826,0.0025398817268930604
2.586999999999826,0.002539865151040696
2.587999999999826,0.0025398488157550962
2.588999999999826,0.0025398327242713535
2.5899999999998258,0.002539816879683701
2.5909999999998257,0.002539801284952233
2.5919999999998256,0.002539785942910048
2.5929999999998254,0.002539770856270721
2.5939999999998253,0.002539756027635953
2.5949999999998252,0.002539741459503496
2.595999999999825,0.0025397271542750254
2.596999999999825,0.002539713114264923
2.597999999999825,0.0025396993417088273
2.598999999999825,0.002539685838772815
2.5999999999998247,0.0025396726075625486
2.6009999999998246,0.00253965965013336
2.6019999999998245,0.0025396469685000263
2.6029999999998243,0.0025396345646475707
2.6039999999998242,0.0025396224405419103
2.604999999999824,0.0025396105981411836
2.605999999999824,0.002539599039407644
2.606999999999824,0.0025395877663196044
2.607999999999824,0.0025395767806776527
2.6089999999998237,0.002539566083843904
2.6099999999998236,0.002539555676898987
2.6109999999998235,0.0025395455608591584
2.6119999999998234,0.002539535736687408
2.6129999999998232,0.00253952620530486
2.613999999999823,0.0025395169675999467
2.614999999999823,0.0025395080244376977
2.615999999999823,0.002539499376667226
2.616999999999823,0.002539491025129001
2.6179999999998227,0.002539482970661061
2.6189999999998226,0.002539475214104678
2.6199999999998225,0.0025394677563091717
2.6209999999998224,0.0025394605981361555
2.6219999999998223,0.002539453740463604
2.622999999999822,0.0025394471841885882
2.623999999999822,0.002539440930230393
2.624999999999822,0.002539434979532719
2.625999999999822,0.002539429333065453
2.6269999999998217,0.0025394239918264776
2.6279999999998216,0.002539418956842728
2.6289999999998215,0.0025394142291711615
2.6299999999998214,0.0025394098098995774
2.6309999999998213,0.0025394057001468934
2.631999999999821,0.002539401901063342
2.632999999999821,0.0025393984138309643
2.633999999999821,0.0025393952396631156
2.634999999999821,0.002539392379804467
2.6359999999998207,0.00253938983553062
2.6369999999998206,0.002539387608147727
2.6379999999998205,0.002539385698992175
2.6389999999998204,0.002539384109429891
2.6399999999998203,0.0025393828408557667
2.64099999999982,0.002539381894693292
2.64199999999982,0.002539381272393875
2.64299999999982,0.0025393809754361875
2.64399999999982,0.0025393810053257193
2.6449999999998197,0.0025393813635941308
2.6459999999998196,0.0025393820517989815
2.6469999999998195,0.00253938307152287
2.6479999999998194,0.002539384424373379
2.6489999999998193,0.0025393861119826708
2.649999999999819,0.0025393881360070217
2.650999999999819,0.002539390498126789
2.651999999999819,0.002539393200046078
2.652999999999819,0.002539396243492833
2.6539999999998187,0.0025393996302188297
2.6549999999998186,0.0025394033619995163
2.6559999999998185,0.0025394074406346265
2.6569999999998184,0.0025394118679479306
2.6579999999998183,0.0025394166457881374
2.658999999999818,0.0025394217760286893
2.659999999999818,0.0025394272605688585
2.660999999999818,0.0025394331013340148
2.661999999999818,0.0025394393002764644
2.6629999999998177,0.0025394458593760508
2.6639999999998176,0.00253945278064149
2.6649999999998175,0.0025394600661105826
2.6659999999998174,0.002539467717852087
2.6669999999998173,0.002539475737966184
2.667999999999817,0.002539484128585994
2.668999999999817,0.002539492891878839
2.669999999999817,0.0025395020300476474
2.670999999999817,0.002539511545332107
2.6719999999998167,0.002539521440010562
2.6729999999998166,0.0025395317164013387
2.6739999999998165,0.0025395423768645245
2.6749999999998164,0.002539553423803565
2.6759999999998163,0.0025395648596670192
2.676999999999816,0.002539576686950585
2.677999999999816,0.0025395889081986714
2.678999999999816,0.002539601526006699
2.679999999999816,0.002539614543022612
2.6809999999998158,0.0025396279619493665
2.6819999999998156,0.0025396417855467514
2.6829999999998155,0.0025396560166332967
2.6839999999998154,0.0025396706580889314
2.6849999999998153,0.00253968571285652
2.685999999999815,0.0025397011839445836
2.686999999999815,0.002539717074429102
2.687999999999815,0.002539733387455983
2.688999999999815,0.002539750126243273
2.6899999999998148,0.0025397672940831
2.6909999999998147,0.002539784894344553
2.6919999999998145,0.0025398029304751803
2.6929999999998144,0.002539821406003749
2.6939999999998143,0.0025398403245424535
2.694999999999814,0.0025398596897888946
2.695999999999814,0.002539879505528555
2.696999999999814,0.0025398997756368898
2.697999999999814,0.00253992050408133
2.6989999999998138,0.0025399416949239556
2.6999999999998137,0.0025399633523231074
2.7009999999998136,0.0025399854805356337
2.7019999999998134,0.002540008083919087
2.7029999999998133,0.002540031166933531
2.703999999999813,0.0025400547341438394
2.704999999999813,0.002540078790221157
2.705999999999813,0.0025401033399451226
2.706999999999813,0.0025401283882056126
2.707999999999813,0.0025401539400044457
2.7089999999998127,0.002540180000457158
2.7099999999998126,0.002540206574794479
2.7109999999998124,0.0025402336683641308
2.7119999999998123,0.0025402612866321887
2.7129999999998122,0.002540289435184473
2.713999999999812,0.002540318119728033
2.714999999999812,0.00254034734609215
2.715999999999812,0.002540377120229982
2.716999999999812,0.00254040744821913
2.7179999999998117,0.002540438336263065
2.7189999999998116,0.002540469790691856
2.7199999999998115,0.0025405018179630937
2.7209999999998113,0.0025405344246626563
2.7219999999998112,0.002540567617505294
2.722999999999811,0.0025406014033352506
2.723999999999811,0.0025406357891268015
2.724999999999811,0.0025406707819845206
2.725999999999811,0.002540706389143766
2.7269999999998107,0.002540742617970576
2.7279999999998106,0.00254077947596211
2.7289999999998105,0.0025408169707465643
2.7299999999998104,0.0025408551100830554
2.7309999999998102,0.002540893901861359
2.73199999999981,0.0025409333541022046
2.73299999999981,0.0025409734749560833
2.73399999999981,0.00254101427270376
2.73499999999981,0.0025410557557553545
2.7359999999998097,0.002541097932649769
2.7369999999998096,0.0025411408120542857
2.7379999999998095,0.0025411844027637964
2.7389999999998094,0.002541228713700199
2.7399999999998093,0.002541273753911586
2.740999999999809,0.0025413195325714455
2.741999999999809,0.002541366058977975
2.742999999999809,0.0025414133425530373
2.743999999999809,0.0025414613928415215
2.7449999999998087,0.0025415102195103546
2.7459999999998086,0.0025415598323477104
2.7469999999998085,0.0025416102412623223
2.7479999999998084,0.002541661456282339
2.7489999999998083,0.0025417134875551743
2.749999999999808,0.002541766345346124
2.750999999999808,0.002541820040038431
2.751999999999808,0.0025418745821323106
2.752999999999808,0.0025419299822447873
2.7539999999998077,0.002541986251109272
2.7549999999998076,0.00254204339957571
2.7559999999998075,0.00254210143861016
2.7569999999998074,0.0025421603792954127
2.7579999999998073,0.0025422202328311654
2.758999999999807,0.0025422810105347714
2.759999999999807,0.002542342723842069
2.760999999999807,0.002542405384308541
2.761999999999807,0.002542469003610645
2.7629999999998067,0.002542533593547839
2.7639999999998066,0.00254259916604449
2.7649999999998065,0.0025426657331522363
2.7659999999998064,0.0025427333070530515
2.7669999999998063,0.0025428019000624004
2.767999999999806,0.0025428715246331272
2.768999999999806,0.0025429421933594216
2.769999999999806,0.002543013918981655
2.770999999999806,0.0025430867143918408
2.7719999999998057,0.0025431605926390273
2.7729999999998056,0.0025432355669359613
2.7739999999998055,0.0025433116506663606
2.7749999999998054,0.0025433888573921475
2.7759999999998053,0.0025434672008623344
2.776999999999805,0.002543546695021652
2.777999999999805,0.0025436273540211315
2.778999999999805,0.002543709192228079
2.779999999999805,0.0025437922242382213
2.7809999999998047,0.002543876464887636
2.7819999999998046,0.0025439619292663314
2.7829999999998045,0.002544048632732457
2.7839999999998044,0.0025441365909274344
2.7849999999998043,0.002544225819792089
2.785999999999804,0.0025443163355842457
2.786999999999804,0.002544408154896701
2.787999999999804,0.002544501294676864
2.788999999999804,0.0025445957722476757
2.7899999999998037,0.0025446916053287784
2.7909999999998036,0.0025447888120603383
2.7919999999998035,0.002544887411026941
2.7929999999998034,0.0025449874212836315
2.7939999999998033,0.0025450888623824823
2.794999999999803,0.002545191754401672
2.795999999999803,0.0025452961179750835
2.796999999999803,0.0025454019743237633
2.797999999999803,0.0025455093452891875
2.7989999999998028,0.0025456182533676076
2.7999999999998026,0.0025457287217463542
2.8009999999998025,0.002545840774342053
2.8019999999998024,0.0025459544358402003
2.8029999999998023,0.0025460697317367838
2.803999999999802,0.00254618668838176
2.804999999999802,0.002546305333024596
2.805999999999802,0.0025464256938615634
2.806999999999802,0.0025465478000853935
2.8079999999998018,0.002546857695983489
2.8089999999998017,0.0025472315261039283
2.8099999999998015,0.002547816495847323
2.8109999999998014,0.00254875529890981
2.8119999999998013,0.002550186165843356
2.812999999999801,0.0025522429124119755
2.813999999999801,0.002555054987752093
2.814999999999801,0.002558747522345039
2.815999999999801,0.002563441375811361
2.8169999999998008,0.002569253184532081
2.8179999999998007,0.002576295409106054
2.8189999999998006,0.002584676381649064
2.8199999999998004,0.002594500352941991
2.8209999999998003,0.002605867539434901
2.8219999999998002,0.002618874170111831
2.8229999999998,0.0026336125332250097
2.8239999999998,0.002650171022902284
2.8249999999998,0.002668634185635267
2.8259999999998,0.002689082766654048
2.8269999999997997,0.0027115937561939044
2.8279999999997996,0.002736240435660963
2.8289999999997995,0.0027630924237014784
2.8299999999997993,0.0027922157221824777
2.8309999999997992,0.002823672762087826
2.831999999999799,0.002857522449336524
2.832999999999799,0.002893820210530293
2.833999999999799,0.0029326180386334832
2.834999999999799,0.0029739645385940955
2.8359999999997987,0.003017904972910053
2.8369999999997986,0.0030644813071463023
2.8379999999997985,0.0031137322554099303
2.8389999999997984,0.003165693325786749
2.8399999999997982,0.003220396865746468
2.840999999999798,0.0032778721075209308
2.841999999999798,0.0033381452134605624
2.842999999999798,0.0034012393213741984
2.843999999999798,0.0034671745898573747
2.8449999999997977,0.0035359682436129428
2.8459999999997976,0.0036076346187688055
2.8469999999997975,0.0036821852081972833
2.8479999999997974,0.0037596287068391784
2.8489999999997973,0.0038399710570367687
2.849999999999797,0.003923215493879029
2.850999999999797,0.004009362590562032
2.851999999999797,0.004098410303767466
2.852999999999797,0.0041903540190612945
2.8539999999997967,0.00428518659631609
2.8549999999997966,0.0043828984151568495
2.8559999999997965,0.004483477420434603
2.8569999999997964,0.004586909167726194
2.8579999999997963,0.004693176868863738
2.858999999999796,0.004802261437493412
2.859999999999796,0.004914141534663824
2.860999999999796,0.005028793614445047
2.861999999999796,0.0051461919695769895
2.8629999999997957,0.005266308777148836
2.8639999999997956,0.005389114144306269
2.8649999999997955,0.005514576153988628
2.8659999999997954,0.005642660910692737
2.8669999999997953,0.005773332586263863
2.867999999999795,0.005906553465711284
2.868999999999795,0.006042283993048243
2.869999999999795,0.006180482817153443
2.870999999999795,0.006321106837653266
2.8719999999997947,0.0064641112508228155
2.8729999999997946,0.006609449595503587
2.8739999999997945,0.006757073799035576
2.8749999999997944,0.00690693422320246
2.8759999999997943,0.007058979710187645
2.876999999999794,0.0072131576285387605
2.877999999999794,0.007369413919138652
2.878999999999794,0.007527693141181152
2.879999999999794,0.00768793851814864
2.8809999999997937,0.007850091983791233
2.8819999999997936,0.008014094228102973
2.8829999999997935,0.00817988474329577
2.8839999999997934,0.008347401869767075
2.8849999999997933,0.008516582842061082
2.885999999999793,0.008687363834820376
2.886999999999793,0.00885968000872761
2.887999999999793,0.009033465556434847
2.888999999999793,0.009208653748479331
2.8899999999997927,0.009385176979184076
2.8909999999997926,0.00956296681254281
2.8919999999997925,0.009741954028086787
2.8929999999997924,0.009922068666733529
2.8939999999997923,0.010103240076615852
2.894999999999792,0.010285396958890504
2.895999999999792,0.010468467413525813
2.896999999999792,0.010652378985066671
2.897999999999792,0.010837058708378068
2.8989999999997917,0.011022433154364464
2.8999999999997916,0.011208428475666395
2.9009999999997915,0.011394970452332787
2.9019999999997914,0.01158198453746942
2.9029999999997913,0.011769395902862828
2.903999999999791,0.01195712948457981
2.904999999999791,0.012145110028542454
2.905999999999791,0.01233326213607857
2.906999999999791,0.012521510309447821
2.9079999999997908,0.01270977899734363
2.9089999999997906,0.012897992640370344
2.9099999999997905,0.013086075716497808
2.9109999999997904,0.013273952786490767
2.9119999999997903,0.013461548539316297
2.91299999999979,0.013648787837527654
2.91399999999979,0.013835595762625788
2.91499999999979,0.014021897660398866
2.91599999999979,0.014207619186239896
2.9169999999997898,0.014392686350443419
2.9179999999997897,0.014577025563481762
2.9189999999997895,0.014760563681260344
2.9199999999997894,0.014943228050354515
2.9209999999997893,0.015124946553226236
2.921999999999789,0.015305647653422981
2.922999999999789,0.015485260440758306
2.923999999999789,0.0156637146764754
2.924999999999789,0.01584094083839297
2.9259999999997888,0.01601687016603611
2.9269999999997887,0.016191434705750185
2.9279999999997885,0.016364567355800573
2.9289999999997884,0.016536201911457195
2.9299999999997883,0.016706273110065242
2.930999999999788,0.01687471667610243
2.931999999999788,0.017041469366223257
2.932999999999788,0.01720646901429082
2.933999999999788,0.017369654576396443
2.934999999999788,0.017530966175868613
2.9359999999997877,0.017690345148270226
2.9369999999997876,0.01784773408638582
2.9379999999997874,0.018003076885198692
2.9389999999997873,0.018156318786858625
2.9399999999997872,0.01830740642564043
2.940999999999787,0.01845628787289396
2.941999999999787,0.018602912681985925
2.942999999999787,0.01874723193323382
2.943999999999787,0.018889198278832682
2.9449999999997867,0.01902876598777442
2.9459999999997866,0.019165890990761096
2.9469999999997865,0.0193005309251116
2.9479999999997863,0.019432645179662228
2.9489999999997862,0.019562194939662332
2.949999999999786,0.01968914323166411
2.950999999999786,0.019813454968408
2.951999999999786,0.019935096993703133
2.952999999999786,0.020054038127303796
2.9539999999997857,0.02017024920978215
2.9549999999997856,0.020283703147396644
2.9559999999997855,0.02039437495695818
2.9569999999997854,0.020502241810692066
2.9579999999997852,0.02060728308109868
2.958999999999785,0.020709480385810476
2.959999999999785,0.020808817632447706
2.960999999999785,0.020905281063472524
2.961999999999785,0.02099885930104088
2.9629999999997847,0.021089543391854322
2.9639999999997846,0.021177326852010507
2.9649999999997845,0.021262205711853624
2.9659999999997844,0.02134417856082465
2.9669999999997843,0.02142324659231218
2.967999999999784,0.02149941364850417
2.968999999999784,0.02157268626524063
2.969999999999784,0.02164307371686857
2.970999999999784,0.021710588061098594
2.9719999999997837,0.02177524418386466
2.9729999999997836,0.021837059844186733
2.9739999999997835,0.021896055719037702
2.9749999999997834,0.021952255448214518
2.9759999999997833,0.022005685679214168
2.976999999999783,0.02205637611211629
2.977999999999783,0.022104359544471437
2.978999999999783,0.022149671916197156
2.979999999999783,0.022192352354482123
2.9809999999997827,0.02223244321869946
2.9819999999997826,0.022269990145330043
2.9829999999997825,0.02230504209289675
2.9839999999997824,0.022337651386910927
2.9849999999997823,0.022367873764831833
2.985999999999782,0.02239576842104149
2.986999999999782,0.022421398051833734
2.987999999999782,0.02244482890042168
2.988999999999782,0.022466130801963177
2.9899999999997817,0.02248537722860615
2.9909999999997816,0.022502645334556037
2.9919999999997815,0.022518016001165757
2.9929999999997814,0.022531573882051334
2.9939999999997813,0.022543407448233972
2.994999999999781,0.02255360903331101
2.995999999999781,0.022562274878657307
2.996999999999781,0.02256950517865953
2.997999999999781,0.022575404125985306
2.9989999999997807,0.0225800799568893
2.9999999999997806,0.02258364499655844
3.0009999999997805,0.022586215704499098
3.0019999999997804,0.02258791271996751
3.0029999999997803,0.02258886090744732
3.00399999999978,0.022589189402175136
3.00499999999978,0.022589031655717712
3.00599999999978,0.022588525481602506
3.00699999999978,0.02258781310100403
3.0079999999997797,0.02258704118848933
3.0089999999997796,0.022586284680586384
3.0099999999997795,0.022585467370131597
3.0109999999997794,0.02258443973296271
3.0119999999997793,0.02258305684848569
3.012999999999779,0.022581178352157373
3.013999999999779,0.022578668387921184
3.014999999999779,0.02257539556060175
3.015999999999779,0.022571232888261718
3.0169999999997787,0.02256605775452613
3.0179999999997786,0.022559751860878358
3.0189999999997785,0.022552201178931044
3.0199999999997784,0.022543295902676487
3.0209999999997783,0.022532930400720873
3.021999999999778,0.02252100316850411
3.022999999999778,0.02250741678051061
3.023999999999778,0.022492077842473035
3.024999999999778,0.022474896943572846
3.0259999999997778,0.02245578860863874
3.0269999999997776,0.022434671250349043
3.0279999999997775,0.022411467121436462
3.0289999999997774,0.022386102266900777
3.0299999999997773,0.022358506476230014
3.030999999999777,0.02232861323563215
3.031999999999777,0.02229635968028023
3.032999999999777,0.02226168654657075
3.033999999999777,0.02222453812439898
3.0349999999997768,0.02218486220945081
3.0359999999997767,0.022142610055513573
3.0369999999997765,0.02209773632680595
3.0379999999997764,0.0220501990503292
3.0389999999997763,0.021999959568239268
3.039999999999776,0.021946982490241497
3.040999999999776,0.021891235646008395
3.041999999999776,0.021832690037620804
3.042999999999776,0.021771319792032992
3.0439999999997758,0.021707102113562464
3.0449999999997757,0.021640017236404623
3.0459999999997756,0.021570048377171885
3.0469999999997754,0.02149718168745888
3.0479999999997753,0.021421406206432216
3.0489999999997752,0.021342713813446504
3.049999999999775,0.021261099180685132
3.050999999999775,0.021176559725826848
3.051999999999775,0.021089095564738113
3.052999999999775,0.020998709464189982
3.0539999999997747,0.020905406794600838
3.0549999999997746,0.020809195482804292
3.0559999999997745,0.0207100859648411
3.0569999999997743,0.020608091138776916
3.0579999999997742,0.020503226317543484
3.058999999999774,0.02039550918180516
3.059999999999774,0.02028495973284824
3.060999999999774,0.020171600245495157
3.061999999999774,0.02005545522104169
3.0629999999997737,0.019936551340217365
3.0639999999997736,0.019814917416169017
3.0649999999997735,0.01969058434746747
3.0659999999997734,0.019563585071135828
3.0669999999997732,0.019433954515700992
3.067999999999773,0.01930172955426656
3.068999999999773,0.019166948957607836
3.069999999999773,0.019029653347287998
3.070999999999773,0.01888988514879593
3.0719999999997727,0.018747688544705217
3.0729999999997726,0.01860310942785348
3.0739999999997725,0.018456195354543056
3.0749999999997724,0.018306995497761748
3.0759999999997722,0.01815556060042406
3.076999999999772,0.018001942928632587
3.077999999999772,0.01784619622495956
3.078999999999772,0.017688375661748114
3.079999999999772,0.017528537794433086
3.0809999999997717,0.017366740514881913
3.0819999999997716,0.017203043004754934
3.0829999999997715,0.017037505688884527
3.0839999999997714,0.016870190188674583
3.0849999999997713,0.01670115927551824
3.085999999999771,0.01653047682423551
3.086999999999771,0.01635820776652936
3.087999999999771,0.016184418044461538
3.088999999999771,0.016009174563946793
3.0899999999997707,0.015832545148266056
3.0909999999997706,0.01565459849159883
3.0919999999997705,0.015475404112573976
3.0929999999997704,0.015295032307839532
3.0939999999997703,0.01511355410565083
3.09499999999977,0.014931041219477817
3.09599999999977,0.014747566001629957
3.09699999999977,0.014563201396900545
3.09799999999977,0.014378020896228916
3.0989999999997697,0.014192098490380493
3.0999999999997696,0.014005508623645767
3.1009999999997695,0.013818326147556625
3.1019999999997694,0.01363062627462057
3.1029999999997693,0.01344248453207244
3.103999999999769,0.013253976715644065
3.104999999999769,0.013065178843350178
3.105999999999769,0.012876167109292055
3.106999999999769,0.01268701783747695
3.1079999999997687,0.012497807435654151
3.1089999999997686,0.012308612349167122
3.1099999999997685,0.012119509014820139
3.1109999999997684,0.011930573814760863
3.1119999999997683,0.011741883030376522
3.112999999999768,0.011553512796204313
3.113999999999768,0.01136553905385504
3.114999999999768,0.011178037505948805
3.115999999999768,0.010991083570063231
3.1169999999997677,0.01080475233269168
3.1179999999997676,0.0106191185032126
3.1189999999997675,0.010434256367867212
3.1199999999997674,0.010250239743745747
3.1209999999997673,0.010067141932780993
3.121999999999767,0.009885035675747347
3.122999999999767,0.009703993106265102
3.123999999999767,0.009524085704807915
3.124999999999767,0.00934538425271262
3.1259999999997667,0.009167958786190145
3.1269999999997666,0.008991878550334932
3.1279999999997665,0.00881721195313303
3.1289999999997664,0.008644026519465747
3.1299999999997663,0.008472388845108411
3.130999999999766,0.0083023645507211
3.131999999999766,0.008134018235831757
3.132999999999766,0.007967413432807227
3.133999999999766,0.007802612560812591
3.1349999999997658,0.007639676879756155
3.1359999999997656,0.007478666444217505
3.1369999999997655,0.007319640057358086
3.1379999999997654,0.007162655224811472
3.1389999999997653,0.007007768108551478
3.139999999999765,0.006855033480736759
3.140999999999765,0.006704504677529796
3.141999999999765,0.0065562335528883825
3.142999999999765,0.006410270432327801
3.1439999999997648,0.00626666406665248
3.1449999999997647,0.006125461585655238
3.1459999999997645,0.005986708451782813
3.1469999999997644,0.005850448413765835
3.1479999999997643,0.005716723460213277
3.148999999999764,0.005585573773168616
3.149999999999764,0.005457037681628349
3.150999999999764,0.005331151615021401
3.151999999999764,0.005207950056648709
3.1529999999997638,0.005087465497083547
3.1539999999997637,0.004969728387531749
3.1549999999997635,0.0048547670931520515
3.1559999999997634,0.004742607846337357
3.1569999999997633,0.0046332746999572585
3.157999999999763,0.004526789480563009
3.158999999999763,0.004423171741555647
3.159999999999763,0.004322438716319189
3.160999999999763,0.004224605271320618
3.161999999999763,0.004129683859178376
3.1629999999997627,0.004037684471701622
3.1639999999997626,0.00394861459290357
3.1649999999997624,0.0038624791519906235
3.1659999999997623,0.0037792804763310817
3.1669999999997622,0.003699018244406563
3.167999999999762,0.0036216894387499504
3.168999999999762,0.003547288298872908
3.169999999999762,0.0034758062741877677
3.170999999999762,0.003407231976927272
3.1719999999997617,0.003341551135066935
3.1729999999997616,0.0032787465452543824
3.1739999999997615,0.0032187980257493837
3.1749999999997613,0.0031616823693808166
3.1759999999997612,0.0031073732965236703
3.176999999999761,0.003055841408101334
3.177999999999761,0.003007054138618459
3.178999999999761,0.0029609757092282085
3.179999999999761,0.002917567080838887
3.1809999999997607,0.0028767859072644786
3.1819999999997606,0.0028385864884238957
3.1829999999997605,0.002802919723592416
3.1839999999997604,0.0027697330647103585
3.1849999999997602,0.002738970469752692
3.18599999999976,0.002710572356163156
3.18699999999976,0.002684475554356913
3.18799999999976,0.0026606132612951965
3.18899999999976,0.002638914994134642
3.1899999999997597,0.002619306543954935
3.1909999999997596,0.002601709929567257
3.1919999999997595,0.0025860433514061816
3.1929999999997594,0.002572221145506981
3.1939999999997593,0.0025601537375709756
3.194999999999759,0.0025497475971206773
3.195999999999759,0.0025409051917463753
3.196999999999759,0.002533524941445698
3.197999999999759,0.0025275011730578924
3.1989999999997587,0.002522724074793682
3.1999999999997586,0.002519079650862375
3.2009999999997585,0.002516449676197078
3.2019999999997584,0.002514711651279731
3.2029999999997583,0.00251373875706604
3.203999999999758,0.002513399810013091
3.204999999999758,0.0025135592172099604
3.205999999999758,0.002514076931612968
3.206999999999758,0.0025148084073883005
3.2079999999997577,0.002515604555362764
3.2089999999997576,0.0025165067842159647
3.2099999999997575,0.002517381314229062
3.2109999999997574,0.0025182289312813723
3.2119999999997573,0.0025190503990657857
3.212999999999757,0.002519846459743638
3.213999999999757,0.0025206178345777985
3.214999999999757,0.0025213652245466706
3.215999999999757,0.002522089310937857
3.2169999999997567,0.0025227907559238413
3.2179999999997566,0.0025234702031189486
3.2189999999997565,0.002524128278119219
3.2199999999997564,0.002524765589025195
3.2209999999997563,0.0025253827269486953
3.221999999999756,0.0025259802665033963
3.222999999999756,0.0025265587662804956
3.223999999999756,0.0025271187693096143
3.224999999999756,0.002527660803505527
3.2259999999997557,0.002528185382100867
3.2269999999997556,0.002528693004065854
3.2279999999997555,0.002529184154515158
3.2289999999997554,0.002529659305102124
3.2299999999997553,0.0025301189144010493
3.230999999999755,0.002530563428278159
3.231999999999755,0.0025309932802507554
3.232999999999755,0.0025314088918361143
3.233999999999755,0.002531810672889285
3.2349999999997547,0.002532199021931362
3.2359999999997546,0.0025325743264671997
3.2369999999997545,0.002532936963294409
3.2379999999997544,0.0025332872988022698
3.2389999999997543,0.0025336256892625683
3.239999999999754,0.0025339524811112332
3.240999999999754,0.0025342680112218803
3.241999999999754,0.0025345726071712774
3.242999999999754,0.0025348665874969194
3.2439999999997537,0.002535150261947179
3.2449999999997536,0.0025354239317240367
3.2459999999997535,0.0025356878897185506
3.2469999999997534,0.0025359424207401504
3.2479999999997533,0.002536187801738355
3.248999999999753,0.002536424302018843
3.249999999999753,0.002536652183452899
3.250999999999753,0.0025368717006811654
3.251999999999753,0.002537083101311066
3.2529999999997528,0.0025372866261091365
3.2539999999997526,0.002537482509187651
3.2549999999997525,0.0025376709781858957
3.2559999999997524,0.0025378522544464432
3.2569999999997523,0.0025380265531864607
3.257999999999752,0.002538194083664274
3.258999999999752,0.002538355049340798
3.259999999999752,0.0025385096480374063
3.260999999999752,0.0025386580720885323
3.2619999999997518,0.0025388005084904346
3.2629999999997517,0.0025389371390459187
3.2639999999997515,0.0025390681405049846
3.2649999999997514,0.002539193684701395
3.2659999999997513,0.0025393139386859914
3.266999999999751,0.0025394290648560885
3.267999999999751,0.0025395392210812197
3.268999999999751,0.002539644560825737
3.269999999999751,0.002539745233268175
3.2709999999997508,0.0025398413834169485
3.2719999999997507,0.002539933152223558
3.2729999999997506,0.002540020676692189
3.2739999999997504,0.0025401040899867937
3.2749999999997503,0.0025401835215350804
3.2759999999997502,0.002540259097129946
3.27699999999975,0.0025403309390280883
3.27799999999975,0.0025403991660458806
3.27899999999975,0.002540463893653141
3.27999999999975,0.0025405252340639853
3.2809999999997497,0.002540583296325387
3.2819999999997496,0.002540638186403897
3.2829999999997495,0.002540690007269135
3.2839999999997493,0.0025407388589760854
3.2849999999997492,0.002540784838744814
3.285999999999749,0.002540828041037734
3.286999999999749,0.0025408685576355956
3.287999999999749,0.002540906477711092
3.288999999999749,0.0025409418879004005
3.2899999999997487,0.0025409748723732584
3.2909999999997486,0.0025410055129009047
3.2919999999997485,0.0025410338889224823
3.2929999999997484,0.0025410600776094167
3.2939999999997482,0.0025410841539285113
3.294999999999748,0.0025411061907030068
3.295999999999748,0.0025411262586723833
3.296999999999748,0.0025411444265503874
3.297999999999748,0.0025411607610816914
3.2989999999997477,0.00254117532709687
3.2999999999997476,0.002541188187566174
3.3009999999997475,0.002541199403651894
3.3019999999997474,0.0025412090347588755
3.3029999999997472,0.0025412171385845415
3.303999999999747,0.0025412237711667784
3.304999999999747,0.0025412289869312064
3.305999999999747,0.0025412328387365117
3.306999999999747,0.002541235377919452
3.3079999999997467,0.0025412366543376523
3.3089999999997466,0.0025412367164122478
3.3099999999997465,0.0025412356111685283
3.3109999999997464,0.002541233384276101
3.3119999999997463,0.0025412300800876503
3.312999999999746,0.0025412257416766552
3.313999999999746,0.0025412204108741857
3.314999999999746,0.0025412141283047696
3.315999999999746,0.0025412069334209107
3.3169999999997457,0.002541198864536985
3.3179999999997456,0.002541189958862003
3.3189999999997455,0.002541180252531843
3.3199999999997454,0.002541169780639705
3.3209999999997453,0.002541158577266809
3.321999999999745,0.002541146675511266
3.322999999999745,0.0025411341075166592
3.323999999999745,0.0025411209044996254
3.324999999999745,0.002541107096776879
3.3259999999997447,0.0025410927137905145
3.3269999999997446,0.0025410777841342984
3.3279999999997445,0.0025410623355771357
3.3289999999997444,0.0025410463950875373
3.3299999999997443,0.002541029988856233
3.330999999999744,0.002541013142318742
3.331999999999744,0.002540995880176755
3.332999999999744,0.0025409782264194623
3.333999999999744,0.002540960204343686
3.3349999999997437,0.0025409418365733467
3.3359999999997436,0.002540923145078984
3.3369999999997435,0.0025409041511958268
3.3379999999997434,0.002540884875641799
3.3389999999997433,0.0025408653385348527
3.339999999999743,0.0025408455594094527
3.340999999999743,0.002540825557233173
3.341999999999743,0.002540805350421952
3.342999999999743,0.002540784956855332
3.3439999999997427,0.0025407643938910804
3.3449999999997426,0.0025407436783794896
3.3459999999997425,0.0025407228266767327
3.3469999999997424,0.0025407018546583504
3.3479999999997423,0.0025406807777315077
3.348999999999742,0.002540659610848088
3.349999999999742,0.002540638368515896
3.350999999999742,0.002540617064810319
3.351999999999742,0.002540595713385673
3.3529999999997417,0.0025405743274856396
3.3539999999997416,0.002540552919953802
3.3549999999997415,0.0025405315032433935
3.3559999999997414,0.0025405100894273537
3.3569999999997413,0.0025404886902072425
3.357999999999741,0.0025404673169226073
3.358999999999741,0.002540445980559549
3.359999999999741,0.0025404246917591425
3.360999999999741,0.002540403460825829
3.3619999999997408,0.0025403822977351637
3.3629999999997406,0.002540361212141573
3.3639999999997405,0.0025403402133856202
3.3649999999997404,0.0025403193105015993
3.3659999999997403,0.0025402985122243635
3.36699999999974,0.0025402778269962047
3.36799999999974,0.0025402572629735568
3.36899999999974,0.002540236828033428
3.36999999999974,0.0025402165297800476
3.3709999999997398,0.002540196375550731
3.3719999999997397,0.0025401763724223272
3.3729999999997395,0.0025401565272169975
3.3739999999997394,0.0025401368465084208
3.3749999999997393,0.0025401173366273663
3.375999999999739,0.0025400980036676298
3.376999999999739,0.0025400788534917507
3.377999999999739,0.00254005989173681
3.378999999999739,0.0025400411238198986
3.3799999999997388,0.0025400225549440172
3.3809999999997387,0.0025400041901036674
3.3819999999997385,0.0025399860340905925
3.3829999999997384,0.0025399680914996066
3.3839999999997383,0.0025399503667340034
3.384999999999738,0.0025399328640122384
3.385999999999738,0.0025399155873729352
3.386999999999738,0.0025398985406816788
3.387999999999738,0.0025398817276367364
3.3889999999997378,0.0025398651517756117
3.3899999999997377,0.0025398488164813417
3.3909999999997376,0.0025398327249891023
3.3919999999997374,0.0025398168803930816
3.3929999999997373,0.002539801285653412
3.3939999999997372,0.002539785943603101
3.394999999999737,0.002539770856955812
3.395999999999737,0.0025397560283132725
3.396999999999737,0.002539741460173075
3.397999999999737,0.0025397271549370687
3.3989999999997367,0.002539713114919507
3.3999999999997366,0.002539699342356174
3.4009999999997365,0.0025396858394129626
3.4019999999997363,0.0025396726081956915
3.4029999999997362,0.0025396596507595987
3.403999999999736,0.002539646969119517
3.404999999999736,0.0025396345652604624
3.405999999999736,0.002539622441148248
3.406999999999736,0.0025396105987411377
3.4079999999997357,0.002539599040001384
3.4089999999997356,0.0025395877669072836
3.4099999999997355,0.0025395767812594165
3.4109999999997354,0.002539566084419749
3.4119999999997352,0.0025395556774692497
3.412999999999735,0.002539545561423842
3.413999999999735,0.0025395357372467453
3.414999999999735,0.0025395262058588754
3.415999999999735,0.0025395169681489346
3.4169999999997347,0.0025395080249817174
3.4179999999997346,0.0025394993772064195
3.4189999999997345,0.002539491025663556
3.4199999999997344,0.002539482971191158
3.4209999999997343,0.0025394752146304204
3.421999999999734,0.0025394677568306677
3.422999999999734,0.0025394605986535958
3.423999999999734,0.0025394537409771482
3.424999999999734,0.00253944718469834
3.4259999999997337,0.0025394409307365404
3.4269999999997336,0.0025394349800354
3.4279999999997335,0.002539429333564828
3.4289999999997334,0.0025394239923227264
3.4299999999997333,0.0025394189573359482
3.430999999999733,0.0025394142296615956
3.431999999999733,0.0025394098103872706
3.432999999999733,0.0025394057006320123
3.433999999999733,0.002539401901546102
3.4349999999997327,0.0025393984143115243
3.4359999999997326,0.00253939524014158
3.4369999999997325,0.0025393923802809505
3.4379999999997324,0.0025393898360053617
3.4389999999997323,0.002539387608620887
3.439999999999732,0.0025393856994638427
3.440999999999732,0.0025393841099002785
3.441999999999732,0.0025393828413250094
3.442999999999732,0.002539381895161577
3.4439999999997317,0.002539381272861293
3.4449999999997316,0.0025393809759029357
3.4459999999997315,0.0025393810057919193
3.4469999999997314,0.002539381364059963
3.4479999999997313,0.002539382052264616
3.448999999999731,0.002539383071988456
3.449999999999731,0.0025393844248390897
3.450999999999731,0.0025393861124486834
3.451999999999731,0.00253938813647343
3.4529999999997307,0.0025393904985937903
3.4539999999997306,0.0025393932005137974
3.4549999999997305,0.0025393962439615274
3.4559999999997304,0.002539399630688527
3.4569999999997303,0.0025394033624705284
3.45799999999973,0.0025394074411069847
3.45899999999973,0.0025394118684219057
3.45999999999973,0.0025394166462638194
3.46099999999973,0.00253942177650629
3.4619999999997297,0.0025394272610485755
3.4629999999997296,0.0025394331018159556
3.4639999999997295,0.0025394393007608027
3.4649999999997294,0.0025394458598630536
3.4659999999997293,0.002539452781131178
3.466999999999729,0.0025394600666033343
3.467999999999729,0.0025394677183479264
3.468999999999729,0.0025394757384653195
3.469999999999729,0.0025394841290886302
3.4709999999997287,0.0025394928923851944
3.4719999999997286,0.0025395020305578053
3.4729999999997285,0.002539511545846272
3.4739999999997284,0.0025395214405289634
3.4749999999997283,0.002539531716924181
3.475999999999728,0.0025395423773920296
3.476999999999728,0.0025395534243358546
3.477999999999728,0.0025395648602043602
3.478999999999728,0.002539576687493106
3.4799999999997278,0.0025395889087466705
3.4809999999997276,0.002539601526560322
3.4819999999997275,0.0025396145435821575
3.4829999999997274,0.002539627962514994
3.4839999999997273,0.0025396417861185856
3.484999999999727,0.002539656017211688
3.485999999999727,0.002539670658673974
3.486999999999727,0.002539685713448498
3.487999999999727,0.0025397011845436843
3.4889999999997268,0.0025397170750355753
3.4899999999997267,0.002539733388070068
3.4909999999997265,0.002539750126865175
3.4919999999997264,0.002539767294713141
3.4929999999997263,0.0025397848949829036
3.493999999999726,0.0025398029311220517
3.494999999999726,0.0025398214066595162
3.495999999999726,0.002539840325207234
3.496999999999726,0.0025398596904630533
3.4979999999997258,0.002539879506212265
3.4989999999997257,0.002539899776330342
3.4999999999997256,0.0025399205047849267
3.5009999999997254,0.0025399416956379123
3.5019999999997253,0.0025399633530476876
3.5029999999997252,0.002539985481271035
3.503999999999725,0.0025400080846656355
3.504999999999725,0.0025400311676915845
3.505999999999725,0.0025400547349135535
3.506999999999725,0.002540078791002806
3.5079999999997247,0.0025401033407390673
3.5089999999997246,0.002540128389012127
3.5099999999997245,0.0025401539408237486
3.5109999999997243,0.0025401800012896415
3.5119999999997242,0.0025402065756404274
3.512999999999724,0.0025402336692237973
3.513999999999724,0.002540261287505917
3.514999999999724,0.0025402894360725473
3.515999999999724,0.00254031812063071
3.5169999999997237,0.002540347347009836
3.5179999999997236,0.0025403771211629546
3.5189999999997235,0.002540407449167701
3.5199999999997234,0.002540438337227509
3.5209999999997232,0.002540469791672516
3.521999999999723,0.0025405018189603307
3.522999999999723,0.002540534425676727
3.523999999999723,0.00254056761853658
3.524999999999723,0.0025406014043840956
3.5259999999997227,0.002540635790193497
3.5269999999997226,0.0025406707830693646
3.5279999999997225,0.0025407063902471196
3.5289999999997224,0.002540742619092807
3.5299999999997222,0.0025407794771035858
3.530999999999722,0.0025408169719075176
3.531999999999722,0.002540855111263885
3.532999999999722,0.0025408939030624605
3.533999999999722,0.002540933355323717
3.5349999999997217,0.0025409734761985617
3.5359999999997216,0.002541014273967527
3.5369999999997215,0.002541055757040684
3.5379999999997214,0.0025410979339570462
3.5389999999997213,0.00254114081338383
3.539999999999721,0.002541184404115944
3.540999999999721,0.0025412287150753388
3.541999999999721,0.0025412737553100924
3.542999999999721,0.0025413195339936134
3.5439999999997207,0.002541366060424169
3.5449999999997206,0.002541413344023618
3.5459999999997205,0.002541461394336808
3.5469999999997204,0.0025415102210306767
3.5479999999997203,0.0025415598338934843
3.54899999999972,0.002541610242833805
3.54999999999972,0.0025416614578799915
3.55099999999972,0.002541713489179226
3.55199999999972,0.00254176634699697
3.5529999999997197,0.0025418200417164465
3.5539999999997196,0.0025418745838377797
3.5549999999997195,0.0025419299839780536
3.5559999999997194,0.0025419862528707725
3.5569999999997193,0.0025420434013656533
3.557999999999719,0.002542101440428976
3.558999999999719,0.002542160381143365
3.559999999999719,0.0025422202347086843
3.560999999999719,0.002542281012442176
3.5619999999997187,0.0025423427257796442
3.5629999999997186,0.0025424053862766055
3.5639999999997185,0.002542469005609626
3.5649999999997184,0.002542533595578031
3.5659999999997183,0.002542599168106209
3.566999999999718,0.002542665735245791
3.567999999999718,0.0025427333091788164
3.568999999999718,0.00254280190222074
3.569999999999718,0.002542871526824305
3.5709999999997177,0.0025429421955838055
3.5719999999997176,0.0025430139212396403
3.5729999999997175,0.002543086716683657
3.5739999999997174,0.0025431605949649896
3.5749999999997173,0.0025432355692965453
3.575999999999717,0.0025433116530618124
3.576999999999717,0.0025433888598228524
3.577999999999717,0.002543467203328549
3.578999999999717,0.0025435466975238137
3.5799999999997167,0.0025436273565595177
3.5809999999997166,0.0025437091948030954
3.5819999999997165,0.002543792226850132
3.5829999999997164,0.00254387646753685
3.5839999999997163,0.002543961931953234
3.584999999999716,0.0025440486354573848
3.585999999999716,0.0025441365936907726
3.586999999999716,0.0025442258225941497
3.587999999999716,0.002544316338425435
3.5889999999997158,0.002544408157777407
3.5899999999997156,0.0025445012975975415
3.5909999999997155,0.00254459577520863
3.5919999999997154,0.0025446916083305057
3.5929999999997153,0.0025447888151032064
3.593999999999715,0.002544887414111425
3.594999999999715,0.0025449874244100334
3.595999999999715,0.0025450888655513954
3.596999999999715,0.0025451917576134707
3.5979999999997148,0.002545296121230268
3.5989999999997146,0.0025454019776228985
3.5999999999997145,0.00254550934863269
3.6009999999997144,0.002545618256755984
3.6019999999997143,0.002545728725180177
3.602999999999714,0.002545840777821877
3.603999999999714,0.002545954439366588
3.604999999999714,0.002546069735310373
3.605999999999714,0.002546186692003148
3.6069999999997138,0.0025463053366944315
3.6079999999997137,0.002546425697580474
3.6089999999997135,0.002546547803854129
3.6099999999997134,0.002546857699897067
3.6109999999997133,0.0025472315301572797
3.611999999999713,0.002547816500035407
3.612999999999713,0.0025487553032274984
3.613999999999713,0.0025501861702859167
3.614999999999713,0.002552242916974673
3.6159999999997128,0.002555054992429997
3.6169999999997127,0.0025587475271336042
3.6179999999997126,0.0025634413807060115
3.6189999999997124,0.0025692531895284074
3.6199999999997123,0.002576295414199615
3.6209999999997122,0.0025846763868354536
3.621999999999712,0.002594500358217011
3.622999999999712,0.002605867544794315
3.623999999999712,0.002618874175551518
3.624999999999712,0.0026336125387409898
3.6259999999997117,0.002650171028490498
3.6269999999997116,0.0026686341912918257
3.6279999999997115,0.002689082772375128
3.6289999999997113,0.0027115937619757377
3.6299999999997112,0.0027362404414998896
3.630999999999711,0.002763092429593994
3.631999999999711,0.0027922157281249672
3.632999999999711,0.002823672768076841
3.633999999999711,0.0028575224553688376
3.6349999999997107,0.00289382021660254
3.6359999999997106,0.0029326180447426173
3.6369999999997105,0.002973964544737015
3.6379999999997104,0.0030179049790837395
3.6389999999997102,0.003064481313347925
3.63999999999971,0.003113732261636755
3.64099999999971,0.003165693332036028
3.64199999999971,0.0032203968720157516
3.64299999999971,0.0032778721138076172
3.6439999999997097,0.003338145219762348
3.6449999999997096,0.0034012393276888625
3.6459999999997095,0.003467174596182801
3.6469999999997094,0.0035359682499470704
3.6479999999997093,0.0036076346251098373
3.648999999999709,0.003682185214543429
3.649999999999709,0.003759628713188738
3.650999999999709,0.0038399710633882575
3.651999999999709,0.003923215500231073
3.6529999999997087,0.00400936259691332
3.6539999999997086,0.004098410310116762
3.6549999999997085,0.004190354025407732
3.6559999999997084,0.004285186602658572
3.6569999999997083,0.004382898421494752
3.657999999999708,0.004483477426767253
3.658999999999708,0.004586909174053022
3.659999999999708,0.004693176875184349
3.660999999999708,0.004802261443807569
3.6619999999997077,0.004914141540971417
3.6629999999997076,0.005028793620745958
3.6639999999997075,0.005146191975871364
3.6649999999997074,0.00526630878343682
3.6659999999997073,0.005389114150588223
3.666999999999707,0.005514576160265017
3.667999999999707,0.005642660916964089
3.668999999999707,0.005773332592530871
3.669999999999707,0.005906553471974704
3.6709999999997067,0.006042283999308874
3.6719999999997066,0.006180482823412187
3.6729999999997065,0.006321106843911267
3.6739999999997064,0.006464111257081295
3.6749999999997063,0.006609449601763691
3.675999999999706,0.0067570738052986565
3.676999999999706,0.006906934229469919
3.677999999999706,0.0070589797164610085
3.678999999999706,0.007213157634819577
3.6799999999997057,0.007369413925428579
3.6809999999997056,0.007527693147481702
3.6819999999997055,0.00768793852446175
3.6829999999997054,0.00785009199011856
3.6839999999997053,0.008014094234446434
3.684999999999705,0.00817988474965721
3.685999999999705,0.008347401876148478
3.686999999999705,0.008516582848464314
3.687999999999705,0.008687363841247527
3.6889999999997047,0.008859680015180615
3.6899999999997046,0.009033465562915795
3.6909999999997045,0.009208653754990193
3.6919999999997044,0.00938517698572694
3.6929999999997043,0.009562966819119695
3.693999999999704,0.009741954034699768
3.694999999999704,0.009922068673384632
3.695999999999704,0.010103240083307104
3.696999999999704,0.010285396965624027
3.6979999999997037,0.010468467420303454
3.6989999999997036,0.010652378991890511
3.6999999999997035,0.010837058715250057
3.7009999999997034,0.011022433161286371
3.7019999999997033,0.011208428482640156
3.702999999999703,0.011394970459360276
3.703999999999703,0.011581984544552344
3.704999999999703,0.011769395910002957
3.705999999999703,0.01195712949177883
3.7069999999997028,0.012145110035801931
3.7079999999997026,0.012333262143400102
3.7089999999997025,0.012521510316832941
3.7099999999997024,0.012709779004793594
3.7109999999997023,0.01289799264788661
3.711999999999702,0.013086075724081637
3.712999999999702,0.013273952794143264
3.713999999999702,0.013461548547038661
3.714999999999702,0.01364878784532083
3.7159999999997018,0.013835595770490754
3.7169999999997017,0.014021897668336378
3.7179999999997015,0.014207619194250766
3.7189999999997014,0.014392686358528264
3.7199999999997013,0.014577025571641082
3.720999999999701,0.014760563689494681
3.721999999999701,0.014943228058664201
3.722999999999701,0.015124946561611473
3.723999999999701,0.01530564766188388
3.7249999999997008,0.015485260449295032
3.7259999999997007,0.015663714685087704
3.7269999999997006,0.015840940847080744
3.7279999999997004,0.016016870174799018
3.7289999999997003,0.01619143471458786
3.7299999999997,0.016364567364712458
3.7309999999997,0.016536201920442632
3.7319999999997,0.016706273119123594
3.7329999999997,0.016874716685232764
3.7339999999997,0.017041469375424605
3.7349999999996997,0.01720646902356207
3.7359999999996996,0.01736965458573645
3.7369999999996995,0.017530966185276102
3.7379999999996993,0.017690345157743793
3.7389999999996992,0.017847734095923898
3.739999999999699,0.01800307689479974
3.740999999999699,0.01815631879652086
3.741999999999699,0.018307406435362
3.742999999999699,0.018456287882672964
3.7439999999996987,0.018602912691820322
3.7449999999996986,0.018747231943121535
3.7459999999996985,0.018889198288771475
3.7469999999996983,0.01902876599776196
3.7479999999996982,0.019165891000794993
3.748999999999698,0.019300530935189297
3.749999999999698,0.019432645189781203
3.750999999999698,0.01956219494982
3.751999999999698,0.019689143241857672
3.7529999999996977,0.01981345497863462
3.7539999999996976,0.019935097003959977
3.7549999999996975,0.020054038137587986
3.7559999999996974,0.020170249220090655
3.7569999999996972,0.020283703157726464
3.757999999999697,0.020394374967306096
3.758999999999697,0.020502241821055034
3.759999999999697,0.02060728309147348
3.760999999999697,0.0207094803961939
3.7619999999996967,0.020808817642836534
3.7629999999996966,0.02090528107386337
3.7639999999996965,0.020998859311430453
3.7649999999996964,0.021089543402239397
3.7659999999996963,0.021177326862387692
3.766999999999696,0.02126220572221954
3.767999999999696,0.021344178571175987
3.768999999999696,0.021423246602645614
3.769999999999696,0.02149941365881628
3.7709999999996957,0.021572686275528268
3.7719999999996956,0.021643073727128384
3.7729999999996955,0.021710588071327343
3.7739999999996954,0.021775244194059115
3.7749999999996953,0.021837059854343685
3.775999999999695,0.021896055729154013
3.776999999999695,0.021952255458287107
3.777999999999695,0.022005685689240058
3.778999999999695,0.022056376122092554
3.7799999999996947,0.02210435955439506
3.7809999999996946,0.022149671926065352
3.7819999999996945,0.022192352364292137
3.7829999999996944,0.022232443228448716
3.7839999999996943,0.022269990155015927
3.784999999999694,0.0223050421025167
3.785999999999694,0.02233765139646262
3.786999999999694,0.02236787377431306
3.787999999999694,0.022395768430449978
3.7889999999996937,0.02242139806116744
3.7899999999996936,0.022444828909678707
3.7909999999996935,0.022466130811141752
3.7919999999996934,0.022485377237704628
3.7929999999996933,0.022502645343572825
3.793999999999693,0.022518016010099402
3.794999999999693,0.022531573890900644
3.795999999999693,0.02254340745699781
3.796999999999693,0.022553609041988366
3.7979999999996927,0.022562274887247366
3.7989999999996926,0.022569505187161665
3.7999999999996925,0.022575404134399013
3.8009999999996924,0.022580079965214224
3.8019999999996923,0.022583645004794463
3.802999999999692,0.022586215712646122
3.803999999999692,0.02258791272802571
3.804999999999692,0.022588860915417022
3.805999999999692,0.022589189410056873
3.8069999999996917,0.022589031663512213
3.8079999999996916,0.022588525489310583
3.8089999999996915,0.02258781310862682
3.8099999999996914,0.022587041196028036
3.8109999999996913,0.022586284688042337
3.811999999999691,0.02258546737750603
3.812999999999691,0.022584439740256423
3.813999999999691,0.02258305685569946
3.814999999999691,0.022581178359291583
3.8159999999996908,0.022578668394976138
3.8169999999996906,0.0225753955675774
3.8179999999996905,0.022571232895157813
3.8189999999996904,0.022566057761342496
3.8199999999996903,0.022559751867614337
3.82099999999969,0.02255220118558595
3.82199999999969,0.022543295909249604
3.82299999999969,0.02253293040721116
3.82399999999969,0.022521003174910494
3.8249999999996898,0.022507416786831984
3.8259999999996896,0.022492077848708124
3.8269999999996895,0.022474896949720123
3.8279999999996894,0.02245578861469695
3.8289999999996893,0.022434671256316534
3.829999999999689,0.02241146712731168
3.830999999999689,0.0223861022726822
3.831999999999689,0.022358506481915945
3.832999999999689,0.022328613241221
3.8339999999996888,0.02229635968577018
3.8349999999996887,0.022261686551960147
3.8359999999996885,0.022224538129686125
3.8369999999996884,0.022184862214634074
3.8379999999996883,0.022142610060591233
3.838999999999688,0.022097736331776432
3.839999999999688,0.022050199055190803
3.840999999999688,0.02199995957299037
3.841999999999688,0.021946982494880682
3.8429999999996878,0.021891235650534066
3.8439999999996877,0.021832690042031512
3.8449999999996876,0.021771319796327376
3.8459999999996874,0.02170710211773924
3.8469999999996873,0.02164001724046241
3.8479999999996872,0.021570048381109562
3.848999999999687,0.02149718169127527
3.849999999999687,0.021421406210126365
3.850999999999687,0.02134271381701732
3.851999999999687,0.021261099184131722
3.8529999999996867,0.021176559729148503
3.8539999999996866,0.02108909556793402
3.8549999999996865,0.020998709467259492
3.8559999999996863,0.02090540679754345
3.8569999999996862,0.020809195485619457
3.857999999999686,0.020710085967528505
3.858999999999686,0.020608091141336153
3.859999999999686,0.020503226319974414
3.860999999999686,0.020395509184107583
3.8619999999996857,0.020284959735022152
3.8629999999996856,0.02017160024754059
3.8639999999996855,0.020055455222958714
3.8649999999996854,0.01993655134200615
3.8659999999996852,0.01981491741782991
3.866999999999685,0.019690584349000763
3.867999999999685,0.019563585072542022
3.868999999999685,0.019433954516980545
3.869999999999685,0.019301729555420137
3.8709999999996847,0.01916694895863596
3.8719999999996846,0.019029653348191428
3.8729999999996845,0.018889885149575444
3.8739999999996844,0.01874768854536167
3.8749999999996843,0.01860310942838777
3.875999999999684,0.018456195354956156
3.876999999999684,0.018306995498054653
3.877999999999684,0.018155560600597864
3.878999999999684,0.018001942928688487
3.8799999999996837,0.017846196224898768
3.8809999999996836,0.017688375661571783
3.8819999999996835,0.017528537794142526
3.8829999999996834,0.01736674051447855
3.8839999999996833,0.01720304300424
3.884999999999683,0.01703750568825952
3.885999999999683,0.016870190187940913
3.886999999999683,0.016701159274677475
3.887999999999683,0.01653047682328916
3.8889999999996827,0.016358207765479034
3.8899999999996826,0.01618441804330887
3.8909999999996825,0.016009174562693407
3.8919999999996824,0.015832545146913686
3.8929999999996823,0.015654598490149135
3.893999999999682,0.015475404111028816
3.894999999999682,0.015295032306200676
3.895999999999682,0.015113554103920138
3.896999999999682,0.014931041217657141
3.8979999999996817,0.014747565999721164
3.8989999999996816,0.014563201394905627
3.8999999999996815,0.014378020894149815
3.9009999999996814,0.014192098488219215
3.9019999999996813,0.014005508621404456
3.902999999999681,0.013818326145237328
3.903999999999681,0.013630626272225381
3.904999999999681,0.013442484529603546
3.905999999999681,0.013253976713103667
3.9069999999996807,0.013065178840740543
3.9079999999996806,0.01287616710661544
3.9089999999996805,0.012687017834735609
3.9099999999996804,0.01249780743285056
3.9109999999996803,0.012308612346303628
3.91199999999968,0.012119509011899246
3.91299999999968,0.011930573811785
3.91399999999968,0.011741883027348243
3.91499999999968,0.011553512793126233
3.9159999999996797,0.01136553905072972
3.9169999999996796,0.011178037502778987
3.9179999999996795,0.010991083566851599
3.9189999999996794,0.01080475232944103
3.9199999999996793,0.010619118499925674
3.920999999999679,0.010434256364546791
3.921999999999679,0.010250239740394775
3.922999999999679,0.010067141929402383
3.923999999999679,0.009885035672344104
3.9249999999996787,0.009703993102840133
3.9259999999996786,0.009524085701364225
3.9269999999996785,0.009345384249253325
3.9279999999996784,0.009167958782718269
3.9289999999996783,0.008991878546853599
3.929999999999678,0.008817211949645277
3.930999999999678,0.00864402651597479
3.931999999999678,0.008472388841617232
3.932999999999678,0.008302364547233015
3.9339999999996778,0.008134018232349743
3.9349999999996776,0.007967413429334387
3.9359999999996775,0.0078026125573520955
3.9369999999996774,0.00763967687631107
3.9379999999996773,0.007478666440790906
3.938999999999677,0.0073196400539529485
3.939999999999677,0.007162655221430739
3.940999999999677,0.007007768105198001
3.941999999999677,0.006855033477413432
3.9429999999996768,0.006704504674239407
3.9439999999996767,0.006556233549633625
3.9449999999996765,0.006410270429111166
3.9459999999996764,0.0062666640634765
3.9469999999996763,0.006125461582522362
3.947999999999676,0.005986708448695199
3.948999999999676,0.005850448410725705
3.949999999999676,0.005716723457222558
3.950999999999676,0.0055855737702291824
3.9519999999996758,0.0054570376787418315
3.9529999999996757,0.005331151612189312
3.9539999999996756,0.005207950053872375
3.9549999999996754,0.005087465494364209
3.9559999999996753,0.004969728384870274
3.956999999999675,0.004854767090549134
3.957999999999675,0.004742607843793552
3.958999999999675,0.004633274697472968
3.959999999999675,0.004526789478138282
3.960999999999675,0.0044231717391903375
3.9619999999996747,0.004322438714012923
3.9629999999996746,0.004224605269072777
3.9639999999996745,0.004129683856988101
3.9649999999996743,0.004037684469567884
3.9659999999996742,0.003948614590825024
3.966999999999674,0.003862479149965743
3.967999999999674,0.003779280474357938
3.968999999999674,0.0036990182424832124
3.969999999999674,0.003621689436874055
3.9709999999996737,0.0035472882970419423
3.9719999999996736,0.0034758062723989416
3.9729999999996735,0.003407231975177595
3.9739999999996733,0.0033415511333533404
3.9749999999996732,0.0032787465435734423
3.975999999999673,0.0032187980240975522
3.976999999999673,0.003161682367754326
3.977999999999673,0.0031073732949185723
3.978999999999673,0.0030558414065135556
3.9799999999996727,0.0030070541370438714
3.9809999999996726,0.0029609757076623985
3.9819999999996725,0.002917567079277407
3.9829999999996724,0.0028767859057028736
3.9839999999996722,0.0028385864868575306
3.984999999999672,0.0028029197220166002
3.985999999999672,0.002769733063120474
3.986999999999672,0.002738970468144003
3.987999999999672,0.0027105723545309754
3.9889999999996717,0.002684475552696561
3.9899999999996716,0.00266061325960203
3.9909999999996715,0.0026389149924041094
3.9919999999996714,0.0026193065421825715
3.9929999999996713,0.0026017099277488263
3.993999999999671,0.0025860433495374265
3.994999999999671,0.0025722211435838284
3.995999999999671,0.0025601537355895605
3.996999999999671,0.002549747595077402
3.9979999999996707,0.0025409051896377113
3.9989999999996706,0.002533524939268554
3.9999999999996705,0.002527501170809219
4.000999999999671,0.0025227240724708527
4.001999999999671,0.0025190796484630407
4.0029999999996715,0.002516449673719258
4.003999999999672,0.0025147116487216313
4.004999999999672,0.0025137387544264256
4.0059999999996725,0.002513399807291025
4.006999999999673,0.0025135592144047286
4.007999999999673,0.002514076928724518
4.0089999999996735,0.0025148084044168337
4.009999999999674,0.0025156045523090156
4.010999999999674,0.0025165067810955823
4.0119999999996745,0.002517381311047187
4.012999999999675,0.0025182289280428136
4.013999999999675,0.0025190503957752894
4.0149999999996755,0.0025198464564055133
4.015999999999676,0.002520617831196413
4.016999999999676,0.002521365221126011
4.0179999999996765,0.002522089307481809
4.018999999999677,0.0025227907524361347
4.019999999999677,0.002523470199603032
4.0209999999996775,0.0025241282745785062
4.021999999999678,0.0025247655854628605
4.022999999999678,0.002525382723367775
4.0239999999996785,0.0025259802629067733
4.024999999999679,0.0025265587626709454
4.025999999999679,0.0025271187656897218
4.0269999999996795,0.0025276607998777657
4.02799999999968,0.0025281853784675998
4.02899999999968,0.0025286930004293356
4.0299999999996805,0.002529184150877467
4.030999999999681,0.0025296593014651723
4.031999999999681,0.002530118910766918
4.0329999999996815,0.002530563424648545
4.033999999999682,0.0025309932766272754
4.034999999999682,0.0025314088882204544
4.0359999999996825,0.0025318106692829023
4.036999999999683,0.0025321990183356097
4.037999999999683,0.002532574322883504
4.0389999999996835,0.002532936959723918
4.039999999999684,0.002533287295246201
4.040999999999684,0.0025336256857219526
4.0419999999996845,0.0025339524775871217
4.042999999999685,0.0025342680077152235
4.043999999999685,0.0025345726036829046
4.0449999999996855,0.0025348665840277083
4.045999999999686,0.002535150258497914
4.046999999999686,0.0025354239282953245
4.0479999999996865,0.0025356878863111235
4.048999999999687,0.0025359424173545253
4.049999999999687,0.0025361877983751564
4.0509999999996875,0.0025364242986785773
4.051999999999688,0.0025366521801360557
4.052999999999688,0.002536871697388046
4.0539999999996885,0.0025370830980421394
4.054999999999689,0.002537286622864683
4.055999999999689,0.0025374825059680285
4.0569999999996895,0.0025376709749913746
4.05799999999969,0.0025378522512772526
4.05899999999969,0.0025380265500428573
4.0599999999996905,0.0025381940805463167
4.060999999999691,0.0025383550462487053
4.061999999999691,0.0025385096449712756
4.0629999999996915,0.0025386580690484883
4.063999999999692,0.0025388005054766093
4.064999999999692,0.0025389371360583952
4.0659999999996925,0.002539068137543704
4.066999999999693,0.0025391936817664475
4.067999999999693,0.0025393139357774257
4.0689999999996935,0.0025394290619738524
4.069999999999694,0.002539539218225303
4.070999999999694,0.002539644557996143
4.0719999999996945,0.002539745230464869
4.072999999999695,0.0025398413806398124
4.073999999999695,0.0025399331494725848
4.0749999999996955,0.0025400206739673026
4.075999999999696,0.002540104087287859
4.076999999999696,0.0025401835188620416
4.0779999999996965,0.0025402590944826643
4.078999999999697,0.002540330936406498
4.079999999999697,0.0025403991634498635
4.0809999999996975,0.0025404638910826
4.081999999999698,0.0025405252315188268
4.082999999999698,0.0025405832938054963
4.0839999999996985,0.0025406381839091045
4.084999999999699,0.002540690004799357
4.085999999999699,0.0025407388565312043
4.0869999999996995,0.002540784836324691
4.0879999999997,0.002540828038642185
4.0889999999997,0.002540868555264541
4.0899999999997005,0.0025409064753644205
4.090999999999701,0.0025409418855779284
4.091999999999701,0.0025409748700748747
4.0929999999997015,0.002541005510626488
4.093999999999702,0.0025410338866719007
4.094999999999702,0.002541060075382507
4.0959999999997025,0.0025410841517251766
4.096999999999703,0.002541106188523091
4.097999999999703,0.0025411262565157786
4.0989999999997035,0.002541144424417
4.099999999999704,0.0025411607589713205
4.100999999999704,0.0025411753250094878
4.1019999999997045,0.002541188185501645
4.102999999999705,0.0025411994016099858
4.103999999999705,0.002541209032739602
4.1049999999997056,0.0025412171365876736
4.105999999999706,0.002541223769192285
4.106999999999706,0.002541228984978928
4.1079999999997066,0.0025412328368063855
4.108999999999707,0.002541235376011322
4.109999999999707,0.002541236652451446
4.1109999999997076,0.0025412367145477635
4.111999999999708,0.0025412356093257836
4.112999999999708,0.002541233382454971
4.113999999999709,0.00254123007828793
4.114999999999709,0.002541225739898321
4.115999999999709,0.002541220409117171
4.11699999999971,0.0025412141265688665
4.11799999999971,0.0025412069317061227
4.11899999999971,0.002541198862843149
4.119999999999711,0.0025411899571890703
4.120999999999711,0.0025411802508796995
4.121999999999711,0.002541169779008246
4.122999999999712,0.00254115857565591
4.123999999999712,0.0025411466739208265
4.124999999999712,0.0025411341059466824
4.125999999999713,0.0025411209029499657
4.126999999999713,0.002541107095247394
4.127999999999713,0.002541092712281239
4.128999999999714,0.0025410777826449828
4.129999999999714,0.0025410623341077417
4.130999999999714,0.0025410463936379815
4.131999999999715,0.0025410299874264047
4.132999999999715,0.0025410131409084775
4.133999999999715,0.002540995878786048
4.134999999999716,0.0025409782250482363
4.135999999999716,0.002540960202991726
4.136999999999716,0.0025409418352406524
4.137999999999717,0.002540923143765462
4.138999999999717,0.002540904149901286
4.139999999999717,0.0025408848743662324
4.140999999999718,0.0025408653372780664
4.141999999999718,0.0025408455581713597
4.142999999999718,0.002540825556013728
4.143999999999719,0.00254080534922093
4.144999999999719,0.0025407849556727015
4.145999999999719,0.0025407643927267687
4.14699999999972,0.00254074367723333
4.14799999999972,0.0025407228255486317
4.14899999999972,0.0025407018535480892
4.149999999999721,0.0025406807766391037
4.150999999999721,0.0025406596097733818
4.151999999999721,0.0025406383674586412
4.152999999999722,0.002540617063770477
4.153999999999722,0.0025405957123631542
4.154999999999722,0.0025405743264803222
4.155999999999723,0.002540552918965426
4.156999999999723,0.002540531502271952
4.157999999999723,0.0025405100884726417
4.158999999999724,0.0025404886892691943
4.159999999999724,0.002540467316001025
4.160999999999724,0.0025404459796542697
4.161999999999725,0.0025404246908701314
4.162999999999725,0.0025404034599528606
4.163999999999725,0.0025403822968781235
4.164999999999726,0.0025403612113002287
4.165999999999726,0.0025403402125598953
4.166999999999726,0.002540319309691348
4.167999999999727,0.0025402985114294334
4.168999999999727,0.002540277826216398
4.169999999999727,0.002540257262208686
4.170999999999728,0.0025402368272834444
4.171999999999728,0.0025402165290447157
4.172999999999728,0.0025401963748299533
4.173999999999729,0.0025401763717158715
4.174999999999729,0.002540156526524725
4.175999999999729,0.0025401368458301647
4.17699999999973,0.002540117335962915
4.17799999999973,0.002540098003016838
4.17899999999973,0.0025400788528545278
4.179999999999731,0.0025400598911128752
4.180999999999731,0.0025400411232091406
4.181999999999731,0.0025400225543462697
4.182999999999732,0.0025400041895187464
4.183999999999732,0.0025399860335183558
4.184999999999732,0.0025399680909397523
4.185999999999733,0.0025399503661865906
4.186999999999733,0.002539932863476854
4.187999999999733,0.002539915586849538
4.188999999999734,0.0025398985401700012
4.189999999999734,0.0025398817271366954
4.190999999999734,0.0025398651512870303
4.191999999999735,0.0025398488160039943
4.192999999999735,0.0025398327245228815
4.193999999999735,0.0025398168799377653
4.194999999999736,0.002539801285208809
4.195999999999736,0.0025397859431690872
4.196999999999736,0.0025397708565322342
4.197999999999737,0.002539756027899926
4.198999999999737,0.002539741459769807
4.199999999999737,0.0025397271545437063
4.200999999999738,0.0025397131145358867
4.201999999999738,0.0025396993419821295
4.202999999999738,0.0025396858390483307
4.203999999999739,0.0025396726078402675
4.204999999999739,0.0025396596504133027
4.205999999999739,0.002539646968782127
4.20699999999974,0.002539634564931857
4.20799999999974,0.0025396224408282993
4.20899999999974,0.00253961059842972
4.209999999999741,0.0025395990396982655
4.210999999999741,0.002539587766612318
4.211999999999741,0.002539576780972441
4.212999999999742,0.002539566084140743
4.213999999999742,0.0025395556771980327
4.214999999999742,0.002539545561160216
4.215999999999743,0.0025395357369906828
4.216999999999743,0.0025395262056103034
4.217999999999743,0.0025395169679077005
4.218999999999744,0.002539508024747752
4.219999999999744,0.002539499376979705
4.220999999999744,0.0025394910254439296
4.221999999999745,0.0025394829709785675
4.222999999999745,0.0025394752144248557
4.223999999999745,0.002539467756632087
4.224999999999746,0.002539460598461933
4.225999999999746,0.0025394537407922996
4.226999999999746,0.0025394471845203437
4.227999999999747,0.0025394409305653336
4.228999999999747,0.0025394349798709484
4.229999999999747,0.0025394293334070825
4.230999999999748,0.002539423992171705
4.231999999999748,0.0025394189571916193
4.232999999999748,0.0025394142295239418
4.233999999999749,0.0025394098102562886
4.234999999999749,0.0025394057005076534
4.235999999999749,0.002539401901428401
4.23699999999975,0.002539398414200457
4.23799999999975,0.002539395240037226
4.23899999999975,0.0025393923801832995
4.239999999999751,0.0025393898359142783
4.240999999999751,0.0025393876085364857
4.241999999999751,0.0025393856993861305
4.242999999999752,0.0025393841098291965
4.243999999999752,0.0025393828412605783
4.244999999999752,0.002539381895103835
4.245999999999753,0.002539381272810351
4.246999999999753,0.0025393809758587176
4.247999999999753,0.0025393810057545256
4.248999999999754,0.0025393813640293902
4.249999999999754,0.002539382052240847
4.250999999999754,0.0025393830719715807
4.251999999999755,0.0025393844248291567
4.252999999999755,0.0025393861124456407
4.253999999999755,0.0025393881364773954
4.254999999999756,0.0025393904986047502
4.255999999999756,0.002539393200531835
4.256999999999756,0.0025393962439866254
4.257999999999757,0.002539399630720831
4.258999999999757,0.002539403362509962
4.259999999999757,0.002539407441153687
4.260999999999758,0.0025394118684759735
4.261999999999758,0.002539416646325173
4.262999999999758,0.002539421776575148
4.263999999999759,0.002539427261124848
4.264999999999759,0.002539433101899819
4.265999999999759,0.0025394393008523752
4.26699999999976,0.002539445859962342
4.26799999999976,0.002539452781238235
4.26899999999976,0.002539460066718194
4.269999999999761,0.0025394677184707552
4.270999999999761,0.002539475738596208
4.271999999999761,0.002539484129227613
4.272999999999762,0.0025394928925323475
4.273999999999762,0.0025395020307132157
4.274999999999762,0.0025395115460101446
4.275999999999763,0.002539521440701298
4.276999999999763,0.0025395317171050986
4.277999999999763,0.0025395423775815516
4.278999999999764,0.002539553424534234
4.279999999999764,0.0025395648604115625
4.280999999999764,0.0025395766877093495
4.281999999999765,0.002539588908972011
4.282999999999765,0.002539601526794867
4.283999999999765,0.002539614543826115
4.284999999999766,0.0025396279627683954
4.285999999999766,0.0025396417863816217
4.286999999999766,0.0025396560174844734
4.287999999999767,0.0025396706589566782
4.288999999999767,0.0025396857137412535
4.289999999999767,0.002539701184846626
4.290999999999768,0.0025397170753488803
4.291999999999768,0.002539733388393823
4.292999999999768,0.002539750127199529
4.293999999999769,0.0025397672950583094
4.294999999999769,0.002539784895338997
4.295999999999769,0.002539802931489258
4.29699999999977,0.0025398214070379843
4.29799999999977,0.0025398403255971792
4.29899999999977,0.002539859690864614
4.299999999999771,0.0025398795066256356
4.300999999999771,0.0025398997767557517
4.301999999999771,0.0025399205052225177
4.302999999999772,0.0025399416960878163
4.303999999999772,0.0025399633535101614
4.304999999999772,0.0025399854817462937
4.305999999999773,0.0025400080851538318
4.306999999999773,0.0025400311681929126
4.307999999999773,0.0025400547354282356
4.308999999999774,0.0025400787915311335
4.309999999999774,0.002540103341281144
4.310999999999774,0.0025401283895681998
4.311999999999775,0.002540153941394098
4.312999999999775,0.0025401800018743925
4.313999999999775,0.0025402065762398056
4.314999999999776,0.00254023366983808
4.315999999999776,0.0025402612881353336
4.316999999999776,0.0025402894367173683
4.317999999999777,0.0025403181212911748
4.318999999999777,0.0025403473476861317
4.319999999999777,0.002540377121855321
4.320999999999778,0.0025404074498763876
4.321999999999778,0.002540438337952769
4.322999999999778,0.0025404697924146097
4.323999999999779,0.002540501819719484
4.324999999999779,0.0025405344264532344
4.325999999999779,0.0025405676193306186
4.32699999999978,0.0025406014051959566
4.32799999999978,0.002540635791023496
4.32899999999978,0.002540670783917766
4.329999999999781,0.002540706391114155
4.330999999999781,0.002540742619978751
4.331999999999781,0.0025407794780086985
4.332999999999782,0.0025408169728321564
4.333999999999782,0.0025408551122082026
4.334999999999782,0.0025408939040267586
4.335999999999783,0.002540933356308367
4.336999999999783,0.0025409734772037437
4.337999999999783,0.0025410142749934667
4.338999999999784,0.002541055758087822
4.339999999999784,0.0025410979350254694
4.340999999999784,0.0025411408144739266
4.341999999999785,0.0025411844052280336
4.342999999999785,0.0025412287162096432
4.343999999999785,0.0025412737564668823
4.344999999999786,0.0025413195351731734
4.345999999999786,0.0025413660616268076
4.346999999999786,0.0025414133452495886
4.347999999999787,0.002541461395586423
4.348999999999787,0.0025415102223042343
4.349999999999787,0.0025415598351912552
4.350999999999788,0.0025416102441560874
4.351999999999788,0.002541661459227018
4.352999999999788,0.0025417134905513193
4.353999999999789,0.002541766348394415
4.354999999999789,0.002541820043139454
4.355999999999789,0.002541874585286742
4.35699999999979,0.0025419299854531965
4.35799999999979,0.002541986254372384
4.35899999999979,0.0025420434028940245
4.359999999999791,0.0025421014419843915
4.360999999999791,0.002542160382726165
4.361999999999791,0.002542220236319049
4.362999999999792,0.0025422810140804247
4.363999999999792,0.0025423427274460716
4.364999999999792,0.0025424053879714997
4.365999999999793,0.0025424690073332576
4.366999999999793,0.0025425335973307227
4.367999999999793,0.0025425991698881864
4.368999999999794,0.002542665737057425
4.369999999999794,0.0025427333110203225
4.370999999999794,0.002542801904092399
4.371999999999795,0.002542871528726502
4.372999999999795,0.0025429421975167905
4.373999999999795,0.0025430139232036596
4.374999999999796,0.00254308671867904
4.375999999999796,0.0025431605969920244
4.376999999999796,0.0025432355713554643
4.377999999999797,0.002543311655152994
4.378999999999797,0.0025433888619466084
4.379999999999797,0.0025434672054850567
4.380999999999798,0.002543546699713538
4.381999999999798,0.0025436273587827046
4.382999999999798,0.002543709197060092
4.383999999999799,0.0025437922291412507
4.384999999999799,0.002543876469862434
4.385999999999799,0.002543961934313624
4.3869999999998,0.002544048637852927
4.3879999999998,0.0025441365961217793
4.3889999999998,0.0025442258250610583
4.389999999999801,0.002544316340928575
4.390999999999801,0.0025444081603171187
4.391999999999801,0.0025445013001742962
4.392999999999802,0.002544595777822671
4.393999999999802,0.0025446916109823636
4.394999999999802,0.002544788817793294
4.395999999999803,0.002544887416840079
4.396999999999803,0.002544987427177802
4.397999999999803,0.0025450888683586845
4.398999999999804,0.0025451917604608285
4.399999999999804,0.002545296124118083
4.400999999999804,0.002545401980551691
4.401999999999805,0.0025455093516030536
4.402999999999805,0.0025456182597683973
4.403999999999805,0.0025457287282352123
4.404999999999806,0.0025458407809201694
4.405999999999806,0.0025459544425087167
4.406999999999806,0.002546069738496845
4.407999999999807,0.0025461866952347853
4.408999999999807,0.0025463053399717717
4.409999999999807,0.0025464257009043152
4.410999999999808,0.0025465478072251406
4.411999999999808,0.0025468577034004694
4.412999999999808,0.0025472315337883786
4.413999999999809,0.002547816503789487
4.414999999999809,0.002548755307100182
4.415999999999809,0.002550186174272495
4.41699999999981,0.002552242921070806
4.41799999999981,0.002555054996631407
4.41899999999981,0.0025587475314360203
4.419999999999811,0.0025634413851052147
4.420999999999811,0.0025692531940202587
4.421999999999811,0.0025762954187800863
4.422999999999812,0.0025846763915005587
4.423999999999812,0.002594500362962812
4.424999999999812,0.002605867549616836
4.425999999999813,0.002618874180447109
4.426999999999813,0.0026336125437057822
4.427999999999813,0.002650171033520894
4.428999999999814,0.0026686341963842904
4.429999999999814,0.0026890827775259626
4.430999999999814,0.002711593767181726
4.431999999999815,0.002736240446757434
4.432999999999815,0.002763092434899833
4.433999999999815,0.0027922157334759716
4.434999999999816,0.0028236727734697598
4.435999999999816,0.002857522460800649
4.436999999999816,0.002893820222070329
4.437999999999817,0.0029326180502433144
4.438999999999817,0.002973964550267924
4.439999999999817,0.0030179049846421335
4.440999999999818,0.003064481318931181
4.441999999999818,0.0031137322672422987
4.442999999999818,0.0031656933376614863
4.443999999999819,0.003220396877658703
4.444999999999819,0.003277872119465952
4.445999999999819,0.0033381452254338598
4.44699999999982,0.003401239333371525
4.44799999999982,0.003467174601874748
4.44899999999982,0.003535968255646546
4.449999999999821,0.0036076346308150653
4.450999999999821,0.003682185220252876
4.451999999999821,0.0037596287189009953
4.452999999999822,0.0038399710691018815
4.453999999999822,0.00392321550594496
4.454999999999822,0.004009362602626312
4.455999999999823,0.00409841031582793
4.456999999999823,0.00419035403111611
4.457999999999823,0.004285186608363578
4.458999999999824,0.004382898427195719
4.459999999999824,0.004483477432463662
4.460999999999824,0.004586909179744518
4.461999999999825,0.0046931768808706475
4.462999999999825,0.0048022614494885665
4.463999999999825,0.004914141546647072
4.464999999999826,0.005028793626416332
4.465999999999826,0.005146191981536742
4.466999999999826,0.005266308789097465
4.467999999999827,0.005389114156244622
4.468999999999827,0.005514576165917683
4.4699999999998274,0.005642660922613722
4.470999999999828,0.0057733325981782005
4.471999999999828,0.005906553477620528
4.4729999999998284,0.006042284004954289
4.473999999999829,0.0061804828290581565
4.474999999999829,0.006321106849558944
4.4759999999998294,0.006464111262731893
4.47699999999983,0.006609449607418605
4.47799999999983,0.0067570738109591424
4.4789999999998305,0.006906934235137545
4.479999999999831,0.007058979722137225
4.480999999999831,0.007213157640506042
4.4819999999998315,0.007369413931126889
4.482999999999832,0.007527693153193717
4.483999999999832,0.00768793853018912
4.4849999999998325,0.007850091995863125
4.485999999999833,0.008014094240210094
4.486999999999833,0.00817988475544186
4.4879999999998335,0.008347401881956054
4.488999999999834,0.008516582854296802
4.489999999999834,0.008687363847106833
4.4909999999998345,0.008859680021068829
4.491999999999835,0.009033465568834914
4.492999999999835,0.009208653760942244
4.4939999999998355,0.009385176991713977
4.494999999999836,0.009562966825143793
4.495999999999836,0.009741954040762911
4.4969999999998365,0.009922068679488777
4.497999999999837,0.010103240089454353
4.498999999999837,0.010285396971816317
4.4999999999998375,0.010468467426542796
4.500999999999838,0.01065237899817878
4.501999999999838,0.010837058721589125
4.5029999999998385,0.011022433167678224
4.503999999999839,0.011208428489086548
4.504999999999839,0.011394970465862943
4.5059999999998395,0.011581984551113055
4.50699999999984,0.011769395916623376
4.50799999999984,0.011957129498460513
4.5089999999998405,0.01214511004254646
4.509999999999841,0.01233326215020894
4.510999999999841,0.012521510323707422
4.5119999999998415,0.012709779011735284
4.512999999999842,0.012897992654896634
4.513999999999842,0.013086075731161113
4.5149999999998425,0.013273952801293447
4.515999999999843,0.013461548554260426
4.516999999999843,0.013648787852615155
4.5179999999998435,0.013835595777858478
4.518999999999844,0.0140218976757783
4.519999999999844,0.014207619201767469
4.5209999999998445,0.014392686366120358
4.521999999999845,0.014577025579308983
4.522999999999845,0.014760563697238709
4.5239999999998455,0.014943228066484564
4.524999999999846,0.015124946569508406
4.525999999999846,0.01530564766985739
4.5269999999998465,0.015485260457345044
4.527999999999847,0.015663714693213995
4.528999999999847,0.0158409408552831
4.5299999999998475,0.016016870183076973
4.530999999999848,0.016191434722940934
4.531999999999848,0.016364567373139974
4.5329999999998485,0.016536201928943887
4.533999999999849,0.01670627312769765
4.534999999999849,0.016874716693878793
4.5359999999998495,0.017041469384141486
4.53699999999985,0.017206469032348598
4.53799999999985,0.017369654594591333
4.5389999999998505,0.017530966194197938
4.539999999999851,0.017690345166730993
4.540999999999851,0.01784773410497497
4.5419999999998515,0.0180030769039128
4.542999999999852,0.01815631880569417
4.543999999999852,0.018307406444593624
4.5449999999998525,0.018456287891960868
4.545999999999853,0.018602912701162384
4.546999999999853,0.018747231952515403
4.5479999999998535,0.018889198298214872
4.548999999999854,0.01902876600725248
4.549999999999854,0.019165891010330074
4.5509999999998545,0.0193005309447664
4.551999999999855,0.019432645199397677
4.552999999999855,0.019562194959472944
4.5539999999998555,0.019689143251544396
4.554999999999856,0.019813454988352193
4.555999999999856,0.019935097013705445
4.5569999999998565,0.020054038147358247
4.557999999999857,0.020170249229882635
4.558999999999857,0.02028370316753702
4.5599999999998575,0.020394374977132014
4.560999999999858,0.020502241830893123
4.561999999999858,0.020607283101320366
4.5629999999998585,0.02070948040604629
4.563999999999859,0.020808817652691096
4.564999999999859,0.020905281083716684
4.5659999999998595,0.020998859321279206
4.56699999999986,0.021089543412080046
4.56799999999986,0.0211773268722169
4.5689999999998605,0.021262205732033898
4.569999999999861,0.021344178580972047
4.570999999999861,0.0214232466124199
4.5719999999998615,0.02149941366856549
4.572999999999862,0.02157268628524888
4.573999999999862,0.021643073736817127
4.5749999999998625,0.021710588080980857
4.575999999999863,0.021775244203674035
4.576999999999863,0.02183705986391689
4.5779999999998635,0.02189605573868223
4.578999999999864,0.021952255467767127
4.579999999999864,0.022005685698668842
4.5809999999998645,0.022056376131467
4.581999999999865,0.022104359563712338
4.582999999999865,0.022149671935322482
4.5839999999998655,0.022192352373486324
4.584999999999866,0.02223244323757719
4.585999999999866,0.02226999016407609
4.5869999999998665,0.022305042111506086
4.587999999999867,0.022337651405378744
4.588999999999867,0.02236787378315365
4.5899999999998675,0.02239576843921283
4.590999999999868,0.02242139806985042
4.591999999999868,0.022444828918279883
4.5929999999998685,0.022466130819659286
4.593999999999869,0.02248537724613678
4.594999999999869,0.02250264535191806
4.5959999999998695,0.022518016018356325
4.59699999999987,0.022531573899067903
4.59799999999987,0.02254340746507428
4.5989999999998705,0.02255360904997311
4.599999999999871,0.022562274895139484
4.600999999999871,0.022569505194960503
4.6019999999998715,0.022575404142104093
4.602999999999872,0.022580079972825205
4.603999999999872,0.022583645012311165
4.6049999999998725,0.02258621572006854
4.605999999999873,0.022587912735354022
4.606999999999873,0.02258886092265168
4.6079999999998735,0.02258918941719834
4.608999999999874,0.0225890316705612
4.609999999999874,0.02258852549626799
4.6109999999998745,0.022587813115493745
4.611999999999875,0.022587041202805733
4.612999999999875,0.022586284694732305
4.6139999999998755,0.02258546738410936
4.614999999999876,0.022584439746774182
4.615999999999876,0.02258305686213239
4.6169999999998765,0.022581178365640227
4.617999999999877,0.02257866840124071
4.618999999999877,0.02257539557375802
4.6199999999998775,0.02257123290125447
4.620999999999878,0.02256605776735475
4.621999999999878,0.022559751873541888
4.6229999999998785,0.022552201191428152
4.623999999999879,0.022543295915005777
4.624999999999879,0.022532930412880417
4.6259999999998795,0.022521003180491814
4.62699999999988,0.022507416792324278
4.62799999999988,0.022492077854110268
4.6289999999998805,0.022474896955030868
4.629999999999881,0.022455788619914867
4.630999999999881,0.022434671261440366
4.6319999999998815,0.022411467132339907
4.632999999999882,0.022386102277613347
4.633999999999882,0.022358506486748427
4.6349999999998825,0.022328613245953303
4.635999999999883,0.022296359690400787
4.636999999999883,0.02226168655648742
4.6379999999998835,0.022224538134108587
4.638999999999884,0.0221848622189501
4.639999999999884,0.022142610064799312
4.6409999999998846,0.022097736335874973
4.641999999999885,0.02205019905917842
4.642999999999885,0.021999959576865555
4.6439999999998856,0.02194698249864193
4.644999999999886,0.02189123565418013
4.645999999999886,0.021832690045561105
4.6469999999998866,0.021771319799739203
4.647999999999887,0.021707102121032086
4.648999999999887,0.021640017243635234
4.649999999999888,0.02157004838416126
4.650999999999888,0.021497181694204823
4.651999999999888,0.021421406212932863
4.652999999999889,0.02134271381970003
4.653999999999889,0.021261099186689822
4.654999999999889,0.02117655973158134
4.65599999999989,0.02108909557024098
4.65699999999989,0.020998709469440116
4.65799999999989,0.02090540679959732
4.658999999999891,0.02080919548754629
4.659999999999891,0.020710085969328003
4.660999999999891,0.020608091143008128
4.661999999999892,0.020503226321518873
4.662999999999892,0.020395509185524546
4.663999999999892,0.020284959736311628
4.664999999999893,0.0201716002487028
4.665999999999893,0.020055455223993997
4.666999999999893,0.019936551342914804
4.667999999999894,0.019814917418612354
4.668999999999894,0.01969058434965753
4.669999999999894,0.019563585073073667
4.670999999999895,0.019433954517387712
4.671999999999895,0.019301729555703473
4.672999999999895,0.01916694895879642
4.673999999999896,0.01902965334822978
4.674999999999896,0.018889885149492754
4.675999999999896,0.018747688545158812
4.676999999999897,0.018603109428065888
4.677999999999897,0.0184561953545163
4.678999999999897,0.01830699549749809
4.679999999999898,0.018155560599925735
4.680999999999898,0.018001942927902068
4.681999999999898,0.017846196223999473
4.682999999999899,0.017688375660561015
4.683999999999899,0.017528537793021666
4.684999999999899,0.017366740513249088
4.6859999999999,0.017203043002903505
4.6869999999999,0.0170375056868175
4.6879999999999,0.01687019018639504
4.688999999999901,0.016701159273029342
4.689999999999901,0.016530476821540456
4.690999999999901,0.016358207763631553
4.691999999999902,0.016184418041364355
4.692999999999902,0.016009174560653656
4.693999999999902,0.015832545144780497
4.694999999999903,0.015654598487924415
4.695999999999903,0.015475404108714431
4.696999999999903,0.015295032303798493
4.697999999999904,0.01511355410143226
4.698999999999904,0.01493104121508542
4.699999999999904,0.014747565997067752
4.700999999999905,0.01456320139217257
4.701999999999905,0.014378020891339147
4.702999999999905,0.014192098485333184
4.703999999999906,0.014005508618445128
4.704999999999906,0.013818326142206919
4.705999999999906,0.01363062626912611
4.706999999999907,0.013442484526437752
4.707999999999907,0.01325397670987357
4.708999999999907,0.013065178837448531
4.709999999999908,0.012876167103263912
4.710999999999908,0.012687017831327023
4.711999999999908,0.01249780742938729
4.712999999999909,0.012308612342788218
4.713999999999909,0.012119509008334202
4.714999999999909,0.011930573808172917
4.71599999999991,0.01174188302369171
4.71699999999991,0.011553512789427928
4.71799999999991,0.011365539046992383
4.718999999999911,0.011178037499005325
4.719999999999911,0.010991083563044311
4.720999999999911,0.010804752325602997
4.721999999999912,0.01061911849605976
4.722999999999912,0.010434256360655855
4.723999999999912,0.010250239736481807
4.724999999999913,0.010067141925470265
4.725999999999913,0.009885035668395825
4.726999999999913,0.009703993098878747
4.727999999999914,0.009524085697392798
4.728999999999914,0.009345384245274972
4.729999999999914,0.009167958778735955
4.730999999999915,0.008991878542870507
4.731999999999915,0.008817211945664531
4.732999999999915,0.008644026511999456
4.733999999999916,0.008472388837650488
4.734999999999916,0.008302364543277915
4.735999999999916,0.008134018228409555
4.736999999999917,0.007967413425412101
4.737999999999917,0.007802612553450848
4.738999999999917,0.007639676872433859
4.739999999999918,0.007478666436940777
4.740999999999918,0.00731964005013281
4.741999999999918,0.007162655217643574
4.742999999999919,0.007007768101446668
4.743999999999919,0.0068550334737006585
4.744999999999919,0.006704504670567997
4.74599999999992,0.006556233546006131
4.74699999999992,0.006410270425530218
4.74799999999992,0.006266664059944402
4.748999999999921,0.0061254615790414454
4.749999999999921,0.005986708445267677
4.750999999999921,0.005850448407353583
4.751999999999922,0.005716723453907745
4.752999999999922,0.005585573766973363
4.753999999999922,0.005457037675546679
4.754999999999923,0.005331151609056138
4.755999999999923,0.005207950050802469
4.756999999999923,0.005087465491358488
4.757999999999924,0.004969728381929592
4.758999999999924,0.004854767087674211
4.759999999999924,0.004742607840984715
4.760999999999925,0.004633274694730356
4.761999999999925,0.004526789475461819
4.762999999999925,0.00442317173657978
4.763999999999926,0.004322438711467778
4.764999999999926,0.00422460526659231
4.765999999999926,0.004129683854571187
4.766999999999927,0.004037684467213379
4.767999999999927,0.003948614588531366
4.768999999999927,0.0038624791477310932
4.769999999999928,0.0037792804721804227
4.770999999999928,0.0036990182403605285
4.771999999999928,0.0036216894348037945
4.772999999999929,0.0035472882950213433
4.773999999999929,0.0034758062704251177
4.774999999999929,0.003407231973247382
4.77599999999993,0.0033415511314633176
4.77699999999993,0.0032787465417200568
4.77799999999993,0.0032187980222770363
4.778999999999931,0.0031616823659627383
4.779999999999931,0.0031073732931518674
4.780999999999931,0.0030558414047674384
4.781999999999932,0.003007054135313887
4.782999999999932,0.0029609757059441064
4.783999999999932,0.0029175670775660884
4.784999999999933,0.002876785903993824
4.785999999999933,0.0028385864851460108
4.786999999999933,0.00280291972029776
4.787999999999934,0.0027697330613893657
4.788999999999934,0.0027389704663958285
4.789999999999934,0.002710572352760794
4.790999999999935,0.0026844755508996163
4.791999999999935,0.00266061325777359
4.792999999999935,0.0026389149905394066
4.793999999999936,0.002619306540277054
4.794999999999936,0.0026017099257979563
4.795999999999936,0.00258604334753694
4.796999999999937,0.002572221141529541
4.797999999999937,0.002560153733477389
4.798999999999937,0.0025497475929036097
4.799999999999938,0.0025409051873988044
4.800999999999938,0.0025335249369611533
4.801999999999938,0.0025275011684303753
4.802999999999939,0.0025227240700177733
4.803999999999939,0.0025190796459333177
4.804999999999939,0.0025164496711108236
4.80599999999994,0.0025147116460327544
4.80699999999994,0.0025137387516556246
4.80799999999994,0.0025133998044373253
4.808999999999941,0.002513559211467578
4.809999999999941,0.0025140769257037295
4.810999999999941,0.00251480840131265
4.811999999999942,0.002515604549122096
4.812999999999942,0.0025165067778423617
4.813999999999942,0.002517381307732741
4.814999999999943,0.002518228924672093
4.815999999999943,0.002519050392352947
4.816999999999943,0.002519846452936108
4.817999999999944,0.0025206178276842225
4.818999999999944,0.002521365217575046
4.819999999999944,0.0025220893038960315
4.820999999999945,0.0025227907488192675
4.821999999999945,0.0025234701959586
4.822999999999945,0.0025241282709098783
4.823999999999946,0.0025247655817732945
4.824999999999946,0.0025253827196603656
4.825999999999946,0.002525980259184383
4.826999999999947,0.0025265587589363495
4.827999999999947,0.002527118761945571
4.828999999999947,0.0025276607961265823
4.829999999999948,0.0025281853747116806
4.830999999999948,0.0025286929966709427
4.831999999999948,0.0025291841471188174
4.832999999999949,0.002529659297708261
4.833999999999949,0.002530118907013535
4.834999999999949,0.0025305634209005397
4.83599999999995,0.0025309932728864136
4.83699999999995,0.00253140888448819
4.83799999999995,0.0025318106655608415
4.838999999999951,0.0025321990146251715
4.839999999999951,0.0025325743191859373
4.840999999999951,0.002532936956040524
4.841999999999952,0.0025332872915781526
4.842999999999952,0.0025336256820703597
4.843999999999952,0.0025339524739529315
4.844999999999953,0.002534268004099425
4.845999999999953,0.0025345726000864065
4.846999999999953,0.002534866580451347
4.847999999999954,0.0025351502549423727
4.848999999999954,0.0025354239247613562
4.849999999999954,0.0025356878827993874
4.850999999999955,0.0025359424138656425
4.851999999999955,0.002536187794909637
4.852999999999955,0.002536424295236879
4.853999999999956,0.002536652176718647
4.854999999999956,0.002536871693995385
4.855999999999956,0.0025370830946745797
4.856999999999957,0.002537286619522572
4.857999999999957,0.0025374825026517403
4.858999999999957,0.002537670971701076
4.859999999999958,0.002537852248013197
4.860999999999958,0.002538026546805256
4.861999999999958,0.002538194077335361
4.862999999999959,0.0025383550430645545
4.863999999999959,0.00253850964181402
4.864999999999959,0.002538658065918308
4.86599999999996,0.0025388005023734943
4.86699999999996,0.0025389371329824356
4.86799999999996,0.0025390681344949727
4.868999999999961,0.0025391936787449478
4.869999999999961,0.00253931393278313
4.870999999999961,0.002539429059006837
4.871999999999962,0.0025395392152854877
4.872999999999962,0.00253964455508349
4.873999999999962,0.002539745227579302
4.874999999999963,0.0025398413777813628
4.875999999999963,0.0025399331466411067
4.876999999999963,0.002540020671162709
4.877999999999964,0.0025401040845101017
4.878999999999964,0.0025401835161110026
4.879999999999964,0.0025402590917583436
4.880999999999965,0.0025403309337086385
4.881999999999965,0.0025403991607784275
4.882999999999965,0.002540463888437497
4.883999999999966,0.0025405252288998453
4.884999999999966,0.002540583291212619
4.885999999999966,0.002540638181342106
4.886999999999967,0.0025406900022581815
4.887999999999967,0.0025407388540156853
4.888999999999967,0.002540784833834707
4.889999999999968,0.0025408280361775663
4.890999999999968,0.0025408685528252074
4.891999999999968,0.0025409064729501815
4.892999999999969,0.0025409418831887007
4.893999999999969,0.0025409748677104986
4.894999999999969,0.0025410055082868144
4.89599999999997,0.002541033884356784
4.89699999999997,0.0025410600730918567
4.89799999999997,0.0025410841494587777
4.898999999999971,0.0025411061862809226
4.899999999999971,0.0025411262542976466
4.900999999999971,0.0025411444222227554
4.901999999999972,0.0025411607568009455
4.902999999999972,0.0025411753228626564
4.903999999999972,0.0025411881833783505
4.904999999999973,0.0025411993995100857
4.905999999999973,0.002541209030662916
4.906999999999973,0.002541217134534139
4.907999999999974,0.0025412237671618675
4.908999999999974,0.0025412289829713428
4.909999999999974,0.0025412328348216155
4.910999999999975,0.0025412353740491903
4.911999999999975,0.0025412366505118585
4.912999999999975,0.0025412367126306547
4.913999999999976,0.002541235607430966
4.914999999999976,0.002541233380582382
4.915999999999976,0.0025412300764375007
4.916999999999977,0.002541225738069884
4.917999999999977,0.0025412204073106195
4.918999999999977,0.002541214124784124
4.919999999999978,0.0025412069299430295
4.920999999999978,0.0025411988611016394
4.921999999999978,0.0025411899554690608
4.922999999999979,0.00254118024918102
4.923999999999979,0.0025411697773308935
4.924999999999979,0.00254115857399978
4.92599999999998,0.0025411466722857767
4.92699999999998,0.0025411341043325535
4.92799999999998,0.0025411209013567713
4.928999999999981,0.0025411070936749228
4.929999999999981,0.002541092710729456
4.930999999999981,0.0025410777811137875
4.931999999999982,0.002541062332597044
4.932999999999982,0.002541046392147632
4.933999999999982,0.002541029985956348
4.934999999999983,0.002541013139458561
4.935999999999983,0.0025409958773562336
4.936999999999983,0.0025409782236383432
4.937999999999984,0.002540960201601713
4.938999999999984,0.002540941833870443
4.939999999999984,0.002540923142414865
4.940999999999985,0.002540904148570229
4.941999999999985,0.002540884873054594
4.942999999999985,0.002540865335985725
4.943999999999986,0.0025408455568982947
4.944999999999986,0.002540825554759752
4.945999999999986,0.0025408053479859284
4.946999999999987,0.002540784954456511
4.947999999999987,0.0025407643915293307
4.948999999999987,0.0025407436760545056
4.949999999999988,0.0025407228243883168
4.950999999999988,0.0025407018524061555
4.951999999999988,0.00254068077551544
4.952999999999989,0.0025406596086677974
4.953999999999989,0.0025406383663710633
4.954999999999989,0.002540617062700784
4.95599999999999,0.002540595711311166
4.95699999999999,0.00254057432544591
4.95799999999999,0.0025405529179485763
4.958999999999991,0.0025405315012724007
4.959999999999991,0.0025405100874902366
4.960999999999991,0.0025404886883038033
4.961999999999992,0.0025404673150525164
4.962999999999992,0.0025404459787225844
4.963999999999992,0.002540424689955023
4.964999999999993,0.0025404034590542045
4.965999999999993,0.0025403822959957773
4.966999999999993,0.0025403612104340535
4.967999999999994,0.0025403402117097004
4.968999999999994,0.002540319308857019
4.969999999999994,0.002540298510610741
4.970999999999995,0.0025402778254132695
4.971999999999995,0.0025402572614209203
4.972999999999995,0.0025402368265108506
4.973999999999996,0.002540216528287117
4.974999999999996,0.0025401963740871794
4.975999999999996,0.0025401763709877595
4.976999999999997,0.0025401565258111845
4.977999999999997,0.002540136845130908
4.978999999999997,0.0025401173352778313
4.979999999999998,0.0025400980023458364
4.980999999999998,0.002540078852197314
4.981999999999998,0.002540059890469345
4.982999999999999,0.0025400411225790405
4.983999999999999,0.00254002255372952
4.984999999999999,0.0025400041889151355
4.986,0.002539986032927634
4.987,0.002539968090361888
4.988,0.002539950365621227
4.989000000000001,0.0025399328629239284
4.990000000000001,0.002539915586308849
4.991000000000001,0.002539898539641431
4.992000000000002,0.0025398817266199525
4.993000000000002,0.002539865150781917
4.994000000000002,0.0025398488155104273
4.995000000000003,0.0025398327240406457
4.996000000000003,0.002539816879466694
4.997000000000003,0.002539801284748785
4.998000000000004,0.002539785942719877
4.999000000000004,0.002539770856093717
5.000000000000004,0.002539756027471845
5.001000000000005,0.002539741459352013
5.002000000000005,0.0025397271541360705
5.003000000000005,0.002539713114138184
5.004000000000006,0.0025396993415942454
5.005000000000006,0.0025396858386700534
5.0060000000000064,0.0025396726074714895
5.007000000000007,0.002539659650053837
5.008000000000007,0.0025396469684318655
5.0090000000000074,0.0025396345645905434
5.010000000000008,0.002539622440495798
5.011000000000008,0.002539610598105903
5.0120000000000084,0.0025395990393829136
5.013000000000009,0.0025395877663053276
5.014000000000009,0.0025395767806737253
5.0150000000000095,0.0025395660838500728
5.01600000000001,0.0025395556769153248
5.01700000000001,0.002539545560885405
5.0180000000000105,0.002539535736723584
5.019000000000011,0.00253952620535082
5.020000000000011,0.002539516967655777
5.0210000000000115,0.002539508024503312
5.022000000000012,0.0025394993767426204
5.023000000000012,0.002539491025214155
5.0240000000000125,0.0025394829707560164
5.025000000000013,0.0025394752142093996
5.026000000000013,0.002539467756423719
5.0270000000000135,0.0025394605982606705
5.028000000000014,0.0025394537405980314
5.029000000000014,0.002539447184333042
5.0300000000000145,0.0025394409303849605
5.031000000000015,0.002539434979697438
5.032000000000015,0.0025394293332405005
5.0330000000000155,0.0025394239920118605
5.034000000000016,0.002539418957038627
5.035000000000016,0.0025394142293776872
5.0360000000000165,0.0025394098101168237
5.037000000000017,0.0025394057003750165
5.038000000000017,0.0025394019013024807
5.0390000000000175,0.002539398414081337
5.040000000000018,0.0025393952399248125
5.041000000000018,0.002539392380077613
5.0420000000000185,0.0025393898358153782
5.043000000000019,0.0025393876084443268
5.044000000000019,0.0025393856993007613
5.0450000000000195,0.002539384109750586
5.04600000000002,0.0025393828411888544
5.04700000000002,0.002539381895038908
5.0480000000000205,0.0025393812727522273
5.049000000000021,0.0025393809758075085
5.050000000000021,0.0025393810057101895
5.0510000000000215,0.002539381363991986
5.052000000000022,0.0025393820522103087
5.053000000000022,0.0025393830719479503
5.0540000000000225,0.002539384424812531
5.055000000000023,0.0025393861124360373
5.056000000000023,0.0025393881364748905
5.0570000000000235,0.0025393904986093334
5.058000000000024,0.0025393932005435722
5.059000000000024,0.002539396244005534
5.0600000000000245,0.0025393996307469836
5.061000000000025,0.0025394033625433833
5.062000000000025,0.0025394074411945015
5.0630000000000255,0.0025394118685241433
5.064000000000026,0.00253941664638092
5.065000000000026,0.002539421776638316
5.0660000000000265,0.0025394272611956245
5.067000000000027,0.0025394331019782217
5.068000000000027,0.0025394393009384036
5.0690000000000275,0.0025394458600561005
5.070000000000028,0.0025394527813398966
5.071000000000028,0.0025394600668277867
5.0720000000000285,0.0025394677185883
5.073000000000029,0.0025394757387218123
5.074000000000029,0.00253948412936145
5.0750000000000295,0.0025394928926743728
5.07600000000003,0.0025395020308636336
5.07700000000003,0.0025395115461689724
5.0780000000000305,0.0025395214408686292
5.079000000000031,0.002539531717281069
5.080000000000031,0.002539542377766272
5.0810000000000315,0.002539553424727746
5.082000000000032,0.002539564860614081
5.083000000000032,0.002539576687920899
5.0840000000000325,0.0025395889091928067
5.085000000000033,0.002539601527024985
5.086000000000033,0.0025396145440655625
5.0870000000000335,0.002539627963017429
5.088000000000034,0.0025396417866403315
5.089000000000034,0.002539656017752929
5.0900000000000345,0.002539670659235063
5.091000000000035,0.0025396857140296963
5.092000000000035,0.002539701185145283
5.0930000000000355,0.002539717075657911
5.094000000000036,0.0025397333887134076
5.095000000000036,0.0025397501275297614
5.0960000000000365,0.0025397672953993665
5.097000000000037,0.002539784895691021
5.098000000000037,0.0025398029318524883
5.0990000000000375,0.0025398214074125076
5.100000000000038,0.00253984032598319
5.101000000000038,0.0025398596912622855
5.1020000000000385,0.002539879507035138
5.103000000000039,0.002539899777177279
5.104000000000039,0.002539920505656209
5.1050000000000395,0.0025399416965339247
5.10600000000004,0.0025399633539688014
5.10700000000004,0.002539985482217698
5.1080000000000405,0.00254000808563825
5.109000000000041,0.0025400311686905076
5.110000000000041,0.0025400547359391915
5.1110000000000415,0.0025400787920556965
5.112000000000042,0.0025401033418195607
5.113000000000042,0.002540128390120626
5.1140000000000425,0.0025401539419607523
5.115000000000043,0.002540180002455473
5.116000000000043,0.0025402065768356553
5.1170000000000435,0.0025402336704488035
5.118000000000044,0.002540261288761222
5.119000000000044,0.0025402894373585914
5.1200000000000445,0.0025403181219480035
5.121000000000045,0.0025403473483588228
5.122000000000045,0.0025403771225441032
5.1230000000000455,0.002540407450581466
5.124000000000046,0.0025404383386744417
5.125000000000046,0.002540469793153144
5.1260000000000465,0.002540501820475105
5.127000000000047,0.002540534427226151
5.128000000000047,0.002540567620121146
5.1290000000000475,0.0025406014060044037
5.130000000000048,0.0025406357918500017
5.131000000000048,0.002540670784762687
5.1320000000000485,0.002540706391977697
5.133000000000049,0.002540742620861184
5.134000000000049,0.0025407794789103037
5.1350000000000495,0.002540816973753166
5.13600000000005,0.0025408551131489328
5.13700000000005,0.002540893904987497
5.1380000000000505,0.002540933357289367
5.139000000000051,0.0025409734782051753
5.140000000000051,0.002541014276015805
5.1410000000000515,0.002541055759131137
5.142000000000052,0.0025410979360902704
5.143000000000052,0.0025411408155602867
5.1440000000000525,0.0025411844063362894
5.145000000000053,0.002541228717340107
5.146000000000053,0.002541273757619863
5.1470000000000535,0.0025413195363489967
5.148000000000054,0.0025413660628256125
5.149000000000054,0.0025414133464717846
5.1500000000000545,0.002541461396832218
5.151000000000055,0.0025415102235739236
5.152000000000055,0.002541559836485085
5.1530000000000555,0.0025416102454743905
5.154000000000056,0.0025416614605700966
5.155000000000056,0.002541713491919388
5.1560000000000565,0.002541766349787807
5.157000000000057,0.0025418200445584543
5.158000000000057,0.0025418745867316073
5.1590000000000575,0.0025419299869242074
5.160000000000058,0.0025419862558698388
5.161000000000058,0.0025420434044182705
5.1620000000000585,0.002542101443535602
5.163000000000059,0.0025421603843046245
5.164000000000059,0.0025422202379251253
5.1650000000000595,0.002542281015714333
5.16600000000006,0.0025423427291081657
5.16700000000006,0.002542405389662033
5.1680000000000605,0.002542469009052469
5.169000000000061,0.0025425335990789596
5.170000000000061,0.0025425991716656916
5.1710000000000615,0.0025426657388644587
5.172000000000062,0.0025427333128572177
5.173000000000062,0.002542801905959447
5.1740000000000625,0.002542871530623953
5.175000000000063,0.0025429421994449045
5.176000000000063,0.0025430139251628216
5.1770000000000636,0.0025430867206694824
5.178000000000064,0.0025431605990140875
5.179000000000064,0.0025432355734094705
5.1800000000000646,0.0025433116572391376
5.181000000000065,0.002543388864065261
5.182000000000065,0.0025434672076365752
5.1830000000000656,0.0025435467018981653
5.184000000000066,0.002543627361000788
5.185000000000066,0.0025437091993119054
5.186000000000067,0.0025437922314271895
5.187000000000067,0.0025438764721827482
5.188000000000067,0.002543961936668754
5.189000000000068,0.0025440486402430774
5.190000000000068,0.0025441365985474015
5.191000000000068,0.0025442258275224783
5.192000000000069,0.0025443163434261847
5.193000000000069,0.0025444081628512583
5.194000000000069,0.0025445013027453646
5.19500000000007,0.0025445957804311192
5.19600000000007,0.0025446916136285004
5.19700000000007,0.0025447888204775462
5.198000000000071,0.0025448874195629946
5.199000000000071,0.002544987429939728
5.200000000000071,0.0025450888711600964
5.201000000000072,0.0025451917633021667
5.202000000000072,0.0025452961269998332
5.203000000000072,0.002545401983474433
5.204000000000073,0.0025455093545671964
5.205000000000073,0.002545618262774607
5.206000000000073,0.002545728731284065
5.207000000000074,0.0025458407840121336
5.208000000000074,0.002545954445644427
5.209000000000074,0.002546069741676947
5.210000000000075,0.002546186698459886
5.211000000000075,0.002546305343242631
5.212000000000075,0.0025464257042215332
5.213000000000076,0.002546547810589519
5.214000000000076,0.002546857706897037
5.215000000000076,0.002547231537412327
5.216000000000077,0.0025478165075363372
5.217000000000077,0.002548755310965215
5.218000000000077,0.0025501861782513957
5.219000000000078,0.002552242925159074
5.220000000000078,0.002555055000824754
5.221000000000078,0.0025587475357301895
5.222000000000079,0.0025634413894960115
5.223000000000079,0.0025692531985035405
5.224000000000079,0.0025762954233518355
5.22500000000008,0.0025846763961566883
5.22600000000008,0.002594500367699485
5.22700000000008,0.0026058675544302218
5.228000000000081,0.002618874185333374
5.229000000000081,0.002633612548661228
5.230000000000081,0.002650171038541798
5.231000000000082,0.002668634201467006
5.232000000000082,0.0026890827826671626
5.233000000000082,0.0027115937723777503
5.234000000000083,0.002736240452005108
5.235000000000083,0.0027630924401957843
5.236000000000083,0.0027922157388169215
5.237000000000084,0.0028236727788526067
5.238000000000084,0.0028575224662222426
5.239000000000084,0.002893820227527766
5.240000000000085,0.002932618055733721
5.241000000000085,0.002973964555788501
5.242000000000085,0.0030179049901900776
5.243000000000086,0.0030644813245039315
5.244000000000086,0.0031137322728372885
5.245000000000086,0.003165693343276342
5.246000000000087,0.0032203968832910795
5.247000000000087,0.0032778721251136567
5.248000000000087,0.0033381452310946927
5.249000000000088,0.0034012393390435783
5.250000000000088,0.0034671746075560436
5.251000000000088,0.0035359682613352525
5.252000000000089,0.0036076346365095657
5.253000000000089,0.0036821852259515744
5.254000000000089,0.0037596287246024693
5.25500000000009,0.003839971074804875
5.25600000000009,0.003923215511648072
5.25700000000009,0.0040093626083285774
5.258000000000091,0.004098410321528342
5.259000000000091,0.004190354036813837
5.260000000000091,0.0042851866140578496
5.261000000000092,0.004382898432885897
5.262000000000092,0.004483477438149273
5.263000000000092,0.004586909185425182
5.264000000000093,0.004693176886546212
5.265000000000093,0.00480226145515876
5.266000000000093,0.004914141552311978
5.267000000000094,0.005028793632076069
5.268000000000094,0.005146191987191476
5.269000000000094,0.005266308794747522
5.270000000000095,0.005389114161890481
5.271000000000095,0.005514576171559829
5.272000000000095,0.005642660928252857
5.273000000000096,0.005773332603815025
5.274000000000096,0.005906553483256027
5.275000000000096,0.006042284010589254
5.276000000000097,0.006180482834693725
5.277000000000097,0.006321106855196247
5.278000000000097,0.0064641112683722635
5.279000000000098,0.00660944961306318
5.280000000000098,0.006757073816609442
5.281000000000098,0.006906934240794929
5.282000000000099,0.0070589797278033176
5.283000000000099,0.00721315764618239
5.284000000000099,0.007369413936815165
5.2850000000001,0.007527693158895621
5.2860000000001,0.0076879385359064495
5.2870000000001,0.00785009200159767
5.288000000000101,0.008014094245963783
5.289000000000101,0.008179884761216595
5.290000000000101,0.008347401887753736
5.291000000000102,0.008516582860119408
5.292000000000102,0.008687363852956348
5.293000000000102,0.008859680026947224
5.294000000000103,0.009033465574744291
5.295000000000103,0.009208653766884602
5.296000000000103,0.009385176997691334
5.297000000000104,0.009562966831158148
5.298000000000104,0.009741954046816333
5.299000000000104,0.009922068685583332
5.300000000000105,0.010103240095591971
5.301000000000105,0.010285396977998983
5.302000000000105,0.010468467432772521
5.303000000000106,0.010652379004457466
5.304000000000106,0.010837058727918632
5.305000000000106,0.011022433174060452
5.306000000000107,0.011208428495523323
5.307000000000107,0.01139497047235604
5.308000000000107,0.011581984557664238
5.309000000000108,0.0117693959232342
5.310000000000108,0.011957129505132676
5.311000000000108,0.012145110049281413
5.312000000000109,0.012333262157008272
5.313000000000109,0.01252151033057252
5.314000000000109,0.01270977901866737
5.31500000000011,0.012897992661897124
5.31600000000011,0.01308607573823111
5.31700000000011,0.013273952808434089
5.318000000000111,0.01346154856147267
5.319000000000111,0.013648787859899987
5.320000000000111,0.013835595785216717
5.321000000000112,0.014021897683210646
5.322000000000112,0.01420761920927456
5.323000000000112,0.014392686373702807
5.324000000000113,0.014577025586967239
5.325000000000113,0.014760563704973105
5.326000000000113,0.014943228074295378
5.327000000000114,0.015124946577395701
5.328000000000114,0.015305647677821214
5.329000000000114,0.015485260465385342
5.330000000000115,0.015663714701330586
5.331000000000115,0.015840940863475678
5.332000000000115,0.01601687019134517
5.333000000000116,0.016191434731284156
5.334000000000116,0.01636456738155765
5.335000000000116,0.01653620193743526
5.336000000000117,0.016706273136261926
5.337000000000117,0.016874716702514905
5.338000000000117,0.01704146939284843
5.339000000000118,0.017206469041125133
5.340000000000118,0.017369654603436167
5.341000000000118,0.01753096620310967
5.342000000000119,0.017690345175708173
5.343000000000119,0.017847734114015884
5.344000000000119,0.018003076913015767
5.34500000000012,0.018156318814857332
5.34600000000012,0.01830740645381502
5.34700000000012,0.018456287901238475
5.348000000000121,0.01860291271049403
5.349000000000121,0.018747231961898973
5.350000000000121,0.01888919830764787
5.351000000000122,0.019028766016732597
5.352000000000122,0.01916589101985479
5.353000000000122,0.01930053095433306
5.354000000000123,0.019432645209003577
5.355000000000123,0.01956219496911544
5.356000000000123,0.01968914326122055
5.357000000000124,0.019813454998059178
5.358000000000124,0.01993509702344022
5.359000000000124,0.02005403815711785
5.360000000000125,0.020170249239663963
5.361000000000125,0.020283703177336826
5.362000000000125,0.020394374986947184
5.363000000000126,0.020502241840720345
5.364000000000126,0.02060728311115642
5.365000000000126,0.02070948041588784
5.366000000000127,0.020808817662534673
5.367000000000127,0.020905281093559082
5.368000000000127,0.02099885933111692
5.369000000000128,0.02108954342190969
5.370000000000128,0.021177326882035045
5.371000000000128,0.021262205741837112
5.372000000000129,0.021344178590756865
5.373000000000129,0.021423246622182965
5.374000000000129,0.021499413678303415
5.37500000000013,0.021572686294958225
5.37600000000013,0.021643073746494483
5.37700000000013,0.021710588090622963
5.378000000000131,0.02177524421327756
5.379000000000131,0.021837059873478573
5.380000000000131,0.021896055748198855
5.381000000000132,0.021952255477235595
5.382000000000132,0.02200568570808603
5.383000000000132,0.022056376140829843
5.384000000000133,0.02210435957301786
5.385000000000133,0.022149671944567843
5.386000000000133,0.02219235238266872
5.387000000000134,0.022232443246693934
5.388000000000134,0.022269990173124546
5.389000000000134,0.02230504212048367
5.390000000000135,0.022337651414283004
5.391000000000135,0.022367873791982344
5.392000000000135,0.022395768447963718
5.393000000000136,0.02242139807852147
5.394000000000136,0.02244482892686913
5.395000000000136,0.022466130828164774
5.396000000000137,0.02248537725455694
5.397000000000137,0.022502645360251185
5.398000000000137,0.022518016026601098
5.399000000000138,0.02253157390722299
5.400000000000138,0.02254340747313855
5.401000000000138,0.022553609057945623
5.402000000000139,0.022562274903019354
5.403000000000139,0.022569505202747073
5.404000000000139,0.022575404149796863
5.40500000000014,0.022580079980423794
5.40600000000014,0.02258364501981542
5.40700000000014,0.022586215727478494
5.408000000000141,0.022587912742669816
5.409000000000141,0.022588860929873653
5.410000000000141,0.022589189424327097
5.411000000000142,0.022589031677597404
5.412000000000142,0.022588525503212623
5.413000000000142,0.02258781312234788
5.414000000000143,0.022587041209570675
5.415000000000143,0.02258628470140934
5.416000000000143,0.022585467390699894
5.417000000000144,0.022584439753279124
5.418000000000144,0.022583056868552394
5.419000000000144,0.02258117837197588
5.420000000000145,0.02257866840749232
5.421000000000145,0.022575395579925626
5.422000000000145,0.022571232907337965
5.423000000000146,0.02256605777335397
5.424000000000146,0.02255975187945633
5.425000000000146,0.02255220119725724
5.426000000000147,0.02254329592074871
5.427000000000147,0.022532930418536407
5.428000000000147,0.022521003186059936
5.429000000000148,0.022507416797803367
5.430000000000148,0.022492077859499186
5.431000000000148,0.022474896960328332
5.432000000000149,0.022455788625119565
5.433000000000149,0.02243467126655093
5.434000000000149,0.02241146713735489
5.43500000000015,0.02238610228253119
5.43600000000015,0.02235850649156764
5.43700000000015,0.02232861325067237
5.438000000000151,0.022296359695018114
5.439000000000151,0.022261686561001463
5.440000000000151,0.022224538138517727
5.441000000000152,0.022184862223252853
5.442000000000152,0.022142610068994074
5.443000000000152,0.022097736339960324
5.444000000000153,0.02205019906315278
5.445000000000153,0.021999959580727507
5.446000000000153,0.021946982502390106
5.447000000000154,0.02189123565781314
5.448000000000154,0.021832690049077563
5.449000000000154,0.021771319803137908
5.450000000000155,0.021707102124311893
5.451000000000155,0.021640017246794964
5.452000000000155,0.02157004838719987
5.453000000000156,0.0214971816971214
5.454000000000156,0.021421406215726448
5.455000000000156,0.02134271382236983
5.456000000000157,0.02126109918923512
5.457000000000157,0.021176559734001364
5.458000000000157,0.021089095572535195
5.459000000000158,0.02099870947160804
5.460000000000158,0.020905406801638514
5.461000000000158,0.020809195489460412
5.462000000000159,0.020710085971114872
5.463000000000159,0.020608091144667606
5.464000000000159,0.020503226323050835
5.46500000000016,0.02039550918692897
5.46600000000016,0.020284959737588787
5.46700000000016,0.02017160024985279
5.468000000000161,0.02005545522501702
5.469000000000161,0.019936551343811316
5.470000000000161,0.019814917419382683
5.471000000000162,0.01969058435030223
5.472000000000162,0.019563585073593272
5.473000000000162,0.019433954517783007
5.474000000000163,0.01930172955597518
5.475000000000163,0.019166948958945197
5.476000000000163,0.01902965334825662
5.477000000000164,0.018889885149398544
5.478000000000164,0.018747688544944574
5.479000000000164,0.018603109427732613
5.480000000000165,0.01845619535406516
5.481000000000165,0.01830699549693024
5.482000000000165,0.01815556059924247
5.483000000000166,0.01800194292710469
5.484000000000166,0.017846196223089264
5.485000000000166,0.01768837565953936
5.486000000000167,0.0175285377918901
5.487000000000167,0.017366740512008982
5.488000000000167,0.01720304300155645
5.489000000000168,0.017037505685365106
5.490000000000168,0.016870190184838825
5.491000000000168,0.016701159271371023
5.492000000000169,0.016530476819781682
5.493000000000169,0.016358207761774046
5.494000000000169,0.016184418039409898
5.49500000000017,0.016009174558604025
5.49600000000017,0.015832545142637537
5.49700000000017,0.01565459848569002
5.498000000000171,0.015475404106390499
5.499000000000171,0.015295032301387027
5.500000000000171,0.015113554098935077
5.501000000000172,0.014931041212504617
5.502000000000172,0.014747565994405347
5.503000000000172,0.014563201389430624
5.504000000000173,0.014378020888519749
5.505000000000173,0.014192098482438444
5.506000000000173,0.014005508615477273
5.507000000000174,0.01381832613916812
5.508000000000174,0.013630626266018582
5.509000000000174,0.013442484523263791
5.510000000000175,0.013253976706635515
5.511000000000175,0.013065178834148726
5.512000000000175,0.012876167099904613
5.513000000000176,0.01268701782791079
5.514000000000176,0.012497807425916545
5.515000000000176,0.012308612339265411
5.516000000000177,0.012119509004761927
5.517000000000177,0.011930573804553729
5.518000000000177,0.01174188302002823
5.519000000000178,0.011553512785722829
5.520000000000178,0.01136553904324828
5.521000000000178,0.01117803749522503
5.522000000000179,0.01099108355923057
5.523000000000179,0.010804752321758627
5.524000000000179,0.010619118492187593
5.52500000000018,0.010434256356758875
5.52600000000018,0.010250239732562894
5.52700000000018,0.010067141921532324
5.528000000000181,0.009885035664441919
5.529000000000181,0.009703993094911871
5.530000000000181,0.009524085693416
5.531000000000182,0.009345384241291263
5.532000000000182,0.00916795877474847
5.533000000000182,0.00899187853888235
5.534000000000183,0.00881721194167881
5.535000000000183,0.008644026508019313
5.536000000000183,0.008472388833679068
5.537000000000184,0.008302364539318277
5.538000000000184,0.008134018224464828
5.539000000000184,0.007967413421485423
5.540000000000185,0.007802612549545292
5.541000000000185,0.007639676868552492
5.5420000000001854,0.007478666433086555
5.543000000000186,0.0073196400463087855
5.544000000000186,0.00716265521385262
5.5450000000001864,0.0070077680976915815
5.546000000000187,0.006855033469984326
5.547000000000187,0.006704504666893055
5.5480000000001874,0.006556233542375257
5.549000000000188,0.006410270421945863
5.550000000000188,0.006266664056409105
5.5510000000001885,0.006125461575557371
5.552000000000189,0.005986708441837067
5.553000000000189,0.005850448403978414
5.5540000000001895,0.005716723450589975
5.55500000000019,0.005585573763714741
5.55600000000019,0.005457037672348744
5.5570000000001905,0.0053311516059202715
5.558000000000191,0.005207950047729885
5.559000000000191,0.005087465488350214
5.5600000000001915,0.0049697283789865085
5.561000000000192,0.004854767084796846
5.562000000000192,0.004742607838173464
5.5630000000001925,0.004633274691985434
5.564000000000193,0.004526789472783128
5.565000000000193,0.004423171733967092
5.5660000000001935,0.004322438708920524
5.567000000000194,0.004224605264109692
5.568000000000194,0.00412968385215233
5.5690000000001945,0.004037684464856799
5.570000000000195,0.003948614586235723
5.571000000000195,0.003862479145494646
5.5720000000001955,0.0037792804700010965
5.573000000000196,0.0036990182382361375
5.574000000000196,0.003621689432731827
5.5750000000001965,0.0035472882929991623
5.576000000000197,0.003475806268449705
5.577000000000197,0.003407231971315601
5.5780000000001975,0.0033415511295718445
5.579000000000198,0.0032787465398651794
5.580000000000198,0.0032187980204551395
5.5810000000001985,0.003161682364169943
5.582000000000199,0.0031073732913838165
5.583000000000199,0.003055841403019982
5.5840000000001995,0.00300705413358264
5.5850000000002,0.002960975704224496
5.5860000000002,0.0029175670758535693
5.5870000000002005,0.0028767859022836434
5.588000000000201,0.002838586483433346
5.589000000000201,0.002802919718577799
5.5900000000002015,0.002769733059657265
5.591000000000202,0.002738970464646641
5.592000000000202,0.002710572350989808
5.5930000000002025,0.0026844755491018633
5.594000000000203,0.002660613255944317
5.595000000000203,0.002638914988673958
5.5960000000002035,0.00261930653837077
5.597000000000204,0.0026017099238463785
5.598000000000204,0.0025860433455357004
5.5990000000002045,0.0025722211394744073
5.600000000000205,0.0025601537313645964
5.601000000000205,0.0025497475907291754
5.6020000000002055,0.0025409051851592625
5.603000000000206,0.002533524934653135
5.604000000000206,0.0025275011660509453
5.6050000000002065,0.0025227240675641527
5.606000000000207,0.0025190796434030466
5.607000000000207,0.0025164496685018307
5.6080000000002075,0.0025147116433432773
5.609000000000208,0.002513738748884265
5.610000000000208,0.0025133998015831154
5.6110000000002085,0.0025135592085300112
5.612000000000209,0.0025140769226825177
5.613000000000209,0.0025148083982080363
5.6140000000002095,0.002515604545934833
5.61500000000021,0.002516506774588846
5.61600000000021,0.0025173813044180246
5.6170000000002105,0.0025182289213010675
5.618000000000211,0.002519050388930421
5.619000000000211,0.002519846449466439
5.6200000000002115,0.0025206178241717198
5.621000000000212,0.0025213652140238935
5.622000000000212,0.002522089300310122
5.6230000000002125,0.002522790745202199
5.624000000000213,0.0025234701923141194
5.625000000000213,0.002524128267241233
5.6260000000002135,0.0025247655780837285
5.627000000000214,0.0025253827159528626
5.628000000000214,0.0025259802554619785
5.6290000000002145,0.002526558755201771
5.630000000000215,0.002527118758201531
5.631000000000215,0.002527660792375458
5.6320000000002155,0.0025281853709558967
5.633000000000216,0.0025286929929127164
5.634000000000216,0.0025291841433602753
5.6350000000002165,0.0025296592939514258
5.636000000000217,0.0025301189032602596
5.637000000000217,0.0025305634171526974
5.6380000000002175,0.002530993269145656
5.639000000000218,0.002531408880756158
5.640000000000218,0.0025318106618390165
5.6410000000002185,0.00253219901091491
5.642000000000219,0.0025325743154886345
5.643000000000219,0.002532936952357446
5.6440000000002195,0.0025332872879103713
5.64500000000022,0.002533625678419006
5.64600000000022,0.0025339524703189738
5.6470000000002205,0.0025342680004838657
5.648000000000221,0.00253457259649012
5.649000000000221,0.002534866576875152
5.6500000000002215,0.0025351502513870187
5.651000000000222,0.002535423921227579
5.652000000000222,0.0025356878792878353
5.6530000000002225,0.002535942410376895
5.654000000000223,0.0025361877914442527
5.655000000000223,0.0025364242917953438
5.6560000000002235,0.002536652173301443
5.657000000000224,0.0025368716906029737
5.658000000000224,0.0025370830913072004
5.6590000000002245,0.0025372866161807346
5.660000000000225,0.002537482499335539
5.661000000000225,0.0025376709684109267
5.6620000000002255,0.002537852244749332
5.663000000000226,0.0025380265435678354
5.664000000000226,0.002538194074124589
5.6650000000002265,0.002538355039880553
5.666000000000227,0.0025385096386570036
5.667000000000227,0.002538658062788267
5.6680000000002275,0.002538800499270532
5.669000000000228,0.0025389371299066217
5.670000000000228,0.002539068131446418
5.6710000000002285,0.0025391936757235903
5.672000000000229,0.0025393139297890596
5.673000000000229,0.0025394290560399047
5.6740000000002295,0.0025395392123457247
5.67500000000023,0.002539644552170945
5.67600000000023,0.0025397452246938533
5.6770000000002305,0.0025398413749229617
5.678000000000231,0.0025399331438097188
5.679000000000231,0.002540020668358234
5.6800000000002315,0.0025401040817324694
5.681000000000232,0.0025401835133601683
5.682000000000232,0.002540259089034033
5.6830000000002325,0.002540330931010918
5.684000000000233,0.0025403991581071372
5.685000000000233,0.0025404638857924947
5.6860000000002335,0.0025405252262810096
5.687000000000234,0.0025405832886198354
5.688000000000234,0.0025406381787752425
5.6890000000002345,0.002540689999717141
5.690000000000235,0.002540738851500343
5.691000000000235,0.0025407848313448653
5.6920000000002355,0.002540828033713135
5.693000000000236,0.002540868550386117
5.694000000000236,0.0025409064705361785
5.6950000000002365,0.002540941880799681
5.696000000000237,0.0025409748653462995
5.697000000000237,0.002541005505947335
5.6980000000002375,0.0025410338820418855
5.699000000000238,0.0025410600708013313
5.700000000000238,0.0025410841471925696
5.7010000000002385,0.00254110618403882
5.702000000000239,0.00254112625207957
5.703000000000239,0.002541144420028594
5.7040000000002395,0.002541160754630456
5.70500000000024,0.002541175320715912
5.70600000000024,0.0025411881812550732
5.7070000000002405,0.002541199397410234
5.708000000000241,0.002541209028586358
5.709000000000241,0.0025412171324807643
5.7100000000002415,0.0025412237651314395
5.711000000000242,0.0025412289809638895
5.712000000000242,0.002541232832836901
5.7130000000002426,0.002541235372087152
5.714000000000243,0.0025412366485724237
5.715000000000243,0.002541236710713674
5.7160000000002436,0.0025412356055363357
5.717000000000244,0.002541233378709904
5.718000000000244,0.0025412300745871474
5.7190000000002446,0.002541225736241555
5.720000000000245,0.002541220405504162
5.721000000000245,0.002541214122999555
5.722000000000246,0.0025412069281800717
5.723000000000246,0.0025411988593602615
5.724000000000246,0.002541189953749152
5.725000000000247,0.00254118024748249
5.726000000000247,0.0025411697756535824
5.727000000000247,0.002541158572343629
5.728000000000248,0.0025411466706507617
5.729000000000248,0.0025411341027185043
5.730000000000248,0.00254112089976365
5.731000000000249,0.0025411070921025174
5.732000000000249,0.0025410927091777287
5.733000000000249,0.0025410777795826407
5.73400000000025,0.0025410623310863356
5.73500000000025,0.0025410463906573102
5.73600000000025,0.002541029984486305
5.737000000000251,0.002541013138008672
5.738000000000251,0.002540995875926419
5.739000000000251,0.0025409782222285127
5.740000000000252,0.002540960200211752
5.741000000000252,0.0025409418325002195
5.742000000000252,0.002540923141064279
5.743000000000253,0.002540904147239228
5.744000000000253,0.00254088487174298
5.745000000000253,0.0025408653346934637
5.746000000000254,0.0025408455556252367
5.747000000000254,0.002540825553505724
5.748000000000254,0.0025408053467508955
5.749000000000255,0.002540784953240404
5.750000000000255,0.0025407643903319344
5.751000000000255,0.0025407436748757714
5.752000000000256,0.0025407228232280574
5.753000000000256,0.002540701851264277
5.754000000000256,0.002540680774391804
5.755000000000257,0.0025406596075622408
5.756000000000257,0.0025406383652835825
5.757000000000257,0.0025406170616312056
5.758000000000258,0.0025405957102592955
5.759000000000258,0.002540574324411616
5.760000000000258,0.002540552916931716
5.761000000000259,0.002540531500272905
5.762000000000259,0.0025405100865079737
5.763000000000259,0.0025404886873385615
5.76400000000026,0.0025404673141041986
5.76500000000026,0.0025404459777909442
5.76600000000026,0.00254042468903996
5.767000000000261,0.0025404034581556767
5.768000000000261,0.0025403822951135316
5.769000000000261,0.002540361209567913
5.770000000000262,0.0025403402108595922
5.771000000000262,0.002540319308022676
5.772000000000262,0.0025402985097921285
5.773000000000263,0.002540277824610103
5.774000000000263,0.0025402572606331233
5.775000000000263,0.00254023682573817
5.776000000000264,0.0025402165275295215
5.777000000000264,0.0025401963733443743
5.778000000000264,0.0025401763702597134
5.779000000000265,0.002540156525097613
5.780000000000265,0.002540136844431752
5.781000000000265,0.002540117334592907
5.782000000000266,0.002540098001674807
5.783000000000266,0.0025400788515401243
5.784000000000266,0.002540059889825804
5.785000000000267,0.0025400411219490097
5.786000000000267,0.0025400225531127044
5.787000000000267,0.002540004188311462
5.788000000000268,0.0025399860323369466
5.789000000000268,0.002539968089783927
5.790000000000268,0.002539950365055863
5.791000000000269,0.0025399328623710027
5.792000000000269,0.0025399155857681217
5.793000000000269,0.0025398985391127497
5.79400000000027,0.0025398817261031922
5.79500000000027,0.002539865150276894
5.79600000000027,0.002539848815016933
5.797000000000271,0.0025398327235585105
5.798000000000271,0.0025398168789957445
5.799000000000271,0.002539801284288802
5.800000000000272,0.002539785942270726
5.801000000000272,0.0025397708556551615
5.802000000000272,0.0025397560270437707
5.803000000000273,0.002539741458934236
5.804000000000273,0.002539727153728421
5.805000000000273,0.002539713113740554
5.806000000000274,0.002539699341206403
5.807000000000274,0.002539685838291856
5.808000000000274,0.002539672607102729
5.809000000000275,0.0025396596496943293
5.810000000000275,0.002539646968081531
5.811000000000275,0.002539634564249167
5.812000000000276,0.0025396224401632687
5.813000000000276,0.002539610597782023
5.814000000000276,0.0025395990390675756
5.815000000000277,0.0025395877659983614
5.816000000000277,0.0025395767803749816
5.817000000000277,0.0025395660835594303
5.818000000000278,0.002539555676632641
5.819000000000278,0.002539545560610576
5.820000000000278,0.0025395357364564886
5.821000000000279,0.0025395262050913504
5.822000000000279,0.002539516967403805
5.823000000000279,0.0025395080242587645
5.82400000000028,0.0025394993765054386
5.82500000000028,0.002539491024984252
5.82600000000028,0.002539482970533316
5.827000000000281,0.002539475213993902
5.828000000000281,0.0025394677562153127
5.829000000000281,0.0025394605980592865
5.830000000000282,0.0025394537404036764
5.831000000000282,0.002539447184145633
5.832000000000282,0.002539440930204504
5.833000000000283,0.0025394349795238476
5.834000000000283,0.002539429333073759
5.835000000000283,0.0025394239918520058
5.836000000000284,0.0025394189568855793
5.837000000000284,0.002539414229231502
5.838000000000284,0.002539409809977397
5.839000000000285,0.002539405700242355
5.840000000000285,0.002539401901176578
5.841000000000285,0.002539398413962217
5.842000000000286,0.0025393952398124267
5.843000000000286,0.0025393923799720067
5.844000000000286,0.0025393898357165857
5.845000000000287,0.002539387608352251
5.846000000000287,0.002539385699215472
5.847000000000287,0.0025393841096721034
5.848000000000288,0.002539382841117113
5.849000000000288,0.0025393818949740153
5.850000000000288,0.0025393812726941523
5.851000000000289,0.002539380975756258
5.852000000000289,0.002539381005665829
5.853000000000289,0.0025393813639545057
5.85400000000029,0.002539382052179833
5.85500000000029,0.0025393830719244517
5.85600000000029,0.002539384424795916
5.857000000000291,0.0025393861124265033
5.858000000000291,0.0025393881364723855
5.859000000000291,0.0025393904986139373
5.860000000000292,0.0025393932005553475
5.861000000000292,0.0025393962440244493
5.862000000000292,0.002539399630773119
5.863000000000293,0.002539403362576853
5.864000000000293,0.00253940744123524
5.865000000000293,0.0025394118685722854
5.866000000000294,0.002539416646436473
5.867000000000294,0.0025394217767013665
5.868000000000294,0.0025394272612662416
5.869000000000295,0.002539433102056461
5.870000000000295,0.0025394393010243835
5.871000000000295,0.0025394458601498693
5.872000000000296,0.002539452781441475
5.873000000000296,0.0025394600669372686
5.874000000000296,0.0025394677187058
5.875000000000297,0.0025394757388473473
5.876000000000297,0.0025394841294950725
5.877000000000297,0.0025394928928163356
5.878000000000298,0.0025395020310139127
5.879000000000298,0.002539511546327637
5.880000000000298,0.0025395214410358913
5.881000000000299,0.00253953171745697
5.882000000000299,0.002539542377950895
5.883000000000299,0.002539553424921185
5.8840000000003,0.0025395648608164886
5.8850000000003,0.0025395766881323757
5.8860000000003,0.0025395889094134254
5.887000000000301,0.0025396015272548776
5.888000000000301,0.0025396145443048745
5.889000000000301,0.002539627963266289
5.890000000000302,0.0025396417868988816
5.891000000000302,0.0025396560180212836
5.892000000000302,0.0025396706595133475
5.893000000000303,0.0025396857143180733
5.894000000000303,0.0025397011854438704
5.895000000000303,0.002539717075966827
5.896000000000304,0.002539733389032822
5.897000000000304,0.0025397501278598827
5.898000000000304,0.002539767295740257
5.899000000000305,0.002539784896042903
5.900000000000305,0.002539802932215493
5.901000000000305,0.0025398214077867985
5.902000000000306,0.0025398403263690236
5.903000000000306,0.0025398596916596794
5.904000000000306,0.0025398795074444078
5.905000000000307,0.002539899777598515
5.906000000000307,0.0025399205060896365
5.907000000000307,0.0025399416969797556
5.908000000000308,0.0025399633544271848
5.909000000000308,0.002539985482688939
5.910000000000308,0.002540008086122439
5.911000000000309,0.002540031169187825
5.912000000000309,0.002540054736449953
5.913000000000309,0.0025400787925800167
5.91400000000031,0.0025401033423576858
5.91500000000031,0.002540128390672719
5.91600000000031,0.0025401539425271118
5.917000000000311,0.0025401800030363172
5.918000000000311,0.0025402065774311026
5.919000000000311,0.002540233671059256
5.920000000000312,0.0025402612893867076
5.921000000000312,0.002540289437999492
5.922000000000312,0.0025403181226045027
5.923000000000313,0.002540347349031153
5.924000000000313,0.002540377123232452
5.925000000000313,0.002540407451286187
5.926000000000314,0.002540438339395764
5.927000000000314,0.0025404697938912583
5.928000000000314,0.002540501821230272
5.929000000000315,0.00254053442799871
5.930000000000315,0.0025405676209113263
5.931000000000315,0.002540601406812351
5.932000000000316,0.0025406357926760284
5.933000000000316,0.002540670785607095
5.934000000000316,0.0025407063928407116
5.935000000000317,0.0025407426217430966
5.936000000000317,0.002540779479811406
5.937000000000317,0.002540816974673687
5.938000000000318,0.0025408551140891737
5.939000000000318,0.0025408939059476943
5.940000000000318,0.0025409333582697945
5.941000000000319,0.0025409734792062287
5.942000000000319,0.0025410142770376336
5.943000000000319,0.0025410557601740456
5.94400000000032,0.0025410979371544642
5.94500000000032,0.002541140816646182
5.94600000000032,0.0025411844074440804
5.947000000000321,0.0025412287184701024
5.948000000000321,0.0025412737587722743
5.949000000000321,0.0025413195375241227
5.950000000000322,0.0025413660640238415
5.951000000000322,0.00254141334769329
5.952000000000322,0.002541461398077295
5.953000000000323,0.002541510224842912
5.954000000000323,0.002541559837778252
5.955000000000323,0.002541610246791986
5.956000000000324,0.002541661461912436
5.957000000000324,0.0025417134932867805
5.958000000000324,0.0025417663511805126
5.959000000000325,0.0025418200459766914
5.960000000000325,0.002541874588175695
5.961000000000325,0.002541929988394538
5.962000000000326,0.0025419862573665478
5.963000000000326,0.002542043405941642
5.964000000000326,0.002542101445086046
5.965000000000327,0.00254216038588239
5.966000000000327,0.002542220239530428
5.967000000000327,0.002542281017347471
5.968000000000328,0.0025423427307693924
5.969000000000328,0.0025424053913516882
5.970000000000328,0.002542469010770817
5.971000000000329,0.002542533600826298
5.972000000000329,0.0025425991734422983
5.973000000000329,0.002542665740670611
5.97400000000033,0.0025427333146931727
5.97500000000033,0.0025428019078255412
5.97600000000033,0.002542871532520509
5.977000000000331,0.002542942201372165
5.978000000000331,0.0025430139271210225
5.979000000000331,0.002543086722658995
5.980000000000332,0.0025431606010352034
5.981000000000332,0.0025432355754624464
5.982000000000332,0.0025433116593243828
5.983000000000333,0.0025433888661828725
5.984000000000333,0.0025434672097870877
5.985000000000333,0.0025435467040817346
5.986000000000334,0.002543627363217775
5.987000000000334,0.0025437092015627057
5.988000000000334,0.0025437922337120493
5.989000000000335,0.0025438764745020215
5.990000000000335,0.0025439619390227007
5.991000000000335,0.002544048642632246
5.992000000000336,0.0025441366009719274
5.993000000000336,0.0025442258299828366
5.994000000000336,0.002544316345922653
5.995000000000337,0.002544408165384298
5.996000000000337,0.0025445013053152846
5.997000000000337,0.0025445957830383635
5.998000000000338,0.002544691616273423
5.999000000000338,0.002544788823160636
6.000000000000338,0.0025448874222846404
6.001000000000339,0.0025449874327003984
6.002000000000339,0.002545088873960176
6.003000000000339,0.002545191766142176
6.00400000000034,0.002545296129880352
6.00500000000034,0.0025454019863958358
6.00600000000034,0.002545509357530125
6.007000000000341,0.0025456182657794778
6.008000000000341,0.0025457287343314747
6.009000000000341,0.002545840787102689
6.010000000000342,0.0025459544487786874
6.011000000000342,0.0025460697448556474
6.012000000000342,0.002546186701683547
6.013000000000343,0.0025463053465119984
6.014000000000343,0.002546425707537398
6.015000000000343,0.0025465478139524676
6.016000000000344,0.0025468577103921093
6.017000000000344,0.0025472315410348632
6.018000000000344,0.0025478165112815046
6.019000000000345,0.0025487553148286386
6.020000000000345,0.0025501861822286413
6.021000000000345,0.002552242929245673
6.022000000000346,0.002555055005016453
6.023000000000346,0.0025587475400225754
6.024000000000346,0.0025634413938849833
6.025000000000347,0.002569253202985025
6.026000000000347,0.0025762954279216835
6.027000000000347,0.0025846764008109653
6.028000000000348,0.0025945003724343156
6.029000000000348,0.002605867559241651
6.030000000000348,0.002618874190217599
6.031000000000349,0.002633612553614561
6.032000000000349,0.002650171043560627
6.033000000000349,0.002668634206547782
6.03400000000035,0.002689082787806267
6.03500000000035,0.0027115937775717483
6.03600000000035,0.0027362404572505716
6.037000000000351,0.002763092445489529
6.038000000000351,0.002792215744155637
6.039000000000351,0.0028236727842332124
6.040000000000352,0.0028575224716417026
6.041000000000352,0.0028938202329830028
6.042000000000352,0.0029326180612218866
6.043000000000353,0.0029739645613067536
6.044000000000353,0.0030179049957357595
6.045000000000353,0.0030644813300743923
6.046000000000354,0.0031137322784299606
6.047000000000354,0.0031656933488888733
6.048000000000354,0.0032203968889211246
6.049000000000355,0.0032778721307589534
6.050000000000355,0.003338145236753215
6.051000000000355,0.003401239344713189
6.052000000000356,0.003467174613234897
6.053000000000356,0.003535968267021572
6.054000000000356,0.003607634642201596
6.055000000000357,0.003682185231647858
6.056000000000357,0.0037596287303015216
6.057000000000357,0.003839971080505322
6.058000000000358,0.003923215517348734
6.059000000000358,0.004009362614028358
6.060000000000358,0.004098410327226271
6.061000000000359,0.00419035404250908
6.062000000000359,0.00428518661974963
6.063000000000359,0.004382898438573667
6.06400000000036,0.004483477443832519
6.06500000000036,0.004586909191103508
6.06600000000036,0.004693176892219396
6.067000000000361,0.004802261460826719
6.068000000000361,0.0049141415579745246
6.069000000000361,0.005028793637733404
6.070000000000362,0.005146191992843843
6.071000000000362,0.0052663088003952405
6.072000000000362,0.005389114167533932
6.073000000000363,0.005514576177199644
6.074000000000363,0.00564266093388964
6.075000000000363,0.005773332609449525
6.076000000000364,0.005906553488889174
6.077000000000364,0.006042284016221956
6.0780000000003644,0.006180482840327073
6.079000000000365,0.006321106860831274
6.080000000000365,0.006464111274010233
6.0810000000003654,0.006609449618705451
6.082000000000366,0.006757073822257376
6.083000000000366,0.006906934246450024
6.0840000000003664,0.007058979733467065
6.085000000000367,0.007213157651856414
6.086000000000367,0.007369413942501089
6.0870000000003675,0.007527693164595187
6.088000000000368,0.0076879385416214335
6.089000000000368,0.00785009200733
6.0900000000003685,0.008014094251715176
6.091000000000369,0.008179884766988964
6.092000000000369,0.008347401893549045
6.0930000000003695,0.008516582865939648
6.09400000000037,0.00868736385880349
6.09500000000037,0.008859680032823322
6.0960000000003705,0.009033465580651247
6.097000000000371,0.009208653772824558
6.098000000000371,0.00938517700366627
6.0990000000003715,0.009562966837170173
6.100000000000372,0.009741954052867409
6.101000000000372,0.009922068691675487
6.1020000000003725,0.010103240101727175
6.103000000000373,0.010285396984179275
6.104000000000373,0.010468467438999825
6.1050000000003735,0.01065237901073373
6.106000000000374,0.010837058734245716
6.107000000000374,0.011022433180440223
6.1080000000003745,0.011208428501957579
6.109000000000375,0.01139497047884662
6.110000000000375,0.011581984564212743
6.1110000000003755,0.011769395929842441
6.112000000000376,0.011957129511802146
6.113000000000376,0.012145110056013854
6.1140000000003765,0.012333262163804884
6.115000000000377,0.012521510337434927
6.116000000000377,0.012709779025596744
6.1170000000003775,0.012897992668894846
6.118000000000378,0.013086075745298381
6.119000000000378,0.013273952815571831
6.1200000000003785,0.013461548568682154
6.121000000000379,0.013648787867181975
6.122000000000379,0.013835595792572083
6.1230000000003795,0.014021897690640162
6.12400000000038,0.014207619216778863
6.12500000000038,0.01439268638128239
6.1260000000003805,0.014577025594622622
6.127000000000381,0.014760563712704518
6.128000000000381,0.014943228082103147
6.1290000000003815,0.015124946585279977
6.130000000000382,0.015305647685782055
6.131000000000382,0.015485260473422545
6.1320000000003825,0.015663714709444117
6.133000000000383,0.01584094087166512
6.134000000000383,0.016016870199610164
6.1350000000003835,0.01619143473962422
6.136000000000384,0.016364567389972176
6.137000000000384,0.01653620194592343
6.1380000000003845,0.01670627314482294
6.139000000000385,0.016874716711147764
6.140000000000385,0.017041469401552073
6.1410000000003855,0.017206469049898344
6.142000000000386,0.01736965461227772
6.143000000000386,0.017530966212018065
6.1440000000003865,0.017690345184681974
6.145000000000387,0.01784773412305339
6.146000000000387,0.018003076922115287
6.1470000000003875,0.018156318824017026
6.148000000000388,0.018307406463032944
6.149000000000388,0.01845628791051255
6.1500000000003885,0.01860291271982213
6.151000000000389,0.018747231971278915
6.152000000000389,0.018889198317077305
6.1530000000003895,0.01902876602620905
6.15400000000039,0.019165891029375784
6.15500000000039,0.01930053096389603
6.1560000000003905,0.019432645218605812
6.157000000000391,0.019562194978754166
6.158000000000391,0.019689143270892995
6.1590000000003915,0.01981345500776239
6.160000000000392,0.019935097033171187
6.161000000000392,0.020054038166873615
6.1620000000003925,0.020170249249441365
6.163000000000393,0.02028370318713274
6.164000000000393,0.02039437499675846
6.1650000000003935,0.02050224185054369
6.166000000000394,0.020607283120988563
6.167000000000394,0.02070948042572541
6.1680000000003945,0.020808817672374434
6.169000000000395,0.020905281103397517
6.170000000000395,0.0209988593409507
6.1710000000003955,0.021089543431735393
6.172000000000396,0.021177326891849244
6.173000000000396,0.02126220575163642
6.1740000000003965,0.021344178600537847
6.175000000000397,0.021423246631942165
6.176000000000397,0.021499413688037372
6.1770000000003975,0.021572686304663642
6.178000000000398,0.02164307375616803
6.179000000000398,0.021710588100261212
6.1800000000003985,0.021775244222877306
6.181000000000399,0.021837059883036476
6.182000000000399,0.02189605575771173
6.1830000000003995,0.02195225548670028
6.1840000000004,0.022005685717499425
6.1850000000004,0.022056376150188968
6.1860000000004005,0.02210435958231976
6.187000000000401,0.022149671953809617
6.188000000000401,0.022192352391847497
6.1890000000004015,0.022232443255806998
6.190000000000402,0.02226999018216931
6.191000000000402,0.022305042129457636
6.1920000000004025,0.022337651423183794
6.193000000000403,0.02236787380080752
6.194000000000403,0.022395768456711172
6.1950000000004035,0.022421398087189064
6.196000000000404,0.02244482893545486
6.197000000000404,0.022466130836666827
6.1980000000004045,0.022485377262973665
6.199000000000405,0.022502645368581008
6.200000000000405,0.022518016034842492
6.2010000000004055,0.02253157391537476
6.202000000000406,0.022543407481199554
6.203000000000406,0.022553609065914824
6.2040000000004065,0.022562274910895956
6.205000000000407,0.022569505210530416
6.206000000000407,0.02257540415748644
6.2070000000004075,0.022580079988019287
6.208000000000408,0.022583645027316614
6.209000000000408,0.02258621573488541
6.2100000000004085,0.022587912749982633
6.211000000000409,0.02258886093709276
6.212000000000409,0.022589189431452973
6.2130000000004095,0.0225890316846308
6.21400000000041,0.02258852551015441
6.21500000000041,0.02258781312919924
6.2160000000004105,0.022587041216332857
6.217000000000411,0.022586284708083756
6.218000000000411,0.02258546739728763
6.2190000000004115,0.022584439759781264
6.220000000000412,0.022583056874969712
6.221000000000412,0.022581178378308864
6.2220000000004125,0.02257866841374128
6.223000000000413,0.022575395586090653
6.224000000000413,0.02257123291341903
6.2250000000004135,0.022566057779350723
6.226000000000414,0.02255975188536829
6.227000000000414,0.022552201203083877
6.2280000000004145,0.022543295926489314
6.229000000000415,0.022532930424190092
6.230000000000415,0.022521003191625692
6.2310000000004155,0.02250741680328016
6.232000000000416,0.022492077864885898
6.233000000000416,0.02247489696562361
6.2340000000004165,0.022455788630322215
6.235000000000417,0.022434671271659316
6.236000000000417,0.022411467142367768
6.2370000000004175,0.022386102287447
6.238000000000418,0.022358506496384892
6.239000000000418,0.0223286132553895
6.2400000000004185,0.02229635969963356
6.241000000000419,0.02226168656551368
6.242000000000419,0.022224538142925132
6.2430000000004195,0.02218486222755387
6.24400000000042,0.02214261007318717
6.24500000000042,0.022097736344043932
6.2460000000004205,0.02205019906712547
6.247000000000421,0.021999959584587885
6.248000000000421,0.021946982506136636
6.2490000000004216,0.021891235661444505
6.250000000000422,0.021832690052592543
6.251000000000422,0.021771319806535183
6.2520000000004226,0.021707102127590264
6.253000000000423,0.021640017249953382
6.254000000000423,0.02157004839023724
6.2550000000004236,0.021497181700036734
6.256000000000424,0.021421406218518846
6.257000000000424,0.02134271382503839
6.258000000000425,0.02126109919177921
6.259000000000425,0.02117655973642025
6.260000000000425,0.021089095574828375
6.261000000000426,0.02099870947377496
6.262000000000426,0.0209054068036788
6.263000000000426,0.02080919549137375
6.264000000000427,0.020710085972900916
6.265000000000427,0.020608091146326273
6.266000000000427,0.020503226324582083
6.267000000000428,0.0203955091883328
6.268000000000428,0.020284959738865238
6.269000000000428,0.02017160025100212
6.270000000000429,0.020055455226039458
6.271000000000429,0.019936551344707176
6.272000000000429,0.019814917420152588
6.27300000000043,0.01969058435094652
6.27400000000043,0.01956358507411262
6.27500000000043,0.01943395451817795
6.276000000000431,0.019301729556246483
6.277000000000431,0.01916694895909378
6.278000000000431,0.01902965334828323
6.279000000000432,0.018889885149304113
6.280000000000432,0.018747688544730197
6.281000000000432,0.01860310942739936
6.282000000000433,0.01845619535361414
6.283000000000433,0.01830699549636259
6.284000000000433,0.01815556059855942
6.285000000000434,0.01800194292630758
6.286000000000434,0.017846196222179395
6.287000000000434,0.017688375658518135
6.288000000000435,0.01752853779075888
6.289000000000435,0.01736674051076932
6.290000000000435,0.017203043000209875
6.291000000000436,0.017037505683913164
6.292000000000436,0.01687019018328325
6.293000000000436,0.016701159269713342
6.294000000000437,0.016530476818023596
6.295000000000437,0.01635820775991733
6.296000000000437,0.01618441803745624
6.297000000000438,0.016009174556555317
6.298000000000438,0.01583254514049555
6.299000000000438,0.0156545984834566
6.300000000000439,0.015475404104067537
6.301000000000439,0.015295032298976455
6.302000000000439,0.015113554096438934
6.30300000000044,0.014931041209924882
6.30400000000044,0.014747565991744045
6.30500000000044,0.014563201386689782
6.306000000000441,0.014378020885701524
6.307000000000441,0.014192098479544918
6.308000000000441,0.014005508612510618
6.309000000000442,0.013818326136130599
6.310000000000442,0.01363062626291233
6.311000000000442,0.013442484520091148
6.312000000000443,0.013253976703398791
6.313000000000443,0.013065178830850205
6.314000000000443,0.012876167096546758
6.315000000000444,0.012687017824495925
6.316000000000444,0.012497807422447209
6.317000000000444,0.012308612335744068
6.318000000000445,0.012119509001191096
6.319000000000445,0.011930573800936019
6.320000000000445,0.011741883016366216
6.321000000000446,0.011553512782019229
6.322000000000446,0.011365539039505733
6.323000000000446,0.011178037491446254
6.324000000000447,0.010991083555418446
6.325000000000447,0.010804752317915889
6.326000000000447,0.010619118488317106
6.327000000000448,0.010434256352863498
6.328000000000448,0.010250239728645506
6.329000000000448,0.010067141917596022
6.330000000000449,0.009885035660489594
6.331000000000449,0.009703993090946585
6.332000000000449,0.009524085689440728
6.33300000000045,0.009345384237309108
6.33400000000045,0.009167958770762596
6.33500000000045,0.008991878534895761
6.336000000000451,0.008817211937694677
6.337000000000451,0.008644026504040787
6.338000000000451,0.008472388829709188
6.339000000000452,0.008302364535360297
6.340000000000452,0.008134018220521774
6.341000000000452,0.007967413417560472
6.342000000000453,0.007802612545641394
6.343000000000453,0.00763967686467272
6.344000000000453,0.007478666429233949
6.345000000000454,0.007319640042486329
6.346000000000454,0.007162655210063207
6.347000000000454,0.00700776809393816
6.348000000000455,0.006855033466269568
6.349000000000455,0.006704504663219708
6.350000000000455,0.006556233538745897
6.351000000000456,0.006410270418363069
6.352000000000456,0.006266664052875223
6.353000000000456,0.006125461572074796
6.354000000000457,0.005986708438407852
6.355000000000457,0.005850448400604696
6.356000000000457,0.005716723447273621
6.357000000000458,0.005585573760457464
6.358000000000458,0.0054570376691521275
6.359000000000458,0.00533115160278573
6.360000000000459,0.005207950044658613
6.361000000000459,0.005087465485343258
6.362000000000459,0.004969728376044626
6.36300000000046,0.004854767081920709
6.36400000000046,0.004742607835363469
6.36500000000046,0.004633274689241719
6.366000000000461,0.004526789470105701
6.367000000000461,0.004423171731355542
6.368000000000461,0.004322438706374408
6.369000000000462,0.004224605261628239
6.370000000000462,0.0041296838497344585
6.371000000000462,0.004037684462501363
6.372000000000463,0.003948614583941169
6.373000000000463,0.003862479143259219
6.374000000000463,0.003779280467822825
6.375000000000464,0.003699018236112732
6.376000000000464,0.0036216894306608308
6.377000000000464,0.0035472882909778625
6.378000000000465,0.003475806266475173
6.379000000000465,0.0034072319693847566
6.380000000000465,0.003341551127681218
6.381000000000466,0.003278746538011308
6.382000000000466,0.003218798018634131
6.383000000000466,0.0031616823623777796
6.384000000000467,0.003107373289616598
6.385000000000467,0.0030558414012733445
6.386000000000467,0.003007054131852198
6.387000000000468,0.0029609757025057665
6.388000000000468,0.002917567074141883
6.389000000000468,0.002876785900574226
6.390000000000469,0.0028385864817214376
6.391000000000469,0.0028029197168586116
6.392000000000469,0.002769733057925987
6.39300000000047,0.0027389704628983207
6.39400000000047,0.002710572349219509
6.39500000000047,0.0026844755473049084
6.396000000000471,0.002660613254115776
6.397000000000471,0.0026389149868092654
6.398000000000471,0.0026193065364652456
6.399000000000472,0.0026017099218955918
6.400000000000472,0.0025860433435352694
6.401000000000472,0.0025722211374202796
6.402000000000473,0.002560153729252567
6.403000000000473,0.0025497475885556675
6.404000000000473,0.0025409051829206226
6.405000000000474,0.0025335249323461297
6.406000000000474,0.002527501163672497
6.407000000000474,0.002522724065111521
6.408000000000475,0.00251907964087383
6.409000000000475,0.0025164496658938856
6.410000000000475,0.0025147116406549173
6.411000000000476,0.0025137387461140817
6.412000000000476,0.002513399798730203
6.413000000000476,0.0025135592055935893
6.414000000000477,0.0025140769196625307
6.415000000000477,0.002514808395104734
6.416000000000477,0.0025156045427488505
6.417000000000478,0.00251650677133659
6.418000000000478,0.0025173813011046264
6.419000000000478,0.0025182289179314747
6.420000000000479,0.002519050385509189
6.421000000000479,0.0025198464459982167
6.422000000000479,0.002520617820660636
6.42300000000048,0.0025213652104741358
6.42400000000048,0.0025220892967255278
6.42500000000048,0.002522790741586567
6.426000000000481,0.00252347018867094
6.427000000000481,0.002524128263573913
6.428000000000481,0.0025247655743954912
6.429000000000482,0.002525382712246782
6.430000000000482,0.002525980251740976
6.431000000000482,0.0025265587514686286
6.432000000000483,0.002527118754458737
6.433000000000483,0.0025276607886256
6.434000000000483,0.0025281853672014312
6.435000000000484,0.002528692989155836
6.436000000000484,0.0025291841396030516
6.437000000000484,0.0025296592901959195
6.438000000000485,0.0025301188995083858
6.439000000000485,0.002530563413406184
6.440000000000485,0.0025309932654062825
6.441000000000486,0.0025314088770254026
6.442000000000486,0.002531810658118413
6.443000000000486,0.002532199007205964
6.444000000000487,0.0025325743117926257
6.445000000000487,0.0025329369486755265
6.446000000000487,0.002533287284243832
6.447000000000488,0.002533625674768874
6.448000000000488,0.002533952466686376
6.449000000000488,0.002534267996869618
6.450000000000489,0.0025345725928951554
6.451000000000489,0.0025348665733002755
6.452000000000489,0.002535150247833042
6.45300000000049,0.002535423917695158
6.45400000000049,0.0025356878757776327
6.45500000000049,0.0025359424068895076
6.456000000000491,0.0025361877879801556
6.457000000000491,0.0025364242883551234
6.458000000000491,0.0025366521698855678
6.459000000000492,0.002536871687211825
6.460000000000492,0.0025370830879411985
6.461000000000492,0.0025372866128401013
6.462000000000493,0.002537482496020701
6.463000000000493,0.002537670965122113
6.464000000000493,0.002537852241486751
6.465000000000494,0.002538026540331733
6.466000000000494,0.002538194070915118
6.467000000000494,0.002538355036697859
6.468000000000495,0.002538509635501226
6.469000000000495,0.002538658059659426
6.470000000000495,0.0025388004961688602
6.471000000000496,0.0025389371268320984
6.472000000000496,0.0025390681283990607
6.473000000000496,0.0025391936727034645
6.474000000000497,0.002539313926796221
6.475000000000497,0.002539429053074256
6.476000000000497,0.0025395392094073356
6.477000000000498,0.0025396445492596384
6.478000000000498,0.002539745221809671
6.479000000000498,0.0025398413720658826
6.480000000000499,0.002539933140979559
6.481000000000499,0.0025400206655550248
6.482000000000499,0.0025401040789560306
6.4830000000005,0.0025401835106103783
6.4840000000005,0.0025402590863109475
6.4850000000005,0.0025403309283143632
6.486000000000501,0.002540399155437023
6.487000000000501,0.002540463883148568
6.488000000000501,0.0025405252236633327
6.489000000000502,0.0025405832860281516
6.490000000000502,0.0025406381762094928
6.491000000000502,0.0025406899971771625
6.492000000000503,0.0025407388489859864
6.493000000000503,0.002540784828856009
6.494000000000503,0.0025408280312497755
6.495000000000504,0.00254086854794789
6.496000000000504,0.002540906468123043
6.497000000000504,0.0025409418784115255
6.498000000000505,0.002540974862983013
6.499000000000505,0.0025410055036087405
6.500000000000505,0.0025410338797278685
6.501000000000506,0.0025410600685117773
6.502000000000506,0.002541084144927302
6.503000000000506,0.002541106181797738
6.504000000000507,0.0025411262498625242
6.505000000000507,0.0025411444178354385
6.506000000000507,0.002541160752461101
6.507000000000508,0.0025411753185701595
6.508000000000508,0.002541188179132861
6.509000000000508,0.002541199395311399
6.510000000000509,0.002541209026510772
6.511000000000509,0.002541217130428323
6.512000000000509,0.002541223763102004
6.51300000000051,0.0025412289789573383
6.51400000000051,0.002541232830853144
6.51500000000051,0.0025412353701260333
6.516000000000511,0.002541236646633801
6.517000000000511,0.0025412367087975507
6.518000000000511,0.0025412356036424687
6.519000000000512,0.0025412333768382797
6.520000000000512,0.0025412300727376616
6.521000000000512,0.0025412257344139856
6.522000000000513,0.002541220403698554
6.523000000000513,0.0025412141212156764
6.524000000000513,0.002541206926417929
6.525000000000514,0.0025411988576196434
6.526000000000514,0.002541189952030086
6.527000000000514,0.0025411802457848028
6.528000000000515,0.002541169773977163
6.529000000000515,0.002541158570688387
6.530000000000515,0.0025411466690165377
6.531000000000516,0.00254113410110526
6.532000000000516,0.0025411208981711737
6.533000000000516,0.0025411070905308683
6.534000000000517,0.002541092707626695
6.535000000000517,0.002541077778052226
6.536000000000517,0.0025410623295764392
6.537000000000518,0.0025410463891677414
6.538000000000518,0.0025410299830169146
6.539000000000518,0.002541013136559519
6.540000000000519,0.002540995874497281
6.541000000000519,0.002540978220819303
6.542000000000519,0.002540960198822436
6.54300000000052,0.00254094183113061
6.54400000000052,0.0025409231397143205
6.54500000000052,0.002540904145908761
6.546000000000521,0.0025408848704319247
6.547000000000521,0.002540865333401733
6.548000000000521,0.0025408455543527407
6.549000000000522,0.0025408255522522544
6.550000000000522,0.0025408053455164142
6.551000000000522,0.0025407849520247307
6.552000000000523,0.0025407643891349925
6.553000000000523,0.002540743673697464
6.554000000000523,0.002540722822068256
6.555000000000524,0.00254070185012285
6.556000000000524,0.002540680773268609
6.557000000000524,0.002540659606457274
6.558000000000525,0.0025406383641965354
6.559000000000525,0.0025406170605620122
6.560000000000525,0.0025405957092078
6.561000000000526,0.002540574323377804
6.562000000000526,0.002540552915915314
6.563000000000526,0.0025405314992738154
6.564000000000527,0.00254051008552603
6.565000000000527,0.0025404886863736632
6.566000000000527,0.002540467313156155
6.567000000000528,0.002540445976859672
6.568000000000528,0.0025404246881253444
6.569000000000528,0.0025404034572574577
6.570000000000529,0.002540382294231567
6.571000000000529,0.0025403612087021264
6.572000000000529,0.002540340210009699
6.57300000000053,0.002540319307188659
6.57400000000053,0.002540298508973776
6.57500000000053,0.0025402778238072625
6.576000000000531,0.002540257259845611
6.577000000000531,0.00254023682496593
6.578000000000531,0.0025402165267722175
6.579000000000532,0.0025401963726019577
6.580000000000532,0.0025401763695319657
6.581000000000532,0.002540156524384409
6.582000000000533,0.002540136843732825
6.583000000000533,0.002540117333908149
6.584000000000533,0.0025400980010040555
6.585000000000534,0.002540078850883254
6.586000000000534,0.002540059889182586
6.587000000000534,0.00254004112131926
6.588000000000535,0.0025400225524962357
6.589000000000535,0.0025400041877081253
6.590000000000535,0.0025399860317465786
6.591000000000536,0.0025399680892062883
6.592000000000536,0.0025399503644908464
6.593000000000536,0.002539932861818351
6.594000000000537,0.0025399155852277033
6.595000000000537,0.0025398985385843877
6.596000000000537,0.002539881725586699
6.597000000000538,0.0025398651497721067
6.598000000000538,0.0025398488145236993
6.599000000000538,0.0025398327230766356
6.600000000000539,0.002539816878525024
6.601000000000539,0.0025398012838290587
6.602000000000539,0.002539785941821776
6.60300000000054,0.0025397708552168177
6.60400000000054,0.002539756026615922
6.60500000000054,0.0025397414585167123
6.606000000000541,0.002539727153320976
6.607000000000541,0.0025397131133431013
6.608000000000541,0.002539699340818661
6.609000000000542,0.0025396858379137036
6.610000000000542,0.002539672606734187
6.611000000000542,0.0025396596493349986
6.612000000000543,0.0025396469677313287
6.613000000000543,0.0025396345639079575
6.6140000000005434,0.0025396224398308333
6.615000000000544,0.0025396105974582125
6.616000000000544,0.002539599038752373
6.6170000000005444,0.002539587765691541
6.618000000000545,0.002539576780076349
6.619000000000545,0.0025395660832688953
6.6200000000005454,0.0025395556763500096
6.621000000000546,0.002539545560335782
6.622000000000546,0.002539535736189452
6.6230000000005464,0.0025395262048319087
6.624000000000547,0.002539516967151892
6.625000000000547,0.0025395080240143003
6.6260000000005475,0.002539499376268281
6.627000000000548,0.002539491024754429
6.628000000000548,0.0025394829703107337
6.6290000000005485,0.0025394752137784977
6.630000000000549,0.002539467756007042
6.631000000000549,0.0025394605978580655
6.6320000000005495,0.0025394537402094845
6.63300000000055,0.002539447183958425
6.63400000000055,0.002539440930024211
6.6350000000005505,0.0025394349793504307
6.636000000000551,0.002539429332907222
6.637000000000551,0.0025394239916922724
6.6380000000005515,0.0025394189567326843
6.639000000000552,0.0025394142290853135
6.640000000000552,0.00253940980983805
6.6410000000005525,0.0025394057001097217
6.642000000000553,0.0025394019010507897
6.643000000000553,0.0025393984138431004
6.6440000000005535,0.0025393952397001
6.645000000000554,0.0025393923798664245
6.646000000000554,0.002539389835617769
6.6470000000005545,0.00253938760826021
6.648000000000555,0.0025393856991302068
6.649000000000555,0.0025393841095936107
6.6500000000005555,0.0025393828410453824
6.651000000000556,0.002539381894909095
6.652000000000556,0.0025393812726360702
6.6530000000005565,0.0025393809757050106
6.654000000000557,0.0025393810056214307
6.655000000000557,0.00253938136391698
6.6560000000005575,0.002539382052149205
6.657000000000558,0.0025393830719007623
6.658000000000558,0.00253938442477928
6.6590000000005585,0.002539386112416865
6.660000000000559,0.002539388136469846
6.661000000000559,0.002539390498618472
6.6620000000005595,0.002539393200566991
6.66300000000056,0.0025393962440433022
6.66400000000056,0.002539399630799223
6.6650000000005605,0.002539403362610212
6.666000000000561,0.002539407441275978
6.667000000000561,0.0025394118686203893
6.6680000000005615,0.002539416646491984
6.669000000000562,0.0025394217767644375
6.670000000000562,0.002539427261336876
6.6710000000005625,0.0025394331021347527
6.672000000000563,0.002539439301110287
6.673000000000563,0.002539445860243548
6.6740000000005635,0.0025394527815430397
6.675000000000564,0.0025394600670467053
6.676000000000564,0.0025394677188232337
6.6770000000005645,0.002539475738972903
6.678000000000565,0.0025394841296287815
6.679000000000565,0.0025394928929582845
6.6800000000005655,0.002539502031164178
6.681000000000566,0.0025395115464863886
6.682000000000566,0.002539521441203115
6.6830000000005665,0.0025395317176327738
6.684000000000567,0.002539542378135473
6.685000000000567,0.0025395534251145407
6.6860000000005675,0.0025395648610187643
6.687000000000568,0.0025395766883437414
6.688000000000568,0.002539588909633919
6.6890000000005685,0.0025396015274846556
6.690000000000569,0.002539614544544079
6.691000000000569,0.0025396279635150378
6.6920000000005695,0.002539641787157206
6.69300000000057,0.002539656018289437
6.69400000000057,0.002539670659791434
6.6950000000005705,0.0025396857146062213
6.696000000000571,0.0025397011857422776
6.697000000000571,0.0025397170762755036
6.6980000000005715,0.0025397333893520703
6.699000000000572,0.0025397501281897578
6.700000000000572,0.00253976729608096
6.7010000000005725,0.00253978489639458
6.702000000000573,0.0025398029325783174
6.703000000000573,0.0025398214081609576
6.7040000000005735,0.0025398403267545937
6.705000000000574,0.002539859692056938
6.706000000000574,0.002539879507853497
6.7070000000005745,0.002539899778019678
6.708000000000575,0.0025399205065229566
6.709000000000575,0.0025399416974254546
6.7100000000005755,0.002539963354885485
6.711000000000576,0.0025399854831599754
6.712000000000576,0.002540008086606444
6.7130000000005765,0.0025400311696850766
6.714000000000577,0.0025400547369605203
6.715000000000577,0.0025400787931041495
6.7160000000005775,0.002540103342895502
6.717000000000578,0.0025401283912246247
6.718000000000578,0.0025401539430932388
6.7190000000005785,0.0025401800036168355
6.720000000000579,0.002540206578026366
6.721000000000579,0.0025402336716693515
6.7220000000005795,0.002540261290011985
6.72300000000058,0.0025402894386401184
6.72400000000058,0.002540318123260721
6.7250000000005805,0.0025403473497032057
6.726000000000581,0.002540377123920627
6.727000000000581,0.0025404074519906443
6.7280000000005815,0.0025404383401167914
6.729000000000582,0.0025404697946290987
6.730000000000582,0.0025405018219852096
6.7310000000005825,0.00254053442877095
6.732000000000583,0.0025405676217011043
6.733000000000583,0.0025406014076199655
6.7340000000005835,0.0025406357935018192
6.735000000000584,0.0025406707864511976
6.736000000000584,0.0025407063937034832
6.7370000000005845,0.002540742622624749
6.738000000000585,0.0025407794807121784
6.739000000000585,0.0025408169755939333
6.7400000000005855,0.002540855115029071
6.741000000000586,0.002540893906907586
6.742000000000586,0.0025409333592499167
6.7430000000005865,0.002540973480206904
6.744000000000587,0.0025410142780590804
6.745000000000587,0.002541055761216597
6.7460000000005875,0.0025410979382183875
6.747000000000588,0.002541140817731706
6.748000000000588,0.002541184408551545
6.7490000000005885,0.00254122871959973
6.750000000000589,0.002541273759924422
6.751000000000589,0.0025413195386990058
6.7520000000005895,0.0025413660652217375
6.75300000000059,0.002541413348914511
6.75400000000059,0.0025414613993221258
6.7550000000005905,0.002541510226111574
6.756000000000591,0.0025415598390710753
6.757000000000591,0.0025416102481092342
6.7580000000005915,0.0025416614632544215
6.759000000000592,0.002541713494653739
6.760000000000592,0.0025417663525727392
6.7610000000005925,0.002541820047394526
6.762000000000593,0.002541874589619457
6.763000000000593,0.002541929989864338
6.7640000000005935,0.0025419862588628057
6.765000000000594,0.0025420434074646496
6.766000000000594,0.0025421014466359623
6.7670000000005945,0.002542160387459587
6.768000000000595,0.0025422202411351617
6.769000000000595,0.0025422810189801026
6.7700000000005955,0.0025423427324301404
6.771000000000596,0.0025424053930408023
6.772000000000596,0.002542469012488651
6.7730000000005965,0.002542533602573026
6.774000000000597,0.0025425991752183255
6.775000000000597,0.0025426657424761703
6.7760000000005975,0.0025427333165285344
6.777000000000598,0.002542801909691049
6.778000000000598,0.0025428715344163397
6.7790000000005985,0.0025429422032986794
6.780000000000599,0.0025430139290785574
6.781000000000599,0.002543086724647814
6.7820000000005995,0.002543160603055577
6.7830000000006,0.0025432355775146555
6.7840000000006,0.0025433116614087467
6.7850000000006006,0.0025433888682997903
6.786000000000601,0.0025434672119366668
6.787000000000601,0.002543546706264499
6.7880000000006016,0.0025436273654339397
6.789000000000602,0.002543709203812562
6.790000000000602,0.0025437922359959654
6.7910000000006026,0.002543876476820337
6.792000000000603,0.0025439619413757594
6.793000000000603,0.002544048645020329
6.794000000000604,0.00254413660339544
6.795000000000604,0.0025442258324421436
6.796000000000604,0.0025443163484180804
6.797000000000605,0.0025444081679162553
6.798000000000605,0.0025445013078841117
6.799000000000605,0.0025445957856444767
6.800000000000606,0.0025446916189172906
6.801000000000606,0.002544788825842654
6.802000000000606,0.002544887425005204
6.803000000000607,0.002544987435459934
6.804000000000607,0.0025450888767591835
6.805000000000607,0.0025451917689811344
6.806000000000608,0.0025452961327596876
6.807000000000608,0.0025454019893161456
6.808000000000608,0.002545509360491839
6.809000000000609,0.0025456182687831758
6.810000000000609,0.00254572873737767
6.811000000000609,0.0025458407901920097
6.81200000000061,0.0025459544519117333
6.81300000000061,0.0025460697480330675
6.81400000000061,0.0025461867049060075
6.815000000000611,0.0025463053497800925
6.816000000000611,0.002546425710851844
6.817000000000611,0.002546547817314067
6.818000000000612,0.002546857713885766
6.819000000000612,0.0025472315446558244
6.820000000000612,0.0025478165150252877
6.821000000000613,0.0025487553186906015
6.822000000000613,0.002550186186204211
6.823000000000613,0.002552242933330569
6.824000000000614,0.0025550550092062405
6.825000000000614,0.0025587475443131884
6.826000000000614,0.002563441398272158
6.827000000000615,0.0025692532074645218
6.828000000000615,0.0025762954324895816
6.829000000000615,0.0025846764054632473
6.830000000000616,0.0025945003771669917
6.831000000000616,0.0026058675640509704
6.832000000000616,0.0026188741950997595
6.833000000000617,0.0026336125585658225
6.834000000000617,0.002650171048577267
6.835000000000617,0.0026686342116262855
6.836000000000618,0.002689082792943106
6.837000000000618,0.0027115937827635016
6.838000000000618,0.0027362404624938254
6.839000000000619,0.0027630924507809178
6.840000000000619,0.002792215749492056
6.841000000000619,0.0028236727896114415
6.84200000000062,0.0028575224770586855
6.84300000000062,0.002893820238435787
6.84400000000062,0.0029326180667076027
6.845000000000621,0.0029739645668226122
6.846000000000621,0.003017905001279013
6.847000000000621,0.0030644813356423897
6.848000000000622,0.0031137322840203013
6.849000000000622,0.003165693354498955
6.850000000000622,0.0032203968945487133
6.851000000000623,0.0032778721364018285
6.852000000000623,0.0033381452424092115
6.853000000000623,0.00340123935038035
6.854000000000624,0.0034671746189113353
6.855000000000624,0.0035359682727054836
6.856000000000624,0.00360763464789135
6.857000000000625,0.003682185237341755
6.858000000000625,0.003759628735998194
6.859000000000625,0.003839971086203431
6.860000000000626,0.003923215523047051
6.861000000000626,0.0040093626197258425
6.862000000000626,0.004098410332921909
6.863000000000627,0.004190354048202005
6.864000000000627,0.004285186625439134
6.865000000000627,0.004382898444259133
6.866000000000628,0.004483477449513461
6.867000000000628,0.0045869091967795025
6.868000000000628,0.0046931768978902
6.869000000000629,0.0048022614664921595
6.870000000000629,0.004914141563634691
6.871000000000629,0.005028793643388374
6.87200000000063,0.005146191998493831
6.87300000000063,0.0052663088060406
6.87400000000063,0.005389114173175127
6.875000000000631,0.005514576182837093
6.876000000000631,0.005642660939524084
6.877000000000631,0.0057733326150817416
6.878000000000632,0.005906553494519892
6.879000000000632,0.006042284021852258
6.880000000000632,0.006180482845957944
6.881000000000633,0.006321106866463977
6.882000000000633,0.006464111279645891
6.883000000000633,0.006609449624345391
6.884000000000634,0.006757073827902929
6.885000000000634,0.006906934252102648
6.886000000000634,0.007058979739128404
6.887000000000635,0.007213157657528009
6.888000000000635,0.007369413948184703
6.889000000000635,0.007527693170292442
6.890000000000636,0.0076879385473341
6.891000000000636,0.007850092013059896
6.892000000000636,0.008014094257464195
6.893000000000637,0.00817988477275898
6.894000000000637,0.008347401899342036
6.895000000000637,0.008516582871757508
6.896000000000638,0.008687363864648225
6.897000000000638,0.008859680038696957
6.898000000000638,0.00903346558655583
6.899000000000639,0.009208653778762066
6.900000000000639,0.00938517700963875
6.901000000000639,0.009562966843179643
6.90200000000064,0.009741954058915904
6.90300000000064,0.009922068697765032
6.90400000000064,0.010103240107859901
6.905000000000641,0.010285396990356993
6.906000000000641,0.010468467445224526
6.907000000000641,0.010652379017007357
6.908000000000642,0.010837058740570261
6.909000000000642,0.01102243318681747
6.910000000000642,0.01120842850838931
6.911000000000643,0.011394970485334562
6.912000000000643,0.011581984570758735
6.913000000000643,0.011769395936448067
6.914000000000644,0.011957129518469
6.915000000000644,0.012145110062743505
6.916000000000644,0.012333262170598859
6.917000000000645,0.012521510344294523
6.918000000000645,0.012709779032523516
6.919000000000645,0.012897992675889834
6.920000000000646,0.013086075752362814
6.921000000000646,0.013273952822706894
6.922000000000646,0.013461548575888702
6.923000000000647,0.013648787874461103
6.924000000000647,0.013835595799924508
6.925000000000647,0.014021897698066652
6.926000000000648,0.01420761922428005
6.927000000000648,0.014392686388858905
6.928000000000648,0.014577025602274758
6.929000000000649,0.014760563720432877
6.930000000000649,0.014943228089907806
6.931000000000649,0.015124946593161069
6.93200000000065,0.015305647693739634
6.93300000000065,0.01548526048145659
6.93400000000065,0.015663714717554338
6.935000000000651,0.015840940879851266
6.936000000000651,0.016016870207871854
6.937000000000651,0.016191434747960934
6.938000000000652,0.01636456739838322
6.939000000000652,0.016536201954408157
6.940000000000652,0.016706273153380455
6.941000000000653,0.01687471671977709
6.942000000000653,0.017041469410252093
6.943000000000653,0.017206469058668045
6.944000000000654,0.017369654621115636
6.945000000000654,0.017530966220922838
6.946000000000654,0.01769034519365205
6.947000000000655,0.01784773413208724
6.948000000000655,0.0180030769312111
6.949000000000655,0.018156318833172945
6.950000000000656,0.018307406472247066
6.951000000000656,0.01845628791978289
6.952000000000656,0.018602912729146492
6.953000000000657,0.01874723198065502
6.954000000000657,0.018889198326502862
6.955000000000657,0.0190287660356816
6.956000000000658,0.01916589103889292
6.957000000000658,0.01930053097345511
6.958000000000658,0.01943264522820415
6.959000000000659,0.019562194988389
6.960000000000659,0.019689143280561483
6.961000000000659,0.01981345501746163
6.96200000000066,0.01993509704289822
6.96300000000066,0.020054038176625343
6.96400000000066,0.020170249259214783
6.965000000000661,0.020283703196924727
6.966000000000661,0.020394375006565706
6.967000000000661,0.020502241860363014
6.968000000000662,0.020607283130816757
6.969000000000662,0.020709480435559015
6.970000000000662,0.0208088176822102
6.971000000000663,0.020905281113232033
6.972000000000663,0.020998859350780594
6.973000000000663,0.021089543441557182
6.974000000000664,0.02117732690165957
6.975000000000664,0.021262205761431778
6.976000000000664,0.021344178610314832
6.977000000000665,0.021423246641697445
6.978000000000665,0.021499413697767512
6.979000000000665,0.021572686314365187
6.980000000000666,0.02164307376583767
6.981000000000666,0.02171058810989559
6.982000000000666,0.021775244232473116
6.983000000000667,0.02183705989259046
6.984000000000667,0.0218960557672208
6.985000000000667,0.02195225549616113
6.986000000000668,0.022005685726908975
6.987000000000668,0.022056376159544235
6.988000000000668,0.02210435959161778
6.989000000000669,0.022149671963047478
6.990000000000669,0.022192352401022457
6.991000000000669,0.022232443264916343
6.99200000000067,0.022269990191210363
6.99300000000067,0.02230504213842796
6.99400000000067,0.022337651432080823
6.995000000000671,0.02236787380962904
6.996000000000671,0.02239576846545492
6.997000000000671,0.022421398095853022
6.998000000000672,0.022444828944036994
6.999000000000672,0.022466130845165376
7.000000000000672,0.022485377271386824
7.001000000000673,0.02250264537690727
7.002000000000673,0.022518016043080465
7.003000000000673,0.022531573923523146
7.004000000000674,0.022543407489257178
7.005000000000674,0.022553609073880654
7.006000000000674,0.022562274918769318
7.007000000000675,0.022569505218310526
7.008000000000675,0.02257540416517282
7.009000000000675,0.02258007999561154
7.010000000000676,0.02258364503481461
7.011000000000676,0.022586215742289216
7.012000000000676,0.022587912757292425
7.013000000000677,0.022588860944308738
7.014000000000677,0.022589189438575838
7.015000000000677,0.022589031691661224
7.016000000000678,0.022588525517093325
7.017000000000678,0.022587813136047692
7.018000000000678,0.022587041223092186
7.019000000000679,0.022586284714755295
7.020000000000679,0.022585467403872662
7.021000000000679,0.022584439766280738
7.02200000000068,0.0225830568813844
7.02300000000068,0.022581178384639203
7.02400000000068,0.022578668419987583
7.025000000000681,0.02257539559225314
7.026000000000681,0.022571232919497454
7.027000000000681,0.022566057785344838
7.028000000000682,0.022559751891277756
7.029000000000682,0.022552201208908038
7.030000000000682,0.02254329593222741
7.031000000000683,0.022532930429841336
7.032000000000683,0.02252100319718906
7.033000000000683,0.02250741680875462
7.034000000000684,0.022492077870270223
7.035000000000684,0.02247489697091659
7.036000000000684,0.02245578863552246
7.037000000000685,0.022434671276765503
7.038000000000685,0.022411467147378426
7.039000000000685,0.02238610229236064
7.040000000000686,0.02235850650120004
7.041000000000686,0.02232861326010451
7.042000000000686,0.022296359704246982
7.043000000000687,0.022261686570023878
7.044000000000687,0.022224538147330546
7.045000000000687,0.02218486223185294
7.046000000000688,0.022142610077378375
7.047000000000688,0.022097736348125785
7.048000000000688,0.022050199071096434
7.049000000000689,0.021999959588446513
7.050000000000689,0.021946982509881585
7.051000000000689,0.02189123566507442
7.05200000000069,0.021832690056106024
7.05300000000069,0.02177131980993101
7.05400000000069,0.02170710213086731
7.055000000000691,0.021640017253110412
7.056000000000691,0.021570048393273263
7.057000000000691,0.021497181702950764
7.058000000000692,0.02142140622131001
7.059000000000692,0.02134271382770589
7.060000000000692,0.02126109919432214
7.061000000000693,0.02117655973883817
7.062000000000693,0.02108909557712059
7.063000000000693,0.020998709475940937
7.064000000000694,0.020905406805718216
7.065000000000694,0.020809195493286158
7.066000000000694,0.02071008597468616
7.067000000000695,0.020608091147984245
7.068000000000695,0.020503226326112657
7.069000000000695,0.020395509189736018
7.070000000000696,0.020284959740141224
7.071000000000696,0.02017160025215098
7.072000000000696,0.020055455227061578
7.073000000000697,0.019936551345602793
7.074000000000697,0.01981491742092214
7.075000000000697,0.019690584351590594
7.076000000000698,0.019563585074631705
7.077000000000698,0.019433954518572764
7.078000000000698,0.019301729556517766
7.079000000000699,0.0191669489592423
7.080000000000699,0.01902965334830993
7.081000000000699,0.018889885149209883
7.0820000000007,0.018747688544515993
7.0830000000007,0.018603109427066278
7.0840000000007,0.018456195353163264
7.085000000000701,0.01830699549579517
7.086000000000701,0.018155560597876673
7.087000000000701,0.018001942925510765
7.088000000000702,0.01784619622126985
7.089000000000702,0.017688375657497285
7.090000000000702,0.01752853778962815
7.091000000000703,0.017366740509530236
7.092000000000703,0.017203042998863882
7.093000000000703,0.017037505682461866
7.094000000000704,0.01687019018172827
7.095000000000704,0.016701159268056355
7.096000000000704,0.016530476816266258
7.097000000000705,0.016358207758061377
7.098000000000705,0.016184418035503398
7.099000000000705,0.01600917455450738
7.100000000000706,0.015832545138354373
7.101000000000706,0.015654598481224094
7.102000000000706,0.015475404101745555
7.103000000000707,0.015295032296567
7.104000000000707,0.015113554093943896
7.105000000000707,0.014931041207346299
7.106000000000708,0.014747565989083847
7.107000000000708,0.01456320138395014
7.108000000000708,0.014378020882884451
7.109000000000709,0.014192098476652641
7.110000000000709,0.014005508609545247
7.111000000000709,0.013818326133094298
7.11200000000071,0.013630626259807412
7.11300000000071,0.013442484516919817
7.11400000000071,0.01325397670016338
7.115000000000711,0.013065178827553058
7.116000000000711,0.012876167093190304
7.117000000000711,0.012687017821082502
7.118000000000712,0.012497807418979295
7.119000000000712,0.012308612332224196
7.120000000000712,0.012119508997621764
7.121000000000713,0.011930573797319828
7.122000000000713,0.01174188301270581
7.123000000000713,0.011553512778317163
7.124000000000714,0.011365539035764788
7.125000000000714,0.01117803748766917
7.126000000000714,0.010991083551607897
7.127000000000715,0.010804752314074781
7.128000000000715,0.010619118484448326
7.129000000000715,0.010434256348969821
7.130000000000716,0.010250239724729923
7.131000000000716,0.010067141913661454
7.132000000000716,0.009885035656539032
7.133000000000717,0.009703993086983047
7.134000000000717,0.009524085685467282
7.135000000000717,0.009345384233328827
7.136000000000718,0.009167958766778526
7.137000000000718,0.008991878530911011
7.138000000000718,0.008817211933712384
7.139000000000719,0.008644026500064059
7.140000000000719,0.008472388825741209
7.141000000000719,0.00830236453140406
7.14200000000072,0.008134018216580469
7.14300000000072,0.007967413413637152
7.14400000000072,0.007802612541739265
7.145000000000721,0.007639676860794781
7.146000000000721,0.00747866642538314
7.147000000000721,0.007319640038665656
7.148000000000722,0.007162655206275556
7.149000000000722,0.007007768090186363
7.1500000000007224,0.006855033462556441
7.151000000000723,0.006704504659547965
7.152000000000723,0.006556233535118194
7.1530000000007234,0.006410270414781927
7.154000000000724,0.006266664049343014
7.155000000000724,0.00612546156859381
7.1560000000007244,0.005986708434980302
7.157000000000725,0.005850448397232602
7.158000000000725,0.005716723443958835
7.1590000000007254,0.0055855737572017075
7.160000000000726,0.005457037665957037
7.161000000000726,0.005331151599652681
7.1620000000007265,0.005207950041588819
7.163000000000727,0.005087465482337697
7.164000000000727,0.004969728373104179
7.1650000000007275,0.0048547670790459185
7.166000000000728,0.004742607832554757
7.167000000000728,0.004633274686499239
7.1680000000007285,0.004526789467429432
7.169000000000729,0.0044231717287452135
7.170000000000729,0.004322438703829444
7.1710000000007295,0.004224605259147911
7.17200000000073,0.004129683847317711
7.17300000000073,0.004037684460147017
7.1740000000007305,0.003948614581647643
7.175000000000731,0.003862479141024805
7.176000000000731,0.0037792804656454973
7.1770000000007315,0.003699018233990277
7.178000000000732,0.0036216894285907783
7.179000000000732,0.0035472882889574925
7.1800000000007325,0.0034758062645015367
7.181000000000733,0.0034072319674546686
7.182000000000733,0.0033415511257913755
7.1830000000007335,0.003278746536158089
7.184000000000734,0.003218798016813837
7.185000000000734,0.0031616823605864833
7.1860000000007345,0.0031073732878501015
7.187000000000735,0.0030558413995274702
7.188000000000735,0.003007054130122505
7.1890000000007355,0.0029609757007876963
7.190000000000736,0.002917567072430856
7.191000000000736,0.0028767858988655373
7.1920000000007365,0.0028385864800102995
7.193000000000737,0.0028029197151401876
7.194000000000737,0.0027697330561953434
7.1950000000007375,0.002738970461150684
7.196000000000738,0.0027105723474500215
7.197000000000738,0.0026844755455086543
7.1980000000007385,0.0026606132522881097
7.199000000000739,0.0026389149849453293
7.200000000000739,0.0026193065345605886
7.2010000000007395,0.0026017099199456654
7.20200000000074,0.002586043341535737
7.20300000000074,0.0025722211353669637
7.2040000000007405,0.0025601537271415786
7.205000000000741,0.002549747586383079
7.206000000000741,0.0025409051806829855
7.2070000000007415,0.0025335249300400577
7.208000000000742,0.0025275011612950343
7.209000000000742,0.0025227240626599125
7.2100000000007425,0.0025190796383456546
7.211000000000743,0.0025164496632870993
7.212000000000743,0.00251471163796773
7.2130000000007435,0.002513738743345175
7.214000000000744,0.0025133997958784113
7.215000000000744,0.0025135592026584996
7.2160000000007445,0.0025140769166438724
7.217000000000745,0.002514808392002729
7.218000000000745,0.0025156045395642937
7.2190000000007455,0.002516506768085739
7.220000000000746,0.0025173812977926577
7.221000000000746,0.002518228914563287
7.2220000000007465,0.002519050382089487
7.223000000000747,0.002519846442531431
7.224000000000747,0.0025206178171511134
7.2250000000007475,0.002521365206925953
7.226000000000748,0.0025220892931425605
7.227000000000748,0.0025227907379725724
7.2280000000007485,0.002523470185029384
7.229000000000749,0.0025241282599082447
7.230000000000749,0.0025247655707088916
7.2310000000007495,0.002525382708542398
7.23200000000075,0.00252598024802159
7.23300000000075,0.0025265587477370267
7.2340000000007505,0.0025271187507176773
7.235000000000751,0.0025276607848775147
7.236000000000751,0.002528185363448593
7.2370000000007515,0.002528692985400576
7.238000000000752,0.002529184135847455
7.239000000000752,0.0025296592864420472
7.2400000000007525,0.0025301188957580975
7.241000000000753,0.002530563409661263
7.242000000000753,0.00253099326166846
7.2430000000007535,0.002531408873296285
7.244000000000754,0.002531810654399471
7.245000000000754,0.0025321990034985996
7.2460000000007545,0.0025325743080981955
7.247000000000755,0.0025329369449952274
7.248000000000755,0.002533287280578854
7.2490000000007555,0.0025336256711203167
7.250000000000756,0.0025339524630552668
7.251000000000756,0.002534267993256893
7.2520000000007565,0.0025345725893017416
7.253000000000757,0.0025348665697269186
7.254000000000757,0.0025351502442805436
7.2550000000007575,0.0025354239141641734
7.256000000000758,0.0025356878722688145
7.257000000000758,0.002535942403403494
7.2580000000007585,0.002536187784517526
7.259000000000759,0.00253642428491635
7.260000000000759,0.00253665216647107
7.2610000000007595,0.002536871683822023
7.26200000000076,0.0025370830845765323
7.26300000000076,0.0025372866095008974
7.2640000000007605,0.0025374824927071916
7.265000000000761,0.0025376709618346004
7.266000000000761,0.002537852238225495
7.2670000000007615,0.0025380265370968935
7.268000000000762,0.0025381940677068927
7.269000000000762,0.0025383550335164526
7.2700000000007625,0.0025385096323466555
7.271000000000763,0.002538658056531931
7.272000000000763,0.0025388004930684167
7.2730000000007635,0.002538937123758807
7.274000000000764,0.002539068125352921
7.275000000000764,0.002539193669684525
7.2760000000007645,0.0025393139238044232
7.277000000000765,0.0025394290501097178
7.278000000000765,0.0025395392064699387
7.2790000000007655,0.0025396445463493865
7.280000000000766,0.002539745218926564
7.281000000000766,0.0025398413692098477
7.2820000000007665,0.0025399331381504714
7.283000000000767,0.002540020662752829
7.284000000000767,0.002540104076180643
7.2850000000007675,0.002540183507861747
7.286000000000768,0.0025402590835888854
7.287000000000768,0.0025403309256188077
7.2880000000007685,0.002540399152767818
7.289000000000769,0.002540463880505762
7.290000000000769,0.002540525221046603
7.2910000000007695,0.0025405832834374635
7.29200000000077,0.0025406381736447423
7.29300000000077,0.002540689994638169
7.2940000000007705,0.00254073884647266
7.295000000000771,0.0025407848263681865
7.296000000000771,0.0025408280287872835
7.2970000000007715,0.0025408685455106106
7.298000000000772,0.0025409064657108994
7.299000000000772,0.002540941876024338
7.3000000000007725,0.0025409748606206525
7.301000000000773,0.0025410055012711034
7.302000000000773,0.002541033877414719
7.3030000000007735,0.002541060066223042
7.304000000000774,0.0025410841426628805
7.305000000000774,0.002541106179557419
7.3060000000007745,0.002541126247646245
7.307000000000775,0.0025411444156430082
7.308000000000775,0.0025411607502924746
7.3090000000007755,0.0025411753164251254
7.310000000000776,0.002541188177011315
7.311000000000776,0.002541199393213258
7.3120000000007765,0.00254120902443589
7.313000000000777,0.00254121712837653
7.314000000000777,0.0025412237610732274
7.3150000000007775,0.002541228976951429
7.316000000000778,0.002541232828870005
7.317000000000778,0.0025412353681656327
7.3180000000007785,0.002541236644695938
7.319000000000779,0.002541236706882055
7.320000000000779,0.002541235601749344
7.3210000000007796,0.002541233374967356
7.32200000000078,0.002541230070888776
7.32300000000078,0.0025412257325871483
7.3240000000007806,0.0025412204018935222
7.325000000000781,0.002541214119432443
7.326000000000781,0.002541206924656411
7.3270000000007816,0.00254119885587965
7.328000000000782,0.002541189950311582
7.329000000000782,0.0025411802440876118
7.330000000000783,0.002541169772301264
7.331000000000783,0.002541158569033631
7.332000000000783,0.00254114666738281
7.333000000000784,0.0025411340994924946
7.334000000000784,0.002541120896579291
7.335000000000784,0.002541107088959743
7.336000000000785,0.0025410927060762617
7.337000000000785,0.0025410777765223075
7.338000000000785,0.0025410623280669904
7.339000000000786,0.0025410463876786304
7.340000000000786,0.0025410299815481104
7.341000000000786,0.0025410131351108305
7.342000000000787,0.002540995873068677
7.343000000000787,0.002540978219410711
7.344000000000787,0.0025409601974336407
7.345000000000788,0.002540941829761504
7.346000000000788,0.002540923138364848
7.347000000000788,0.002540904144578835
7.348000000000789,0.002540884869121428
7.349000000000789,0.002540865332110488
7.350000000000789,0.002540845553080675
7.35100000000079,0.002540825550999333
7.35200000000079,0.00254080534428245
7.35300000000079,0.002540784950809581
7.354000000000791,0.002540764387938644
7.355000000000791,0.002540743672519649
7.356000000000791,0.0025407228209089576
7.357000000000792,0.0025407018489818634
7.358000000000792,0.0025406807721458716
7.359000000000792,0.002540659605352571
7.360000000000793,0.0025406383631098595
7.361000000000793,0.0025406170594931346
7.362000000000793,0.0025405957081566996
7.363000000000794,0.002540574322344221
7.364000000000794,0.002540552914899182
7.365000000000794,0.002540531498275017
7.366000000000795,0.002540510084544409
7.367000000000795,0.0025404886854090217
7.368000000000795,0.0025404673122084824
7.369000000000796,0.0025404459759287464
7.370000000000796,0.002540424687210996
7.371000000000796,0.002540403456359537
7.372000000000797,0.0025403822933499284
7.373000000000797,0.002540361207836586
7.374000000000797,0.0025403402091602294
7.375000000000798,0.002540319306354979
7.376000000000798,0.0025402985081557222
7.377000000000798,0.002540277823004724
7.378000000000799,0.002540257259058435
7.379000000000799,0.0025402368241939123
7.380000000000799,0.0025402165260152328
7.3810000000008,0.0025401963718598188
7.3820000000008,0.0025401763688044886
7.3830000000008,0.002540156523671372
7.384000000000801,0.0025401368430342
7.385000000000801,0.0025401173332236272
7.386000000000801,0.002540098000333564
7.387000000000802,0.0025400788502265015
7.388000000000802,0.0025400598885394823
7.389000000000802,0.0025400411206896387
7.390000000000803,0.0025400225518799335
7.391000000000803,0.0025400041871048856
7.392000000000803,0.002539986031156273
7.393000000000804,0.002539968088628771
7.394000000000804,0.0025399503639259267
7.395000000000804,0.002539932861265852
7.396000000000805,0.002539915584687479
7.397000000000805,0.002539898538056147
7.398000000000805,0.002539881725070338
7.399000000000806,0.0025398651492674375
7.400000000000806,0.0025398488140304792
7.401000000000806,0.002539832722594764
7.402000000000807,0.0025398168780543344
7.403000000000807,0.002539801283369371
7.404000000000807,0.0025397859413729823
7.405000000000808,0.0025397708547786474
7.406000000000808,0.0025397560261882467
7.407000000000808,0.0025397414580993136
7.408000000000809,0.0025397271529137115
7.409000000000809,0.0025397131129457663
7.410000000000809,0.0025396993404311063
7.41100000000081,0.002539685837535832
7.41200000000081,0.002539672606365676
7.41300000000081,0.0025396596489758796
7.414000000000811,0.0025396469673812892
7.415000000000811,0.0025396345635669212
7.416000000000811,0.0025396224394986407
7.417000000000812,0.002539610597134652
7.418000000000812,0.0025395990384373193
7.419000000000812,0.0025395877653848313
7.420000000000813,0.0025395767797778655
7.421000000000813,0.0025395660829784956
7.422000000000813,0.0025395556760675723
7.423000000000814,0.0025395455600611787
7.424000000000814,0.0025395357359225476
7.425000000000814,0.002539526204572689
7.426000000000815,0.0025395169669002113
7.427000000000815,0.0025395080237700374
7.428000000000815,0.0025394993760314392
7.429000000000816,0.0025394910245248037
7.430000000000816,0.002539482970088356
7.431000000000816,0.0025394752135632116
7.432000000000817,0.0025394677557988646
7.433000000000817,0.0025394605976569347
7.434000000000817,0.002539453740015341
7.435000000000818,0.002539447183771238
7.436000000000818,0.0025394409298439627
7.437000000000818,0.002539434979177111
7.438000000000819,0.0025394293327407128
7.439000000000819,0.0025394239915326536
7.440000000000819,0.0025394189565798447
7.44100000000082,0.002539414228939302
7.44200000000082,0.002539409809698849
7.44300000000082,0.0025394056999772756
7.444000000000821,0.002539401900925088
7.445000000000821,0.002539398413724133
7.446000000000821,0.0025393952395878633
7.447000000000822,0.00253939237976096
7.448000000000822,0.0025393898355189903
7.449000000000822,0.002539387608168228
7.450000000000823,0.0025393856990449763
7.451000000000823,0.002539384109515208
7.452000000000823,0.0025393828409737626
7.453000000000824,0.0025393818948442753
7.454000000000824,0.0025393812725780576
7.455000000000824,0.0025393809756538467
7.456000000000825,0.0025393810055771363
7.457000000000825,0.002539381363879628
7.458000000000825,0.002539382052118764
7.459000000000826,0.0025393830718772777
7.460000000000826,0.0025393844247627757
7.461000000000826,0.0025393861124074144
7.462000000000827,0.0025393881364674277
7.463000000000827,0.0025393904986231904
7.464000000000827,0.002539393200578822
7.465000000000828,0.0025393962440623703
7.466000000000828,0.002539399630825459
7.467000000000828,0.0025394033626437162
7.468000000000829,0.0025394074413168204
7.469000000000829,0.002539411868668618
7.470000000000829,0.0025394166465477035
7.47100000000083,0.002539421776827564
7.47200000000083,0.0025394272614075834
7.47300000000083,0.0025394331022130616
7.474000000000831,0.0025394393011962876
7.475000000000831,0.0025394458603372853
7.476000000000831,0.002539452781644601
7.477000000000832,0.002539460067156215
7.478000000000832,0.0025394677189407126
7.479000000000832,0.002539475739098466
7.480000000000833,0.002539484129762487
7.481000000000833,0.0025394928931002057
7.482000000000833,0.0025395020313144674
7.483000000000834,0.0025395115466450187
7.484000000000834,0.002539521441370339
7.485000000000834,0.002539531717808588
7.486000000000835,0.0025395423783200165
7.487000000000835,0.002539553425307938
7.488000000000835,0.002539564861221144
7.489000000000836,0.0025395766885550897
7.490000000000836,0.002539588909854465
7.491000000000836,0.0025396015277144787
7.492000000000837,0.002539614544783301
7.493000000000837,0.002539627963763738
7.494000000000837,0.002539641787415673
7.495000000000838,0.002539656018557622
7.496000000000838,0.0025396706600695484
7.497000000000838,0.0025396857148943797
7.498000000000839,0.0025397011860406223
7.499000000000839,0.0025397170765842636
7.500000000000839,0.0025397333896712594
7.50100000000084,0.002539750128519643
7.50200000000084,0.002539767296421639
7.50300000000084,0.002539784896746236
7.504000000000841,0.002539802932941128
7.505000000000841,0.0025398214085350403
7.506000000000841,0.0025398403271401464
7.507000000000842,0.002539859692454117
7.508000000000842,0.0025398795082624964
7.509000000000842,0.002539899778440647
7.510000000000843,0.002539920506956145
7.511000000000843,0.002539941697871039
7.512000000000843,0.0025399633553436357
7.513000000000844,0.0025399854836308626
7.514000000000844,0.002540008087090234
7.515000000000844,0.0025400311701820506
7.516000000000845,0.002540054737470862
7.517000000000845,0.002540078793628029
7.518000000000845,0.0025401033434332802
7.519000000000846,0.002540128391776402
7.520000000000846,0.0025401539436591854
7.521000000000846,0.0025401800041973087
7.522000000000847,0.0025402065786214213
7.523000000000847,0.002540233672279301
7.524000000000847,0.0025402612906370373
7.525000000000848,0.0025402894392805124
7.526000000000848,0.0025403181239167377
7.527000000000848,0.002540347350375012
7.528000000000849,0.002540377124608518
7.529000000000849,0.0025404074526948657
7.530000000000849,0.002540438340837569
7.53100000000085,0.002540469795366696
7.53200000000085,0.002540501822739797
7.53300000000085,0.0025405344295428775
7.534000000000851,0.0025405676224906464
7.535000000000851,0.002540601408427323
7.536000000000851,0.0025406357943272596
7.537000000000852,0.002540670787295026
7.538000000000852,0.0025407063945658524
7.539000000000852,0.002540742623506006
7.540000000000853,0.002540779481612597
7.541000000000853,0.0025408169765137704
7.542000000000853,0.002540855115968608
7.543000000000854,0.0025408939078669993
7.544000000000854,0.002540933360229612
7.545000000000854,0.0025409734812070935
7.546000000000855,0.0025410142790800554
7.547000000000855,0.002541055762258621
7.548000000000855,0.0025410979392817244
7.549000000000856,0.0025411408188166854
7.550000000000856,0.002541184409658403
7.551000000000856,0.002541228720728792
7.552000000000857,0.0025412737610758726
7.553000000000857,0.002541319539873254
7.554000000000857,0.0025413660664189743
7.555000000000858,0.0025414133501350696
7.556000000000858,0.002541461400566287
7.557000000000858,0.0025415102273795946
7.558000000000859,0.0025415598403632986
7.559000000000859,0.002541610249425938
7.560000000000859,0.002541661464595748
7.56100000000086,0.0025417134960201253
7.56200000000086,0.002541766353964383
7.56300000000086,0.0025418200488117396
7.564000000000861,0.0025418745910624797
7.565000000000861,0.0025419299913335205
7.566000000000861,0.002541986260358408
7.567000000000862,0.002542043408986925
7.568000000000862,0.0025421014481852577
7.569000000000862,0.002542160389036114
7.570000000000863,0.002542220242739191
7.571000000000863,0.0025422810206119396
7.572000000000863,0.0025423427340900834
7.573000000000864,0.0025424053947291636
7.574000000000864,0.0025424690142056665
7.575000000000864,0.0025425336043190146
7.576000000000865,0.0025425991769935756
7.577000000000865,0.0025426657442809385
7.578000000000865,0.0025427333183631433
7.579000000000866,0.0025428019115557726
7.580000000000866,0.002542871536311407
7.581000000000866,0.002542942205224448
7.582000000000867,0.0025430139310353254
7.583000000000867,0.002543086726635828
7.584000000000867,0.002543160605075121
7.585000000000868,0.00254323557956615
7.586000000000868,0.002543311663492299
7.587000000000868,0.002543388870415879
7.588000000000869,0.0025434672140855624
7.589000000000869,0.0025435467084464133
7.590000000000869,0.0025436273676492614
7.59100000000087,0.002543709206061593
7.59200000000087,0.0025437922382790454
7.59300000000087,0.0025438764791378063
7.594000000000871,0.0025439619437279057
7.595000000000871,0.0025440486474074854
7.596000000000871,0.002544136605818044
7.597000000000872,0.002544225834900441
7.598000000000872,0.0025443163509125746
7.599000000000872,0.0025444081704472966
7.600000000000873,0.0025445013104520332
7.601000000000873,0.0025445957882496775
7.602000000000873,0.002544691621560149
7.603000000000874,0.0025447888285236135
7.604000000000874,0.002544887427724747
7.605000000000874,0.002544987438218505
7.606000000000875,0.0025450888795571884
7.607000000000875,0.0025451917718189963
7.608000000000875,0.0025452961356379894
7.609000000000876,0.0025454019922352793
7.610000000000876,0.0025455093634524084
7.611000000000876,0.0025456182717857115
7.612000000000877,0.0025457287404227168
7.613000000000877,0.0025458407932801887
7.614000000000877,0.0025459544550436447
7.615000000000878,0.0025460697512092907
7.616000000000878,0.0025461867081271843
7.617000000000878,0.0025463053530469827
7.618000000000879,0.002546425714165086
7.619000000000879,0.0025465478206743615
7.620000000000879,0.002546857717378063
7.62100000000088,0.002547231548275422
7.62200000000088,0.0025478165187675372
7.62300000000088,0.002548755322551017
7.624000000000881,0.0025501861901783343
7.625000000000881,0.0025522429374139066
7.626000000000881,0.002555055013394595
7.627000000000882,0.0025587475486022436
7.628000000000882,0.002563441402657716
7.629000000000882,0.0025692532119424884
7.630000000000883,0.0025762954370558873
7.631000000000883,0.002584676410113885
7.632000000000883,0.0025945003818980787
7.633000000000884,0.002605867568858576
7.634000000000884,0.002618874199980182
7.635000000000884,0.0026336125635153043
7.636000000000885,0.0026501710535922034
7.637000000000885,0.0026686342167029746
7.638000000000885,0.0026890827980781164
7.639000000000886,0.002711593787953364
7.640000000000886,0.002736240467735223
7.641000000000886,0.002763092456070492
7.642000000000887,0.002792215754826636
7.643000000000887,0.002823672794987842
7.644000000000887,0.002857522482473906
7.645000000000888,0.0028938202438867806
7.646000000000888,0.00293261807219148
7.647000000000888,0.0029739645723365488
7.648000000000889,0.0030179050068203095
7.649000000000889,0.0030644813412085137
7.650000000000889,0.003113732289608623
7.65100000000089,0.003165693360107108
7.65200000000089,0.0032203969001743937
7.65300000000089,0.0032778721420427606
7.654000000000891,0.0033381452480632998
7.655000000000891,0.0034012393560455823
7.656000000000891,0.0034671746245857962
7.657000000000892,0.0035359682783873483
7.658000000000892,0.0036076346535790157
7.659000000000892,0.003682185243033681
7.660000000000893,0.0037596287416927845
7.661000000000893,0.0038399710918994787
7.662000000000893,0.003923215528743369
7.663000000000894,0.004009362625421224
7.664000000000894,0.004098410338615445
7.665000000000894,0.004190354053892835
7.666000000000895,0.004285186631126571
7.667000000000895,0.004382898449942489
7.668000000000895,0.0044834774551922515
7.669000000000896,0.004586909202453443
7.670000000000896,0.004693176903558985
7.671000000000896,0.004802261472155692
7.672000000000897,0.004914141569292943
7.673000000000897,0.0050287936490414145
7.674000000000897,0.0051461920041418335
7.675000000000898,0.005266308811683891
7.676000000000898,0.005389114178814207
7.677000000000898,0.00551457618847255
7.678000000000899,0.005642660945156558
7.679000000000899,0.0057733326207119184
7.680000000000899,0.005906553500148695
7.6810000000009,0.006042284027480624
7.6820000000009,0.006180482851586899
7.6830000000009,0.006321106872094681
7.684000000000901,0.006464111285279538
7.685000000000901,0.0066094496299833674
7.6860000000009014,0.006757073833546519
7.687000000000902,0.006906934257753447
7.688000000000902,0.007058979744787808
7.6890000000009024,0.00721315766319771
7.690000000000903,0.007369413953866276
7.691000000000903,0.007527693175987636
7.6920000000009034,0.00768793855304474
7.693000000000904,0.007850092018787724
7.694000000000904,0.008014094263211112
7.6950000000009044,0.008179884778526943
7.696000000000905,0.008347401905132883
7.697000000000905,0.008516582877573266
7.6980000000009055,0.008687363870490905
7.699000000000906,0.008859680044568524
7.700000000000906,0.009033465592458302
7.7010000000009065,0.009208653784697499
7.702000000000907,0.009385177015609203
7.703000000000907,0.009562966849187102
7.7040000000009075,0.009741954064962366
7.705000000000908,0.0099220687038526
7.706000000000908,0.0101032401139904
7.7070000000009085,0.010285396996532546
7.708000000000909,0.01046846745144709
7.709000000000909,0.010652379023278785
7.7100000000009095,0.01083705874689253
7.71100000000091,0.01102243319319239
7.71200000000091,0.011208428514818687
7.7130000000009105,0.011394970491820228
7.714000000000911,0.011581984577302376
7.715000000000911,0.01176939594305134
7.7160000000009115,0.011957129525133572
7.717000000000912,0.012145110069470798
7.718000000000912,0.012333262177390412
7.7190000000009125,0.012521510351151767
7.720000000000913,0.012709779039447679
7.721000000000913,0.012897992682882248
7.7220000000009135,0.013086075759424685
7.723000000000914,0.013273952829839307
7.724000000000914,0.013461548583092675
7.7250000000009145,0.01364878788173756
7.726000000000915,0.013835595807274267
7.727000000000915,0.014021897705490477
7.7280000000009155,0.01420761923177858
7.729000000000916,0.014392686396432645
7.730000000000916,0.014577025609924243
7.7310000000009165,0.014760563728158392
7.732000000000917,0.01494322809770951
7.733000000000917,0.015124946601039288
7.7340000000009175,0.015305647701694326
7.735000000000918,0.01548526048948761
7.736000000000918,0.01566371472566159
7.7370000000009185,0.01584094088803447
7.738000000000919,0.01601687021613054
7.739000000000919,0.016191434756294552
7.7400000000009195,0.016364567406791222
7.74100000000092,0.016536201962889796
7.74200000000092,0.016706273161934744
7.7430000000009205,0.016874716728403197
7.744000000000921,0.01704146941894897
7.745000000000921,0.017206469067434414
7.7460000000009215,0.017369654629950243
7.747000000000922,0.017530966229824287
7.748000000000922,0.017690345202618772
7.7490000000009225,0.017847734141117635
7.750000000000923,0.01800307694030346
7.751000000000923,0.01815631884232545
7.7520000000009235,0.018307406481457802
7.753000000000924,0.01845628792904972
7.754000000000924,0.018602912738467307
7.7550000000009245,0.018747231990027584
7.756000000000925,0.018889198335924964
7.757000000000925,0.01902876604515074
7.7580000000009255,0.0191658910484065
7.759000000000926,0.01930053098301064
7.760000000000926,0.019432645237798918
7.7610000000009265,0.019562194998020248
7.762000000000927,0.019689143290226356
7.763000000000927,0.019813455027157263
7.7640000000009275,0.01993509705262165
7.765000000000928,0.02005403818637355
7.766000000000928,0.020170249268984558
7.7670000000009285,0.02028370320671303
7.768000000000929,0.02039437501636935
7.769000000000929,0.020502241870178725
7.7700000000009295,0.02060728314064115
7.77100000000093,0.020709480445388943
7.77200000000093,0.0208088176920422
7.7730000000009305,0.020905281123062773
7.774000000000931,0.02099885936060665
7.775000000000931,0.021089543451375148
7.7760000000009315,0.021177326911466066
7.777000000000932,0.02126220577122335
7.778000000000932,0.021344178620088104
7.7790000000009325,0.021423246651448923
7.780000000000933,0.021499413707493815
7.781000000000933,0.021572686324062958
7.7820000000009335,0.02164307377550355
7.783000000000934,0.021710588119526267
7.784000000000934,0.021775244242065228
7.7850000000009345,0.02183705990214079
7.786000000000935,0.02189605577672612
7.787000000000935,0.02195225550561835
7.7880000000009355,0.022005685736315034
7.789000000000936,0.02205637616889603
7.790000000000936,0.022104359600912324
7.7910000000009365,0.022149671972281876
7.792000000000937,0.02219235241019398
7.793000000000937,0.022232443274022247
7.7940000000009375,0.022269990200247988
7.795000000000938,0.022305042147394753
7.796000000000938,0.022337651440974438
7.7970000000009385,0.022367873818447154
7.798000000000939,0.022395768474195367
7.799000000000939,0.02242139810451358
7.8000000000009395,0.022444828952615827
7.80100000000094,0.02246613085366069
7.80200000000094,0.022485377279796825
7.8030000000009405,0.022502645385230412
7.804000000000941,0.02251801605131526
7.805000000000941,0.02253157393166836
7.8060000000009415,0.02254340749731166
7.807000000000942,0.022553609081843465
7.808000000000942,0.02256227492663962
7.8090000000009425,0.02256950522608766
7.810000000000943,0.02257540417285618
7.811000000000943,0.022580080003200907
7.8120000000009435,0.02258364504230987
7.813000000000944,0.022586215749690136
7.814000000000944,0.022587912764599337
7.8150000000009445,0.022588860951522065
7.816000000000945,0.022589189445695997
7.817000000000945,0.022589031698688984
7.8180000000009455,0.022588525524029575
7.819000000000946,0.022587813142893563
7.820000000000946,0.02258704122984892
7.8210000000009465,0.022586284721424307
7.822000000000947,0.022585467410455168
7.823000000000947,0.02258443977277772
7.8240000000009475,0.022583056887796625
7.825000000000948,0.022581178390967183
7.826000000000948,0.022578668426231623
7.8270000000009485,0.022575395598413234
7.828000000000949,0.022571232925573587
7.829000000000949,0.022566057791336767
7.8300000000009495,0.02255975189718499
7.83100000000095,0.022552201214730012
7.83200000000095,0.022543295937963448
7.8330000000009505,0.02253293043549051
7.834000000000951,0.022521003202750425
7.835000000000951,0.022507416814227084
7.8360000000009515,0.022492077875652605
7.837000000000952,0.02247489697620768
7.838000000000952,0.022455788640720828
7.8390000000009525,0.022434671281869878
7.840000000000953,0.022411467152387232
7.841000000000953,0.022386102297272503
7.8420000000009535,0.022358506506013398
7.843000000000954,0.022328613264817852
7.844000000000954,0.022296359708858626
7.8450000000009545,0.022261686574532334
7.846000000000955,0.02222453815173435
7.847000000000955,0.022184862236150425
7.8480000000009555,0.022142610081568065
7.849000000000956,0.02209773635220609
7.850000000000956,0.02205019907506596
7.8510000000009565,0.02199995959230367
7.852000000000957,0.021946982513625077
7.853000000000957,0.021891235668702866
7.8540000000009575,0.02183269005961813
7.855000000000958,0.021771319813325543
7.856000000000958,0.021707102134143015
7.8570000000009586,0.02164001725626631
7.858000000000959,0.021570048396308224
7.859000000000959,0.021497181705863788
7.8600000000009596,0.021421406224100194
7.86100000000096,0.021342713830372388
7.86200000000096,0.021261099196864315
7.8630000000009606,0.021176559741255194
7.864000000000961,0.021089095579411965
7.865000000000961,0.020998709478106226
7.866000000000962,0.02090540680775691
7.867000000000962,0.020809195495198017
7.868000000000962,0.020710085976470963
7.869000000000963,0.020608091149641766
7.870000000000963,0.020503226327642857
7.871000000000963,0.02039550919113888
7.872000000000964,0.020284959741416822
7.873000000000964,0.020171600253299567
7.874000000000964,0.0200554552280834
7.875000000000965,0.01993655134649821
7.876000000000965,0.0198149174216916
7.877000000000965,0.019690584352234544
7.878000000000966,0.01956358507515079
7.879000000000966,0.01943395451896765
7.880000000000966,0.019301729556789174
7.881000000000967,0.01916694895939095
7.882000000000967,0.019029653348336735
7.883000000000967,0.018889885149115805
7.884000000000968,0.01874768854430204
7.885000000000968,0.018603109426733475
7.886000000000968,0.018456195352712833
7.887000000000969,0.018306995495228157
7.888000000000969,0.018155560597194358
7.889000000000969,0.018001942924714492
7.89000000000097,0.017846196220360905
7.89100000000097,0.01768837565647704
7.89200000000097,0.017528537788498104
7.893000000000971,0.017366740508291817
7.894000000000971,0.017203042997518618
7.895000000000971,0.017037505681011388
7.896000000000972,0.016870190180174105
7.897000000000972,0.016701159266400138
7.898000000000972,0.016530476814509816
7.899000000000973,0.01635820775620627
7.900000000000973,0.016184418033551508
7.901000000000973,0.01600917455246046
7.902000000000974,0.015832545136214286
7.903000000000974,0.015654598478992664
7.904000000000974,0.015475404099424717
7.905000000000975,0.015295032294158621
7.906000000000975,0.015113554091450009
7.907000000000975,0.014931041204768805
7.908000000000976,0.01474756598642489
7.909000000000976,0.014563201381211761
7.910000000000976,0.01437802088006878
7.911000000000977,0.014192098473761718
7.912000000000977,0.014005508606581313
7.913000000000977,0.013818326130059531
7.914000000000978,0.013630626256704033
7.915000000000978,0.01344248451375011
7.916000000000978,0.013253976696929591
7.917000000000979,0.01306517882425759
7.918000000000979,0.012876167089835494
7.919000000000979,0.012687017817670773
7.92000000000098,0.012497807415513103
7.92100000000098,0.012308612328706052
7.92200000000098,0.012119508994054194
7.923000000000981,0.011930573793705393
7.924000000000981,0.01174188300904714
7.925000000000981,0.011553512774616928
7.926000000000982,0.011365539032025689
7.927000000000982,0.011178037483893837
7.928000000000982,0.010991083547799242
7.929000000000983,0.010804752310235491
7.930000000000983,0.010619118480581217
7.931000000000983,0.010434256345077934
7.932000000000984,0.010250239720816144
7.933000000000984,0.010067141909728732
7.934000000000984,0.009885035652590302
7.935000000000985,0.00970399308302134
7.936000000000985,0.009524085681495667
7.937000000000985,0.009345384229350343
7.938000000000986,0.009167958762796247
7.939000000000986,0.008991878526928072
7.940000000000986,0.008817211929731908
7.941000000000987,0.008644026496089093
7.942000000000987,0.008472388821774937
7.943000000000987,0.008302364527449604
7.944000000000988,0.00813401821264096
7.945000000000988,0.007967413409715657
7.946000000000988,0.007802612537838816
7.947000000000989,0.007639676856918472
7.948000000000989,0.007478666421533983
7.949000000000989,0.007319640034846614
7.95000000000099,0.007162655202489529
7.95100000000099,0.0070077680864362515
7.95200000000099,0.006855033458845042
7.953000000000991,0.00670450465587797
7.954000000000991,0.0065562335314921505
7.955000000000991,0.006410270411202339
7.956000000000992,0.006266664045812408
7.957000000000992,0.006125461565114412
7.958000000000992,0.005986708431554334
7.959000000000993,0.005850448393862055
7.960000000000993,0.005716723440645631
7.961000000000993,0.0055855737539475744
7.962000000000994,0.005457037662763453
7.963000000000994,0.005331151596521082
7.964000000000994,0.00520795003852044
7.965000000000995,0.005087465479333558
7.966000000000995,0.004969728370165093
7.967000000000995,0.004854767076172516
7.968000000000996,0.004742607829747433
7.969000000000996,0.004633274683758105
7.970000000000996,0.00452678946475446
7.971000000000997,0.004423171726136127
7.972000000000997,0.004322438701285701
7.973000000000997,0.004224605256668783
7.974000000000998,0.004129683844902157
7.975000000000998,0.004037684457793747
7.976000000000998,0.003948614579355247
7.977000000000999,0.003862479138791411
7.978000000000999,0.0037792804634691965
7.979000000000999,0.003699018231868842
7.980000000001,0.003621689426521725
7.981000000001,0.003547288286938066
7.982000000001,0.0034758062625288577
7.983000000001001,0.0034072319655255937
7.984000000001001,0.0033415511239024698
7.985000000001001,0.0032787465343058625
7.986000000001002,0.003218798014994438
7.987000000001002,0.0031616823587960197
7.988000000001002,0.0031073732860845485
7.989000000001003,0.00305584139778238
7.990000000001003,0.003007054128393624
7.991000000001003,0.0029609756990705005
7.992000000001004,0.0029175670707206336
7.993000000001004,0.0028767858971576535
7.994000000001004,0.002838586478299973
7.995000000001005,0.002802919713422513
7.996000000001005,0.002769733054465571
7.997000000001005,0.002738970459403838
7.998000000001006,0.0027105723456813426
7.999000000001006,0.0026844755437132536
8.000000000001005,0.0026606132504612516
8.001000000001005,0.00263891498308225
8.002000000001004,0.0026193065326567087
8.003000000001004,0.0026017099179965614
8.004000000001003,0.0025860433395370613
8.005000000001003,0.0025722211333145187
8.006000000001002,0.002560153725031395
8.007000000001002,0.002549747584211358
8.008000000001001,0.00254090517844624
8.009000000001,0.002533524927735044
8.010000000001,0.0025275011589185638
8.011000000001,0.0025227240602093692
8.012000000000999,0.0025190796358186204
8.013000000000998,0.0025164496606814336
8.014000000000998,0.002514711635281646
8.015000000000997,0.0025137387405773405
8.016000000000997,0.0025133997930278894
8.017000000000996,0.0025135591997246243
8.018000000000995,0.0025140769136264562
8.019000000000995,0.002514808388902036
8.020000000000994,0.0025156045363809963
8.021000000000994,0.0025165067648362134
8.022000000000993,0.00251738129448208
8.023000000000993,0.002518228911196508
8.024000000000992,0.0025190503786711622
8.025000000000992,0.002519846439066078
8.026000000000991,0.0025206178136430585
8.02700000000099,0.002521365203379162
8.02800000000099,0.0025220892895610678
8.02900000000099,0.0025227907343600385
8.030000000000989,0.002523470181389372
8.031000000000988,0.0025241282562441063
8.032000000000988,0.002524765567023853
8.033000000000987,0.002525382704839499
8.034000000000987,0.002525980244303779
8.035000000000986,0.0025265587440070833
8.036000000000985,0.0025271187469781756
8.037000000000985,0.002527660781131008
8.038000000000984,0.0025281853596974095
8.039000000000984,0.0025286929816469746
8.040000000000983,0.0025291841320935864
8.041000000000983,0.002529659282689809
8.042000000000982,0.0025301188920094676
8.043000000000982,0.002530563405918087
8.044000000000981,0.0025309932579323166
8.04500000000098,0.002531408869568798
8.04600000000098,0.002531810650682205
8.04700000000098,0.002532198999792911
8.048000000000979,0.0025325743044054237
8.049000000000978,0.0025329369413166873
8.050000000000978,0.002533287276915531
8.051000000000977,0.002533625667473418
8.052000000000977,0.0025339524594257465
8.053000000000976,0.002534267989645754
8.054000000000975,0.0025345725857098336
8.055000000000975,0.002534866566155057
8.056000000000974,0.0025351502407295542
8.057000000000974,0.002535423910634736
8.058000000000973,0.002535687868761561
8.059000000000973,0.0025359423999190382
8.060000000000972,0.002536187781056399
8.061000000000972,0.002536424281479061
8.062000000000971,0.002536652163058036
8.06300000000097,0.002536871680433716
8.06400000000097,0.0025370830812132296
8.06500000000097,0.0025372866061630778
8.066000000000969,0.0025374824893950737
8.067000000000968,0.0025376709585485033
8.068000000000968,0.0025378522349656235
8.069000000000967,0.0025380265338634383
8.070000000000967,0.00253819406450001
8.071000000000966,0.0025383550303362916
8.072000000000966,0.0025385096291934556
8.073000000000965,0.002538658053405682
8.074000000000964,0.002538800489969264
8.075000000000964,0.002538937120686733
8.076000000000963,0.002539068122308058
8.077000000000963,0.0025391936666668592
8.078000000000962,0.002539313920813923
8.079000000000962,0.0025394290471464492
8.080000000000961,0.002539539203533822
8.08100000000096,0.0025396445434405085
8.08200000000096,0.002539745216044706
8.08300000000096,0.0025398413663549613
8.084000000000959,0.002539933135322598
8.085000000000958,0.0025400206599517847
8.086000000000958,0.002540104073406428
8.087000000000957,0.0025401835051141845
8.088000000000957,0.0025402590808680237
8.089000000000956,0.002540330922924383
8.090000000000956,0.0025403991500998237
8.091000000000955,0.0025404638778640035
8.092000000000954,0.0025405252184309696
8.093000000000954,0.002540583280847896
8.094000000000953,0.00254063817108105
8.095000000000953,0.0025406899921002063
8.096000000000952,0.0025407388439603294
8.097000000000952,0.0025407848238813563
8.098000000000951,0.002540828026325822
8.09900000000095,0.0025408685430743927
8.10000000000095,0.0025409064632998073
8.10100000000095,0.0025409418736381563
8.102000000000949,0.00254097485825925
8.103000000000948,0.0025410054989343546
8.104000000000948,0.0025410338751025822
8.105000000000947,0.002541060063935313
8.106000000000947,0.0025410841403994133
8.107000000000946,0.0025411061773181337
8.108000000000946,0.0025411262454308747
8.109000000000945,0.0025411444134515702
8.110000000000944,0.0025411607481247156
8.111000000000944,0.002541175314281035
8.112000000000943,0.0025411881748906746
8.113000000000943,0.002541199391116012
8.114000000000942,0.0025412090223618303
8.115000000000942,0.002541217126325629
8.116000000000941,0.0025412237590453114
8.11700000000094,0.0025412289749464113
8.11800000000094,0.0025412328268877814
8.11900000000094,0.0025412353662059364
8.120000000000939,0.002541236642758807
8.121000000000938,0.002541236704967368
8.122000000000938,0.002541235599856917
8.123000000000937,0.00254123337309713
8.124000000000937,0.002541230069040692
8.125000000000936,0.002541225730761012
8.126000000000936,0.0025412204000892467
8.127000000000935,0.0025412141176499627
8.128000000000934,0.0025412069228955662
8.129000000000934,0.0025411988541404404
8.130000000000933,0.0025411899485937167
8.131000000000933,0.0025411802423911563
8.132000000000932,0.0025411697706261074
8.133000000000932,0.0025411585673796276
8.134000000000931,0.002541146665749845
8.13500000000093,0.0025411340978804854
8.13600000000093,0.002541120894988168
8.13700000000093,0.0025411070873893535
8.138000000000929,0.002541092704526543
8.139000000000928,0.002541077774993121
8.140000000000928,0.002541062326558218
8.141000000000927,0.0025410463861902273
8.142000000000927,0.002541029980079948
8.143000000000926,0.0025410131336628568
8.144000000000926,0.00254099587164067
8.145000000000925,0.0025409782180026118
8.146000000000925,0.0025409601960453554
8.147000000000924,0.0025409418283930084
8.148000000000923,0.002540923137016031
8.149000000000923,0.0025409041432495443
8.150000000000922,0.0025408848678114618
8.151000000000922,0.002540865330819847
8.152000000000921,0.0025408455518091955
8.15300000000092,0.0025408255497469216
8.15400000000092,0.0025408053430490372
8.15500000000092,0.0025407849495950215
8.156000000000919,0.002540764386742743
8.157000000000918,0.002540743671342407
8.158000000000918,0.0025407228197501554
8.159000000000917,0.0025407018478414665
8.160000000000917,0.0025406807710237345
8.161000000000916,0.002540659604248506
8.162000000000916,0.002540638362023742
8.163000000000915,0.0025406170584249196
8.164000000000915,0.002540595707106196
8.165000000000914,0.0025405743213113147
8.166000000000913,0.0025405529138837306
8.167000000000913,0.0025405314972768225
8.168000000000912,0.0025405100835633777
8.169000000000912,0.002540488684445053
8.170000000000911,0.002540467311261365
8.17100000000091,0.0025404459749983205
8.17200000000091,0.0025404246862970985
8.17300000000091,0.002540403455462085
8.174000000000909,0.0025403822924687965
8.175000000000908,0.0025403612069715593
8.176000000000908,0.002540340208311162
8.177000000000907,0.002540319305521732
8.178000000000907,0.002540298507338116
8.179000000000906,0.0025402778222026363
8.180000000000906,0.0025402572582716686
8.181000000000905,0.0025402368234222726
8.182000000000905,0.00254021652525864
8.183000000000904,0.0025401963711180094
8.184000000000903,0.0025401763680773376
8.185000000000903,0.0025401565229587787
8.186000000000902,0.0025401368423358973
8.187000000000902,0.002540117332539508
8.188000000000901,0.0025400979996634022
8.1890000000009,0.0025400788495701966
8.1900000000009,0.002540059887896764
8.1910000000009,0.0025400411200603504
8.192000000000899,0.0025400225512639506
8.193000000000898,0.0025400041865020206
8.194000000000898,0.002539986030566335
8.195000000000897,0.0025399680880516147
8.196000000000897,0.0025399503633612742
8.197000000000896,0.002539932860713679
8.198000000000896,0.002539915584147477
8.199000000000895,0.002539898537528208
8.200000000000895,0.002539881724554268
8.201000000000894,0.0025398651487630423
8.202000000000893,0.002539848813537658
8.203000000000893,0.0025398327221132187
8.204000000000892,0.0025398168775839815
8.205000000000892,0.002539801282909978
8.206000000000891,0.002539785940924317
8.20700000000089,0.002539770854340699
8.20800000000089,0.002539756025760686
8.20900000000089,0.0025397414576820605
8.210000000000889,0.0025397271525065823
8.211000000000888,0.002539713112548591
8.212000000000888,0.0025396993400437287
8.213000000000887,0.0025396858371580927
8.214000000000887,0.0025396726059974013
8.215000000000886,0.002539659648616875
8.216000000000886,0.0025396469670314094
8.217000000000885,0.0025396345632259926
8.218000000000885,0.0025396224391665556
8.219000000000884,0.0025396105968112717
8.220000000000883,0.00253959903812237
8.221000000000883,0.002539587765078271
8.222000000000882,0.002539576779479545
8.223000000000882,0.002539566082688228
8.224000000000881,0.0025395556757852565
8.22500000000088,0.0025395455597867107
8.22600000000088,0.0025395357356558096
8.22700000000088,0.0025395262043135143
8.228000000000879,0.0025395169666485445
8.229000000000879,0.0025395080235258403
8.230000000000878,0.002539499375794608
8.231000000000877,0.002539491024295286
8.232000000000877,0.002539482969866013
8.233000000000876,0.0025394752133480504
8.234000000000876,0.0025394677555907637
8.235000000000875,0.0025394605974559045
8.236000000000875,0.0025394537398212985
8.237000000000874,0.0025394471835841897
8.238000000000874,0.002539440929663749
8.239000000000873,0.0025394349790037636
8.240000000000872,0.0025394293325742834
8.241000000000872,0.0025394239913730556
8.242000000000871,0.0025394189564270815
8.24300000000087,0.0025394142287933318
8.24400000000087,0.002539409809559603
8.24500000000087,0.002539405699844812
8.246000000000869,0.0025394019007993554
8.247000000000869,0.002539398413605183
8.248000000000868,0.0025393952394756614
8.249000000000867,0.002539392379655548
8.250000000000867,0.002539389835420333
8.251000000000866,0.0025393876080763364
8.252000000000866,0.002539385698959836
8.253000000000865,0.0025393841094367327
8.254000000000865,0.0025393828409021567
8.255000000000864,0.002539381894779466
8.256000000000864,0.0025393812725200936
8.257000000000863,0.002539380975602714
8.258000000000862,0.0025393810055328453
8.259000000000862,0.002539381363842238
8.260000000000861,0.0025393820520882987
8.26100000000086,0.0025393830718538
8.26200000000086,0.0025393844247462403
8.26300000000086,0.0025393861123978456
8.264000000000859,0.0025393881364648985
8.265000000000859,0.0025393904986277457
8.266000000000858,0.0025393932005905243
8.267000000000857,0.00253939624408122
8.268000000000857,0.0025393996308515562
8.269000000000856,0.002539403362677096
8.270000000000856,0.002539407441357524
8.271000000000855,0.002539411868716656
8.272000000000855,0.0025394166466031487
8.273000000000854,0.0025394217768905623
8.274000000000854,0.002539427261478093
8.275000000000853,0.002539433102291242
8.276000000000852,0.0025394393012822085
8.277000000000852,0.0025394458604309326
8.278000000000851,0.002539452781746075
8.27900000000085,0.0025394600672655927
8.28000000000085,0.0025394677190580875
8.28100000000085,0.0025394757392238794
8.28200000000085,0.0025394841298960608
8.283000000000849,0.00253949289324204
8.284000000000848,0.002539502031464632
8.285000000000847,0.002539511546803635
8.286000000000847,0.002539521441537424
8.287000000000846,0.002539531717984312
8.288000000000846,0.0025395423785044384
8.289000000000845,0.0025395534255011794
8.290000000000845,0.0025395648614233053
8.291000000000844,0.0025395766887662957
8.292000000000844,0.0025395889100748373
8.293000000000843,0.0025396015279441214
8.294000000000842,0.0025396145450222625
8.295000000000842,0.002539627964012345
8.296000000000841,0.0025396417876738207
8.29700000000084,0.0025396560188256506
8.29800000000084,0.0025396706603474616
8.29900000000084,0.0025396857151824305
8.30000000000084,0.0025397011863388316
8.301000000000839,0.0025397170768928397
8.302000000000838,0.002539733389990341
8.303000000000837,0.0025397501288493586
8.304000000000837,0.002539767296762214
8.305000000000836,0.0025397848970977153
8.306000000000836,0.002539802933303713
8.307000000000835,0.0025398214089089564
8.308000000000835,0.002539840327525515
8.309000000000834,0.002539859692851188
8.310000000000834,0.002539879508671322
8.311000000000833,0.002539899778861463
8.312000000000833,0.0025399205073891873
8.313000000000832,0.0025399416983164086
8.314000000000831,0.002539963355801554
8.31500000000083,0.0025399854841015833
8.31600000000083,0.002540008087573955
8.31700000000083,0.002540031170678872
8.31800000000083,0.0025400547379810998
8.319000000000829,0.0025400787941518045
8.320000000000828,0.002540103343970833
8.321000000000828,0.002540128392327881
8.322000000000827,0.002540153944224903
8.323000000000826,0.0025401800047774453
8.324000000000826,0.002540206579216147
8.325000000000825,0.002540233672888994
8.326000000000825,0.0025402612912618534
8.327000000000824,0.0025402894399206566
8.328000000000824,0.0025403181245724042
8.329000000000823,0.002540347351046548
8.330000000000823,0.002540377125296124
8.331000000000822,0.002540407453398754
8.332000000000821,0.0025404383415580448
8.33300000000082,0.0025404697961039363
8.33400000000082,0.002540501823494124
8.33500000000082,0.0025405344303145033
8.33600000000082,0.002540567623279817
8.337000000000819,0.0025406014092343165
8.338000000000818,0.0025406357951523358
8.339000000000818,0.0025406707881384383
8.340000000000817,0.0025407063954279024
8.341000000000816,0.002540742624386968
8.342000000000816,0.002540779482512648
8.343000000000815,0.0025408169774332294
8.344000000000815,0.002540855116907794
8.345000000000814,0.002540893908826173
8.346000000000814,0.002540933361208978
8.347000000000813,0.0025409734822069256
8.348000000000813,0.0025410142801006105
8.349000000000812,0.0025410557633002533
8.350000000000811,0.002541097940344683
8.35100000000081,0.0025411408199013177
8.35200000000081,0.002541184410764872
8.35300000000081,0.0025412287218574622
8.35400000000081,0.002541273762226952
8.355000000000809,0.0025413195410470615
8.356000000000808,0.002541366067615833
8.357000000000808,0.002541413351355156
8.358000000000807,0.0025414614018099933
8.359000000000806,0.0025415102286471293
8.360000000000806,0.0025415598416549424
8.361000000000805,0.0025416102507419824
8.362000000000805,0.0025416614659365434
8.363000000000804,0.0025417134973858696
8.364000000000804,0.0025417663553554265
8.365000000000803,0.002541820050228308
8.366000000000803,0.002541874592504878
8.367000000000802,0.002541929992802068
8.368000000000801,0.00254198626185332
8.369000000000801,0.0025420434105085515
8.3700000000008,0.0025421014497338384
8.3710000000008,0.002542160390611916
8.3720000000008,0.002542220244342596
8.373000000000799,0.002542281022243107
8.374000000000798,0.00254234273574935
8.375000000000798,0.0025424053964168136
8.376000000000797,0.002542469015922009
8.377000000000796,0.002542533606064313
8.378000000000796,0.00254259917876809
8.379000000000795,0.0025426657460849295
8.380000000000795,0.0025427333201969785
8.381000000000794,0.002542801913419615
8.382000000000794,0.0025428715382056696
8.383000000000793,0.0025429422071493978
8.384000000000793,0.0025430139329911915
8.385000000000792,0.0025430867286229744
8.386000000000791,0.002543160607093878
8.387000000000791,0.0025432355816166555
8.38800000000079,0.0025433116655750633
8.38900000000079,0.0025433888725309647
8.39000000000079,0.0025434672162334485
8.391000000000789,0.0025435467106274118
8.392000000000788,0.0025436273698636255
8.393000000000788,0.0025437092083096732
8.394000000000787,0.002543792240561178
8.395000000000786,0.002543876481454297
8.396000000000786,0.002543961946079056
8.397000000000785,0.0025440486497937155
8.398000000000785,0.0025441366082396694
8.399000000000784,0.0025442258373578643
8.400000000000784,0.0025443163534060766
8.401000000000783,0.002544408172977193
8.402000000000783,0.0025445013130188376
8.403000000000782,0.002544595790853789
8.404000000000782,0.0025446916242019384
8.405000000000781,0.0025447888312034594
8.40600000000078,0.0025448874304430935
8.40700000000078,0.002544987440975772
8.40800000000078,0.0025450888823538194
8.409000000000779,0.0025451917746556058
8.410000000000778,0.002545296138514924
8.411000000000778,0.002545401995153136
8.412000000000777,0.00254550936641168
8.413000000000777,0.002545618274786908
8.414000000000776,0.0025457287434664487
8.415000000000775,0.002545840796366945
8.416000000000775,0.0025459544581741336
8.417000000000774,0.0025460697543841053
8.418000000000774,0.002546186711346963
8.419000000000773,0.0025463053563123603
8.420000000000773,0.0025464257174768086
8.421000000000772,0.002546547824033213
8.422000000000772,0.0025468577208688607
8.423000000000771,0.0025472315518934655
8.42400000000077,0.002547816522508191
8.42500000000077,0.0025487553264097046
8.42600000000077,0.0025501861941505943
8.427000000000769,0.0025522429414954924
8.428000000000768,0.0025550550175809997
8.429000000000768,0.0025587475528893178
8.430000000000767,0.002563441407041244
8.431000000000767,0.0025692532164183907
8.432000000000766,0.0025762954416200766
8.433000000000765,0.002584676414762413
8.434000000000765,0.0025945003866269835
8.435000000000764,0.0026058675736641036
8.436000000000764,0.0026188742048584325
8.437000000000763,0.0026336125684625414
8.438000000000763,0.00265017105860485
8.439000000000762,0.0026686342217774085
8.440000000000762,0.002689082803210778
8.441000000000761,0.002711593793140888
8.44200000000076,0.002736240472974164
8.44300000000076,0.0027630924613576448
8.44400000000076,0.0027922157601586936
8.445000000000759,0.002823672800361724
8.446000000000758,0.0028575224878864963
8.447000000000758,0.0028938202493351446
8.448000000000757,0.002932618077672783
8.449000000000757,0.002973964577847911
8.450000000000756,0.0030179050123591428
8.451000000000755,0.0030644813467720494
8.452000000000755,0.0031137322951944324
8.453000000000754,0.003165693365712728
8.454000000000754,0.003220396905797472
8.455000000000753,0.0032778721476811046
8.456000000000753,0.0033381452537148415
8.457000000000752,0.0034012393617082887
8.458000000000752,0.0034671746302577036
8.459000000000751,0.003535968284066729
8.46000000000075,0.0036076346592641417
8.46100000000075,0.003682185248723026
8.46200000000075,0.0037596287473849327
8.463000000000749,0.0038399710975930285
8.464000000000748,0.003923215534437113
8.465000000000748,0.004009362631114136
8.466000000000747,0.004098410344306538
8.467000000000747,0.004190354059581181
8.468000000000746,0.004285186636811475
8.469000000000745,0.004382898455623327
8.470000000000745,0.004483477460868586
8.471000000000744,0.004586909208124927
8.472000000000744,0.004693176909225202
8.473000000000743,0.004802261477816691
8.474000000000743,0.004914141574948634
8.475000000000742,0.005028793654691936
8.476000000000742,0.005146192009787436
8.477000000000741,0.005266308817324802
8.47800000000074,0.005389114184450865
8.47900000000074,0.0055145761941056
8.48000000000074,0.005642660950786506
8.481000000000739,0.0057733326263396875
8.482000000000738,0.00590655350577509
8.483000000000738,0.006042284033106547
8.484000000000737,0.006180482857213475
8.485000000000737,0.006321106877722964
8.486000000000736,0.006464111290910728
8.487000000000736,0.006609449635618825
8.488000000000735,0.006757073839187784
8.489000000000734,0.006906934263401748
8.490000000000734,0.007058979750444817
8.491000000000733,0.007213157668864899
8.492000000000733,0.0073694139595454344
8.493000000000732,0.00752769318168043
8.494000000000732,0.00768793855875291
8.495000000000731,0.007850092024513138
8.49600000000073,0.008014094268955621
8.49700000000073,0.008179884784292442
8.49800000000073,0.008347401910921377
8.499000000000729,0.00851658288338656
8.500000000000728,0.008687363876331088
8.501000000000728,0.008859680050437607
8.502000000000727,0.00903346559835827
8.503000000000727,0.00920865379063035
8.504000000000726,0.009385177021577054
8.505000000000726,0.009562966855191882
8.506000000000725,0.009741954071006184
8.507000000000724,0.009922068709937407
8.508000000000724,0.010103240120118304
8.509000000000723,0.010285397002705449
8.510000000000723,0.010468467457666948
8.511000000000722,0.010652379029547597
8.512000000000722,0.01083705875321208
8.513000000000721,0.011022433199564585
8.51400000000072,0.011208428521245394
8.51500000000072,0.011394970498303146
8.51600000000072,0.011581984583843186
8.517000000000719,0.011769395949651748
8.518000000000718,0.011957129531795216
8.519000000000718,0.01214511007619521
8.520000000000717,0.012333262184178989
8.521000000000717,0.012521510358006034
8.522000000000716,0.012709779046368955
8.523000000000716,0.012897992689871789
8.524000000000715,0.013086075766483615
8.525000000000714,0.013273952836968743
8.526000000000714,0.013461548590293637
8.527000000000713,0.013648787889010916
8.528000000000713,0.013835595814620981
8.529000000000712,0.014021897712911222
8.530000000000712,0.014207619239274015
8.531000000000711,0.014392686404003312
8.53200000000071,0.014577025617570571
8.53300000000071,0.014760563735880722
8.53400000000071,0.014943228105508188
8.535000000000709,0.015124946608914301
8.536000000000708,0.015305647709645757
8.537000000000708,0.015485260497515363
8.538000000000707,0.01566371473376555
8.539000000000707,0.015840940896214253
8.540000000000706,0.016016870224385804
8.541000000000706,0.01619143476462479
8.542000000000705,0.016364567415195798
8.543000000000704,0.01653620197136795
8.544000000000704,0.016706273170485682
8.545000000000703,0.016874716737025883
8.546000000000703,0.017041469427642356
8.547000000000702,0.017206469076197245
8.548000000000702,0.017369654638781325
8.549000000000701,0.017530966238722162
8.5500000000007,0.017690345211581915
8.5510000000007,0.017847734150144415
8.5520000000007,0.018003076949392224
8.553000000000699,0.018156318851474285
8.554000000000698,0.018307406490664764
8.555000000000698,0.018456287938312776
8.556000000000697,0.01860291274778445
8.557000000000697,0.018747231999396465
8.558000000000696,0.018889198345343167
8.559000000000696,0.019028766054616002
8.560000000000695,0.019165891057916246
8.561000000000694,0.019300530992562223
8.562000000000694,0.019432645247389732
8.563000000000693,0.019562195007647533
8.564000000000693,0.019689143299887288
8.565000000000692,0.01981345503684897
8.566000000000692,0.019935097062341138
8.567000000000691,0.020054038196117743
8.56800000000069,0.02017024927875044
8.56900000000069,0.020283703216497397
8.57000000000069,0.020394375026169018
8.571000000000689,0.020502241879990446
8.572000000000688,0.02060728315046166
8.573000000000688,0.020709480455214903
8.574000000000687,0.0208088177018703
8.575000000000687,0.020905281132889565
8.576000000000686,0.02099885937042876
8.577000000000686,0.02108954346118927
8.578000000000685,0.021177326921268676
8.579000000000685,0.021262205781011047
8.580000000000684,0.021344178629857456
8.581000000000683,0.02142324666119657
8.582000000000683,0.021499413717216254
8.583000000000682,0.021572686333756905
8.584000000000682,0.021643073785165556
8.585000000000681,0.021710588129153024
8.58600000000068,0.02177524425165358
8.58700000000068,0.02183705991168739
8.58800000000068,0.021896055786227726
8.589000000000679,0.021952255515071795
8.590000000000678,0.022005685745717297
8.591000000000678,0.022056376178244012
8.592000000000677,0.02210435961020312
8.593000000000677,0.022149671981512617
8.594000000000676,0.022192352419361835
8.595000000000676,0.022232443283124466
8.596000000000675,0.02226999020928202
8.597000000000675,0.02230504215635809
8.598000000000674,0.02233765144986459
8.599000000000673,0.022367873827261846
8.600000000000673,0.0223957684829323
8.601000000000672,0.022421398113170836
8.602000000000672,0.022444828961191376
8.603000000000671,0.022466130862152663
8.60400000000067,0.022485377288203504
8.60500000000067,0.022502645393550298
8.60600000000067,0.022518016059546876
8.607000000000669,0.02253157393981041
8.608000000000668,0.0225434075053631
8.609000000000668,0.02255360908980323
8.610000000000667,0.022562274934506854
8.611000000000667,0.02256950523386174
8.612000000000666,0.02257540418053664
8.613000000000666,0.022580080010787387
8.614000000000665,0.02258364504980207
8.615000000000665,0.02258621575708828
8.616000000000664,0.02258791277190344
8.617000000000663,0.02258886095873252
8.618000000000663,0.022589189452813352
8.619000000000662,0.02258903170571399
8.620000000000662,0.022588525530963105
8.621000000000661,0.022587813149736735
8.62200000000066,0.022587041236603024
8.62300000000066,0.022586284728090746
8.62400000000066,0.02258546741703514
8.625000000000659,0.022584439779272193
8.626000000000658,0.022583056894206338
8.627000000000658,0.02258117839729267
8.628000000000657,0.022578668432473192
8.629000000000657,0.02257539560457094
8.630000000000656,0.02257123293164741
8.631000000000656,0.02256605779732638
8.632000000000655,0.022559751903089974
8.633000000000655,0.0225522012205498
8.634000000000654,0.02254329594369727
8.635000000000653,0.022532930441137473
8.636000000000653,0.022521003208309638
8.637000000000652,0.022507416819697423
8.638000000000652,0.02249207788103292
8.639000000000651,0.022474896981496663
8.64000000000065,0.022455788645917227
8.64100000000065,0.02243467128697222
8.64200000000065,0.02241146715739415
8.643000000000649,0.02238610230218243
8.644000000000648,0.022358506510824848
8.645000000000648,0.022328613269529327
8.646000000000647,0.02229635971346855
8.647000000000647,0.02226168657903914
8.648000000000646,0.022224538156136384
8.649000000000646,0.022184862240446246
8.650000000000645,0.022142610085756055
8.651000000000645,0.02209773635628484
8.652000000000644,0.022050199079033862
8.653000000000644,0.021999959596159406
8.654000000000643,0.02194698251736718
8.655000000000642,0.02189123567232993
8.656000000000642,0.021832690063128928
8.657000000000641,0.021771319816718794
8.65800000000064,0.02170710213741752
8.65900000000064,0.021640017259420878
8.66000000000064,0.021570048399341908
8.661000000000639,0.021497181708775556
8.662000000000639,0.021421406226889213
8.663000000000638,0.021342713833037825
8.664000000000637,0.021261099199405303
8.665000000000637,0.021176559743671206
8.666000000000636,0.02108909558170239
8.667000000000636,0.02099870948027053
8.668000000000635,0.02090540680979474
8.669000000000635,0.020809195497108995
8.670000000000634,0.02071008597825484
8.671000000000634,0.0206080911512984
8.672000000000633,0.020503226329172175
8.673000000000632,0.020395509192540934
8.674000000000632,0.020284959742691733
8.675000000000631,0.020171600254447558
8.67600000000063,0.02005545522910461
8.67700000000063,0.01993655134739309
8.67800000000063,0.019814917422460512
8.679000000000629,0.01969058435287807
8.680000000000629,0.019563585075669486
8.681000000000628,0.019433954519362154
8.682000000000627,0.019301729557060242
8.683000000000627,0.019166948959539416
8.684000000000626,0.019029653348363394
8.685000000000626,0.01888988514902165
8.686000000000625,0.018747688544088023
8.687000000000625,0.018603109426400685
8.688000000000624,0.018456195352262318
8.689000000000624,0.018306995494661207
8.690000000000623,0.018155560596512174
8.691000000000622,0.018001942923918282
8.692000000000622,0.017846196219452146
8.693000000000621,0.01768837565545707
8.69400000000062,0.017528537787368327
8.69500000000062,0.017366740507053745
8.69600000000062,0.017203042996173812
8.69700000000062,0.017037505679561374
8.698000000000619,0.01687019017862043
8.699000000000618,0.016701159264744553
8.700000000000617,0.016530476812753936
8.701000000000617,0.0163582077543519
8.702000000000616,0.016184418031600388
8.703000000000616,0.01600917455041436
8.704000000000615,0.015832545134074998
8.705000000000615,0.01565459847676213
8.706000000000614,0.01547540409710483
8.707000000000614,0.015295032291751283
8.708000000000613,0.015113554088957135
8.709000000000612,0.01493104120219247
8.710000000000612,0.014747565983767079
8.711000000000611,0.014563201378474527
8.71200000000061,0.014378020877254212
8.71300000000061,0.014192098470872015
8.71400000000061,0.014005508603618565
8.71500000000061,0.013818326127025944
8.716000000000609,0.013630626253601917
8.717000000000608,0.013442484510581637
8.718000000000607,0.013253976693697066
8.719000000000607,0.013065178820963377
8.720000000000606,0.012876167086481968
8.721000000000606,0.012687017814260418
8.722000000000605,0.012497807412048291
8.723000000000605,0.012308612325189344
8.724000000000604,0.012119508990488033
8.725000000000604,0.011930573790092415
8.726000000000603,0.011741883005389954
8.727000000000602,0.011553512770918137
8.728000000000602,0.01136553902828806
8.729000000000601,0.011178037480120119
8.7300000000006,0.0109910835439921
8.7310000000006,0.01080475230639781
8.7320000000006,0.010619118476715879
8.7330000000006,0.010434256341187748
8.734000000000599,0.01025023971690401
8.735000000000598,0.01006714190579764
8.736000000000598,0.009885035648643264
8.737000000000597,0.009703993079061314
8.738000000000596,0.009524085677525725
8.739000000000596,0.009345384225373586
8.740000000000595,0.009167958758815722
8.741000000000595,0.008991878522946882
8.742000000000594,0.00881721192575314
8.743000000000594,0.008644026492115896
8.744000000000593,0.008472388817810442
8.745000000000593,0.008302364523496947
8.746000000000592,0.008134018208703207
8.747000000000591,0.007967413405795938
8.74800000000059,0.007802612533940212
8.74900000000059,0.007639676853043988
8.75000000000059,0.007478666417686665
8.75100000000059,0.007319640031029369
8.752000000000589,0.007162655198705355
8.753000000000588,0.007007768082687875
8.754000000000588,0.006855033455135391
8.755000000000587,0.006704504652209571
8.756000000000586,0.006556233527867737
8.757000000000586,0.006410270407624423
8.758000000000585,0.006266664042283397
8.759000000000585,0.006125461561636604
8.760000000000584,0.005986708428129851
8.761000000000584,0.0058504483904929586
8.762000000000583,0.005716723437333808
8.763000000000583,0.005585573750694829
8.764000000000582,0.005457037659571319
8.765000000000581,0.005331151593390947
8.76600000000058,0.00520795003545349
8.76700000000058,0.005087465476330842
8.76800000000058,0.004969728367227387
8.76900000000058,0.004854767073300431
8.770000000000579,0.004742607826941345
8.771000000000578,0.004633274681018318
8.772000000000578,0.004526789462080814
8.773000000000577,0.004423171723528296
8.774000000000576,0.004322438698743235
8.775000000000576,0.004224605254190855
8.776000000000575,0.004129683842487825
8.777000000000575,0.00403768445544167
8.778000000000574,0.003948614577063941
8.779000000000574,0.0038624791365592034
8.780000000000573,0.003779280461294103
8.781000000000573,0.003699018229748524
8.782000000000572,0.0036216894244537126
8.783000000000571,0.0035472882849197362
8.784000000000571,0.003475806260557275
8.78500000000057,0.003407231963597518
8.78600000000057,0.003341551122014612
8.78700000000057,0.0032787465324545864
8.788000000000569,0.0032187980131760455
8.789000000000568,0.003161682357006583
8.790000000000568,0.0031073732843198837
8.791000000000567,0.003055841396038317
8.792000000000566,0.0030070541266657216
8.793000000000566,0.0029609756973542
8.794000000000565,0.0029175670690114383
8.795000000000565,0.002876785895450734
8.796000000000564,0.002838586476590639
8.797000000000564,0.0028029197117058653
8.798000000000563,0.0027697330527367385
8.799000000000563,0.0027389704576580333
8.800000000000562,0.002710572343913656
8.801000000000561,0.0026844755419188904
8.802000000000561,0.0026606132486353233
8.80300000000056,0.0026389149812202327
8.80400000000056,0.002619306530753967
8.80500000000056,0.0026017099160485536
8.806000000000559,0.002586043337539548
8.807000000000558,0.002572221131263222
8.808000000000558,0.0025601537229223877
8.809000000000557,0.0025497475820409204
8.810000000000556,0.002540905176210747
8.811000000000556,0.0025335249254312166
8.812000000000555,0.0025275011565434186
8.813000000000555,0.00252272405776012
8.814000000000554,0.00251907963329287
8.815000000000554,0.002516449658077076
8.816000000000553,0.0025147116325969915
8.817000000000553,0.0025137387378109458
8.818000000000552,0.0025133997901787553
8.819000000000552,0.0025135591967921506
8.820000000000551,0.0025140769106104903
8.82100000000055,0.002514808385802897
8.82200000000055,0.002515604533199295
8.82300000000055,0.002516506761588308
8.824000000000549,0.002517381291173036
8.825000000000548,0.0025182289078312624
8.826000000000548,0.002519050375254517
8.827000000000547,0.002519846435602425
8.828000000000547,0.0025206178101366897
8.829000000000546,0.0025213651998341365
8.830000000000545,0.0025220892859812473
8.831000000000545,0.0025227907307491665
8.832000000000544,0.0025234701777509874
8.833000000000544,0.002524128252581654
8.834000000000543,0.0025247655633405114
8.835000000000543,0.0025253827011383484
8.836000000000542,0.002525980240587679
8.837000000000542,0.0025265587402788156
8.838000000000541,0.002527118743240398
8.83900000000054,0.002527660777386191
8.84000000000054,0.002528185355947961
8.84100000000054,0.0025286929778950314
8.842000000000539,0.0025291841283412685
8.843000000000538,0.0025296592789392433
8.844000000000538,0.002530118888262503
8.845000000000537,0.002530563402176462
8.846000000000537,0.002530993254197717
8.847000000000536,0.0025314088658429518
8.848000000000535,0.002531810646966476
8.849000000000535,0.002532198996088794
8.850000000000534,0.002532574300714196
8.851000000000534,0.002532936937639542
8.852000000000533,0.0025332872732538
8.853000000000533,0.0025336256638280874
8.854000000000532,0.0025339524557978603
8.855000000000532,0.0025342679860362177
8.856000000000531,0.0025345725821195493
8.85700000000053,0.0025348665625849164
8.85800000000053,0.0025351502371801643
8.85900000000053,0.0025354239071068846
8.860000000000529,0.0025356878652558965
8.861000000000528,0.0025359423964361263
8.862000000000528,0.002536187777596826
8.863000000000527,0.002536424278043313
8.864000000000527,0.002536652159646595
8.865000000000526,0.0025368716770469008
8.866000000000525,0.0025370830778515506
8.867000000000525,0.002537286602826757
8.868000000000524,0.002537482486084503
8.869000000000524,0.002537670955263853
8.870000000000523,0.002537852231707185
8.871000000000523,0.002538026530631475
8.872000000000522,0.0025381940612946713
8.873000000000522,0.002538355027157664
8.874000000000521,0.0025385096260417024
8.87500000000052,0.002538658050280928
8.87600000000052,0.0025388004868715126
8.87700000000052,0.0025389371176161024
8.878000000000519,0.0025390681192646
8.879000000000518,0.0025391936636506053
8.880000000000518,0.002539313917824901
8.881000000000517,0.0025394290441845685
8.882000000000517,0.0025395392005991176
8.883000000000516,0.002539644540532862
8.884000000000515,0.0025397452131641074
8.885000000000515,0.0025398413635014105
8.886000000000514,0.0025399331324960084
8.887000000000514,0.0025400206571520867
8.888000000000513,0.0025401040706335178
8.889000000000513,0.002540183502367982
8.890000000000512,0.00254025907814839
8.891000000000512,0.002540330920231218
8.892000000000511,0.0025403991474329847
8.89300000000051,0.0025404638752234074
8.89400000000051,0.002540525215816554
8.89500000000051,0.002540583278259425
8.896000000000509,0.0025406381685185234
8.897000000000508,0.0025406899895634508
8.898000000000508,0.0025407388414491992
8.899000000000507,0.0025407848213957335
8.900000000000507,0.002540828023865519
8.901000000000506,0.002540868540639344
8.902000000000506,0.002540906460889742
8.903000000000505,0.002540941871253116
8.904000000000504,0.0025409748558990614
8.905000000000504,0.002541005496598806
8.906000000000503,0.002541033872791549
8.907000000000503,0.0025410600616487117
8.908000000000502,0.002541084138137053
8.909000000000502,0.0025411061750798512
8.910000000000501,0.002541126243216684
8.9110000000005,0.002541144411261187
8.9120000000005,0.0025411607459580703
8.9130000000005,0.0025411753121379575
8.914000000000499,0.0025411881727711028
8.915000000000498,0.0025411993890197514
8.916000000000498,0.0025412090202888288
8.917000000000497,0.002541217124275734
8.918000000000497,0.0025412237570183807
8.919000000000496,0.0025412289729423165
8.920000000000496,0.002541232824906429
8.921000000000495,0.002541235364247267
8.922000000000494,0.0025412366408226056
8.923000000000494,0.0025412367030535586
8.924000000000493,0.0025412355979654404
8.925000000000493,0.002541233371227799
8.926000000000492,0.0025412300671933848
8.927000000000492,0.002541225728935642
8.928000000000491,0.002541220398285797
8.92900000000049,0.0025412141158681796
8.93000000000049,0.002541206921135457
8.93100000000049,0.0025411988524018936
8.932000000000489,0.002541189946876656
8.933000000000488,0.0025411802406954745
8.934000000000488,0.0025411697689515927
8.935000000000487,0.002541158565726287
8.936000000000487,0.0025411466641175537
8.937000000000486,0.0025411340962691598
8.938000000000486,0.0025411208933976484
8.939000000000485,0.0025411070858195883
8.940000000000484,0.002541092702977397
8.941000000000484,0.002541077773464538
8.942000000000483,0.002541062325050098
8.943000000000483,0.0025410463847024556
8.944000000000482,0.002541029978612417
8.945000000000482,0.0025410131322154417
8.946000000000481,0.002540995870213312
8.94700000000048,0.002540978216595137
8.94800000000048,0.00254096019465775
8.94900000000048,0.002540941827025127
8.950000000000479,0.0025409231356676963
8.951000000000478,0.0025409041419206767
8.952000000000478,0.0025408848665020405
8.953000000000477,0.00254086532952974
8.954000000000477,0.0025408455505382573
8.955000000000476,0.0025408255484950446
8.956000000000476,0.0025408053418160548
8.957000000000475,0.0025407849483809093
8.958000000000474,0.002540764385547324
8.959000000000474,0.002540743670165553
8.960000000000473,0.002540722818591752
8.961000000000473,0.0025407018467013993
8.962000000000472,0.0025406807699019027
8.963000000000472,0.002540659603144809
8.964000000000471,0.002540638360938017
8.96500000000047,0.0025406170573569926
8.96600000000047,0.0025405957060559876
8.96700000000047,0.0025405743202786303
8.968000000000469,0.0025405529128684767
8.969000000000468,0.0025405314962788257
8.970000000000468,0.0025405100825825616
8.971000000000467,0.002540488683481279
8.972000000000467,0.0025404673103144246
8.973000000000466,0.0025404459740681166
8.974000000000466,0.002540424685383451
8.975000000000465,0.0025404034545648303
8.976000000000464,0.0025403822915878484
8.977000000000464,0.002540361206106727
8.978000000000463,0.002540340207462244
8.979000000000463,0.0025403193046886693
8.980000000000462,0.0025402985065206725
8.981000000000462,0.0025402778214006945
8.982000000000461,0.0025402572574850235
8.98300000000046,0.002540236822650827
8.98400000000046,0.002540216524502162
8.98500000000046,0.0025401963703764047
8.986000000000459,0.0025401763673503913
8.987000000000458,0.002540156522246286
8.988000000000458,0.0025401368416377475
8.989000000000457,0.00254011733185551
8.990000000000457,0.002540097998993407
8.991000000000456,0.0025400788489139785
8.992000000000456,0.0025400598872542188
8.993000000000455,0.002540041119431253
8.994000000000455,0.00254002255064811
8.995000000000454,0.00254000418589927
8.996000000000453,0.0025399860299764945
8.997000000000453,0.0025399680874745346
8.998000000000452,0.0025399503627968056
8.999000000000452,0.002539932860161534
