time_s,right_foot_x_m,left_foot_x_m,com_x_m,dcm_x_m
0.0,-0.029640195608479372,-0.030490800139452105,-0.029645618206045853,-0.02964021058879805
0.001,-0.029640195342852164,-0.030490780277566933,-0.029645562411273807,-0.029634450034689414
0.002,-0.029640189962164252,-0.030490760931763176,-0.029645468080180863,-0.029628650437223472
0.003,-0.029640169236253382,-0.03049074209009965,-0.029645335208462877,-0.029622811531775723
0.004,-0.029640123091610005,-0.03049072374090301,-0.029645163790057168,-0.029616933051928113
0.005,-0.029640041610788384,-0.03049070587275854,-0.02964495381714224,-0.0296110147294569
0.006,-0.029639915031789598,-0.03049068847450146,-0.029644705280137438,-0.02960505629432038
0.007,-0.02963973374741954,-0.0304906715352086,-0.029644418167702493,-0.02959905747464661
0.008,-0.02963948830462181,-0.030490655044190754,-0.029644092466737014,-0.029593017996720948
0.009000000000000001,-0.02963916940378805,-0.030490638990985364,-0.02964372816237989,-0.029586937584973615
0.010000000000000002,-0.02963876789804642,-0.030490623365349412,-0.02964332523800861,-0.029580815961967093
0.011000000000000003,-0.02963827479252995,-0.030490608157253088,-0.029642883675238516,-0.029574652848383478
0.012000000000000004,-0.029637681243625952,-0.030490593356873562,-0.029642403453921943,-0.029568447963011724
0.013000000000000005,-0.029636978558207506,-0.030490578954589093,-0.02964188455214731,-0.02956220102273482
0.014000000000000005,-0.02963615819284878,-0.03049056494097352,-0.029641326946238132,-0.02955591174251688
0.015000000000000006,-0.029635211753024707,-0.030490551306791232,-0.02964073061075192,-0.029549579835390114
0.016000000000000007,-0.02963413099229664,-0.030490538042992073,-0.02964009551847903,-0.02954320501244176
0.017000000000000008,-0.029632907811484564,-0.030490525140706826,-0.029639421640441418,-0.029536786982800878
0.01800000000000001,-0.029631534257827684,-0.030490512591242875,-0.029638708945891323,-0.029530325453625095
0.01900000000000001,-0.02963000252413338,-0.030490500386080113,-0.029637957402309865,-0.029523820130087242
0.02000000000000001,-0.029628304947916503,-0.03049048851686696,-0.02963716697540555,-0.029517270715361893
0.02100000000000001,-0.02962643401052897,-0.030490476975416788,-0.02963633762911272,-0.02951067691061182
0.022000000000000013,-0.029624382336281525,-0.03049046575370461,-0.029635469325589886,-0.029504038414974378
0.023000000000000013,-0.029622142691557787,-0.03049045484386371,-0.029634562025218032,-0.029497354925547743
0.024000000000000014,-0.029619707983921672,-0.030490444238182587,-0.02963361568659878,-0.029490626137377126
0.025000000000000015,-0.029617071261219007,-0.030490433929102202,-0.02963263026655252,-0.029483851743440845
0.026000000000000016,-0.02961422571067412,-0.030490423909213225,-0.029631605720116423,-0.029477031434636303
0.027000000000000017,-0.02961116465798209,-0.030490414171253512,-0.029630542000542406,-0.0294701648997659
0.028000000000000018,-0.029607881566397307,-0.030490404708105583,-0.029629439059294983,-0.029463251825522837
0.02900000000000002,-0.029604370035818936,-0.03049039551279455,-0.02962829684604906,-0.029456291896476795
0.03000000000000002,-0.02960062380187432,-0.030490386578486007,-0.02962711530868764,-0.02944928479505958
0.03100000000000002,-0.029596636735000407,-0.030490377898483606,-0.029625894393299445,-0.0294422302015506
0.03200000000000002,-0.029592402839524114,-0.030490369466227792,-0.029624634044176448,-0.029435127794062297
0.03300000000000002,-0.029587916252742062,-0.030490361275293327,-0.029623334203811334,-0.02942797724852545
0.03400000000000002,-0.0295831712440003,-0.03049035331938803,-0.02962199481289489,-0.029420778238674394
0.035000000000000024,-0.029578162213774174,-0.03049034559235088,-0.029620615810313274,-0.02941353043603213
0.036000000000000025,-0.02957288369274943,-0.030490338088150562,-0.029619197133145245,-0.02940623350989533
0.037000000000000026,-0.029567330340904266,-0.03049033080088392,-0.02961773871665929,-0.029398887127319265
0.03800000000000003,-0.029561496946593425,-0.030490323724774435,-0.029616240494310657,-0.029391490953102593
0.03900000000000003,-0.029555378425633876,-0.03049031685417088,-0.029614702397738345,-0.02938404464977209
0.04000000000000003,-0.029548969820393466,-0.030490310183545918,-0.029613124356761958,-0.029376547877567227
0.04100000000000003,-0.029542266298881893,-0.030490303707494754,-0.029611506299378514,-0.029369000294424675
0.04200000000000003,-0.029535263153844984,-0.0304902974207339,-0.02960984815175916,-0.029361401555962705
0.04300000000000003,-0.029527955801862085,-0.030490291318099834,-0.029608149838245803,-0.02935375131546547
0.04400000000000003,-0.029520339782447263,-0.03049028539454756,-0.029606411281347656,-0.029346049223867174
0.04500000000000003,-0.02951241075715367,-0.030490279645149783,-0.029604632401737708,-0.029338294929736167
0.046000000000000034,-0.029504164508683005,-0.030490274065095097,-0.029602813118249093,-0.029330488079258893
0.047000000000000035,-0.02949559693999764,-0.030490268649687145,-0.0296009533478714,-0.029322628316223745
0.048000000000000036,-0.02948670407343825,-0.030490263394343114,-0.02959905300574688,-0.029314715282004827
0.04900000000000004,-0.02947748204984509,-0.030490258294592492,-0.029597112005166563,-0.029306748615545577
0.05000000000000004,-0.02946792712768414,-0.030490253346075954,-0.029595130257566323,-0.029298727953342294
0.05100000000000004,-0.02945803568217762,-0.03049024854454378,-0.029593107672522823,-0.029290652929427563
0.05200000000000004,-0.029447804204439175,-0.030490243885854633,-0.029591044157749383,-0.029282523175353535
0.05300000000000004,-0.029437229300613814,-0.03049023936597438,-0.029588939619091786,-0.02927433832017514
0.05400000000000004,-0.0294263076910223,-0.030490234980974376,-0.02958679396052398,-0.029266097990433153
0.05500000000000004,-0.029415036209310446,-0.030490230727030315,-0.029584607084143677,-0.02925780181013714
0.05600000000000004,-0.02940341180160302,-0.030490226600420684,-0.029582378890167904,-0.029249449400748317
0.057000000000000044,-0.029391431525662398,-0.030490222597525478,-0.029580109276928453,-0.02924104038116228
0.058000000000000045,-0.02937909255005145,-0.030490218714824248,-0.029577798140867223,-0.029232574367691607
0.059000000000000045,-0.02936639215330146,-0.030490214948895155,-0.029575445376531513,-0.02922405097404835
0.060000000000000046,-0.029353327723084213,-0.030490211296412908,-0.029573050876569206,-0.029215469811326424
0.06100000000000005,-0.02933989675538871,-0.03049020775414758,-0.02957061453172386,-0.02920683048798384
0.06200000000000005,-0.029326096853702077,-0.03049020431896266,-0.029568136230829743,-0.02919813260982486
0.06300000000000004,-0.029311925728194754,-0.03049020098781355,-0.029565615860806735,-0.029189375779982
0.06400000000000004,-0.02929738119490998,-0.030490197757745877,-0.029563053306655197,-0.029180559598897923
0.06500000000000004,-0.029282461174957027,-0.030490194625893783,-0.029560448451450696,-0.02917168366430721
0.06600000000000004,-0.029267163693708884,-0.03049019158947806,-0.029557801176338692,-0.029162747571218003
0.06700000000000005,-0.02925148688000309,-0.03049018864580453,-0.029555111360529105,-0.029153750911893525
0.06800000000000005,-0.029235428965347154,-0.0304901857922622,-0.029552378881290798,-0.02914469327583348
0.06900000000000005,-0.02921898828312687,-0.030490183026321473,-0.02954960361394599,-0.029135574249755325
0.07000000000000005,-0.029202163267818444,-0.0304901803455323,-0.02954678543186456,-0.029126393417575402
0.07100000000000005,-0.029184952454204147,-0.03049017774752215,-0.02954392420645827,-0.029117150360389962
0.07200000000000005,-0.029167354476591117,-0.030490175229994445,-0.029541019807174895,-0.029107844656456043
0.07300000000000005,-0.02914936806803331,-0.030490172790726515,-0.02953807210149227,-0.029098475881172245
0.07400000000000005,-0.029130992059556722,-0.030490170427567635,-0.029535080954912248,-0.029089043607059332
0.07500000000000005,-0.029112225379387294,-0.030490168138437242,-0.02953204623095455,-0.029079547403740743
0.07600000000000005,-0.029093067052182012,-0.03049016592132308,-0.029528967791150548,-0.02906998683792295
0.07700000000000005,-0.029073516198262695,-0.030490163774279086,-0.029525845495036937,-0.029060361473375682
0.07800000000000006,-0.02905357203285225,-0.0304901616954236,-0.02952267920014934,-0.02905067087091203
0.07900000000000006,-0.029033233865313972,-0.030490159682937442,-0.029519468762015808,-0.02904091458836841
0.08000000000000006,-0.029012501098392856,-0.03049015773506207,-0.029516214034150202,-0.02903109218058438
0.08100000000000006,-0.028991373227459896,-0.030490155850097598,-0.029512914868045543,-0.02902120319938232
0.08200000000000006,-0.02896984983975811,-0.03049015402640082,-0.02950957111316721,-0.029011247193547
0.08300000000000006,-0.028947930613651474,-0.03049015226238363,-0.029506182616946087,-0.029001223708804987
0.08400000000000006,-0.02892561531787567,-0.03049015055651083,-0.0295027492247716,-0.028991132287803915
0.08500000000000006,-0.02890290381079115,-0.030490148907298537,-0.029499270779984647,-0.02898097247009161
0.08600000000000006,-0.028879796039638354,-0.030490147313312198,-0.029495747123870476,-0.028970743792095095
0.08700000000000006,-0.0288562920397948,-0.030490145773164938,-0.029492178095651418,-0.02896044578709942
0.08800000000000006,-0.02883239193403415,-0.030490144285515577,-0.02948856353247957,-0.028950077985226398
0.08900000000000007,-0.028808095931787576,-0.03049014284906719,-0.029484903269429354,-0.028939639913413126
0.09000000000000007,-0.02878340432840655,-0.030490141462565054,-0.029481197139489986,-0.028929131095390415
0.09100000000000007,-0.028758317504427824,-0.030490140124795114,-0.02947744497355788,-0.028918551051661082
0.09200000000000007,-0.028732835924839887,-0.030490138834582445,-0.029473646600428897,-0.02890789929947803
0.09300000000000007,-0.02870696013835156,-0.030490137590789328,-0.029469801846790565,-0.028897175352822255
0.09400000000000007,-0.028680690776662077,-0.030490136392313957,-0.02946591053721416,-0.028886378722380663
0.09500000000000007,-0.028654028553732745,-0.03049013523808881,-0.029461972494146692,-0.028875508915523727
0.09600000000000007,-0.028626974265060594,-0.030490134127078943,-0.029457987537902817,-0.028864565436283025
0.09700000000000007,-0.028599528786953373,-0.030490133058280786,-0.029453955486656632,-0.028853547785328608
0.09800000000000007,-0.028571693075806006,-0.030490132030720523,-0.029449876156433373,-0.028842455459946206
0.09900000000000007,-0.028543468167379002,-0.030490131043452773,-0.029445749361101038,-0.028831287954014313
0.10000000000000007,-0.028514855176077842,-0.030490130095559214,-0.02944157491236188,-0.028820044757981063
0.10100000000000008,-0.028485855294234072,-0.030490129186147318,-0.029437352619743805,-0.028808725358841002
0.10200000000000008,-0.028456469791387867,-0.03049012831434897,-0.029433082290591717,-0.028797329240111684
0.10300000000000008,-0.028426700013571723,-0.03049012747931934,-0.029428763730058687,-0.028785855881810075
0.10400000000000008,-0.028396547382595484,-0.030490126680235718,-0.02942439674109709,-0.028774304760428866
0.10500000000000008,-0.028366013395332797,-0.030490125916296323,-0.029419981124449598,-0.028762675348912557
0.10600000000000008,-0.02833509962300837,-0.030490125186719143,-0.0294155166786401,-0.028750967116633424
0.10700000000000008,-0.028303807710486795,-0.030490124490741073,-0.029411003199964512,-0.028739179529367307
0.10800000000000008,-0.02827213937556211,-0.030490123827616792,-0.029406440482481457,-0.028727312049269222
0.10900000000000008,-0.028240096408248268,-0.030490123196617643,-0.029401828318002896,-0.02871536413484883
0.11000000000000008,-0.028207680670070914,-0.030490122597031103,-0.02939716649608462,-0.028703335240945736
0.11100000000000008,-0.028174894093359427,-0.030490122028159476,-0.02939245480401664,-0.028691224818704595
0.11200000000000009,-0.0281417386805402,-0.03049012148931949,-0.029387693026813495,-0.028679032315550093
0.11300000000000009,-0.028108216503430143,-0.030490120979841065,-0.02938288094720443,-0.02866675717516171
0.11400000000000009,-0.02807432970253099,-0.03049012049906684,-0.029378018345623487,-0.028654398837448355
0.11500000000000009,-0.02804008048632385,-0.030490120046351463,-0.029373105000199493,-0.0286419567385228
0.11600000000000009,-0.02800547113056431,-0.03049011962106081,-0.029368140686745925,-0.02862943031067595
0.11700000000000009,-0.027970503977577547,-0.030490119222571378,-0.02936312517875069,-0.028616818982350956
0.11800000000000009,-0.027935181435553316,-0.03049011885026969,-0.029358058247365787,-0.028604122178117107
0.11900000000000009,-0.027899505977841528,-0.030490118503551916,-0.029352939661396862,-0.028591339318643598
0.12000000000000009,-0.027863480142247023,-0.03049011818182309,-0.029347769187292663,-0.02857846982067309
0.1210000000000001,-0.027827106530324247,-0.030490117884496692,-0.029342546589134384,-0.0285655130969951
0.1220000000000001,-0.02779038780667161,-0.030490117610994308,-0.02933727162862489,-0.028552468556419186
0.1230000000000001,-0.02775332669822489,-0.030490117360745198,-0.029331944065077862,-0.02853933560374801
0.1240000000000001,-0.027715925993550262,-0.030490117133185876,-0.0293265636554068,-0.028526113639750147
0.12500000000000008,-0.027678188542136013,-0.030490116927759606,-0.02932113015411394,-0.028512802061132755
0.12600000000000008,-0.027640117253683504,-0.03049011674391638,-0.02931564331327905,-0.028499400260514063
0.12700000000000009,-0.02760171509739656,-0.03049011658111236,-0.029310102882548112,-0.028485907626395628
0.12800000000000009,-0.02756298510126967,-0.03049011643880989,-0.029304508609121906,-0.028472323543134455
0.1290000000000001,-0.027523930351374543,-0.030490116316476915,-0.029298860237744476,-0.028458647390914905
0.1300000000000001,-0.027484553991144706,-0.03049011621358697,-0.029293157510691482,-0.028444878545720403
0.1310000000000001,-0.027444859220658254,-0.030490116129619077,-0.02928740016775843,-0.02843101637930497
0.1320000000000001,-0.027404849295918722,-0.030490116064057302,-0.02928158794624881,-0.028417060259164552
0.1330000000000001,-0.027364527528133,-0.030490116016390924,-0.029275720580962117,-0.028403009548508194
0.1340000000000001,-0.02732389728298757,-0.030490115986114,-0.029269797804181732,-0.028388863606228925
0.1350000000000001,-0.027282961979921312,-0.03049011597272555,-0.029263819345662724,-0.02837462178687456
0.1360000000000001,-0.027241725091395982,-0.030490115975729183,-0.029257784932619504,-0.02836028344061822
0.1370000000000001,-0.02720019014216338,-0.030490115994633304,-0.029251694289713387,-0.02834584791322868
0.1380000000000001,-0.027158360708529523,-0.03049011602895083,-0.02924554713904003,-0.028331314546040546
0.1390000000000001,-0.02711624041761526,-0.0304901160781992,-0.029239343200116744,-0.02831668267592416
0.1400000000000001,-0.027073832946613544,-0.030490116141900423,-0.02923308218986971,-0.028301951635255385
0.1410000000000001,-0.027031142022042896,-0.03049011621958098,-0.029226763822621047,-0.028287120751885105
0.1420000000000001,-0.026988171418997144,-0.030490116310771826,-0.029220387810075785,-0.028272189349108582
0.1430000000000001,-0.026944924960390994,-0.03049011641500835,-0.02921395386130871,-0.02825715674563457
0.1440000000000001,-0.026901406516201813,-0.030490116531830536,-0.02920746168275109,-0.028242022255554226
0.1450000000000001,-0.02685762000270705,-0.030490116660782655,-0.029200910978177275,-0.028226785188309816
0.1460000000000001,-0.026813569381717126,-0.030490116801413582,-0.029194301448691198,-0.028211444848663215
0.1470000000000001,-0.026769258659804205,-0.03049011695327671,-0.02918763279271271,-0.028196000536664167
0.1480000000000001,-0.026724691887526228,-0.030490117115929898,-0.029180904705963844,-0.028180451547618366
0.1490000000000001,-0.026679873158646398,-0.030490117288935515,-0.029174116881454912,-0.028164797172055285
0.1500000000000001,-0.026634806609348107,-0.030490117471860614,-0.029167269009470514,-0.02814903669569582
0.1510000000000001,-0.026589496417445013,-0.030490117664276676,-0.029160360777555395,-0.02813316939941968
0.1520000000000001,-0.026543946801586372,-0.030490117865759826,-0.02915339187050019,-0.028117194559232603
0.1530000000000001,-0.026498162020457742,-0.030490118075890763,-0.02914636197032705,-0.028101111446233284
0.1540000000000001,-0.026452146371976952,-0.030490118294254732,-0.029139270756275128,-0.028084919326580162
0.1550000000000001,-0.026405904192485154,-0.03049011852044164,-0.029132117904785933,-0.02806861746145789
0.1560000000000001,-0.026359439855933323,-0.03049011875404596,-0.029124903089488584,-0.028052205107043655
0.1570000000000001,-0.026312757773064223,-0.03049011899466658,-0.02911762598118491,-0.02803568151447323
0.1580000000000001,-0.02626586239058964,-0.03049011924190706,-0.029110286247834426,-0.02801904592980681
0.1590000000000001,-0.02621875819036337,-0.03049011949537535,-0.029102883554539185,-0.028002297593994592
0.16000000000000011,-0.02617144968854959,-0.03049011975468372,-0.029095417563528507,-0.027985435742842162
0.16100000000000012,-0.02612394143478756,-0.030490120019449007,-0.029087887934143547,-0.02796845960697562
0.16200000000000012,-0.02607623801135196,-0.030490120289292003,-0.029080294322821776,-0.02795136841180647
0.16300000000000012,-0.026028344032309504,-0.03049012056383788,-0.02907263638308128,-0.02793416137749629
0.16400000000000012,-0.0259802641426718,-0.03049012084271552,-0.029064913765504977,-0.027916837718921134
0.16500000000000012,-0.025932003017545592,-0.030490121125557955,-0.02905712611772464,-0.027899396645635705
0.16600000000000012,-0.02588356536127878,-0.03049012141200164,-0.029049273084404855,-0.027881837361837313
0.16700000000000012,-0.025834955906604697,-0.030490121701686586,-0.029041354307226784,-0.027864159066329545
0.16800000000000012,-0.02578617941378336,-0.030490121994256165,-0.029033369424871825,-0.02784636095248571
0.16900000000000012,-0.02573724066974086,-0.030490122289356516,-0.029025318073005124,-0.027828442208212033
0.17000000000000012,-0.02568814448720666,-0.030490122586636723,-0.02901719988425895,-0.027810402015910618
0.17100000000000012,-0.025638895703849966,-0.03049012288574809,-0.02900901448821594,-0.027792239552442116
0.17200000000000013,-0.025589499181414812,-0.030490123186343976,-0.029000761511392175,-0.027773953989088176
0.17300000000000013,-0.02553995980485474,-0.030490123488079512,-0.028992440577220165,-0.027755544491513646
0.17400000000000013,-0.025490282481467584,-0.03049012379061092,-0.02898405130603166,-0.02773701021972849
0.17500000000000013,-0.02544047214003033,-0.03049012409359531,-0.028975593315040318,-0.027718350328049462
0.17600000000000013,-0.025390533729935463,-0.030490124396689956,-0.028967066218324244,-0.027699563965061524
0.17700000000000013,-0.025340472220328376,-0.030490124699551827,-0.028958469626808387,-0.027680650273578994
0.17800000000000013,-0.025290292599247005,-0.030490125001837075,-0.028949803148246776,-0.027661608390606437
0.17900000000000013,-0.025239999872764426,-0.03049012530320018,-0.028941066387204624,-0.027642437447299276
0.18000000000000013,-0.025189599064134278,-0.030490125603293415,-0.028932258945040302,-0.027623136568924178
0.18100000000000013,-0.025139095212940412,-0.030490125901765974,-0.02892338041988713,-0.027603704874819106
0.18200000000000013,-0.025088493374251043,-0.03049012619826325,-0.028914430406635043,-0.027584141478353155
0.18300000000000013,-0.025037798617778377,-0.03049012649242577,-0.02890540849691212,-0.027564445486886104
0.18400000000000014,-0.024987016027044062,-0.030490126783888384,-0.028896314279065936,-0.027544616001727664
0.18500000000000014,-0.02493615069855152,-0.030490127072279175,-0.02888714733814479,-0.02752465211809649
0.18600000000000014,-0.024885207740965577,-0.03049012735721832,-0.02887790725587876,-0.027504552925078897
0.18700000000000014,-0.024834192274300927,-0.03049012763831709,-0.028868593610660635,-0.02748431750558729
0.18800000000000014,-0.024783109429119238,-0.030490127915176236,-0.028859205977526656,-0.027463944936318315
0.18900000000000014,-0.024731964345736296,-0.03049012818738491,-0.028849743928137144,-0.02744343428771074
0.19000000000000014,-0.024680762173440503,-0.030490128454519184,-0.028840207030756952,-0.027422784623903053
0.19100000000000014,-0.02462950806972243,-0.030490128716140406,-0.028830594850235754,-0.027401995002690718
0.19200000000000014,-0.024578207199517515,-0.030490128971793616,-0.028820906947988206,-0.02738106447548323
0.19300000000000014,-0.024526864734462153,-0.03049012922100583,-0.028811142881973922,-0.027359992087260806
0.19400000000000014,-0.024475485852164483,-0.030490129463284027,-0.02880130220667732,-0.027338776876530833
0.19500000000000015,-0.02442407573549061,-0.030490129698113464,-0.028791384473087264,-0.027317417875283953
0.19600000000000015,-0.02437263957186761,-0.030490129924955357,-0.028781389228676613,-0.027295914108949944
0.19700000000000015,-0.024321182552603963,-0.03049013014324464,-0.028771316017381553,-0.02727426459635323
0.19800000000000015,-0.024269709872228897,-0.03049013035238783,-0.028761164379580786,-0.027252468349668102
0.19900000000000015,-0.024218226727851597,-0.03049013055176041,-0.028750933852074567,-0.027230524374373666
0.20000000000000015,-0.0241667383185412,-0.03049013074070425,-0.028740623968063563,-0.02720843166920845
0.20100000000000015,-0.02411524984472914,-0.03049013091852479,-0.02873023425712756,-0.02718618922612473
0.20200000000000015,-0.02406376647590214,-0.030490131084849798,-0.028719764245203984,-0.027163796030242514
0.20300000000000015,-0.024012293317563025,-0.03049013124002473,-0.028709213454566295,-0.027141251059803265
0.20400000000000015,-0.02396083544432633,-0.030490131384760037,-0.028698581403802166,-0.027118553286123257
0.20500000000000015,-0.023909397932444957,-0.03049013151975624,-0.028687867607791528,-0.027095701673546642
0.20600000000000016,-0.023857985859207582,-0.030490131645702297,-0.028677071577684437,-0.027072695179398202
0.20700000000000016,-0.023806604302310002,-0.03049013176327379,-0.02866619282087876,-0.027049532753935776
0.20800000000000016,-0.023755258339201397,-0.030490131873131755,-0.02865523084099771,-0.02702621334030235
0.20900000000000016,-0.023703953046407215,-0.030490131975921153,-0.028644185137867186,-0.027002735874477844
0.21000000000000016,-0.02365269349882886,-0.030490132072270165,-0.02863305520749295,-0.02697909928523055
0.21100000000000016,-0.02360148476902195,-0.03049013216278885,-0.028621840542037653,-0.02695530249406828
0.21200000000000016,-0.023550331926454015,-0.03049013224806871,-0.02861054062979763,-0.02693134441518913
0.21300000000000016,-0.023499240036742065,-0.03049013232868191,-0.028599154955179583,-0.026907223955431946
0.21400000000000016,-0.02344821416087204,-0.030490132405180694,-0.028587682998677026,-0.026882940014226454
0.21500000000000016,-0.02339725935440015,-0.030490132478097072,-0.028576124236846606,-0.02685849148354302
0.21600000000000016,-0.023346380666637735,-0.030490132547942365,-0.028564478142284213,-0.02683387724784213
0.21700000000000016,-0.023295583139820053,-0.030490132615207166,-0.028552744183600903,-0.026809096184023454
0.21800000000000017,-0.023244871808260452,-0.030490132680360917,-0.02854092182539867,-0.026784147161374616
0.21900000000000017,-0.02319425169749034,-0.030490132743852164,-0.028529010528245996,-0.026759029041519604
0.22000000000000017,-0.02314372782338631,-0.030490132806108426,-0.028517009748653264,-0.026733740678366827
0.22100000000000017,-0.023093305191284837,-0.030490132867536004,-0.02850491893904793,-0.026708280918056812
0.22200000000000017,-0.023042988795085945,-0.03049013292852063,-0.02849273754774956,-0.026682648598909568
0.22300000000000017,-0.022992783616345908,-0.030490132989427137,-0.028480465018944662,-0.026656842551371577
0.22400000000000017,-0.02294269462336121,-0.030490133050599947,-0.028468100792661294,-0.02663086159796242
0.22500000000000017,-0.022892726770242684,-0.030490133112363343,-0.028455644304743545,-0.02660470455322107
0.22600000000000017,-0.022842884995982665,-0.030490133175021444,-0.028443094986825783,-0.026578370223651778
0.22700000000000017,-0.022793174223514002,-0.030490133238858953,-0.02843045226630672,-0.02655185740766964
0.22800000000000017,-0.022743599358763772,-0.03049013330414113,-0.02841771556632329,-0.026525164895545753
0.22900000000000018,-0.022694165289700495,-0.030490133371114447,-0.02840488430572432,-0.02649829146935203
0.23000000000000018,-0.022644876885376915,-0.03049013344000666,-0.028391957899044015,-0.02647123590290561
0.23100000000000018,-0.022595738994968743,-0.030490133511027553,-0.02837893575647526,-0.026443996961712943
0.23200000000000018,-0.02254675644680986,-0.030490133584368986,-0.028365817283842673,-0.026416573402913413
0.23300000000000018,-0.022497934047424843,-0.0304901336602055,-0.02835260188257554,-0.026388963975222682
0.23400000000000018,-0.02244927658055969,-0.03049013373869476,-0.028339288949680463,-0.026361167418875564
0.23500000000000018,-0.02240078880621114,-0.030490133819977828,-0.02832587787771387,-0.02633318246556854
0.23600000000000018,-0.022352475459655394,-0.030490133904179775,-0.02831236805475429,-0.026305007838401912
0.23700000000000018,-0.02230434125047648,-0.0304901339914099,-0.02829875886437443,-0.026276642251821525
0.23800000000000018,-0.02225639086159589,-0.030490134081762182,-0.028285049685613062,-0.026248084411560114
0.23900000000000018,-0.02220862894830269,-0.030490134175315955,-0.028271239892946675,-0.026219333014578246
0.24000000000000019,-0.022161060137285884,-0.030490134272135917,-0.028257328856260932,-0.02619038674900486
0.2410000000000002,-0.02211368902566867,-0.03049013437227281,-0.02824331594082194,-0.02616124429407743
0.2420000000000002,-0.02206652018004591,-0.030490134475763746,-0.028229200507247258,-0.02613190432008167
0.2430000000000002,-0.022019558135524444,-0.030490134582632444,-0.02821498191147675,-0.026102365488290886
0.2440000000000002,-0.02197280739476762,-0.03049013469288985,-0.028200659504743184,-0.02607262645090489
0.2450000000000002,-0.021926272427043692,-0.030490134806534477,-0.028186232633542634,-0.026042685850988487
0.2460000000000002,-0.02187995766727915,-0.030490134923552487,-0.02817170063960466,-0.026012542322409574
0.2470000000000002,-0.021833867515116758,-0.030490135043918287,-0.028157062859862268,-0.025982194489776806
0.2480000000000002,-0.021788006333979308,-0.030490135167594953,-0.028142318626421674,-0.02595164096837683
0.2490000000000002,-0.0217423784501389,-0.030490135294534218,-0.028127467266531803,-0.02592088036411112
0.25000000000000017,-0.021696988151792437,-0.03049013542467715,-0.028112508102553613,-0.02588991127343234
0.25100000000000017,-0.021651839688143354,-0.030490135557954233,-0.028097440451929162,-0.025858732283280332
0.25200000000000017,-0.02160693726849006,-0.030490135694285637,-0.02808226362715048,-0.025827341971017624
0.25300000000000017,-0.02156228506132105,-0.030490135833581684,-0.028066976935728183,-0.025795738904364526
0.25400000000000017,-0.021517887193417396,-0.030490135975743068,-0.028051579680159887,-0.02576392164133377
0.25500000000000017,-0.021473747748962064,-0.030490136120660906,-0.028036071157898367,-0.025731888730164704
0.25600000000000017,-0.02142987076865721,-0.030490136268217317,-0.028020450661319533,-0.0256996387092571
0.2570000000000002,-0.021386260248848255,-0.030490136418285355,-0.028004717477690105,-0.025667170107104398
0.2580000000000002,-0.02134292014065635,-0.030490136570729524,-0.027988870889135112,-0.025634481442226607
0.2590000000000002,-0.021299854349118214,-0.030490136725405743,-0.02797291017260514,-0.025601571223102693
0.2600000000000002,-0.021257066732333567,-0.0304901368821617,-0.027956834599843328,-0.025568437948102537
0.2610000000000002,-0.021214561100621063,-0.030490137040837077,-0.02794064343735215,-0.025535080105418394
0.2620000000000002,-0.021172341215681303,-0.030490137201263545,-0.02792433594635994,-0.025501496172995936
0.2630000000000002,-0.021130410789768187,-0.030490137363265304,-0.027907911382787188,-0.025467684618464794
0.2640000000000002,-0.021088773484867946,-0.030490137526658762,-0.027891368997212587,-0.025433643899068638
0.2650000000000002,-0.021047432911885988,-0.030490137691253236,-0.02787470803483883,-0.02539937246159478
0.2660000000000002,-0.02100639262984132,-0.03049013785685068,-0.027857927735458195,-0.025364868742303315
0.2670000000000002,-0.02096565614506873,-0.0304901380232461,-0.027841027333417825,-0.02533013116685576
0.2680000000000002,-0.020925226910428495,-0.030490138190227625,-0.02782400605758482,-0.025295158150243233
0.2690000000000002,-0.020885108324523435,-0.030490138357576503,-0.02780686313131103,-0.02525994809671411
0.2700000000000002,-0.020845303730923193,-0.030490138525067444,-0.027789597772397638,-0.025224499399701242
0.2710000000000002,-0.02080581641739579,-0.030490138692468652,-0.027772209193059463,-0.02518881044174863
0.2720000000000002,-0.020766649615146147,-0.030490138859541955,-0.027754696599889002,-0.02515287959443762
0.2730000000000002,-0.020727806498061104,-0.030490139026042914,-0.02773705919382025,-0.02511670521831263
0.2740000000000002,-0.02068929018196152,-0.030490139191720965,-0.02771929617009222,-0.02508028566280631
0.2750000000000002,-0.020651103723860358,-0.030490139356319446,-0.027701406718212234,-0.02504361926616425
0.2760000000000002,-0.020613250121227344,-0.03049013951957585,-0.027683390021918945,-0.025006704355369152
0.2770000000000002,-0.020575732311259354,-0.03049013968122167,-0.027665245259145085,-0.0249695392460645
0.2780000000000002,-0.020538553170156727,-0.030490139840982967,-0.027646971601979962,-0.0249321222424777
0.2790000000000002,-0.02050171551240526,-0.03049013999857991,-0.027628568216631667,-0.02489445163734269
0.2800000000000002,-0.020465222090063132,-0.030490140153727245,-0.027610034263389056,-0.02485652571182207
0.2810000000000002,-0.020429075592053342,-0.03049014030613438,-0.027591368896583424,-0.02481834273542867
0.2820000000000002,-0.02039327864346091,-0.03049014045550524,-0.027572571264549907,-0.02477990096594656
0.2830000000000002,-0.020357833804834462,-0.030490140601538658,-0.02755364050958864,-0.02474119864935159
0.2840000000000002,-0.0203227435714926,-0.030490140743928435,-0.02753457576792561,-0.02470223401973134
0.2850000000000002,-0.020288010372833735,-0.03049014088236321,-0.027515376169673256,-0.02466300529920457
0.2860000000000002,-0.02025363657165072,-0.030490141016526875,-0.02749604083879076,-0.024623510697840044
0.2870000000000002,-0.020219624463448185,-0.03049014114609853,-0.027476568893044086,-0.024583748413574927
0.2880000000000002,-0.02018597627576394,-0.030490141270752693,-0.02745695944396573,-0.024543716632132503
0.2890000000000002,-0.020152694167493133,-0.03049014139015939,-0.02743721159681417,-0.02450341352693943
0.2900000000000002,-0.020119780228215412,-0.030490141503984193,-0.027417324450533048,-0.024462837259042386
0.2910000000000002,-0.02008723647752468,-0.030490141611888753,-0.027397297097710056,-0.024421985977024153
0.2920000000000002,-0.020055064864361653,-0.03049014171353047,-0.027377128624535525,-0.024380857816919142
0.2930000000000002,-0.020023267266347705,-0.03049014180856303,-0.027356818110760735,-0.02433945090212836
0.2940000000000002,-0.01999184548912148,-0.030490141896636385,-0.027336364629655933,-0.02429776334333376
0.2950000000000002,-0.019960801265676967,-0.030490141977397217,-0.027315767247968036,-0.024255793238412062
0.2960000000000002,-0.019930136255702797,-0.030490142050488816,-0.027295025025878057,-0.02421353867234794
0.2970000000000002,-0.019899852044922974,-0.03049014211555166,-0.027274137016958216,-0.024170997717146654
0.2980000000000002,-0.019869950144438674,-0.03049014217222339,-0.02725310226812876,-0.02412816843174607
0.2990000000000002,-0.019840431990070607,-0.0304901422201393,-0.027231919819614477,-0.024085048861928117
0.3000000000000002,-0.019811298941702138,-0.03049014225893259,-0.027210588704900902,-0.024041637040229588
0.3010000000000002,-0.01978255228262286,-0.03049014228823454,-0.027189107950690215,-0.023997930985852386
0.3020000000000002,-0.019754193218871775,-0.030490142307675133,-0.027167476576856836,-0.02395392870457315
0.3030000000000002,-0.019726222878581195,-0.030490142316883215,-0.0271456935964027,-0.023909628188652245
0.3040000000000002,-0.0196986423113196,-0.030490142315487107,-0.02712375801541222,-0.023865027416742172
0.3050000000000002,-0.019671452487434654,-0.030490142303114805,-0.027101668833006947,-0.02382012435379532
0.3060000000000002,-0.019644654297394953,-0.030490142279394634,-0.02707942504129988,-0.023774916950971118
0.3070000000000002,-0.0196182485511314,-0.03049014224395574,-0.027057025625349507,-0.02372940314554255
0.3080000000000002,-0.019592235977377047,-0.03049014219642864,-0.02703446956311347,-0.02368358086080204
0.3090000000000002,-0.019566617223006212,-0.03049014213644568,-0.027011755825401954,-0.023637448005966694
0.3100000000000002,-0.019541392852371338,-0.030490142063641944,-0.026988883375830698,-0.023591002476082902
0.3110000000000002,-0.01951656334663896,-0.030490141977655556,-0.026965851170773734,-0.02354424215193028
0.3120000000000002,-0.019492129103123264,-0.030490141878128832,-0.02694265815931576,-0.023497164899925
0.3130000000000002,-0.019468090434617905,-0.030490141764708614,-0.02691930328320418,-0.023449768572022425
0.3140000000000002,-0.019444447568725393,-0.030490141637047496,-0.02689578547680083,-0.02340205100561908
0.3150000000000002,-0.01942120064718419,-0.030490141494804383,-0.026872103667033347,-0.023354010023454018
0.3160000000000002,-0.01939834972519285,-0.03049014133764564,-0.026848256773346207,-0.02330564343350943
0.3170000000000002,-0.019375894770731872,-0.03049014116524583,-0.026824243707651428,-0.023256949028910665
0.3180000000000002,-0.019353835663882074,-0.030490140977288967,-0.026800063374278912,-0.0232079245878255
0.31900000000000023,-0.01933217219614,-0.03049014077346973,-0.02677571466992647,-0.023158567873362807
0.32000000000000023,-0.019310904069729722,-0.030490140553494173,-0.026751196483609456,-0.023108876633470436
0.32100000000000023,-0.019290030896911614,-0.030490140317081544,-0.02672650769661009,-0.023058848600832498
0.32200000000000023,-0.019269552199286454,-0.030490140063965,-0.026701647182426413,-0.023008481492765895
0.32300000000000023,-0.01924946740709654,-0.030490139793893548,-0.026676613806720883,-0.022957773011116164
0.32400000000000023,-0.019229775858522077,-0.030490139506632978,-0.026651406427268622,-0.02290672084215263
0.32500000000000023,-0.01921047679897327,-0.030490139201967664,-0.02662602389390529,-0.022855322656462812
0.32600000000000023,-0.019191569380378446,-0.03049013887970224,-0.02660046504847461,-0.022803576108846164
0.32700000000000023,-0.019173052660466747,-0.03049013853966292,-0.02657472872477553,-0.02275147883820704
0.32800000000000024,-0.01915492560204681,-0.030490138181699534,-0.026548813748509,-0.02269902846744699
0.32900000000000024,-0.019137187072279734,-0.03049013780568725,-0.026522718937224396,-0.022646222603356275
0.33000000000000024,-0.019119835841947493,-0.030490137411528433,-0.026496443100265568,-0.022593058836504677
0.33100000000000024,-0.01910287058471548,-0.030490136999154656,-0.026469985038716518,-0.022539534741131562
0.33200000000000024,-0.019086289876390324,-0.030490136568528864,-0.02644334354534668,-0.022485647875035205
0.33300000000000024,-0.019070092194171297,-0.030490136119647297,-0.026416517404555848,-0.022431395779461336
0.33400000000000024,-0.019054275915896875,-0.03049013565254192,-0.026389505392318716,-0.02237677597899098
0.33500000000000024,-0.019038839319284916,-0.0304901351672826,-0.026362306276129018,-0.02232178598142748
0.33600000000000024,-0.01902378058116702,-0.030490134663979575,-0.02633491881494329,-0.02226642327768281
0.33700000000000024,-0.019009097776717367,-0.03049013414278584,-0.026307341759124244,-0.02221068534166306
0.33800000000000024,-0.0189947888786749,-0.030490133603899846,-0.026279573850383764,-0.022154569630153206
0.33900000000000025,-0.018980851756559867,-0.030490133047567817,-0.026251613821725476,-0.022098073582701046
0.34000000000000025,-0.018967284175884183,-0.030490132474086887,-0.026223460397386936,-0.022041194621500376
0.34100000000000025,-0.01895408379735548,-0.03049013188380755,-0.02619511229278144,-0.021983930151273385
0.34200000000000025,-0.018941248176075405,-0.030490131277136536,-0.026166568214439384,-0.021926277559152208
0.34300000000000025,-0.018928774760731553,-0.030490130654540027,-0.02613782685994927,-0.021868234214559745
0.34400000000000025,-0.018916660892783765,-0.030490130016546258,-0.02610888691789826,-0.021809797469089585
0.34500000000000025,-0.018904903805644205,-0.030490129363748827,-0.026079747067812346,-0.021750964656385215
0.34600000000000025,-0.018893500623851957,-0.03049012869680984,-0.02605040598009611,-0.021691733092018318
0.34700000000000025,-0.018882448362242007,-0.030490128016462923,-0.026020862315972036,-0.021632100073366304
0.34800000000000025,-0.01887174392510852,-0.030490127323516584,-0.02599111472741944,-0.021572062879489005
0.34900000000000025,-0.01886138410536339,-0.030490126618857458,-0.025961161857112957,-0.021511618771004506
0.35000000000000026,-0.018851365583689328,-0.030490125903453694,-0.025931002338360615,-0.021450764989964163
0.35100000000000026,-0.01884168492768881,-0.030490125178358224,-0.025900634795041462,-0.021389498759726754
0.35200000000000026,-0.01883233859102815,-0.030490124444712448,-0.025870057841542792,-0.021327817284831803
0.35300000000000026,-0.0188233229125778,-0.030490123703749098,-0.025839270082696906,-0.021265717750872
0.35400000000000026,-0.01881463411554919,-0.03049012295679631,-0.025808270113717464,-0.021203197324364816
0.35500000000000026,-0.018806268306627807,-0.030490122205280835,-0.02577705652013539,-0.021140253152623203
0.35600000000000026,-0.018798221475103856,-0.03049012145073139,-0.025745627877734323,-0.021076882363625423
0.35700000000000026,-0.018790489492000552,-0.030490120694782446,-0.02571398275248564,-0.021013082065884023
0.35800000000000026,-0.0187830681092003,-0.030490119939177412,-0.025682119700483022,-0.020948849348313876
0.35900000000000026,-0.01877595295856968,-0.03049011918577226,-0.025650037267876565,-0.020884181280099383
0.36000000000000026,-0.018769139551083818,-0.030490118436538916,-0.02561773399080645,-0.020819074910560717
0.36100000000000027,-0.018762623275950074,-0.03049011769356866,-0.025585208395336154,-0.020753527269019214
0.36200000000000027,-0.018756399399732497,-0.030490116959075456,-0.025552458997385192,-0.020687535364661808
0.36300000000000027,-0.01875046306547689,-0.030490116235399302,-0.025519484302661394,-0.020621096186404578
0.36400000000000027,-0.018744809291837753,-0.03049011552500944,-0.02548628280659274,-0.020554206702755352
0.36500000000000027,-0.018739432972207162,-0.030490114830507613,-0.02545285299425869,-0.020486863861675392
0.36600000000000027,-0.018734328873846635,-0.03049011415463093,-0.025419193340321083,-0.020419064590440118
0.36700000000000027,-0.018729491637022453,-0.030490113500255166,-0.02538530230895452,-0.02035080579549893
0.36800000000000027,-0.018724915774144948,-0.030490112870397476,-0.025351178353776295,-0.020282084362334044
0.36900000000000027,-0.018720595668912876,-0.03049011226821916,-0.025316819917775832,-0.020212897155318377
0.3700000000000003,-0.018716525575462908,-0.030490111697028376,-0.025282225433243648,-0.02014324101757247
0.3710000000000003,-0.018712699617525464,-0.030490111160282777,-0.02524739332169982,-0.020073112770820474
0.3720000000000003,-0.01870911178758703,-0.03049011066159159,-0.02521232199382196,-0.0200025092152451
0.3730000000000003,-0.01870575594605973,-0.030490110204718063,-0.0251770098493727,-0.019931427129341636
0.3740000000000003,-0.01870262582045925,-0.03049010979358146,-0.02514145527712667,-0.01985986326977094
0.3750000000000003,-0.018699715004590604,-0.030490109432258772,-0.02510565665479698,-0.019787814371211472
0.3760000000000003,-0.018697016957743513,-0.030490109124986585,-0.02506961234896122,-0.019715277146210297
0.3770000000000003,-0.01869452500389709,-0.030490108876162346,-0.025033320714986897,-0.019642248285033068
0.3780000000000003,-0.018692232330934654,-0.030490108690345703,-0.02499678009695642,-0.019568724455513033
0.3790000000000003,-0.018690131989869248,-0.03049010857225945,-0.024959988827591522,-0.01949470230289898
0.3800000000000003,-0.0186882168940801,-0.030490108526790172,-0.024922945228177208,-0.019420178449702178
0.3810000000000003,-0.01868647981856046,-0.03049010855898889,-0.024885647608485145,-0.019345149495542252
0.3820000000000003,-0.01868491339917738,-0.030490108674071145,-0.024848094266696534,-0.019269612016992045
0.3830000000000003,-0.018683510131943894,-0.030490108877416884,-0.02481028348932448,-0.019193562567421406
0.3840000000000003,-0.01868226237230317,-0.030490109174570148,-0.024772213551135788,-0.01911699767683993
0.3850000000000003,-0.01868116233442597,-0.030490109571238228,-0.024733882715072257,-0.019039913851738637
0.3860000000000003,-0.018680202090520823,-0.030490110073290718,-0.024695289232171413,-0.018962307574930545
0.3870000000000003,-0.018679373570157694,-0.030490110686758123,-0.024656431341486713,-0.01888417530539021
0.3880000000000003,-0.018678668559604913,-0.030490111417830007,-0.02461730727000719,-0.018805513478092152
0.3890000000000003,-0.018678078701179636,-0.03049011227285277,-0.02457791523257657,-0.018726318503848184
0.3900000000000003,-0.01867759549261214,-0.030490113258327255,-0.024538253431811798,-0.018646586769143655
0.3910000000000003,-0.018677210286423794,-0.030490114380905677,-0.02449832005802103,-0.01856631463597255
0.3920000000000003,-0.018676914289318693,-0.030490115647388124,-0.024458113289121078,-0.01848549844167152
0.3930000000000003,-0.018676698561589322,-0.030490117064718887,-0.024417631290554256,-0.018404134498752747
0.3940000000000003,-0.018676554016536093,-0.03049011863998194,-0.024376872215204674,-0.018322219094735696
0.3950000000000003,-0.018676471419899997,-0.03049012038039606,-0.024335834203313964,-0.018239748491977726
0.3960000000000003,-0.018676441389309933,-0.030490122293309652,-0.024294515382396416,-0.018156718927503535
0.3970000000000003,-0.01867645439374293,-0.030490124386194608,-0.024252913867153544,-0.01807312661283347
0.3980000000000003,-0.018676500752998038,-0.030490126666639947,-0.024211027759388062,-0.017988967733810673
0.3990000000000003,-0.018676570637183816,-0.030490129142344714,-0.02416885514791728,-0.017904238450427046
0.4000000000000003,-0.018676654066218972,-0.030490131821110298,-0.02412639410848588,-0.017818934896648018
0.4010000000000003,-0.018676740909346,-0.03049013471083205,-0.024083642703678142,-0.01773305318023618
0.4020000000000003,-0.018676849854293083,-0.030490137670678784,-0.02404086838528235,-0.017726624804239106
0.4030000000000003,-0.0186769563953742,-0.030490128974863383,-0.02399833860404129,-0.017720152858582548
0.4040000000000003,-0.0186770605819686,-0.030490085147186614,-0.02395605141940268,-0.01771363704796404
0.4050000000000003,-0.01867716246241996,-0.030489983074934956,-0.023914004901883456,-0.017707077075079663
0.4060000000000003,-0.018677262084065283,-0.030489800006940754,-0.023872197132981735,-0.017700472640610438
0.4070000000000003,-0.018677359493262484,-0.030489513551624905,-0.02383062620508927,-0.017693823443208696
0.4080000000000003,-0.018677454735417473,-0.030489101675023514,-0.023789290221404424,-0.017687129179484336
0.4090000000000003,-0.018677547855009694,-0.03048854269880047,-0.023748187295845602,-0.01768038954399094
0.4100000000000003,-0.018677638895616595,-0.03048781529824761,-0.02370731555296521,-0.01767360422921188
0.4110000000000003,-0.01867772789993764,-0.030486898500274157,-0.023666673127864076,-0.017666772925546276
0.4120000000000003,-0.01867781490981709,-0.030485771681386678,-0.02362625816610636,-0.017659895321294847
0.4130000000000003,-0.01867789996626572,-0.03048441456566104,-0.023586068823634926,-0.017652971102645708
0.4140000000000003,-0.01867798310948205,-0.030482807222708058,-0.023546103266687227,-0.017645999953660063
0.4150000000000003,-0.018678064378872757,-0.03048093006563346,-0.023506359671711614,-0.017638981556257757
0.4160000000000003,-0.01867814381307201,-0.030478763848993586,-0.023466836225284136,-0.017631915590202794
0.4170000000000003,-0.018678221449960283,-0.030476289666748358,-0.0234275311240258,-0.017624801733088703
0.4180000000000003,-0.018678297326682705,-0.03047348895021171,-0.023388442574520288,-0.01761763966032384
0.4190000000000003,-0.01867837147966622,-0.030470343466000877,-0.02334956879323211,-0.01761042904511658
0.4200000000000003,-0.018678443944636608,-0.03046683531398544,-0.023310908006425247,-0.01760316955846038
0.4210000000000003,-0.018678514756634693,-0.030462946925236892,-0.023272458450082214,-0.01759586086911881
0.4220000000000003,-0.01867858395003188,-0.03045866105997893,-0.02323421836982355,-0.017588502643610393
0.4230000000000003,-0.018678651558545444,-0.03045396080554008,-0.023196186020827805,-0.017581094546193433
0.4240000000000003,-0.018678717615252978,-0.03044882957430804,-0.023158359667751895,-0.01757363623885066
0.4250000000000003,-0.018678782152606536,-0.03044325110168765,-0.023120737584651937,-0.01756612738127383
0.4260000000000003,-0.018678845202446327,-0.03043720944406171,-0.023083318054904493,-0.01755856763084818
0.4270000000000003,-0.018678906796013868,-0.030430688976755566,-0.023046099371128254,-0.01755095664263681
0.4280000000000003,-0.018678966963964667,-0.030423674392006224,-0.02300907983510612,-0.017543294069364945
0.4290000000000003,-0.018679025736380715,-0.03041615069693528,-0.022972257757707726,-0.01753557956140407
0.4300000000000003,-0.01867908314278229,-0.03040810321152714,-0.022935631458812354,-0.017527812766755996
0.4310000000000003,-0.01867913921213966,-0.03039951756661177,-0.022899199267232294,-0.017519993331036782
0.43200000000000033,-0.018679193972884298,-0.030390379701852346,-0.022862959520636578,-0.0175121208974606
0.43300000000000033,-0.018679247452919674,-0.030380675863738642,-0.02282691056547513,-0.01750419510682341
0.43400000000000033,-0.01867929967963199,-0.03037039260358512,-0.022791050756903325,-0.0174962155974866
0.43500000000000033,-0.018679350679900307,-0.030359516775534747,-0.02275537845870693,-0.017488182005360477
0.43600000000000033,-0.018679400480106544,-0.030348035534567882,-0.02271989204322746,-0.017480093963887656
0.43700000000000033,-0.01867944910614513,-0.03033593633451662,-0.022684589891287882,-0.017471951104026325
0.43800000000000033,-0.018679496583432344,-0.030323206926084468,-0.022649470392118773,-0.01746375305423342
0.43900000000000033,-0.018679542936915667,-0.03030983535487137,-0.0226145319432848,-0.017455499440447664
0.44000000000000034,-0.018679588191082216,-0.03029580995940367,-0.022579772950611608,-0.01744718988607251
0.44100000000000034,-0.018679632369967867,-0.030281119369169333,-0.02254519182811308,-0.017438824011958932
0.44200000000000034,-0.018679675497165205,-0.03026575250265815,-0.022510786997918975,-0.01743040143638816
0.44300000000000034,-0.018679717595832025,-0.03024969856540663,-0.022476556890202934,-0.017421921775054236
0.44400000000000034,-0.018679758688698967,-0.030232947048047812,-0.022442499943110848,-0.01741338464104649
0.44500000000000034,-0.018679798798077397,-0.03021548772436545,-0.022408614602689593,-0.017404789644831886
0.44600000000000034,-0.018679837945866824,-0.030197310649352847,-0.02237489932281613,-0.01739613639423724
0.44700000000000034,-0.0186798761535623,-0.03017840615727545,-0.02234135256512696,-0.01738742449443135
0.44800000000000034,-0.01867991344226137,-0.030158764859738126,-0.022307972798947917,-0.01737865354790693
0.44900000000000034,-0.01867994983267114,-0.030138377643756032,-0.02227475850122435,-0.017369823154462546
0.45000000000000034,-0.018679985345114884,-0.030117235669829108,-0.0222417081564516,-0.017360932911184283
0.45100000000000035,-0.018680019999538715,-0.03009533037002066,-0.022208820256605886,-0.01735198241242741
0.45200000000000035,-0.018680053815517687,-0.030072653446038527,-0.022176093301075468,-0.01734297124979785
0.45300000000000035,-0.01868008681226231,-0.030049196867320497,-0.02214352579659218,-0.01733389901213355
0.45400000000000035,-0.018680119008624558,-0.03002495286912209,-0.022111116257163308,-0.017324765285485724
0.45500000000000035,-0.018680150423103448,-0.029999913950607776,-0.02207886320400378,-0.01731556965309995
0.45600000000000035,-0.01868018107385109,-0.02997407287294454,-0.02204676516546869,-0.01730631169539717
0.45700000000000035,-0.018680210978678054,-0.029947422657398835,-0.022014820676986156,-0.017296990989954557
0.45800000000000035,-0.018680240155058928,-0.029919956583435547,-0.021983028280990483,-0.017287607111486206
0.45900000000000035,-0.018680268620137552,-0.02989166818681966,-0.02195138652685567,-0.017278159631823754
0.46000000000000035,-0.01868029639073216,-0.029862551257720367,-0.02191989397082921,-0.01726864811989684
0.46100000000000035,-0.018680323483340398,-0.029832599838817364,-0.021888549175966228,-0.01725907214171343
0.46200000000000035,-0.01868034991414423,-0.029801808223409422,-0.0218573507120639,-0.01724943126034003
0.46300000000000036,-0.018680375699014724,-0.02977017095352517,-0.0218262971555962,-0.01723972503588172
0.46400000000000036,-0.018680400853516695,-0.02973768281803592,-0.02179538708964896,-0.017229953025462114
0.46500000000000036,-0.018680425392913157,-0.029704338850770378,-0.0217646191038552,-0.01722011478320313
0.46600000000000036,-0.01868044933216993,-0.029670134328631987,-0.02173399179433079,-0.017210209860204658
0.46700000000000036,-0.01868047268595982,-0.029635064769717466,-0.021703503763610386,-0.01720023780452408
0.46800000000000036,-0.018680495468666864,-0.02959912593143797,-0.021673153620583672,-0.017190198161155634
0.46900000000000036,-0.018680517694390494,-0.029562313808642167,-0.021642939980431878,-0.017180090472009666
0.47000000000000036,-0.0186805393769496,-0.029524624631740926,-0.0216128614645646,-0.01716991427589172
0.47100000000000036,-0.018680560529886387,-0.029486054864834667,-0.02158291670055689,-0.017159669108481504
0.47200000000000036,-0.01868058116647027,-0.029446601203842238,-0.021553104322086653,-0.01714935450231169
0.47300000000000036,-0.01868060129970174,-0.02940626057463253,-0.02152342296887228,-0.017138969986746598
0.47400000000000037,-0.018680620942315995,-0.029365030131157422,-0.021493871286610608,-0.017128515087960726
0.47500000000000037,-0.018680640106786543,-0.029322907253587858,-0.02146444792691509,-0.0171179893289171
0.47600000000000037,-0.018680658805328945,-0.029279889546451582,-0.021435151547254307,-0.01710739222934554
0.47700000000000037,-0.0186806770499041,-0.029235974836773624,-0.021405980810890686,-0.017096723305720735
0.47800000000000037,-0.018680694852221794,-0.029191161172219066,-0.021376934386819528,-0.017085982071240187
0.47900000000000037,-0.018680712223744195,-0.029145446819238287,-0.021348010949708254,-0.017075168035801974
0.48000000000000037,-0.018680729175689016,-0.02909883026121504,-0.02131920917983595,-0.017064280705982426
0.48100000000000037,-0.01868074571903299,-0.029051310196617275,-0.02129052776303314,-0.01705331958501358
0.4820000000000004,-0.018680761864514863,-0.029002885537150573,-0.021261965390621827,-0.017042284172760516
0.4830000000000004,-0.01868077762263894,-0.028953555405914683,-0.021233520759355792,-0.017031173965698566
0.4840000000000004,-0.01868079300367785,-0.028903319135563096,-0.02120519257136111,-0.01701998845689031
0.4850000000000004,-0.018680808017676055,-0.02885217626646589,-0.021176979534076934,-0.017008727135962444
0.4860000000000004,-0.018680822674452657,-0.028800126544875553,-0.02114888036019653,-0.016997389489082516
0.4870000000000004,-0.018680836983604704,-0.02874716992109662,-0.021120893767608534,-0.01698597499893546
0.4880000000000004,-0.018680850954509973,-0.028693306547658344,-0.021093018479338446,-0.0169744831447
0.4890000000000004,-0.01868086459633019,-0.028638536777491588,-0.02106525322349037,-0.01696291340202489
0.4900000000000004,-0.018680877918013844,-0.028582861162108793,-0.021037596733188977,-0.016951265243004977
0.4910000000000004,-0.01868089092829938,-0.028526280449788406,-0.021010047746521703,-0.016939538136157124
0.4920000000000004,-0.018680903635717814,-0.028468795583762908,-0.020982605006481164,-0.016927731546395954
0.4930000000000004,-0.018680916048595984,-0.028410407700411047,-0.020955267260907816,-0.016915844935009448
0.4940000000000004,-0.01868092817505932,-0.028351118127454555,-0.020928033262432796,-0.016903877759634332
0.4950000000000004,-0.01868094002303468,-0.028290928382158482,-0.020900901768421035,-0.016891829474231377
0.4960000000000004,-0.018680951600253338,-0.028229840169536766,-0.02087387154091454,-0.01687969952906044
0.4970000000000004,-0.018680962914253814,-0.028167855380561872,-0.020846941346575915,-0.016867487370655406
0.4980000000000004,-0.018680973972384787,-0.028104976090379003,-0.02082010995663209,-0.016855192441798936
0.4990000000000004,-0.018680984781807845,-0.028041204556525368,-0.020793376146818237,-0.01684281418149702
0.5000000000000003,-0.018680995349500382,-0.02797654321715391,-0.020766738697321936,-0.016830352024953404
0.5010000000000003,-0.018681005682258518,-0.027910994689262218,-0.0207401963927275,-0.016817805403543804
0.5020000000000003,-0.018681015786699777,-0.027844561766926137,-0.020713748021960514,-0.016805173744789972
0.5030000000000003,-0.018681025669266053,-0.027777247419538655,-0.02068739237823259,-0.016792456472333562
0.5040000000000003,-0.018681035336226365,-0.027709054790053707,-0.0206611282589863,-0.01677965300590985
0.5050000000000003,-0.01868104479367962,-0.027639987193235283,-0.020634954465840287,-0.01676676276132123
0.5060000000000003,-0.018681054047557547,-0.02757004811391172,-0.02060886980453462,-0.01675378515041059
0.5070000000000003,-0.018681063103627372,-0.027499241205235187,-0.020582873084876274,-0.016740719581034458
0.5080000000000003,-0.018681071967494724,-0.02742757028694637,-0.020556963120684828,-0.01672756545703598
0.5090000000000003,-0.01868108064460643,-0.027355039343644832,-0.020531138729738354,-0.016714322178217722
0.5100000000000003,-0.01868108914025318,-0.02728165252306416,-0.02050539873371946,-0.0167009891403143
0.5110000000000003,-0.018681097459572485,-0.027207414134352848,-0.020479741958161542,-0.01668756573496479
0.5120000000000003,-0.01868110560755123,-0.027132328646360452,-0.020454167232395175,-0.016674051349684964
0.5130000000000003,-0.018681113589028756,-0.02705640068592859,-0.020428673389494716,-0.016660445367839366
0.5140000000000003,-0.018681121408699375,-0.026979635036187957,-0.020403259266225052,-0.016646747168613165
0.5150000000000003,-0.018681129071115212,-0.026902036634859777,-0.02037792370298852,-0.016632956126983824
0.5160000000000003,-0.018681136580689036,-0.026823610572563026,-0.020352665543772002,-0.016619071613692582
0.5170000000000003,-0.01868114394169684,-0.02674436209112636,-0.020327483636094174,-0.016605092995215752
0.5180000000000003,-0.018681151158280826,-0.026664296581905226,-0.020302376830952925,-0.0165910196337358
0.5190000000000003,-0.018681158234451916,-0.026583419584103835,-0.020277343982772936,-0.016576850887112263
0.5200000000000004,-0.018681165174092552,-0.02650173678310192,-0.02025238394935339,-0.016562586108852424
0.5210000000000004,-0.018681171980959425,-0.026419254008786263,-0.02022749559181588,-0.016548224648081842
0.5220000000000004,-0.018681178658686192,-0.026335977233886598,-0.020202677774552417,-0.016533765849514617
0.5230000000000004,-0.018681185210786082,-0.026251912572316023,-0.020177929365173645,-0.016519209053423533
0.5240000000000004,-0.018681191640654717,-0.026167066277515662,-0.020153249234457146,-0.016504553595609924
0.5250000000000004,-0.01868119795157259,-0.026081444740803292,-0.02012863625629593,-0.01648979880737338
0.5260000000000004,-0.018681204146707882,-0.025995054489725746,-0.020104089307647052,-0.016474944015481243
0.5270000000000004,-0.018681210229119023,-0.025907902186415175,-0.02007960726848036,-0.016459988542137864
0.5280000000000004,-0.018681216201757292,-0.025819994625948337,-0.020055189021727402,-0.016444931704953706
0.5290000000000004,-0.01868122206746948,-0.02573133873470963,-0.02003083345323045,-0.01642977281691419
0.5300000000000004,-0.018681227829000346,-0.02564194156875632,-0.020006539451691667,-0.016414511186348357
0.5310000000000004,-0.01868123348899534,-0.025551810312187076,-0.01998230590862239,-0.01639914611689729
0.5320000000000004,-0.01868123905000301,-0.025460952275512285,-0.019958131718292575,-0.016383676907482374
0.5330000000000004,-0.018681244514477675,-0.025369374894026915,-0.019934015777680312,-0.01636810285227327
0.5340000000000004,-0.018681249884781728,-0.025277085726184763,-0.019909956986421527,-0.016352423240655736
0.5350000000000004,-0.018681255163188387,-0.025184092451974373,-0.019885954246759752,-0.016336637357199188
0.5360000000000004,-0.0186812603518837,-0.025090402871295863,-0.019862006463496056,-0.016320744481624072
0.5370000000000004,-0.01868126545296949,-0.024996024902338695,-0.01983811254393905,-0.01630474388876898
0.5380000000000004,-0.018681270468465464,-0.024900966579959487,-0.019814271397855056,-0.016288634848557568
0.5390000000000004,-0.01868127540031154,-0.02480523605406034,-0.01979048193741834,-0.016272416625965257
0.5400000000000004,-0.01868128025037035,-0.024708841587966417,-0.01976674307716149,-0.016256088480985687
0.5410000000000004,-0.01868128502042948,-0.024611791556802896,-0.01974305373392587,-0.016239649668596937
0.5420000000000004,-0.018681289712203807,-0.024514094445870903,-0.019719412826812232,-0.016223099438727556
0.5430000000000004,-0.01868129432733761,-0.024415758849021925,-0.01969581927713136,-0.016206437036222324
0.5440000000000004,-0.018681298867407013,-0.024316793467029894,-0.019672272008354866,-0.016189661700807798
0.5450000000000004,-0.018681303333921907,-0.024217207105961768,-0.01964876994606608,-0.016172772667057623
0.5460000000000004,-0.018681307728328402,-0.024117008675544567,-0.019625312017911012,-0.016155769164357608
0.5470000000000004,-0.018681312052010644,-0.024016207187529778,-0.019601897153549427,-0.01613865041687056
0.5480000000000004,-0.0186813163062931,-0.023914811754054032,-0.019578524284606012,-0.016121415643500902
0.5490000000000004,-0.01868132049244256,-0.023812831585996033,-0.019555192344621622,-0.016104064057858997
0.5500000000000004,-0.01868132461167004,-0.02371027599132894,-0.019531900269004622,-0.016086594868225307
0.5510000000000004,-0.01868132866513295,-0.023607154373468213,-0.01950864699498231,-0.016069007277514237
0.5520000000000004,-0.018681332653936678,-0.023503476229614354,-0.019485431461552426,-0.01605130048323778
0.5530000000000004,-0.018681336579136957,-0.02339925114909006,-0.019462252609434745,-0.016033473677468907
0.5540000000000004,-0.01868134044174118,-0.0232944888116718,-0.019439109381022737,-0.016015526046804687
0.5550000000000004,-0.018681344242710615,-0.023189198985915004,-0.019416000720335315,-0.015997456772329187
0.5560000000000004,-0.018681347982961914,-0.023083391527472838,-0.01939292557296865,-0.015979265029576098
0.5570000000000004,-0.018681351663368907,-0.02297707637740845,-0.01936988288604806,-0.015960949988491114
0.5580000000000004,-0.018681355284764167,-0.022870263560499444,-0.01934687160817997,-0.015942510813394067
0.5590000000000004,-0.018681358847940872,-0.02276296318353579,-0.019323890689403943,-0.015923946662940794
0.5600000000000004,-0.018681362353653946,-0.022655185433609556,-0.019300939081144768,-0.01590525669008474
0.5610000000000004,-0.01868136580262197,-0.02254694057639708,-0.019278015736164614,-0.015886440042038322
0.5620000000000004,-0.01868136919552842,-0.02243823895443291,-0.019255119608515257,-0.01586749586023401
0.5630000000000004,-0.01868137253302303,-0.022329090985375655,-0.019232249653490338,-0.015848423280285153
0.5640000000000004,-0.018681375815723416,-0.022219507160265453,-0.01920940482757771,-0.01582922143194654
0.5650000000000004,-0.018681379044216018,-0.022109498041772903,-0.01918658408841182,-0.01580988943907468
0.5660000000000004,-0.018681382219057532,-0.021999074262439612,-0.01916378639472614,-0.015790426419587854
0.5670000000000004,-0.018681385340776003,-0.021888246522909893,-0.019141010706305674,-0.015770831485425844
0.5680000000000004,-0.018681388409872126,-0.021777025590154098,-0.019118255983939476,-0.015751103742509417
0.5690000000000004,-0.018681391426819977,-0.021665422295683245,-0.01909552118937324,-0.01573124229069953
0.5700000000000004,-0.01868139439206828,-0.021553447533755266,-0.019072805285261934,-0.01571124622375626
0.5710000000000004,-0.01868139730604119,-0.021441112259572532,-0.019050107235122453,-0.01569111462929746
0.5720000000000004,-0.01868140016913923,-0.02132842748747174,-0.01902742600328634,-0.01567084658875711
0.5730000000000004,-0.01868140298173993,-0.02121540428910504,-0.019004760554852528,-0.015650441177343436
0.5740000000000004,-0.018681405744198794,-0.02110205379161379,-0.018982109855640108,-0.015629897463996675
0.5750000000000004,-0.01868140845684965,-0.020988387175794786,-0.018959472872141152,-0.015609214511346624
0.5760000000000004,-0.0186814111200055,-0.020874415674258975,-0.01893684857147356,-0.015588391375669856
0.5770000000000004,-0.018681413733958662,-0.020760150569583448,-0.018914235921333917,-0.015567427106846663
0.5780000000000004,-0.01868141629898165,-0.02064560319245715,-0.018891633889950403,-0.015546320748317695
0.5790000000000004,-0.01868141881532708,-0.020530784919820428,-0.018869041446035715,-0.015525071337040333
0.5800000000000004,-0.018681421283228132,-0.020415707172999224,-0.01884645755874,-0.015503677903444722
0.5810000000000004,-0.01868142370289847,-0.020300381415834134,-0.018823881197603833,-0.015482139471389558
0.5820000000000004,-0.018681426074532884,-0.020184819152805726,-0.01880131133251119,-0.015460455058117528
0.5830000000000004,-0.018681428398306426,-0.020069031927155367,-0.01877874693364245,-0.015438623674210476
0.5840000000000004,-0.01868143067437498,-0.01995303131900384,-0.01875618697142741,-0.015416644323544264
0.5850000000000004,-0.01868143290287471,-0.019836828943467492,-0.018733630416498292,-0.015394516003243309
0.5860000000000004,-0.018681435083921807,-0.019720436448772805,-0.018711076239642795,-0.015372237703634831
0.5870000000000004,-0.018681437217612104,-0.019603865514370846,-0.018688523411757127,-0.015349808408202785
0.5880000000000004,-0.018681439304020397,-0.01948712784905154,-0.018665970903799036,-0.015327227093541474
0.5890000000000004,-0.018681441343199975,-0.019370235189059795,-0.01864341768674088,-0.015304492729308852
0.5900000000000004,-0.018681443335181704,-0.019253199296213334,-0.018620862731522653,-0.015281604278179527
0.5910000000000004,-0.018681445279973216,-0.019136031956024424,-0.018598305009005046,-0.015258560695797403
0.5920000000000004,-0.01868144717755788,-0.019018744975825595,-0.018575743489922476,-0.015235360930728047
0.5930000000000004,-0.018681449027893596,-0.01890135018290116,-0.018553177144836137,-0.015212003924410711
0.5940000000000004,-0.018681450830911564,-0.018783859422625337,-0.01853060494408702,-0.015188488611110036
0.5950000000000004,-0.018681452586515004,-0.018666284556608414,-0.018508025857748935,-0.015164813917867415
0.5960000000000004,-0.018681454294577318,-0.01854863746085224,-0.01848543885558151,-0.015140978764452032
0.5970000000000004,-0.018681455954940626,-0.01843093002391611,-0.018462842906983194,-0.015116982063311598
0.5980000000000004,-0.01868145756741385,-0.018313174145094882,-0.018440236980944224,-0.015092822719522695
0.5990000000000004,-0.018681459131770654,-0.018195381732610198,-0.018417620045999592,-0.015068499630740848
0.6000000000000004,-0.01868146064774741,-0.018077564701816814,-0.018394991070181967,-0.015044011687150197
0.6010000000000004,-0.01868146211504071,-0.01795973497342514,-0.01837234902097462,-0.015019357771412885
0.6020000000000004,-0.018681463533305014,-0.017841904471741745,-0.01834969286526431,-0.014994536758618062
0.6030000000000004,-0.018681464902946466,-0.01772408504680267,-0.01832702156929414,-0.014969547516230558
0.6040000000000004,-0.018681466225936093,-0.017606288394915966,-0.018304334098616388,-0.01494438890403921
0.6050000000000004,-0.01868146750496228,-0.017488526137910795,-0.018281629418045325,-0.014919059774104838
0.6060000000000004,-0.018681468742599253,-0.017370809900865473,-0.018258906491609952,-0.014893558970707859
0.6070000000000004,-0.018681469941310116,-0.01725315131036652,-0.018236164282506757,-0.014867885330295566
0.6080000000000004,-0.018681471103450094,-0.0171355619927568,-0.018213401753052392,-0.01484203768142903
0.6090000000000004,-0.018681472231269525,-0.017018053572372908,-0.01819061786463633,-0.014816014844729648
0.6100000000000004,-0.018681473326917282,-0.016900637669770947,-0.01816781157767348,-0.014789815632825333
0.6110000000000004,-0.018681474392443494,-0.01678332589994015,-0.018144981851556743,-0.014763438850296334
0.6120000000000004,-0.01868147542980299,-0.016666129870504916,-0.018122127644609538,-0.014736883293620696
0.6130000000000004,-0.018681476440858148,-0.016549061179914365,-0.01809924791403827,-0.014710147751119342
0.6140000000000004,-0.018681477427382066,-0.016432131415619482,-0.01807634161588476,-0.014683231002900792
0.6150000000000004,-0.018681478391061466,-0.016315352152237655,-0.018053407704978583,-0.014656131820805487
0.6160000000000004,-0.018681479333499625,-0.016198734949704956,-0.018030445134889408,-0.014628848968349763
0.6170000000000004,-0.018681480256219397,-0.016082291351415676,-0.018007452857879244,-0.01460138120066944
0.6180000000000004,-0.018681481160666077,-0.01596603288234954,-0.017984429824854622,-0.014573727264463002
0.6190000000000004,-0.018681482048210053,-0.015849971047186637,-0.01796137498531874,-0.014545885897934418
0.6200000000000004,-0.018681482920149855,-0.015734117328409934,-0.01793828728732352,-0.014517855830735579
0.6210000000000004,-0.01868148377771453,-0.015618483184396462,-0.017915165677421626,-0.014489635783908324
0.6220000000000004,-0.018681484622066497,-0.015503080047495867,-0.01789200910061838,-0.014461224469826086
0.6230000000000004,-0.01868148545430416,-0.015387919322098632,-0.01786881650032363,-0.014432620592135138
0.6240000000000004,-0.01868148627546427,-0.015273012382692554,-0.017845586818303543,-0.014403822845695448
0.6250000000000004,-0.018681487086524555,-0.015158370571908678,-0.01782231899463232,-0.014374829916521125
0.6260000000000004,-0.018681487888405953,-0.01504400519855727,-0.01779901196764383,-0.014345640481720458
0.6270000000000004,-0.018681488681975084,-0.01492992753565378,-0.01777566467388317,-0.014316253209435574
0.6280000000000004,-0.018681489468046382,-0.014816148818435407,-0.01775227604805814,-0.014286666758781645
0.6290000000000004,-0.01868149024738435,-0.014702680242369153,-0.01772884502299064,-0.014256879779785717
0.6300000000000004,-0.018681491020705827,-0.014589532961151298,-0.017705370529567974,-0.014226890913325123
0.6310000000000004,-0.018681491788681583,-0.014476718084699521,-0.017681851496694066,-0.014196698791065445
0.6320000000000005,-0.018681492551938926,-0.014364246677137517,-0.01765828685124059,-0.0141663020353981
0.6330000000000005,-0.018681493311063047,-0.014252129754773576,-0.01763467551799801,-0.014135699259377478
0.6340000000000005,-0.018681494066599375,-0.014140378284072842,-0.01761101641962651,-0.014104889066657645
0.6350000000000005,-0.018681494819054817,-0.014029003179624723,-0.017587308476606847,-0.014073870051428653
0.6360000000000005,-0.0186814955688999,-0.013918015302105324,-0.017563550607191093,-0.014042640798352383
0.6370000000000005,-0.018681496316570175,-0.013807425456236398,-0.017539741727353265,-0.014011199882497959
0.6380000000000005,-0.01868149706246802,-0.013697244388740745,-0.017515880750739878,-0.013979545869276737
0.6390000000000005,-0.01868149780696385,-0.013587482786294987,-0.017491966588620376,-0.013947677314376863
0.6400000000000005,-0.018681498550397878,-0.013478151273480852,-0.01746799814983744,-0.013915592763697344
0.6410000000000005,-0.018681499293081185,-0.01336926041073462,-0.01744397434075722,-0.013883290753281723
0.6420000000000005,-0.01868150003529734,-0.013260820692296628,-0.01741989406521942,-0.013850769809251269
0.6430000000000005,-0.01868150077730341,-0.013152842544160536,-0.01739575622448729,-0.013818028447737732
0.6440000000000005,-0.018681501519331487,-0.013045336322023288,-0.017371559717197494,-0.013785065174815628
0.6450000000000005,-0.01868150226158948,-0.012938312309236893,-0.017347303439309843,-0.013751878486434091
0.6460000000000005,-0.018681503004262443,-0.012831780714762027,-0.017322986284056943,-0.013718466868348234
0.6470000000000005,-0.018681503747513564,-0.012725751671124103,-0.017298607141893678,-0.013684828796050059
0.6480000000000005,-0.018681504491485073,-0.01262023523237327,-0.017274164900446587,-0.013650962734698895
0.6490000000000005,-0.018681505236299443,-0.012515241372047571,-0.017249658444463113,-0.013616867139051376
0.6500000000000005,-0.018681505982059803,-0.012410779981141283,-0.017225086655760707,-0.01358254045339091
0.6510000000000005,-0.01868150672885141,-0.012306860866077659,-0.017200448413175813,-0.013547981111456725
0.6520000000000005,-0.018681507476741983,-0.01220349374668769,-0.017175742592512724,-0.01351318753637239
0.6530000000000005,-0.018681508225782545,-0.012100688254194676,-0.01715096806649226,-0.013478158140573853
0.6540000000000005,-0.018681508976008267,-0.011998453929205363,-0.017126123704700357,-0.013442891325737033
0.6550000000000005,-0.0186815097274391,-0.011896800219708327,-0.017101208373536476,-0.013407385482704861
0.6560000000000005,-0.01868151048008041,-0.01179573647907935,-0.01707622093616188,-0.013371638991413873
0.6570000000000005,-0.01868151123392352,-0.011695271964095083,-0.017051160252447767,-0.013335650220820285
0.6580000000000005,-0.018681511988946388,-0.01159541583295463,-0.017026025178923244,-0.013299417528825583
0.6590000000000005,-0.018681512745114037,-0.011496177143309787,-0.017000814568723155,-0.013262939262201578
0.6600000000000005,-0.018681513502379194,-0.011397564850304135,-0.016975527271535746,-0.013226213756514983
0.6610000000000005,-0.018681514260682673,-0.011299587804621258,-0.01695016213355019,-0.013189239336051473
0.6620000000000005,-0.01868151501995384,-0.011202254750542507,-0.016924717997403926,-0.013152014313739213
0.6630000000000005,-0.01868151578011098,-0.01110557432401413,-0.01689919370212986,-0.013114536991071887
0.6640000000000005,-0.01868151654106189,-0.011009555050724614,-0.0168735880831034,-0.013076805658031208
0.6650000000000005,-0.01868151730270399,-0.010914205344191635,-0.0168478999719893,-0.013038818593008872
0.6660000000000005,-0.018681518064925042,-0.010819533503859462,-0.01682212819668836,-0.01300057406272802
0.6670000000000005,-0.018681518827603036,-0.010725547713206461,-0.016796271581283936,-0.012962070322164145
0.6680000000000005,-0.01868151959060686,-0.01063225603786289,-0.016770328945988303,-0.012923305614465475
0.6690000000000005,-0.018681520353796416,-0.010539666423739389,-0.01674429910708881,-0.012884278170872808
0.6700000000000005,-0.018681521117022985,-0.010447786695165365,-0.016718180876893876,-0.012844986210638808
0.6710000000000005,-0.01868152188012952,-0.010356624553038256,-0.016691973063678787,-0.012805427940946749
0.6720000000000005,-0.018681522642950813,-0.010266187572983091,-0.016665674471631337,-0.012765601556828723
0.6730000000000005,-0.018681523405313854,-0.010176483203522123,-0.01663928390079725,-0.012725505241083268
0.6740000000000005,-0.01868152416703788,-0.010087518764255204,-0.016612800147025437,-0.01268513716419246
0.6750000000000005,-0.018681524927934935,-0.009999301444049922,-0.016586222001913047,-0.012644495484238443
0.6760000000000005,-0.01868152568780968,-0.009911838299241974,-0.01655954825275034,-0.012603578346819369
0.6770000000000005,-0.01868152644645993,-0.009825136251845668,-0.016532777682465336,-0.0125623838849648
0.6780000000000005,-0.018681527203676707,-0.009739202087773817,-0.01650590906956831,-0.012520910219050519
0.6790000000000005,-0.01868152795924452,-0.009654042455067468,-0.016478941188096025,-0.012479155456712762
0.6800000000000005,-0.018681528712941455,-0.009569663862135199,-0.016451872807555817,-0.012437117692761868
0.6810000000000005,-0.018681529464539527,-0.009486072676001246,-0.016424702692869438,-0.012394795009095363
0.6820000000000005,-0.018681530213804802,-0.009403275120563152,-0.01639742960431671,-0.012352185474610429
0.6830000000000005,-0.01868153096049758,-0.009321277274857485,-0.01637005229747895,-0.012309287145115796
0.6840000000000005,-0.018681531704372634,-0.009240085071334834,-0.016342569523182207,-0.012266098063243042
0.6850000000000005,-0.018681532445179394,-0.009159704294142385,-0.01631498002744024,-0.012222616258357258
0.6860000000000005,-0.018681533182662278,-0.009080140577415186,-0.016287282551397313,-0.012178839746467152
0.6870000000000005,-0.018681533916560692,-0.00900139940357445,-0.016259475831270766,-0.012134766530134518
0.6880000000000005,-0.01868153464660951,-0.00892348610163384,-0.016231558598293335,-0.012090394598383094
0.6890000000000005,-0.01868153537253909,-0.008846405845512568,-0.016203529578655264,-0.012045721926606807
0.6900000000000005,-0.018681536094075683,-0.008770163652355428,-0.01617538749344619,-0.012000746476477395
0.6910000000000005,-0.01868153681094167,-0.008694764380859636,-0.016147131058596782,-0.011955466195851397
0.6920000000000005,-0.0186815375228557,-0.008620212729607338,-0.016118758984820167,-0.011909879018676534
0.6930000000000005,-0.018681538229533137,-0.008546513235404752,-0.01609026997755307,-0.011863982864897411
0.6940000000000005,-0.018681538930686352,-0.008473670271626313,-0.016061662736896777,-0.011817775640360628
0.6950000000000005,-0.01868153962602502,-0.008401688046564468,-0.016032935957557812,-0.01177125523671923
0.6960000000000005,-0.018681540315256377,-0.00833057060178441,-0.016004088328788375,-0.011724419531336495
0.6970000000000005,-0.018681540998085708,-0.008260321810483284,-0.015975118534326534,-0.011677266387189087
0.6980000000000005,-0.01868154167421663,-0.008190945375853874,-0.015946025252336182,-0.011629793652769553
0.6990000000000005,-0.0186815423433516,-0.008122444829452426,-0.015916807155346706,-0.011581999161988144
0.7000000000000005,-0.01868154300519244,-0.008054823529569814,-0.015887462910192426,-0.011533880734073996
0.7010000000000005,-0.018681543659440393,-0.007988084659606336,-0.01585799117795176,-0.011485436173475597
0.7020000000000005,-0.018681544305797142,-0.007922231226449491,-0.01582839061388614,-0.011436663269760646
0.7030000000000005,-0.018681544943964977,-0.007857266058854534,-0.015798659867378648,-0.011387559797515164
0.7040000000000005,-0.018681545573647495,-0.0077931918058270905,-0.015768797581872385,-0.011338123516241968
0.7050000000000005,-0.01868154619455007,-0.00773001093500848,-0.015738802394808588,-0.01128835217025844
0.7060000000000005,-0.018681546806380785,-0.007667725731062051,-0.015708672937564453,-0.011238243488593602
0.7070000000000005,-0.01868154740885063,-0.007606338294061615,-0.01567840783539067,-0.01118779518488449
0.7080000000000005,-0.018681548001674705,-0.007545850537880447,-0.01564800570734873,-0.011137004957271844
0.7090000000000005,-0.018681548584572494,-0.007486264188581668,-0.015617465166247887,-0.011085870488295076
0.7100000000000005,-0.018681549157269068,-0.007427580782808271,-0.015586784818581872,-0.011034389444786515
0.7110000000000005,-0.018681549719495764,-0.007369801666174387,-0.015555963264465313,-0.010982559477764968
0.7120000000000005,-0.0186815502709909,-0.00731292799165549,-0.01552499909756986,-0.010930378222328528
0.7130000000000005,-0.018681550811501035,-0.00725696071797851,-0.015493890905060013,-0.010877843297546675
0.7140000000000005,-0.018681551340781685,-0.00720190060801129,-0.01546263726752866,-0.01082495230635163
0.7150000000000005,-0.01868155185859865,-0.007147748227150748,-0.015431236758932314,-0.010771702835428993
0.7160000000000005,-0.0186815523647288,-0.007094503941709587,-0.015399687946526042,-0.01071809245510762
0.7170000000000005,-0.01868155285896153,-0.007042167917301742,-0.015367989390798094,-0.010664118719248765
0.7180000000000005,-0.01868155334109965,-0.0069907401172251155,-0.015336139645404217,-0.010609779165134461
0.7190000000000005,-0.0186815538109611,-0.006940220300842595,-0.015304137257101665,-0.010555071313355164
0.7200000000000005,-0.018681554268379877,-0.006890608021960159,-0.01527198076568289,-0.010499992667696608
0.7210000000000005,-0.01868155471320783,-0.006841902627202088,-0.015239668703908912,-0.010444540715025916
0.7220000000000005,-0.01868155514531576,-0.006794103254382971,-0.01520719959744238,-0.010388712925176936
0.7230000000000005,-0.018681555564595293,-0.006747208830876144,-0.015174571964780288,-0.010332506750834771
0.7240000000000005,-0.018681555970960374,-0.006701218071978347,-0.01514178431718639,-0.010275919627419583
0.7250000000000005,-0.018681556364348966,-0.006656129479270239,-0.015108835158623261,-0.010218948972969547
0.7260000000000005,-0.018681556744724777,-0.006611941338972265,-0.015075722985684045,-0.010161592188023058
0.7270000000000005,-0.018681557112079302,-0.00656865172029636,-0.015042446287523848,-0.010103846655500119
0.7280000000000005,-0.01868155746643351,-0.006526258473792198,-0.01500900354579081,-0.010045709740582921
0.7290000000000005,-0.018681557807840057,-0.006484759229688319,-0.01497539323455682,-0.009987178790595639
0.7300000000000005,-0.01868155813638513,-0.006444151396227873,-0.014941613820247893,-0.009928251134883371
0.7310000000000005,-0.018681558452190897,-0.00640443215799838,-0.014907663761574194,-0.009868924084690303
0.7320000000000005,-0.01868155875541756,-0.006365598474255758,-0.014873541509459713,-0.00980919493303701
0.7330000000000005,-0.01868155904626575,-0.006327647077241915,-0.014839245506971585,-0.009749060954596961
0.7340000000000005,-0.018681559324978888,-0.00629057447049582,-0.014804774189249052,-0.009688519405572147
0.7350000000000005,-0.018681559591845816,-0.006254376927158224,-0.01477012598343205,-0.009627567523567894
0.7360000000000005,-0.018681559847203173,-0.006219050488269122,-0.014735299308589458,-0.009566202527466827
0.7370000000000005,-0.018681560091438138,-0.006184590961058504,-0.014700292575646956,-0.009504421617301965
0.7380000000000005,-0.018681560324991166,-0.006150993917229859,-0.014665104187314515,-0.009442221974128973
0.7390000000000005,-0.018681560548358896,-0.006118254691236316,-0.014629732538013519,-0.009379600759897522
0.7400000000000005,-0.018681560762096785,-0.0060863683785493785,-0.014594176013803509,-0.00931655511732181
0.7410000000000005,-0.018681560966822365,-0.006055329833920251,-0.014558432992308535,-0.009253082169750184
0.7420000000000005,-0.018681561163217994,-0.006025133669633623,-0.01452250184264314,-0.009189179021033885
0.7430000000000005,-0.01868156135203416,-0.00599577425375385,-0.014486380925337931,-0.009124842755394904
0.7440000000000005,-0.01868156153409259,-0.00596724570836355,-0.014450068592264791,-0.009060070437292933
0.7450000000000006,-0.01868156171028954,-0.005939541907794756,-0.014413563186561661,-0.008994859111291428
0.7460000000000006,-0.018681561881598915,-0.005912656476852482,-0.014376863042556953,-0.00892920580192276
0.7470000000000006,-0.018681562049075822,-0.005886582789031235,-0.014339966485693544,-0.008863107513552449
0.7480000000000006,-0.018681562213859894,-0.005861313964723935,-0.014302871832452367,-0.00879656123024247
0.7490000000000006,-0.018681562377178728,-0.0058368428694239695,-0.014265577390275602,-0.008729563915613657
0.7500000000000006,-0.018681562540351457,-0.005813162111920743,-0.014228081457489437,-0.008662112512707144
0.7510000000000006,-0.01868156270479222,-0.005790264042487931,-0.014190382323226435,-0.008594203943844893
0.7520000000000006,-0.01868156287201369,-0.0057681407510661985,-0.014152478267347465,-0.008525835110489259
0.7530000000000006,-0.0186815630436307,-0.005746784065439607,-0.014114367560363213,-0.008457002893101612
0.7540000000000006,-0.01868156322136401,-0.005726185549406458,-0.014076048463355277,-0.008387704150999997
0.7550000000000006,-0.01868156340704367,-0.005706336500944858,-0.014037519227896813,-0.008317935722215834
0.7560000000000006,-0.018681563602612816,-0.005687227950373885,-0.013998778095972764,-0.008247694423349643
0.7570000000000006,-0.018681563810131127,-0.005668850658510072,-0.013959823299899648,-0.008176977049425781
0.7580000000000006,-0.01868156403177868,-0.005651195114820382,-0.013920653062244893,-0.008105780373746225
0.7590000000000006,-0.01868156426985931,-0.005634251535571773,-0.013881265595745743,-0.008034101147743323
0.7600000000000006,-0.01868156452680425,-0.005618009861978381,-0.013841659103227709,-0.007961936100831587
0.7610000000000006,-0.018681564805175715,-0.005602459758346184,-0.013801831777522562,-0.007889281940258449
0.7620000000000006,-0.018681565107670235,-0.005587590610216634,-0.013761781801385882,-0.007816135350954026
0.7630000000000006,-0.01868156543712209,-0.005573391522509189,-0.013721507347414131,-0.007742492995379851
0.7640000000000006,-0.018681565796506764,-0.005559851317663897,-0.013681006577961285,-0.0076683515133766
0.7650000000000006,-0.01868156618894399,-0.00554695853378417,-0.013640277645054977,-0.007593707522010766
0.7660000000000006,-0.01868156661770114,-0.005534701422781104,-0.01359931869031218,-0.007518557615420305
0.7670000000000006,-0.018681567086196088,-0.005523067948519346,-0.013558127844854407,-0.007442898364659231
0.7680000000000006,-0.018681567598000236,-0.005512045784965619,-0.013516703229222446,-0.007366726317541159
0.7690000000000006,-0.018681568156841268,-0.005501622314340565,-0.013475042953290606,-0.0072900379984817965
0.7700000000000006,-0.0186815687666059,-0.005491784625274266,-0.013433145116180463,-0.007212829908340353
0.7710000000000006,-0.018681569431342332,-0.005482519510966495,-0.013391007806174136,-0.007135098524259877
0.7720000000000006,-0.018681570155262554,-0.005473813467352092,-0.013348629100627049,-0.0070568402995065185
0.7730000000000006,-0.018681570942744724,-0.0054656526912721165,-0.013306007065880218,-0.006978051663307704
0.7740000000000006,-0.01868157179833475,-0.0054580230786516,-0.013263139757172011,-0.006898729020689199
0.7750000000000006,-0.01868157272674841,-0.0054509102226839795,-0.013220025218549418,-0.0068188687523110855
0.7760000000000006,-0.01868157373287279,-0.0054442994120234385,-0.013176661482778799,-0.006738467214302609
0.7770000000000006,-0.018681574821767466,-0.005438175628985071,-0.013133046571256128,-0.006657520738095922
0.7780000000000006,-0.01868157599866565,-0.005432523547753488,-0.013089178493916716,-0.006576025630258699
0.7790000000000006,-0.01868157726897512,-0.005427327532600588,-0.013045055249144398,-0.0064939781723255974
0.7800000000000006,-0.018681578638278396,-0.005422571636112512,-0.013000674823680211,-0.006411374620628608
0.7810000000000006,-0.0186815801123333,-0.005418239597426154,-0.012956035192530531,-0.006328211206126224
0.7820000000000006,-0.01868158169707254,-0.0054143148404757774,-0.012911134318874674,-0.006244484134231476
0.7830000000000006,-0.018681583398603575,-0.005410780472249793,-0.012865970153971966,-0.006160189584638792
0.7840000000000006,-0.01868158522320751,-0.005407619281057731,-0.012820540637068258,-0.006075323711149683
0.7850000000000006,-0.018681587177338303,-0.005404813734807912,-0.012774843695301893,-0.00598988264149724
0.7860000000000006,-0.018681589267620938,-0.0054023459792955026,-0.012728877243609138,-0.005903862477169461
0.7870000000000006,-0.01868159150084971,-0.005400197836501481,-0.012682639184629035,-0.00581725929323137
0.7880000000000006,-0.018681593883985725,-0.005398350802901813,-0.012636127408607707,-0.0057300691381459165
0.7890000000000006,-0.0186815964241542,-0.005396786047787529,-0.012589339793302097,-0.005642288033593693
0.7900000000000006,-0.018681599128641396,-0.005395484411594981,-0.01254227420388313,-0.005553911974291395
0.7910000000000006,-0.018681602004890552,-0.005394426404246497,-0.012494928492838302,-0.005464936927809078
0.7920000000000006,-0.018681605060498083,-0.0053935922035010485,-0.0124473004998737,-0.00537535883438616
0.7930000000000006,-0.018681608303208464,-0.005392961653314843,-0.012399388051815428,-0.005285173606746185
0.7940000000000006,-0.018681611740909265,-0.005392514262211216,-0.01235118896251045,-0.005194377129910331
0.7950000000000006,-0.018681615381625265,-0.00539222920166022,-0.012302701032726843,-0.005102965261009647
0.7960000000000006,-0.0186816192335119,-0.005392085304466496,-0.012253922050053443,-0.0050109338290960205
0.7970000000000006,-0.0186816233048484,-0.005392061063166415,-0.012204849788798905,-0.004918278634951876
0.7980000000000006,-0.018681627604029964,-0.005392134628432764,-0.012155482009890143,-0.004824995450898553
0.7990000000000006,-0.0186816321395596,-0.0053922838074873984,-0.012105816460770169,-0.0047310800206034264
0.8000000000000006,-0.018681636920038824,-0.005392486062521375,-0.01205585087529531,-0.0046365280588856845
0.8010000000000006,-0.01868164195415821,-0.005392718509121838,-0.012005582973631811,-0.004541335251520809
0.8020000000000006,-0.0186816472506865,-0.005392957914705364,-0.01195501046215181,-0.004445497255043724
0.8030000000000006,-0.0186816561001745,-0.0053932545906345865,-0.011904433915559922,-0.004438991457436103
0.8040000000000006,-0.018681652344772086,-0.005393544252602291,-0.011854153908376647,-0.004432441565427879
0.8050000000000006,-0.01868161097172438,-0.005393827062875828,-0.01180416814642177,-0.004425847280160049
0.8060000000000006,-0.018681507356031,-0.005394103179915997,-0.011754474348940924,-0.004419208300748035
0.8070000000000006,-0.018681317258366987,-0.005394372758475745,-0.011705070248501516,-0.004412524324267951
0.8080000000000006,-0.018681016822983006,-0.005394635949695251,-0.011655953590889277,-0.00440579504574278
0.8090000000000006,-0.018680582575588047,-0.005394892901194827,-0.011607122135005402,-0.004399020158128461
0.8100000000000006,-0.01867999142121618,-0.005395143757164414,-0.011558573652764291,-0.004392199352299876
0.8110000000000006,-0.01867922064207914,-0.0053953886584508495,-0.01151030592899189,-0.004385332317036747
0.8120000000000006,-0.01867824789540717,-0.005395627742642409,-0.011462316761324615,-0.004378418739009435
0.8130000000000006,-0.018677051211278863,-0.005395861144150829,-0.011414603960108863,-0.004371458302764649
0.8140000000000006,-0.018675608990442603,-0.005396088994290857,-0.011367165348301098,-0.004364450690711042
0.8150000000000006,-0.018673900002130366,-0.005396311421357699,-0.011319998761368525,-0.004357395583104727
0.8160000000000006,-0.018671903381865636,-0.005396528550701923,-0.01127310204719032,-0.004350292658034686
0.8170000000000006,-0.018669598629266836,-0.005396740504802383,-0.011226473065959435,-0.004343141591408086
0.8180000000000006,-0.018666965605847085,-0.005396947403337068,-0.01118010969008496,-0.0043359420569354795
0.8190000000000006,-0.018663984532811893,-0.0053971493632515724,-0.011134009804095053,-0.00432869372611593
0.8200000000000006,-0.01866063598885569,-0.005397346498826236,-0.011088171304540404,-0.004321396268222016
0.8210000000000006,-0.018656900907957668,-0.005397538921740778,-0.011042592099898269,-0.00431404935028474
0.8220000000000006,-0.018652760577178983,-0.005397726741137419,-0.01099727011047703,-0.004306652637078341
0.8230000000000006,-0.018648196634460688,-0.005397910063682152,-0.010952203268321307,-0.004299205791104992
0.8240000000000006,-0.018643191066424227,-0.0053980889936243665,-0.010907389517117597,-0.004291708472579405
0.8250000000000006,-0.0186377262061749,-0.005398263632854739,-0.010862826812100455,-0.0042841603394133294
0.8260000000000006,-0.018631784731108245,-0.005398434080961564,-0.010818513119959192,-0.004276561047199935
0.8270000000000006,-0.018625349660720936,-0.005398600435285582,-0.010774446418745096,-0.004268910249198108
0.8280000000000006,-0.018618404354425834,-0.0053987627909731755,-0.010730624697779178,-0.00426120759631662
0.8290000000000006,-0.018610932509371937,-0.005398921241028374,-0.010687045957560426,-0.004253452737098202
0.8300000000000006,-0.018602918158269373,-0.005399075876363199,-0.010643708209674578,-0.004245645317703521
0.8310000000000006,-0.018594345667220125,-0.00539922678584678,-0.010600609476703384,-0.004237784981895011
0.8320000000000006,-0.01858519973355436,-0.005399374056353178,-0.010557747792134389,-0.004229871371020639
0.8330000000000006,-0.01857546538367243,-0.005399517772807903,-0.0105151212002712,-0.004221904123997533
0.8340000000000006,-0.01856512797089334,-0.005399658018233327,-0.010472727756144254,-0.004213882877295503
0.8350000000000006,-0.018554173173309263,-0.005399794873792531,-0.010430565525422068,-0.004205807264920458
0.8360000000000006,-0.018542586991645845,-0.005399928418832552,-0.01038863258432299,-0.004197676918397708
0.8370000000000006,-0.018530355747129527,-0.005400058730926098,-0.010346927019527406,-0.004189491466755148
0.8380000000000006,-0.018517466079360535,-0.005400185885912251,-0.010305446928090453,-0.004181250536506332
0.8390000000000006,-0.018503904944192347,-0.0054003099579362805,-0.010264190417355178,-0.004172953751633429
0.8400000000000006,-0.018489659611617304,-0.005400431019488353,-0.010223155604866191,-0.004164600733570075
0.8410000000000006,-0.01847471766365838,-0.00540054914144099,-0.010182340618283763,-0.0041561911011840855
0.8420000000000006,-0.01845906699226679,-0.005400664393086129,-0.010141743595298403,-0.004147724470760079
0.8430000000000006,-0.018442695797225458,-0.005400776842170665,-0.01010136268354588,-0.004139200455981962
0.8440000000000006,-0.018425592584058587,-0.005400886554931512,-0.010061196040522705,-0.004130618667915302
0.8450000000000006,-0.018407746161946126,-0.005400993596129416,-0.010021241833502056,-0.004121978714989582
0.8460000000000006,-0.01838914564164444,-0.0054010980290822306,-0.00998149823945016,-0.004113280202980336
0.8470000000000006,-0.01836978043341137,-0.005401199915697222,-0.009941963444943108,-0.004104522734991155
0.8480000000000006,-0.018349640244937085,-0.005401299316502496,-0.009902635646084118,-0.004095705911435587
0.8490000000000006,-0.01832871507927932,-0.005401396290677644,-0.009863513048421218,-0.004086829330018898
0.8500000000000006,-0.018306995232803526,-0.005401490896083851,-0.00982459386686537,-0.0040778925857197145
0.8510000000000006,-0.018284471293127443,-0.005401583189292909,-0.009785876325609032,-0.0040688952707715505
0.8520000000000006,-0.018261134137069788,-0.005401673225615667,-0.009747358658045113,-0.004059836974644196
0.8530000000000006,-0.01823697492860353,-0.005401761059129996,-0.009709039106686378,-0.004050717284024985
0.8540000000000006,-0.018211985116812403,-0.0054018467427073506,-0.009670915923085254,-0.004041535782799941
0.8550000000000006,-0.0181861564338519,-0.005401930328039772,-0.009632987367754054,-0.004032292052034787
0.8560000000000006,-0.018159480892913284,-0.005402011865664957,-0.009595251710085602,-0.004022985669955834
0.8570000000000007,-0.01813195078619119,-0.00540209140499189,-0.009557707228274271,-0.004013616211930726
0.8580000000000007,-0.018103558682854744,-0.00540216899432492,-0.009520352209237427,-0.004004183250449083
0.8590000000000007,-0.018074297427021456,-0.005402244680887743,-0.009483184948537253,-0.003994686355102976
0.8600000000000007,-0.018044160135733987,-0.005402318510846721,-0.009446203750302988,-0.003985125092567303
0.8610000000000007,-0.018013140196940437,-0.005402390529333474,-0.009409406927153544,-0.003975499026580005
0.8620000000000007,-0.017981231267476666,-0.0054024607804670334,-0.009372792800120511,-0.003965807717922171
0.8630000000000007,-0.017948427271051642,-0.005402529307375455,-0.009336359698571557,-0.00395605072439799
0.8640000000000007,-0.01791472239623519,-0.00540259615221686,-0.009300105960134192,-0.003946227600814575
0.8650000000000007,-0.017880111094448356,-0.00540266135619991,-0.009264029930619921,-0.003936337898961655
0.8660000000000007,-0.01784458807795611,-0.005402724959604161,-0.009228129963948766,-0.003926381167591113
0.8670000000000007,-0.01780814831786248,-0.005402787001799133,-0.009192404422074158,-0.00391635695239641
0.8680000000000007,-0.0177707870421079,-0.005402847521263817,-0.0091568516749082,-0.003906264795991851
0.8690000000000007,-0.01773249973346896,-0.00540290655560517,-0.00912147010024728,-0.00389610423789171
0.8700000000000007,-0.017693282127560477,-0.005402964141576265,-0.009086258083698066,-0.003885874814489226
0.8710000000000007,-0.01765313021083981,-0.005403020315094079,-0.00905121401860383,-0.0038755760590354436
0.8720000000000007,-0.017612040218613425,-0.005403075111256951,-0.009016336305971154,-0.0038652075016179215
0.8730000000000007,-0.017570008633045846,-0.005403128564361328,-0.008981623354396956,-0.0038547686691392845
0.8740000000000007,-0.017527032181171062,-0.005403180707918408,-0.00894707357999589,-0.0038442590852956473
0.8750000000000007,-0.017483107832906106,-0.005403231574670309,-0.008912685406328067,-0.0038336782705548694
0.8760000000000007,-0.017438232799067043,-0.0054032811966058135,-0.008878457264327132,-0.003823025742134687
0.8770000000000007,-0.01739240452938785,-0.005403329604975859,-0.008844387592228671,-0.0038123010139806757
0.8780000000000007,-0.017345620710541486,-0.005403376830308541,-0.008810474835498943,-0.0038015035967440772
0.8790000000000007,-0.01729787926416371,-0.0054034229024239305,-0.008776717446763954,-0.0037906329977594683
0.8800000000000007,-0.017249178344879594,-0.005403467850448459,-0.008743113885738854,-0.003779688721022285
0.8810000000000007,-0.01719951633833303,-0.0054035117028289744,-0.008709662619157657,-0.003768670267166185
0.8820000000000007,-0.017148891859218893,-0.005403554487346622,-0.008676362120703279,-0.00375757713344027
0.8830000000000007,-0.017097303749318376,-0.005403596231130197,-0.008643210870937897,-0.0037464088136861407
0.8840000000000007,-0.017044751075537413,-0.005403636960669526,-0.008610207357233618,-0.0037351647983148058
0.8850000000000007,-0.016991233127948292,-0.005403676701828207,-0.008577350073703466,-0.0037238445742834294
0.8860000000000007,-0.01693674941783456,-0.005403715479856455,-0.008544637521132662,-0.003712447625071915
0.8870000000000007,-0.016881299675739633,-0.0054037533194032815,-0.008512068206910224,-0.0037009734306593474
0.8880000000000007,-0.016824883849518548,-0.005403790244528806,-0.008479640644960864,-0.0036894214675002607
0.8890000000000007,-0.016767502102393805,-0.0054038262787161236,-0.008447353355677175,-0.003677791208500752
0.8900000000000007,-0.016709154811014985,-0.005403861444882788,-0.008415204865852123,-0.0036660821229944265
0.8910000000000007,-0.016649842563521984,-0.005403895765392486,-0.008383193708611828,-0.003654293676718188
0.8920000000000007,-0.016589566157612548,-0.005403929262066076,-0.00835131842334863,-0.0036424253317878623
0.8930000000000007,-0.016528326598614074,-0.005403961956192511,-0.008319577555654451,-0.003630476546673652
0.8940000000000007,-0.016466125097559604,-0.005403993868539848,-0.008287969657254424,-0.003618446776175427
0.8950000000000007,-0.01640296306926811,-0.005404025019365625,-0.008256493285940816,-0.0036063354713978526
0.8960000000000007,-0.016338842130429517,-0.005404055428427182,-0.008225147005507227,-0.00359414207972534
0.8970000000000007,-0.016273764097694293,-0.00540408511499204,-0.008193929385683049,-0.00358186604479683
0.8980000000000007,-0.016207730985767922,-0.005404114097847814,-0.008162839002068214,-0.0035695068064804172
0.8990000000000007,-0.016140745005509865,-0.005404142395311879,-0.008131874436068193,-0.003557063800847777
0.9000000000000007,-0.0160728085620382,-0.005404170025241169,-0.00810103427482928,-0.003544536460148449
0.9010000000000007,-0.01600392425283838,-0.005404197005041666,-0.008070317111174114,-0.003531924212783924
0.9020000000000007,-0.015934094865878008,-0.00540422335167763,-0.008039721543537482,-0.0035192264832815626
0.9030000000000007,-0.015863323377726442,-0.005404249081680645,-0.008009246175902363,-0.0035064426922683453
0.9040000000000007,-0.015791612951679728,-0.0054042742111588184,-0.007978889617736228,-0.0034935722564444233
0.9050000000000007,-0.015718966935891046,-0.005404298755805431,-0.0079486504839276,-0.003480614588556517
0.9060000000000007,-0.015645388861506522,-0.005404322730907657,-0.007918527394722845,-0.0034675690973711114
0.9070000000000007,-0.015570882440806616,-0.0054043461513551844,-0.007888518975663228,-0.0034544351876474874
0.9080000000000007,-0.015495451565353039,-0.005404369031648548,-0.007858623857522189,-0.0034412122601105554
0.9090000000000007,-0.015419100304141144,-0.00540439138590741,-0.00782884067624287,-0.003427899711423512
0.9100000000000007,-0.01534183290175833,-0.005404413227878585,-0.00779916807287588,-0.003414496934160312
0.9110000000000007,-0.01526365377654749,-0.005404434570944148,-0.0077696046935172855,-0.0034010033167779603
0.9120000000000007,-0.015184567518776825,-0.005404455428129327,-0.007740149189246833,-0.003387418243588595
0.9130000000000007,-0.015104578888814455,-0.005404475812110121,-0.007710800216066404,-0.0033737410947314046
0.9140000000000007,-0.015023692815309407,-0.0054044957352209055,-0.007681556434838688,-0.003359971246144339
0.9150000000000007,-0.014941914393377788,-0.005404515209462091,-0.007652416511226083,-0.0033461080695356415
0.9160000000000007,-0.01485924888279462,-0.005404534246507353,-0.007623379115629808,-0.0033321509323551712
0.9170000000000007,-0.014775701706191125,-0.005404552857710894,-0.007594442923129242,-0.003318099197765551
0.9180000000000007,-0.0146912784472575,-0.005404571054114669,-0.0075656066134214646,-0.0033039522246131048
0.9190000000000007,-0.014605984848950907,-0.005404588846455348,-0.007536868870761015,-0.003289709367398602
0.9200000000000007,-0.014519826811708804,-0.005404606245171249,-0.007508228383899859,-0.0032753699762478094
0.9210000000000007,-0.014432810391667437,-0.005404623260409194,-0.007479683846027558,-0.003260933396881831
0.9220000000000007,-0.014344941798885116,-0.005404639902031171,-0.007451233954711641,-0.0032463989705872652
0.9230000000000007,-0.014256227395570613,-0.005404656179620896,-0.007422877411838177,-0.003231766034186136
0.9240000000000007,-0.014166673694315986,-0.005404672102490371,-0.007394612923552546,-0.0032170339200056457
0.9250000000000007,-0.014076287356334158,-0.005404687679686347,-0.007366439200200403,-0.003202201955847702
0.9260000000000007,-0.01398507518970061,-0.00540470291999638,-0.007338354956268831,-0.003187269464958252
0.9270000000000007,-0.013893044147599289,-0.005404717831955312,-0.007310358910327687,-0.003172235765996399
0.9280000000000007,-0.013800201326572361,-0.005404732423851124,-0.007282449784971136,-0.0031571001730033178
0.9290000000000007,-0.013706553964773813,-0.005404746703731135,-0.0072546263067593585,-0.0031418619953709516
0.9300000000000007,-0.01361210944022588,-0.005404760679407676,-0.007226887206160453,-0.003126520537810506
0.9310000000000007,-0.013516875269079314,-0.005404774358464036,-0.007199231217492505,-0.0031110751003207227
0.9320000000000007,-0.013420859103876,-0.005404787748260235,-0.007171657078865839,-0.0030955249781559344
0.9330000000000007,-0.013324068731814244,-0.005404800855938471,-0.007144163532125438,-0.003079869461793918
0.9340000000000007,-0.013226512073016184,-0.005404813688428704,-0.007116749322793538,-0.0030641078369035117
0.9350000000000007,-0.013128197178797365,-0.005404826252454152,-0.0070894132000123905,-0.003048239384312026
0.9360000000000007,-0.01302913222993733,-0.005404838554536448,-0.0070621539164871855,-0.0030322633799724314
0.9370000000000007,-0.012929325534951925,-0.0054048506010011205,-0.007034970228429141,-0.0030161790949303144
0.9380000000000007,-0.012828785528366056,-0.005404862397982596,-0.00700786089549875,-0.0029999857952906243
0.9390000000000007,-0.012727520768987028,-0.005404873951429235,-0.00698082468074919,-0.002983682742184181
0.9400000000000007,-0.012625539938177794,-0.0054048852671083865,-0.006953860350569877,-0.0029672691917339653
0.9410000000000007,-0.012522851838129944,-0.005404896350611226,-0.006926966674630184,-0.002950744395021177
0.9420000000000007,-0.012419465390135852,-0.005404907207357531,-0.006900142425823301,-0.002934107598051061
0.9430000000000007,-0.012315389632859547,-0.005404917842600516,-0.006873386380210246,-0.002917358041718508
0.9440000000000007,-0.012210633720606127,-0.0054049282614311986,-0.0068466973169640155,-0.0029004949617734126
0.9450000000000007,-0.012105206921588967,-0.005404938468783165,-0.006820074018313886,-0.002883517588785808
0.9460000000000007,-0.011999118616194517,-0.00540494846943688,-0.006793515269489842,-0.002866425148110751
0.9470000000000007,-0.011892378295244225,-0.005404958268024068,-0.006767019858667156,-0.002849216859852984
0.9480000000000007,-0.011784995558252753,-0.005404967869031972,-0.00674058657691109,-0.0028318919388313447
0.9490000000000007,-0.011676980111683092,-0.005404977276807617,-0.006714214218121738,-0.002814449594542944
0.9500000000000007,-0.011568341767196684,-0.005404986495561641,-0.006687901578978992,-0.0027968890311270934
0.9510000000000007,-0.011459090439899528,-0.0054049955293726405,-0.006661647458887633,-0.002779209447328991
0.9520000000000007,-0.011349236146582894,-0.005405004382190863,-0.00663545065992256,-0.002761410036463166
0.9530000000000007,-0.011238789003958539,-0.005405013057842037,-0.006609309986774121,-0.002743489986376666
0.9540000000000007,-0.011127759226888299,-0.0054050215600312465,-0.006583224246693576,-0.0027254484794120037
0.9550000000000007,-0.011016157126607232,-0.005405029892346394,-0.006557192249438679,-0.0027072846923698476
0.9560000000000007,-0.010903993108940324,-0.005405038058261947,-0.006531212807219364,-0.0026889977964714607
0.9570000000000007,-0.010791277672511881,-0.0054050460611423145,-0.006505284734643552,-0.002670586957320886
0.9580000000000007,-0.010678021406948004,-0.005405053904245287,-0.00647940684866306,-0.002652051334866873
0.9590000000000007,-0.010564234991071255,-0.005405061590725263,-0.006453577968519624,-0.0026333900833645485
0.9600000000000007,-0.010449929191087335,-0.005405069123636503,-0.006427796915691023,-0.0026146023513368283
0.9610000000000007,-0.010335114858763572,-0.005405076505936333,-0.006402062513837304,-0.002595687281535563
0.9620000000000007,-0.010219802929599332,-0.005405083740487979,-0.006376373588747109,-0.002576644010902425
0.9630000000000007,-0.010104004420987222,-0.005405090830063767,-0.006350728968284095,-0.0025574716705295307
0.9640000000000007,-0.009987730430365839,-0.0054050977773477836,-0.006325127482333457,-0.002538169385619789
0.9650000000000007,-0.009870992133363433,-0.005405104584938725,-0.0062995679627485335,-0.0025187362754469926
0.9660000000000007,-0.009753800781932569,-0.00540511125535255,-0.006274049243297508,-0.002499171453315625
0.9670000000000007,-0.009636167702475381,-0.005405117791025035,-0.006248570159610198,-0.00247947402652041
0.9680000000000007,-0.009518104293959804,-0.00540512419431435,-0.006223129549124919,-0.002459643096305571
0.9690000000000007,-0.009399622026026578,-0.005405130467503325,-0.006197726251035452,-0.0024396777578238283
0.9700000000000008,-0.009280732437086867,-0.005405136612801968,-0.006172359106238066,-0.0024195771000951123
0.9710000000000008,-0.009161447132410953,-0.00540514263234927,-0.0061470269572786364,-0.0023993402059649936
0.9720000000000008,-0.00904177778220787,-0.0054051485282158975,-0.006121728648299834,-0.002378966152062839
0.9730000000000008,-0.00892173611969609,-0.005405154302405566,-0.006096463024988379,-0.0023584540087596773
0.9740000000000008,-0.008801333939165937,-0.005405159956857485,-0.006071228934522379,-0.0023378028401257835
0.9750000000000008,-0.008680583094033004,-0.00540516549344781,-0.0060460252255187235,-0.0023170117038879725
0.9760000000000008,-0.008559495494884274,-0.005405170913991573,-0.006020850747980549,-0.0022960796513866078
0.9770000000000008,-0.008438083107515877,-0.00540517622024425,-0.0059957043532447695,-0.002275005727532313
0.9780000000000008,-0.008316357950963865,-0.005405181413903083,-0.005970584893929662,-0.002253788970762395
0.9790000000000008,-0.008194332095528155,-0.005405186496608726,-0.0059454912238825165,-0.002232428412996969
0.9800000000000008,-0.008072017660789934,-0.005405191469946408,-0.0059204221981273356,-0.0022109230795947857
0.9810000000000008,-0.007949426813623504,-0.0054051963354471485,-0.005895376672812596,-0.0021892719893087634
0.9820000000000008,-0.007826571766202656,-0.005405201094588693,-0.0058703535051590535,-0.002167474154241211
0.9830000000000008,-0.007703464774002589,-0.005405205748796732,-0.005845351553407599,-0.0021455285797987557
0.9840000000000008,-0.00758011813379839,-0.005405210299445456,-0.005820369676767167,-0.002123434264646962
0.9850000000000008,-0.007456544181659745,-0.0054052147478584256,-0.005795406735362681,-0.0021011902006646396
0.9860000000000008,-0.007332755290944073,-0.005405219095309126,-0.00577046159018304,-0.002078795372897847
0.9870000000000008,-0.007208763870287793,-0.005405223343021453,-0.005745533103029153,-0.002056248759513581
0.9880000000000008,-0.007084582361597409,-0.005405227492169916,-0.005720620136462002,-0.0020335493317531522
0.9890000000000008,-0.0069602232380410025,-0.005405231543880176,-0.005695721553750745,-0.0020106960538852437
0.9900000000000008,-0.006835699002041217,-0.005405235499228669,-0.005670836218820845,-0.0019876878831586535
0.9910000000000008,-0.006711022183270875,-0.005405239359242861,-0.005645962996202239,-0.0019645237697547176
0.9920000000000008,-0.006586205336652445,-0.005405243124901011,-0.005621100750977522,-0.0019412026567394046
0.9930000000000008,-0.006461261040362138,-0.005405246797131714,-0.005596248348730169,-0.0019177234800150929
0.9940000000000008,-0.006336201893840414,-0.005405250376813459,-0.005571404655492771,-0.001894085168272019
0.9950000000000008,-0.006211040515809765,-0.005405253864774037,-0.005546568537695292,-0.0018702866429393902
0.9960000000000008,-0.006085789542301289,-0.005405257261789557,-0.005521738862113353,-0.00184632681813618
0.9970000000000008,-0.005960461624691377,-0.0054052605685838105,-0.0054969144958165175,-0.0018222046006215733
0.9980000000000008,-0.005835069427749837,-0.005405263785826829,-0.005472094306116603,-0.0017979188897450887
0.9990000000000008,-0.0057096256277014545,-0.005405266914133743,-0.005447277160515995,-0.001773468577396355
1.0000000000000007,-0.005584142910301594,-0.0054052699540633,-0.005422461926655978,-0.0017488525479545532
1.0010000000000006,-0.005458633968928488,-0.005405272906116246,-0.005397647472265065,-0.0017240696782375117
1.0020000000000004,-0.005333111502692783,-0.005405275770733572,-0.005372832665107334,-0.001699118837450457
1.0030000000000003,-0.005207588214567339,-0.0054052785482944475,-0.005348016372930767,-0.001673998887134417
1.0040000000000002,-0.005082076728434176,-0.005405281239986332,-0.005323197463415586,-0.0016487086811142766
1.0050000000000001,-0.00495658950440099,-0.0054052838486923094,-0.005298374804122594,-0.0016232470654464828
1.006,-0.00483113892319315,-0.005405286378058559,-0.005273547262441493,-0.0015976128783663853
1.007,-0.0047057373689631974,-0.005405288831583483,-0.005248713705539213,-0.001571804950235233
1.0079999999999998,-0.0045803972274425985,-0.005405291212622057,-0.0052238730003082235,-0.0015458221034868051
1.0089999999999997,-0.004455130884082184,-0.005405293524390185,-0.005199024013314826,-0.0015196631525736803
1.0099999999999996,-0.00432995072217919,-0.005405295769968883,-0.005174165610747442,-0.0014933269039131402
1.0109999999999995,-0.004204869120992327,-0.005405297952308364,-0.0051492966583648785,-0.001466812155832711
1.0119999999999993,-0.004079898453843008,-0.005405300074232353,-0.005124416021444576,-0.0014401176985153344
1.0129999999999992,-0.003955051086203757,-0.0054053021384419435,-0.005099522564730831,-0.0014132423139441648
1.0139999999999991,-0.0038303393737728715,-0.005405304147519817,-0.005074615152382996,-0.0013861847758469908
1.014999999999999,-0.0037057756605351475,-0.0054053061039341065,-0.005049692647923658,-0.0013589438496402874
1.015999999999999,-0.0035813722768093218,-0.00540530801004218,-0.0050247539141867765,-0.0013315182923728814
1.0169999999999988,-0.0034571415372813747,-0.005405309868094644,-0.004999797813265803,-0.0013039068526692395
1.0179999999999987,-0.0033330957390242896,-0.005405311680238932,-0.004974823206461755,-0.001276108270672368
1.0189999999999986,-0.0032092471595041566,-0.005405313448522979,-0.004949828954231266,-0.001248121277986332
1.0199999999999985,-0.0030856080545728476,-0.005405315174898975,-0.0049248139161345815,-0.001219944597618376
1.0209999999999984,-0.0029621906564472793,-0.005405316861226508,-0.004899776950783531,-0.001191576943920661
1.0219999999999982,-0.0028390071716758994,-0.005405318509276453,-0.004874716915789445,-0.0011630170225316017
1.0229999999999981,-0.0027160697790921846,-0.00540532012073394,-0.00484963266771103,-0.001134263530316807
1.023999999999998,-0.0025933906277559784,-0.0054053216972016465,-0.004824523062002197,-0.0011053151553096188
1.024999999999998,-0.0024709818348825686,-0.005405323240203244,-0.004799386952959835,-0.0010761705766512554
1.0259999999999978,-0.002348855483760659,-0.005405324751186097,-0.004774223193671539,-0.0010468284645305343
1.0269999999999977,-0.002227023621658526,-0.005405326231524475,-0.004749030635963275,-0.0010172874801232037
1.0279999999999976,-0.0021054982577201993,-0.005405327682522527,-0.004723808130346992,-0.00098754627553085
1.0289999999999975,-0.001984291360851363,-0.0054053291054167825,-0.004698554525968175,-0.0009576034937193961
1.0299999999999974,-0.00186341485759552,-0.005405330501379313,-0.00467326867055333,-0.0009274577684571842
1.0309999999999973,-0.0017428806300015458,-0.005405331871519792,-0.004647949410357412,-0.000897107724252636
1.0319999999999971,-0.0016227005134826764,-0.0054053332168887205,-0.004622595590111181,-0.0008665519762914935
1.032999999999997,-0.0015028862946681585,-0.005405334538479233,-0.004597206052968484,-0.0008357891303736294
1.033999999999997,-0.0013834497092475723,-0.005405335837230009,-0.004571779640453478,-0.0008048177828494335
1.0349999999999968,-0.0012644024398089783,-0.005405337114027228,-0.004546315192407768,-0.0007736365205557707
1.0359999999999967,-0.0011457561136716083,-0.0054053383697067825,-0.004520811546937468,-0.0007422439207514938
1.0369999999999966,-0.0010275223007133573,-0.00540533960505672,-0.0044952675403601905,-0.0007106385510525334
1.0379999999999965,-0.00090971251119429,-0.005405340820818778,-0.004469682007151948,-0.0006788189693665383
1.0389999999999964,-0.0007923381935766978,-0.005405342017690752,-0.004444053779893973,-0.0006467837238270748
1.0399999999999963,-0.0006754107323423131,-0.005405343196328178,-0.00441838168921945,-0.0006145313527273818
1.0409999999999962,-0.0005589414458076535,-0.005405344357346249,-0.0043926645637601585,-0.0005820603844536748
1.041999999999996,-0.00044294158393811376,-0.005405345501321336,-0.004366901230093029,-0.0005493693374180003
1.042999999999996,-0.00032742232616141066,-0.005405346628792846,-0.004341090512686601,-0.0005164567199906342
1.0439999999999958,-0.00021239477918138171,-0.005405347740264659,-0.004315231233847383,-0.0004833210304320203
1.0449999999999957,-9.786997479257359e-05,-0.005405348836206814,-0.00428932221366612,-0.0004499607568242488
1.0459999999999956,1.6141132303419095e-05,-0.005405349917056658,-0.004263362269963953,-0.0004163743770020699
1.0469999999999955,0.00012962766667942,-0.005405350983220489,-0.004237350218238482,-0.000382560358483444
1.0479999999999954,0.0002425788343610693,-0.005405352035074715,-0.0042112848716097185,-0.00034851715839961245
1.0489999999999953,0.00035498392500166957,-0.005405353072967096,-0.004185165040765928,-0.000314243223424702
1.0499999999999952,0.00046683231405265723,-0.005405354097217975,-0.004158989533909368,-0.00027973698970485067
1.050999999999995,0.0005781134649291129,-0.005405355108121454,-0.004132757156701905,-0.00024499688278684876
1.051999999999995,0.000688816931170001,-0.005405356105946318,-0.00410646671221052,-0.00021002131754630253
1.0529999999999948,0.0007989323585920544,-0.005405357090937162,-0.0040801170008526975,-0.0001748086981153067
1.0539999999999947,0.0009084494874373562,-0.005405358063315223,-0.004053706820341686,-0.00013935741780962772
1.0549999999999946,0.0010173581545134458,-0.00540535902327949,-0.004027234965631645,-0.00010366585905539644
1.0559999999999945,0.0011256482953261701,-0.005405359971007469,-0.0040007002288626565,-6.773239331529703e-05
1.0569999999999944,0.0012333099462040835,-0.0054053609066559045,-0.003974101399305617,-3.1555381014262626e-05
1.0579999999999943,0.0013403332464147345,-0.005405361830361697,-0.0039474372633069915,4.866828535333295e-06
1.0589999999999942,0.001446708440271669,-0.005405362742242501,-0.003920706604233436,4.153589720900033e-05
1.059999999999994,0.0015524258792325135,-0.005405363642397553,-0.003893908202416287,7.84534981459555e-05
1.060999999999994,0.0016574760239870734,-0.005405364530908251,-0.003867040835095911,0.00011562131582546322
1.0619999999999938,0.001761849446536044,-0.005405365407838765,-0.0038401032763659094,0.00015304104614370043
1.0629999999999937,0.0018655368322588262,-0.005405366273236637,-0.0038130942971171845,0.00019071439649113314
1.0639999999999936,0.0019685289819716136,-0.005405367127133311,-0.0037860126649818587,0.0002286430858304215
1.0649999999999935,0.0020708168139745883,-0.005405367969544702,-0.003758857144277041,0.00026682884477485704
1.0659999999999934,0.0021723913660880866,-0.0054053688004716115,-0.0037316264959484473,0.00030527341566732
1.0669999999999933,0.002273243797678252,-0.0054053696199002155,-0.0037043194775138646,0.00034397855265978425
1.0679999999999932,0.002373365391671298,-0.005405370427802648,-0.0036769348430064587,0.0003829460217933565
1.068999999999993,0.0024727475565567442,-0.005405371224137161,-0.003649471342917923,0.00042217760107885263
1.069999999999993,0.0025713818283796246,-0.005405372008848642,-0.0036219277241414647,0.0004616750805779301
1.0709999999999928,0.0026692598727212045,-0.005405372781869088,-0.0035943027299146306,0.0005014402624847615
1.0719999999999927,0.0027663734866687547,-0.005405373543117775,-0.0035665950997619605,0.0005414749612082676
1.0729999999999926,0.002862714600773956,-0.005405374292501734,-0.0035388035694374764,0.0005817810034549021
1.0739999999999925,0.002958275281000273,-0.005405375029915995,-0.0035109268708669963,0.0006223602283120049
1.0749999999999924,0.003053047730659256,-0.005405375755243928,-0.003482963732090274,0.000663214487331712
1.0759999999999923,0.0031470242923361323,-0.005405376468357538,-0.0034549128772029644,0.0007043456446154434
1.0769999999999922,0.003240197449804238,-0.005405377169117749,-0.003426773026298403,0.0007457555768989512
1.077999999999992,0.0033325598299291164,-0.005405377857374688,-0.003398542895409208,0.0007874461736379593
1.078999999999992,0.0034241042045619853,-0.005405378532967948,-0.003370221196448696,0.0008294193370943699
1.0799999999999919,0.0035148234924229633,-0.005405379195726786,-0.0033418066371521077,0.0008716769824230627
1.0809999999999917,0.003604710760974279,-0.005405379845470458,-0.0033132979210176447,0.0009142210377592799
1.0819999999999916,0.003693759228283569,-0.005405380482008557,-0.0032846937472473135,0.0009570534443066022
1.0829999999999915,0.0037819622648776717,-0.005405381105140986,-0.0032559928106875714,0.0010001761564255207
1.0839999999999914,0.0038693133955868394,-0.005405381714658505,-0.0032271938017697757,0.001043591141722614
1.0849999999999913,0.003955806301380255,-0.0054053823103428515,-0.00319829540645043,0.0010873003811403261
1.0859999999999912,0.00404143482119232,-0.005405382891966892,-0.003169296306151227,0.0011313058690473506
1.086999999999991,0.004126192953740969,-0.005405383459295213,-0.003140195177698885,0.00117560961332963
1.087999999999991,0.004210074859337047,-0.005405384012083899,-0.0031109906932647725,0.0012202136354819734
1.0889999999999909,0.004293074861686588,-0.0054053845500812185,-0.0030816815203043245,0.0012651199707002926
1.0899999999999908,0.004375187449685021,-0.005405385073027772,-0.0030522663214962386,0.0013103306679744645
1.0909999999999906,0.004456407279204203,-0.005405385580656614,-0.0030227437546814563,0.0013558477901818244
1.0919999999999905,0.00453672917487254,-0.005405386072693858,-0.0029931124728019235,0.0014016734141812839
1.0929999999999904,0.004616148131848834,-0.005405386548858691,-0.002963371123839126,0.0014478096309081048
1.0939999999999903,0.004694659317589353,-0.00540538700886397,-0.0029335183507523998,0.0014942585454692956
1.0949999999999902,0.0047722580736093605,-0.005405387452416219,-0.002903552791417013,0.0015410222772396683
1.09599999999999,0.004848939917238932,-0.0054053878792164455,-0.0028734730785620125,0.001588102959958538
1.09699999999999,0.004924700543373824,-0.005405388288960077,-0.00284327783970784,0.0016355027418270842
1.0979999999999899,0.004999535826220953,-0.005405388681337673,-0.0028129656971037074,0.0016832237856063688
1.0989999999999898,0.005073441821040004,-0.005405389056035173,-0.0027825352676647324,0.0017312682687160175
1.0999999999999897,0.005146414765880286,-0.005405389412734432,-0.0027519851629088316,0.0017796383833335733
1.1009999999999895,0.005218451083314354,-0.005405389751113644,-0.0027213139888933673,0.0018283363364945148
1.1019999999999894,0.005289547382167615,-0.005405390070847878,-0.002690520346151543,0.00187736435019297
1.1029999999999893,0.005359700459245176,-0.0054053903716096575,-0.00265960282962855,0.001926724661483093
1.1039999999999892,0.0054289073010559364,-0.005405390653069401,-0.0026285600286174568,0.001976419522581138
1.104999999999989,0.005497165085533864,-0.005405390914896095,-0.0025973905266948403,0.0020264512009682276
1.105999999999989,0.00556447118375797,-0.005405391156757942,-0.002566092901656159,0.002076821979493808
1.1069999999999889,0.005630823161669622,-0.005405391378323023,-0.002534665725450859,0.002127534156479816
1.1079999999999888,0.0056962187817892794,-0.005405391579260078,-0.002503107564117215,0.002178590045825544
1.1089999999999887,0.005760656004931755,-0.005405391759239011,-0.002471416977716903,0.002229991977113218
1.1099999999999886,0.005824132991920989,-0.005405391917932054,-0.002439592520269296,0.0022817422957142988
1.1109999999999884,0.005886648105304268,-0.005405392055014328,-0.0024076327396854893,0.0023338433628964836
1.1119999999999883,0.005948199911066713,-0.005405392170164829,-0.002375536177702042,0.002386297555931459
1.1129999999999882,0.006008787180345813,-0.005405392263067524,-0.0023433013698144415,0.0024391072682033673
1.113999999999988,0.006068408891146856,-0.005405392333412003,-0.00231092684521028,0.0024922749093180107
1.114999999999988,0.0061270642300592275,-0.005405392380894901,-0.002278411126702143,0.0025458029052127925
1.115999999999988,0.0061847525939741094,-0.00540539240522079,-0.00224575273066021,0.0025996936982674193
1.1169999999999878,0.006241473591803725,-0.005405392406103466,-0.0022129501669445584,0.0026539497474153332
1.1179999999999877,0.006297227046202887,-0.0054053923832670416,-0.0021800019388371716,0.0027085735282559096
1.1189999999999876,0.0063520129952923665,-0.005405392336447393,-0.002146906542973646,0.0027635675331674175
1.1199999999999875,0.006405831694385551,-0.005405392265393365,-0.0021136624692745967,0.0028189342714207374
1.1209999999999873,0.006458683617717566,-0.00540539216986844,-0.0020802682008767533,0.002874676269293857
1.1219999999999872,0.006510569460177869,-0.005405392049651961,-0.0020467222140637498,0.0029307960701871424
1.1229999999999871,0.0065614901390465856,-0.005405391904540843,-0.0020130229781966007,0.0029872962347393846
1.123999999999987,0.006611446795734705,-0.005405391734351266,-0.0019791689556438604,0.003044179340944636
1.124999999999987,0.006660440797528484,-0.005405391538920277,-0.0019451586017114632,0.0031014479842698455
1.1259999999999868,0.006708473739338456,-0.005405391318107697,-0.0019109903645722437,0.003159104777773281
1.1269999999999867,0.006755547445453302,-0.005405391071797809,-0.0018766626851951275,0.003217152352223753
1.1279999999999866,0.006801663971298999,-0.005405390799901587,-0.001842173997273998,0.0032755933562206596
1.1289999999999865,0.0068468256052031575,-0.005405390502358493,-0.0018075227271562278,0.0033344304563148355
1.1299999999999863,0.006891034870165454,-0.005405390179138749,-0.0017727072937708751,0.0033936663371302188
1.1309999999999862,0.006934294525633704,-0.005405389830245397,-0.0017377261085565437,0.003453303701486344
1.1319999999999861,0.006976607569286503,-0.005405389455716713,-0.0017025775753889006,0.003513345270521672
1.132999999999986,0.007017977238822327,-0.005405389055628583,-0.0016672600905078458,0.003573793783817746
1.133999999999986,0.0070584070137551065,-0.005405388630096767,-0.0016317720424443365,0.003634651999524196
1.1349999999999858,0.007097900617217356,-0.005405388179279682,-0.0015961118119468603,0.0036959226944845835
1.1359999999999857,0.007136462017769817,-0.00540538770338082,-0.0015602777719075506,0.0037576086643631096
1.1369999999999856,0.007174095431219131,-0.005405387202651586,-0.001524268287287945,0.003819712723772172
1.1379999999999855,0.007210805322442519,-0.005405386677394117,-0.0014880817150443812,0.0038822377064007913
1.1389999999999854,0.007246596407220507,-0.005405386127964043,-0.0014517164040530296,0.003945186465143904
1.1399999999999852,0.00728147365407722,-0.005405385554773501,-0.0014151706950345532,0.004008561872232542
1.1409999999999851,0.0073154422861288464,-0.005405384958294211,-0.0013784429204784007,0.004072366819364879
1.141999999999985,0.007348507782939795,-0.005405384339060489,-0.0013415314045667195,0.004136604217838177
1.142999999999985,0.00738067588238714,-0.005405383697672484,-0.001304434463097891,0.004201276998681621
1.1439999999999848,0.007411952582532948,-0.005405383034799641,-0.0012671504034096842,0.004266388112790062
1.1449999999999847,0.0074423441435045425,-0.005405382351183681,-0.0012296775243020243,0.004331940531058653
1.1459999999999846,0.007471857089382934,-0.0054053816476423745,-0.0011920141159593668,0.00439793724451841
1.1469999999999845,0.0075004982100991,-0.005405380925072659,-0.0011541584598726868,0.004464381264472684
1.1479999999999844,0.007528274563337658,-0.005405380184454509,-0.0011161088287610604,0.004531275622634567
1.1489999999999843,0.007555193476448686,-0.005405379426854257,-0.0010778634864928587,0.004598623371265213
1.1499999999999841,0.007581262548366405,-0.005405378653428459,-0.0010394206880065262,0.0046664275833131165
1.150999999999984,0.007606489651535339,-0.005405377865427327,-0.0010007786792309602,0.0047346913525543235
1.151999999999984,0.0076308829338431455,-0.005405377064198765,-0.000961935697005476,0.004803417793733587
1.1529999999999838,0.007654450820559995,-0.005405376251191871,-0.0009228899689993547,0.004872610042706497
1.1539999999999837,0.007677202016284271,-0.005405375427960816,-0.0008836397136309751,0.004942271256582557
1.1549999999999836,0.007699145506893843,-0.005405374596168684,-0.0008441831399865277,0.005012404613869242
1.1559999999999835,0.007720290561502889,-0.00540537375759132,-0.0008045184477382958,0.005083013314617016
1.1569999999999834,0.007740646734423458,-0.005405372914121037,-0.0007646438270625093,0.005154100580565365
1.1579999999999833,0.007760223867131334,-0.005405372067770576,-0.0007245574585567681,0.005225669655289775
1.1589999999999832,0.0077790320902359125,-0.0054053712206769255,-0.0006842575131570233,0.005297723804349751
1.159999999999983,0.007797081825453223,-0.005405370375104964,-0.0006437421520541241,0.0053702663154378
1.160999999999983,0.00781438378758152,-0.005405369533451508,-0.0006030095266099123,0.005443300498529457
1.1619999999999828,0.007830948986479068,-0.005405368698248705,-0.0005620577782728787,0.005516829686034307
1.1629999999999827,0.007846788729042941,-0.005405367872168026,-0.0005208850384933529,0.005590857232948032
1.1639999999999826,0.007861914621189039,-0.005405367058023731,-0.0004794894286382517,0.005665386517005501
1.1649999999999825,0.007876338569831552,-0.005405366258776509,-0.0004378690599053582,0.005740420938834884
1.1659999999999824,0.007890072784862064,-0.005405365477536877,-0.0003960220332371372,0.005815963922112818
1.1669999999999823,0.007903129781127146,-0.005405364717568632,-0.00035394643923408997,0.005892018913720622
1.1679999999999822,0.007915522380403802,-0.005405363982292153,-0.0003116403580676268,0.005968589383901575
1.168999999999982,0.007927263713371978,-0.005405363275287499,-0.000269101859392473,0.00604567882641925
1.169999999999982,0.00793836722158366,-0.0054053626002974545,-0.0002263290022585865,0.006123290758716935
1.1709999999999818,0.007948846659427636,-0.005405361961230588,-0.00018331983502260053,0.0062014287220781205
1.1719999999999817,0.007958716096089339,-0.005405361362163809,-0.00014007239525877253,0.006280096281788089
1.1729999999999816,0.007967989917504833,-0.005405360807345063,-9.658470966943927e-05,0.006359297027296585
1.1739999999999815,0.007976682828308919,-0.00540536030119573,-5.285479399498358e-05,0.006439034572381596
1.1749999999999814,0.007984809853776118,-0.005405359848312725,-8.88065292329528e-06,0.0065193125553142444
1.1759999999999813,0.007992386341753938,-0.005405359453470692,3.533972000127316e-05,0.006600134639024798
1.1769999999999812,0.007999427964588511,-0.005405359121623691,7.980834246945741e-05,0.006681504511269794
1.177999999999981,0.008005950721041374,-0.00540535885790666,0.00012452724349914005,0.006763425884800314
1.178999999999981,0.008011970938197244,-0.005405358667636829,0.0001694984635279367,0.006845902497531378
1.1799999999999808,0.008017505273362173,-0.00540535855631471,0.00021472405450629367,0.006928938112712512
1.1809999999999807,0.008022570715952231,-0.005405358529624863,0.0002602060799911154,0.007012536519099444
1.1819999999999806,0.008027184589371178,-0.005405358593436407,0.0003059466152399194,0.00709670153112699
1.1829999999999805,0.008031364552878442,-0.005405358753802885,0.0003519477473055305,0.007181436989083091
1.1839999999999804,0.008035128603445685,-0.0054053590169624195,0.0003982115751313031,0.00726674675928404
1.1849999999999803,0.00803849507760279,-0.005405359389336917,0.00044474020964689636,0.007352634734250899
1.1859999999999802,0.008041482653272307,-0.005405359877531326,0.0004915357738645902,0.007439104832887099
1.18699999999998,0.008044110351593345,-0.005405360488332191,0.0005386004029761536,0.007526161000657258
1.18799999999998,0.00804639753873343,-0.005405361228706081,0.0005859362444502722,0.007613807209767207
1.1889999999999799,0.00804836392768999,-0.005405362105797479,0.0006335454581305291,0.007702047459345227
1.1899999999999797,0.008050029580079943,-0.005405363126926101,0.0006814302163339576,0.007790885775624526
1.1909999999999796,0.008051414907918705,-0.005405364299584026,0.0007295927039501582,0.00788032621212695
1.1919999999999795,0.008052540675388353,-0.005405365631432144,0.0007780351185409903,0.007970372849847928
1.1929999999999794,0.008053428000594833,-0.005405367130296155,0.0008267596704408461,0.008061029797442696
1.1939999999999793,0.008054098357315128,-0.005405368804162153,0.0008757685828575006,0.008152301191413754
1.1949999999999792,0.008054573576734005,-0.005405370661171353,0.000925064091973553,0.008244191196299608
1.195999999999979,0.008054875849171226,-0.005405372709614625,0.0009746484470484597,0.008336704004864796
1.196999999999979,0.00805502772579918,-0.005405374957926359,0.0010245239105211644,0.008429843838291196
1.1979999999999789,0.008055052120351677,-0.005405377414677375,0.0010746927581133285,0.008523614946370616
1.1989999999999787,0.008054972310823805,-0.005405380088567594,0.0011251572789331653,0.008618021607698726
1.1999999999999786,0.008054811941163992,-0.005405382988417836,0.001175919775579893,0.008713068129870263
1.2009999999999785,0.008054595022957899,-0.0054053861231609535,0.001226982564248793,0.00880875884967559
1.2019999999999784,0.008054345937105339,-0.00540538950183209,0.001278347974836896,0.00890509813329857
1.2029999999999783,0.00805408943549012,-0.005405393133558582,0.0013300183510492891,0.00900209037651579
1.2039999999999782,0.008053772056950181,-0.0054053972765072305,0.00138168928691381,0.009008605149963147
1.204999999999978,0.008053462220815929,-0.00540538890758101,0.0014330563764838318,0.009015164078646734
1.205999999999978,0.008053159751605705,-0.005405342831072324,0.0014841219635410513,0.00902176746183788
1.2069999999999779,0.008052864477986338,-0.005405234241913358,0.0015348883781101826,0.009028415600836281
1.2079999999999778,0.008052576232665035,-0.005405038723562181,0.0015853579365652758,0.009035108798983761
1.2089999999999776,0.00805229485228428,-0.005404732245870476,0.001635532941735405,0.009041847361678103
1.2099999999999775,0.008052020177320169,-0.005404291162934886,0.0016854156830097438,0.009048631596386988
1.2109999999999774,0.008051752051983654,-0.00540369221093414,0.0017350084364420241,0.009055461812662022
1.2119999999999773,0.00805149032412471,-0.005402912505953952,0.0017843134648543924,0.009062338322152865
1.2129999999999772,0.008051234845139503,-0.005401929541800482,0.0018333330179406498,0.009069261438621442
1.213999999999977,0.008050985469880156,-0.005400721187805488,0.0018820693323689116,0.00907623147795627
1.214999999999977,0.008050742056567334,-0.005399265686623586,0.0019305246318836533,0.009083248758186868
1.2159999999999769,0.008050504466705376,-0.00539754165202339,0.0019787011274071805,0.00909031359949826
1.2169999999999768,0.008050272564999796,-0.005395528066674087,0.0020266010171405067,0.009097426324245591
1.2179999999999767,0.008050046219277442,-0.005393204279928437,0.002074226486663657,0.009104587256968843
1.2189999999999765,0.008049825300408597,-0.005390550005603336,0.002121579709035386,0.00911179672440763
1.2199999999999764,0.008049609682231848,-0.005387545319759809,0.002168662844892334,0.009119055055516107
1.2209999999999763,0.008049399241480616,-0.005384170658481718,0.0022154780425476133,0.009126362581477997
1.2219999999999762,0.00804919385771209,-0.005380406815656343,0.0022620274380888293,0.009133719635721677
1.222999999999976,0.008048993413238125,-0.005376234940755734,0.0023083131554755476,0.009141126553935414
1.223999999999976,0.008048797793058038,-0.005371636536620496,0.0023543373066362066,0.009148583674082665
1.2249999999999759,0.008048606884793396,-0.005366593457246767,0.002400101991564478,0.00915609133641751
1.2259999999999758,0.008048420578624513,-0.005361087905576682,0.002445609298415089,0.009163649883500173
1.2269999999999757,0.008048238767228775,-0.0053551024312929124,0.0024908613035990986,0.009171259660212646
1.2279999999999756,0.008048061345720815,-0.005348619928617794,0.00253586007187864,0.009178921013774429
1.2289999999999754,0.008047888211593987,-0.005341623634117677,0.0025806076564611337,0.009186634293758386
1.2299999999999753,0.008047719264663755,-0.0053340971245125005,0.0026251060990929703,0.009194399852106672
1.2309999999999752,0.008047554407012646,-0.005326024314490847,0.00266935743015267,0.009202218043146809
1.2319999999999751,0.008047393542936335,-0.005317389454531321,0.002713363668743527,0.009210089223607849
1.232999999999975,0.008047236578891677,-0.005308177128729778,0.0027571268227857383,0.009218013752636645
1.233999999999975,0.008047083423445713,-0.005298372252632711,0.002800648889108017,0.009225991991814245
1.2349999999999748,0.008046933987226229,-0.005287960071077185,0.002843931853538708,0.009234024305172391
1.2359999999999747,0.008046788182873722,-0.005276926156037006,0.0028869776909963944,0.009242111059210124
1.2369999999999746,0.008046645924994362,-0.0052652564044755636,0.002929788365580013,0.009250252622910501
1.2379999999999745,0.008046507130114545,-0.005252937036204617,0.0029723658306584676,0.009258449367757451
1.2389999999999743,0.008046371716636342,-0.005239954591750048,0.003014712028959761,0.00926670166775271
1.2399999999999742,0.008046239604794161,-0.005226295930223116,0.0030568288926596373,0.00927500989943288
1.2409999999999741,0.00804611071661273,-0.0052119482271988146,0.0030987183434697425,0.009283374441886628
1.241999999999974,0.008045984975865972,-0.005196898972599529,0.0031403822927253086,0.009291795676771969
1.242999999999974,0.008045862308037059,-0.005181135968584903,0.0031818226414723648,0.009300273988333687
1.2439999999999738,0.008045742640279383,-0.005164647327447387,0.0032230412805544797,0.009308809763420866
1.2449999999999737,0.008045625901378674,-0.005147421469513543,0.0032640400906990335,0.009317403391504536
1.2459999999999736,0.008045512021715877,-0.005129447121050465,0.0033048209426030334,0.009326055264695451
1.2469999999999735,0.008045400933231323,-0.005110713312177517,0.0033453856970184735,0.009334765777761978
1.2479999999999734,0.008045292569389467,-0.005091209374782947,0.0033857362048372312,0.009343535328148108
1.2489999999999732,0.008045186865144674,-0.005070924940445568,0.0034258743071755244,0.009352364315991589
1.2499999999999731,0.008045083756907755,-0.0050498499383605944,0.0034658018354579165,0.009361253144142193
1.250999999999973,0.00804498318251378,-0.005027974593270042,0.0035055206115008814,0.009370202218180084
1.251999999999973,0.008044885081190032,-0.0050052894233973836,0.003545032447595928,0.00937921194643433
1.2529999999999728,0.008044789393525296,-0.004981785238385811,0.0035843391465922923,0.009388282740001542
1.2539999999999727,0.008044696061439663,-0.004957453137240529,0.0036234425019792014,0.009397415012764615
1.2549999999999726,0.008044605028155344,-0.004932284506274323,0.0036623442979677,0.009406609181411627
1.2559999999999725,0.008044516238167794,-0.004906271017056811,0.0037010463095720667,0.009415865665454845
1.2569999999999724,0.00804442963721792,-0.004879404624366515,0.0037395503026908,0.009425184887249867
1.2579999999999723,0.008044345172265025,-0.00485167756414602,0.0037778580341871967,0.009434567272014893
1.2589999999999721,0.008044262791459962,-0.004823082351460299,0.003815971251969513,0.009444013247850136
1.259999999999972,0.008044182444119552,-0.00479361177845702,0.0038538916950707157,0.009453523245757335
1.260999999999972,0.008044104080701135,-0.004763258912330424,0.003891621093727835,0.009463097699659443
1.2619999999999718,0.008044027652778162,-0.0047320170932865745,0.0039291611694609084,0.009472737046420415
1.2629999999999717,0.008043953113016025,-0.004699879932511681,0.003966513635151532,0.009482441725865135
1.2639999999999716,0.008043880415148742,-0.004666841310142607,0.0040036801951210165,0.009492212180799504
1.2649999999999715,0.008043809513955995,-0.00463289537323883,0.004040662545208151,0.00950204885703062
1.2659999999999714,0.008043740365240994,-0.004598036533757661,0.0040774623728465804,0.009511952203387141
1.2669999999999713,0.008043672925808681,-0.004562259466530414,0.004114081357141803,0.009521922671739753
1.2679999999999712,0.008043607153444524,-0.0045255591072413445,0.004150521168947779,0.009531960717021785
1.268999999999971,0.008043543006893687,-0.004487930650408133,0.004186783470943175,0.009542066797249978
1.269999999999971,0.008043480445840977,-0.004449369547364435,0.004222869917707224,0.00955224137354537
1.2709999999999708,0.008043419430891104,-0.004409871504244636,0.004258782155795224,0.00956248491015435
1.2719999999999707,0.008043359923549358,-0.004369432479970175,0.004294521823813663,0.009572797874469829
1.2729999999999706,0.008043301886202735,-0.004328048684238392,0.004330090552494989,0.009583180737052574
1.2739999999999705,0.008043245282101697,-0.004285716575512738,0.004365489964772018,0.009593633971652672
1.2749999999999704,0.008043190075342283,-0.004242432859015899,0.00440072167585198,0.009604158055231158
1.2759999999999703,0.0080431362308483,-0.004198194484724334,0.004435787293290225,0.009614753467981758
1.2769999999999702,0.008043083714354492,-0.0041529986453655975,0.0044706884170635655,0.00962542069335282
1.27799999999997,0.008043032492389704,-0.004106842774417459,0.004505426639643286,0.009636160218069362
1.27899999999997,0.008042982532260415,-0.004059724544109856,0.004540003546067802,0.009646972532155284
1.2799999999999698,0.00804293380203504,-0.004011641863428986,0.004574420714014983,0.00965785812895572
1.2809999999999697,0.008042886270527865,-0.003962592876124153,0.004608679713874136,0.009668817505159556
1.2819999999999696,0.008042839907284122,-0.003912575958717213,0.004642782108817665,0.009679851160822095
1.2829999999999695,0.00804279468256492,-0.0038615897185149024,0.004676729454872389,0.009690959599387861
1.2839999999999694,0.008042750567332498,-0.003809632991623784,0.004710523300990547,0.009702143327713589
1.2849999999999693,0.008042707533236038,-0.003756704840968769,0.004744165189120469,0.00971340285609133
1.2859999999999692,0.008042665552597635,-0.0037028045543140483,0.004777656654276933,0.00972473869827175
1.286999999999969,0.008042624598398407,-0.003647931642288052,0.004810999224611206,0.009736151371487572
1.287999999999969,0.0080425846442654,-0.0035920858364111912,0.004844194421480772,0.009747641396477167
1.2889999999999688,0.008042545664458021,-0.003535267087127566,0.004877243759518742,0.009759209297508318
1.2899999999999687,0.008042507633855394,-0.003477475561840132,0.004910148746702973,0.009770855602402144
1.2909999999999686,0.008042470527943654,-0.0034187116429497096,0.004942910884424869,0.009782580842557186
1.2919999999999685,0.008042434322803537,-0.003358975925897879,0.004975531667557886,0.009794385552973642
1.2929999999999684,0.008042398995098326,-0.0032982692172141967,0.005008012584525741,0.009806270272277786
1.2939999999999683,0.008042364522061854,-0.003236592532567155,0.005040355117370327,0.009818235542746552
1.2949999999999682,0.008042330881486795,-0.003173947094819904,0.005072560741819335,0.009830281910332262
1.295999999999968,0.008042298051713411,-0.0031103343320903537,0.00510463092735359,0.009842409924687545
1.296999999999968,0.008042266011618076,-0.0030457558758154603,0.005136567137274098,0.009854620139190418
1.2979999999999678,0.008042234740602358,-0.0029802135588209017,0.005168370828768814,0.009866913110969525
1.2989999999999677,0.00804220421858222,-0.002913709413394907,0.005200043452979134,0.009879289400929577
1.2999999999999676,0.00804217442597726,-0.0028462456693675964,0.0052315864550661045,0.00989174957377693
1.3009999999999675,0.008042145343700517,-0.002777824752194796,0.005263001274276362,0.009904294198045348
1.3019999999999674,0.008042116953148042,-0.0027084492810476334,0.005294289344007805,0.009916923846121958
1.3029999999999673,0.008042089236188777,-0.0026381220669069107,0.005325452091874998,0.00992963909427336
1.3039999999999672,0.008042062175154852,-0.00256684611066296,0.005356490939774307,0.00994244052267192
1.304999999999967,0.00804203575283181,-0.002494624601220967,0.005387407303948783,0.009955328715422242
1.305999999999967,0.00804200995244892,-0.0024214609136118453,0.0054182025950527775,0.009968304260587823
1.3069999999999669,0.008041984757669979,-0.0023473586071086723,0.00544887821821631,0.009981367750217879
1.3079999999999667,0.00804196015258403,-0.0022723214233484326,0.005479435573109185,0.009994519780374366
1.3089999999999666,0.008041936121696184,-0.002196353284460087,0.0055098760540048496,0.010007760951159182
1.3099999999999665,0.008041912649918883,-0.002119458291197887,0.005540201049844015,0.010021091866741525
1.3109999999999664,0.008041889722562954,-0.00204164072108057,0.005570411944298033,0.010034513135385488
1.3119999999999663,0.008041867325329168,-0.0019629050265365156,0.005600510115832025,0.010048025369477794
1.3129999999999662,0.008041845444299662,-0.001883255833054307,0.005630496937767785,0.010061629185555749
1.313999999999966,0.00804182406592957,-0.0018026979373397473,0.0056603737783464374,0.010075325204335368
1.314999999999966,0.008041803177038839,-0.0017212363054779358,0.005690142000790866,0.010089114050739697
1.3159999999999659,0.008041782764804205,-0.0016388760711017387,0.005719802963367922,0.010102996353927328
1.3169999999999658,0.008041762816751273,-0.0015556225335655088,0.005749358019450393,0.010116972747321111
1.3179999999999656,0.008041743320746525,-0.0014714811561249118,0.005778808517578756,0.010131043868637049
1.3189999999999655,0.008041724264989964,-0.0013864575641220152,0.005808155801522708,0.010145210359913392
1.3199999999999654,0.008041705638007204,-0.001300557543176226,0.005837401210342484,0.010159472867539952
1.3209999999999653,0.008041687428642287,-0.0012137870373804195,0.00586654607844995,0.010173832042287567
1.3219999999999652,0.008041669626050203,-0.0011261521475026282,0.0058955917356694944,0.010188288539337825
1.322999999999965,0.008041652219689822,-0.0010376591291928517,0.005924539507298701,0.01020284301831293
1.323999999999965,0.008041635199316747,-0.0009483143911950263,0.005953390714168822,0.010217496143305823
1.3249999999999649,0.008041618554976291,-0.0008581244935637893,0.005982146672705049,0.010232248582910471
1.3259999999999648,0.008041602276996794,-0.0007670961458862376,0.0060108086949865695,0.010247101010252373
1.3269999999999647,0.00804158635598272,-0.0006752362055080106,0.006039378088806445,0.010262054103019284
1.3279999999999645,0.008041570782808066,-0.000582551675764134,0.006067856157731273,0.010277108543492118
1.3289999999999644,0.008041555548609875,-0.000489049704213617,0.0060962442011606765,0.010292265018576099
1.3299999999999643,0.008041540644781856,-0.00039473758087804357,0.006124543514386583,0.010307524219832092
1.3309999999999642,0.008041526062968,-0.00029962273648457025,0.006152755388652336,0.010322886843508159
1.331999999999964,0.008041511795056308,-0.0002037127407109831,0.006180881111211603,0.01033835359057133
1.332999999999964,0.008041497833172971,-0.00010701530043534383,0.0062089219653871175,0.010353925166739584
1.3339999999999639,0.008041484169676113,-9.538257987561397e-06,0.006236879230629229,0.010369602282514052
1.3349999999999638,0.008041470797149976,8.871041059628796e-05,0.0062647541825742855,0.010385385653211435
1.3359999999999637,0.00804145770839925,0.00018772259731717074,0.006292548093102839,0.01040127599899664
1.3369999999999636,0.008041444896443133,0.00028749006395474954,0.006320262230397674,0.010417274044915641
1.3379999999999634,0.008041432354510028,0.00038800444380725213,0.006347897859001678,0.010433380520928568
1.3389999999999633,0.008041420076031851,0.0004892572434304948,0.006375456239875537,0.010449596161943003
1.3399999999999632,0.00804140805463875,0.0005912398443756214,0.00640293863045527,0.01046592170784752
1.340999999999963,0.008041396284153797,0.0006939435049271869,0.006430346284709607,0.010482357903545441
1.341999999999963,0.008041384758587712,0.0007973593618403873,0.0064576804531972015,0.010498905498988825
1.342999999999963,0.008041373472133885,0.0009014784320793357,0.006484942383123692,0.01051556524921269
1.3439999999999628,0.008041362419163313,0.0010062916145559685,0.006512133318398612,0.010532337914369458
1.3449999999999627,0.008041351594219712,0.0011117896918701907,0.006539254499692144,0.010549224259763644
1.3459999999999626,0.00804134099201465,0.0012179633320517393,0.00656630716449173,0.010566225055886776
1.3469999999999624,0.008041330607422953,0.0013248030903040128,0.006593292547158537,0.01058334107845255
1.3479999999999623,0.008041320435477992,0.0014322994107506702,0.006620211878983776,0.010600573108432217
1.3489999999999622,0.008041310471367143,0.0015404426281852564,0.006647066388244887,0.010617921932090229
1.3499999999999621,0.008041300710427399,0.001649222969823693,0.006673857300261579,0.010635388341020107
1.350999999999962,0.008041291148141106,0.0017586305570617346,0.00670058583745174,0.010652973132180565
1.351999999999962,0.008041281780131517,0.0018686554072353868,0.0067272532193872175,0.010670677107931867
1.3529999999999618,0.008041272602158783,0.0019792874353871215,0.006753860662849459,0.010688501076072443
1.3539999999999617,0.008041263610115923,0.0020905164560366804,0.006780409381885037,0.010706445849875748
1.3549999999999616,0.008041254800024721,0.002202332184957555,0.00680690058786104,0.010724512248127364
1.3559999999999615,0.008041246168031986,0.00231472424095951,0.006833335489520345,0.010742701095162364
1.3569999999999613,0.008041237710405703,0.0024276821476772502,0.0068597152930367725,0.010761013220902926
1.3579999999999612,0.008041229423531323,0.0025411953353661207,0.00688604120207012,0.010779449460896194
1.3589999999999611,0.00804122130390821,0.002655253142704371,0.006912314417821084,0.01079801065635241
1.359999999999961,0.008041213348146154,0.0027698448186033744,0.006938536139086067,0.010816697654183296
1.360999999999961,0.008041205552961858,0.002884959524025184,0.0069647075623118756,0.01083551130704069
1.3619999999999608,0.00804119791517572,0.003000586333808148,0.006990829881650317,0.010854452473355463
1.3629999999999607,0.008041190431708607,0.0031167142385011017,0.0070169042890126775,0.010873522017376673
1.3639999999999606,0.00804118309957866,0.0032333321462055115,0.007042931974124115,0.010892720809211007
1.3649999999999605,0.00804117591589829,0.003350428884426997,0.007068914124577941,0.010912049724862486
1.3659999999999604,0.008041168877871206,0.0034679932019352202,0.007094851925889807,0.01093150964627243
1.3669999999999602,0.008041161982789678,0.003586013770633112,0.007120746561551799,0.010951101461359698
1.3679999999999601,0.008041155228031619,0.003704479187435301,0.007146599213086435,0.010970826064061202
1.36899999999996,0.008041148611057999,0.0038233779761556084,0.007172411060100581,0.010990684354372705
1.36999999999996,0.008041142129410343,0.003942698589404024,0.007198183280339269,0.011010677238389877
1.3709999999999598,0.008041135780708227,0.004062429410492725,0.007223917049739438,0.011030805628349634
1.3719999999999597,0.00804112956264682,0.004182558755351889,0.0072496135424835895,0.011051070442671777
1.3729999999999596,0.008041123472994766,0.004303074874453869,0.007275273931053362,0.01107147260600088
1.3739999999999595,0.008041117509591912,0.004423965954747331,0.0073008993862830295,0.011092013049248497
1.3749999999999594,0.008041111670347356,0.004545220121599545,0.007326491077412926,0.011112692709635625
1.3759999999999593,0.008041105953237426,0.004666825440747643,0.007352050172142793,0.011133512530735471
1.3769999999999591,0.008041100356303671,0.0047887699202585595,0.007377577836685061,0.011154473462516506
1.377999999999959,0.008041094877651363,0.00491104151249657,0.007403075235818064,0.011175576461385816
1.378999999999959,0.008041089515447773,0.00503362811609893,0.00742854353293918,0.011196822490232728
1.3799999999999588,0.008041084267920514,0.005156517577958835,0.0074539838901179194,0.01121821251847276
1.3809999999999587,0.00804107913335631,0.005279697695214988,0.007479397468148947,0.011239747522091836
1.3819999999999586,0.008041074110099543,0.005403156217248182,0.007504785426605046,0.01126142848369084
1.3829999999999585,0.008041069196551016,0.005526880847682836,0.007530148923890029,0.011283256392530427
1.3839999999999584,0.008041064391167136,0.00565085924639466,0.007555489117291589,0.01130523224457618
1.3849999999999583,0.008041059692458618,0.0057750790315222135,0.0075808071630341116,0.01132735704254405
1.3859999999999582,0.00804105509898982,0.005899527781482689,0.007606104216331424,0.011349631795946091
1.386999999999958,0.008041050609378125,0.006024193036990599,0.00763138143143951,0.011372057521136545
1.387999999999958,0.00804104622229311,0.006149062303078936,0.007656639961709174,0.01139463524135821
1.3889999999999578,0.008041041936456312,0.006274123051121468,0.007681880959638668,0.011417365986789118
1.3899999999999577,0.008041037750640714,0.0063993627208558945,0.007707105576926278,0.01144025079458955
1.3909999999999576,0.0080410336636707,0.006524768722406193,0.007732314964522871,0.01146329070894936
1.3919999999999575,0.00804102967442192,0.006650328438303726,0.007757510272684411,0.011486486781135613
1.3929999999999574,0.008041025781821518,0.006776029225505426,0.007782692651024448,0.011509840069540558
1.3939999999999573,0.008041021984848051,0.006901858417408882,0.007807863248566566,0.011533351639729917
1.3949999999999572,0.008041018282532347,0.007027803325861996,0.007833023213796817,0.011557022564491507
1.395999999999957,0.008041014673957576,0.0071538512431667985,0.007858173694716116,0.011580853923884186
1.396999999999957,0.008041011158260242,0.0072799894440758375,0.007883315838892634,0.011604846805287145
1.3979999999999568,0.008041007734630888,0.0074062051877799105,0.007908450793514148,0.011629002303449498
1.3989999999999567,0.008041004402315286,0.007532485719885715,0.007933579705440386,0.011653321520540261
1.3999999999999566,0.008041001160615477,0.00765881827438209,0.007958703721255369,0.011677805566198634
1.4009999999999565,0.008040998008891095,0.0077851900755929095,0.007983823987319708,0.011702455557584618
1.4019999999999564,0.008040994946561048,0.007911588340115986,0.008008941649822927,0.011727272619430004
1.4029999999999563,0.008040991973105113,0.008038000278745568,0.00803405785483575,0.011752257884089685
1.4039999999999562,0.008040989088065876,0.008164413098377203,0.008059173748362403,0.011777412491593333
1.404999999999956,0.008040986290142615,0.008290814085020984,0.008084290476392893,0.011802737589697397
1.405999999999956,0.008040983576269232,0.008417190688536602,0.008109409184955311,0.011828234333937496
1.4069999999999558,0.008040980942587555,0.008543530438237294,0.008134531020168112,0.011853903887681125
1.4079999999999557,0.00804097838539551,0.008669820860085019,0.008159657128292414,0.011879747422180752
1.4089999999999556,0.008040975901142677,0.008796049478568626,0.0081847886557843,0.011905766116627243
1.4099999999999555,0.008040973486425537,0.008922203818591804,0.00820992674934713,0.011931961158203684
1.4109999999999554,0.008040971137982886,0.00904827140737101,0.00823507255598386,0.011958333742139542
1.4119999999999553,0.008040968852691352,0.009174239776344415,0.008260227223049376,0.011984885071765197
1.4129999999999552,0.00804096662756095,0.009300096463091873,0.008285391898302854,0.012011616358566854
1.413999999999955,0.008040964459730729,0.00942582901326645,0.008310567729960118,0.012038528822241816
1.414999999999955,0.008040962346464283,0.009551424982537736,0.008335755866746045,0.012065623690754148
1.4159999999999549,0.008040960285145778,0.009676871938547566,0.008360957457946964,0.012092902200390682
1.4169999999999547,0.008040958273275644,0.009802157462877608,0.008386173653463109,0.012120365595817459
1.4179999999999546,0.008040956308466473,0.009927269153029532,0.008411405603861076,0.01214801513013649
1.4189999999999545,0.008040954388439162,0.010052194624417806,0.008436654460426329,0.012175852064942953
1.4199999999999544,0.008040952511018908,0.010176921512374633,0.008461921375215727,0.012203877670382751
1.4209999999999543,0.008040950674131415,0.010301437474167584,0.008487207501110093,0.012232093225210464
1.4219999999999542,0.008040948875799222,0.010425730191029303,0.00851251399186681,0.012260500016847696
1.422999999999954,0.008040947114137975,0.010549787370199492,0.008537842002172476,0.012289099341441822
1.423999999999954,0.008040945387352907,0.010673596746978974,0.008563192687695585,0.012317892503925128
1.4249999999999539,0.008040943693735498,0.01079714608679495,0.008588567205139256,0.012346880818074349
1.4259999999999537,0.008040942031659965,0.010920423187278268,0.008613966712294013,0.012376065606570614
1.4269999999999536,0.008040940399580141,0.011043415880351338,0.00863939236809061,0.0124054482010598
1.4279999999999535,0.008040938796026182,0.01116611203432668,0.008664845332652917,0.012435029942213294
1.4289999999999534,0.008040937219601705,0.011288499556015802,0.008690326767350848,0.012464812179789161
1.4299999999999533,0.008040935668980473,0.0114105663928479,0.008715837834853357,0.012494796272693736
1.4309999999999532,0.008040934142903949,0.011532300534997625,0.008741379699181486,0.012524983589043621
1.431999999999953,0.008040932640178095,0.01165369001752168,0.008766953525761473,0.012555375506228116
1.432999999999953,0.008040931159671038,0.011774722922503637,0.008792560481477939,0.012585973410972062
1.4339999999999529,0.008040929700310197,0.011895387381206188,0.008818201734727117,0.012616778699399122
1.4349999999999528,0.00804092826107994,0.012015671576230394,0.008843878455470175,0.012647792777095473
1.4359999999999526,0.008040926841019157,0.012135563743681466,0.008869591815286591,0.01267901705917395
1.4369999999999525,0.008040925439218857,0.01225505217533985,0.00889534298742762,0.012710452970338605
1.4379999999999524,0.008040924054820034,0.012374125220837777,0.008921133146869813,0.012742101944949727
1.4389999999999523,0.008040922687011405,0.012492771289839801,0.008946963470368642,0.012773965427089272
1.4399999999999522,0.008040921335027434,0.012610978854227212,0.008972835136512185,0.012806044870626768
1.440999999999952,0.00804091999814641,0.012728736450285156,0.008998749325774907,0.012838341739285646
1.441999999999952,0.008040918675688326,0.012846032680892494,0.009024707220571523,0.012870857506710031
1.4429999999999519,0.008040917367013197,0.012962856217712539,0.009050710005310943,0.012903593656531973
1.4439999999999518,0.008040916071519497,0.013079195803385471,0.009076758866450322,0.01293655168243915
1.4449999999999517,0.008040914788642184,0.01319504025372012,0.009102854992549193,0.012969733088243021
1.4459999999999515,0.008040913517851246,0.013310378459885709,0.009128999574323697,0.01300313938794744
1.4469999999999514,0.00804091225865017,0.0134251993906023,0.009155193804700916,0.013036772105817739
1.4479999999999513,0.008040911010574565,0.013539492094329397,0.0091814388788733,0.013070632776450274
1.4489999999999512,0.008040909773190615,0.013653245701451761,0.009207735994353206,0.013104722944842447
1.449999999999951,0.008040908546093874,0.013766449426462378,0.009234086351027534,0.01313904416646321
1.450999999999951,0.00804090732890806,0.013879092570141494,0.009260491151212481,0.013173598007324022
1.4519999999999509,0.008040906121283688,0.013991164521731133,0.009286951599708394,0.013208386044050315
1.4529999999999508,0.008040904922897133,0.014102654761104708,0.009313468903854745,0.013243409863953426
1.4539999999999507,0.008040903733449328,0.014213552860931202,0.009340044273585223,0.013278671065103033
1.4549999999999506,0.008040902552664942,0.014323848488832983,0.009366678921482937,0.013314171256400054
1.4559999999999504,0.008040901380291248,0.014433531409537246,0.009393374062835741,0.013349912057650078
1.4569999999999503,0.008040900216097371,0.014542591487020032,0.009420130915691697,0.013385895099637257
1.4579999999999502,0.008040899059873178,0.014651018686643189,0.009446950700914636,0.013422122024198728
1.4589999999999501,0.008040897911428698,0.014758803077282726,0.00947383464223988,0.01345859448429952
1.45999999999995,0.00804089677059312,0.014865934833449364,0.009500783966330065,0.013495314144107977
1.46099999999995,0.008040895637214131,0.0149724042373998,0.00952779990283112,0.013532282679071694
1.4619999999999498,0.008040894511157247,0.015078201681239118,0.00955488368442837,0.013569501775993954
1.4629999999999497,0.008040893392305062,0.015183317669013787,0.00958203654690278,0.013606973133110713
1.4639999999999496,0.008040892280556666,0.01528774281879491,0.009609259729187346,0.013644698460168064
1.4649999999999495,0.00804089117582703,0.015391467864751348,0.009636554473423618,0.013682679478500269
1.4659999999999493,0.008040890078046405,0.015494483659212872,0.009663922025018383,0.013720917921108286
1.4669999999999492,0.008040888987159758,0.015596781174722846,0.009691363632700487,0.01375941553273885
1.4679999999999491,0.008040887903126475,0.015698351506080527,0.009718880548577813,0.013798174069964086
1.468999999999949,0.0080408868259195,0.015799185872372324,0.009746474028194414,0.013837195301261648
1.469999999999949,0.008040885755525133,0.01589927561899279,0.009774145330587798,0.013876481007095418
1.4709999999999488,0.008040884691942606,0.01599861221965438,0.009801895718346377,0.013916032979996738
1.4719999999999487,0.008040883635183425,0.01609718727838673,0.009829726457667077,0.01395585302464622
1.4729999999999486,0.008040882585271318,0.01619499253152464,0.009857638818413112,0.013995942957956059
1.4739999999999485,0.008040881542241423,0.01629201984968539,0.009885634074171925,0.01403630460915296
1.4749999999999484,0.008040880506140371,0.016388261239735292,0.009913713502313296,0.014076939819861592
1.4759999999999482,0.008040879477025576,0.016483708846745444,0.009941878384047633,0.014117850444188618
1.4769999999999481,0.008040878454965037,0.01657835495593673,0.009970130004484426,0.014159038348807294
1.477999999999948,0.008040877440037106,0.016672191994614047,0.009998469652690885,0.014200505413042653
1.478999999999948,0.008040876432329942,0.016765212534090756,0.01002689862175076,0.014242253528957232
1.4799999999999478,0.008040875431941407,0.016857409291602038,0.010055418208823337,0.014284284601437429
1.4809999999999477,0.008040874438978647,0.01694877513220868,0.010084029715202633,0.014326600548280399
1.4819999999999476,0.008040873453557779,0.017039303070690688,0.01011273444637676,0.014369203300281568
1.4829999999999475,0.008040872475803755,0.0171289862734314,0.010141533712087505,0.014412094801322734
1.4839999999999474,0.008040871505849843,0.01721781806029165,0.01017042882639008,0.014455277008460759
1.4849999999999473,0.0080408705438375,0.017305791906475177,0.010199421107713085,0.014498751892016864
1.4859999999999471,0.008040869589916032,0.01739290144438488,0.010228511878918666,0.014542521435666533
1.486999999999947,0.008040868644242277,0.01747914046546993,0.010257702467362871,0.014586587636530028
1.487999999999947,0.008040867706980398,0.01756450292206504,0.010286994204956221,0.014630952505263507
1.4889999999999468,0.008040866778301478,0.017648982929221013,0.010316388428224472,0.01467561806615077
1.4899999999999467,0.008040865858383203,0.017732574766527592,0.010345886478369613,0.014720586357195625
1.4909999999999466,0.008040864947409613,0.017815272879928793,0.010375489701331049,0.014765859430214873
1.4919999999999465,0.008040864045570792,0.017897071883530832,0.010405199447847017,0.014811439350931934
1.4929999999999464,0.00804086315306267,0.017977966561402988,0.010435017073516224,0.014857328199071098
1.4939999999999463,0.008040862270086178,0.01805795186937193,0.010464943938859692,0.014903528068452418
1.4949999999999461,0.008040861396847555,0.018137022936809674,0.010494981409382842,0.014950041067087257
1.495999999999946,0.008040860533557428,0.018215175068415707,0.010525130855637796,0.014996869317274453
1.496999999999946,0.00804085968043072,0.018292403745992798,0.010555393653285913,0.015044014955697179
1.4979999999999458,0.008040858837686272,0.01836870463021841,0.010585771183160559,0.015091480133520418
1.4989999999999457,0.008040858005546136,0.018444073562410235,0.010616264831330113,0.01513926701648912
1.4999999999999456,0.008040857184235337,0.018518506566287687,0.010646875989161206,0.015187377785027028
1.5009999999999455,0.00804085637398155,0.018591999849728518,0.010677606053382213,0.015235814634336162
1.5019999999999454,0.008040855575014117,0.01866454980652188,0.010708456426146975,0.015284579774496978
1.5029999999999453,0.008040854787564089,0.018736153018117513,0.010739428515098785,0.015333675430569217
1.5039999999999452,0.00804085401186327,0.01880680625537162,0.010770523733434609,0.015383103842693424
1.504999999999945,0.008040853248143767,0.018876506480289813,0.01080174349996957,0.015432867266193166
1.505999999999945,0.008040852496637428,0.018945250847767294,0.01083308923920169,0.015482967971677933
1.5069999999999448,0.008040851757575114,0.01901303670732688,0.010864562381376881,0.015533408245146749
1.5079999999999447,0.008040851031186026,0.019079861604855027,0.010896164362554204,0.015584190388092466
1.5089999999999446,0.008040850317697072,0.019145723284336048,0.0109278966246714,0.015635316717606793
1.5099999999999445,0.008040849617331916,0.019210619689585314,0.010959760615610681,0.015686789566486007
1.5109999999999444,0.008040848930310356,0.019274548965981138,0.010991757789264787,0.015738611283337395
1.5119999999999443,0.008040848256847467,0.019337509462196346,0.011023889605603333,0.015790784232686428
1.5129999999999442,0.008040847597152432,0.019399499731929375,0.011056157530739422,0.015843310795084636
1.513999999999944,0.008040846951428005,0.01946051853563535,0.011088563036996537,0.01589619336721823
1.514999999999944,0.008040846319869224,0.019520564842257653,0.011121107602975725,0.015949434362017477
1.5159999999999438,0.00804084570266247,0.0195796378309601,0.011153792713623063,0.016003036208766763
1.5169999999999437,0.008040845099984375,0.01963773689286011,0.011186619860297408,0.016057001353215465
1.5179999999999436,0.00804084451200056,0.01969486163276333,0.01121959054083845,0.016111332257689542
1.5189999999999435,0.008040843938864527,0.01975101187089974,0.011252706259635054,0.016166031401203873
1.5199999999999434,0.008040843380716452,0.0198061876446618,0.011285968527693905,0.01622110127957538
1.5209999999999433,0.008040842837681618,0.019860389210345115,0.011319378862708441,0.0162765444055369
1.5219999999999432,0.00804084230986914,0.01991361704489137,0.01135293878912812,0.01633236330885185
1.522999999999943,0.008040841797370551,0.019965871847634573,0.011386649838227967,0.016388560536429644
1.523999999999943,0.008040841300258176,0.020017154542050386,0.01142051354817844,0.0164451386524419
1.5249999999999428,0.008040840818583545,0.020067466277508918,0.011454531464115623,0.016502100238439454
1.5259999999999427,0.00804084035237564,0.020116808431031717,0.011488705138211722,0.01655944789347013
1.5269999999999426,0.008040839901639322,0.02016518260905278,0.011523036129745886,0.01661718423419735
1.5279999999999425,0.008040839466353353,0.020212590649184008,0.011557526005175362,0.016675311895019508
1.5289999999999424,0.008040839046468459,0.020259034621985597,0.01159217633820696,0.016733833528190196
1.5299999999999423,0.008040838641905525,0.020304516832741565,0.011626988709868865,0.0167927518039392
1.5309999999999422,0.008040838252553358,0.020349039823240395,0.011661964708582771,0.01685206941059435
1.531999999999942,0.008040837878266626,0.020392606373561654,0.011697105930236365,0.016911789054704172
1.532999999999942,0.008040837518863581,0.02043521950386831,0.011732413978256133,0.016971913461161392
1.5339999999999419,0.008040837174123848,0.02047688247620541,0.011767890463680533,0.017032445373327272
1.5349999999999417,0.008040836843786018,0.02051759879630481,0.011803537005233495,0.01709338755315676
1.5359999999999416,0.008040836527545071,0.020557372215397104,0.011839355229398286,0.01715474278132455
1.5369999999999415,0.008040836225050004,0.020596206732029925,0.011875346770491723,0.017216513857351932
1.5379999999999414,0.008040835935901021,0.020634106593893607,0.011911513270738736,0.017278703599734525
1.5389999999999413,0.008040835659647028,0.020671076299653923,0.011947856380347309,0.017341314846070904
1.5399999999999412,0.008040835395782722,0.020707120600792207,0.011984377757583773,0.017404350453192056
1.540999999999941,0.00804083514374568,0.0207422445034532,0.012021079068848467,0.01746781329729173
1.541999999999941,0.008040834902913586,0.02077645327030024,0.012057961988751776,0.017531706274057694
1.5429999999999409,0.008040834672601025,0.02080975242237841,0.012095028200190535,0.017596032298803823
1.5439999999999408,0.008040834452056559,0.02084214774098552,0.012132279394424824,0.017660794306603153
1.5449999999999406,0.008040834240459482,0.020873645269550458,0.01216971727115513,0.017725995252421793
1.5459999999999405,0.008040834036916607,0.02090425131551984,0.012207343538599905,0.017791638111253737
1.5469999999999404,0.008040833840459023,0.02093397245225233,0.012245159913573507,0.017857725878256632
1.5479999999999403,0.008040833650038642,0.02096281552092037,0.012283168121564539,0.017924261568888433
1.5489999999999402,0.0080408334645249,0.020990787632419794,0.012321369896814571,0.017991248219044985
1.54999999999994,0.008040833282701311,0.021017896169286857,0.012359766982397278,0.018058688885198543
1.55099999999994,0.008040833103261853,0.021044148787622383,0.012398361130297974,0.018126586644537264
1.5519999999999399,0.008040832924807468,0.02106955341902306,0.012437154101493542,0.018194944595105563
1.5529999999999398,0.008040832745842608,0.021094118272519616,0.012476147666032795,0.018263765855945517
1.5539999999999397,0.008040832564771408,0.021117851836521324,0.012515343603117233,0.01833305356723915
1.5549999999999395,0.00804083237989417,0.021140762880766824,0.012554743701182227,0.018402810890451725
1.5559999999999394,0.008040832189403725,0.02116286045828059,0.012594349757978624,0.018473041008476007
1.5569999999999393,0.008040831991381692,0.021184153907334895,0.012634163580654766,0.018543747125777464
1.5579999999999392,0.00804083178379488,0.02120465285341669,0.012674186985838961,0.018614932468540513
1.558999999999939,0.008040831564491577,0.021224367211198764,0.012714421799722361,0.018686600284815693
1.559999999999939,0.00804083133119801,0.02124330718651523,0.012754869858142292,0.0187587538446679
1.5609999999999389,0.00804083108151451,0.021261483278339835,0.012795533006666018,0.018831396440325568
1.5619999999999388,0.008040830812912216,0.021278906280767586,0.012836413100674952,0.018904531386330897
1.5629999999999387,0.008040830522729282,0.021295587284998255,0.012877512005449314,0.018978162019691085
1.5639999999999386,0.008040830208167345,0.021311537681321602,0.012918831596253235,0.0190522917000306
1.5649999999999384,0.00804082986628848,0.0213267691611034,0.012960373758420334,0.01912692380974446
1.5659999999999383,0.008040829494011333,0.021341293718771734,0.013002140387439727,0.019202061754152573
1.5669999999999382,0.00804082908810813,0.02135512365380314,0.013044133389042523,0.01927770896165511
1.567999999999938,0.00804082864520158,0.02136827157270707,0.01308635467928878,0.019353868883888948
1.568999999999938,0.008040828161761477,0.021380750391009076,0.013128806184654923,0.019430544995885143
1.569999999999938,0.00804082763410213,0.021392573335231282,0.013171489842121659,0.019507740796227503
1.5709999999999378,0.008040827058379224,0.021403753944869507,0.013214407599262342,0.019585459807212217
1.5719999999999377,0.008040826430587249,0.021414306074366788,0.013257561414331853,0.019663705575008576
1.5729999999999376,0.008040825746557186,0.021424243895082306,0.013300953256355936,0.019742481669820768
1.5739999999999374,0.008040825001953699,0.02143358189725475,0.013344585105221048,0.019821791686050784
1.5749999999999373,0.008040824192273439,0.02144233489196053,0.013388458951764704,0.01990163924246243
1.5759999999999372,0.008040823312842836,0.02145051801306491,0.013432576797866302,0.01998202798234643
1.5769999999999371,0.008040822358816348,0.021458146719166488,0.013476940656538478,0.020062961573686682
1.577999999999937,0.00804082132517505,0.021465236795534064,0.013521552552018942,0.0201444437093276
1.578999999999937,0.00804082020672515,0.02147180435603542,0.013566414519862851,0.020226478107142634
1.5799999999999368,0.008040818998097181,0.021477865845057786,0.013611528607035685,0.02030906851020388
1.5809999999999367,0.00804081769374508,0.02148343803941898,0.013656896872006644,0.020392218686952894
1.5819999999999366,0.00804081628794585,0.021488538050269682,0.013702521384842571,0.02047593243137264
1.5829999999999365,0.008040814774799145,0.021493183324985937,0.01374840422730241,0.020560213563160575
1.5839999999999363,0.008040813148227806,0.0214973916490516,0.013794547492932189,0.02064506592790297
1.5849999999999362,0.008040811401978019,0.021501181147930936,0.013840953287160545,0.020730493397250346
1.5859999999999361,0.008040809529620161,0.021504570288930953,0.01388762372739479,0.020816499869094153
1.586999999999936,0.008040807524550308,0.021507577883052926,0.013934560943117529,0.020903089267744607
1.587999999999936,0.008040805379991448,0.021510223086834,0.013981767075983819,0.020990265544109758
1.5889999999999358,0.008040803088995746,0.021512525404178164,0.014029244279918886,0.021078032675875758
1.5899999999999357,0.008040800644446936,0.021514504688176568,0.014076994721216412,0.02116639466768836
1.5909999999999356,0.008040798039063017,0.021516181142917767,0.014125020578637376,0.021255355551335633
1.5919999999999355,0.008040795265399775,0.0215175753252878,0.014173324043509466,0.021344919385931943
1.5929999999999354,0.008040792315854643,0.02151870814676019,0.014221907319827063,0.021435090258103133
1.5939999999999352,0.008040789182670722,0.021519600875176167,0.014270772624351807,0.021525872282173016
1.5949999999999351,0.008040785857942004,0.021520275136515443,0.014319922186713746,0.021617269600351093
1.595999999999935,0.008040782333618556,0.02152075291665789,0.014369358249513067,0.021709286382921553
1.596999999999935,0.008040778601512522,0.021521056563136347,0.014419083068422421,0.021801926828433557
1.5979999999999348,0.008040774653304874,0.021521208786880977,0.014469098912289848,0.0218951951638928
1.5989999999999347,0.008040770480552307,0.02152123266395559,0.014519408063242293,0.02198909564495441
1.5999999999999346,0.008040766074695508,0.02152115163728629,0.014570012816789747,0.022083632556117082
1.6009999999999345,0.00804076142706724,0.021520989518383302,0.014620915481929977,0.022178810210918613
1.6019999999999344,0.008040756528901998,0.0215207704890556,0.014672118381253882,0.02227463295213269
1.6029999999999343,0.008040751371345875,0.02152051910311938,0.014723623851051476,0.022371105151967063
1.6039999999999341,0.008040745945467208,0.02152026028810129,0.014775434241418476,0.02246823121226303
1.604999999999934,0.008040736886806708,0.021519939752370227,0.014827244702787375,0.022474747026298238
1.605999999999934,0.008040740533268125,0.021519626817097463,0.014878750385593902,0.022481307002622478
1.6069999999999338,0.008040782097335625,0.021519321305672703,0.014929953639943495,0.022487911440554877
1.6079999999999337,0.008040886400564246,0.02151902304564555,0.014980856802142365,0.02249456064144326
1.6089999999999336,0.008041077875679876,0.021518731868618395,0.015031462194804094,0.022501254908677906
1.6099999999999335,0.008041380568699472,0.021518447610141912,0.015081772126955608,0.02250799454770537
1.6109999999999334,0.008041818141068871,0.02151817010961409,0.015131788894142541,0.02251477986604245
1.6119999999999333,0.008042413871816987,0.021517899210181917,0.015181514778533972,0.022521611173290202
1.6129999999999332,0.00804319065972405,0.021517634758646348,0.015230952049026554,0.022528488781148052
1.613999999999933,0.00804417102550173,0.02151737660536966,0.015280102961348043,0.02253541300342805
1.614999999999933,0.008045377113984122,0.021517124604185874,0.015328969758160223,0.02254238415606917
1.6159999999999328,0.008046830696327487,0.021516878612313602,0.01537755466916123,0.022549402557151717
1.6169999999999327,0.00804855317221719,0.021516638490271463,0.015425859911187292,0.02255646852691187
1.6179999999999326,0.008050565572080729,0.021516404101795984,0.015473887688313882,0.02256358238775626
1.6189999999999325,0.008052888559305211,0.02151617531376194,0.015521640191956279,0.022570744464276704
1.6199999999999324,0.008055542432458249,0.021515951996104597,0.015569119600969558,0.022577955083265006
1.6209999999999323,0.008058547127511157,0.021515734021744812,0.015616328081748019,0.02258521457372787
1.6219999999999322,0.008061922220062764,0.02151552126651576,0.01566326778832402,0.02259252326690191
1.622999999999932,0.008065686927564125,0.021515313609091785,0.015709940862466267,0.022599881496268768
1.623999999999932,0.00806986011154185,0.021515110930919474,0.015756349433777548,0.022607289597570322
1.6249999999999318,0.008074460279819987,0.021514913116150485,0.015802495619791884,0.022614747908824017
1.6259999999999317,0.008079505588740002,0.021514720051576213,0.015848381526071164,0.022622256770338276
1.6269999999999316,0.008085013845377149,0.021514531626564443,0.015894009246301216,0.02262981652472804
1.6279999999999315,0.008091002509753673,0.02151434773299748,0.015939380862387328,0.02263742751693039
1.6289999999999314,0.00809748869704769,0.021514168265212186,0.01598449844454925,0.022645090094220287
1.6299999999999313,0.008104489179797695,0.02151399311994163,0.016029364051415654,0.02265280460622643
1.6309999999999312,0.008112020390101799,0.021513822196258133,0.01607397973011806,0.02266057140494719
1.631999999999931,0.008120098421811797,0.021513655395518007,0.016118347516384243,0.022668390844766687
1.632999999999931,0.008128739032721677,0.02151349262130775,0.016162469434631125,0.022676263282470948
1.6339999999999308,0.008137957646750016,0.02151333377939162,0.016206347498057144,0.022684189077264192
1.6349999999999307,0.008147769356116325,0.02151317877766061,0.016249983708734105,0.022692168590785225
1.6359999999999306,0.008158188923511675,0.02151302752608281,0.016293380057698547,0.02270020218712393
1.6369999999999305,0.008169230784262313,0.02151287993665515,0.016336538525042566,0.022708290232837887
1.6379999999999304,0.008180909048487152,0.021512735923356025,0.016379461080004185,0.022716433096969097
1.6389999999999303,0.008193237503249164,0.021512595402099637,0.0164221496810572,0.022724631151060826
1.6399999999999302,0.008206229614699755,0.021512458290691306,0.01646460627600053,0.022732884769174535
1.64099999999993,0.008219898530217484,0.02151232450878376,0.01650683280204711,0.022741194327906982
1.64199999999993,0.008234257080539664,0.021512193977834927,0.01654883118591226,0.02274956020640738
1.6429999999999298,0.008249317781888517,0.02151206662106646,0.01659060334390163,0.02275798278639471
1.6439999999999297,0.008265092838090706,0.02151194236342349,0.016632151181998598,0.022766462452175125
1.6449999999999296,0.00828159414269094,0.0215118211315355,0.016673476595951267,0.022774999590659498
1.6459999999999295,0.008298833281060139,0.02151170285367784,0.01671458147135895,0.022783594591381073
1.6469999999999294,0.00831682153249728,0.021511587459734725,0.01675546768375821,0.022792247846513233
1.6479999999999293,0.008335569872326339,0.02151147488116264,0.016796137098708433,0.0228009597508874
1.6489999999999292,0.008355088973987485,0.02151136505095502,0.01683659157187696,0.022809730702011047
1.649999999999929,0.008375389211123376,0.021511257903607816,0.016876832949123746,0.022818561100085833
1.650999999999929,0.00839648065966035,0.02151115337508578,0.016916863066585592,0.022827451348025878
1.6519999999999289,0.008418373099885006,0.02151105140278945,0.01695668375075992,0.02283640185147613
1.6529999999999287,0.008441076018516038,0.021510951925523478,0.01699629681858811,0.022845413018830883
1.6539999999999286,0.00846459861077204,0.021510854883465193,0.017035704077538412,0.022854485261252402
1.6549999999999285,0.008488949782434762,0.021510760218134393,0.017074907325688404,0.022863618992689697
1.6559999999999284,0.008514138151908485,0.021510667872363425,0.017113908351807046,0.022872814629897393
1.6569999999999283,0.00854017205227575,0.021510577790268468,0.0171527089354363,0.022882072592454776
1.6579999999999282,0.00856705953334952,0.0215104899172213,0.01719131084697232,0.022891393302784904
1.658999999999928,0.008594808363721385,0.02151040419982181,0.017229715847746227,0.022900777186173893
1.659999999999928,0.008623426032807116,0.021510320585870994,0.017267925690104487,0.02291022467079033
1.6609999999999279,0.008652919752888583,0.021510239024345044,0.017305942117488864,0.022919736187704806
1.6619999999999278,0.008683296461152974,0.02151015946536981,0.017343766864515966,0.02292931217090958
1.6629999999999276,0.008714562821728935,0.021510081860195634,0.017381401657056393,0.022938953057338382
1.6639999999999275,0.008746725227719927,0.02151000616117347,0.017418848212313487,0.022948659286886358
1.6649999999999274,0.008779789803235252,0.0215099323217309,0.017456108238901688,0.022958431302430127
1.6659999999999273,0.00881376240541784,0.021509860296349194,0.01749318343692448,0.022968269549848
1.6669999999999272,0.008848648626470387,0.021509790040540724,0.01753007549805199,0.022978174478040327
1.667999999999927,0.008884453795678326,0.021509721510826956,0.01756678610559815,0.022988146538949965
1.668999999999927,0.008921182981430707,0.02150965466471692,0.017603316934597508,0.022998186187582908
1.6699999999999269,0.008958840993238876,0.021509589460686512,0.017639669651881677,0.023008293882029057
1.6709999999999268,0.008997432383752675,0.02150952585815771,0.017675845916155366,0.02301847008348311
1.6719999999999267,0.009036961450774246,0.021509463817478876,0.01771184737807207,0.023028715256265597
1.6729999999999265,0.00907743223926979,0.02150940329990518,0.01774767568030939,0.023039029867844094
1.6739999999999264,0.009118848543378761,0.021509344267579517,0.017783332457643984,0.023049414388854526
1.6749999999999263,0.009161213908421076,0.021509286683514015,0.017818819337026157,0.023059869293122648
1.6759999999999262,0.009204531632901575,0.021509230511571886,0.0178541379376541,0.02307039505768568
1.676999999999926,0.009248804770512353,0.0215091757164497,0.01788928987104776,0.023080992162814052
1.677999999999926,0.009294036132132649,0.021509122263659967,0.01792427674112239,0.023091661092033332
1.6789999999999259,0.009340228287826081,0.021509070119514355,0.017959100144261702,0.023102402332146273
1.6799999999999258,0.00938738356883525,0.021509019251107084,0.017993761669390748,0.023113216373255054
1.6809999999999257,0.009435504069574177,0.02150896962629886,0.01802826289804838,0.023124103708783608
1.6819999999999256,0.00948459164961745,0.021508921213700846,0.018062605404459434,0.023135064835500155
1.6829999999999254,0.009534647935686624,0.021508873982659445,0.018096790755606558,0.023146100253539865
1.6839999999999253,0.009585674323634347,0.021508827903241084,0.018130820511301708,0.023157210466427693
1.6849999999999252,0.009637671980424445,0.02150878294621739,0.01816469622425731,0.023168395981101313
1.6859999999999251,0.009690641846109672,0.02150873908305085,0.018198419440157123,0.02317965730793429
1.686999999999925,0.00974458463580601,0.02150869628588057,0.018231991697726758,0.023190994960759354
1.687999999999925,0.00979950084166349,0.021508654527508466,0.01826541452880388,0.023202409456891837
1.6889999999999248,0.009855390734833562,0.021508613781385553,0.01829868945840812,0.0232139013171533
1.6899999999999247,0.009912254367433256,0.021508574021598812,0.018331818004810638,0.02322547106589525
1.6909999999999246,0.009970091574504849,0.021508535222858303,0.01836480167960342,0.02323711923102312
1.6919999999999245,0.010028901975972636,0.02150849736048397,0.018397641987768228,0.02324884634402033
1.6929999999999243,0.010088684978595058,0.02150846041039372,0.018430340427745294,0.023260652939972534
1.6939999999999242,0.010149439777913041,0.021508424349090706,0.01846289849150166,0.023272539557592037
1.6949999999999241,0.01021116536019399,0.021508389153651646,0.018495317664599286,0.023284506739242393
1.695999999999924,0.010273860504371731,0.021508354801714848,0.018527599426262805,0.02329655503096312
1.696999999999924,0.01033752378398159,0.021508321271468768,0.018559745249447042,0.02330868498249465
1.6979999999999238,0.010402153569091334,0.021508288541640684,0.0185917566009042,0.023320897147303385
1.6989999999999237,0.010467748028227019,0.02150825659148563,0.0186236349412508,0.023333192082606962
1.6999999999999236,0.010534305130294486,0.02150822540077539,0.01865538172503432,0.02334557034939968
1.7009999999999235,0.010601822646495623,0.021508194949787916,0.018686998400799563,0.02335803251247809
1.7019999999999234,0.010670298152239733,0.021508165219296733,0.01871848641115476,0.023370579140466773
1.7029999999999232,0.010739729029049782,0.021508136190560665,0.018749847192837378,0.02338321080584428
1.7039999999999231,0.0108101124664635,0.0215081078453138,0.01878108217677969,0.02339592808496926
1.704999999999923,0.01088144546392918,0.021508080165755363,0.018812192788174052,0.023408731558106743
1.705999999999923,0.010953724832696082,0.021508053134540128,0.01884318044653795,0.023421621809454635
1.7069999999999228,0.011026947197699472,0.021508026734768704,0.01887404656577875,0.02343459942717036
1.7079999999999227,0.01110110899943995,0.021508000949978224,0.018904792554258223,0.023447665003397702
1.7089999999999226,0.011176206495857653,0.02150797576413277,0.01893541981485681,0.023460819134293827
1.7099999999999225,0.011252235764200275,0.02150795116161472,0.018965929745037614,0.023474062420056473
1.7109999999999224,0.01132919270288607,0.021507927127215533,0.01899632373691019,0.023487395464951353
1.7119999999999223,0.011407073033360634,0.021507903646126866,0.01902660317729405,0.023500818877339714
1.7129999999999221,0.011485872301948292,0.02150788070393204,0.019056769447781927,0.02351433326970609
1.713999999999922,0.011565585881697807,0.02150785828659763,0.019086823924802845,0.02352793925868627
1.714999999999922,0.0116462089742222,0.021507836380464804,0.019116767979684895,0.02354163746509541
1.7159999999999218,0.011727736611533108,0.02150781497224142,0.019146602978717824,0.023555428513956377
1.7169999999999217,0.011810163657869303,0.021507794048993632,0.019176330283215373,0.02356931303452826
1.7179999999999216,0.011893484811519892,0.021507773598138134,0.01920595124957738,0.023583291660335074
1.7189999999999215,0.011977694606641553,0.02150775360743425,0.019235467229351683,0.02359736502919469
1.7199999999999214,0.01206278741507062,0.02150773406497617,0.01926487956929578,0.023611533783247908
1.7209999999999213,0.012148757448129802,0.021507714959185527,0.019294189611438285,0.023625798568987784
1.7219999999999211,0.01223559875842926,0.02150769627880365,0.019323398693140162,0.023640160037289103
1.722999999999921,0.01232330524166288,0.02150767801288462,0.019352508147155743,0.023654618843438106
1.723999999999921,0.012411870638399318,0.0215076601507877,0.019381519301693535,0.023669175647162356
1.7249999999999208,0.012501288535868208,0.021507642682170418,0.01941043348047683,0.023683831112660866
1.7259999999999207,0.012591552369741363,0.02150762559698151,0.019439252002804105,0.02369858590863439
1.7269999999999206,0.012682655425909881,0.02150760888545417,0.019467976183609216,0.023713440708315953
1.7279999999999205,0.012774590842256461,0.021507592538099085,0.0194966073335214,0.023728396189501552
1.7289999999999204,0.012867351610423712,0.021507576545697953,0.019525146758925065,0.023743453034581082
1.7299999999999203,0.012960930577578517,0.021507560899296917,0.01955359576201941,0.023758611930569478
1.7309999999999202,0.013055320448172649,0.021507545590200086,0.01958195564087784,0.02377387356913807
1.73199999999992,0.013150513785699964,0.02150753060996317,0.019610227689507185,0.023789238646646133
1.73299999999992,0.013246503014450592,0.021507515950387458,0.01963841319790676,0.02380470786417266
1.7339999999999198,0.013343280421261722,0.02150750160351348,0.01966651345212721,0.02382028192754835
1.7349999999999197,0.013440838157266452,0.021507487561615118,0.019694529734329197,0.023835961547387822
1.7359999999999196,0.013539168239639994,0.021507473817193735,0.019722463322841895,0.02385174743912203
1.7369999999999195,0.013638262553344055,0.021507460362972207,0.01975031549222133,0.023867640323030917
1.7379999999999194,0.01373811285286958,0.02150744719188942,0.019778087513308527,0.023883640924276257
1.7389999999999193,0.013838710763978255,0.021507434297094535,0.019805780653287502,0.023899749972934786
1.7399999999999192,0.013940047785443393,0.02150742167194159,0.019833396175743073,0.023915968204031465
1.740999999999919,0.014042115290790124,0.02150740930998391,0.01986093534071852,0.023932296357573046
1.741999999999919,0.014144904530035316,0.02150739720496905,0.019888399404773077,0.023948735178581836
1.7429999999999188,0.014248406631428536,0.02150738535083336,0.019915789621039272,0.02396528541712968
1.7439999999999187,0.01435261260319293,0.02150737374169702,0.019943107239280094,0.0239819478283722
1.7449999999999186,0.01445751333526789,0.021507362371858987,0.019970353505946024,0.023998723172583225
1.7459999999999185,0.014563099601052915,0.02150735123579204,0.01999752966423192,0.024015612215189525
1.7469999999999184,0.01466936205915381,0.021507340328137954,0.020024636954133708,0.024032615726805685
1.7479999999999183,0.014776291255131182,0.021507329643702854,0.020051676612505,0.024049734483269306
1.7489999999999182,0.01488387762325174,0.021507319177452466,0.020078649873113502,0.024066969265676384
1.749999999999918,0.014992111488243184,0.021507308924507723,0.02010555796669732,0.02408432086041696
1.750999999999918,0.015100983067052754,0.021507298880140115,0.02013240212102111,0.02410179005921099
1.7519999999999178,0.015210482470609838,0.0215072890397675,0.020159183560932107,0.024119377659144486
1.7529999999999177,0.015320599705593588,0.021507279398949763,0.020185903508416012,0.024137084462705877
1.7539999999999176,0.015431324676205064,0.021507269953384752,0.020212563182652733,0.024154911277822613
1.7549999999999175,0.015542647185945427,0.02150726069890409,0.02023916380007203,0.024172858917898048
1.7559999999999174,0.015654556939399534,0.021507251631469163,0.02026570657440902,0.024190928201848556
1.7569999999999173,0.015767043544026114,0.02150724274716742,0.020292192716759545,0.02420911995414087
1.7579999999999172,0.015880096511954295,0.02150723404220842,0.02031862343563544,0.024227435004829736
1.758999999999917,0.015993705261787478,0.02150722551292018,0.02034499993701967,0.024245874189595756
1.759999999999917,0.016107859120414226,0.021507217155745516,0.020371323424421363,0.024264438349783535
1.7609999999999169,0.01622254732482704,0.021507208967238678,0.020397595098930722,0.02428312833244007
1.7619999999999167,0.016337759023948937,0.021507200944061684,0.020423816159273828,0.024301944990353395
1.7629999999999166,0.01645348328046835,0.02150719308298132,0.02044998780186733,0.024320889182091493
1.7639999999999165,0.016569709072682497,0.021507185380865476,0.020476111220873037,0.02433996177204146
1.7649999999999164,0.016686425296349332,0.021507177834680473,0.020502187608252422,0.024359163630448974
1.7659999999999163,0.016803620766548757,0.02150717044148766,0.02052821815382098,0.02437849563345797
1.7669999999999162,0.016921284219552222,0.02150716319844068,0.020554204045302542,0.024397958663150636
1.767999999999916,0.017039404314702074,0.02150715610278252,0.020580146468383458,0.024417553607587666
1.768999999999916,0.017157969636299952,0.02150714915184268,0.020606046606766692,0.024437281360848755
1.7699999999999159,0.01727696869550432,0.02150714234303474,0.02063190564222584,0.024457142823073416
1.7709999999999158,0.017396389932237664,0.02150713567385357,0.02065772475465906,0.024477138900502043
1.7719999999999156,0.017516221717102595,0.02150712914187295,0.020683505122142887,0.024497270505517275
1.7729999999999155,0.01763645235330731,0.02150712274474319,0.020709247920986003,0.024517538556685595
1.7739999999999154,0.01775707007860032,0.021507116480188996,0.020734954325782907,0.024537943978799284
1.7749999999999153,0.017878063067213627,0.021507110346007028,0.020760625509467508,0.024558487702918574
1.7759999999999152,0.017999419431815197,0.02150710434006416,0.020786262643366634,0.024579170666414168
1.776999999999915,0.01812112722546944,0.02150709846029525,0.0208118668972535,0.024599993813009986
1.777999999999915,0.018243174443606073,0.02150709270470144,0.02083743943940106,0.02462095809282624
1.7789999999999149,0.01836554902599678,0.021507087071348397,0.020862981436635324,0.024642064462422775
1.7799999999999148,0.0184882388587391,0.021507081558364623,0.020888494054388602,0.024663313884842723
1.7809999999999147,0.01861123177624757,0.021507076163939962,0.020913978456752663,0.024684707329656434
1.7819999999999145,0.01873451556325103,0.02150707088632424,0.020939435806531872,0.02470624577300573
1.7829999999999144,0.018858077956796074,0.02150706572382572,0.020964867265296235,0.024727930197648445
1.7839999999999143,0.0189819066482555,0.021507060674810334,0.020990273993434394,0.024749761593003246
1.7849999999999142,0.019105989285341813,0.021507055737700235,0.02101565715020659,0.0247717409551948
1.785999999999914,0.019230313474124152,0.021507050910973022,0.021041017893797538,0.024793869287099205
1.786999999999914,0.019354866781048894,0.021507046193160895,0.02106635738136929,0.02481614759838978
1.7879999999999139,0.01947963673496223,0.02150704158284994,0.021091676769114026,0.024838576905583103
1.7889999999999138,0.019604610829134304,0.021507037078679604,0.021116977212306806,0.024861158232085404
1.7899999999999137,0.01972977652328403,0.02150703267934213,0.021142259865358285,0.02488389260823927
1.7909999999999136,0.019855121245603458,0.02150702838358235,0.02116752588186739,0.024906781071370638
1.7919999999999134,0.019980632394780592,0.02150702419019756,0.021192776414673965,0.024929824665836157
1.7929999999999133,0.020106297342019793,0.02150702009803736,0.021218012615911344,0.0249530244430708
1.7939999999999132,0.020232103433058545,0.021507016106003817,0.02124323563705895,0.024976381461635874
1.794999999999913,0.0203580379901794,0.02150701221305177,0.021268446628994825,0.024999896787267304
1.795999999999913,0.020484088314215658,0.02150700841818912,0.02129364674204813,0.025023571492924255
1.796999999999913,0.020610241686550086,0.021507004720477636,0.021318837126051655,0.0250474066588381
1.7979999999999128,0.020736485371104584,0.02150700111903327,0.02134401893039427,0.025071403372561713
1.7989999999999127,0.02086280661631996,0.021506997613027413,0.021369193304073372,0.02509556272901908
1.7999999999999126,0.020989192657124303,0.021506994201687807,0.021394361395747307,0.025119885830555258
1.8009999999999124,0.021115630716888083,0.021506990884299585,0.021419524353787783,0.025144373786986675
1.8019999999999123,0.021242108009364845,0.021506987660206988,0.021444683326332276,0.025169027715651788
1.8029999999999122,0.021368611740615887,0.02150698452881461,0.021469839461336414,0.025193848741462035
1.8039999999999121,0.021495129110917045,0.02150698148958928,0.021494993906626344,0.025218837996953174
1.804999999999912,0.021621647316645946,0.021506978542062027,0.021520147809951123,0.02524399662233697
1.805999999999912,0.021748153633787806,0.02150697568494176,0.021545302319035075,0.02526932576555321
1.8069999999999118,0.02187463550318906,0.021506972915212755,0.021570458581630165,0.025294826582322072
1.8079999999999117,0.02200108044561695,0.021506970229084946,0.02159561774556837,0.02532050023619688
1.8089999999999116,0.02212747597840662,0.02150696762292141,0.02162078095881404,0.025346347898617175
1.8099999999999115,0.022253809617324514,0.02150696509323375,0.021645949369516304,0.025372370748962186
1.8109999999999113,0.022380068878443765,0.02150696263667774,0.02167112412606142,0.025398569974604615
1.8119999999999112,0.022506241280032046,0.021506960250048935,0.02169630637712521,0.025424946770964837
1.8129999999999111,0.022632314344452117,0.021506957930278025,0.021721497271725454,0.025451502341565443
1.813999999999911,0.022758275600075355,0.021506955674427047,0.021746697959274315,0.025478237898086144
1.814999999999911,0.022884112583208837,0.021506953479684583,0.021771909589630795,0.025505154660419065
1.8159999999999108,0.02300981284003577,0.02150695134336191,0.021797133313153187,0.0255322538567244
1.8169999999999107,0.02313536392856963,0.021506949262888927,0.021822370280751582,0.025559536723486466
1.8179999999999106,0.02326075342062217,0.02150694723580981,0.02184762164394037,0.025587004505570096
1.8189999999999105,0.02338596890378499,0.021506945259779447,0.02187288855489078,0.025614658456277462
1.8199999999999104,0.023510997983425062,0.021506943332559304,0.021898172166483452,0.025642499837405252
1.8209999999999102,0.023635828284693582,0.021506941452013713,0.02192347363236106,0.02567052991930225
1.8219999999999101,0.023760447454548687,0.021506939616106203,0.021948794106980925,0.025698749980927284
1.82299999999991,0.023884843163791285,0.021506937822895686,0.021974134745667697,0.0257271613099076
1.82399999999991,0.024009003109113816,0.021506936070533163,0.021999496704666076,0.0257557652025976
1.8249999999999098,0.024132915015161946,0.02150693435725814,0.02202488114119357,0.025784562964138
1.8259999999999097,0.024256566636608776,0.02150693268139524,0.02205028921349329,0.025813555908515383
1.8269999999999096,0.024379945760240832,0.021506931041350937,0.0220757220808868,0.025842745358622143
1.8279999999999095,0.024503040207055963,0.021506929435610524,0.022101180903827025,0.025872132646316864
1.8289999999999094,0.024625837834372107,0.02150692786273478,0.02212666684395119,0.025901719112485073
1.8299999999999093,0.024748326537947014,0.02150692632135725,0.022152181064133816,0.025931506107100433
1.8309999999999091,0.02487049425410801,0.02150692481018102,0.022177724728539797,0.025961494989286325
1.831999999999909,0.024992328961891196,0.021506923327976244,0.022203299002677507,0.02599168712737788
1.832999999999909,0.025113818685189866,0.02150692187357705,0.022228905053451986,0.026022083898984406
1.8339999999999088,0.025234951494910993,0.02150692044587937,0.02225454404921818,0.026052686691052245
1.8349999999999087,0.02535571551113985,0.02150691904383789,0.022280217159834245,0.02608349689992805
1.8359999999999086,0.02547609890531111,0.021506917666464058,0.022305925556714942,0.026114515931422517
1.8369999999999085,0.025596089902386945,0.021506916312823397,0.022331670412885075,0.02614574520087451
1.8379999999999084,0.02571567678304031,0.021506914982033453,0.02235745290303301,0.026177186133215645
1.8389999999999083,0.025834847885843396,0.02150691367326141,0.02238327420356428,0.026208840163035315
1.8399999999999082,0.025953591609460275,0.02150691238572212,0.022409135492655267,0.026240708734646137
1.840999999999908,0.026071896414843122,0.02150691111867612,0.022435037950306953,0.026272793302149867
1.841999999999908,0.026189750827430996,0.02150690987142756,0.022460982758398758,0.026305095329503734
1.8429999999999078,0.026307143439350825,0.021506908643322473,0.02248697110074247,0.026337616290587236
1.8439999999999077,0.02642406291161973,0.0215069074337469,0.022513004163136268,0.0263703576692694
1.8449999999999076,0.026540497976347784,0.021506906242125194,0.022539083133418816,0.026403320959476492
1.8459999999999075,0.026656437438940563,0.021506905067918566,0.02256520920152347,0.02643650766526017
1.8469999999999074,0.02677187018030103,0.02150690391062322,0.02259138355953257,0.026469919300866118
1.8479999999999073,0.02688678515902948,0.02150690276976916,0.022617607401731823,0.026503557390803126
1.8489999999999072,0.027001171413621655,0.021506901644918572,0.022643881924664818,0.02653742346991268
1.849999999999907,0.027115018064663477,0.02150690053566475,0.022670208327187597,0.026571519083438952
1.850999999999907,0.027228314317022256,0.021506899441630357,0.02269658781052337,0.02660584578709934
1.8519999999999068,0.027341049462033876,0.021506898362466643,0.022723021578317334,0.026640405147155446
1.8529999999999067,0.027453212879684708,0.02150689729785207,0.022749510836691567,0.026675198740484532
1.8539999999999066,0.027564794040788244,0.021506896247491223,0.022776056794300087,0.02671022815465147
1.8549999999999065,0.02767578250915572,0.02150689521111377,0.022802660662383976,0.026745494987981195
1.8559999999999064,0.027786167943759876,0.02150689418847345,0.022829323654826674,0.026781000849631607
1.8569999999999063,0.02789594010089186,0.02150689317934736,0.022856046988209346,0.02681674735966703
1.8579999999999062,0.02800508883631029,0.021506892183534628,0.02288283188186639,0.02685273614913209
1.858999999999906,0.02811360410738235,0.021506891200855898,0.0229096795579411,0.02688896886012617
1.859999999999906,0.028221475975216303,0.021506890231152383,0.02293659124144139,0.02692544714587833
1.8609999999999058,0.02832869460678509,0.02150688927428519,0.022963568160295728,0.026962172670822716
1.8619999999999057,0.028435250277040705,0.02150688833013459,0.02299061154540914,0.026999147110674554
1.8629999999999056,0.02854113337101867,0.021506887398599243,0.02301772263071937,0.02703637215250654
1.8639999999999055,0.028646334385932976,0.02150688647959568,0.023044902653253204,0.027073849494825893
1.8649999999999054,0.02875084393326047,0.021506885573057615,0.023072152853182898,0.027111580847651796
1.8659999999999053,0.02885465274081506,0.021506884678935405,0.023099474473882765,0.027149567932593453
1.8669999999999052,0.028957751654810855,0.021506883797195536,0.023126868761985914,0.027187812482928633
1.867999999999905,0.029060131641915,0.021506882927820065,0.023154336967441128,0.027226316243682762
1.868999999999905,0.029161783791289083,0.021506882070806123,0.023181880343569897,0.027265080971708523
1.8699999999999048,0.029262699316619598,0.02150688122616543,0.023209500147123602,0.027304108435766063
1.8709999999999047,0.029362869558137408,0.021506880393924125,0.02323719763834086,0.02734340041660363
1.8719999999999046,0.029462285984625594,0.02150687957412194,0.023264974081005033,0.02738295870703891
1.8729999999999045,0.02956094019541636,0.02150687876681212,0.02329283074250188,0.027422785112040743
1.8739999999999044,0.029658823922376475,0.021506877972060846,0.02332076889387739,0.027462881448811552
1.8749999999999043,0.029755929031881755,0.021506877189947114,0.023348789809895788,0.027503249546870216
1.8759999999999042,0.02985224752678003,0.021506876420562166,0.02337689476909768,0.02754389124813556
1.876999999999904,0.029947771548343313,0.021506875664009415,0.023405085053858406,0.027584808407010396
1.877999999999904,0.030042493378208773,0.02150687492040377,0.023433361950446555,0.027626002890466152
1.8789999999999039,0.03013640544030902,0.0215068741898717,0.02346172674908263,0.027667476578128028
1.8799999999999037,0.030229500302791666,0.02150687347255071,0.023490180743997953,0.027709231362360778
1.8809999999999036,0.030321770679928247,0.021506872768589303,0.02351872523349369,0.027751269148355063
1.8819999999999035,0.030413209434012888,0.021506872078146482,0.023547361520000108,0.027793591854214365
1.8829999999999034,0.03050380957725096,0.021506871401391445,0.02357609091013599,0.02783620141104251
1.8839999999999033,0.03059356427363742,0.0215068707385035,0.023604914714768256,0.027879099763031788
1.8849999999999032,0.030682466840826258,0.0215068700896718,0.02363383424907179,0.027922288867551652
1.885999999999903,0.030770510751989562,0.021506869455094935,0.023662850832589427,0.027965770695238038
1.886999999999903,0.03085768963766831,0.021506868834980798,0.02369196578929218,0.02800954723008329
1.8879999999999029,0.03094399728761382,0.021506868229546172,0.023721180447639628,0.028053620469526645
1.8889999999999028,0.03102942765262078,0.021506867639016748,0.02375049614064056,0.028097992424545432
1.8899999999999026,0.031113974846352054,0.021506867063626436,0.02377991420591377,0.02814266511974678
1.8909999999999025,0.031197633147155446,0.021506866503617526,0.023809435985749115,0.02818764059346002
1.8919999999999024,0.031280396999873034,0.02150686595924005,0.02383906282716873,0.028232920897829687
1.8929999999999023,0.03136226101764293,0.021506865430751698,0.023868796081988528,0.028278508098909156
1.8939999999999022,0.03144321998369432,0.02150686491841742,0.023898637106879853,0.0283244042767549
1.894999999999902,0.031523268853135694,0.021506864422509174,0.023928587263431382,0.02837061152552142
1.895999999999902,0.03160240275473683,0.021506863943305442,0.023958647918211274,0.028417131953556777
1.8969999999999019,0.031680616992704934,0.02150686348109109,0.023988820442829503,0.028463967683498806
1.8979999999999018,0.03175790704845507,0.021506863036156836,0.02401910621400045,0.02851112085237196
1.8989999999999017,0.031834268582375334,0.02150686260879888,0.02404950661360572,0.028558593611684824
1.8999999999999015,0.031909697435587255,0.02150686219931859,0.024080023028757194,0.028606388127528286
1.9009999999999014,0.03198418963170137,0.021506861808022096,0.024110656851860313,0.028654506580674352
1.9019999999999013,0.032057741378568955,0.021506861435219623,0.02414140948067763,0.02870295116667568
1.9029999999999012,0.03213034907002968,0.021506861081225223,0.02417228231839256,0.028751724095965735
1.903999999999901,0.03220200928765584,0.021506860746356073,0.02420327677367343,0.028800827593959664
1.904999999999901,0.03227271880249335,0.02150686043093219,0.02423439426073774,0.028850263901155818
1.9059999999999009,0.03234247457680014,0.02150686013527567,0.024265636199416695,0.028900035273238006
1.9069999999999008,0.0324112737657819,0.021506859859710077,0.024297004015219982,0.028950143981178393
1.9079999999999007,0.032479113719325985,0.021506859604559912,0.02432849913940083,0.029000592311341146
1.9089999999999006,0.032545991983733216,0.021506859370149845,0.0243601230090213,0.02905138256558672
1.9099999999999004,0.032611906303448644,0.021506859156803997,0.024391877067017852,0.029102517061376933
1.9109999999999003,0.03267685462279104,0.02150685896484533,0.024423762762267206,0.029153998131880667
1.9119999999999002,0.032740835087681865,0.021506858794594484,0.024455781549652427,0.029205828126080354
1.9129999999999001,0.03280384604737351,0.02150685864636938,0.024487934890129324,0.02925800940887914
1.9139999999999,0.032865886056178004,0.02150685852048398,0.024520224250793105,0.029310544361208793
1.9149999999999,0.032926953875195654,0.021506858417247414,0.024552651104945315,0.029363435380138345
1.9159999999998998,0.0329870484740445,0.021506858336963183,0.024585216932161064,0.029416684878983464
1.9169999999998997,0.033046169032590805,0.02150685827992773,0.02461792321835654,0.029470295287416577
1.9179999999998996,0.03310431494268071,0.021506858246429575,0.0246507714558568,0.0295242690515777
1.9189999999998995,0.03316148580987372,0.021506858236748177,0.024683763143463867,0.0295786086341861
1.9199999999998993,0.03321768145517815,0.021506858251152432,0.02471689978652512,0.02963331651465262
1.9209999999998992,0.033272901916788694,0.02150685828989968,0.024750182897001972,0.029688395189192827
1.9219999999998991,0.033327147451827036,0.02150685835323416,0.02478361399353887,0.02974384717094092
1.922999999999899,0.03338041853808514,0.021506858441385557,0.02481719460153257,0.029799674990064386
1.923999999999899,0.03343271587577191,0.021506858554567656,0.024850926253201764,0.029855881193879445
1.9249999999998988,0.033484040389263565,0.02150685869297654,0.024884810487656967,0.029912468346967293
1.9259999999998987,0.03353439322885794,0.02150685885678916,0.024918848850970753,0.029969439031291102
1.9269999999998986,0.03358377577253297,0.02150685904616146,0.024953042896248303,0.030026795846313833
1.9279999999998985,0.033632189627709794,0.021506859261226686,0.024987394183698265,0.030084541409116868
1.9289999999998984,0.03367963663302086,0.02150685950209338,0.025021904280703947,0.030142678354519385
1.9299999999998982,0.033726118860082956,0.02150685976884348,0.025056574761894834,0.03020120933519861
1.9309999999998981,0.03377163861527602,0.0215068600615304,0.02509140720921843,0.030260137021810844
1.931999999999898,0.033816198441527404,0.02150686038017666,0.025126403212012444,0.030319464103113307
1.932999999999898,0.03385980112010239,0.02150686072477189,0.025161564367077314,0.03037919328608684
1.9339999999998978,0.03390244967240085,0.021506861095270422,0.025196892278749043,0.030439327296059415
1.9349999999998977,0.03394414736176063,0.021506861491589032,0.025232388558972432,0.030499868876830472
1.9359999999998976,0.03398489769526752,0.02150686191360434,0.025268054827374615,0.030560820790796132
1.9369999999998975,0.03402470442557219,0.021506862361150274,0.025303892711338954,0.030622185819075234
1.9379999999998974,0.03406357155271482,0.021506862834015622,0.0253399038460793,0.030683966761636223
1.9389999999998973,0.03410150332595636,0.021506863331941115,0.02537608987471461,0.030746166437424918
1.9399999999998971,0.034138504245618005,0.021506863854616764,0.025412452448343906,0.030808787684493126
1.940999999999897,0.03417457906492813,0.021506864401678802,0.025448993226121628,0.030871833360128158
1.941999999999897,0.034209732791877126,0.021506864972706964,0.025485713875333327,0.030935306340983168
1.9429999999998968,0.03424397069107987,0.021506865567221253,0.025522616071471736,0.03099920952320844
1.9439999999998967,0.034277298285647,0.021506866184678838,0.025559701498313225,0.0310635458225835
1.9449999999998966,0.03430972135906308,0.021506866824471015,0.02559697184799464,0.031128318174650206
1.9459999999998965,0.034341245957074024,0.021506867485919682,0.025634428821090495,0.03119352953484665
1.9469999999998964,0.0343718783895816,0.02150686816827418,0.025672074126690574,0.03125918287864202
1.9479999999998963,0.034401625232546536,0.021506868870707803,0.025709909482477908,0.03132528120167236
1.9489999999998961,0.03443049332989926,0.021506869592314362,0.025747936614807156,0.03139182751987729
1.949999999999896,0.0344584897954584,0.021506870332104563,0.025786157258783374,0.03145882486963757
1.950999999999896,0.03448562201485709,0.021506871089002472,0.025824573158341177,0.03152627630791365
1.9519999999998958,0.034511897647476315,0.021506871861842,0.025863186066324324,0.0315941849123852
1.9529999999998957,0.03453732462838585,0.021506872649362917,0.025901997744565686,0.03166255378159148
1.9539999999998956,0.03456191117029183,0.021506873450207326,0.025941009963967643,0.03173138603507276
1.9549999999998955,0.03458566576549082,0.02150687426291587,0.025980224504582882,0.031800684813512635
1.9559999999998954,0.03460859718783034,0.021506875085923905,0.026019643155695615,0.03187045327888135
1.9569999999998953,0.034630714494674905,0.02150687591755767,0.026059267715903226,0.03194069461458006
1.9579999999998952,0.034652027028877756,0.021506876756030503,0.02609909999319834,0.03201141202558607
1.958999999999895,0.034672544420756984,0.021506877599438895,0.026139141805051305,0.03208260873859911
1.959999999999895,0.03469227659007671,0.021506878445758906,0.026179394978493142,0.03215428800218853
1.9609999999998948,0.03471123374803152,0.021506879292842007,0.026219861350198884,0.03222645308694154
1.9619999999998947,0.034729426399234396,0.021506880138411563,0.026260542766571394,0.032299107285612416
1.9629999999998946,0.03474686534370733,0.021506880980058755,0.026301441083825615,0.0323722539132728
1.9639999999998945,0.03476356167887392,0.021506881815239205,0.02634255816807326,0.032445896307462904
1.9649999999998944,0.03477952680155329,0.02150688264126903,0.02638389589540795,0.03252003782834381
1.9659999999998943,0.0347947724099548,0.021506883455321178,0.02642545615199084,0.0325946818588508
1.9669999999998942,0.03480931050567263,0.02150688425442205,0.026467240834136662,0.03266983180484771
1.967999999999894,0.034823153395679915,0.021506885035447905,0.02650925184840025,0.03274549109528232
1.968999999999894,0.034836313694320956,0.02150688579512144,0.026551491111663546,0.03282166318234281
1.9699999999998938,0.034848804325302046,0.021506886530008658,0.026593960551223057,0.032898351541615314
1.9709999999998937,0.0348606385236787,0.021506887236515466,0.026636662104877782,0.03297555967224245
1.9719999999998936,0.03487182983783981,0.021506887910884735,0.026679597721017655,0.03305329109708303
1.9729999999998935,0.034882392131487354,0.021506888549193443,0.026722769358712418,0.03313154936287274
1.9739999999998934,0.03489233958561112,0.021506889147349894,0.02676617898780103,0.03321033804038604
1.9749999999998933,0.034901686700457894,0.021506889701091145,0.026809828588981545,0.03328966072459905
1.9759999999998932,0.034910448297494394,0.021506890205980456,0.026853720153901472,0.03336952103485359
1.976999999999893,0.03491863952136298,0.02150689065740524,0.026897855685248672,0.03344992261502232
1.977999999999893,0.034926275841830424,0.021506891050575048,0.02694223719684272,0.033530869133675
1.9789999999998928,0.03493337305572801,0.02150689138051973,0.026986866713726798,0.03361236428424591
1.9799999999998927,0.03493994728888355,0.02150689164208783,0.027031746272260095,0.03369441178520233
1.9809999999998926,0.03494601499804395,0.021506891829945484,0.027076877920210716,0.03377701538021424
1.9819999999998925,0.034951592972788485,0.021506891938575252,0.027122263716849126,0.03386017883832512
1.9829999999998924,0.034956698337432174,0.02150689196227526,0.027167905733042105,0.03394390595412393
1.9839999999998923,0.0349613485529189,0.021506891895159107,0.027213806051347246,0.03402820054791825
1.9849999999998922,0.03496556141870378,0.02150689173115534,0.027259966766107962,0.03411306646590857
1.985999999999892,0.03496935507462501,0.021506891464007957,0.027306389983549062,0.03419850758036385
1.986999999999892,0.03497274800276476,0.021506891087276752,0.027353077821872848,0.034284527789798125
1.9879999999998919,0.03497575902929871,0.021506890594338312,0.02740003241135576,0.03437113101914843
1.9889999999998917,0.034978407326334816,0.021506889978387348,0.027447255894445587,0.03445832121995389
1.9899999999998916,0.03498071241374027,0.021506889232438372,0.027494750425859214,0.03454610237053599
1.9909999999998915,0.03498269416095781,0.02150688834932773,0.027542518172680948,0.03463447847618015
1.9919999999998914,0.034984372788810704,0.02150688732171636,0.02759056131446138,0.03472345356931841
1.9929999999998913,0.03498576887129665,0.021506886142092566,0.02763888204331685,0.034813031709713504
1.9939999999998912,0.03498690333737105,0.021506884802775673,0.027687482564029465,0.03490321698464401
1.994999999999891,0.03498779747271938,0.021506883295920074,0.027736365094147692,0.03499401350909092
1.995999999999891,0.03498847292151958,0.021506881613519605,0.02778553186408755,0.035085425425925354
1.9969999999998909,0.034988951688194034,0.021506879747412746,0.02783498511723437,0.03517745690609761
1.9979999999998908,0.03498925613915208,0.021506877689288103,0.027884727110045172,0.035270112148827464
1.9989999999998906,0.034989409004522944,0.021506875430691044,0.027934760112151607,0.0353633953817958
1.9999999999998905,0.03498943337987984,0.02150687296302994,0.027985086406463515,0.03545731086133747
2.0009999999998906,0.03498935272795554,0.021506870277584293,0.028035708289273105,0.03555186287263553
2.0019999999998905,0.0349891908803496,0.02150686736551252,0.028086628070359724,0.03564705572991677
2.0029999999998904,0.034988972039228114,0.021506864217861035,0.028137848073095238,0.035742893776648535
2.0039999999998903,0.034988720779016255,0.02150686082557385,0.028189370634550053,0.03583938138573694
2.00499999999989,0.034988462048083736,0.02150685717950298,0.028241198105599746,0.03593652295972636
2.00599999999989,0.03498814192792638,0.021506853014175598,0.0282930255852886,0.03594303889440176
2.00699999999989,0.03498782941747717,0.02150686137226026,0.0283445481726613,0.035949598992183855
2.00799999999989,0.03498752433961124,0.021506907472640436,0.028395768218594596,0.035956203552397314
2.0089999999998898,0.03498722652139279,0.02150701614319051,0.028446688060160874,0.03596285287639555
2.0099999999998897,0.03498693579396564,0.021507211822892204,0.028497310020734756,0.03596954726757444
2.0109999999998895,0.03498665199244754,0.021507518563969045,0.028547636410099136,0.035976287031386216
2.0119999999998894,0.03498637495582718,0.02150796003403751,0.02859766952455056,0.03598307247535336
2.0129999999998893,0.03498610452686464,0.0215085595182724,0.028647411647003997,0.03598990390908265
2.013999999999889,0.034985840551994454,0.021509339921584415,0.02869686504709701,0.0359967816442793
2.014999999999889,0.034985582881232186,0.02151032377080886,0.028746031981293323,0.036003705994761166
2.015999999999889,0.034985331368082996,0.021511533216903123,0.028794914692985764,0.03601067727647306
2.016999999999889,0.03498508586945358,0.021512990037152107,0.028843515412598636,0.03601769580750119
2.0179999999998888,0.03498484624556634,0.021514715637379056,0.028891836357689486,0.03602476190808766
2.0189999999998887,0.034984612359876176,0.021516731054161933,0.028939879733050285,0.03603187590064508
2.0199999999998886,0.03498438407898967,0.021519056957052616,0.028987647730808027,0.03603903810977125
2.0209999999998884,0.0349841612725867,0.021521713650798566,0.02903514253052476,0.036046248862264055
2.0219999999998883,0.034983943813344354,0.021524721077565857,0.029082366299297023,0.03605350848713627
2.022999999999888,0.034983731576862805,0.021528098819162254,0.029129321191854744,0.03606081731563064
2.023999999999888,0.03498352444159352,0.02153186609925954,0.029176009350659535,0.036068175681235
2.024999999999888,0.034983322288769464,0.021536041785614322,0.02922243290600246,0.036075583919697424
2.025999999999888,0.034983125002337336,0.021540644392286673,0.029268593976101244,0.03608304236904163
2.026999999999888,0.03498293246889151,0.021545692081855455,0.029314494667196905,0.03609055136958235
2.0279999999998877,0.03498274457760998,0.021551202667630436,0.029360137073649872,0.036098111263940844
2.0289999999998876,0.0349825612201922,0.021557193615859848,0.02940552327803554,0.03610572239706059
2.0299999999998875,0.03498238229079843,0.02156368204793363,0.02945065535123929,0.03611338511622299
2.0309999999998873,0.03498220768599084,0.021570684742581402,0.02949553535255099,0.036121099771063196
2.0319999999998872,0.034982037304676195,0.021578218138065364,0.02954016532975896,0.036128866713586116
2.032999999999887,0.03498187104805019,0.021586298334367038,0.02958454731924338,0.03613668629818241
2.033999999999887,0.034981708819543315,0.021594941095368643,0.029628683346069246,0.03614455888164473
2.034999999999887,0.034981550524767924,0.0216041618510277,0.029672575424078737,0.036152484823183936
2.035999999999887,0.03498139607146702,0.02161397569954612,0.02971622555598312,0.036160464484445536
2.0369999999998867,0.03498124536946434,0.021624397409532224,0.029759635733454127,0.03616849822952615
2.0379999999998866,0.03498109833061559,0.021635441422156856,0.029802807937214834,0.036176586424990144
2.0389999999998865,0.0349809548687612,0.021647121853302757,0.029845744137130023,0.036184729439886355
2.0399999999998863,0.03498081489968022,0.021659452495707682,0.02988844629229608,0.03619292764576492
2.0409999999998862,0.034980678341045346,0.021672446821101147,0.029930916351130377,0.03620118141669424
2.041999999999886,0.03498054511237934,0.021686117982334663,0.029973156251460173,0.03620949112927803
2.042999999999886,0.034980415135012356,0.02170047881550598,0.030015167920611045,0.036217857162672534
2.043999999999886,0.03498028833204047,0.021715541842077395,0.030056953275494812,0.0362262798986038
2.044999999999886,0.0349801646282854,0.02173131927098772,0.030098514222697006,0.03623475972138509
2.0459999999998857,0.034980043950255044,0.021747823000758844,0.030139852658563872,0.036243297017934446
2.0469999999998856,0.034979926226105046,0.021765064621596556,0.030180970469288887,0.036251892177792316
2.0479999999998855,0.034979811385601675,0.02178305541748595,0.030221869530998834,0.03626054559313936
2.0489999999998854,0.03497969936008527,0.021801806368281825,0.030262551709839384,0.036269257658814294
2.0499999999998852,0.034979590082434724,0.021821328151793867,0.030303018862060268,0.03627802877233196
2.050999999999885,0.03497948348703298,0.021841631145867207,0.030343272834099964,0.036286859333901425
2.051999999999885,0.0349793795097334,0.021862725430458158,0.030383315462669952,0.03629574974644427
2.052999999999885,0.03497927808782677,0.021884620789706013,0.030423148574838507,0.036304700415612956
2.053999999999885,0.034979179160009304,0.021907326714000332,0.030462773988114075,0.036313711749809324
2.0549999999998847,0.03497908266635164,0.02193085240204449,0.030502193510528203,0.036322784160203264
2.0559999999998846,0.03497898854826819,0.02195520676291527,0.030541408940718037,0.03633191806075145
2.0569999999998845,0.03497889674848752,0.021980398418119242,0.030580422068008373,0.03634111386821623
2.0579999999998844,0.03497880721102355,0.022006435703645452,0.030619234672493327,0.03635037200218464
2.0589999999998843,0.03497871988114731,0.022033326672015303,0.030657848525117538,0.036359692885087565
2.059999999999884,0.0349786347053594,0.02206107909432893,0.03069626538775698,0.036369076942219004
2.060999999999884,0.03497855163136323,0.022089700462309275,0.030734487013299356,0.036378524601755474
2.061999999999884,0.03497847060803888,0.022119197990343148,0.03077251514572407,0.036388036294775536
2.062999999999884,0.034978391585417615,0.0221495786175196,0.030810351520181804,0.03639761245527948
2.0639999999998837,0.03497831451465705,0.022180849009666374,0.030847997863073705,0.03640725352020914
2.0649999999998836,0.03497823934801679,0.022213015561383404,0.030885455892130133,0.0364169599294678
2.0659999999998835,0.034978166038835,0.02224608439807434,0.030922727316489047,0.03642673212594028
2.0669999999998834,0.03497809454150503,0.022280061377976088,0.030959813836774,0.03643657055551315
2.0679999999998833,0.0349780248114532,0.022314952094185915,0.030996717145171725,0.03644647566709506
2.068999999999883,0.034977956805116624,0.0223507618766868,0.031033438925509346,0.03645644791263724
2.069999999999883,0.034977890479921885,0.0223874957943705,0.031069980853331215,0.03646648774715412
2.070999999999883,0.03497782579426405,0.022425158657058783,0.03110634459597535,0.03647659562874407
2.071999999999883,0.034977762707486315,0.02246375501752281,0.03114253181264953,0.03648677201861033
2.0729999999998827,0.03497770117986005,0.02250328917350035,0.031178544154506983,0.03649701738108203
2.0739999999998826,0.03497764117256532,0.022543765169710964,0.03121438326472175,0.03650733218363539
2.0749999999998825,0.03497758264767196,0.02258518679986946,0.03125005077856363,0.03651771689691506
2.0759999999998824,0.03497752556812079,0.02262755760869704,0.03128554832347282,0.03652817199475557
2.0769999999998823,0.03497746989770588,0.0226708808939304,0.03132087751913415,0.03653869795420296
2.077999999999882,0.03497741560105649,0.022715159708328856,0.03135603997755101,0.03654929525553657
2.078999999999882,0.0349773626436199,0.02276039686167898,0.03139103730311887,0.036559964382290894
2.079999999999882,0.03497731099164457,0.02280659492279713,0.031425871092698524,0.03657070582127773
2.080999999999882,0.03497726061216359,0.02285375622152953,0.03146054293568893,0.036581520062608314
2.0819999999998817,0.03497721147297839,0.022901882850749948,0.03149505441409972,0.0365924075997157
2.0829999999998816,0.034977163542643096,0.022950976668354668,0.03152940710262342,0.036603368929377336
2.0839999999998815,0.03497711679044904,0.023001039299254882,0.03156360256870726,0.03661440455173764
2.0849999999998814,0.034977071186409636,0.02305207213736634,0.03159764237262472,0.036625514970330876
2.0859999999998813,0.034977026701245646,0.02310407634759595,0.0316315280675467,0.03663670069210412
2.086999999999881,0.03497698330637057,0.023157052867825507,0.03166526119961244,0.036647962227440385
2.087999999999881,0.03497694097387671,0.023211002410892113,0.031698843307999984,0.03665930009018191
2.088999999999881,0.03497689967652108,0.023265925466565487,0.03173227592499648,0.03667071479765361
2.089999999999881,0.03497685938771204,0.0233218223035218,0.03176556057606807,0.036682206870686684
2.0909999999998807,0.03497682008149582,0.023378692971313928,0.031798698779929496,0.036693776833642354
2.0919999999998806,0.03497678173254364,0.023436537302337957,0.03183169204861337,0.036705425214435816
2.0929999999998805,0.03497674431613876,0.023495354913796195,0.03186454188753923,0.03671715254456033
2.0939999999998804,0.03497670780816425,0.023555145209655987,0.03189724979558217,0.036728959359111475
2.0949999999998803,0.0349766721850905,0.023615907382604467,0.03192981726514124,0.03674084619681152
2.09599999999988,0.034976637423963154,0.023677640415999127,0.03196224578220756,0.036752813600034046
2.09699999999988,0.03497660350239164,0.02374034308581416,0.03199453682643213,0.036764862114828704
2.09799999999988,0.0349765703985373,0.02380401396258216,0.0320266918711933,0.03677699229094609
2.09899999999988,0.03497653809110212,0.023868651413331596,0.032058712383664055,0.036789204681862864
2.0999999999998797,0.03497650655931764,0.02393425360351891,0.032090599824878906,0.036801499844806976
2.1009999999998796,0.034976475782933995,0.024000818498956557,0.03212235564980059,0.036813878340783104
2.1019999999998795,0.034976445742209296,0.024068343867735466,0.03215398130738643,0.03682634073459826
2.1029999999998794,0.03497641641789881,0.024136827282143006,0.03218547824065448,0.036838887594887564
2.1039999999998793,0.03497638779124497,0.024206266120575113,0.032216847886749354,0.03685151949414015
2.104999999999879,0.03497635984396699,0.02427665756944398,0.03224809167700778,0.03686423700872535
2.105999999999879,0.03497633255825089,0.024347998625079543,0.03227921103702395,0.03687704071891893
2.106999999999879,0.03497630591673983,0.024420286095626378,0.03231020738671451,0.03688993120892962
2.107999999999879,0.034976279902524346,0.02449351660293438,0.0323410821403834,0.036902909066925726
2.1089999999998787,0.034976254499132914,0.024567686584444227,0.032371836706786374,0.036915974885062
2.1099999999998786,0.0349762296905227,0.02464279229506709,0.032402472489195255,0.03692912925950665
2.1109999999998785,0.034976205461070276,0.02471882980905878,0.03243299088546199,0.036942372790468525
2.1119999999998784,0.03497618179556279,0.024795795021887886,0.03246339328808242,0.03695570608222452
2.1129999999998783,0.03497615867918895,0.024873683652098418,0.03249368108425982,0.036969129743147144
2.113999999999878,0.03497613609753051,0.02495249124316652,0.03252385565596818,0.03698264438573228
2.114999999999878,0.034976114036553575,0.025032213165351307,0.0325539183800153,0.036996250626627133
2.115999999999878,0.03497609248260025,0.025112844617540035,0.03258387062810556,0.03700994908665834
2.116999999999878,0.034976071422380295,0.02519438062908742,0.03261371376690256,0.03702374039086036
2.1179999999998778,0.03497605084296307,0.025276816061648995,0.03264344915809143,0.03703762516850392
2.1189999999998776,0.03497603073176955,0.025360145611009178,0.03267307815844099,0.03705160405312476
2.1199999999998775,0.03497601107656432,0.025444363808903043,0.03270260211986566,0.03706567768255258
2.1209999999998774,0.03497599186544793,0.025529465024832998,0.03273202238948712,0.03707984669894006
2.1219999999998773,0.034975973086849244,0.025615443467879563,0.032761340309695804,0.03709411174879221
2.122999999999877,0.03497595472951801,0.025702293188506864,0.032790557218212134,0.03710847348299588
2.123999999999877,0.03497593678251728,0.025790008080362664,0.03281967444814756,0.03712293255684945
2.124999999999877,0.034975919235216445,0.025878581882073322,0.0328486933280654,0.03713748963009269
2.125999999999877,0.034975902077283835,0.025968008179033362,0.03287761518204143,0.0371521453669369
2.1269999999998768,0.034975885298679864,0.026058280405190384,0.03290644132972434,0.03716690043609524
2.1279999999998767,0.03497586888964998,0.026149391844825048,0.03293517308639591,0.03718175551081318
2.1289999999998765,0.03497585284071804,0.026241335634326606,0.03296381176303105,0.03719671126889927
2.1299999999998764,0.03497583714267955,0.02633410476396362,0.0329923586663576,0.03721176839275604
2.1309999999998763,0.03497582178659504,0.02642769207965125,0.03302081509891597,0.037226927569411164
2.131999999999876,0.03497580676378362,0.026522090284713803,0.033049182359118544,0.037242189490548756
2.132999999999876,0.0349757920658167,0.026617291941644076,0.033077461741308954,0.03725755485254098
2.133999999999876,0.03497577768451172,0.026713289473859172,0.03310565453582113,0.03727302435647982
2.134999999999876,0.0349757636119259,0.026810075167453023,0.033133762029038165,0.037288598708209046
2.1359999999998758,0.03497574984035031,0.026907641172946174,0.03316178550345102,0.037304278618356425
2.1369999999998757,0.03497573636230396,0.027005979507033026,0.03318972623771705,0.03732006480236616
2.1379999999998756,0.03497572317052787,0.027105082054326844,0.03321758550671832,0.037335957980531534
2.1389999999998754,0.03497571025797937,0.02720494056910272,0.0332453645816198,0.03735195887802776
2.1399999999998753,0.03497569761782657,0.02730554667703927,0.03327306472992735,0.03736806822494506
2.1409999999998752,0.03497568524344268,0.027406891876959088,0.03330068721554557,0.03738428675632202
2.141999999999875,0.034975673128400685,0.027508967542568204,0.033328233298835455,0.0374006152121791
2.142999999999875,0.034975661266468,0.027611764924195505,0.03335570423667192,0.0374170543375524
2.143999999999875,0.03497564965160114,0.027715275150531776,0.03338310128250111,0.037433604882527644
2.144999999999875,0.034975638277940764,0.027819489230369348,0.033410425686397655,0.03745026760227445
2.1459999999998747,0.034975627139806544,0.0279243980543427,0.03343767869512164,0.03746704325708071
2.1469999999998746,0.034975616231692125,0.028029992396670055,0.03346486155217554,0.037483932612387354
2.1479999999998745,0.03497560554826054,0.02813626291689674,0.033491975497860954,0.03750093643882327
2.1489999999998743,0.03497559508433914,0.028243200161640787,0.03351902176933517,0.037518055512240384
2.1499999999998742,0.034975584834915224,0.028350794566340928,0.03354600160066764,0.03753529061374919
2.150999999999874,0.03497557479513125,0.028459036457007557,0.033572916222896286,0.037552642529754265
2.151999999999874,0.0349755649602806,0.028567916051977425,0.03359976686408365,0.037570112051990234
2.152999999999874,0.034975555325803015,0.028677423463671647,0.03362655474937295,0.03758769997755786
2.153999999999874,0.03497554588728042,0.028787548700358552,0.033653281101043965,0.03760540710896043
2.1549999999998737,0.034975536640432715,0.02889828166792097,0.03367994713856883,0.03762323425414036
2.1559999999998736,0.034975527581113684,0.02900961217162875,0.03370655407866765,0.037641182226516065
2.1569999999998735,0.03497551870530703,0.029121529917916614,0.033733103135364026,0.03765925184501908
2.1579999999998734,0.034975510009122385,0.029234024516168446,0.03375959552004045,0.037677443934131395
2.1589999999998732,0.03497550148879161,0.02934708548050733,0.033786032441493585,0.03769575932392313
2.159999999999873,0.03497549314066507,0.02946070223159279,0.03381241510598941,0.03771419885009035
2.160999999999873,0.034975484961207906,0.029574864098424816,0.03383874471731827,0.03773276335399326
2.161999999999873,0.03497547694699663,0.02968956032015537,0.03386502247684978,0.03775145368269452
2.162999999999873,0.03497546909471552,0.02980478004790761,0.03389124958358768,0.03777027068899797
2.1639999999998727,0.03497546140115362,0.029920512346603263,0.033917427234224494,0.037789215231487476
2.1649999999998726,0.03497545386320096,0.030036746196797897,0.03394355662319617,0.037808288174566135
2.1659999999998725,0.03497544647784598,0.030153470496525222,0.03396963894273658,0.037827490388495755
2.1669999999998724,0.034975439242172085,0.03027067406314969,0.03399567538293189,0.03784682274943647
2.1679999999998723,0.03497543215335471,0.030388345635228388,0.034021667131774895,0.037866286139486824
2.168999999999872,0.034975425208658636,0.030506473874381462,0.0340476153752192,0.03788588144672394
2.169999999999872,0.03497541840543507,0.03062504736717254,0.034073521297233345,0.03790560956524406
2.170999999999872,0.034975411741119046,0.03074405462699747,0.03409938607985482,0.03792547139520337
2.171999999999872,0.03497540521322679,0.03086348409598319,0.03412521090324402,0.03794546784285906
2.1729999999998717,0.03497539881935316,0.03098332414689521,0.03415099694573805,0.03796559982061063
2.1739999999998716,0.03497539255716953,0.031103563085055203,0.03417674538390455,0.0379858682470416
2.1749999999998715,0.03497538642442117,0.031224189150266635,0.03420245739259531,0.03800627404696135
2.1759999999998714,0.034975380418925346,0.031345190518750704,0.03422813414499994,0.038026818151447365
2.1769999999998713,0.03497537453856904,0.03146655530509026,0.034253776812699366,0.038047501497887694
2.177999999999871,0.03497536878130713,0.03158827156418283,0.03427938656571929,0.03806832503002375
2.178999999999871,0.03497536314516034,0.03171032729320195,0.034304964572583585,0.0380892896979933
2.179999999999871,0.03497535762821373,0.03183271043356679,0.03433051200036761,0.03811039645837393
2.180999999999871,0.03497535222861466,0.03195540887291917,0.034356030014751446,0.038131646274226584
2.1819999999998707,0.03497534694457171,0.03207841044710842,0.034381519780073116,0.038153040115139585
2.1829999999998706,0.0349753417743528,0.03220170294218283,0.03440698245938168,0.03817457895727282
2.1839999999998705,0.034975336716284125,0.03232527409638746,0.03443241921449032,0.03819626378340231
2.1849999999998704,0.034975331768748896,0.03244911160216809,0.03445783120602935,0.038218095582965045
2.1859999999998703,0.03497532693018618,0.03257320310818006,0.03448321959349915,0.038240075352104136
2.18699999999987,0.03497532219909,0.03269753622130197,0.03450858553532311,0.03826220409371425
2.18799999999987,0.03497531757400844,0.03282209850865314,0.034533930188900476,0.038284482817487406
2.18899999999987,0.034975313053543,0.03294687749961412,0.03455925471065913,0.03830691253995899
2.18999999999987,0.03497530863634779,0.033071860687849626,0.034584560256108406,0.0383294942845542
2.1909999999998697,0.03497530432112936,0.03319703553333272,0.03460984797989175,0.03835222908163468
2.1919999999998696,0.03497530010664607,0.033322389464369585,0.03463511903583946,0.038375117968545584
2.1929999999998695,0.03497529599170806,0.03344790987962409,0.03466037457702131,0.03839816198966288
2.1939999999998694,0.03497529197517717,0.033573584150140376,0.034685615755799176,0.03842136219644103
2.1949999999998693,0.03497528805596698,0.033699399621363216,0.03471084372387958,0.038444719647460934
2.195999999999869,0.03497528423304307,0.03382534361515461,0.034736059632366284,0.038468235408478234
2.196999999999869,0.034975280505423305,0.0339514034318057,0.0347612646318128,0.03849191055247198
2.197999999999869,0.034975276872178544,0.03407756635204218,0.034786459872274855,0.03851574615969355
2.198999999999869,0.03497527333243316,0.034203819639022734,0.03481164650336292,0.03853974331771593
2.1999999999998687,0.03497526988536593,0.03433015054032862,0.03483682567429462,0.038563903121483396
2.2009999999998686,0.034975266530211095,0.03445654628994325,0.0348619985339472,0.038588226673361405
2.2019999999998685,0.034975263266259535,0.034582994110220165,0.03488716623090991,0.038612715083186956
2.2029999999998684,0.034975260092859964,0.03470948121383827,0.03491232991353647,0.03863736946831916
2.2039999999998683,0.03497525700942064,0.03483599480574209,0.0349374907299974,0.0386621909536903
2.204999999999868,0.03497525401541111,0.034962522085066686,0.034962649828332464,0.038687180671857106
2.205999999999868,0.03497525111036386,0.035089050247044166,0.03498780835650303,0.03871233976305245
2.206999999999868,0.03497524829296614,0.035215566566077085,0.03501296746244444,0.038737669375237364
2.207999999999868,0.034975245560136224,0.035342058480535794,0.03503812829411841,0.03876317066415344
2.2089999999998677,0.03497524290799841,0.035468513508302955,0.03506329199956539,0.03878884479337554
2.2099999999998676,0.034975240332834126,0.03559491916390983,0.035088459726956955,0.03881469293436489
2.2109999999998675,0.03497523783107686,0.03572126296041643,0.0351136326246482,0.03884071626652255
2.2119999999998674,0.03497523539930758,0.03584753241130106,0.03513881184123012,0.03886691597724322
2.2129999999998673,0.03497523303425034,0.0359737150323599,0.035163998525582045,0.03889329326196941
2.213999999999867,0.034975230732767544,0.03609979834361797,0.03518919382692403,0.03891984932424598
2.214999999999867,0.034975228491855484,0.03622576987125064,0.035214398894869305,0.03894658537577508
2.215999999999867,0.03497522630863991,0.0363516171495169,0.03523961487947675,0.03897350263647142
2.216999999999867,0.034975224180371925,0.03647732772270456,0.03526484293130334,0.03900060233451794
2.2179999999998667,0.03497522210442337,0.036602889147087606,0.03529008420145664,0.03902788570642185
2.2189999999998666,0.03497522007828299,0.036728288992895375,0.03531533984164737,0.039055353997071024
2.2199999999998665,0.03497521809955216,0.036853514846294844,0.035340611004241906,0.03908300845979085
2.2209999999998664,0.03497521616594092,0.03697855431138485,0.035365898842314884,0.039110850356401355
2.2219999999998663,0.03497521427526399,0.0371033950122029,0.035391204509701825,0.03913888095727487
2.222999999999866,0.03497521242543715,0.03722802459474448,0.03541652916105175,0.03916710154139389
2.223999999999866,0.03497521061447319,0.03735243072899458,0.03544187395187989,0.03919551339640951
2.224999999999866,0.03497520884047852,0.037476601110971446,0.0354672400386204,0.03922411781870012
2.225999999999866,0.034975207101649516,0.037600523464782286,0.03549262857867914,0.03925291611343061
2.2269999999998658,0.034975205396269,0.037724185544690585,0.035518040730486436,0.03928190959461189
2.2279999999998656,0.03497520372270299,0.03784757513719477,0.03554347765355001,0.03931109958516086
2.2289999999998655,0.034975202079397395,0.03797068006311822,0.035568940508507826,0.039340487416960744
2.2299999999998654,0.03497520046487476,0.03809348817970934,0.03559443045718109,0.0393700744309219
2.2309999999998653,0.034975198877731234,0.0382159873827525,0.035619948662627215,0.03939986197704298
2.231999999999865,0.034975197316633705,0.038338165608688364,0.035645496289192946,0.03942985141447254
2.232999999999865,0.03497519578031668,0.03846001083674338,0.03567107450256745,0.03946004411157106
2.233999999999865,0.034975194267579696,0.03858151109106863,0.03569668446983549,0.03949044144597332
2.234999999999865,0.034975192777284475,0.038702654442885835,0.035722327359530716,0.03952104480465136
2.2359999999998648,0.034975191308352485,0.03882342901264187,0.03574800434168897,0.03955185558397769
2.2369999999998647,0.03497518985976218,0.038943822972169924,0.03577371658790165,0.03958287518978902
2.2379999999998645,0.03497518843054691,0.03906382454685664,0.0357994652713692,0.039614105037450435
2.2389999999998644,0.034975187019792214,0.039183422017815606,0.03582525156695463,0.03964554655191993
2.2399999999998643,0.034975185626633924,0.03930260372406534,0.0358510766512371,0.03967720116781346
2.240999999999864,0.03497518425025565,0.03942135806471195,0.03587694170256563,0.03970907032947038
2.241999999999864,0.034975182889887206,0.03953967350113517,0.03590284790111288,0.03974115549101937
2.242999999999864,0.03497518154480211,0.039657538559177766,0.03592879642892895,0.039773458116444754
2.243999999999864,0.03497518021431582,0.03977494183133679,0.03595478846999535,0.03980597967965333
2.2449999999998638,0.03497517889778416,0.03989187197895658,0.035980825210279024,0.039838721664541596
2.2459999999998637,0.03497517759460135,0.04000831773442265,0.036006907837786456,0.03987168556506348
2.2469999999998636,0.03497517630419838,0.04012426790335582,0.03603303754261788,0.03990487288529848
2.2479999999998634,0.03497517502604131,0.040239711366805604,0.036059215517021556,0.03993828513952032
2.2489999999998633,0.03497517375962996,0.040354637083442606,0.03608544295544822,0.039971923852266035
2.249999999999863,0.03497517250449625,0.04046903409174889,0.036111721054605535,0.040005790558405495
2.250999999999863,0.03497517126020296,0.040582891512205906,0.03613805101351272,0.0400398868032115
2.251999999999863,0.03497517002634228,0.040696198549479284,0.03616443403355528,0.04007421414243026
2.252999999999863,0.03497516880253464,0.040808944494599715,0.03619087131853975,0.040108774142352366
2.253999999999863,0.034975167588427496,0.04092111872713943,0.03621736407474871,0.040143568379884274
2.2549999999998627,0.03497516638369409,0.041032710717383736,0.03624391351099577,0.04017859844262025
2.2559999999998626,0.034975165188032536,0.04114371002849697,0.03627052083868074,0.04021386592891483
2.2569999999998624,0.03497516400116466,0.04125410631868239,0.03629718727184492,0.040249372447955706
2.2579999999998623,0.03497516282283499,0.04136388934333537,0.03632391402722646,0.04028511961983718
2.2589999999998622,0.034975161652810005,0.041473048957189534,0.03635070232431591,0.04032110907563411
2.259999999999862,0.03497516049087708,0.0415815751164553,0.03637755338541184,0.040357342457476256
2.260999999999862,0.03497515933684369,0.041689457880950534,0.03640446843567662,0.040393821418623285
2.261999999999862,0.03497515819053662,0.04179668741622251,0.03643144870319234,0.04043054762354018
2.262999999999862,0.03497515705180127,0.041903253995661506,0.03645849541901682,0.04046752274797318
2.2639999999998617,0.03497515592050095,0.0420091480026049,0.03648560981723978,0.04050474847902622
2.2649999999998616,0.034975154796515986,0.04211435993243209,0.036512793135039155,0.040542226515237964
2.2659999999998615,0.034975153679743486,0.04221888039464948,0.03654004661273757,0.04057995856665926
2.2669999999998613,0.03497515257009625,0.042322700114965826,0.03656737149385889,0.040617946354931184
2.2679999999998612,0.03497515146750265,0.04242580993735698,0.036594769025185,0.0406561916133636
2.268999999999861,0.034975150371905746,0.04252820082612041,0.03662224045681266,0.04069469608701424
2.269999999999861,0.03497514928326287,0.04262986386791951,0.03664978704221056,0.04073346153276832
2.270999999999861,0.03497514820154533,0.04273079027381681,0.036677410038276514,0.04077248971941873
2.271999999999861,0.03497514712673761,0.042830971381296476,0.03670511070539481,0.0408117824277467
2.2729999999998607,0.03497514605883719,0.04293039865627634,0.03673289030749372,0.04085134145060308
2.2739999999998606,0.03497514499785396,0.04302906369510863,0.03676075011210317,0.04089116859299017
2.2749999999998605,0.03497514394380992,0.043126958226569964,0.036788691390412555,0.040931265672144015
2.2759999999998604,0.03497514289673877,0.04322407411384062,0.03681671541732877,0.040971634517617365
2.2769999999998602,0.034975141856685495,0.043320403356472734,0.03684482347153437,0.04101227697136316
2.27799999999986,0.03497514082370601,0.043415938092347846,0.036873016835545926,0.041053194887818535
2.27899999999986,0.03497513979786698,0.0435106705996238,0.03690129679577251,0.041094390133989495
2.27999999999986,0.03497513877924514,0.04360459329867088,0.036929664642574425,0.04113586458953603
2.28099999999986,0.034975137767927406,0.04369769875399775,0.036958121670322065,0.04117762014685794
2.2819999999998597,0.034975136764010206,0.043789979676166955,0.03698666917745499,0.04121965871118116
2.2829999999998596,0.03497513576759939,0.04388142892370017,0.03701530846654114,0.04126198220064469
2.2839999999998595,0.034975134778809744,0.04397203950497392,0.037044040844336316,0.041304592546388096
2.2849999999998594,0.03497513379776495,0.04406180458010507,0.03707286762184375,0.041347491692639675
2.2859999999998593,0.0349751328245971,0.044150717462827116,0.03710179011437398,0.04139068159680512
2.286999999999859,0.034975131859446354,0.044238771622357245,0.03713080964160481,0.041434164229556855
2.287999999999859,0.034975130902460905,0.04432596068525414,0.03715992752764157,0.04147794157492394
2.288999999999859,0.03497512995379636,0.044412278437267236,0.037189145101077514,0.041522015630382623
2.289999999999859,0.03497512901361574,0.04449771882517719,0.037218463695054424,0.04156638840694745
2.2909999999998587,0.034975128082088996,0.0445822759586287,0.03724788464732346,0.04161106192926303
2.2919999999998586,0.034975127159392765,0.044665944111954826,0.03727740930030621,0.041656038235696455
2.2929999999998585,0.034975126245709996,0.044748717725994015,0.03730703900115591,0.041701319378430225
2.2939999999998584,0.034975125341229735,0.044830591409899825,0.03733677510181894,0.04174690742355599
2.2949999999998583,0.034975124446146734,0.044911559942943366,0.03736661895909649,0.04179280445116873
2.295999999999858,0.03497512356066102,0.04499161827630965,0.03739657193470648,0.04183901255546172
2.296999999999858,0.03497512268497774,0.045070761534886906,0.0374266353953457,0.041885533844822055
2.297999999999858,0.03497512181930658,0.045148985019050486,0.03745681071275214,0.041932370441926874
2.298999999999858,0.03497512096386151,0.04522628420644058,0.03748709926376762,0.041979524483840194
2.2999999999998577,0.034975120118860246,0.045302654753734975,0.037517502430400584,0.04202699812211044
2.3009999999998576,0.03497511928452403,0.04537809249841659,0.03754802159988916,0.042074793522868595
2.3019999999998575,0.034975118461076884,0.045452593460536324,0.03757865816476447,0.04212291286692705
2.3029999999998574,0.03497511764874546,0.04552615384447167,0.03760941352291416,0.04217135834987911
2.3039999999998573,0.03497511684775833,0.045598770040681295,0.03764028907764619,0.04222013218219918
2.304999999999857,0.03497511605834549,0.04567043862745575,0.03767128623775285,0.04226923658934358
2.305999999999857,0.03497511528073788,0.045741156372665306,0.037702406417575066,0.04231867381185217
2.306999999999857,0.034975114515166696,0.04581092023550432,0.0377336510370669,0.04236844610545052
2.307999999999857,0.03497511376186288,0.04587972736823321,0.037765021521860356,0.04241855574115282
2.3089999999998567,0.03497511302105643,0.04594757511791804,0.03779651930333045,0.042469005005365594
2.3099999999998566,0.03497511229297567,0.04601446102816822,0.037828145818660494,0.04251979619999191
2.3109999999998565,0.03497511157784653,0.04608038284087245,0.03785990251090767,0.0425709316425365
2.3119999999998564,0.03497511087589191,0.046145338497933376,0.037891790829068885,0.04262241366621143
2.3129999999998563,0.03497511018733074,0.04620932614300138,0.037923812228146885,0.042674244620042635
2.313999999999856,0.03497510951237705,0.04627234412320756,0.03795596816921664,0.042726426868977034
2.314999999999856,0.03497510885123933,0.046334390990896514,0.03798826011949202,0.04277896279399049
2.315999999999856,0.034975108204119344,0.046395465505359265,0.03802068955239274,0.04283185479219641
2.316999999999856,0.034975107571211334,0.04645556663456614,0.038053257947611566,0.04288510527695516
2.3179999999998557,0.03497510695270083,0.04651469355690089,0.038085966791181855,0.04293871667798412
2.3189999999998556,0.0349751063487635,0.046572845662895226,0.038118817575545354,0.04299269144146863
2.3199999999998555,0.03497510575956413,0.04663002255696519,0.038151811799620294,0.04304703203017353
2.3209999999998554,0.0349751051852554,0.04668622405914901,0.03818495096886979,0.04310174092355558
2.3219999999998553,0.034975104625976555,0.046741450206846676,0.03821823659537052,0.04315682061787657
2.322999999999855,0.03497510408185202,0.046795701256562405,0.038251670197881726,0.04321227362631721
2.323999999999855,0.034975103552990036,0.04684897768564908,0.03828525330191452,0.04326810247909185
2.324999999999855,0.034975103039481176,0.04690128019405627,0.03831898743980147,0.043324309723563874
2.325999999999855,0.03497510254139692,0.046952609706081005,0.03835287415076654,0.04338089792436194
2.3269999999998547,0.03497510205878786,0.04700296737212237,0.03838691498099531,0.04343786966349706
2.3279999999998546,0.034975101591682135,0.04705235457044016,0.03842111148370551,0.04349522754048031
2.3289999999998545,0.03497510114008365,0.0471007729089173,0.038455465219217916,0.043552974172441514
2.3299999999998544,0.03497510070397023,0.04714822422682715,0.03848997775502754,0.04361111219424865
2.3309999999998543,0.034975100283291774,0.04719471059660548,0.03852465066587515,0.04366964425862804
2.331999999999854,0.03497509987796803,0.04724023432562759,0.0385594855338191,0.043728573036285454
2.332999999999854,0.034975099487887004,0.04728479795799073,0.03859448394830755,0.04378790121602788
2.333999999999854,0.03497509911290232,0.04732840427630216,0.03862964750625098,0.043847631504886284
2.334999999999854,0.03497509875283138,0.047371056303473325,0.03866497781209504,0.04390776662823909
2.3359999999998537,0.03497509840745272,0.0474127573045199,0.03870047647789376,0.04396830932993654
2.3369999999998536,0.03497509807650391,0.047453510788368666,0.03873614512338312,0.04402926237242591
2.3379999999998535,0.034975097759679025,0.04749332050967053,0.03877198537605496,0.04409062853687753
2.3389999999998534,0.03497509745662593,0.04753219047062089,0.0388079988712312,0.044152410623311676
2.3399999999998533,0.03497509716694387,0.0475701249227867,0.03884418725213851,0.044214611450726374
2.340999999999853,0.03497509689018066,0.047607128368941064,0.03888055216998323,0.04427723385722597
2.341999999999853,0.03497509662582987,0.04764320556490493,0.03891709528402676,0.04434028070015067
2.342999999999853,0.03497509637332812,0.04767836152139661,0.038953818261661256,0.0444037548562069
2.343999999999853,0.034975096132051915,0.04771260150588864,0.0389907227784857,0.04446765922159857
2.3449999999998528,0.03497509590131468,0.04774593104447275,0.03902781051838234,0.04453199671215918
2.3459999999998526,0.03497509568036388,0.047778355923732196,0.03906508317359357,0.04459677026348496
2.3469999999998525,0.03497509546837771,0.047809882192622104,0.0391025424447991,0.044661982831068696
2.3479999999998524,0.034975095264461714,0.04784051616435778,0.039140190041193554,0.04472763739043467
2.3489999999998523,0.034975095067645824,0.047870264418310444,0.03917802768056451,0.04479373693727441
2.349999999999852,0.03497509487688071,0.047899133801911034,0.039216057089370815,0.044860284487583356
2.350999999999852,0.034975094691034665,0.04792713143256131,0.0392542800028214,0.044927283077798495
2.351999999999852,0.034975094508889845,0.04795426469955247,0.03929269816495442,0.04499473576493688
2.352999999999852,0.034975094329138985,0.047980541265991265,0.03933131332871688,0.04506264562673515
2.3539999999998518,0.03497509415038177,0.048005969070732936,0.03937012725604457,0.04513101576178995
2.3549999999998517,0.03497509397112123,0.048030556330320884,0.039409141717942506,0.04519984928969929
2.3559999999998515,0.034975093789760166,0.04805431154093307,0.03944835849456569,0.04526914935120495
2.3569999999998514,0.03497509360459751,0.0480772434803346,0.039487779375300354,0.045338919108335686
2.3579999999998513,0.034975093413824716,0.048099361209835864,0.03952740615884561,0.04540916174455159
2.358999999999851,0.03497509321552192,0.04812067407625604,0.039567240653295546,0.04547988046488934
2.359999999999851,0.03497509300765453,0.04814119171389195,0.03960728467622166,0.04555107849610838
2.360999999999851,0.03497509278806942,0.048160924046490895,0.03964754005475587,0.045622759086838216
2.361999999999851,0.03497509255449114,0.048179881289227657,0.039688008625673815,0.0456949255077266
2.3629999999998508,0.034975092304518625,0.04819807395068488,0.039728692235478716,0.04576758105158882
2.3639999999998507,0.034975092035621366,0.048215512834836105,0.03976959274048558,0.045840729033557834
2.3649999999998506,0.034975091745135904,0.04823220904303123,0.03981071200690596,0.04591437279123569
2.3659999999998504,0.034975091430262416,0.04824817397598332,0.03985205191093304,0.04598851568484567
2.3669999999998503,0.03497509108806113,0.048263419335756425,0.039893614338827287,0.04606316109738569
2.3679999999998502,0.03497509071544909,0.04827795712775372,0.039935401187002506,0.04613831243478264
2.36899999999985,0.034975090309196884,0.04829179966270515,0.03997741436211237,0.04621397312604779
2.36999999999985,0.0349750898659254,0.04830495955865383,0.04001965578113742,0.046290146623433254
2.37099999999985,0.03497508938210273,0.04831744974294082,0.040062127371472515,0.046366836402589505
2.37199999999985,0.03497508885404134,0.04832928345418747,0.0401048310710148,0.046444045962723945
2.3729999999998497,0.034975088277895056,0.048340474244274186,0.04014776882825211,0.046521778826760604
2.3739999999998496,0.034975087649656636,0.04835103598031576,0.0401909426023519,0.04660003854150086
2.3749999999998495,0.03497508696515491,0.04836098284663186,0.04023435436325059,0.04667882867778527
2.3759999999998493,0.03497508622005287,0.048370329346712475,0.04027800609174351,0.04675815283065651
2.3769999999998492,0.03497508540984514,0.04837909030517742,0.04032189977957524,0.046838014619523416
2.377999999999849,0.03497508452985614,0.04838728086972953,0.040366037429530495,0.046918417688326115
2.378999999999849,0.03497508357523832,0.04839491651310079,0.040410421055525524,0.046999365705702296
2.379999999999849,0.03497508254097071,0.048402013034990934,0.04045505268269998,0.04708086236515461
2.380999999999849,0.03497508142185744,0.04840858656399789,0.04049993434750934,0.0471629113852192
2.3819999999998487,0.034975080212526974,0.04841465355954004,0.04054506809781783,0.04724551650963535
2.3829999999998486,0.034975078907431116,0.04842023081376913,0.040590455992991825,0.047328681507516325
2.3839999999998485,0.034975077500844616,0.04842533545347429,0.040636100103993864,0.04741241017352134
2.3849999999998484,0.03497507598686514,0.048429984941976006,0.040682002513477124,0.04749670632802871
2.3859999999998482,0.0349750743594131,0.04843419708101081,0.04072816531588043,0.047581573817310145
2.386999999999848,0.03497507261223253,0.04843799001260504,0.040774590617523844,0.04766701651370629
2.387999999999848,0.03497507073889157,0.0484413822209393,0.04082128053670477,0.04775303831580336
2.388999999999848,0.03497506873278388,0.04844439253420167,0.0408682372037946,0.04783964314861107
2.389999999999848,0.03497506658713024,0.04844704012643094,0.04091546276133592,0.047926834963741706
2.3909999999998477,0.03497506429498048,0.04844934451934923,0.04096295936414025,0.048014617739590405
2.3919999999998476,0.034975061849215845,0.048451325584184315,0.041010729179386425,0.04810299548151674
2.3929999999998475,0.03497505924255207,0.04845300354348161,0.04105877438671941,0.04819197222202744
2.3939999999998474,0.03497505646754251,0.048454398972905585,0.041107097178349795,0.04828155202096035
2.3949999999998473,0.03497505351658208,0.04845553280303202,0.041155699759153806,0.04837173896566978
2.395999999999847,0.034975050381911586,0.04845642632112965,0.04120458434677391,0.048462537171212884
2.396999999999847,0.03497504705562251,0.04845710117293295,0.04125375317172,0.048553950780537494
2.397999999999847,0.0349750435296624,0.048457579364405326,0.04130320847747119,0.04864598396467113
2.398999999999847,0.034975039795840976,0.048457883263493866,0.041352952520578135,0.04873864092291133
2.3999999999998467,0.03497503584583671,0.04845803560187547,0.04140298757076604,0.04883192588301722
2.4009999999998466,0.03497503167120387,0.04845805947669476,0.04145331591103821,0.048925843101402494
2.4019999999998465,0.034975027263380504,0.04845797835229498,0.041503939837780196,0.049020396863329534
2.4029999999998464,0.03497502261369701,0.048457816061941,0.04155486166086461,0.04911559148310501
2.4039999999998463,0.034975017713385376,0.048457596809536124,0.041606083703756486,0.04921143130427667
2.404999999999846,0.034975012553589147,0.04845734517133255,0.04165760830361932,0.049307920699831614
2.405999999999846,0.03497500712537426,0.048457086097635965,0.0417094378114217,0.04940506407239573
2.406999999999846,0.03497499806250375,0.04845676524428266,0.04176126732025281,0.049411580021057194
2.407999999999846,0.03497500170613825,0.04845645199920988,0.041812791923201885,0.04941814013292015
2.4089999999998457,0.034975043271450006,0.04845614618561609,0.04186401397123766,0.04942474470730992
2.4099999999998456,0.03497514758263917,0.04845584763086462,0.04191493580152385,0.04943139404558053
2.4109999999998455,0.03497533907503411,0.04845555616637605,0.04196555973752583,0.04943808845112854
2.4119999999998454,0.03497564179721171,0.04845527162752367,0.04201588808911663,0.04944482822940682
2.4129999999998453,0.03497607941313582,0.0484549938535326,0.04206592315268233,0.04945161368793852
2.413999999999845,0.03497667520431145,0.04845472268738101,0.04211566721122683,0.04945844513633108
2.414999999999845,0.03497745207195333,0.04845445797570528,0.04216512253447603,0.04946532288629038
2.415999999999845,0.034978432539166576,0.048454199568707175,0.04221429137898142,0.04947224725163496
2.416999999999845,0.03497963875313764,0.04845394732006394,0.04226317598822297,0.0494792185483103
2.4179999999998447,0.03498109248733451,0.04845370108684144,0.04231177859271157,0.04948623709440329
2.4189999999998446,0.034982815143713875,0.04845346072940917,0.04236010141009078,0.04949330321015673
2.4199999999998445,0.03498482775493445,0.04845322611135821,0.04240814664523799,0.04950041721798391
2.4209999999998444,0.0349871509865749,0.048452997099421295,0.042455916490365064,0.04950757944248335
2.4219999999998443,0.034989805139354783,0.0484527735633954,0.04250341312511833,0.0495147902104536
2.422999999999844,0.03499281015135803,0.048452555376066186,0.042550638716678066,0.049522049850908176
2.423999999999844,0.03499618560025742,0.04845234241313493,0.04259759541985736,0.04952935869509052
2.424999999999844,0.03499995070553917,0.048452134553147494,0.04264428537720044,0.04953671707648918
2.425999999999844,0.03500412433072659,0.048451931677424905,0.04269071071908044,0.04954412533085295
2.4269999999998437,0.03500872498560253,0.04845173366999632,0.04273687356379661,0.049551583796206285
2.4279999999998436,0.03501377082842937,0.04845154041753365,0.04278277601767092,0.04955909281286462
2.4289999999998435,0.035019279668165704,0.04845135180928815,0.042828420175144245,0.04956665272344999
2.4299999999998434,0.03502526896667998,0.04845116773702822,0.04287380811887186,0.04957426387290658
2.4309999999998433,0.03503175584095942,0.048450988094979865,0.042918941919818536,0.049581926608516555
2.431999999999843,0.03503875706531499,0.04845081277976765,0.04296382363735295,0.049589641279915816
2.432999999999843,0.035046289073580816,0.04845064169035826,0.04300845531934174,0.04959740823911001
2.433999999999843,0.03505436796130856,0.04845047472800481,0.043052839002242875,0.04960522784049059
2.434999999999843,0.03506300948795606,0.048450311796193135,0.043096976711198616,0.049613100440850946
2.4359999999998427,0.03507222907907017,0.048450152800589216,0.04314087046012789,0.049621026399402725
2.4369999999998426,0.03508204182846348,0.048449997648988295,0.043184522251818215,0.0496290060777922
2.4379999999998425,0.03509246250038463,0.04844984625126478,0.04322793407801704,0.04963703984011677
2.4389999999998424,0.035103505531682754,0.048449698519324284,0.043271107919522676,0.0496451280529416
2.4399999999998423,0.035115185033965136,0.048449554367056134,0.04331404574627464,0.04965327108531632
2.440999999999842,0.03512751479574849,0.04844941371028759,0.04335674951744353,0.049661469308791846
2.441999999999842,0.03514050828460408,0.04844927646673909,0.043399221181520474,0.0496697230974374
2.442999999999842,0.03515417864929618,0.048449142555980575,0.043441462676405966,0.0496780328278575
2.443999999999842,0.03516853872191439,0.048449011899389154,0.04348347592949834,0.04968639887920921
2.4449999999998417,0.03518360101999973,0.048448884420107585,0.04352526285778168,0.04969482163321938
2.4459999999998416,0.03519937774866445,0.048448760043004094,0.04356682536791332,0.04970330147420211
2.4469999999998415,0.035215880802706,0.04844863869463295,0.04360816535631081,0.04971183878907627
2.4479999999998414,0.035233121768715285,0.0484485203031963,0.04364928470923848,0.049720433967383154
2.4489999999998413,0.03525111192717889,0.04844840479850675,0.04369018530289346,0.049729087401304245
2.449999999999841,0.03526986225457604,0.04844829211195099,0.04373086900349133,0.049737799485679114
2.450999999999841,0.03528938342547029,0.048448182176454385,0.04377133766735126,0.04974657061802345
2.451999999999841,0.03530968581459574,0.04844807492644638,0.0438115931409807,0.049755401198547204
2.452999999999841,0.03533077949893879,0.0484479702978268,0.04385163726115964,0.04976429163017279
2.4539999999998408,0.03535267425981471,0.048447868227932844,0.04389147185502442,0.04977324231855356
2.4549999999998406,0.03537537958493984,0.048447768655507484,0.04393109874015109,0.04978225367209223
2.4559999999998405,0.03539890467049944,0.048447671520667694,0.043970519724638356,0.04979132610195956
2.4569999999998404,0.03542325842321128,0.04844757676487438,0.04400973660719007,0.04980046002211313
2.4579999999998403,0.03544844946238529,0.048447484330902575,0.0440487511771973,0.04980965584931616
2.45899999999984,0.03547448612197953,0.048447394162812386,0.04408756521482,0.04981891400315661
2.45999999999984,0.03550137645265231,0.048447306205920915,0.04412618049106818,0.04982823490606626
2.46099999999984,0.03552912822381091,0.04844722040677463,0.04416459876788279,0.04983761898334002
2.46199999999984,0.03555774892565718,0.04844713671312251,0.04420282179821606,0.04984706666315534
2.4629999999998398,0.03558724577122986,0.04844705507389,0.044240851326111476,0.04985657837659169
2.4639999999998397,0.035617625698443726,0.04844697543915326,0.0442786890867834,0.049866154557650304
2.4649999999998395,0.0356488953721262,0.048446897760114356,0.044316336806696235,0.04987579564327394
2.4659999999998394,0.03568106118605085,0.048446821989077016,0.044353796203643166,0.04988550207336684
2.4669999999998393,0.03571412926496848,0.04844674807942276,0.044391068986824565,0.049895274290814765
2.467999999999839,0.0357481054666355,0.048446675985587884,0.04442815685692599,0.04990511274150525
2.468999999999839,0.035782995383839854,0.04844660566304097,0.04446506150619576,0.04991501787434789
2.469999999999839,0.035818804346424364,0.048446537068260645,0.04450178461852218,0.049924990141294916
2.470999999999839,0.035855537423308055,0.0484464701587143,0.044538327869510376,0.049935029997361706
2.4719999999998388,0.03589319942450467,0.04844640489283697,0.044574692926558745,0.04994513790064763
2.4729999999998387,0.03593179490313936,0.04844634123001099,0.04461088144893504,0.04995531431235691
2.4739999999998386,0.03597132815746254,0.04844627913054597,0.044646895087852065,0.04996555969681968
2.4749999999998384,0.03601180323286192,0.04844621855565912,0.044682735486543036,0.049975874521513156
2.4759999999998383,0.03605322392387202,0.04844615946745659,0.044718404280336556,0.049986259257083
2.476999999999838,0.036095593776181455,0.04844610182891452,0.04475390309673121,0.04999671437736476
2.477999999999838,0.03613891608863751,0.04844604560386088,0.044789233555469855,0.050007240359405514
2.478999999999838,0.03618319391524902,0.04844599075695804,0.0448243972686135,0.0500178376834856
2.479999999999838,0.03622843006718615,0.048445937253685095,0.04485939584061488,0.050028506833140585
2.480999999999838,0.03627462711477791,0.048445885060321124,0.04489423086839165,0.05003924829518328
2.4819999999998377,0.036321787389507226,0.04844583414392855,0.04492890394139927,0.050050062559725994
2.4829999999998376,0.0363699129860032,0.04844578447233699,0.044963416641703495,0.05006095012020284
2.4839999999998374,0.036419005764030676,0.048445736014127445,0.0449977705440526,0.05007191147339232
2.4849999999998373,0.03646906735047713,0.04844568873861672,0.0450319672159492,0.05008294711943993
2.4859999999998372,0.03652009914133626,0.04844564261584245,0.045066008217721804,0.050094057561881025
2.486999999999837,0.036572102303688965,0.04844559761654824,0.04509989510259597,0.05010524330766376
2.487999999999837,0.03662507777768118,0.04844555371216917,0.0451336294167652,0.05011650486717224
2.488999999999837,0.03667902627849816,0.04844551087481762,0.04516721269946151,0.05012784275424982
2.489999999999837,0.03673394829833562,0.04844546907726944,0.04520064648302562,0.05013925748622252
2.4909999999998367,0.036789844108367525,0.04844542829295023,0.04523393229297689,0.05015074958392264
2.4919999999998366,0.036846713760709984,0.04844538849592227,0.04526707164808295,0.05016231957171254
2.4929999999998365,0.03690455709038173,0.04844534966087133,0.045300066060428947,0.05017396797750857
2.4939999999998363,0.03696337371726061,0.04844531176309396,0.04533291703548659,0.05018569533280511
2.4949999999998362,0.03702316304803623,0.04844527477848492,0.045365626072182814,0.05019750217269888
2.495999999999836,0.03708392427815818,0.04844523868352499,0.045398194662968176,0.05020938903591332
2.496999999999836,0.037145656393780674,0.048445203455269086,0.045430624293884954,0.050221356464823175
2.497999999999836,0.03720835817370235,0.048445169071334164,0.04546291644463496,0.050233405005479265
2.498999999999836,0.03727202819130173,0.048445135509887945,0.045495072588647045,0.05024553520763336
2.4999999999998357,0.03733666481646831,0.04844510274963737,0.04552709419314434,0.05025774762476331
2.5009999999998356,0.03740226621752867,0.04844507076981781,0.04555898271921118,0.05027004281409826
2.5019999999998355,0.037468830363168115,0.04844503955018172,0.04559073962185982,0.05028242133664411
2.5029999999998354,0.037536355024347164,0.0484450090709883,0.04562236635009674,0.05029488375720906
2.5039999999998352,0.03760483777621309,0.048444979312992804,0.045653864346988864,0.050307430644429454
2.504999999999835,0.03767427600000653,0.048444950257436156,0.04568523504972932,0.05032006257079568
2.505999999999835,0.03774466688496264,0.04844492188603508,0.04571647988970306,0.05033278011267827
2.506999999999835,0.03781600743020712,0.04844489418097189,0.045747600292552155,0.050345583850354265
2.507999999999835,0.03788829444664683,0.04844486712488472,0.04577859767824085,0.05035847436803363
2.5089999999998347,0.03796152455885516,0.04844484070085814,0.045809473461120354,0.050371452253885944
2.5099999999998346,0.03803569420695139,0.048444814892413486,0.045840229049993374,0.05038451810006723
2.5109999999998345,0.03811079964847512,0.048444789683499676,0.0458708658481784,0.050397672502746974
2.5119999999998344,0.038186836960254766,0.04844476505848409,0.04590138525357371,0.0504109160621353
2.5129999999998343,0.038263802040270245,0.048444741002143576,0.0459317886587212,0.050424249382510423
2.513999999999834,0.03834169060951049,0.0484447174996557,0.04596207745086988,0.05043767307224615
2.514999999999834,0.038420498213824705,0.04844469453659002,0.0459922530120392,0.050451187743839665
2.515999999999834,0.03850022022576834,0.04844467209889947,0.04602231671908209,0.05046479401393951
2.516999999999834,0.038580851846443324,0.04844465017291229,0.04605226994374781,0.05047849250337367
2.5179999999998337,0.038662388107332274,0.04844462874532343,0.046082114052744476,0.0504922838371779
2.5189999999998336,0.03874482387212752,0.048444607803186664,0.04611185040780152,0.050506168644624316
2.5199999999998335,0.03882815383855431,0.048444587333906476,0.04614148036573173,0.05052014755925002
2.5209999999998334,0.0389123725401883,0.04844456732523037,0.04617100527849321,0.050534221218886045
2.5219999999998333,0.03899747434826799,0.048444547765241076,0.04620042649325107,0.05054839026568648
2.522999999999833,0.039083453473501256,0.0484445286423489,0.04622974535243885,0.050562655346157725
2.523999999999833,0.0391703039678671,0.04844450994528434,0.04625896319381982,0.05057701711118802
2.524999999999833,0.03925801972641179,0.04844449166309071,0.046288081350548,0.05059147621607713
2.525999999999833,0.03934659448904028,0.04844447378511697,0.04631710115122899,0.05060603332056627
2.5269999999998327,0.03943602184230232,0.04844445630101051,0.04634602391998058,0.05062068908886815
2.5279999999998326,0.03952629522117433,0.04844443920071025,0.0463748509764932,0.050635444189697384
2.5289999999998325,0.03961740791083621,0.04844442247443974,0.04640358363609011,0.05065029929630087
2.5299999999998324,0.039709353048444175,0.048444406112700324,0.0464322232097874,0.050665255086488614
2.5309999999998323,0.0398021236248991,0.04844439010626466,0.04646077100435385,0.050680312242664616
2.531999999999832,0.039895712486611154,0.04844437444616989,0.04648922832237052,0.05069547145185801
2.532999999999832,0.0399901123372606,0.0484443591237116,0.04651759646229022,0.05071073340575441
2.533999999999832,0.0400853157395551,0.04844434413043706,0.04654587671849671,0.05072609880072748
2.534999999999832,0.040181315116984105,0.04844432945813935,0.04657407038136381,0.050741568337870704
2.5359999999998317,0.04027810275556996,0.04844431509885102,0.046602178737314225,0.05075714272302936
2.5369999999998316,0.04037567080561686,0.048444301044838246,0.04663020306887829,0.05077282266683275
2.5379999999998315,0.04047401128345707,0.04844428728859475,0.046658144654752445,0.050788608884726597
2.5389999999998314,0.04057311607319582,0.04844427382283611,0.04668600476985764,0.05080450209700575
2.5399999999998313,0.040672976928453924,0.048444260640493994,0.046713784685397435,0.050820503028846956
2.540999999999831,0.04077358547410974,0.0484442477347106,0.046741485668916054,0.05083661241034203
2.541999999999831,0.040874933208040004,0.04844423509883312,0.046769108984356204,0.050852830976531115
2.542999999999831,0.040977011502860206,0.04844422272640835,0.04679665589211674,0.05086915946743626
2.543999999999831,0.041079811607665086,0.04844421061117735,0.046824127649110196,0.05088559862809517
2.5449999999998307,0.04118332464976918,0.04844419874707021,0.04685152550882011,0.0509021492085952
2.5459999999998306,0.04128754163644832,0.048444187128200984,0.046878850721358216,0.05091881196410753
2.5469999999998305,0.04139245345668229,0.0484441757488627,0.046906104533521516,0.050935587654921746
2.5479999999998304,0.041498050882898964,0.04844416460352237,0.04693328818884915,0.0509524770464804
2.5489999999998303,0.04160432457272059,0.048444153686816094,0.046960402927679126,0.050969480909414014
2.54999999999983,0.0417112650707125,0.04844414299354459,0.046987449987204936,0.05098660001957622
2.55099999999983,0.04181886281013475,0.04844413251866825,0.04701443060153199,0.05100383515807915
2.55199999999983,0.04192710811469682,0.0484441222573027,0.047041346001733916,0.051021187111329094
2.55299999999983,0.04203599120031667,0.048444112204714486,0.04706819741590877,0.05103865667106237
2.5539999999998297,0.042145502176883495,0.048444102356316535,0.04709498606923504,0.051056244634381444
2.5549999999998296,0.04225563105002525,0.04844409270766391,0.04712171318402755,0.05107395180379133
2.5559999999998295,0.04236636772288138,0.04844408325444984,0.047148379979793244,0.05109177898723618
2.5569999999998294,0.04247770199788078,0.048444073992501384,0.04717498767328683,0.05110972699813615
2.5579999999998293,0.0425896235785259,0.04844406491777565,0.047201537478566286,0.05112779665542454
2.558999999999829,0.04270212207118287,0.04844405602635565,0.04722803060704826,0.0511459887835851
2.559999999999829,0.042815186986878334,0.04844404731444683,0.047254468267563354,0.05116430421268974
2.560999999999829,0.0429288077431035,0.04844403877837313,0.04728085166641127,0.05118274377843633
2.561999999999829,0.04304297366562515,0.04844403041457343,0.047307182007415856,0.051201308322186855
2.5629999999998287,0.04315767399030463,0.04844402221959808,0.04733346049198002,0.051219998691005804
2.5639999999998286,0.043272897864924595,0.04844401419010546,0.04735968831914058,0.051238815737698847
2.5649999999998285,0.043388634351024066,0.04844400632285862,0.047385866685622946,0.0512577603208517
2.5659999999998284,0.04350487242574201,0.048443998614722046,0.04741199678589572,0.05127683330486931
2.5669999999998283,0.04362160098366957,0.0484439910626585,0.047438079812225226,0.05129603556001534
2.567999999999828,0.04373880883871121,0.04844398366372606,0.047464116954729886,0.05131536796245184
2.568999999999828,0.043856484725954735,0.04844397641507504,0.04749010940143454,0.05133483139427922
2.569999999999828,0.04397461730355073,0.0484439693139453,0.04751605833832463,0.0513544267435765
2.570999999999828,0.044093195154601174,0.0484439623576633,0.04754196494940034,0.05137415490444187
2.5719999999998278,0.0442122067890571,0.04844395554363954,0.04756783041673061,0.05139401677703343
2.5729999999998276,0.044331640645626,0.048443948869366,0.047593655920507044,0.05141401326761031
2.5739999999998275,0.04445148509368812,0.04844394233241363,0.04761944263909783,0.051434145288573985
2.5749999999998274,0.04457172843522224,0.04844393593043003,0.04764519174910143,0.05145441375850993
2.5759999999998273,0.0446923589067402,0.04844392966113715,0.04767090442540031,0.051474819602229535
2.576999999999827,0.044813364681230865,0.04844392352232913,0.04769658184121453,0.05149536375081226
2.577999999999827,0.044934733870112306,0.04844391751187024,0.04772222516815529,0.051516047141648175
2.578999999999827,0.04505645452519259,0.04844391162769284,0.04774783557627837,0.05153687071848071
2.579999999999827,0.04517851464063892,0.04844390586779576,0.04777341423413753,0.05155783543144969
2.5809999999998268,0.045300902154954435,0.04844390023024228,0.04779896230883784,0.051578942237134745
2.5819999999998267,0.0454236049529624,0.04844389471315866,0.04782448096608889,0.05160019209859888
2.5829999999998265,0.04554661086779737,0.0484438893147325,0.047849971370258045,0.0516215859854325
2.5839999999998264,0.045669907682902786,0.048443884033211475,0.04787543468442351,0.05164312487379759
2.5849999999998263,0.0457934831340346,0.048443878866901796,0.04790087207042743,0.05166480974647228
2.585999999999826,0.04591732491127011,0.048443873814167315,0.047926284688928907,0.05168664159289569
2.586999999999826,0.04604142066102129,0.04844386887342827,0.04795167369945694,0.051708621409213056
2.587999999999826,0.046165757988052294,0.04844386404316028,0.04797704026046334,0.05173075019832121
2.588999999999826,0.04629032445750006,0.04844385932189369,0.048002385529375594,0.05175302896991433
2.5899999999998258,0.04641510759689716,0.048443854708212795,0.04802771066264968,0.051775458740529995
2.5909999999998257,0.04654009489819614,0.04844385020075522,0.048053016815822816,0.05179804053359558
2.5919999999998256,0.04666527381979452,0.048443845798211524,0.04807830514356619,0.051820775379474965
2.5929999999998254,0.04679063178855943,0.04844384149932488,0.04810357679973765,0.05184366431551551
2.5939999999998253,0.046916156201850585,0.04844383730289091,0.048128832937434377,0.051866708386095445
2.5949999999998252,0.04704183442954095,0.04844383320775763,0.04815407470904543,0.05188990864267147
2.595999999999825,0.047167653816033675,0.048443829212825626,0.048179303266304416,0.05191326614382677
2.596999999999825,0.04729360168227421,0.04844382531704813,0.04820451976034196,0.05193678195531927
2.597999999999825,0.047419665327756495,0.048443821519431725,0.048229725341738285,0.05196045715013032
2.598999999999825,0.04754583203252136,0.04844381781903657,0.04825492116057569,0.05198429280851361
2.5999999999998247,0.047672089059146945,0.048443814214977406,0.04828010836649103,0.05200829001804448
2.6009999999998246,0.04779842365472842,0.048443810706424215,0.048305288108728146,0.05203244987366954
2.6019999999998245,0.0479248230528466,0.04844380729260338,0.04833046153619036,0.05205677347775662
2.6029999999998243,0.048051274475523244,0.04844380397279888,0.04835562979749284,0.05208126194014509
2.6039999999998242,0.048177765135162205,0.04844380074635359,0.04838079404101504,0.05210591637819649
2.604999999999824,0.048304282236473976,0.04844379761267102,0.048405955414953086,0.05213073791684549
2.605999999999824,0.048430812978382906,0.04844379457121667,0.048431115067372174,0.05215572768865126
2.606999999999824,0.04855734455591473,0.04844379162152055,0.04845627414625894,0.052180886833849104
2.607999999999824,0.04868386424370903,0.04844378876229011,0.04848143379957388,0.052206216500402546
2.6089999999998237,0.04881035948128015,0.04844378599050787,0.04850659517530366,0.05223171784405564
2.6099999999998236,0.048936817788069874,0.048443783302381714,0.048531759421513575,0.05225739202838575
2.6109999999998235,0.04906322668008792,0.048443780694272735,0.04855692768639986,0.05228324022485662
2.6119999999998234,0.049189573671775594,0.04844377816269074,0.04858210111834214,0.05230926361287184
2.6129999999998232,0.04931584627788128,0.04844377570428963,0.04860728086595578,0.052335463379828646
2.613999999999823,0.04944203201534861,0.04844377331586326,0.04863246807814434,0.052361840721172115
2.614999999999823,0.04956811840521689,0.04844377099434072,0.04865766390415197,0.05238839684044971
2.615999999999823,0.04969409297453534,0.04844376873678228,0.04868286949361584,0.052415132949366165
2.616999999999823,0.04981994325829007,0.04844376654037511,0.04870808599661862,0.052442050267838825
2.6179999999998227,0.049945656801344544,0.04844376440242902,0.04873331456374093,0.05246915002405326
2.6189999999998226,0.050071221160394364,0.04844376232037238,0.04875855634611387,0.05249643345451931
2.6199999999998225,0.050196623905935184,0.04844376029174812,0.0487838124954715,0.052523901804127554
2.6209999999998224,0.05032185262424454,0.04844375831420979,0.04880908416420345,0.052551556326206054
2.6219999999998223,0.0504468949193774,0.04844375638551756,0.04883437250540746,0.052579398282577565
2.622999999999822,0.050571738415175704,0.048443754503534574,0.048859678672941984,0.05260742894361711
2.623999999999822,0.050696370757290755,0.0484437526662231,0.048885003821478874,0.05263564958830996
2.624999999999822,0.050820779615219545,0.04844375087164102,0.04891034910655605,0.052664061504309946
2.625999999999822,0.05094495268435353,0.04844374911793828,0.04893571568463021,0.052692665987998266
2.6269999999998217,0.051068877688040845,0.04844374740335326,0.04896110471312963,0.052721464344542605
2.6279999999998216,0.05119254237966031,0.048443745726209624,0.04898651735050694,0.052750457887956695
2.6289999999998215,0.051315934544708015,0.04844374408491296,0.049011954756292005,0.05277964794116025
2.6299999999998214,0.05143904200289505,0.048443742477947555,0.04903741809114482,0.05280903583603939
2.6309999999998213,0.05156185261025685,0.04844374090387329,0.049062908516908484,0.052838622913507334
2.631999999999821,0.05168435426127278,0.048443739361322874,0.049088427196662184,0.05286841052356563
2.632999999999821,0.05180653489099633,0.04844373784899856,0.0491139752947743,0.052898400025365756
2.633999999999821,0.0519283824771945,0.04844373636566973,0.04913955397695551,0.05292859278727112
2.634999999999821,0.05204988504249629,0.048443734910169754,0.049165164410311976,0.05295899018691947
2.6359999999998207,0.052171030656549565,0.04844373348139382,0.04919080776339862,0.052989593611285815
2.6369999999998206,0.05229180743818573,0.048443732078295956,0.04921648520627241,0.05302040445674567
2.6379999999998205,0.052412203557591394,0.048443730699886896,0.049242197910545786,0.05305142412913876
2.6389999999998204,0.05253220723848607,0.048443729345231445,0.04926794704944008,0.05308265404383321
2.6399999999998203,0.05265180676030616,0.04844372801344661,0.049293733797839086,0.05311409562579006
2.64099999999982,0.05277099046039356,0.048443726703698946,0.049319559332342625,0.053145750309628356
2.64199999999982,0.05288974673618829,0.04844372541520274,0.04934542483132026,0.05317761953969055
2.64299999999982,0.05300806404742519,0.04844372414721795,0.04937133147496507,0.05320970477010845
2.64399999999982,0.05312593091833277,0.04844372289904821,0.04939728044534747,0.05324200746486952
2.6449999999998197,0.05324333593983453,0.04844372167003898,0.04942327292646917,0.053274529097883716
2.6459999999998196,0.0533602677717513,0.04844372045957584,0.04944931010431718,0.05330727115305073
2.6469999999998195,0.05347671514500437,0.048443719267082706,0.049475393166917965,0.05334023512432768
2.6479999999998194,0.053592666863818306,0.0484437180920202,0.049501523304391594,0.05337342251579732
2.6489999999998193,0.05370811180792287,0.048443716933884204,0.049527701709006076,0.0534068348417366
2.649999999999819,0.05382303893475342,0.04844371579220419,0.049553929575231775,0.05344047362668582
2.650999999999819,0.05393743728164904,0.048443714666542056,0.049580208099795874,0.05347434040551817
2.651999999999819,0.05405129596804751,0.048443713556490534,0.04960653848173701,0.05350843672350976
2.652999999999819,0.054164604197676984,0.04844371246167199,0.04963292192245997,0.05354276413641013
2.6539999999998187,0.05427735126074295,0.04844371138173728,0.04965935962579051,0.05357732421051324
2.6549999999998186,0.0543895265361108,0.04844371031636452,0.04968585279803028,0.05361211852272893
2.6559999999998185,0.05450111949348254,0.04844370926525789,0.04971240264801189,0.05364714866065489
2.6569999999998184,0.05461211969556743,0.048443708228146816,0.04973901038715401,0.05368241622264905
2.6579999999998183,0.054722516800246236,0.04844370720478467,0.04976567722951671,0.05371792281790257
2.658999999999818,0.05483230056272825,0.04844370619494817,0.04979240439185683,0.05375367006651326
2.659999999999818,0.054941460837700615,0.048443705198436195,0.04981919309368347,0.053789659599559426
2.660999999999818,0.05504998758146947,0.048443704215069085,0.04984604455731368,0.053825893059174394
2.661999999999818,0.05515787085409292,0.04844370324468774,0.0498729600079282,0.05386237209862137
2.6629999999998177,0.05526510082150478,0.04844370228715305,0.04989994067362738,0.05389909838236891
2.6639999999998176,0.055371667757629014,0.04844370134234496,0.0499269877854872,0.053936073586166824
2.6649999999998175,0.05547756204648465,0.04844370041016187,0.04995410257761547,0.05397329939712271
2.6659999999998174,0.05558277418428077,0.04844369949052011,0.04998128628720809,0.054010777513778856
2.6669999999998173,0.055687294781501306,0.0484436985833531,0.050008540154605555,0.05404850964618978
2.667999999999817,0.0557911145649792,0.048443697688610954,0.05003586542334952,0.054086497516000254
2.668999999999817,0.05589422437995997,0.04844369680625998,0.050063263340239555,0.054124742856523876
2.669999999999817,0.055996615192154785,0.04844369593628191,0.050090735155390004,0.0541632474128221
2.670999999999817,0.05609827808978185,0.04844369507867375,0.050118282122287056,0.05420201294178392
2.6719999999998167,0.05619920428559732,0.048443694233447014,0.05014590549784594,0.054241041212206034
2.6729999999998166,0.056299385118914906,0.04844369340062754,0.05017360654246827,0.05428033400487348
2.6739999999998165,0.056398812057613865,0.04844369258025494,0.05020138652009953,0.05431989311264099
2.6749999999998164,0.05649747670013619,0.04844369177238219,0.05022924669828677,0.05435972034051469
2.6759999999998163,0.056595370777472336,0.0484436909770754,0.05025718834823644,0.054399817505734555
2.676999999999816,0.056692486155135814,0.048443690194413254,0.05028521274487241,0.05444018643785726
2.677999999999816,0.056788814835126274,0.04844368942448691,0.05031332116689409,0.05448082897883969
2.678999999999816,0.05688434895788213,0.048443688667399426,0.05034151489683482,0.05452174698312297
2.679999999999816,0.0569790808042215,0.04844368792326572,0.05036979522112038,0.05456294231771709
2.6809999999998158,0.05707300279727289,0.04844368719221201,0.05039816343012769,0.054604416862286106
2.6819999999998156,0.057166107504394915,0.048443686474375726,0.05042662081824367,0.05464617250923387
2.6829999999998155,0.05725838763908533,0.048443685769905105,0.050455168683924315,0.05468821116379039
2.6839999999998154,0.05734983606288002,0.048443685078958916,0.05048380832975394,0.054730534744098794
2.6849999999998153,0.05744044578724169,0.048443684401706405,0.0505125410625046,0.0547731451813028
2.685999999999815,0.05753020997543883,0.0484436837383266,0.05054136819319574,0.05481604441963487
2.686999999999815,0.057619121944414715,0.04844368308900853,0.050570291037154005,0.0548592344165049
2.687999999999815,0.05770717516664732,0.04844368245395062,0.05059931091407324,0.05490271714258955
2.688999999999815,0.05779436327199986,0.048443681833360584,0.050628429148074736,0.054946494581922134
2.6899999999998148,0.057880680049562656,0.04844368122745515,0.050657647067767604,0.05499056873198318
2.6909999999998147,0.057966119449486306,0.048443680636459756,0.05068696600630944,0.055034941603791555
2.6919999999998145,0.058050675584806755,0.048443680060608243,0.050716387301467124,0.05507961522199622
2.6929999999998144,0.05813434273326222,0.04844367950014274,0.050745912295677896,0.05512459162496863
2.6939999999998143,0.058217115339102704,0.0484436789553132,0.05077554233611055,0.05516987286489572
2.694999999999814,0.05829898801489191,0.04844367842637707,0.050805278774726965,0.05521546100787354
2.695999999999814,0.05837995554330253,0.04844367791359927,0.05083512296834375,0.05526135813400154
2.696999999999814,0.058460012878904795,0.04844367741725152,0.050865076278694174,0.05530756633747751
2.697999999999814,0.05853915514994843,0.04844367693761225,0.0508951400724903,0.055354087726693056
2.6989999999998138,0.058617377660139226,0.04844367647496615,0.050925315721485315,0.05540092442432987
2.6999999999998137,0.058694675890409366,0.04844367602960381,0.050955604602536175,0.055448078567456566
2.7009999999998136,0.0587710455006831,0.04844367560182132,0.050986008097666374,0.05549555230762618
2.7019999999998134,0.05884648233163723,0.04844367519192003,0.05101652759412904,0.05554334781097435
2.7029999999998133,0.05892098240645679,0.04844367480020572,0.051047164484470206,0.05559146725831815
2.703999999999813,0.05899454193258711,0.04844367442698862,0.05107792016659237,0.05563991284525558
2.704999999999813,0.05906715730348148,0.048443674072582585,0.05110879604381828,0.0556886867822658
2.705999999999813,0.05913882510034579,0.04844367373730473,0.051139793524954937,0.05573779129480993
2.706999999999813,0.05920954209387961,0.04844367342147498,0.0511709140243579,0.0557872286234326
2.707999999999813,0.05927930524601481,0.04844367312541519,0.05120215896199584,0.05583700102386424
2.7089999999998127,0.059348111711651455,0.04844367284944891,0.05123352976351527,0.05588711076712394
2.7099999999998126,0.05941595884039187,0.048443672593900484,0.05126502786030565,0.05593756013962309
2.7109999999998124,0.05948284417827275,0.0484436723590944,0.05129665468956467,0.05598835144326971
2.7119999999998123,0.059548765469496036,0.048443672145354735,0.051328411694363855,0.05603948699557351
2.7129999999998122,0.05961372065815864,0.04844367195300421,0.051360300323714365,0.05609096912975158
2.713999999999812,0.05967770788998145,0.048443671782363446,0.05139232203263314,0.05614280019483487
2.714999999999812,0.05974072551403802,0.04844367163375017,0.0514244782822093,0.05619498255577539
2.715999999999812,0.05980277208448327,0.04844367150747824,0.051456770539670786,0.05624751859355412
2.716999999999812,0.059863846362282425,0.048443671403856726,0.05148920027845132,0.0563004107052896
2.7179999999998117,0.059923947316940576,0.04844367132318884,0.051521768978257644,0.05635366130434738
2.7189999999998116,0.0599830741282334,0.048443671265770996,0.051554478125137,0.05640727282045006
2.7199999999998115,0.060041226187939056,0.0484436712318916,0.05158732921154497,0.056461247699788226
2.7209999999998113,0.060098403101571725,0.048443671221829895,0.05162032373641358,0.056515588405132
2.7219999999998112,0.060154604690117304,0.048443671235854725,0.05165346320521965,0.056570297415943466
2.722999999999811,0.06020983099177139,0.04844367127422327,0.05168674913005355,0.05662537722848978
2.723999999999811,0.060264082263679665,0.04844367133717961,0.05172018302968812,0.05668083035595705
2.724999999999811,0.06031735898368171,0.048443671424953344,0.05175376642964803,0.05673665932856504
2.725999999999811,0.060369661852057666,0.048443671537758026,0.05178750086227936,0.0567928666936826
2.7269999999998107,0.06042099179327892,0.048443671675789654,0.0518213878668195,0.05684945501594392
2.7279999999998106,0.06047134995776253,0.04844367183922507,0.05185542898946744,0.05690642687736551
2.7289999999998105,0.060520737723629855,0.04844367202822001,0.051889625783454255,0.05696378487746406
2.7299999999998104,0.06056915669847,0.04844367224290757,0.051923979809114014,0.05702153163337501
2.7309999999998102,0.06061660872110794,0.0484436724833962,0.05195849263395497,0.05707966977997199
2.73199999999981,0.060663095863377946,0.0484436727497676,0.05199316583273105,0.05713820196998701
2.73299999999981,0.0607086204319022,0.04844367304207507,0.052028000987513784,0.05719713087413157
2.73399999999981,0.060753184969875806,0.04844367336034105,0.05206299968776441,0.05725645918121844
2.73499999999981,0.06079679225885703,0.048443673704554886,0.05209816353040643,0.05731618959828439
2.7359999999998097,0.060839445320564345,0.04844367407467083,0.05213349411989849,0.05737632485071369
2.7369999999998096,0.06088114741868,0.04844367447060541,0.05216899306830757,0.057436867682362495
2.7379999999998095,0.06092190206066009,0.04844367489223513,0.052204661995382554,0.05749782085568398
2.7389999999998094,0.06096171299955197,0.04844367533939385,0.05224050252862811,0.05755918715185446
2.7399999999998093,0.06100058423581854,0.04844367581187003,0.05227651630337897,0.05762096937090022
2.740999999999809,0.06103852001917032,0.04844367630940431,0.052312704962874546,0.05768317033182532
2.741999999999809,0.06107552485040467,0.048443676831686454,0.05234907015833391,0.05774579287274023
2.742999999999809,0.0611116034832531,0.04844367737835257,0.05238561354903114,0.05780883985099128
2.743999999999809,0.06114676092623623,0.04844367794898222,0.05242233680237098,0.057872314143291054
2.7449999999998087,0.06118100244452659,0.04844367854309514,0.052459241593965006,0.05793621864584968
2.7459999999998086,0.06121433356181984,0.048443679160148426,0.05249632960770801,0.058000556274506926
2.7469999999998085,0.061246760062213454,0.04844367979953305,0.05253360253585487,0.05806532996486531
2.7479999999998084,0.06127828799209402,0.04844368046057077,0.05257106207909775,0.05813054267242398
2.7489999999998083,0.061308923662032166,0.048443681142510714,0.05260870994664371,0.0581961973727136
2.749999999999808,0.061338673648685775,0.048443681844526014,0.05264654785629267,0.05826229706143213
2.750999999999808,0.06136754479671087,0.048443682565710154,0.052684577534515824,0.05832884475458147
2.751999999999808,0.06139554422068045,0.048443683305073704,0.05272280071653439,0.058395843488605124
2.752999999999808,0.0614226793070108,0.04844368406154063,0.05276121914639879,0.05846329632052673
2.7539999999998077,0.061448957715895335,0.048443684833944435,0.05279983457706823,0.05853120632808952
2.7549999999998076,0.061474387383245316,0.04844368562102469,0.052838648770490694,0.058599576609896786
2.7559999999998075,0.06149897652263799,0.04844368642142335,0.05287766349768332,0.05866841028555325
2.7569999999998074,0.06152273362727066,0.04844368723368074,0.05291688053881322,0.0587377104958074
2.7579999999998073,0.06154566747192148,0.04844368805623199,0.05295630168327871,0.05880748040269481
2.758999999999807,0.0615677871149157,0.04844368888740314,0.05299592872979093,0.0588777231896824
2.759999999999807,0.061589101900097504,0.04844368972540724,0.05303576348645595,0.05894844206181371
2.760999999999807,0.06160962145880647,0.04844369056834057,0.05307580777085726,0.05901964024585514
2.761999999999807,0.06162935571185885,0.04844369141417884,0.053116063410138685,0.05909132099044315
2.7629999999998067,0.061648314871532224,0.048443692260773386,0.053156532241087774,0.05916348756623251
2.7639999999998066,0.061666509443553674,0.04844369310584714,0.053197216110219596,0.059236143266045566
2.7649999999998065,0.06168395022909056,0.04844369394699115,0.05323811687386101,0.059309291405022425
2.7659999999998064,0.06170064832674327,0.048443694781660676,0.05327923639823536,0.05938293532077227
2.7669999999998063,0.061716615134539486,0.04844369560717158,0.05332057655954761,0.0594570783735256
2.767999999999806,0.06173186235192893,0.0484436964206965,0.05336213924406996,0.05953172394628761
2.768999999999806,0.06174640198177822,0.04844369721926157,0.05340392634822792,0.059606875444992484
2.769999999999806,0.06176024633236518,0.04844369799974278,0.05344593977868685,0.059682536298658856
2.770999999999806,0.06177340801937145,0.0484436987588625,0.053488181452438936,0.059758709959546255
2.7719999999998057,0.06178589996787309,0.04844369949318636,0.05353065329689066,0.059835399903312596
2.7729999999998056,0.06179773541432838,0.048443700199119984,0.053573357249950763,0.05991260962917281
2.7739999999998055,0.06180892790856208,0.04844370087290599,0.05361629526011865,0.05999034266005848
2.7749999999998054,0.061819491315745254,0.048443701510621,0.05365946928657331,0.06006860254277861
2.7759999999998053,0.06182943981837032,0.04844370210817298,0.053702881299262685,0.0601473928481814
2.776999999999805,0.061838787918220374,0.04844370266129857,0.05374653327899359,0.060226717171317265
2.777999999999805,0.06184755043833221,0.04844370316556077,0.05379042721752207,0.0603065791316028
2.778999999999805,0.06185574252495252,0.04844370361634666,0.053834565117644284,0.060386982372985946
2.779999999999805,0.06186337964948651,0.04844370400886544,0.05387894899328789,0.06046793056411228
2.7809999999998047,0.061870477610438485,0.0484437043381465,0.053923580869603936,0.06054942739849238
2.7819999999998046,0.061877052535343924,0.048443704599038184,0.053968462783059265,0.06063147659467036
2.7829999999998045,0.061883120882692315,0.04844370478620617,0.05401359678152944,0.060714081896393546
2.7839999999998044,0.0618886994438406,0.048443704894132626,0.05405898492439218,0.0607972470727833
2.7849999999998043,0.061893805344916765,0.04844370491711541,0.0541046292826213,0.06088097591850697
2.785999999999804,0.06189845604871303,0.048443704849267626,0.054150531938881266,0.06096527225395106
2.786999999999804,0.061902669356568664,0.0484437046845175,0.05419669498762217,0.061050139925395576
2.787999999999804,0.06190646341024187,0.0484437044166086,0.05424312053517531,0.06113558280518944
2.788999999999804,0.06190985669377088,0.04844370403910031,0.05428981069984931,0.06122160479192724
2.7899999999998037,0.06191286803532381,0.04844370354536896,0.054336767612026764,0.06130820981062712
2.7909999999998036,0.06191551660903743,0.04844370292860873,0.05438399341426143,0.06139540181290985
2.7919999999998035,0.06191782193684449,0.04844370218183379,0.05443149026137602,0.06148318477717911
2.7929999999998034,0.061919803890290184,0.04844370129788009,0.05447926032056049,0.06157156270880307
2.7939999999998033,0.061921482692337396,0.048443700269408044,0.054527305771470955,0.06166053964029711
2.794999999999803,0.061922878919160707,0.048443699088905647,0.0545756288063291,0.06175011963150779
2.795999999999803,0.06192401350192976,0.0484436977486918,0.054624231630022266,0.061840306769798195
2.796999999999803,0.06192490772858224,0.048443696240920466,0.05467311646020399,0.0619311051702343
2.797999999999803,0.06192558324558602,0.04844369455758508,0.054722285527395234,0.062022518975772836
2.7989999999998028,0.061926062059691644,0.0484436926905237,0.054771741075086165,0.06211455235745028
2.7999999999998026,0.06192636653967488,0.04844369063142454,0.05482148535983848,0.06220720951457318
2.8009999999998025,0.06192651941806994,0.048443688371832425,0.05487152065138842,0.06230049467490975
2.8019999999998024,0.06192654379289381,0.04844368590315547,0.054921849232750286,0.0623944120948828
2.8029999999998023,0.061926463129361904,0.04844368321667264,0.05497247340032064,0.06248896605976392
2.803999999999802,0.06192630126159564,0.04844368030354199,0.05502339546398308,0.06258416088386903
2.804999999999802,0.061926082394322436,0.048443677154809524,0.05507461774721361,0.06268000091075523
2.805999999999802,0.06192583110456814,0.0484436737614188,0.055126142587186705,0.06277649051341898
2.806999999999802,0.061925572343343185,0.04844367011422143,0.0551779723348819,0.06287363409449562
2.8079999999998018,0.06192525218616395,0.048443665946191476,0.05522980208269817,0.06288015004477855
2.8089999999998017,0.06192493963961552,0.048443674301813885,0.055281326923034495,0.06288671015827398
2.8099999999998015,0.061924634526550365,0.04844372040028207,0.055332549206870425,0.06289331473430726
2.8109999999998014,0.06192433667401057,0.04844382906977534,0.055383471271380456,0.06289996407423254
2.8119999999998013,0.061924045913118536,0.04844402474957513,0.05543409544004064,0.06290665848144643
2.812999999999801,0.061923762078970844,0.04844433149220023,0.055484424022734624,0.06291339826140188
2.813999999999801,0.06192348501053575,0.04844477296555731,0.05553445931585903,0.06292018372162211
2.814999999999801,0.06192321455055331,0.04844537245510642,0.05558420360242823,0.06292701517171466
2.815999999999801,0.061922950545438615,0.04844615286603882,0.05563365915217854,0.06293389292338547
2.8169999999998008,0.06192269284518806,0.04844713672546564,0.05568282822167177,0.06294081729045314
2.8179999999998007,0.061922441303288375,0.04844834618461542,0.05573171305439816,0.06294778858886327
2.8189999999998006,0.061922195776628046,0.04844980302103941,0.05578031588087881,0.0629548071367028
2.8199999999998004,0.06192195612541187,0.04845152864082276,0.055828638918767395,0.06296187325421462
2.8209999999998003,0.061921722213077415,0.0484535440808005,0.055876684372951374,0.06296898726381209
2.8219999999998002,0.06192149390621451,0.04845587001077714,0.055924454435652596,0.06297614949009382
2.8229999999998,0.06192127107448665,0.048458526735748235,0.05597195128652732,0.06298336025985844
2.8239999999998,0.0619210535905548,0.04846153419812344,0.05601917709276569,0.06299061990211954
2.8249999999998,0.06192084133000357,0.0484649119799496,0.05606613400919059,0.06299792874812067
2.8259999999998,0.061920634171269195,0.0484686793051332,0.05611282417835598,0.06300528713135044
2.8269999999997997,0.06192043199556974,0.04847285504166116,0.05615924973064466,0.06301269538755773
2.8279999999997996,0.0619202346868374,0.04847745770381939,0.05620541278436545,0.06302015385476707
2.8289999999997995,0.06192004213165231,0.04848250545440836,0.0562513154458499,0.063027662873294
2.8299999999997993,0.06191985421917879,0.04848801610695504,0.05629695980954833,0.06303522278576063
2.8309999999997992,0.06191967084110272,0.048494007127920694,0.05634234795812545,0.06304283393711123
2.831999999999799,0.06191949189157122,0.048500495638904004,0.056387481962555344,0.06305049667462805
2.832999999999799,0.06191931726713357,0.048507498418839126,0.056432363882216,0.06305821134794708
2.833999999999799,0.06191914686668411,0.04851503190618857,0.056476995764983266,0.06306597830907405
2.834999999999799,0.0619189805914063,0.04852311220113012,0.05652137964732428,0.06307379791240052
2.8359999999997987,0.06191881834471861,0.048531755067737936,0.05656551755439039,0.06308167051471994
2.8369999999997986,0.061918660032221844,0.0485409759361576,0.05660941150010958,0.06308959647524406
2.8379999999997985,0.061918505561647616,0.048550789904774905,0.05665306348727833,0.06309757615561924
2.8389999999997984,0.061918354842808596,0.04856121174237795,0.056696475507653034,0.063105609919943
2.8399999999997982,0.06191820778754963,0.04857225589031351,0.05673964954204084,0.06311369813478056
2.840999999999798,0.06191806430970066,0.0485839364646361,0.05678258756039006,0.06312184116918164
2.841999999999798,0.06191792432503038,0.04859626725825144,0.05682529152188006,0.06313003939469727
2.842999999999798,0.06191778775120148,0.04860926174305292,0.05686776337501062,0.06313829318539674
2.843999999999798,0.06191765450772686,0.04862293307205209,0.056910005057690886,0.0631466029178847
2.8449999999997977,0.06191752451592721,0.04863729408150299,0.056952018497327755,0.06315496897131827
2.8459999999997976,0.061917397698889216,0.04865235729302015,0.056993805610913814,0.0631633917274244
2.8469999999997975,0.06191727398142551,0.04866813491569081,0.05703536830511486,0.0631718715705173
2.8479999999997974,0.06191715329003501,0.04868463884818156,0.05707670847635685,0.06318040888751596
2.8489999999997973,0.061917035552864826,0.048701880680839034,0.057117828010912426,0.06318900406796171
2.849999999999797,0.061916920699672716,0.04871987169778556,0.05715872878498704,0.06319765750403616
2.850999999999797,0.06191680866179069,0.04873862287900934,0.05719941266480449,0.06320636959057901
2.851999999999797,0.06191669937208962,0.048758144902449736,0.057239881506692125,0.06321514072510602
2.852999999999797,0.0619165927649447,0.04877844814607788,0.05728013715716552,0.06322397130782723
2.8539999999997967,0.061916488776201394,0.048799542689972525,0.05732018145301272,0.06323286174166518
2.8549999999997966,0.061916387343143184,0.0488214383183916,0.057360016221378096,0.06324181243227328
2.8559999999997965,0.06191628840445897,0.048844144521839966,0.05739964327984566,0.0632508237880544
2.8569999999997964,0.06191619190021219,0.048867670499132355,0.05743906443652202,0.06325989622017937
2.8579999999997963,0.061916097771810306,0.04889202515945363,0.05747828149011888,0.06326903014260588
2.858999999999796,0.06191600596197517,0.048917217124414825,0.05751729623003513,0.06327822597209726
2.859999999999796,0.061915916414714056,0.048943254730106016,0.05755611043643846,0.06328748412824158
2.860999999999796,0.06191582907529149,0.048970146029146,0.0575947258803466,0.0632968050334707
2.861999999999796,0.06191574389020181,0.04899789879272892,0.05763314432370813,0.06330618911307966
2.8629999999997957,0.06191566080714226,0.04902652051266839,0.057671367519482875,0.06331563679524599
2.8639999999997956,0.06191557977498695,0.04905601840343822,0.05770939721172189,0.0633251485110493
2.8649999999997955,0.061915500743761245,0.04908639940421144,0.057747235135647036,0.0633347246944909
2.8659999999997954,0.06191542366461711,0.04911767018089613,0.057784883017730146,0.06334436578251369
2.8669999999997953,0.06191534848980858,0.049149837128169296,0.05782234257577181,0.063354072215022
2.867999999999795,0.06191527517266828,0.049182906371508364,0.057859615518979765,0.0633638444349017
2.868999999999795,0.061915203667584406,0.0492168837692208,0.05789670354804686,0.06337368288804045
2.869999999999795,0.06191513392997801,0.04925177491447101,0.057933608355228663,0.06338358802334795
2.870999999999795,0.06191506591628119,0.04928758513730604,0.05797033162442069,0.06339356029277654
2.8719999999997947,0.061914999583915595,0.04932431950667834,0.05800687503123523,0.06340360015134172
2.8729999999997946,0.061914934891271534,0.04936198283246733,0.05804324024307778,0.06341370805714296
2.8739999999997945,0.06191487179768749,0.04940057966749862,0.05807942891922316,0.0634238844713846
2.8749999999997944,0.06191481026343023,0.04944011430956116,0.05811544271089119,0.06343412985839689
2.8759999999997943,0.061914750249675465,0.04948059080342279,0.05815128326132206,0.06344444468565717
2.876999999999794,0.061914691718488554,0.04952201294284343,0.05818695220585129,0.06345482942381123
2.877999999999794,0.06191463463280618,0.04956438427258624,0.05822245117198434,0.06346528454669471
2.878999999999794,0.06191457895641822,0.04960770809042692,0.058257781779470906,0.06347581053135481
2.879999999999794,0.06191452465394991,0.049651987449160745,0.058292945640378784,0.06348640785807201
2.8809999999997937,0.06191447169084466,0.04969722515860727,0.058327944359167445,0.06349707701038197
2.8819999999997936,0.06191442003334702,0.04974342378761296,0.058362779532761255,0.06350781847509765
2.8829999999997935,0.06191436964848634,0.04979058566605101,0.05839745275062231,0.06351863274233144
2.8839999999997934,0.061914320504060434,0.04983871288681944,0.05843196559482299,0.06352952030551762
2.8849999999997933,0.06191427256861985,0.04988780730783582,0.058466319640118135,0.0635404816614348
2.885999999999793,0.061914225811452464,0.049937870554029776,0.05850051645401687,0.0635515173102286
2.886999999999793,0.061914180202568274,0.049988904019332606,0.05853455759685418,0.06356262775543448
2.887999999999793,0.06191413571268479,0.05004090886866408,0.05856844462186207,0.06357381350400075
2.888999999999793,0.061914092313212266,0.050093886039915936,0.05860217907524045,0.06358507506631164
2.8899999999997927,0.06191404997623985,0.05014783624593253,0.058635762496227664,0.06359641295621062
2.8909999999997926,0.06191400867452154,0.05020275997648816,0.05866919641717075,0.06360782769102383
2.8919999999997925,0.06191396838146267,0.050258657500260685,0.05870248236359535,0.06361931979158372
2.8929999999997924,0.06191392907110662,0.050315528866802184,0.0587356218542753,0.06363088978225279
2.8939999999997923,0.06191389071812166,0.050373373908505215,0.05876861640130194,0.06364253819094748
2.894999999999792,0.06191385329778846,0.050432192242565906,0.05880146751015312,0.06365426554916231
2.895999999999792,0.06191381678598718,0.05049198327294279,0.05883417667976189,0.06366607239199419
2.896999999999792,0.06191378115918572,0.050552746192311634,0.05886674540258486,0.06367795925816663
2.897999999999792,0.06191374639442719,0.05061447998401606,0.058899175164670345,0.06368992669005454
2.8989999999997917,0.06191371246931845,0.05067718342401381,0.05893146744572613,0.06370197523370887
2.8999999999997916,0.061913679362018414,0.05074085508281862,0.05896362371918702,0.06371410543888152
2.9009999999997915,0.061913647051226664,0.05080549332743744,0.05899564545228205,0.06372631785905049
2.9019999999997914,0.06191361551617247,0.05087109632330286,0.059027534106101426,0.06373861305144504
2.9029999999997913,0.061913584736603765,0.05093766203620106,0.05905929113566322,0.06375099157707123
2.903999999999791,0.06191355469277632,0.05100518823419421,0.059090917989979716,0.06376345400073741
2.904999999999791,0.06191352536544338,0.051073672489538625,0.05912241611212359,0.06377600089108007
2.905999999999791,0.061913496735845217,0.051143112180596854,0.059153786939293684,0.06378863282058969
2.906999999999791,0.061913468785699054,0.05121350449374522,0.059185031902880623,0.063801350365637
2.9079999999997908,0.061913441497188935,0.051284846425275685,0.05921615242853212,0.06381415410649917
2.9089999999997906,0.061913414852956046,0.05135713478329244,0.059247149936218026,0.0638270446273863
2.9099999999997905,0.06191338883608908,0.0514303661896027,0.05927802584029511,0.0638400225164681
2.9109999999997904,0.06191336343011459,0.05150453708160246,0.05930878154957161,0.06385308836590077
2.9119999999997903,0.06191333861898802,0.0515796437141557,0.05933941846737151,0.06386624277185393
2.91299999999979,0.061913314387084216,0.051655682161469145,0.05936993799159856,0.06387948633453788
2.91399999999979,0.06191329071918863,0.05173264831895996,0.05940034151480006,0.06389281965823096
2.91499999999979,0.06191326760048826,0.05181053790511867,0.05943063042423042,0.06390624335130712
2.91599999999979,0.06191324501656331,0.0518893464633658,0.05946080610191443,0.06391975802626372
2.9169999999997898,0.06191322295337822,0.05196906936390273,0.059490869924710345,0.06393336429974943
2.9179999999997897,0.061913201397273666,0.05204970180555702,0.059520823264372684,0.0639470627925924
2.9189999999997895,0.06191318033495784,0.052131238817621585,0.059550667487614846,0.06396085412982856
2.9199999999997894,0.06191315975349868,0.05221367526168821,0.05958040395617145,0.06397473894073016
2.9209999999997893,0.06191313964031574,0.05229700583347542,0.059610034026860485,0.06398871785883448
2.921999999999789,0.06191311998317227,0.05238122506465062,0.05963955905164519,0.06400279152197269
2.922999999999789,0.061913100770167435,0.05246632732464655,0.05966898037769576,0.06401696057229903
2.923999999999789,0.0619130819897288,0.052552306822472084,0.05969829934745084,0.06403122565632008
2.924999999999789,0.06191306363060481,0.052639157608517916,0.05972751729867875,0.06404558742492425
2.9259999999997888,0.061913045681857334,0.05272687357635636,0.05975663556453851,0.06406004653341146
2.9269999999997887,0.06191302813285449,0.05281544846453656,0.059785655473640696,0.06407460364152308
2.9279999999997885,0.0619130109732635,0.052904875858374036,0.05981457835010806,0.064089259413472
2.9289999999997884,0.06191299419304357,0.05299514919173558,0.059843405513635935,0.06410401451797298
2.9299999999997883,0.06191297778243906,0.053086261748819176,0.05987213827955246,0.06411886962827311
2.930999999999788,0.061912961731972777,0.05317820666592966,0.0599007779588786,0.06413382542218256
2.931999999999788,0.06191294603243907,0.053270976933249614,0.05992932585838792,0.06414888258210548
2.932999999999788,0.06191293067489751,0.05336456539660627,0.0599577832806663,0.06416404179507118
2.933999999999788,0.06191291565066617,0.053458964759234416,0.05998615152417129,0.06417930375276547
2.934999999999788,0.06191290095131556,0.05355416758353575,0.060014431883291385,0.06419466915156218
2.9359999999997877,0.06191288656866205,0.053650166292834506,0.06004262564840508,0.06421013869255493
2.9369999999997876,0.06191287249476203,0.05374695317313007,0.060070734105939765,0.06422571308158921
2.9379999999997874,0.061912858721905675,0.05384452037484701,0.06009875853843041,0.06424139302929449
2.9389999999997873,0.06191284524261104,0.053942859914582086,0.060126700224578056,0.0642571792511167
2.9399999999997872,0.061912832049618366,0.054041963676849325,0.06015456043930822,0.0642730724673508
2.940999999999787,0.061912819135884097,0.054141823415823076,0.060182340453829024,0.06428907340317379
2.941999999999787,0.06191280649457554,0.05424243075707974,0.0602100415356892,0.06430518278867761
2.942999999999787,0.061912794119065154,0.05434377719933807,0.060237664948835944,0.06432140135890263
2.943999999999787,0.061912782002925125,0.054445854116198955,0.06026521195367257,0.06433772985387108
2.9449999999997867,0.06191277013992213,0.05454865275788453,0.06029268380711603,0.06435416901862082
2.9459999999997866,0.06191275852401199,0.05465216425297734,0.06032008176265427,0.06437071960323938
2.9469999999997865,0.06191274714933463,0.05475637961016037,0.06034740707040341,0.06438738236289819
2.9479999999997863,0.06191273601020901,0.054861289719956984,0.06037466097716478,0.06440415805788698
2.9489999999997862,0.06191272510112818,0.054966885356473164,0.06040184472648184,0.06442104745364849
2.949999999999786,0.06191271441675445,0.05507315717914049,0.0604289595586969,0.06443805132081346
2.950999999999786,0.06191270395191458,0.055180095734462004,0.06045600671100769,0.0644551704352357
2.951999999999786,0.061912693701595196,0.05528769145776013,0.06048298741752386,0.06447240557802753
2.952999999999786,0.06191268366093825,0.05539593467492765,0.060509902909323246,0.06448975753559544
2.9539999999997857,0.06191267382523648,0.05550481560418227,0.06053675441450809,0.06450722709967595
2.9549999999997856,0.06191266418992906,0.05561432435782505,0.06056354315826103,0.06452481506737172
2.9559999999997855,0.061912654750597394,0.05572445094400284,0.06059027036290101,0.06454252224118798
2.9569999999997854,0.061912645502960786,0.055835185268475904,0.06061693724793908,0.06456034942906905
2.9579999999997852,0.061912636442872586,0.05594651713639021,0.06064354503013402,0.06457829744443531
2.958999999999785,0.061912627566315874,0.05605843625405551,0.06067009492354786,0.06459636710622027
2.959999999999785,0.061912618869399964,0.05617093223072952,0.060696588139601264,0.06461455923890788
2.960999999999785,0.06191261034835611,0.056283994580407976,0.06072302588712883,0.06463287467257026
2.961999999999785,0.06191260199953422,0.056397612723621975,0.06074940937243423,0.06465131424290546
2.9629999999997847,0.06191259381939901,0.05651177598924201,0.06077573979934525,0.06466987879127571
2.9639999999997846,0.06191258580452651,0.05662647361628932,0.06080201836926873,0.0646885691647457
2.9649999999997845,0.06191257795160067,0.056741694755755516,0.06082824628124538,0.0647073862161213
2.9659999999997844,0.06191257025740997,0.05685742847242941,0.06085442473200447,0.06472633080398843
2.9669999999997843,0.06191256271884421,0.05697366374673302,0.06088055491601846,0.06474540379275229
2.967999999999784,0.06191255533289125,0.0570903894765651,0.06090663802555749,0.06476460605267674
2.968999999999784,0.06191254809663428,0.057207594479154536,0.060932675250743785,0.06478393845992404
2.969999999999784,0.06191254100724823,0.05732526749292146,0.06095866777960594,0.06480340189659482
2.970999999999784,0.0619125340619976,0.057443397179348606,0.06098461679813316,0.06482299725076834
2.9719999999997837,0.06191252725823319,0.05756197212486083,0.06101052349032936,0.064842725416543
2.9729999999997836,0.061912520593389773,0.05768098084271455,0.06103638903826716,0.06486258729407712
2.9739999999997835,0.06191251406498315,0.05780041177489626,0.06106221462214186,0.06488258378963006
2.9749999999997834,0.06191250767060795,0.057920253294030416,0.0610880014203253,0.06490271581560351
2.9759999999997833,0.061912501407935173,0.05804049370529627,0.061113750609419565,0.06492298429058321
2.976999999999783,0.061912495274709795,0.05816112124835461,0.06113946336431073,0.06494339013938073
2.977999999999783,0.06191248926874873,0.058282124099282843,0.06116514085822246,0.0649639342930758
2.978999999999783,0.06191248338793882,0.058403490372519226,0.061190784262769485,0.0649846176890587
2.979999999999783,0.06191247763023451,0.05852520812281609,0.06121639474801115,0.0650054412710731
2.9809999999997827,0.06191247199365633,0.05864726534720092,0.061241973482504736,0.06502640598925907
2.9819999999997826,0.061912466476289056,0.058769649986946136,0.061267521633358794,0.06504751280019648
2.9829999999997825,0.06191246107627983,0.05889234992954615,0.06129304036628641,0.06506876266694857
2.9839999999997824,0.061912455791836914,0.059015353010702216,0.06131853084565838,0.06509015655910597
2.9849999999997823,0.061912450621228035,0.05913864701631376,0.06134399423455635,0.06511169545283094
2.985999999999782,0.0619124455627791,0.05926221968447652,0.061369431694825886,0.06513338033090182
2.986999999999782,0.061912440614873124,0.05938605870748623,0.061394844387129464,0.06515521218275802
2.987999999999782,0.06191243577594898,0.05951015173384767,0.06142023347099945,0.06517719200454498
2.988999999999782,0.061912431044500456,0.05963448637028825,0.06144560010489101,0.06519932079915981
2.9899999999997817,0.061912426419075406,0.05975905018377565,0.06147094544623495,0.06522159957629692
2.9909999999997816,0.06191242189827513,0.05988383070353825,0.061496270651490555,0.06524402935249415
2.9919999999997815,0.06191241748075361,0.060008815423087995,0.061521576876198324,0.06526661115117914
2.9929999999997814,0.06191241316521711,0.06013399180224477,0.06154686527503272,0.065289346002716
2.9939999999997813,0.06191240895042382,0.060259347269161316,0.06157213700185483,0.06531223494445237
2.994999999999781,0.06191240483518373,0.06038486922234735,0.06159739320976504,0.06533527902076675
2.995999999999781,0.06191240081835846,0.06051054503269265,0.06162263505115564,0.06535847928311607
2.996999999999781,0.06191239689886146,0.06063636204548724,0.0616478636777634,0.0653818367900838
2.997999999999781,0.06191239307565814,0.060762307582438016,0.06167308024072212,0.06540535260742812
2.9989999999997807,0.061912389347766175,0.060888368943680694,0.06169828589061518,0.06542902780813066
2.9999999999997806,0.0619123857142563,0.061014533409785264,0.06172348177752798,0.06545286347244536
3.0009999999997805,0.06191238217425273,0.06114078824375456,0.0617486690511005,0.06547686068794786
3.0019999999997804,0.06191237872693408,0.061267120693013516,0.06177384886057966,0.06550102054958501
3.0029999999997803,0.061912375371534475,0.061393517991389215,0.06179902235487185,0.06552534415972494
3.00399999999978,0.061912372107344536,0.061519967361078724,0.06182419068259528,0.06554983262820728
3.00499999999978,0.061912368933713026,0.06164645601460408,0.06184935499213244,0.06557448707239383
3.00599999999978,0.061912365850047994,0.06177297115675324,0.06187451643168248,0.06559930861721959
3.00699999999978,0.061912362855818796,0.061899499986504104,0.061899676149313576,0.06562429839524397
3.0079999999997797,0.061912359950557855,0.062026029698931964,0.06192483529301535,0.0656494575467026
3.0089999999997796,0.06191235713295231,0.062152547568283145,0.06194999501075124,0.06567478721955923
3.0099999999997795,0.06191235439992019,0.062279041032773555,0.06197515645051086,0.06570028856955823
3.0109999999997794,0.061912351747585484,0.06240549761013208,0.06200032076036243,0.06572596276027727
3.0119999999997793,0.06191234917222945,0.06253190481473646,0.06202548908850508,0.06575181096318036
3.012999999999779,0.06191234667028532,0.0626582501594928,0.06205066258332133,0.0657778343576714
3.013999999999779,0.06191234423833399,0.06278452115772594,0.06207584239342942,0.06580403413114794
3.014999999999779,0.061912341873099165,0.06291070532507859,0.06210102966773575,0.06583041147905531
3.015999999999779,0.061912339571443105,0.06303679018142229,0.0621262255554873,0.06585696760494131
3.0169999999997787,0.06191233733036184,0.06316276325277907,0.06215143120632407,0.06588370372051094
3.0179999999997786,0.06191233514698108,0.06328861207325485,0.06217664777033152,0.06591062104568189
3.0189999999997785,0.06191233301855163,0.0634143241869845,0.06220187639809306,0.06593772080864
3.0199999999997784,0.06191233094244524,0.06353988715008914,0.06222711824074255,0.06596500424589544
3.0209999999997783,0.061912328916150464,0.06366528853264578,0.062252374450016815,0.06599247260233908
3.021999999999778,0.06191232693726852,0.06379051592066895,0.06227764617830821,0.0660201271312993
3.022999999999778,0.06191232500350932,0.06391555691810556,0.062302934578717176,0.06604796909459919
3.023999999999778,0.061912323112687455,0.06404039914884141,0.06232824080510489,0.06607599976261407
3.024999999999778,0.061912321262718464,0.06416503025872058,0.06235356601214589,0.06610422041432952
3.0259999999997778,0.06191231945161517,0.06428943791757712,0.06237891135538075,0.06613263233739972
3.0269999999997776,0.061912317677483675,0.06441360982127857,0.06240427799126883,0.06616123682820615
3.0279999999997775,0.06191231593852043,0.06453753369378187,0.06242966707724105,0.06619003519191685
3.0289999999997774,0.06191231423300794,0.06466119728920058,0.06245507977175265,0.06621902874254587
3.0299999999997773,0.06191231255931227,0.06478458839388382,0.06248051723433611,0.06624821880301328
3.030999999999777,0.06191231091587914,0.06490769482850585,0.06250598062565402,0.06627760670520548
3.031999999999777,0.06191230930123098,0.06503050445016675,0.06253147110755204,0.06630719379003606
3.032999999999777,0.06191230771396393,0.06515300515450277,0.06255698984311195,0.0663369814075069
3.033999999999777,0.06191230615274465,0.06527518487780717,0.06258253799670464,0.06636697091676982
3.0349999999997768,0.06191230461630768,0.0653970315991596,0.06260811673404335,0.06639716368618855
3.0359999999997767,0.06191230310345238,0.06551853334256465,0.06263372722223673,0.06642756109340119
3.0369999999997765,0.061912301613040434,0.06563967817909835,0.06265937062984223,0.0664581645253831
3.0379999999997764,0.061912300143993196,0.06576045422906257,0.06268504812691929,0.06648897537851013
3.0389999999997763,0.061912298695289025,0.06588084966414585,0.06271076088508282,0.06651999505862236
3.039999999999776,0.061912297265961244,0.06600085270959116,0.06273651007755661,0.06655122498108824
3.040999999999776,0.061912295855095334,0.0661204516463689,0.06276229687922691,0.06658266657086923
3.041999999999776,0.061912294461826924,0.06623963481335517,0.06278812246669596,0.06661432126258468
3.042999999999776,0.06191229308533977,0.06635839060951443,0.06281398801833576,0.06664619050057742
3.0439999999997758,0.061912291724863414,0.06647670749608554,0.06283989471434177,0.06667827573897961
3.0449999999997757,0.061912290379671386,0.06659457399877113,0.0628658437367868,0.06671057844177909
3.0459999999997756,0.061912289049079146,0.06671197870992879,0.06289183626967494,0.06674310008288617
3.0469999999997754,0.06191228773244241,0.06682891029076449,0.06291787349899558,0.06677584214620093
3.0479999999997753,0.0619122864291553,0.06694535747352612,0.0629439566127775,0.06680880612568085
3.0489999999997752,0.061912285138648764,0.06706130906369766,0.06297008680114312,0.06684199352540905
3.049999999999775,0.061912283860388884,0.0671767539421928,0.06299626525636277,0.06687540585966287
3.050999999999775,0.06191228259387538,0.06729168106754721,0.06302249317290913,0.06690904465298299
3.051999999999775,0.061912281338640074,0.06740607947810896,0.06304877174751167,0.06694291144024297
3.052999999999775,0.06191228009424577,0.06751993829422655,0.06307510217921129,0.06697700776671929
3.0539999999997747,0.06191227886028458,0.0676332467204336,0.06310148566941508,0.06701133518816191
3.0549999999997746,0.06191227763637692,0.06774599404762977,0.06312792342195105,0.06704589527086517
3.0559999999997745,0.06191227642217014,0.06785816965525737,0.06315441664312309,0.06708068959173931
3.0569999999997743,0.06191227521733754,0.06796976301347292,0.06318096654176603,0.06711571973838239
3.0579999999997742,0.06191227402157707,0.06808076368531289,0.06320757432930078,0.06715098730915275
3.058999999999774,0.061912272834610586,0.0681911613288541,0.06323424121978961,0.06718649391324197
3.059999999999774,0.06191227165618261,0.0683009456993663,0.06326096842999156,0.06722224117074824
3.060999999999774,0.06191227048605952,0.06841010665145884,0.0632877571794179,0.06725823071275026
3.061999999999774,0.06191226932402862,0.06851863414121917,0.06331460869038787,0.06729446418138181
3.0629999999997737,0.06191226816989748,0.06862651822834309,0.06334152418808435,0.06733094322990646
3.0639999999997736,0.06191226702349279,0.06873374907825744,0.06336850490060984,0.06736766952279319
3.0649999999997735,0.06191226588465991,0.06884031696423304,0.06339555205904249,0.06740464473579226
3.0659999999997734,0.06191226475326209,0.06894621226948933,0.0634226668974922,0.06744187055601165
3.0669999999997732,0.0619122636291797,0.06905142548928893,0.06344985065315699,0.0674793486819941
3.067999999999773,0.06191226251230968,0.06915594723302292,0.06347710456637946,0.06751708082379453
3.068999999999773,0.06191226140256498,0.06925976822628611,0.06350442988070336,0.06755506870305814
3.069999999999773,0.06191226029987373,0.06936287931294169,0.06353182784293034,0.06759331405309897
3.070999999999773,0.06191225920417915,0.06946527145717607,0.0635592997031768,0.0676318186189789
3.0719999999997727,0.061912258115438504,0.06956693574554294,0.063586846714931,0.06767058415758741
3.0729999999997726,0.061912257033623005,0.06966786338899664,0.06361447013511022,0.06770961243772156
3.0739999999997725,0.061912255958717126,0.06976804572491464,0.0636421712241181,0.06774890524016687
3.0749999999997724,0.061912254890718374,0.0698674742191096,0.06366995124590215,0.06778846435777852
3.0759999999997722,0.06191225382963656,0.06996614046783012,0.06369781146801144,0.0678282915955631
3.076999999999772,0.06191225277549371,0.07006403619975086,0.06372575316165442,0.06786838877076098
3.077999999999772,0.06191225172832347,0.07016115327795161,0.06375377760175695,0.06790875771292935
3.078999999999772,0.06191225068817076,0.07025748370188575,0.06378188606702041,0.06794940026402552
3.079999999999772,0.061912249655091615,0.07035301960933771,0.06381007983998016,0.06799031827849111
3.0809999999997717,0.06191224862915245,0.07044775327836984,0.0638383602070639,0.06803151362333654
3.0819999999997716,0.06191224761043015,0.07054167712925877,0.06386672845865052,0.06807298817822635
3.0829999999997715,0.06191224659901154,0.07063478372642111,0.06389518588912887,0.06811474383556484
3.0839999999997714,0.061912245594993046,0.0707270657803291,0.0639237337969569,0.06815678250058255
3.0849999999997713,0.06191224459848045,0.07081851614941613,0.06395237348472083,0.06819910609142302
3.085999999999771,0.06191224360958863,0.07090912784197195,0.06398110625919462,0.06824171653923047
3.086999999999771,0.061912242628441166,0.07099889401802863,0.06400993343139964,0.06828461578823787
3.087999999999771,0.06191224165517008,0.07108780799123676,0.06403885631666442,0.06832780579585557
3.088999999999771,0.06191224068991564,0.07117586323073233,0.0640678762346847,0.06837128853276073
3.0899999999997707,0.06191223973282586,0.07126305336299496,0.06409699450958362,0.06841506598298716
3.0909999999997706,0.061912238784056425,0.07134937217369673,0.06412621246997217,0.0684591401440159
3.0919999999997705,0.06191223784377038,0.07143481360954318,0.06415553144900982,0.0685035130268663
3.0929999999997704,0.06191223691213754,0.07151937178010553,0.06418495278446529,0.06854818665618784
3.0939999999997703,0.06191223598933457,0.0716030409596457,0.06421447781877765,0.06859316307035247
3.09499999999977,0.06191223507554436,0.07168581558893276,0.06424410789911753,0.06863844432154763
3.09599999999977,0.06191223417095603,0.07176769027705304,0.06427384437744862,0.0686840324758699
3.09699999999977,0.0619122332757642,0.07184865980321262,0.06430368861058935,0.06872992961341924
3.09799999999977,0.061912232390169006,0.0719287191185334,0.0643336419602748,0.06877613782839395
3.0989999999997697,0.06191223151437544,0.07200786334784268,0.06436370579321882,0.06882265922918619
3.0999999999997696,0.0619122306485932,0.07208608779145702,0.06439388148117638,0.06886949593847816
3.1009999999997695,0.06191222979303626,0.07216338792696003,0.0644241704010062,0.06891665009333899
3.1019999999997694,0.06191222894792232,0.07223975941097523,0.06445457393473357,0.06896412384532227
3.1029999999997693,0.061912228113472544,0.07231519808093317,0.06448509346961337,0.0690119193605642
3.103999999999769,0.061912227289911054,0.07238969995683493,0.06451573039819337,0.06906003881988233
3.104999999999769,0.06191222647746437,0.07246326124301032,0.06454648611837785,0.0691084844188753
3.105999999999769,0.061912225676361066,0.07253587832987254,0.06457736203349125,0.06915725836802274
3.106999999999769,0.06191222488683112,0.0726075477956692,0.06460835955234231,0.06920636289278632
3.1079999999997687,0.06191222410910542,0.07267826640822977,0.06463948008928835,0.0692558002337113
3.1089999999997686,0.061912223343415194,0.07274803112671031,0.06467072506429972,0.06930557264652863
3.1099999999997685,0.06191222258999137,0.07281683910333514,0.06470209590302463,0.06935568240225796
3.1109999999997684,0.06191222184906388,0.07288468768513681,0.06473359403685425,0.06940613178731124
3.1119999999997683,0.061912221120861005,0.07295157441569364,0.06476522090298797,0.0694569231035971
3.112999999999768,0.06191222040560871,0.07301749703686555,0.06479697794449898,0.0695080586686258
3.113999999999768,0.0619122197035298,0.073082453490529,0.06482886661040013,0.06955954081561502
3.114999999999768,0.0619122190148432,0.0731464419203106,0.06486088835571002,0.06961137189359629
3.115999999999768,0.06191221833976294,0.0732094606733203,0.06489304464151943,0.0696635542675222
3.1169999999997677,0.061912217678497514,0.07327150830188406,0.06492533693505796,0.06971609031837434
3.1179999999997676,0.06191221703124859,0.07333258356527675,0.06495776670976097,0.06976898244327183
3.1189999999997675,0.06191221639821041,0.07339268543145525,0.06499033544533685,0.06982223305558083
3.1199999999997674,0.061912215779568444,0.07345181307879238,0.06502304462783445,0.06987584458502455
3.1209999999997673,0.061912215175498414,0.07350996589781161,0.065055895749711,0.06992981947779414
3.121999999999767,0.061912214586165075,0.07356714349292347,0.06508889030990016,0.06998416019666041
3.122999999999767,0.061912214011721,0.07362334568416307,0.06512202981388034,0.07003886922108603
3.123999999999767,0.06191221345230544,0.07367857250893045,0.06515531577374349,0.07009394904733873
3.124999999999767,0.06191221290804281,0.07373282422373213,0.0651887497082641,0.07014940218860533
3.1259999999997667,0.06191221237904126,0.07378610130592637,0.06522233314296841,0.07020523117510614
3.1269999999997666,0.06191221186539141,0.07383840445547075,0.06525606761020408,0.07026143855421073
3.1279999999997665,0.06191221136716469,0.07388973459667308,0.06528995464921009,0.07031802689055384
3.1289999999997664,0.0619122108844117,0.07394009287994621,0.06532399580618697,0.07037499876615268
3.1299999999997663,0.06191221041716043,0.07398948068356621,0.0653581926343674,0.07043235678052456
3.130999999999766,0.061912209965414834,0.07403789961543546,0.065392546694087,0.0704901035508056
3.131999999999766,0.06191220952915265,0.07408535151484957,0.06542705955285556,0.07054824171187005
3.132999999999766,0.061912209108323776,0.07413183845426942,0.06546173278542858,0.0706067739164506
3.133999999999766,0.06191220870284801,0.0741773627410983,0.06549656797387911,0.0706657028352594
3.1349999999997658,0.06191220831261323,0.0742219269194645,0.06553156670766994,0.07072503115710992
3.1359999999997656,0.061912207937473034,0.07426553377200926,0.06556673058372608,0.07078476158903955
3.1369999999997655,0.06191220757724476,0.07430818632168093,0.06560206120650774,0.07084489685643332
3.1379999999997654,0.061912207231706914,0.07434988783353526,0.06563756018808338,0.07090543970314797
3.1389999999997653,0.0619122069005971,0.07439064181654195,0.06567322914820341,0.07096639289163745
3.139999999999765,0.06191220658360926,0.07443045202539807,0.065709069714374,0.07102775920307869
3.140999999999765,0.061912206280391284,0.07446932246234808,0.0657450835219314,0.07108954143749874
3.141999999999765,0.061912205990542396,0.0745072573790113,0.06578127221411652,0.07115174241390233
3.142999999999765,0.06191220571361029,0.07454426127821616,0.06581763744214991,0.07121436497040064
3.1439999999997648,0.06191220544908859,0.07458033891584216,0.06585418086530713,0.07127741196434069
3.1449999999997647,0.06191220519641375,0.07461549530266928,0.06589090415099441,0.0713408862724358
3.1459999999997645,0.061912204954962316,0.07464973570623507,0.06592780897482481,0.07140479079089682
3.1469999999997644,0.06191220472404768,0.07468306565269922,0.0659648970206946,0.07146912843556426
3.1479999999997643,0.06191220450291727,0.07471549092871638,0.06600216998086011,0.07153390214204135
3.148999999999764,0.06191220429074912,0.07474701758331634,0.06603962955601497,0.07159911486582797
3.149999999999764,0.06191220408664888,0.0747776519297922,0.06607727745536769,0.07166476958245552
3.150999999999764,0.06191220388964633,0.07480740054759645,0.06611511539671966,0.07173086928762272
3.151999999999764,0.06191220369869217,0.07483627028424443,0.06615314510654349,0.07179741699733222
3.1529999999997638,0.06191220351265452,0.07486426825722577,0.06619136832006187,0.07186441574802828
3.1539999999997637,0.06191220333031558,0.07489140185592295,0.06622978678132663,0.07193186859673528
3.1549999999997635,0.06191220315036801,0.0749176787435373,0.06626840224329843,0.07199977862119723
3.1559999999997634,0.06191220297141142,0.07494310685902195,0.06630721646792667,0.0720681489200182
3.1569999999997633,0.061912202791948846,0.07496769441902186,0.06634623122622993,0.07213698261280367
3.157999999999763,0.06191220261038296,0.07499144991981987,0.06638544829837673,0.07220628284030293
3.158999999999763,0.061912202425012726,0.07501438213928945,0.06642486947376677,0.07227605276455232
3.159999999999763,0.061912202234029455,0.07503650013885269,0.06646449655111265,0.07234629556901957
3.160999999999763,0.061912202035513245,0.07505781326544433,0.06650433133852184,0.07241701445874903
3.161999999999763,0.061912201827429514,0.07507833115348005,0.06654437565357921,0.07248821266050787
3.1629999999997627,0.06191220160762494,0.07509806372682955,0.06658463132343,0.07255989342293337
3.1639999999997626,0.061912201373824166,0.07511702120079376,0.06662510018486315,0.07263206001668113
3.1649999999997624,0.06191220112362598,0.0751352140840849,0.06666578408439512,0.0727047157345743
3.1659999999997623,0.0619122008544998,0.07515265318080983,0.06670668487835416,0.07277786389175381
3.1669999999997622,0.06191220056378217,0.07516934959245526,0.06674780443296498,0.07285150782582966
3.167999999999762,0.06191220024867309,0.07518531471987494,0.06678914462443394,0.07292565089703325
3.168999999999762,0.06191219990623284,0.07520056026527712,0.06683070733903462,0.07300029648837054
3.169999999999762,0.06191219953337834,0.07521509823421302,0.06687249447319389,0.07307544800577659
3.170999999999762,0.06191219912688012,0.07522894093756417,0.06691450793357848,0.07315110887827089
3.1719999999997617,0.061912198683358954,0.07524210099352921,0.06695674963718194,0.07322728255811384
3.1729999999997616,0.0619121981992829,0.07525459132960845,0.06699922151141213,0.0733039725209642
3.1739999999997615,0.061912197670964335,0.0752664251845862,0.06704192549417913,0.07338118226603778
3.1749999999997613,0.06191219709455703,0.07527761611050973,0.06708486353398371,0.07345891531626704
3.1759999999997612,0.06191219646605365,0.07528817797466442,0.06712803759000621,0.07353717521846186
3.176999999999761,0.06191219578128302,0.07529812496154459,0.06717144963219593,0.07361596554347133
3.177999999999761,0.06191219503590799,0.07530747157481855,0.06721510164136102,0.07369528988634677
3.178999999999761,0.0619121942254231,0.07531623263928841,0.06725899560925887,0.07377515186650567
3.179999999999761,0.06191219334515263,0.07532442330284332,0.06730313353868697,0.07385555512789688
3.1809999999997607,0.06191219239024916,0.07533205903840538,0.06734751744357433,0.07393650333916688
3.1819999999997606,0.0619121913556914,0.07533915564586849,0.06739214934907332,0.07401800019382716
3.1829999999997605,0.06191219023628363,0.07534572925402873,0.06743703129165214,0.0741000494104228
3.1839999999997604,0.06191218902665401,0.07535179632250662,0.06748216531918766,0.07418265473270202
3.1849999999997602,0.061912187721254446,0.0753573736436601,0.06752755349105892,0.07426581992978713
3.18599999999976,0.06191218631435947,0.07536247834448845,0.06757319787824108,0.07434954879634643
3.18699999999976,0.061912184800066744,0.07536712788852659,0.0676191005633999,0.07443384515276737
3.18799999999976,0.061912183172296534,0.07537134007772942,0.06766526364098681,0.0745187128453309
3.18899999999976,0.06191218142479284,0.07537513305434594,0.06771168921733442,0.07460415574638692
3.1899999999997597,0.0619121795511237,0.07537852530278336,0.06775837941075268,0.074690177754531
3.1909999999997596,0.061912177544682714,0.07538153565146066,0.06780533635162546,0.07477678279478224
3.1919999999997595,0.06191217539869052,0.07538418327465181,0.06785256218250786,0.07486397481876238
3.1929999999997594,0.06191217310619687,0.0753864876943182,0.06790005905822388,0.07495175780487612
3.1939999999997593,0.061912170660083,0.0753884687819312,0.0679478291459648,0.07504013575849261
3.194999999999759,0.06191216805306449,0.07539014676028395,0.06799587462538802,0.07512911271212823
3.195999999999759,0.06191216527769459,0.07539154220529326,0.06804419768871654,0.07521869272563057
3.196999999999759,0.06191216232636821,0.0753926760477913,0.06809280054083898,0.07530887988636371
3.197999999999759,0.06191215919132597,0.0753935695753076,0.06814168539941019,0.07539967830939467
3.1989999999997587,0.0619121558646593,0.07539424443384188,0.06819085449495245,0.07549109213768122
3.1999999999997586,0.06191215233831568,0.07539472262962714,0.06824031007095718,0.07558312554226085
3.2009999999997585,0.06191214860410477,0.0753950265308846,0.0682900543839874,0.07567578272244116
3.2019999999997584,0.0619121446537049,0.07539517886956966,0.06834008970378061,0.0757690679059914
3.2029999999997583,0.06191214047867022,0.07539520274310993,0.06839041831335242,0.07586298534933547
3.203999999999758,0.06191213607043881,0.07539512161613621,0.06844104250910069,0.07595753933774602
3.204999999999758,0.06191213142034093,0.07539495932220545,0.06849196460091027,0.07605273418554002
3.205999999999758,0.06191212651960844,0.07539474006551775,0.06854318691225847,0.07614857423627568
3.206999999999758,0.06191212135938489,0.07539448842262651,0.06859471178032105,0.07624506386295052
3.2079999999997577,0.061912115930736034,0.07539422934414332,0.06864654155607881,0.07634220746820099
3.2089999999997576,0.061912106866759624,0.07539390848547099,0.06869837133185074,0.07634872341867191
3.2099999999997575,0.061912110509344725,0.07539359523524551,0.06874989619995578,0.07635528353235659
3.2109999999997574,0.06191215207369874,0.07539328941666103,0.06880111851137478,0.07636188810858041
3.2119999999997573,0.061912256384056466,0.0753929908570764,0.06885204060328347,0.07636853744869752
3.212999999999757,0.061912447875780395,0.07539269938790796,0.06890266479915916,0.07637523185610454
3.213999999999757,0.061912750597480894,0.07539241484452493,0.06895299340888673,0.07638197163625443
3.214999999999757,0.061913188213154786,0.07539213706614815,0.06900302872886405,0.07638875709667042
3.215999999999757,0.061913784004339535,0.07539186589575216,0.0690527730421067,0.07639558854696005
3.2169999999997567,0.06191456087228175,0.07539160117996917,0.06910222861835225,0.07640246629882928
3.2179999999997566,0.06191554134011785,0.07539134276899734,0.06915139771416366,0.07640939066609671
3.2189999999997565,0.061916747555065176,0.07539109051651031,0.06920028257303243,0.07641636196470797
3.2199999999997564,0.061918201290621915,0.07539084427957027,0.06924888542548081,0.07642338051274998
3.2209999999997563,0.06191992394877458,0.07539060391854323,0.06929720848916368,0.07643044663046565
3.221999999999756,0.06192193656221116,0.07539036929701687,0.06934525396896966,0.07643756064026835
3.222999999999756,0.061924259796539025,0.07539014028172068,0.06939302405712179,0.0764447228667567
3.223999999999756,0.06192691395250602,0.07538991674244835,0.06944052093327747,0.07645193363672935
3.224999999999756,0.06192991896822376,0.07538969855198238,0.06948774676462802,0.07645919327919988
3.2259999999997557,0.061933294421392296,0.07538948558602104,0.06953470370599744,0.07646650212541185
3.2269999999997556,0.06193705953152458,0.0753892777231071,0.06958139389994086,0.0764738605088539
3.2279999999997555,0.06194123316217012,0.07538907484455874,0.0696278194768422,0.07648126876527492
3.2289999999997554,0.06194583382313764,0.07538887683440224,0.0696739825550114,0.07648872723269942
3.2299999999997553,0.06195087967271464,0.07538868357930682,0.06971988524078111,0.07649623625144299
3.230999999999755,0.06195638851988465,0.07538849496852092,0.0697655296286028,0.07650379616412771
3.231999999999755,0.061962377826540314,0.07538831089381047,0.06981091780114224,0.07651140731569789
3.232999999999755,0.061968864709692845,0.07538813124939872,0.06985605182937463,0.07651907005343579
3.233999999999755,0.061975865943676475,0.07538795593190795,0.06990093377267902,0.07652678472697737
3.2349999999997547,0.06198339796234819,0.07538778484030222,0.06994556567893236,0.07653455168832843
3.2359999999997546,0.06199147686128216,0.07538761787583236,0.06998994958460285,0.07654237129188048
3.2369999999997545,0.06200011839995815,0.07538745494198192,0.0700340875148429,0.07655024389442702
3.2379999999997544,0.0620093380039446,0.07538729594441461,0.07007798148358156,0.07655816985517981
3.2389999999997543,0.062019150767074996,0.07538714079092344,0.07012163349361636,0.07656614953578521
3.239999999999754,0.06202957145361867,0.07538698939138078,0.07016504553670472,0.07657418330034073
3.240999999999754,0.06204061450044491,0.07538684165769007,0.07020821959365484,0.07658227151541162
3.241999999999754,0.06205229401918059,0.07538669750373875,0.07025115763441606,0.07659041455004761
3.242999999999754,0.062064623798361744,0.07538655684535206,0.07029386161816875,0.07659861277579975
3.2439999999997537,0.06207761730557838,0.07538641960024837,0.07033633349341374,0.07660686656673733
3.2449999999997536,0.0620912876896131,0.07538628568799596,0.07037857519806118,0.07661517629946502
3.2459999999997535,0.06210564778257347,0.07538615502997002,0.07042058865951893,0.07662354235313994
3.2469999999997534,0.06212071010201789,0.07538602754931158,0.07046237579478062,0.07663196510948907
3.2479999999997533,0.062136486853075636,0.07538590317088713,0.07050393851051302,0.07664044495282661
3.248999999999753,0.06215298993056081,0.07538578182124926,0.07054527870314306,0.07664898227007155
3.249999999999753,0.06217023092108046,0.07538566342859851,0.07058639825894437,0.07665757745076528
3.250999999999753,0.06218822110513681,0.07538554792274588,0.07062729905412336,0.07666623088708939
3.251999999999753,0.06220697145922445,0.07538543523507657,0.0706679829549048,0.07667494297388357
3.2529999999997528,0.06222649265792169,0.07538532529851433,0.070708451817617,0.07668371410866362
3.2539999999997526,0.06224679507597721,0.07538521804748724,0.07074870748877646,0.0766925446916396
3.2549999999997525,0.062267888790391406,0.07538511341789365,0.07078875180517219,0.07670143512573402
3.2559999999997524,0.06228978358249304,0.07538501134706944,0.0708285865939495,0.07671038581660036
3.2569999999997523,0.06231248894001167,0.0753849117737562,0.07086821367269332,0.07671939717264144
3.257999999999752,0.06233601405914537,0.07538481463806958,0.07090763484951118,0.07672846960502815
3.258999999999752,0.062360367846624166,0.07538471988146926,0.07094685192311573,0.07673760352771815
3.259999999999752,0.06238555892177007,0.07538462744672896,0.07098586668290675,0.07674679935747483
3.260999999999752,0.06241159561855256,0.07538453727790764,0.07102468090905284,0.07675605751388623
3.2619999999997518,0.0624384859876411,0.07538444932032116,0.07106329637257264,0.07676537841938426
3.2629999999997517,0.0624662377984537,0.07538436352051496,0.07110171483541561,0.07677476249926393
3.2639999999997515,0.06249485854120256,0.07538427982623687,0.07113993805054249,0.07678421018170282
3.2649999999997514,0.06252435542893627,0.07538419818641123,0.07117796776200519,0.07679372189778054
3.2659999999997513,0.06255473539957918,0.07538411855111317,0.07121580570502646,0.07680329808149843
3.266999999999751,0.06258600511796784,0.07538404087154374,0.07125345360607901,0.07681293916979937
3.267999999999751,0.06261817097788458,0.07538396510000565,0.0712909131829643,0.0768226456025877
3.268999999999751,0.06265123910408854,0.0753838911898795,0.07132818614489089,0.07683241782274931
3.269999999999751,0.06268521535434407,0.0753838190956006,0.07136527419255251,0.07684225627617189
3.2709999999997508,0.06272010532144674,0.07538374877263666,0.07140217901820559,0.07685216141176515
3.2719999999997507,0.06275591433524663,0.07538368017746543,0.07143890230574647,0.07686213368148143
3.2729999999997506,0.06279264746466952,0.07538361326755337,0.07147544573078826,0.07687217354033624
3.2739999999997504,0.06283030951973567,0.0753835480013348,0.07151181096073733,0.07688228144642907
3.2749999999997503,0.06286890505357626,0.07538348433819118,0.0715479996548693,0.0768924578609643
3.2759999999997502,0.06290843836444752,0.07538342223843124,0.07158401346440482,0.07690270324827217
3.27699999999975,0.0629489134977425,0.07538336166327164,0.07161985403258489,0.07691301807583002
3.27799999999975,0.06299033424800066,0.07538330257481757,0.07165552299474584,0.07692340281428367
3.27899999999975,0.06303270416091528,0.07538324493604448,0.07169102197839394,0.07693385793746878
3.27999999999975,0.06307602653533799,0.07538318871077979,0.07172635260327967,0.07694438392243254
3.2809999999997497,0.06312030442528149,0.07538313386368502,0.07176151648147164,0.07695498124945546
3.2819999999997496,0.06316554064191954,0.07538308036023868,0.0717965152174301,0.07696565040207323
3.2829999999997495,0.06321173775558434,0.0753830281667192,0.07183135040808021,0.07697639186709879
3.2839999999997493,0.06325889809776182,0.07538297725018836,0.07186602364288483,0.07698720613464458
3.2849999999997492,0.06330702376308356,0.07538292757847512,0.0719005365039171,0.07699809369814485
3.285999999999749,0.06335611661131665,0.07538287912015991,0.07193489056593265,0.07700905505437826
3.286999999999749,0.06340617826935038,0.07538283184455903,0.07196908739644138,0.07702009070349043
3.287999999999749,0.0634572101331801,0.0753827857217095,0.072003128555779,0.07703120114901685
3.288999999999749,0.06350921336988796,0.07538274072235444,0.0720370155971783,0.07704238689790582
3.2899999999997487,0.06356218891962069,0.07538269681792835,0.07207075006683991,0.07705364846054161
3.2909999999997486,0.06361613749756417,0.07538265398054307,0.07210433350400293,0.07706498635076767
3.2919999999997485,0.0636710595959144,0.07538261218297398,0.07213776744101513,0.07707640108591018
3.2929999999997484,0.0637269554858453,0.07538257139864625,0.0721710534034029,0.07708789318680162
3.2939999999997482,0.06378382521947257,0.0753825316016216,0.07220419290994078,0.07709946317780447
3.294999999999748,0.06384166863181431,0.07538249276658537,0.07223718747272086,0.07711111158683523
3.295999999999748,0.06390048534274737,0.07538245486883371,0.0722700385972217,0.0771228389453884
3.296999999999748,0.06396027475896007,0.07538241788426095,0.07230274778237704,0.07713464578856088
3.297999999999748,0.06402103607590048,0.07538238178934745,0.07233531652064423,0.07714653265507626
3.2989999999997477,0.06408276827972094,0.07538234656114762,0.07236774629807229,0.07715850008730943
3.2999999999997476,0.06414547014921793,0.07538231217727812,0.07240003859436968,0.07717054863131134
3.3009999999997475,0.06420914025776747,0.0753822786159063,0.07243219488297192,0.07718267883683394
3.3019999999997474,0.06427377697525638,0.07538224585573874,0.07246421663110873,0.07719489125735522
3.3029999999997472,0.06433937847000827,0.07538221387601035,0.07249610529987102,0.0772071864501045
3.303999999999747,0.06440594271070506,0.07538218265647334,0.07252786234427752,0.07721956497608783
3.304999999999747,0.06447346746830367,0.07538215217738654,0.0725594892133412,0.07723202740011353
3.305999999999747,0.0645419503179477,0.07538212241950484,0.07259098735013539,0.07724457429081816
3.306999999999747,0.06461138864087355,0.0753820933640689,0.07262235819185962,0.07725720622069221
3.3079999999997467,0.06468177962631198,0.07538206499279512,0.07265360316990518,0.0772699237661064
3.3089999999997466,0.06475312027338417,0.07538203728786545,0.07268472370992045,0.07728272750733794
3.3099999999997465,0.06482540739299206,0.07538201023191782,0.07271572123187592,0.07729561802859695
3.3109999999997464,0.06489863760970378,0.07538198380803647,0.07274659715012902,0.07730859591805318
3.3119999999997463,0.0649728073636333,0.07538195799974248,0.07277735287348863,0.0773216617678628
3.312999999999746,0.06504791291231453,0.07538193279098444,0.07280798980527937,0.07733481617419546
3.313999999999746,0.06512395033257,0.0753819081661296,0.07283850934340563,0.07734805973726146
3.314999999999746,0.06520091552237352,0.07538188410995442,0.07286891288041536,0.07736139306133918
3.315999999999746,0.06527880420270753,0.07538186060763631,0.07289920180356359,0.07737481675480261
3.3169999999997457,0.06535761191941472,0.07538183764474454,0.07292937749487574,0.07738833143014912
3.3179999999997456,0.06543733404504366,0.0753818152072319,0.07295944133121068,0.07740193770402735
3.3189999999997455,0.06551796578068914,0.0753817932814263,0.07298939468432356,0.07741563619726552
3.3199999999997454,0.06559950215782658,0.07538177185402252,0.07301923892092838,0.07742942753489956
3.3209999999997453,0.06568193804014064,0.07538175091207414,0.07304897540276035,0.07744331234620172
3.321999999999745,0.06576526812534884,0.07538173044298548,0.0730786054866381,0.07745729126470932
3.322999999999745,0.06584948694701881,0.07538171043450373,0.07310813052452544,0.07747136492825354
3.323999999999745,0.0659345888763809,0.07538169087471151,0.0731375518635932,0.07748553397898866
3.324999999999745,0.06602056812413458,0.07538167175201894,0.0731668708462806,0.07749979906342125
3.3259999999997447,0.06610741874225022,0.07538165305515634,0.07319608881035654,0.07751416083243974
3.3269999999997446,0.0661951346257653,0.07538163477316688,0.07322520708898064,0.0775286199413441
3.3279999999997445,0.06628370951457555,0.07538161689539924,0.07325422701076406,0.07754317704987569
3.3289999999997444,0.06637313699522163,0.07538159941150079,0.07328314989983012,0.07755783282224743
3.3299999999997443,0.06646341050267046,0.07538158231141016,0.07331197707587472,0.07757258792717409
3.330999999999744,0.0665545233220924,0.07538156558535086,0.07334070985422658,0.07758744303790276
3.331999999999744,0.0666464685906337,0.07538154922382395,0.07336934954590724,0.07760239883224367
3.332999999999744,0.06673923929918527,0.07538153321760199,0.07339789745769082,0.07761745599260098
3.333999999999744,0.06683282829414706,0.07538151755772216,0.07342635489216377,0.07763261520600402
3.3349999999997437,0.06692722827918894,0.0753815022354797,0.07345472314778419,0.07764787716413861
3.3359999999997436,0.06702243181700791,0.07538148724242183,0.07348300351894112,0.07766324256337859
3.3369999999997435,0.06711843133108275,0.07538147257034149,0.07351119729601362,0.07767871210481764
3.3379999999997434,0.06721521910742483,0.07538145821127115,0.07353930576542961,0.07769428649430123
3.3389999999997433,0.06731278729632714,0.07538144415747677,0.0735673302097246,0.07770996644245887
3.339999999999743,0.06741112791411072,0.075381430401452,0.0735952719076002,0.07772575266473648
3.340999999999743,0.06751023284486934,0.07538141693591233,0.07362313213398243,0.07774164588142912
3.341999999999743,0.0676100938422121,0.07538140375378932,0.07365091216007995,0.0777576468177137
3.342999999999743,0.06771070253100561,0.07538139084822511,0.07367861325344204,0.07777375620368229
3.3439999999997427,0.06781205040911456,0.0753813782125667,0.07370623667801639,0.0777899747743752
3.3449999999997426,0.06791412884914241,0.07538136584036079,0.07373378369420684,0.07780630326981469
3.3459999999997425,0.06801692910017151,0.07538135372534839,0.0737612555589309,0.0778227424350387
3.3469999999997424,0.06812044228950391,0.07538134186145948,0.07378865352567698,0.07783929302013474
3.3479999999997423,0.06822465942440292,0.07538133024280805,0.07381597884456174,0.07785595578027425
3.348999999999742,0.06832957139383551,0.07538131886368703,0.07384323276238702,0.07787273147574701
3.349999999999742,0.0684351689702166,0.07538130771856334,0.07387041652269678,0.07788962087199579
3.350999999999742,0.06854144281115547,0.07538129680207305,0.07389753136583381,0.0779066247396513
3.351999999999742,0.06864838346120415,0.07538128610901666,0.07392457852899635,0.0779237438545674
3.3529999999997417,0.06875598135360923,0.07538127563435461,0.07395155924629457,0.07794097899785647
3.3539999999997416,0.06886422681206682,0.07538126537320246,0.07397847474880678,0.07795833095592497
3.3549999999997415,0.0689731100524812,0.07538125532082662,0.07400532626463571,0.07797580052050948
3.3559999999997414,0.0690826211847277,0.07538124547263993,0.07403211501896448,0.07799338848871265
3.3569999999997413,0.06919275021442044,0.07538123582419756,0.07405884223411252,0.07801109566303975
3.357999999999741,0.06930348704468468,0.07538122637119252,0.07408550912959136,0.07802892285143513
3.358999999999741,0.06941482147793518,0.07538121710945177,0.07411211692216024,0.07804687086731918
3.359999999999741,0.06952674321766002,0.07538120803493242,0.07413866682588169,0.07806494052962543
3.360999999999741,0.0696392418702108,0.07538119914371744,0.07416516005217683,0.07808313266283787
3.3619999999997408,0.06975230694659967,0.07538119043201223,0.07419159780988073,0.07810144809702863
3.3629999999997406,0.06986592786430305,0.07538118189614068,0.07421798130529753,0.07811988766789581
3.3639999999997405,0.06998009394907284,0.07538117353254155,0.07424431174225547,0.07813845221680163
3.3649999999997404,0.07009479443675544,0.07538116533776526,0.07427059032216185,0.07815714259081082
3.3659999999997403,0.07021001847511832,0.07538115730847006,0.07429681824405783,0.07817595964272926
3.36699999999974,0.0703257551256854,0.07538114944141892,0.07432299670467316,0.07819490423114295
3.36799999999974,0.0704419933655802,0.07538114173347635,0.07434912689848071,0.07821397722045705
3.36899999999974,0.07055872208937845,0.07538113418160503,0.07437521001775109,0.07823317948093546
3.36999999999974,0.070675930110969,0.07538112678286296,0.07440124725260695,0.07825251188874048
3.3709999999997398,0.07079360616542399,0.07538111953440055,0.07442723979107736,0.07827197532597277
3.3719999999997397,0.07091173891087811,0.0753811124334575,0.07445318881915196,0.0782915706807116
3.3729999999997395,0.07103031693041748,0.07538110547736027,0.07447909552083506,0.07831129884705541
3.3739999999997394,0.07114932873397711,0.0753810986635193,0.07450496107819975,0.07833116072516254
3.3749999999997393,0.0712687627602484,0.07538109198942662,0.07453078667144175,0.07835115722129236
3.375999999999739,0.07138860737859527,0.0753810854526531,0.07455657347893331,0.07837128924784661
3.376999999999739,0.07150885089098016,0.07538107905084622,0.07458232267727696,0.07839155772341103
3.377999999999739,0.07162948153389856,0.07538107278172805,0.0746080354413592,0.07841196357279724
3.378999999999739,0.07175048748032267,0.07538106664309259,0.0746337129444041,0.078432507727085
3.3799999999997388,0.071871856841654,0.07538106063280411,0.07465935635802683,0.07845319112366461
3.3809999999997387,0.0719935776696838,0.07538105474879501,0.07468496685228712,0.07847401470627977
3.3819999999997385,0.07211563795856253,0.07538104898906398,0.07471054559574268,0.07849497942507057
3.3829999999997384,0.07223802564677637,0.07538104335167436,0.07473609375550247,0.07851608623661689
3.3839999999997383,0.07236072861913155,0.07538103783475233,0.07476161249727997,0.07853733610398203
3.384999999999738,0.07248373470874556,0.07538103243648553,0.07478710298544639,0.07855872999675664
3.385999999999738,0.07260703169904464,0.07538102715512154,0.07481256638308377,0.07858026889110299
3.386999999999738,0.07273060732576754,0.07538102198896661,0.07483800385203807,0.07860195376979946
3.387999999999738,0.07285444927897408,0.07538101693638455,0.07486341655297217,0.07862378562228549
3.3889999999997378,0.07297854520505889,0.07538101199579555,0.07488880564541883,0.07864576544470656
3.3899999999997377,0.0731028827087687,0.07538100716567529,0.07491417228783362,0.07866789423995979
3.3909999999997376,0.07322744935522282,0.07538100244455406,0.07493951763764772,0.07869017301773963
3.3919999999997374,0.07335223267193618,0.07538099783101608,0.07496484285132081,0.07871260279458395
3.3929999999997373,0.07347722015084361,0.07538099332369903,0.07499014908439378,0.07873518459392041
3.3939999999997372,0.07360239925032494,0.07538098892129344,0.07501543749154144,0.07875791944611316
3.394999999999737,0.07372775739722942,0.07538098462254253,0.07504070922662529,0.07878080838850987
3.395999999999737,0.07385328198889891,0.07538098042624179,0.07506596544274607,0.07880385246548906
3.396999999999737,0.07397896039518843,0.07538097633123929,0.07509120729229646,0.07882705272850768
3.397999999999737,0.07410477996048319,0.07538097233643556,0.0751164359270136,0.07885041023614925
3.3989999999997367,0.07423072800571051,0.07538096844078396,0.07514165249803167,0.07887392605417201
3.3999999999997366,0.07435679183034634,0.07538096464329097,0.0751668581559344,0.07889760125555756
3.4009999999997365,0.07448295871441342,0.07538096094301668,0.07519205405080756,0.0789214369205599
3.4019999999997363,0.07460921592047166,0.07538095733907596,0.07521724133229148,0.0789454341367547
3.4029999999997362,0.07473555069559816,0.07538095383063867,0.07524242114963346,0.07896959399908884
3.403999999999736,0.07486195027335539,0.07538095041693123,0.07526759465174025,0.07899391760993048
3.404999999999736,0.07498840187574699,0.07538094709723767,0.07529276298723042,0.0790184060791193
3.405999999999736,0.0751148927151585,0.07538094387090082,0.07531792730448682,0.07904306052401713
3.406999999999736,0.07524140999628218,0.07538094073732406,0.0753430887517089,0.07906788206955896
3.4079999999997357,0.0753679409180241,0.07538093769597318,0.07536824847696524,0.07909287184830428
3.4089999999997356,0.07549447267539171,0.07538093474637791,0.0753934076282458,0.07911803100048871
3.4099999999997355,0.07562099254300639,0.07538093188724589,0.07541856735351435,0.0791433606740761
3.4109999999997354,0.0757474879603646,0.07538092911555949,0.07544372880076088,0.07916886202481081
3.4119999999997352,0.07587394644689036,0.07538092642752675,0.0754688931180539,0.07919453621627053
3.412999999999735,0.07600035551857559,0.07538092381950862,0.07549406145359291,0.07922038441991933
3.413999999999735,0.07612670268984381,0.0753809212880149,0.07551923495576078,0.07924640781516114
3.414999999999735,0.07625297547542563,0.07538091882969954,0.07554441477317606,0.0792726075893935
3.415999999999735,0.07637916139224675,0.0753809164413563,0.07556960205474549,0.07929898493806185
3.4169999999997347,0.07650524796132893,0.07538091411991431,0.07559479794971638,0.07932554106471396
3.4179999999997346,0.0766312227097036,0.07538091186243384,0.07562000360772907,0.07935227718105492
3.4189999999997345,0.07675707317233903,0.07538090966610196,0.07564522017886934,0.0793791945070024
3.4199999999997344,0.07688278689408108,0.0753809075282286,0.07567044881372093,0.07940629427074232
3.4209999999997343,0.07700835143160764,0.075380905446242,0.07569569066341801,0.07943357770878487
3.421999999999734,0.07713375435539671,0.07538090341768515,0.07572094687969774,0.07946104606602096
3.422999999999734,0.07725898325170817,0.07538090144021146,0.0757462186149528,0.079488700595779
3.423999999999734,0.07738402572457957,0.07538089951158128,0.07577150702228394,0.07951654255988211
3.424999999999734,0.07750886939783512,0.07538089762965759,0.07579681325555265,0.07954457322870565
3.4259999999997337,0.07763350191710876,0.07538089579240273,0.07582213846943378,0.07957279388123524
3.4269999999997336,0.07775791095187992,0.07538089399787455,0.07584748381946824,0.07960120580512511
3.4279999999997335,0.07788208419752278,0.07538089224422292,0.07587285046211567,0.07962981029675677
3.4289999999997334,0.07800600937736796,0.07538089052968623,0.07589823955480732,0.0796586086612983
3.4299999999997333,0.07812967424477711,0.07538088885258823,0.07592365225599872,0.07968760221276378
3.430999999999733,0.07825306658522893,0.07538088721133437,0.07594908972522266,0.07971679227407329
3.431999999999733,0.07837617421841744,0.0753808856044089,0.07597455312314202,0.07974618017711331
3.432999999999733,0.07849898500036076,0.07538088403037187,0.07600004361160279,0.07977576726279746
3.433999999999733,0.07862148682552139,0.07538088248785584,0.07602556235368702,0.07980555488112764
3.4349999999997327,0.07874366762893564,0.0753808809755631,0.07605111051376592,0.07983554439125574
3.4359999999997326,0.07886551538835358,0.07538087949226298,0.07607668925755301,0.07986573716154549
3.4369999999997325,0.07898701812638735,0.07538087803678885,0.07610229975215727,0.07989613456963508
3.4379999999997324,0.07910816391266798,0.07538087660803588,0.07612794316613639,0.07992673800249989
3.4389999999997323,0.07922894086601016,0.07538087520495812,0.07615362066955013,0.07995754885651578
3.439999999999732,0.07934933715658371,0.07538087382656627,0.07617933343401369,0.07998856853752291
3.440999999999732,0.0794693410080916,0.07538087247192518,0.07620508263275115,0.08001979846088977
3.441999999999732,0.07958894069995377,0.07538087114015173,0.07623086944064904,0.08005124005157783
3.442999999999732,0.07970812456949558,0.07538086983041255,0.07625669503430987,0.08008289474420649
3.4439999999997317,0.07982688101414083,0.07538086854192193,0.07628256059210593,0.08011476398311863
3.4449999999997316,0.07994519849360798,0.07538086727393976,0.07630846729423298,0.08014684922244646
3.4459999999997315,0.08006306553210935,0.07538086602576968,0.0763344163227641,0.08017915192617786
3.4469999999997314,0.08018047072055233,0.07538086479675714,0.07636040886170364,0.08021167356822317
3.4479999999997313,0.0802974027187418,0.07538086358628773,0.07638644609704127,0.08024441563248251
3.448999999999731,0.08041385025758314,0.07538086239378533,0.07641252921680607,0.08027737961291342
3.449999999999731,0.08052980214128508,0.07538086121871054,0.0764386594111207,0.08031056701359904
3.450999999999731,0.08064524724956164,0.07538086006055925,0.07646483787225579,0.08034397934881678
3.451999999999731,0.0807601745398326,0.07538085891886101,0.07649106579468427,0.08037761814310736
3.4529999999997307,0.08087457304942153,0.07538085779317756,0.0765173443751359,0.08041148493134437
3.4539999999997306,0.08098843189775085,0.07538085668310161,0.07654367481265185,0.08044558125880438
3.4549999999997305,0.08110174028853331,0.07538085558825568,0.07657005830863944,0.08047990868123732
3.4559999999997304,0.08121448751195941,0.0753808545082905,0.07659649606692696,0.08051446876493762
3.4569999999997303,0.08132666294687935,0.0753808534428842,0.07662298929381857,0.08054926308681555
3.45799999999973,0.08143825606298014,0.07538085239174093,0.07664953919814936,0.08058429323446924
3.45899999999973,0.08154925642295632,0.07538085135459013,0.07667614699134048,0.08061956080625704
3.45999999999973,0.081659653684674,0.07538085033118523,0.0767028138874545,0.08065506741137062
3.46099999999973,0.08176943760332778,0.0753808493213028,0.07672954110325066,0.08069081466990816
3.4619999999997297,0.08187859803359036,0.07538084832474176,0.07675632985824053,0.08072680421294848
3.4629999999997296,0.08198712493175374,0.07538084734132244,0.07678318137474358,0.08076303768262533
3.4639999999997295,0.0820950083578617,0.07538084637088582,0.07681009687794295,0.08079951673220237
3.4649999999997294,0.082202238477834,0.07538084541329268,0.07683707759594141,0.08083624302614864
3.4659999999997293,0.08230880556558078,0.07538084446842296,0.07686412475981731,0.0808732182402144
3.466999999999729,0.08241470000510728,0.07538084353617505,0.07689123960368084,0.08091044406150773
3.467999999999729,0.08251991229260905,0.0753808426164653,0.07691842336473027,0.08094792218857139
3.468999999999729,0.08262443303855643,0.0753808417092271,0.07694567728330844,0.08098565433146035
3.469999999999729,0.08272825296976911,0.0753808408144106,0.07697300260295933,0.0810236422118199
3.4709999999997287,0.08283136293147954,0.07538083993198194,0.07700040057048484,0.08106188756296408
3.4719999999997286,0.08293375388938584,0.07538083906192308,0.07702787243600162,0.08110039212995486
3.4729999999997285,0.08303541693169333,0.07538083820423082,0.07705541945299817,0.0811391576696817
3.4739999999997284,0.08313634327114562,0.07538083735891678,0.077083042878392,0.08117818595094181
3.4749999999997283,0.08323652424704386,0.0753808365260067,0.07711074397258698,0.0812174787545207
3.475999999999728,0.08333595132725499,0.07538083570554024,0.07713852399953088,0.08125703787327361
3.476999999999728,0.08343461611020894,0.07538083489757036,0.07716638422677298,0.08129686511220717
3.477999999999728,0.0835325103268841,0.07538083410216306,0.07719432592552199,0.08133696228856185
3.478999999999728,0.08362962584278213,0.07538083331939718,0.07722235037070398,0.08137733123189483
3.4799999999997278,0.08372595465989123,0.07538083254936372,0.07725045884102058,0.08141797378416353
3.4809999999997276,0.08382148891863826,0.07538083179216581,0.07727865261900736,0.08145889179980957
3.4819999999997275,0.08391622089983021,0.0753808310479183,0.07730693299109227,0.08150008714584348
3.4829999999997274,0.0840101430265846,0.07538083031674744,0.0773353012476544,0.08154156170192978
3.4839999999997273,0.08410324786624912,0.07538082959879065,0.07736375868308287,0.0815833173604729
3.484999999999727,0.08419552813231079,0.07538082889419608,0.0773923065958358,0.08162535602670337
3.485999999999727,0.08428697668629527,0.07538082820312256,0.07742094628849969,0.08166767961876485
3.486999999999727,0.08437758653965491,0.07538082752573919,0.0774496790678487,0.0817102900678016
3.487999999999727,0.0844673508556482,0.0753808268622252,0.07747850624490443,0.0817531893180466
3.4889999999997268,0.08455626295120862,0.07538082621276938,0.07750742913499563,0.08179637932691032
3.4899999999997267,0.08464431629880455,0.07538082557757034,0.07753644905781823,0.08183986206506992
3.4909999999997265,0.08473150452828981,0.07538082495683561,0.07756556733749563,0.08188363951655932
3.4919999999997264,0.08481782142874564,0.07538082435078203,0.07759478530263902,0.08192771367885955
3.4929999999997263,0.08490326095031372,0.07538082375963491,0.07762410428640809,0.08197208656299008
3.493999999999726,0.08498781720602125,0.07538082318362818,0.07765352562657177,0.08201676019360042
3.494999999999726,0.08507148447359796,0.0753808226230039,0.07768305066556934,0.08206173660906257
3.495999999999726,0.08515425719728568,0.07538082207801193,0.07771268075057167,0.08210701786156407
3.496999999999726,0.08523612998964013,0.07538082154890988,0.07774241723354265,0.08215260601720153
3.4979999999997258,0.08531709763332618,0.07538082103596243,0.07777226147130091,0.08219850315607498
3.4989999999997257,0.08539715508290659,0.07538082053944144,0.07780221482558175,0.08224471137238278
3.4999999999997256,0.0854762974666239,0.07538082005962522,0.07783227866309922,0.08229123277451711
3.5009999999997254,0.08555452008817678,0.07538081959679849,0.07786245435560851,0.08233806948516029
3.5019999999997253,0.08563181842849076,0.07538081915125186,0.07789274327996856,0.08238522364138148
3.5029999999997252,0.08570818814748354,0.07538081872328131,0.07792314681820484,0.08243269739473436
3.503999999999725,0.08578362508582564,0.07538081831318817,0.07795366635757243,0.08248049291135513
3.504999999999725,0.08585812526669614,0.07538081792127829,0.07798430329061935,0.0825286123720615
3.505999999999725,0.08593168489753468,0.07538081754786181,0.07801505901525004,0.08257705797245207
3.506999999999725,0.0860043003717891,0.07538081719325257,0.07804593493478916,0.08262583192300661
3.5079999999997247,0.08607596827066018,0.07538081685776772,0.07807693245804567,0.08267493644918684
3.5089999999997246,0.08614668536484249,0.07538081654172701,0.07810805299937705,0.08272437379153806
3.5099999999997245,0.08621644861626337,0.07538081624545244,0.07813929797875387,0.08277414620579128
3.5109999999997243,0.08628525517981844,0.07538081596926738,0.07817066882182454,0.08282425596296623
3.5119999999997242,0.08635310240510609,0.07538081571349615,0.07820216695998045,0.08287470534947497
3.512999999999724,0.08641998783815916,0.07538081547846338,0.07823379383042116,0.08292549666722612
3.513999999999724,0.0864859092231761,0.07538081526449292,0.07826555087622006,0.08297663223373006
3.514999999999724,0.08655086450425065,0.07538081507190758,0.0782974395463902,0.0830281143822045
3.515999999999724,0.08661485182710088,0.07538081490102798,0.07832946129595036,0.08307994546168106
3.5169999999997237,0.08667786954079766,0.07538081475217168,0.07836161758599154,0.08313212783711241
3.5179999999997236,0.08673991619949364,0.0753808146256526,0.0783939098837435,0.08318466388948015
3.5189999999997235,0.08680099056415205,0.07538081452177973,0.07842633966264184,0.08323755601590356
3.5199999999997234,0.08686109160427638,0.07538081444085633,0.07845890840239508,0.08329080662974879
3.5209999999997232,0.08692021849964078,0.0753808143831787,0.07849161758905233,0.08334441816073916
3.521999999999723,0.08697837064202242,0.07538081434903518,0.07852446871507097,0.08339839305506591
3.522999999999723,0.08703554763693479,0.07538081433870505,0.07855746327938483,0.08345273377549986
3.523999999999723,0.08709174930536331,0.07538081435245712,0.07859060278747254,0.0835074428015038
3.524999999999723,0.0871469756855034,0.07538081439054849,0.07862388875142626,0.08356252262934553
3.5259999999997227,0.08720122703450105,0.07538081445322314,0.0786573226900206,0.08361797577221189
3.5269999999997226,0.08725450383019633,0.07538081454071073,0.07869090612878203,0.08367380476032335
3.5279999999997225,0.08730680677287034,0.07538081465322473,0.07872464060005838,0.08373001214104946
3.5289999999997224,0.0873581367869956,0.07538081479096113,0.07875852764308883,0.08378660047902511
3.5299999999997222,0.08740849502299067,0.07538081495409665,0.07879256880407409,0.08384357235626755
3.530999999999722,0.08745788285897882,0.07538081514278702,0.07882676563624702,0.08390093037229418
3.531999999999722,0.08750630190255136,0.0753808153571653,0.07886111969994342,0.08395867714424117
3.532999999999722,0.08755375399253582,0.07538081559733982,0.07889563256267325,0.08401681530698286
3.533999999999722,0.08760024120076934,0.07538081586339244,0.0789303057991922,0.08407534751325203
3.5349999999997217,0.08764576583387747,0.07538081615537616,0.07896514099157352,0.0841342764337609
3.5359999999997216,0.0876903304350588,0.07538081647331343,0.07900013972928013,0.08419360475732299
3.5369999999997215,0.08773393778587554,0.07538081681719369,0.07903530360923729,0.08425333519097582
3.5379999999997214,0.0877765909080506,0.07538081718697097,0.07907063423590532,0.08431347046010444
3.5389999999997213,0.08781829306527074,0.07538081758256181,0.0791061332213529,0.08437401330856573
3.539999999999721,0.0878590477649972,0.07538081800384262,0.0791418021853306,0.08443496649881366
3.540999999999721,0.08789885876028264,0.07538081845064716,0.07917764275534477,0.08449633281202529
3.541999999999721,0.08793773005159575,0.07538081892276395,0.07921365656673182,0.0845581150482277
3.542999999999721,0.08797566588865315,0.07538081941993349,0.07924984526273286,0.08462031602642577
3.5439999999997207,0.08801267077225873,0.07538081994184555,0.0792862104945686,0.0846829385847307
3.5449999999997206,0.08804874945615089,0.07538082048813607,0.07932275392151476,0.0847459855804896
3.5459999999997205,0.08808390694885736,0.0753808210583846,0.07935947721097779,0.08480945989041591
3.5469999999997204,0.08811814851555845,0.07538082165211082,0.07939638203857087,0.08487336441072053
3.5479999999997203,0.08815147967995769,0.07538082226877169,0.07943347008819046,0.08493770205724406
3.54899999999972,0.08818390622616107,0.07538082290775817,0.07947074305209308,0.08500247576558984
3.54999999999972,0.08821543420056381,0.07538082356839194,0.0795082026309725,0.08506768849125779
3.55099999999972,0.08824606991374578,0.07538082424992204,0.07954585053403741,0.08513334320977944
3.55199999999972,0.08827581994237435,0.07538082495152147,0.07958368847908938,0.08519944291685357
3.5529999999997197,0.08830469113111554,0.07538082567228381,0.07962171819260118,0.08526599062848292
3.5539999999997196,0.08833269059455262,0.07538082641121936,0.07965994140979565,0.08533298938111183
3.5549999999997195,0.08835982571911259,0.07538082716725206,0.07969835987472484,0.08540044223176481
3.5559999999997194,0.08838610416499999,0.07538082793921531,0.07973697534034954,0.08546835225818591
3.5569999999997193,0.08841153386813762,0.07538082872584875,0.07977578956861933,0.08553672255897932
3.557999999999719,0.08843612304211461,0.07538082952579403,0.07981480433055294,0.0856055562537506
3.558999999999719,0.08845988018014062,0.07538083033759153,0.07985402140631906,0.08567485648324913
3.559999999999719,0.0884828140570065,0.07538083115967621,0.07989344258531758,0.08574462640951135
3.560999999999719,0.08850493373105064,0.07538083199037406,0.07993306966626124,0.08581486921600506
3.5619999999997187,0.08852624854613077,0.07538083282789802,0.07997290445725766,0.08588558810777472
3.5629999999997186,0.08854676813360042,0.0753808336703443,0.0800129487758919,0.08595678631158758
3.5639999999997185,0.0885665024142902,0.07538083451568851,0.08005320444930936,0.08602846707608103
3.5649999999997184,0.08858546160049251,0.07538083536178175,0.08009367331429912,0.08610063367191073
3.5659999999997183,0.08860365619794953,0.07538083620634703,0.08013435721737783,0.08617328939189997
3.566999999999718,0.08862109700784436,0.07538083704697525,0.08017525801487389,0.08624643755118977
3.567999999999718,0.08863779512879333,0.07538083788112154,0.08021637757301218,0.0863200814873902
3.568999999999718,0.0886537619588406,0.07538083870610165,0.08025771776799921,0.08639422456073276
3.569999999999718,0.08866900919745274,0.07538083951908814,0.08029928048610872,0.08646887015422353
3.5709999999997177,0.08868354884751378,0.07538084031710701,0.08034106762376775,0.08654402167379766
3.5719999999997176,0.08869739321731918,0.07538084109703411,0.08038308108764318,0.08661968254847473
3.5729999999997175,0.08871055492256873,0.07538084185559171,0.08042532279472872,0.08669585623051522
3.5739999999997174,0.0887230468883571,0.07538084258934537,0.0804677946724324,0.08677254619557803
3.5749999999997173,0.08873488235116159,0.07538084329470052,0.08051049865866444,0.08684975594287905
3.575999999999717,0.08874607486082647,0.07538084396789971,0.08055343670192579,0.08692748899535085
3.576999999999717,0.08875663828254268,0.07538084460501945,0.08059661076139693,0.08700574889980342
3.577999999999717,0.08876658679882293,0.07538084520196754,0.08064002280702733,0.08708453922708595
3.578999999999717,0.08877593491147112,0.07538084575448058,0.0806836748196253,0.08716386357224984
3.5799999999997167,0.08878469744354522,0.07538084625812133,0.08072756879094836,0.0872437255547127
3.5809999999997166,0.08879288954131366,0.07538084670827686,0.08077170672379419,0.0873241288184235
3.5819999999997165,0.08880052667620361,0.07538084710015609,0.08081609063209194,0.0874050770320288
3.5829999999997164,0.0888076246467421,0.07538084742878842,0.08086072254099413,0.08748657388904021
3.5839999999997163,0.08881419958048754,0.07538084768902203,0.08090560448696912,0.08756862310800292
3.584999999999716,0.08882026793595289,0.07538084787552245,0.08095073851789393,0.08765122843266525
3.585999999999716,0.088825846504519,0.07538084798277171,0.08099612669314776,0.08773439363214962
3.586999999999716,0.08883095241233821,0.07538084800506749,0.08104177108370593,0.08781812250112443
3.587999999999716,0.08883560312222757,0.07538084793652286,0.08108767377223436,0.08790241885997727
3.5889999999997158,0.08883981643555165,0.07538084777106582,0.08113383685318461,0.08798728655498918
3.5899999999997156,0.08884361049409445,0.07538084750243988,0.08118026243288945,0.08807272945851015
3.5909999999997155,0.08884700378192045,0.07538084712420427,0.08122695262965898,0.0881587514691359
3.5919999999997154,0.08885001512722446,0.07538084662973508,0.08127390957387726,0.08824535651188563
3.5929999999997153,0.08885266370417032,0.07538084601222647,0.0813211354080995,0.0883325485383812
3.593999999999715,0.08885496903471857,0.07538084526469242,0.08136863228714988,0.08842033152702743
3.594999999999715,0.08885695099044255,0.07538084437996873,0.08141640237821982,0.08850870948319356
3.595999999999715,0.08885862979433368,0.07538084335071574,0.08146444786096685,0.0885976864393961
3.596999999999715,0.08886002602259568,0.07538084216942126,0.08151277092761415,0.08868726645548276
3.5979999999997148,0.0888611606064279,0.0753808408284041,0.08156137378305049,0.08877745361881774
3.5989999999997146,0.08886205483379804,0.07538083931981794,0.08161025864493088,0.08886825204446817
3.5999999999997145,0.08886273035120458,0.07538083763565619,0.08165942774377771,0.08895966587539195
3.6009999999997144,0.08886320916542918,0.0753808357677568,0.0817088833230826,0.08905169928262667
3.6019999999997143,0.0888635136452793,0.07538083370780772,0.08175862763940869,0.08914435646548008
3.602999999999714,0.08886366652332117,0.07538083144735383,0.08180866296249364,0.08923764165172154
3.603999999999714,0.08886369089760447,0.07538082897780295,0.0818589915753532,0.08933155909777506
3.604999999999714,0.08886361023337787,0.07538082629043402,0.0819096157743854,0.08942611308891343
3.605999999999714,0.08886344836479643,0.07538082337640482,0.08196053786947521,0.08952130793945375
3.6069999999997138,0.08886322949662177,0.07538082022676135,0.08201176018410013,0.08961714799295431
3.6079999999997137,0.08886297820591464,0.07538081683244703,0.08206328505543603,0.0897136376224128
3.6089999999997135,0.0888627194437207,0.07538081318431333,0.08211511483446389,0.08981078123046579
3.6099999999997134,0.08886239928559754,0.07538080901386567,0.0821669446134934,0.0898172971809585
3.6109999999997133,0.08886208673814372,0.07538081736715914,0.08221846948483426,0.08982385729466512
3.611999999999713,0.08886178162421064,0.07538086346338932,0.08226969179946743,0.08983046187091104
3.612999999999713,0.08886148377083923,0.07538097213073762,0.0823206138945688,0.08983711121105038
3.613999999999713,0.08886119300915093,0.07538116780848776,0.08237123809361582,0.0898438056184798
3.614999999999713,0.08886090917424125,0.07538147454916046,0.08242156670649353,0.08985054539865221
3.6159999999997128,0.08886063210507744,0.07538191602066444,0.08247160202959994,0.08985733085909091
3.6169999999997127,0.08886036164439856,0.07538251550846166,0.08252134634595078,0.08986416230940339
3.6179999999997126,0.08886009763861877,0.07538329591774547,0.08257080192528371,0.0898710400612956
3.6189999999997124,0.08885983993773362,0.07538427977562888,0.0826199710241619,0.0898779644285862
3.6199999999997123,0.0888595883952288,0.07538548923334229,0.08266885588607695,0.08988493572722075
3.6209999999997122,0.08885934286799199,0.07538694606843888,0.08271745874155127,0.08989195427528626
3.621999999999712,0.08885910321622704,0.07538867168700561,0.08276578180823986,0.08989902039302555
3.622999999999712,0.08885886930337081,0.07539068712587936,0.0828138272910315,0.08990613440285206
3.623999999999712,0.08885864099601219,0.07539301305486652,0.08286159738214934,0.08991329662936436
3.624999999999712,0.08885841816381392,0.07539566977896453,0.08290909426125094,0.08992050739936114
3.6259999999997117,0.08885820067943619,0.0753986772405847,0.08295632009552772,0.08992776704185595
3.6269999999997116,0.08885798841846282,0.07540205502177581,0.08300327703980385,0.08993507588809238
3.6279999999997115,0.08885778125932933,0.07540582234644606,0.08304996723663458,0.08994243427155903
3.6289999999997113,0.0888575790832531,0.07540999808258413,0.08309639281640394,0.08994984252800482
3.6299999999997112,0.08885738177416554,0.07541460074447776,0.08314255589742203,0.08995730099545429
3.630999999999711,0.08885718921864622,0.07541964849492931,0.08318845858602163,0.08996481001422296
3.631999999999711,0.08885700130585862,0.07542515914746735,0.08323410297665429,0.08997236992693296
3.632999999999711,0.08885681792748813,0.07543115016855492,0.08327949115198596,0.0899799810785286
3.633999999999711,0.0888566389776812,0.07543763867979243,0.08332462518299197,0.08998764381629212
3.6349999999997107,0.08885646435298644,0.0754446414601159,0.08336950712905149,0.08999535848985951
3.6359999999997106,0.08885629395229759,0.07545217494798946,0.08341413903804157,0.09000312545123655
3.6369999999997105,0.08885612767679758,0.07546025524359255,0.08345852294643054,0.09001094505481473
3.6379999999997104,0.0888559654299043,0.07546889811100106,0.08350266087937096,0.0900188176573876
3.6389999999997102,0.088855807117218,0.07547811898036225,0.08354655485079197,0.09002674361816689
3.63999999999971,0.08885565264646975,0.07548793295006354,0.08359020686349125,0.09003472329879897
3.64099999999971,0.08885550192747164,0.07549835478889465,0.08363361890922634,0.09004275706338134
3.64199999999971,0.08885535487206815,0.075509398938204,0.08367679296880556,0.0900508452784793
3.64299999999971,0.08885521139408858,0.07552107951404767,0.08371973101217836,0.09005898831314253
3.6439999999997097,0.08885507140930125,0.07553341030933287,0.08376243499852526,0.09006718653892211
3.6449999999997096,0.08885493483536828,0.07554640479595465,0.08380490687634716,0.0900754403298873
3.6459999999997095,0.08885480159180223,0.07556007612692595,0.08384714858355433,0.09008375006264277
3.6469999999997094,0.08885467159992322,0.0755744371385023,0.08388916204755478,0.09009211611634567
3.6479999999997093,0.08885454478281765,0.07558950035229967,0.08393094918534225,0.09010053887272297
3.648999999999709,0.0888544210652976,0.07560527797740667,0.0839725119035836,0.09010901871608888
3.649999999999709,0.08885430037386169,0.0756217819124913,0.08401385209870588,0.09011755603336236
3.650999999999709,0.08885418263665658,0.07563902374790153,0.08405497165698285,0.09012615121408482
3.651999999999709,0.08885406778343959,0.07565701476776095,0.08409587245462104,0.09013480465043787
3.6529999999997087,0.08885395574554246,0.07567576595205888,0.08413655635784532,0.09014351673726119
3.6539999999997086,0.08885384645583566,0.075695287978736,0.08417702522298409,0.09015228787207057
3.6549999999997085,0.08885373984869396,0.07571559122576454,0.084217280896554,0.09016111845507607
3.6559999999997084,0.08885363585996266,0.07573668577322433,0.08425732521534415,0.09017000888920022
3.6569999999997083,0.08885353442692476,0.07575858140537448,0.08429716000649996,0.09017895958009649
3.657999999999708,0.08885343548826885,0.07578128761272065,0.08433678708760647,0.0901879709361677
3.658999999999708,0.08885333898405809,0.07580481359407872,0.08437620826677134,0.09019704336858475
3.659999999999708,0.08885324485569969,0.07582916825863442,0.0844154253427073,0.09020617729130533
3.660999999999708,0.08885315304591512,0.07585436022799957,0.08445444010481422,0.09021537312109275
3.6619999999997077,0.0888530634987114,0.07588039783826502,0.08449325433326084,0.09022463127753512
3.6629999999997076,0.08885297615935277,0.07590728914205036,0.08453186979906589,0.09023395218306433
3.6639999999997075,0.08885289097433331,0.07593504191055048,0.08457028826417895,0.0902433362629754
3.6649999999997074,0.08885280789135003,0.07596366363557946,0.08460851148156083,0.09025278394544589
3.6659999999997073,0.08885272685927677,0.07599316153161191,0.08464654119526357,0.09026229566155541
3.666999999999707,0.08885264782813865,0.07602354253782122,0.08468437914051001,0.09027187184530532
3.667999999999707,0.08885257074908734,0.076054813320116,0.08472202704377296,0.0902815129336385
3.668999999999707,0.08885249557437666,0.07608698027317365,0.08475948662285399,0.09029121936645929
3.669999999999707,0.08885242225733911,0.07612004952247199,0.08479675958696176,0.09030099158665358
3.6709999999997067,0.08885235075236256,0.07615402692631872,0.0848338476367901,0.09031083004010906
3.6719999999997066,0.08885228101486792,0.07618891807787859,0.08487075246459552,0.09032073517573545
3.6729999999997065,0.08885221300128703,0.07622472830719865,0.0849074757542745,0.09033070744548509
3.6739999999997064,0.08885214666904141,0.07626146268323175,0.08494401918144023,0.09034074730437348
3.6749999999997063,0.08885208197652109,0.07629912601585719,0.08498038441349916,0.09035085521050014
3.675999999999706,0.08885201888306442,0.07633772285790069,0.085016573109727,0.09036103162506941
3.676999999999706,0.08885195734893801,0.07637725750715113,0.08505258692134453,0.09037127701241154
3.677999999999706,0.08885189733531731,0.07641773400837627,0.08508842749159282,0.09038159184000391
3.678999999999706,0.08885183880426763,0.07645915615533586,0.08512409645580829,0.0903919765784923
3.6799999999997057,0.08885178171872538,0.07650152749279292,0.08515959544149732,0.09040243170171237
3.6809999999997056,0.08885172604248033,0.07654485131852294,0.08519492606841048,0.09041295768671136
3.6819999999997055,0.08885167174015755,0.07658913068532089,0.08523008994861644,0.09042355501376971
3.6829999999997054,0.08885161877720031,0.0766343684030059,0.08526508868657559,0.09043422416642315
3.6839999999997053,0.08885156711985306,0.07668056704042413,0.08529992387921315,0.09044496563148463
3.684999999999705,0.08885151673514498,0.07672772892744836,0.08533459711599209,0.09045577989906659
3.685999999999705,0.08885146759087367,0.07677585615697605,0.08536910997898564,0.09046666746260328
3.686999999999705,0.08885141965558963,0.07682495058692428,0.0854034640429495,0.09047762881887333
3.687999999999705,0.08885137289858061,0.07687501384222213,0.08543766087539367,0.09048866446802241
3.6889999999997047,0.08885132728985645,0.07692604731680026,0.08547170203665398,0.090499774913586
3.6899999999997046,0.08885128280013459,0.07697805217557774,0.08550558907996324,0.09051096066251237
3.6909999999997045,0.08885123940082514,0.07703102935644572,0.08553932355152222,0.0905222222251858
3.6919999999997044,0.08885119706401713,0.07708497957224772,0.08557290699057009,0.09053356011544979
3.6929999999997043,0.08885115576246444,0.07713990331275729,0.08560634092945471,0.09054497485063048
3.693999999999704,0.08885111546957238,0.0771958008466515,0.08563962689370254,0.09055646695156035
3.694999999999704,0.08885107615938412,0.07725267222348152,0.08567276640208824,0.0905680369426019
3.695999999999704,0.08885103780656792,0.07731051727563909,0.08570576096670394,0.0905796853516716
3.696999999999704,0.0888510003864043,0.07736933562031943,0.08573861209302833,0.09059141271026401
3.6979999999997037,0.08885096387477337,0.07742912666148008,0.0857713212799952,0.09060321955347599
3.6989999999997036,0.08885092824814289,0.07748988959179588,0.085803890020062,0.09061510642003112
3.6999999999997035,0.08885089348355599,0.07755162339460936,0.0858363197992778,0.09062707385230431
3.7009999999997034,0.0888508595586193,0.07761432684587734,0.0858686120973512,0.09063912239634653
3.7019999999997033,0.08885082645149175,0.07767799851611241,0.08590076838771774,0.09065125260190969
3.702999999999703,0.08885079414087287,0.07774263677232042,0.08593279013760724,0.09066346502247181
3.703999999999703,0.08885076260599183,0.0778082397799329,0.08596467880811069,0.09067576021526222
3.704999999999703,0.0888507318265964,0.0778748055047349,0.0859964358542469,0.09068813874128691
3.705999999999703,0.08885070178294241,0.07794233171478743,0.08602806272502896,0.09070060116535432
3.7069999999997028,0.08885067245578306,0.07801081598234563,0.08605956086353023,0.09071314805610088
3.7079999999997026,0.08885064382635843,0.07808025568577079,0.08609093170695033,0.09072577998601718
3.7089999999997025,0.08885061587638572,0.07815064801143808,0.08612217668668062,0.09073849753147391
3.7099999999997024,0.08885058858804894,0.07822198995563825,0.08615329722836958,0.09075130127274827
3.7109999999997023,0.08885056194398921,0.07829427832647425,0.08618429475198774,0.09076419179405039
3.711999999999702,0.08885053592729515,0.07836750974575205,0.08621517067189265,0.09077716968355001
3.712999999999702,0.0888505105214934,0.07844168065086628,0.08624592639689324,0.09079023553340333
3.713999999999702,0.08885048571053912,0.0785167872966798,0.08627656333031421,0.09080338993977997
3.714999999999702,0.08885046147880729,0.07859282575739793,0.08630708287006003,0.09081663350289029
3.7159999999997018,0.0888504378110832,0.07866979192843654,0.08633748640867871,0.09082996682701261
3.7169999999997017,0.08885041469255388,0.07874768152828489,0.08636777533342535,0.09084339052052094
3.7179999999997015,0.08885039210879941,0.07882649010036216,0.08639795102632546,0.09085690519591262
3.7189999999997014,0.08885037004578428,0.07890621301486851,0.08642801486423796,0.09087051146983637
3.7199999999997013,0.08885034848984906,0.0789868454706301,0.08645796821891809,0.09088420996312035
3.720999999999701,0.08885032742770195,0.0790683824969385,0.08648781245707993,0.09089800130080052
3.721999999999701,0.08885030684641083,0.07915081895538421,0.08651754894045875,0.0909118861121491
3.722999999999701,0.08885028673339519,0.07923414954168444,0.08654717902587324,0.09092586503070345
3.723999999999701,0.08885026707641826,0.07931836878750523,0.0865767040652873,0.09093993869429473
3.7249999999997008,0.08885024786357913,0.07940347106227799,0.08660612540587181,0.09095410774507724
3.7259999999997007,0.08885022908330546,0.0794894505750103,0.08663544439006608,0.09096837282955755
3.7269999999997006,0.08885021072434554,0.07957630137609144,0.08666466235563908,0.09098273459862409
3.7279999999997004,0.08885019277576126,0.07966401735909255,0.08669378063575046,0.09099719370757679
3.7289999999997003,0.08885017522692065,0.0797525922625614,0.08672280055901149,0.09101175081615707
3.7299999999997,0.088850158067491,0.07984201967181212,0.08675172344954554,0.09102640658857783
3.7309999999997,0.08885014128743145,0.07993229302071023,0.08678055062704858,0.09104116169355382
3.7319999999997,0.0888501248769863,0.08002340559345246,0.08680928340684939,0.09105601680433219
3.7329999999997,0.08885010882667836,0.08011535052634225,0.08683792309996957,0.09107097259872311
3.7339999999997,0.08885009312730204,0.080208120809561,0.08686647101318333,0.09108602975913077
3.7349999999996997,0.08885007776991673,0.08030170928893457,0.08689492844907716,0.09110118897258451
3.7359999999996996,0.08885006274584059,0.08039610866769654,0.08692329670610924,0.09111645093077013
3.7369999999996995,0.08885004804664408,0.08049131150824725,0.08695157707866867,0.0911318163300615
3.7379999999996993,0.0888500336641435,0.08058731023390968,0.08697977085713458,0.09114728587155228
3.7389999999996992,0.0888500195903953,0.08068409713068207,0.08700787932793495,0.09116286026108796
3.739999999999699,0.08885000581768954,0.08078166434898762,0.08703590377360536,0.09117854020929803
3.740999999999699,0.08884999233854439,0.08088000390542195,0.08706384547284747,0.09119432643162846
3.741999999999699,0.08884997914569995,0.08097910768449773,0.08709170570058737,0.09121021964837424
3.742999999999699,0.08884996623211272,0.08107896744038814,0.08711948572803378,0.09122622058471234
3.7439999999996987,0.08884995359095,0.0811795747986684,0.08714718682273602,0.0912423299707348
3.7449999999996986,0.08884994121558422,0.08128092125805605,0.08717481024864188,0.09125854854148195
3.7459999999996985,0.08884992909958749,0.08138299819215071,0.08720235726615526,0.09127487703697607
3.7469999999996983,0.08884991723672654,0.08148579685117331,0.08722982913219368,0.09129131620225504
3.7479999999996982,0.08884990562095717,0.08158930836370536,0.08725722710024567,0.09130786678740643
3.748999999999698,0.08884989424641927,0.08169352373842843,0.0872845524204279,0.09132452954760167
3.749999999999698,0.08884988310743183,0.08179843386586484,0.0873118063395423,0.09134130524313054
3.750999999999698,0.08884987219848785,0.08190402952011935,0.08733899010113289,0.0913581946394358
3.751999999999698,0.08884986151424965,0.08201030136062246,0.08736610494554249,0.09137519850714819
3.7529999999996977,0.08884985104954386,0.08211723993387597,0.08739315210996944,0.09139231762212155
3.7539999999996976,0.08884984079935737,0.0822248356752011,0.08742013282852391,0.09140955276546824
3.7549999999996975,0.08884983075883192,0.08233307891048951,0.08744704833228432,0.09142690472359477
3.7559999999996974,0.08884982092326027,0.08244195985795777,0.08747389984935344,0.09144437428823769
3.7569999999996972,0.0888498112880816,0.08255146862990574,0.08750068860491445,0.09146196225649969
3.757999999999697,0.0888498018488773,0.08266159523447916,0.08752741582128681,0.091479669430886
3.758999999999697,0.08884979260136666,0.08277232957743703,0.08755408271798215,0.09149749661934099
3.759999999999697,0.08884978354140309,0.08288366146392424,0.08758069051175976,0.09151544463528509
3.760999999999697,0.08884977466496959,0.08299558060024935,0.08760724041668219,0.09153351429765177
3.7619999999996967,0.08884976596817544,0.0831080765956688,0.08763373364417064,0.09155170643092506
3.7629999999996966,0.088849757447252,0.08322113896417728,0.08766017140306023,0.09157002186517708
3.7639999999996965,0.08884974909854908,0.08333475712630461,0.08768655489965514,0.09158846143610593
3.7649999999996964,0.08884974091853146,0.08344892041092009,0.08771288533778368,0.09160702598507384
3.7659999999996963,0.0888497329037751,0.08356361805704378,0.08773916391885321,0.09162571635914554
3.766999999999696,0.08884972505096397,0.083678839215666,0.08776539184190492,0.09164453341112692
3.767999999999696,0.08884971735688661,0.08379457295157444,0.08779157030366862,0.09166347799960398
3.768999999999696,0.08884970981843274,0.08391080824518969,0.08781770049861724,0.09168255098898186
3.769999999999696,0.08884970243259023,0.0840275339944094,0.08784378361902144,0.0917017532495245
3.7709999999996957,0.08884969519644217,0.084144739016461,0.08786982085500393,0.09172108565739417
3.7719999999996956,0.08884968810716369,0.08426241204976348,0.0878958133945938,0.09174054909469155
3.7729999999996955,0.08884968116201919,0.08438054175579815,0.08792176242378076,0.09176014444949591
3.7739999999996954,0.08884967435835953,0.08449911672098852,0.08794766912656919,0.09177987261590569
3.7749999999996953,0.08884966769361927,0.08461812545858964,0.0879735346850322,0.09179973449407923
3.775999999999695,0.08884966116531447,0.08473755641058664,0.0879993602793656,0.09181973099027593
3.776999999999695,0.08884965477103958,0.08485739794960244,0.08802514708794165,0.09183986301689752
3.777999999999695,0.08884964850846566,0.08497763838081501,0.08805089628736296,0.09186013149252972
3.778999999999695,0.08884964237533774,0.08509826594388356,0.08807660905251605,0.09188053734198419
3.7799999999996947,0.08884963636947273,0.08521926881488393,0.08810228655662505,0.09190108149634066
3.7809999999996946,0.08884963048875735,0.08534063510825297,0.08812792997130518,0.09192176489298945
3.7819999999996945,0.08884962473114615,0.0854623528787413,0.08815354046661622,0.09194258847567423
3.7829999999996944,0.08884961909465963,0.08558441012337493,0.08817911921111592,0.09196355319453514
3.7839999999996943,0.08884961357738255,0.08570679478342452,0.08820466737191329,0.09198466000615205
3.784999999999694,0.08884960817746212,0.08582949474638295,0.08823018611472187,0.09200590987358825
3.785999999999694,0.08884960289310652,0.08595249784794959,0.08825567660391292,0.09202730376643442
3.786999999999694,0.08884959772258347,0.08607579187402224,0.08828114000256851,0.0920488426608528
3.787999999999694,0.08884959266421903,0.08619936456269485,0.08830657747253465,0.0920705275396218
3.7889999999996937,0.0888495877163961,0.08632320360626126,0.08833199017447427,0.09209235939218084
3.7899999999996936,0.08884958287755351,0.08644729665322452,0.08835737926792017,0.09211433921467542
3.7909999999996935,0.08884957814618515,0.08657163131031007,0.08838274591132797,0.09213646801000265
3.7919999999996934,0.08884957352083883,0.08669619514448366,0.0884080912621289,0.092158746787857
3.7929999999996933,0.0888495690001158,0.08682097568497171,0.08843341647678267,0.09218117656477633
3.793999999999693,0.08884956458267013,0.08694596042528417,0.08845872271083022,0.09220375836418832
3.794999999999693,0.08884956026720804,0.08707113682523894,0.08848401111894642,0.0922264932164571
3.795999999999693,0.08884955605248769,0.08719649231298654,0.0885092828549928,0.09224938215893035
3.796999999999693,0.08884955193731922,0.08732201428703476,0.08853453907207015,0.0922724262359866
3.7979999999996927,0.08884954792056415,0.0874476901182711,0.08855978092257119,0.09229562649908282
3.7989999999996926,0.0888495440011359,0.08757350715198346,0.0885850095582331,0.09231898400680251
3.7999999999996925,0.08884954017799992,0.0876994527098766,0.08861022613019012,0.0923424998249039
3.8009999999996924,0.08884953645017395,0.08782551409208392,0.088635431789026,0.09236617502636864
3.8019999999996923,0.08884953281672861,0.08795167857917323,0.08866062768482658,0.09239001069145071
3.802999999999692,0.0888495292767882,0.08807793343414494,0.0886858149672322,0.09241400790772576
3.803999999999692,0.0888495258295313,0.08820426590442186,0.08871099478549023,0.0924381677701407
3.804999999999692,0.08884952247419209,0.08833066322382865,0.08873616828850743,0.09246249138106369
3.805999999999692,0.08884951921006119,0.08845711261456005,0.08876133662490243,0.0924869798503344
3.8069999999996917,0.08884951603648727,0.08858360128913575,0.08878650094305812,0.09251163429531468
3.8079999999996916,0.08884951295287856,0.0887101164523413,0.08881166239117402,0.09253645584093954
3.8089999999996915,0.08884950995870428,0.08883664530315237,0.08883682211731872,0.09256144561976845
3.8099999999996914,0.08884950705349691,0.0889631750366417,0.08886198126948221,0.09258660477203702
3.8109999999996913,0.08884950423594358,0.08908969292705349,0.08888714099562832,0.09261193444570913
3.811999999999691,0.08884950150296225,0.08921618641260141,0.08891230244374705,0.09263743579652911
3.812999999999691,0.0888494988506771,0.08934264301101243,0.088937466761907,0.0926631099880747
3.813999999999691,0.08884949627536926,0.08946905023666214,0.0889626350983077,0.09268895819180996
3.814999999999691,0.08884949377347194,0.08959539560245482,0.08898780860133201,0.0927149815871388
3.8159999999996908,0.08884949134156608,0.08972166662171308,0.08901298841959857,0.0927411813614588
3.8169999999996906,0.08884948897637544,0.08984785081007768,0.08903817570201414,0.09276755871021537
3.8179999999996905,0.08884948667476213,0.08997393568741817,0.08906337159782607,0.09279411483695629
3.8189999999996904,0.0888494844337223,0.09009990877975459,0.08908857725667474,0.09282085095338669
3.8199999999996903,0.08884948225038164,0.09022575762119078,0.08911379382864595,0.09284776827942419
3.82099999999969,0.08884948012199087,0.09035146975585977,0.08913902246432351,0.09287486804325475
3.82199999999969,0.0888494780459219,0.09047703273988061,0.08916426431484162,0.09290215148138856
3.82299999999969,0.08884947601966313,0.09060243414332836,0.08918952053193746,0.0929296198387165
3.82399999999969,0.08884947404081588,0.09072766155221576,0.08921479226800375,0.09295727436856704
3.8249999999996898,0.08884947210708999,0.09085270257048773,0.08924008067614128,0.09298511633276327
3.8259999999996896,0.08884947021630003,0.09097754482202812,0.08926538691021159,0.09301314700168056
3.8269999999996895,0.08884946836636166,0.0911021759526792,0.08929071212488955,0.09304136765430454
3.8279999999996894,0.08884946655528757,0.09122658363227316,0.0893160574757161,0.09306977957828941
3.8289999999996893,0.08884946478118395,0.09135075555667567,0.08934142411915094,0.09309838407001675
3.829999999999689,0.08884946304224714,0.09147467944984189,0.08936681321262534,0.09312718243465458
3.830999999999689,0.08884946133675978,0.09159834306588363,0.08939222591459486,0.093156175986217
3.831999999999689,0.08884945966308785,0.09172173419114811,0.08941766338459237,0.09318536604762415
3.832999999999689,0.08884945801967709,0.09184484064630793,0.08944312678328074,0.09321475395076247
3.8339999999996888,0.08884945640504992,0.09196765028846131,0.08946861727250602,0.09324434103654558
3.8349999999996887,0.08884945481780247,0.09209015101324285,0.08949413601535026,0.09327412865497539
3.8359999999996885,0.08884945325660147,0.09221233075694404,0.08951968417618475,0.09330411816520379
3.8369999999996884,0.08884945172018129,0.09233417749864281,0.089545262920723,0.09333431093559452
3.8379999999996883,0.0888494502073414,0.09245567926234205,0.08957087341607403,0.09336470834378577
3.838999999999688,0.08884944871694354,0.0925768241191161,0.0895965168307956,0.09339531177675292
3.839999999999688,0.08884944724790897,0.09269760018926508,0.08962219433494747,0.09342612263087186
3.840999999999688,0.0888494457992161,0.0928179956444759,0.0896479071001449,0.09345714231198272
3.841999999999688,0.08884944436989817,0.09293799870998987,0.08967365629961199,0.09348837223545403
3.8429999999996878,0.08884944295904074,0.0930575976667756,0.08969944310823529,0.09351981382624722
3.8439999999996877,0.08884944156577942,0.09317678085370769,0.08972526870261738,0.09355146851898176
3.8449999999996876,0.08884944018929797,0.09329553666974878,0.08975113426113056,0.0935833377580005
3.8459999999996874,0.08884943882882586,0.09341385357613616,0.0897770409639706,0.09361542299743564
3.8469999999996873,0.0888494374836367,0.09353172009857072,0.08980298999321064,0.09364772570127505
3.8479999999996872,0.0888494361530459,0.09364912482940846,0.08982898253285507,0.09368024734342914
3.848999999999687,0.0888494348364092,0.09376605642985358,0.08985501976889358,0.09371298940779799
3.849999999999687,0.08884943353312078,0.09388250363215236,0.08988110288935527,0.09374595338833916
3.850999999999687,0.0888494322426115,0.09399845524178711,0.08990723308436287,0.09377914078913578
3.851999999999687,0.08884943096434743,0.09411390013966983,0.08993341154618699,0.09381255312446526
3.8529999999996867,0.08884942969782827,0.09422882728433449,0.08995963946930062,0.09384619191886835
3.8539999999996866,0.08884942844258598,0.09434322571412747,0.08998591805043353,0.09388005870721862
3.8549999999996865,0.0888494271981832,0.09445708454939555,0.09001224848862695,0.09391415503479264
3.8559999999996863,0.08884942596421215,0.09457039299467061,0.09003863198528823,0.09394848245734042
3.8569999999996862,0.08884942474029317,0.0946831403408507,0.09006506974424568,0.0939830425411563
3.857999999999686,0.08884942352607364,0.09479531596737632,0.09009156297180347,0.09401783686315059
3.858999999999686,0.08884942232122682,0.0949069093444023,0.09011811287679675,0.09405286701092141
3.859999999999686,0.08884942112545072,0.09501791003496339,0.0901447206706467,0.09408813458282718
3.860999999999686,0.08884941993846716,0.09512830769713457,0.09017138756741588,0.09412364118805949
3.8619999999996857,0.08884941876002071,0.09523809208618393,0.09019811478386362,0.09415938844671658
3.8629999999996856,0.08884941758987765,0.09534725305671904,0.0902249035395015,0.09419537798987726
3.8639999999996855,0.08884941642782539,0.09545578056482544,0.090251755056649,0.09423161145967529
3.8649999999996854,0.08884941527367134,0.09556366467019742,0.0902786705604893,0.09426809050937433
3.8659999999996852,0.08884941412724227,0.09567089553825976,0.09030565127912521,0.09430481680344344
3.866999999999685,0.08884941298838361,0.09577746344228164,0.0903326984436351,0.09434179201763289
3.867999999999685,0.08884941185695852,0.09588335876548065,0.0903598132881292,0.09437901783905073
3.868999999999685,0.0888494107328474,0.09598857200311761,0.09038699704980577,0.09441649596623972
3.869999999999685,0.08884940961594723,0.09609309376458182,0.09041425096900771,0.0944542281092549
3.8709999999996847,0.0888494085061708,0.09619691477546617,0.09044157628927903,0.09449221598974149
3.8719999999996846,0.08884940740344649,0.09630002587963205,0.09046897425742165,0.09453046134101359
3.8729999999996845,0.08884940630771722,0.09640241804126412,0.09049644612355225,0.09456896590813316
3.8739999999996844,0.08884940521894044,0.09650408234691421,0.09052399314115936,0.09460773144798967
3.8749999999996843,0.08884940413708733,0.09660501000753469,0.0905516165671605,0.09464675972938029
3.875999999999684,0.0888494030621424,0.09670519236050137,0.09057931766195959,0.0946860525330906
3.876999999999684,0.08884940199410303,0.09680462087162502,0.09060709768950441,0.09472561165197581
3.877999999999684,0.08884940093297908,0.09690328713715235,0.09063495791734429,0.09476543889104257
3.878999999999684,0.08884939987879265,0.09700118288575618,0.09066289961668794,0.09480553606753134
3.8799999999996837,0.08884939883157728,0.09709829998051457,0.09069092406246147,0.09484590501099933
3.8809999999996836,0.08884939779137792,0.09719463042087896,0.09071903253336656,0.09488654756340395
3.8819999999996835,0.08884939675825057,0.09729016634463197,0.09074722631193878,0.09492746557918684
3.8829999999996834,0.08884939573226168,0.09738490002983416,0.09077550668460611,0.09496866092535851
3.8839999999996833,0.08884939471348821,0.09747882389676038,0.0908038749417477,0.09501013548158355
3.884999999999683,0.08884939370201683,0.09757193050982539,0.09083233237775264,0.09505189114026633
3.885999999999683,0.08884939269794404,0.09766421257949964,0.09086088029107912,0.09509392980663742
3.886999999999683,0.08884939170137558,0.0977556629642147,0.09088951998431363,0.09513625339884045
3.887999999999683,0.08884939071242631,0.09784627467225859,0.09091825276423039,0.0951788638480197
3.8889999999996827,0.08884938973121986,0.09793604086366163,0.090947079941851,0.09522176309840819
3.8899999999996826,0.08884938875788821,0.09802495485207259,0.09097600283250425,0.09526495310741635
3.8909999999996825,0.08884938779257158,0.09811301010662586,0.0910050227558861,0.09530843584572139
3.8919999999996824,0.08884938683541808,0.09820020025379929,0.09103414103611994,0.09535221329735719
3.8929999999996823,0.08884938588658338,0.09828651907926327,0.09106335900181704,0.09539628745980486
3.893999999999682,0.08884938494623043,0.09837196052972161,0.09109267798613709,0.0954406603440838
3.894999999999682,0.088849384014529,0.09845651871474406,0.09112209932684903,0.09548533397484356
3.895999999999682,0.08884938309165588,0.09854018790859069,0.0911516243663922,0.09553031039045616
3.896999999999682,0.08884938217779396,0.09862296255202917,0.09118125445193744,0.09557559164310908
3.8979999999996817,0.0888493812731322,0.09870483725414413,0.0912109909354487,0.095621179798899
3.8989999999996816,0.08884938037786537,0.09878580679414017,0.09124083517374464,0.09566707693792595
3.8999999999996815,0.08884937949219351,0.0988658661231376,0.09127078852856056,0.09571328515438828
3.9009999999996814,0.08884937861632156,0.09894501036596239,0.09130085236661056,0.0957598065566782
3.9019999999996813,0.08884937775045935,0.09902323482292945,0.09133102805964986,0.09580664326747802
3.902999999999681,0.08884937689482073,0.09910053497162119,0.0913613169845374,0.09585379742385691
3.903999999999681,0.08884937604962345,0.09917690646865947,0.09139172052329868,0.09590127117736856
3.904999999999681,0.08884937521508862,0.09925234515147378,0.09142224006318883,0.0959490666941492
3.905999999999681,0.08884937439144035,0.09932684704006368,0.09145287699675586,0.0959971861550165
3.9069999999996807,0.08884937357890524,0.09940040833875781,0.09148363272190424,0.0960456317555691
3.9079999999996806,0.08884937277771172,0.09947302543796806,0.09151450864195868,0.09609440570628677
3.9089999999996805,0.08884937198808987,0.09954469491594095,0.09154550616572812,0.09614351023263124
3.9099999999996804,0.08884937121027058,0.09961541354050481,0.09157662670757011,0.0961929475751478
3.9109999999996803,0.08884937044448492,0.09968517827081443,0.0916078716874552,0.09624271998956749
3.91199999999968,0.08884936969096394,0.09975398625909324,0.09163924253103187,0.09629282974691006
3.91299999999968,0.08884936894993746,0.09982183485237271,0.09167074066969147,0.0963432791335875
3.91399999999968,0.08884936822163382,0.09988872159423011,0.09170236754063363,0.09639407045150854
3.91499999999968,0.088849367506279,0.09995464422652456,0.09173412458693175,0.09644520601818349
3.9159999999996797,0.0888493668040957,0.10001960069113165,0.0917660132575989,0.0964966881668301
3.9169999999996796,0.08884936611530288,0.10008358913167711,0.0917980350076539,0.09654851924648002
3.9179999999996795,0.08884936544011456,0.10014660789527025,0.09183019129818776,0.0966007016220859
3.9189999999996794,0.08884936477873916,0.10020865553423615,0.09186248359643026,0.09665323767462936
3.9199999999996793,0.0888493641313785,0.10026973080784915,0.09189491337581701,0.09670612980122964
3.920999999999679,0.08884936349822667,0.10032983268406546,0.09192748211605659,0.09675938041525298
3.921999999999679,0.08884936287946915,0.1003889603412574,0.09196019130319807,0.09681299194642265
3.922999999999679,0.0888493622752816,0.10044711316994794,0.09199304242969893,0.09686696684092992
3.923999999999679,0.0888493616858288,0.10050429077454713,0.09202603699449297,0.09692130756154561
3.9249999999996787,0.08884936111126336,0.10056049297508982,0.09205917650305885,0.09697601658773251
3.9259999999996786,0.08884936055172446,0.10061571980897556,0.09209246246748876,0.09703109641575847
3.9269999999996785,0.08884936000733645,0.10066997153271084,0.09212589640655734,0.0970865495588103
3.9279999999996784,0.08884935947820756,0.10072324862365363,0.09215947984579106,0.09714237854710848
3.9289999999996783,0.08884935896442833,0.10077555178176138,0.09219321431753778,0.09719858592802258
3.929999999999678,0.0888493584660702,0.10082688193134182,0.0922271013610367,0.09725517426618749
3.930999999999678,0.08884935798318372,0.10087724022280783,0.09226114252248858,0.09731214614362048
3.931999999999678,0.08884935751579692,0.1009266280344356,0.09229533935512625,0.09736950415983894
3.932999999999678,0.08884935706391366,0.10097504697412761,0.09232969341928556,0.09742725093197906
3.9339999999996778,0.08884935662751178,0.10102249888117963,0.09236420628247649,0.09748538909491519
3.9349999999996776,0.088849356206541,0.10106898582805281,0.09239887951945476,0.09754392130138012
3.9359999999996775,0.08884935580092117,0.10111451012215081,0.09243371471229361,0.09760285022208608
3.9369999999996774,0.08884935541054012,0.10115907430760232,0.09246871345045603,0.09766217854584659
3.9379999999996773,0.08884935503525146,0.10120268116704907,0.09250387733086723,0.09772190897969919
3.938999999999677,0.08884935467487247,0.10124533372343988,0.09253920795798762,0.09778204424902892
3.939999999999677,0.08884935432918167,0.10128703524183118,0.09257470694388586,0.0978425870976927
3.940999999999677,0.08884935399791669,0.10132778923119326,0.09261037590831256,0.09790354028814448
3.941999999999677,0.08884935368077126,0.10136759944622398,0.0926462164787741,0.09796490660156136
3.9429999999996768,0.08884935337739346,0.10140646988916863,0.09268223029060689,0.09802668883797042
3.9439999999996767,0.08884935308738237,0.10144440481164735,0.09271841898705206,0.0980888898163765
3.9449999999996765,0.08884935281028565,0.10148140871648956,0.09275478421933034,0.09815151237489086
3.9459999999996764,0.08884935254559692,0.10151748635957575,0.09279132764671749,0.09821455937086064
3.9469999999996763,0.08884935229275263,0.10155264275168703,0.09282805093661994,0.09827803368099924
3.947999999999676,0.08884935205112923,0.101586883160362,0.09286495576465094,0.0983419382015176
3.948999999999676,0.08884935182004022,0.10162021311176166,0.09290204381470693,0.0984062758482563
3.949999999999676,0.08884935159873285,0.10165263839254192,0.09293931677904446,0.0984710495568187
3.950999999999676,0.08884935138638518,0.1016841650517339,0.09297677635835735,0.09853626228270478
3.9519999999996758,0.08884935118210284,0.10171479940263213,0.09301442426185429,0.09860191700144601
3.9529999999996757,0.08884935098491557,0.10174454802469055,0.09305226220733684,0.09866801670874122
3.9539999999996756,0.08884935079377404,0.10177341776542612,0.09309029192127784,0.09873456442059314
3.9549999999996754,0.08884935060754638,0.10180141574232998,0.09312851513890012,0.09880156317344616
3.9559999999996753,0.08884935042501471,0.10182854934478634,0.09316693360425574,0.09886901602432471
3.956999999999675,0.08884935024487163,0.10185482623599819,0.09320554907030552,0.09893692605097296
3.957999999999675,0.08884935006571673,0.10188025435492055,0.09324436329899907,0.09900529635199504
3.958999999999675,0.08884934988605302,0.10190484191820011,0.09328337806135513,0.09907413004699653
3.959999999999675,0.08884934970428318,0.10192859742212175,0.0933225951375424,0.09914343027672683
3.960999999999675,0.088849349518706,0.10195152964456074,0.09336201631696081,0.09921320020322238
3.9619999999996747,0.0888493493275129,0.1019736476469414,0.0934016433983231,0.09928344300995104
3.9629999999996746,0.08884934912878394,0.10199496077620031,0.09344147818973694,0.09935416190195721
3.9639999999996745,0.08884934892048436,0.10201547866675534,0.09348152250878737,0.09942536010600819
3.9649999999996743,0.08884934870046093,0.10203521124247845,0.09352177818261982,0.09949704087074138
3.9659999999996742,0.08884934846643817,0.10205416871867266,0.09356224704802342,0.09956920746681246
3.966999999999674,0.08884934821601488,0.10207236160405248,0.0936029309515148,0.09964186318704468
3.967999999999674,0.0888493479466604,0.10208980070272708,0.0936438317494224,0.09971501134657912
3.968999999999674,0.08884934765571119,0.10210649711618563,0.0936849513079711,0.09978865528302587
3.969999999999674,0.08884934734036734,0.10212246224528412,0.09372629150336743,0.09986279835661638
3.9709999999996737,0.08884934699768898,0.10213770779223327,0.09376785422188517,0.0999374439503568
3.9719999999996736,0.08884934662459298,0.10215224576258682,0.09380964135995139,0.10001259547018228
3.9729999999996735,0.08884934621784987,0.10216608846722883,0.09385165482423295,0.1000882563451124
3.9739999999996733,0.08884934577408034,0.10217924852436039,0.0938938965317236,0.10016443002740766
3.9749999999996732,0.08884934528975248,0.10219173886148436,0.09393636840983137,0.10024111999272696
3.975999999999673,0.0888493447611785,0.1022035727173878,0.09397907239646654,0.10031832974028622
3.976999999999673,0.08884934418451225,0.10221476364412048,0.09402201044013003,0.100396062793018
3.977999999999673,0.08884934355574617,0.10222532550897058,0.09406518450000237,0.10047432269773231
3.978999999999673,0.08884934287070921,0.10223527249643496,0.09410859654603301,0.10055311302527833
3.9799999999996727,0.08884934212506412,0.1022446191101847,0.09415224855903032,0.10063243737070753
3.9809999999996726,0.08884934131430536,0.10225338017502476,0.09419614253075184,0.10071229935343749
3.9819999999996725,0.08884934043375718,0.10226157083884685,0.09424028046399524,0.1007927026174172
3.9829999999996724,0.0888493394785721,0.10226920657457608,0.0942846643726897,0.10087365083129324
3.9839999999996722,0.0888493384437288,0.10227630318210895,0.09432929628198776,0.10095514768857722
3.984999999999672,0.08884933732403143,0.10228287679024456,0.09437417822835778,0.10103719690781432
3.985999999999672,0.0888493361141082,0.10228894385860611,0.09441931225967683,0.10111980223275292
3.986999999999672,0.08884933480841087,0.10229452117955455,0.0944647004353241,0.10120296743251543
3.987999999999672,0.08884933340121397,0.10229962588009196,0.09451034482627493,0.10128669630177027
3.9889999999996717,0.08884933188661506,0.10230427542375628,0.09455624751519529,0.10137099266090503
3.9899999999996716,0.08884933025853445,0.10230848761250527,0.09460241059653673,0.10145586035620077
3.9909999999996715,0.088849328510716,0.10231228058859089,0.09464883617663206,0.10154130326000753
3.9919999999996714,0.08884932663672773,0.10231567283642339,0.09469552637379137,0.10162732527092097
3.9929999999996713,0.08884932462996316,0.10231868318442469,0.09474248331839874,0.10171393031396035
3.993999999999671,0.08884932248364293,0.10232133080687177,0.09478970915300942,0.10180112234074755
3.994999999999671,0.08884932019081661,0.10232363522572914,0.0948372060324476,0.10188890532968736
3.995999999999671,0.0888493177443655,0.10232561631247125,0.09488497612390469,0.10197728328614906
3.996999999999671,0.0888493151370051,0.1023272942898944,0.09493302160703827,0.10206626024264918
3.9979999999996707,0.08884931236128861,0.10232868973391844,0.09498134467407154,0.10215584025903546
3.9989999999996706,0.08884930940961083,0.10232982357537873,0.09502994752989329,0.10224602742267208
3.9999999999996705,0.08884930627421238,0.10233071710180817,0.0950788323921585,0.10233682584862619
4.000999999999671,0.08884930294718464,0.10233139195920964,0.09512800149138963,0.10242823967985569
4.001999999999671,0.08884929942047497,0.10233187015381957,0.09517745707107828,0.10252027308739822
4.0029999999996715,0.08884929568589309,0.10233217405386243,0.09522720138778762,0.10261293027056151
4.003999999999672,0.08884929173511714,0.10233232639129707,0.09527723671125535,0.10270621545711497
4.004999999999672,0.0888492875597014,0.10233235026355467,0.09532756532449721,0.10280013290348258
4.0059999999996725,0.08884928315108366,0.10233226913526947,0.09537818952391124,0.10289468689493717
4.006999999999673,0.08884927850059429,0.1023321068400022,0.09542911161938249,0.10298988174579587
4.007999999999673,0.08884927359946507,0.10233188758195653,0.0954803339343884,0.10308572179961698
4.0089999999996735,0.08884926843883945,0.10233163593768978,0.0955318588061049,0.10318221142939817
4.009999999999674,0.08884926300978326,0.10233137685781744,0.09558368858551299,0.10327935503777606
4.010999999999674,0.0888492539447447,0.10233105599800568,0.09563551836492126,0.1032858709882713
4.0119999999996745,0.08884925758630624,0.1023307427467049,0.09568704323663835,0.10329243110198046
4.012999999999675,0.08884929914967486,0.10233043692710701,0.09573826555164522,0.10329903567822893
4.013999999999675,0.08884940345908492,0.10233013836656918,0.0957891876471178,0.10330568501837085
4.0149999999996755,0.08884959494989843,0.1023298468965057,0.09583981184653356,0.10331237942580285
4.015999999999676,0.08884989767072526,0.10232956235228399,0.09589014045977755,0.10331911920597789
4.016999999999676,0.08885033528556191,0.10232928457312317,0.09594017578324776,0.10332590466641921
4.0179999999996765,0.08885093107594526,0.10232901340199589,0.09598992009995999,0.10333273611673433
4.018999999999677,0.0888517079431216,0.1023287486855328,0.0960393756796519,0.10333961386862922
4.019999999999677,0.08885268841022693,0.10232849027393029,0.09608854477888668,0.1033465382359225
4.0209999999996775,0.08885389462447814,0.10232823802086037,0.09613742964115592,0.10335350953455977
4.021999999999678,0.08885534835937312,0.1023279917833837,0.09618603249698207,0.10336052808262798
4.022999999999678,0.08885707101689796,0.10232775142186476,0.09623435556402014,0.10336759420037003
4.0239999999996785,0.08885908362974031,0.10232751679988972,0.09628240104715893,0.1033747082101993
4.024999999999679,0.08886140686350717,0.10232728778418657,0.09633017113862159,0.10338187043671437
4.025999999999679,0.08886406101894619,0.10232706424454754,0.09637766801806572,0.10338908120671395
4.0269999999996795,0.08886706603416863,0.10232684605375386,0.09642489385268273,0.10339634084921157
4.02799999999968,0.08887044148687422,0.10232663308750237,0.09647185079729682,0.10340364969545082
4.02899999999968,0.08887420659657563,0.10232642522433452,0.09651854099446326,0.10341100807892034
4.0299999999996805,0.08887838022682223,0.10232622234556729,0.09656496657456609,0.10341841633536902
4.030999999999681,0.08888298088742255,0.10232602433522567,0.09661112965591542,0.10342587480282137
4.031999999999681,0.08888802673666382,0.10232583107997766,0.09665703234484405,0.10343338382159295
4.0329999999996815,0.08889353558352937,0.10232564246907058,0.09670267673580354,0.10344094373430587
4.033999999999682,0.0888995248899117,0.10232545839426911,0.09674806491145987,0.10344855488590446
4.034999999999682,0.08890601177282184,0.1023252787497955,0.09679319894278837,0.10345621762367095
4.0359999999996825,0.08891301300659392,0.10232510343227084,0.09683808088916822,0.10346393229724134
4.036999999999683,0.08892054502508481,0.10232493234065826,0.0968827127984765,0.10347169925862137
4.037999999999683,0.08892862392386854,0.10232476537620751,0.09692709670718157,0.10347951886220261
4.0389999999996835,0.08893726546242484,0.1023246024424011,0.09697123464043596,0.10348739146477853
4.039999999999684,0.08894648506632194,0.10232444344490188,0.09701512861216886,0.1034953174255609
4.040999999999684,0.08895629782939334,0.10232428829150185,0.09705878062517795,0.10350329710619607
4.0419999999996845,0.08896671851590833,0.1023241368920725,0.09710219267122078,0.10351133087078158
4.042999999999685,0.08897776156273608,0.10232398915851638,0.09714536673110569,0.10351941908588266
4.043999999999685,0.08898944108150346,0.10232384500472004,0.09718830477478214,0.10352756212054906
4.0449999999996855,0.08900177086074637,0.10232370434650792,0.09723100876143066,0.10353576034633181
4.045999999999686,0.0890147643680549,0.10232356710159769,0.09727348063955218,0.10354401413730022
4.046999999999686,0.08902843475221155,0.10232343318955667,0.09731572234705697,0.1035523238700589
4.0479999999996865,0.08904279484532386,0.10232330253175938,0.09735773581135307,0.10356068992376505
4.048999999999687,0.08905785716495021,0.10232317505134612,0.0973995229494342,0.10356911268014561
4.049999999999687,0.08907363391621992,0.10232305067318267,0.09744108566796728,0.10357759252351481
4.0509999999996875,0.089090136993947,0.1023229293238209,0.09748242586337934,0.1035861298407916
4.051999999999688,0.08910737798473836,0.10232281093146066,0.09752354542194416,0.10359472502151741
4.052999999999688,0.08912536816909644,0.10232269542591231,0.09756444621986828,0.1036033784578738
4.0539999999996885,0.08914411852351567,0.10232258273856044,0.09760513012337659,0.10361209054470051
4.054999999999689,0.0891636397225743,0.10232247280232826,0.0976455989887975,0.10362086167951329
4.055999999999689,0.08918394214102106,0.10232236555164313,0.09768585466264769,0.10362969226252222
4.0569999999996895,0.0892050358558562,0.1023222609224029,0.09772589898171624,0.10363858269664983
4.05799999999969,0.08922693064840857,0.10232215885194294,0.0977657337731486,0.10364753338754956
4.05899999999969,0.08924963600640769,0.10232205927900415,0.09780536085452982,0.10365654474362428
4.0599999999996905,0.08927316112605142,0.10232196214370184,0.09784478203396757,0.10366561717604485
4.060999999999691,0.08929751491406987,0.10232186738749502,0.09788399911017459,0.10367475109876895
4.061999999999691,0.08932270598978492,0.10232177495315707,0.09792301387255078,0.10368394692855995
4.0629999999996915,0.08934874268716597,0.10232168478474642,0.09796182810126489,0.1036932050850059
4.063999999999692,0.08937563305688238,0.10232159682757848,0.09800044356733564,0.10370252599053872
4.064999999999692,0.08940338486835214,0.10232151102819821,0.09803886203271264,0.10371191007045344
4.0659999999996925,0.08943200561178728,0.10232142733435308,0.09807708525035672,0.1037213577529276
4.066999999999693,0.08946150250023634,0.10232134569496694,0.0981151149643199,0.10373086946904081
4.067999999999693,0.08949188247162355,0.10232126606011459,0.09815295290982506,0.10374044565279442
4.0689999999996935,0.08952315219078527,0.10232118838099666,0.09819060081334502,0.10375008674113133
4.069999999999694,0.08955531805150371,0.1023211126099155,0.09822806039268134,0.1037597931739559
4.070999999999694,0.0895883861785379,0.10232103870025136,0.09826533335704271,0.10376956539415398
4.0719999999996945,0.08962236242965198,0.10232096660643922,0.09830242140712299,0.10377940384761328
4.072999999999695,0.0896572523976414,0.1023208962839464,0.09833932623517867,0.10378930898324351
4.073999999999695,0.089693061412356,0.10232082768925034,0.09837604952510624,0.10379928125299702
4.0749999999996955,0.08972979454272142,0.10232076077981728,0.09841259295251892,0.10380932111188931
4.075999999999696,0.08976745659875769,0.10232069551408107,0.09844895818482315,0.10381942901801988
4.076999999999696,0.0898060521335958,0.102320631851423,0.09848514688129467,0.10382960543259308
4.0779999999996965,0.08984558544549176,0.10232056975215152,0.09852116069315427,0.10383985081993918
4.078999999999697,0.08988606057983832,0.10232050917748291,0.09855700126364302,0.10385016564753555
4.079999999999697,0.08992748133117487,0.10232045008952217,0.09859267022809735,0.10386055038602796
4.0809999999996975,0.08996985124519423,0.10232039245124461,0.09862816921402368,0.10387100550925207
4.081999999999698,0.09001317362074784,0.10232033622647724,0.09866349984117255,0.10388153149425512
4.082999999999698,0.09005745151184823,0.10232028137988139,0.09869866372161269,0.1038921288213176
4.0839999999996985,0.09010268772966874,0.10232022787693539,0.09873366245980446,0.10390279797397517
4.084999999999699,0.09014888484454148,0.10232017568391738,0.0987684976526731,0.10391353943904083
4.085999999999699,0.09019604518795186,0.10232012476788901,0.0988031708896816,0.10392435370662698
4.0869999999996995,0.09024417085453129,0.10232007509667904,0.0988376837529032,0.1039352412701679
4.0879999999997,0.09029326370404656,0.1023200266388676,0.09887203781709358,0.1039462026264422
4.0889999999997,0.09034332536338659,0.1023199793637709,0.09890623464976278,0.10395723827559555
4.0899999999997005,0.09039435722854636,0.10231993324142576,0.09894027581124662,0.10396834872116344
4.090999999999701,0.09044636046660771,0.10231988824257505,0.09897416285477795,0.10397953447009414
4.091999999999701,0.09049933601771716,0.10231984433865317,0.09900789732655753,0.10399079603277195
4.0929999999997015,0.09055328459706016,0.10231980150177186,0.09904148076582456,0.10400213392304034
4.093999999999702,0.09060820669683235,0.10231975970470622,0.09907491470492688,0.10401354865822546
4.094999999999702,0.0906641025882073,0.10231971892088135,0.09910820066939097,0.10402504075915976
4.0959999999997025,0.09072097232330044,0.10231967912435883,0.09914134017799149,0.10403661075020579
4.096999999999703,0.09077881573712937,0.1023196402898238,0.09917433474282063,0.10404825915928001
4.097999999999703,0.09083763244957072,0.10231960239257239,0.09920718586935702,0.10405998651787696
4.0989999999997035,0.09089742186731228,0.10231956540849858,0.09923989505653451,0.10407179336109348
4.099999999999704,0.09095818318580196,0.10231952931408284,0.09927246379681054,0.10408368022765323
4.100999999999704,0.09101991539119153,0.1023194940863794,0.09930489357623419,0.10409564765993105
4.1019999999997045,0.09108261726227722,0.10231945970300478,0.09933718587451407,0.10410769620397793
4.102999999999705,0.09114628737243467,0.10231942614212618,0.09936934216508574,0.1041198264095458
4.103999999999705,0.09121092409155031,0.10231939338245014,0.09940136391517902,0.10413203883011266
4.1049999999997056,0.0912765255879473,0.10231936140321145,0.09943325258588492,0.10414433402290783
4.105999999999706,0.0913430898303073,0.1023193301841623,0.09946500963222225,0.10415671254893732
4.106999999999706,0.09141061458958684,0.10231929970556124,0.09949663650320409,0.10416917497300955
4.1079999999997066,0.09147909744092912,0.10231926994816326,0.09952813464190384,0.104181721863761
4.108999999999707,0.09154853576557019,0.10231924089320885,0.09955950548552112,0.10419435379368218
4.109999999999707,0.09161892675274047,0.1023192125224143,0.0995907504654473,0.10420707133914385
4.1109999999997076,0.09169026740156065,0.10231918481796154,0.09962187100733083,0.10421987508042316
4.111999999999708,0.0917625545229324,0.1023191577624884,0.09965286853114232,0.10423276560173027
4.112999999999708,0.09183578474142363,0.10231913133907906,0.09968374445123927,0.10424574349123493
4.113999999999709,0.09190995449714773,0.10231910553125458,0.09971450017643065,0.1042588093410933
4.114999999999709,0.09198506004763847,0.10231908032296347,0.09974513711004115,0.10427196374747505
4.115999999999709,0.09206109746971786,0.10231905569857276,0.09977565664997527,0.10428520731059049
4.11699999999971,0.09213806266135946,0.10231903164285909,0.09980606018878102,0.104298540634718
4.11799999999971,0.09221595134354532,0.10231900814099969,0.0998363491137135,0.1043119643282315
4.11899999999971,0.09229475906211788,0.10231898517856372,0.09986652480679822,0.10432547900362843
4.119999999999711,0.09237448118962534,0.10231896274150404,0.09989658864489416,0.10433908527755746
4.120999999999711,0.09245511292716217,0.10231894081614842,0.09992654199975651,0.10435278377084675
4.121999999999711,0.09253664930620344,0.10231891938919166,0.09995638623809937,0.10436657510853226
4.122999999999712,0.09261908519043364,0.10231889844768727,0.09998612272165805,0.10438045991988625
4.123999999999712,0.09270241527756988,0.10231887797903944,0.10001575280725121,0.104394438838446
4.124999999999712,0.09278663410117967,0.10231885797099548,0.10004527784684278,0.10440851250204275
4.125999999999713,0.09287173603249287,0.10231883841163787,0.10007469918760364,0.10442268155283074
4.126999999999713,0.09295771528220885,0.10231881928937672,0.10010401817197312,0.10443694663731659
4.127999999999713,0.09304456590229765,0.1023188005929423,0.10013323613772017,0.1044513084063887
4.128999999999714,0.09313228178779644,0.10231878231137771,0.10016235441800447,0.104465767515347
4.129999999999714,0.09322085667860086,0.10231876443403173,0.10019137434143728,0.1044803246239329
4.130999999999714,0.09331028416125126,0.10231874695055156,0.100220297232142,0.10449498039635934
4.131999999999715,0.09340055767071428,0.10231872985087584,0.10024912440981461,0.10450973550134106
4.132999999999715,0.0934916704921601,0.1023187131252281,0.1002778571897839,0.1045245906121252
4.133999999999715,0.09358361576273487,0.10231869676410937,0.10030649688307144,0.10453954640652191
4.134999999999716,0.09367638647332917,0.10231868075829216,0.10033504479645149,0.10455460356693541
4.135999999999716,0.09376997547034285,0.10231866509881359,0.10036350223251052,0.10456976278039502
4.136999999999716,0.0938643754574455,0.10231864977696889,0.10039187048970673,0.10458502473858658
4.137999999999717,0.09395957899733413,0.10231863478430532,0.10042015086242924,0.10460039013788391
4.138999999999717,0.09405557851348723,0.10231862011261576,0.10044834464105716,0.1046158596793807
4.139999999999717,0.09415236629191602,0.10231860575393269,0.10047645311201849,0.1046314340689224
4.140999999999718,0.09424993448291344,0.102318591700522,0.1005044775578488,0.10464711401713855
4.141999999999718,0.09434827510280037,0.10231857794487742,0.10053241925724979,0.1046629002394751
4.142999999999718,0.09444738003567042,0.1023185644797143,0.10056027948514754,0.10467879345622703
4.143999999999719,0.09454724103513269,0.10231855129796433,0.10058805951275077,0.10469479439257134
4.144999999999719,0.09464784972605364,0.10231853839276948,0.10061576060760882,0.10471090377860004
4.145999999999719,0.09474919760629782,0.1023185257574769,0.10064338403366949,0.10472712234935348
4.14699999999972,0.09485127604846863,0.10231851338563315,0.10067093105133668,0.10474345084485392
4.14799999999972,0.09495407630164843,0.10231850127097923,0.10069840291752792,0.10475989001013929
4.14899999999972,0.09505758949313915,0.10231848940744526,0.10072580088573174,0.1047764405952971
4.149999999999721,0.09516180663020404,0.10231847778914507,0.10075312620606483,0.10479310335549881
4.150999999999721,0.09526671860181005,0.10231846641037161,0.10078038012532911,0.10480987905103417
4.151999999999721,0.09537231618037205,0.10231845526559183,0.1008075638870686,0.10482676844734598
4.152999999999722,0.09547859002349926,0.10231844434944175,0.10083467873162616,0.10484377231506495
4.153999999999722,0.0955855306757437,0.102318433656722,0.10086172589620011,0.10486089143004496
4.154999999999722,0.09569312857035198,0.10231842318239279,0.10088870661490065,0.10487812657339833
4.155999999999723,0.09580137403102018,0.10231841292156982,0.10091562211880618,0.10489547853153158
4.156999999999723,0.09591025727365257,0.10231840286951946,0.10094247363601949,0.10491294809618128
4.157999999999723,0.09601976840812454,0.10231839302165464,0.10096926239172375,0.10493053606445009
4.158999999999724,0.09612989744005003,0.10231838337353036,0.10099598960823848,0.10494824323884328
4.159999999999724,0.0962406342725545,0.10231837392083976,0.10102265650507526,0.10496607042730519
4.160999999999724,0.0963519687080526,0.10231836465940972,0.1010492642989934,0.10498401844325624
4.161999999999725,0.0964638904500325,0.1023183555851974,0.10107581420405547,0.10500208810562994
4.162999999999725,0.09657638910484581,0.1023183466942858,0.10110230743168265,0.10502028023891027
4.163999999999725,0.09668945418350466,0.10231833798288018,0.10112874519071009,0.10503859567316941
4.164999999999726,0.09680307510348551,0.10231832944730454,0.10115512868744198,0.1050570352441054
4.165999999999726,0.09691724119054022,0.10231832108399769,0.10118145912570661,0.10507559979308051
4.166999999999726,0.09703194168051528,0.10231831288950993,0.10120773770691135,0.10509429016715945
4.167999999999727,0.09714716572117815,0.10231830486049953,0.10123396563009744,0.10511310721914813
4.168999999999727,0.09726290237405272,0.10231829699372953,0.10126014409199464,0.1051320518076325
4.169999999999727,0.09737914061626261,0.10231828928606443,0.10128627428707594,0.1051511247970178
4.170999999999728,0.09749586934238348,0.10231828173446687,0.10131235740761196,0.10517032705756789
4.171999999999728,0.0976130773663042,0.10231827433599495,0.10133839464372545,0.10518965946544508
4.172999999999728,0.09773075342309694,0.1023182670877989,0.10136438718344548,0.10520912290275
4.173999999999729,0.0978488861708964,0.10231825998711858,0.10139033621276176,0.10522871825756196
4.174999999999729,0.09796746419278864,0.1023182530312804,0.1014162429156787,0.10524844642397939
4.175999999999729,0.09808647599870865,0.10231824621769481,0.10144210847426942,0.10526830830216063
4.17699999999973,0.0982059100273478,0.10231823954385381,0.10146793406872968,0.10528830479836508
4.17799999999973,0.09832575464806996,0.10231823300732829,0.10149372087743183,0.10530843682499448
4.17899999999973,0.09844599816283764,0.10231822660576582,0.10151947007697842,0.10532870530063454
4.179999999999731,0.0985666288081462,0.10231822033688831,0.10154518284225601,0.10534911115009692
4.180999999999731,0.0986876347569678,0.1023182141984899,0.10157086034648871,0.10536965530446132
4.181999999999731,0.09880900412070381,0.10231820818843484,0.10159650376129177,0.10539033870111814
4.182999999999732,0.09893072495114551,0.10231820230465548,0.10162211425672497,0.10541116228381099
4.183999999999732,0.09905278524244321,0.10231819654515056,0.10164769300134606,0.10543212700268002
4.184999999999732,0.09917517293308295,0.10231819090798346,0.10167324116226406,0.10545323381430512
4.185999999999733,0.09929787590787097,0.10231818539128032,0.10169875990519252,0.10547448368174955
4.186999999999733,0.09942088199992449,0.10231817999322876,0.10172425039450267,0.105495877574604
4.187999999999733,0.09954417899266972,0.10231817471207644,0.10174971379327663,0.10551741646903073
4.188999999999734,0.09966775462184516,0.1023181695461296,0.10177515126336041,0.10553910134780815
4.189999999999734,0.0997915965775106,0.10231816449375203,0.10180056396541692,0.10556093320037564
4.190999999999734,0.09991569250606037,0.1023181595533639,0.10182595305897901,0.10558291302287875
4.191999999999735,0.10004003001224109,0.10231815472344091,0.10185131970250226,0.10560504181821458
4.192999999999735,0.10016459666117182,0.1023181500025135,0.10187666505341791,0.10562732059607755
4.193999999999735,0.10028937998036726,0.10231814538916574,0.10190199026818571,0.10564975037300559
4.194999999999736,0.10041436746176206,0.10231814088203534,0.10192729650234655,0.10567233217242632
4.195999999999736,0.10053954656373576,0.10231813647981287,0.10195258491057536,0.10569506702470392
4.196999999999736,0.10066490471313734,0.10231813218124149,0.10197785664673364,0.10571795596718606
4.197999999999737,0.1007904293073084,0.10231812798511683,0.1020031128639222,0.10574100004425123
4.198999999999737,0.10091610771610375,0.10231812389028691,0.10202835471453377,0.10576420030735645
4.199999999999737,0.1010419272839082,0.10231811989565225,0.10205358335030552,0.1057875578150852
4.200999999999738,0.10116787533164892,0.10231811600016616,0.10207879992237169,0.1058110736331957
4.201999999999738,0.10129393915880135,0.10231811220283522,0.10210400558131606,0.10583474883466962
4.202999999999738,0.10142010604538798,0.10231810850271959,0.10212920147722446,0.10585858449976093
4.203999999999739,0.10154636325396842,0.10231810489893398,0.10215438875973724,0.1058825817160453
4.204999999999739,0.10167269803161944,0.10231810139064848,0.10217956857810177,0.10590674157846962
4.205999999999739,0.10179909761190313,0.10231809797708939,0.10220474208122483,0.10593106518940205
4.20699999999974,0.10192554921682279,0.10231809465754067,0.10222991041772503,0.10595555365868226
4.20799999999974,0.1020520400587636,0.10231809143134533,0.10225507473598526,0.10598020810367209
4.20899999999974,0.10217855734241744,0.10231808829790673,0.10228023618420506,0.10600502964930657
4.209999999999741,0.10230508826669003,0.10231808525669055,0.10230539591045303,0.10603001942814515
4.210999999999741,0.10243162002658847,0.10231808230722676,0.10233055506271915,0.10605517858042347
4.211999999999741,0.10255813989673378,0.10231807944822285,0.10235571478896728,0.1060805082541054
4.212999999999742,0.10268463531662224,0.1023180766766613,0.10238087623718742,0.10610600960493527
4.213999999999742,0.10281109380567757,0.10231807398874998,0.10240604055544815,0.10613168379649081
4.214999999999742,0.10293750287989156,0.10231807138085001,0.10243120889194901,0.10615753200023607
4.215999999999743,0.1030638500536875,0.10231806884947123,0.10245638239507289,0.106183555395575
4.216999999999743,0.10319012284179571,0.10231806639126755,0.1024815622134384,0.10620975516990516
4.217999999999743,0.10331630876114181,0.10231806400303271,0.10250674949595233,0.10623613251867195
4.218999999999744,0.1034423953327473,0.1023180616816959,0.10253194539186204,0.10626268864542318
4.219999999999744,0.1035683700836433,0.10231805942431729,0.10255715105080788,0.10628942476186393
4.220999999999744,0.10369422054879798,0.10231805722808415,0.1025823676228757,0.10631634208791187
4.221999999999745,0.10381993427305704,0.10231805509030624,0.10260759625864928,0.10634344185175293
4.222999999999745,0.10394549881309811,0.10231805300841193,0.10263283810926283,0.1063707252898973
4.223999999999745,0.10407090173939898,0.1023180509799441,0.10265809432645355,0.10639819364723592
4.224999999999746,0.10419613063821934,0.10231804900255631,0.10268336606261415,0.10642584817709717
4.225999999999746,0.10432117311359657,0.10231804707400868,0.10270865447084543,0.1064536901413042
4.226999999999746,0.10444601678935478,0.10231804519216446,0.10273396070500891,0.10648172081023234
4.227999999999747,0.10457064931112764,0.10231804335498579,0.10275928591977951,0.10650994146286727
4.228999999999747,0.1046950583483945,0.10231804156053062,0.10278463127069813,0.10653835338686315
4.229999999999747,0.10481923159652924,0.1023180398069488,0.10280999791422453,0.10656695787860158
4.230999999999748,0.10494315677886255,0.1023180380924788,0.10283538700778992,0.10659575624325059
4.231999999999748,0.10506682164875578,0.1023180364154442,0.10286079970984992,0.10662474979482425
4.232999999999748,0.10519021399168756,0.10231803477425055,0.10288623717993735,0.10665393985624273
4.233999999999749,0.1053133216273517,0.10231803316738217,0.10291170057871513,0.10668332775939245
4.234999999999749,0.10543613241176622,0.10231803159339897,0.10293719106802926,0.10671291484518701
4.235999999999749,0.10555863423939343,0.10231803005093353,0.10296270981096187,0.10674270246362838
4.23699999999975,0.10568081504526965,0.10231802853868817,0.10298825797188418,0.1067726919738684
4.23799999999975,0.1058026628071447,0.10231802705543228,0.10301383671650977,0.10680288474427085
4.23899999999975,0.10592416554763058,0.10231802559999921,0.10303944721194762,0.10683328215247388
4.239999999999751,0.10604531133635835,0.10231802417128406,0.10306509062675549,0.1068638855854529
4.240999999999751,0.10616608829214241,0.10231802276824091,0.10309076813099317,0.10689469643958378
4.241999999999751,0.10628648458515261,0.10231802138988041,0.10311648089627591,0.10692571612070667
4.242999999999752,0.10640648843909166,0.10231802003526753,0.10314223009582782,0.1069569460441901
4.243999999999752,0.10652608813337945,0.10231801870351906,0.10316801690453545,0.10698838763499549
4.244999999999752,0.10664527200534117,0.10231801739380163,0.10319384249900138,0.10702004232774229
4.245999999999753,0.10676402845240052,0.10231801610532953,0.10321970805759792,0.10705191156677339
4.246999999999753,0.1068823459342758,0.10231801483736266,0.10324561476052085,0.10708399680622097
4.247999999999753,0.10700021297517923,0.10231801358920466,0.10327156378984331,0.10711629951007293
4.248999999999754,0.10711761816601802,0.10231801236020094,0.10329755632956968,0.10714882115223962
4.249999999999754,0.10723455016659696,0.10231801114973711,0.10332359356568965,0.10718156321662115
4.250999999999754,0.10735099770782122,0.10231800995723708,0.10334967668623235,0.10721452719717509
4.251999999999755,0.10746694959389944,0.10231800878216141,0.10337580688132048,0.10724771459798456
4.252999999999755,0.10758239470454545,0.10231800762400593,0.10340198534322469,0.10728112693332699
4.253999999999755,0.10769732199717891,0.1023180064823003,0.10342821326641795,0.1073147657277431
4.254999999999756,0.10781172050912319,0.10231800535660618,0.10345449184763006,0.1073486325161065
4.255999999999756,0.10792557935980053,0.10231800424651638,0.10348082228590223,0.10738272884369376
4.256999999999756,0.10803888775292352,0.1023180031516532,0.10350720578264182,0.10741705626625482
4.257999999999757,0.10815163497868235,0.10231800207166758,0.10353364354167714,0.10745161635008411
4.258999999999757,0.1082638104159272,0.1023180010062375,0.10356013676931239,0.10748641067209191
4.259999999999757,0.10837540353434484,0.10231799995506725,0.10358668667438267,0.10752144081987632
4.260999999999758,0.10848640389662949,0.10231799891788612,0.10361329446830922,0.10755670839179576
4.261999999999758,0.10859680116064709,0.10231799789444758,0.10363996136515456,0.10759221499704183
4.262999999999758,0.10870658508159199,0.10231799688452826,0.10366668858167805,0.10762796225571279
4.263999999999759,0.10881574551413678,0.10231799588792699,0.10369347733739125,0.10766395179888744
4.264999999999759,0.10892427241457303,0.10231799490446412,0.10372032885461366,0.10770018526869951
4.265999999999759,0.10903215584294437,0.10231799393398068,0.10374724435852847,0.10773666431841271
4.26699999999976,0.10913938596517035,0.10231799297633729,0.10377422507723846,0.10777339061249604
4.26799999999976,0.10924595305516072,0.10231799203141402,0.10380127224182205,0.10781036582669981
4.26899999999976,0.1093518474969205,0.1023179910991093,0.10382838708638942,0.10784759164813207
4.269999999999761,0.10945705978664493,0.1023179901793393,0.10385557084813889,0.1078850697753356
4.270999999999761,0.10956158053480414,0.1023179892720375,0.10388282476741333,0.1079228019183654
4.271999999999761,0.10966540046821747,0.10231798837715403,0.10391015008775677,0.10796078979886672
4.272999999999762,0.10976851043211709,0.10231798749465511,0.10393754805597111,0.10799903515015365
4.273999999999762,0.10987090139220065,0.10231798662452249,0.10396501992217304,0.10803753971728812
4.274999999999762,0.1099725644366734,0.10231798576675312,0.10399256693985111,0.10807630525715967
4.275999999999763,0.11007349077827842,0.1023179849213585,0.10402019036592285,0.10811533353856542
4.276999999999763,0.11017367175631662,0.10231798408836446,0.10404789146079214,0.10815462634229095
4.277999999999763,0.11027309883865453,0.10231798326781064,0.10407567148840681,0.10819418546119149
4.278999999999764,0.11037176362372181,0.1023179824597499,0.10410353171631616,0.10823401270027368
4.279999999999764,0.11046965784249646,0.10231798166424837,0.10413147341572893,0.10827410987677799
4.280999999999764,0.11056677336047985,0.10231798088138477,0.10415949786157122,0.10831447882026164
4.281999999999765,0.11066310217965972,0.10231798011125012,0.10418760633254472,0.10835512137268202
4.282999999999765,0.11075863644046256,0.10231797935394758,0.10421580011118498,0.10839603938848076
4.283999999999765,0.11085336842369507,0.10231797860959195,0.10424408048392002,0.10843723473466842
4.284999999999766,0.11094729055247432,0.10231797787830942,0.10427244874112894,0.10847870929090953
4.285999999999766,0.11104039539414752,0.10231797716023748,0.10430090617720088,0.10852046494960849
4.286999999999766,0.11113267566220171,0.10231797645552423,0.104329454090594,0.10856250361599586
4.287999999999767,0.1112241242181617,0.10231797576432855,0.10435809378389484,0.10860482720821531
4.288999999999767,0.11131473407347975,0.10231797508681943,0.10438682656387759,0.10864743765741108
4.289999999999767,0.11140449839141385,0.10231797442317611,0.10441565374156385,0.1086903369078162
4.290999999999768,0.11149341048889709,0.10231797377358737,0.10444457663228242,0.1087335269168411
4.291999999999768,0.11158146383839747,0.1023179731382518,0.10447359655572927,0.10877700965516302
4.292999999999768,0.11166865206976849,0.10231797251737697,0.1045027148360278,0.10882078710681578
4.293999999999769,0.11175496897209092,0.10231797191117963,0.10453193280178925,0.10886486126928054
4.294999999999769,0.11184040849550606,0.1023179713198852,0.10456125178617331,0.10890923415357666
4.295999999999769,0.11192496475304073,0.10231797074372741,0.10459067312694897,0.10895390778435374
4.29699999999977,0.11200863202242431,0.10231797018294841,0.10462019816655554,0.10899888419998377
4.29799999999977,0.11209140474789821,0.10231796963779809,0.10464982825216389,0.10904416545265426
4.29899999999977,0.11217327754201771,0.10231796910853383,0.10467956473573795,0.10908975360846186
4.299999999999771,0.1122542451874475,0.10231796859542053,0.10470940897409638,0.1091356507475066
4.300999999999771,0.11233430263874977,0.10231796809872998,0.1047393623289745,0.10918185896398684
4.301999999999771,0.1124134450241668,0.10231796761874046,0.1047694261670864,0.10922838036629481
4.302999999999772,0.11249166764739683,0.1023179671557366,0.10479960186018729,0.10927521707711278
4.303999999999772,0.11256896598936511,0.10231796671000899,0.10482989078513613,0.10932237123350996
4.304999999999772,0.11264533570998889,0.10231796628185374,0.10486029432395844,0.10936984498704001
4.305999999999773,0.11272077264993843,0.10231796587157196,0.1048908138639093,0.10941764050383918
4.306999999999773,0.1127952728323925,0.10231796547946963,0.10492145079753677,0.10946575996472512
4.307999999999773,0.11286883246479026,0.10231796510585671,0.10495220652274531,0.1095142055652965
4.308999999999774,0.11294144794057938,0.10231796475104718,0.10498308244285963,0.10956297951603307
4.309999999999774,0.11301311584096019,0.102317964415358,0.10501407996668868,0.10961208404239657
4.310999999999774,0.11308383293662705,0.10231796409910911,0.10504520050859,0.10966152138493229
4.311999999999775,0.11315359618950696,0.1023179638026223,0.10507644548853415,0.10971129379937127
4.312999999999775,0.1132224027544953,0.10231796352622102,0.1051078163321696,0.10976140355673324
4.313999999999775,0.11329024998119006,0.10231796327022957,0.10513931447088774,0.10981185294343025
4.314999999999776,0.1133571354156239,0.1023179630349724,0.10517094134188817,0.10986264426137098
4.315999999999776,0.11342305680199503,0.1023179628207735,0.10520269838824431,0.10991377982806574
4.316999999999776,0.11348801208439693,0.1023179626279556,0.10523458705896921,0.10996526197673231
4.317999999999777,0.1135519994085474,0.10231796245683922,0.10526660880908172,0.11001709305640231
4.318999999999777,0.11361501712351708,0.102317962307742,0.10529876509967281,0.11006927543202841
4.319999999999777,0.11367706378345843,0.10231796218097776,0.10533105739797233,0.11012181148459224
4.320999999999778,0.11373813814933444,0.10231796207685545,0.10536348717741584,0.11017470361121304
4.321999999999778,0.11379823919064841,0.1023179619956783,0.10539605591771192,0.11022795422525702
4.322999999999778,0.1138573660871744,0.10231796193774263,0.1054287651049097,0.11028156575644747
4.323999999999779,0.11391551823068934,0.10231796190333675,0.10546161623146658,0.11033554065097567
4.324999999999779,0.11397269522670658,0.10231796189273981,0.10549461079631642,0.11038988137161243
4.325999999999779,0.11402889689621146,0.1023179619062206,0.10552775030493788,0.11044459039782056
4.32699999999978,0.11408412327739925,0.10231796194403621,0.10556103626942312,0.11049967022586786
4.32799999999978,0.1141383746274158,0.10231796200643063,0.10559447020854681,0.11055512336894119
4.32899999999978,0.1141916514241011,0.1023179620936334,0.10562805364783541,0.11061095235726101
4.329999999999781,0.11424395436773617,0.10231796220585801,0.1056617881196368,0.1106671597381969
4.330999999999781,0.11429528438279349,0.10231796234330036,0.10569567516319016,0.11072374807638376
4.331999999999781,0.11434564261969155,0.10231796250613712,0.10572971632469624,0.11078071995383883
4.332999999999782,0.11439503045655362,0.10231796269452403,0.10576391315738791,0.11083807797007951
4.333999999999782,0.11444344950097102,0.10231796290859405,0.105798267221601,0.11089582474224202
4.334999999999782,0.11449090159177126,0.1023179631484555,0.10583278008484552,0.1109539629052007
4.335999999999783,0.11453738880079148,0.10231796341419014,0.10586745332187715,0.1110124951116883
4.336999999999783,0.11458291343465728,0.10231796370585096,0.10590228851476916,0.1110714240324171
4.337999999999783,0.11462747803656727,0.10231796402346038,0.10593728725298453,0.11113075235620061
4.338999999999784,0.11467108538808377,0.10231796436700769,0.1059724511334485,0.11119048279007636
4.339999999999784,0.11471373851092972,0.10231796473644698,0.10600778176062144,0.1112506180594294
4.340999999999784,0.11475544066879206,0.1023179651316947,0.10604328074657204,0.11131116090811664
4.341999999999785,0.11479619536913212,0.10231796555262725,0.10607894971105092,0.11137211409859206
4.342999999999785,0.11483600636500269,0.10231796599907822,0.10611479028156443,0.11143348041203273
4.343999999999785,0.11487487765687258,0.10231796647083613,0.10615080409344901,0.11149526264846574
4.344999999999786,0.11491281349445859,0.10231796696764145,0.10618699278994578,0.11155746362689593
4.345999999999786,0.1149498183785648,0.10231796748918376,0.10622335802227548,0.11162008618543456
4.346999999999786,0.11498589706292983,0.10231796803509914,0.10625990144971387,0.11168313318142879
4.347999999999787,0.1150210545560816,0.10231796860496688,0.10629662473966739,0.11174660749159201
4.348999999999787,0.11505529612320066,0.10231796919830673,0.10633352956774927,0.11181051201213515
4.349999999999787,0.1150886272879908,0.10231796981457553,0.10637061761785598,0.11187484965889881
4.350999999999788,0.11512105383455817,0.10231797045316414,0.10640789058224404,0.11193962336748631
4.351999999999788,0.11515258180929837,0.10231797111339415,0.10644535016160728,0.11200483609339766
4.352999999999788,0.1151832175227915,0.10231797179451468,0.1064829980651544,0.11207049081216434
4.353999999999789,0.11521296755170526,0.10231797249569848,0.10652083601068699,0.11213659051948519
4.354999999999789,0.11524183874070598,0.10231797321603905,0.10655886572467785,0.11220313823136291
4.355999999999789,0.11526983820437726,0.10231797395454681,0.10659708894234983,0.11227013698424189
4.35699999999979,0.11529697332914642,0.10231797471014539,0.10663550740775499,0.1123375898351466
4.35799999999979,0.11532325177521828,0.10231797548166821,0.10667412287385415,0.11240549986182116
4.35899999999979,0.11534868147851621,0.10231797626785481,0.10671293710259692,0.11247387016286974
4.359999999999791,0.11537327065262948,0.10231797706734674,0.10675195186500207,0.11254270385789794
4.360999999999791,0.11539702779076824,0.10231797787868438,0.10679116894123827,0.11261200408765511
4.361999999999791,0.11541996166772377,0.10231797870030254,0.10683059012070546,0.11268177401417771
4.362999999999792,0.11544208134183478,0.10231797953052715,0.1068702172021164,0.1127520168209336
4.363999999999792,0.11546339615695941,0.10231798036757098,0.10691005199357871,0.11282273571296718
4.364999999999792,0.11548391574445166,0.10231798120953017,0.10695009631267749,0.11289393391704575
4.365999999999793,0.11550365002514253,0.10231798205438025,0.10699035198655815,0.11296561468180673
4.366999999999793,0.11552260921132475,0.10231798289997225,0.10703082085200982,0.11303778127790579
4.367999999999793,0.11554080380874114,0.10231798374402909,0.10707150475554914,0.11311043699816617
4.368999999999794,0.11555824461857495,0.10231798458414151,0.10711240555350453,0.11318358515772896
4.369999999999794,0.11557494273944317,0.10231798541776457,0.10715352511210091,0.11325722909420426
4.370999999999794,0.11559090956939035,0.10231798624221386,0.10719486530754481,0.11333137216782353
4.371999999999795,0.1156061568078834,0.10231798705466193,0.10723642802610997,0.11340601776159288
4.372999999999795,0.11562069645780684,0.10231798785213463,0.10727821516422346,0.11348116928144748
4.373999999999795,0.11563454082745662,0.10231798863150765,0.1073202286285522,0.11355683015640693
4.374999999999796,0.11564770253253294,0.10231798938950325,0.10736247033608991,0.1136330038387317
4.375999999999796,0.11566019449813081,0.10231799012268683,0.10740494221424463,0.11370969380408075
4.376999999999796,0.11567202996072813,0.10231799082746372,0.10744764620092662,0.11378690355166994
4.377999999999797,0.11568322247016936,0.10231799150007623,0.10749058424463681,0.11386463660443186
4.378999999999797,0.11569378589164607,0.10231799213660087,0.10753375830455575,0.1139428965091765
4.379999999999797,0.11570373440767126,0.10231799273294531,0.10757717035063288,0.11402168683675307
4.380999999999798,0.1157130825200493,0.10231799328484602,0.10762082236367658,0.11410101118221302
4.381999999999798,0.11572184505183851,0.1023179937878657,0.10766471633544437,0.11418087316497394
4.382999999999798,0.11573003714930763,0.10231799423739113,0.10770885426873396,0.11426127642898481
4.383999999999799,0.11573767428388441,0.1023179946286313,0.1077532381774745,0.11434222464289223
4.384999999999799,0.11574477225409614,0.1023179949566154,0.10779787008681854,0.11442372150020783
4.385999999999799,0.11575134718750156,0.10231799521619137,0.10784275203323444,0.11450577071947673
4.3869999999998,0.11575741554261407,0.10231799540202477,0.10788788606459927,0.11458837604444735
4.3879999999998,0.1157629941108148,0.10231799550859742,0.10793327424029225,0.11467154124424211
4.3889999999998,0.11576810001825646,0.10231799553020696,0.10797891863128871,0.11475527011352941
4.389999999999801,0.1157727507277564,0.10231799546096616,0.1080248213202546,0.11483956647269687
4.390999999999801,0.11577696404067958,0.10231799529480312,0.10807098440164148,0.11492443416802552
4.391999999999801,0.11578075809881022,0.10231799502546104,0.10811740998178215,0.11500987707186539
4.392999999999802,0.1157841513862131,0.10231799464649902,0.10816410017898673,0.11509589908281218
4.393999999999802,0.11578716273108335,0.10231799415129308,0.10821105712363929,0.11518250412588514
4.394999999999802,0.1157898113075851,0.10231799353303725,0.1082582829582951,0.11526969615270613
4.395999999999803,0.11579211663767913,0.10231799278474532,0.1083057798377783,0.11535747914167997
4.396999999999803,0.11579409859293902,0.10231799189925295,0.10835354992928035,0.11544585709817595
4.397999999999803,0.11579577739635649,0.10231799086922039,0.10840159541245885,0.11553483405471057
4.398999999999804,0.11579717362413547,0.10231798968713533,0.10844991847953694,0.11562441407113158
4.399999999999804,0.11579830820747555,0.10231798834531633,0.10849852133540343,0.11571460123480315
4.400999999999804,0.1157992024343447,0.10231798683591715,0.10854740619771333,0.11580539966079247
4.401999999999805,0.1157998779512417,0.1023179851509309,0.10859657529698909,0.11589681349205741
4.402999999999805,0.11580035676494839,0.10231798328219531,0.10864603087672231,0.11598884689963562
4.403999999999805,0.1158006612442724,0.10231798122139843,0.10869577519347616,0.11608150408283484
4.404999999999806,0.11580081412178035,0.10231797896008492,0.10874581051698834,0.11617478926942446
4.405999999999806,0.11580083849552206,0.10231797648966239,0.10879613913027461,0.1162687067158285
4.406999999999806,0.11580075783074649,0.10231797380140968,0.10884676332973299,0.11636326070731974
4.407999999999807,0.11580059596160902,0.10231797088648456,0.10889768542524852,0.11645845555821534
4.408999999999807,0.11580037709287141,0.10231796773593282,0.10894890774029868,0.11655429561207359
4.409999999999807,0.11580012580159482,0.10231796434069775,0.10900043261205938,0.11665078524189221
4.410999999999808,0.1157998670388252,0.10231796069163059,0.10905226239151163,0.11674792885030777
4.411999999999808,0.11579954688024197,0.10231795651877018,0.10910409217096388,0.1167544448008033
4.412999999999808,0.11579923433235487,0.10231796486973757,0.10915561704272465,0.11676100491451274
4.413999999999809,0.11579892921801424,0.10231801096372632,0.10920683935777493,0.11676760949076152
4.414999999999809,0.11579863136426051,0.10231811962891604,0.10925776145329062,0.11677425883090374
4.415999999999809,0.115798340602214,0.10231831530458854,0.10930838565274921,0.11678095323833605
4.41699999999981,0.11579805676696976,0.10231862204326268,0.10935871426603573,0.11678769301851141
4.41799999999981,0.11579777969749415,0.10231906351284524,0.1094087495895482,0.11679447847895304
4.41899999999981,0.11579750923652557,0.10231966299879647,0.1094584939063024,0.11680130992926847
4.419999999999811,0.11579724523047744,0.10232044340630787,0.109507949486036,0.11680818768116367
4.420999999999811,0.11579698752934468,0.10232142726249069,0.10955711858531218,0.11681511204845728
4.421999999999811,0.11579673598661222,0.10232263671857367,0.10960600344762256,0.11682208334709486
4.422999999999812,0.11579649045916714,0.10232409355210825,0.10965460630348957,0.11682910189516339
4.423999999999812,0.11579625080721266,0.1023258191691798,0.10970292937056822,0.11683616801290575
4.424999999999812,0.11579601689418495,0.10232783460662366,0.10975097485374731,0.11684328202273533
4.425999999999813,0.11579578858667237,0.10233016053424455,0.10979874494525002,0.11685044424925074
4.426999999999813,0.115795565754337,0.10233281725703845,0.10984624182473392,0.11685765501925063
4.427999999999813,0.11579534826983856,0.10233582471741537,0.10989346765939045,0.1168649146617486
4.428999999999814,0.11579513600876024,0.10233920249742257,0.1099404246040438,0.11687222350798819
4.429999999999814,0.11579492884953704,0.10234296982096701,0.1099871148012492,0.11687958189145803
4.430999999999814,0.11579472667338578,0.10234714555603606,0.11003354038139075,0.11688699014790703
4.431999999999815,0.11579452936423731,0.10235174821691623,0.11007970346277854,0.1168944486153597
4.432999999999815,0.11579433680867073,0.1023567959664086,0.11012560615174537,0.11690195763413162
4.433999999999815,0.11579414889584914,0.10236230661804076,0.11017125054274282,0.1169095175468449
4.434999999999816,0.11579396551745735,0.10236829763827456,0.11021663871843686,0.11691712869844384
4.435999999999816,0.1157937865676413,0.1023747861487094,0.11026177274980278,0.11692479143621065
4.436999999999816,0.11579361194294922,0.10238178892828029,0.11030665469621984,0.11693250610978138
4.437999999999817,0.1157934415422745,0.10238932241545042,0.11035128660556506,0.11694027307116177
4.438999999999817,0.11579327526679942,0.10239740271039827,0.11039567051430682,0.11694809267474335
4.439999999999817,0.1157931130199416,0.10240604557719891,0.11043980844759768,0.11695596527731963
4.440999999999818,0.11579295470730086,0.10241526644599885,0.1104837024193668,0.11696389123810234
4.441999999999818,0.11579280023660786,0.1024250804151845,0.11052735443241185,0.11697187091873788
4.442999999999818,0.11579264951767444,0.10243550225354506,0.11057076647849041,0.11697990468332374
4.443999999999819,0.11579250246234443,0.10244654640242801,0.11061394053841081,0.1169879928984252
4.444999999999819,0.11579235898444702,0.10245822697788877,0.11065687858212252,0.11699613593309194
4.445999999999819,0.11579221899975004,0.10247055777283398,0.11069958256880605,0.11700433415887504
4.44699999999982,0.11579208242591542,0.10248355225915788,0.11074205444696236,0.11701258794984382
4.44799999999982,0.11579194918245526,0.10249722358987294,0.11078429615450172,0.11702089768260289
4.44899999999982,0.11579181919068941,0.1025115846012339,0.11082630961883215,0.11702926373630941
4.449999999999821,0.11579169237370393,0.10252664781485624,0.11086809675694739,0.11703768649269036
4.450999999999821,0.11579156865631064,0.10254242543982799,0.11090965947551433,0.11704616633605994
4.451999999999821,0.11579144796500779,0.10255892937481653,0.11095099967096005,0.11705470365333712
4.452999999999822,0.11579133022794182,0.10257617121016933,0.1109921192295583,0.11706329883406331
4.453999999999822,0.11579121537486979,0.10259416223000935,0.11103302002751562,0.11707195227042011
4.454999999999822,0.11579110333712318,0.10261291341432548,0.11107370393105691,0.11708066435724719
4.455999999999823,0.1157909940475721,0.1026324354410578,0.11111417279651058,0.11708943549206037
4.456999999999823,0.11579088744059117,0.10265273868817801,0.1111544284703933,0.11709826607506968
4.457999999999823,0.11579078345202541,0.10267383323576545,0.11119447278949418,0.11710715650919769
4.458999999999824,0.11579068201915756,0.10269572886807865,0.11123430758095866,0.11711610720009784
4.459999999999824,0.1157905830806761,0.10271843507562284,0.11127393466237179,0.11712511855617297
4.460999999999824,0.11579048657664386,0.1027419610572133,0.11131335584184122,0.11713419098859394
4.461999999999825,0.11579039244846781,0.10276631572203516,0.11135257291807973,0.11714332491131847
4.462999999999825,0.11579030063886929,0.10279150769169978,0.11139158768048721,0.11715252074110989
4.463999999999825,0.11579021109185508,0.10281754530229745,0.11143040190923237,0.11716177889755626
4.464999999999826,0.11579012375268925,0.10284443660644714,0.11146901737533396,0.11717109980308948
4.465999999999826,0.11579003856786566,0.10287218937534325,0.1115074358407416,0.11718048388300462
4.466999999999826,0.11578995548508114,0.10290081110079932,0.11154565905841612,0.1171899315654792
4.467999999999827,0.11578987445320935,0.1029303089972893,0.11158368877240955,0.11719944328159283
4.468999999999827,0.11578979542227531,0.10296069000398604,0.11162152671794476,0.11720901946534688
4.4699999999998274,0.11578971834343045,0.10299196078679747,0.11165917462149456,0.11721866055368424
4.470999999999828,0.1157896431689285,0.10302412774040036,0.11169663420086053,0.11722836698650922
4.471999999999828,0.1157895698521017,0.10305719699027208,0.11173390716525136,0.11723813920670777
4.4729999999998284,0.11578949834733786,0.1030911743947195,0.1117709952153609,0.11724797766016752
4.473999999999829,0.11578942861005767,0.10312606554690676,0.11180790004344564,0.1172578827957982
4.474999999999829,0.11578936059669297,0.10316187577688032,0.11184462333340207,0.11726785506555215
4.4759999999998294,0.11578929426466501,0.1031986101535922,0.11188116676084342,0.11727789492444488
4.47699999999983,0.11578922957236372,0.1032362734869212,0.11191753199317613,0.1172880028305759
4.47799999999983,0.11578916647912739,0.10327487032969214,0.11195372068967595,0.11729817924514956
4.4789999999998305,0.11578910494522247,0.10331440497969331,0.11198973450156365,0.11730842463249612
4.479999999999831,0.11578904493182418,0.1033548814816917,0.11202557507208032,0.11731873946009296
4.480999999999831,0.11578898640099784,0.10339630362944632,0.11206124403656241,0.11732912419858584
4.4819999999998315,0.11578892931567976,0.10343867496771943,0.1120967430225163,0.11733957932181044
4.482999999999832,0.1157888736396596,0.10348199879428571,0.11213207364969255,0.11735010530681396
4.483999999999832,0.11578881933756233,0.10352627816193939,0.11216723753015989,0.11736070263387692
4.4849999999998325,0.11578876637483104,0.10357151588049891,0.11220223626837868,0.11737137178653499
4.485999999999833,0.11578871471771014,0.10361771451880947,0.11223707146127415,0.11738211325160113
4.486999999999833,0.1157886643332287,0.1036648764067432,0.11227174469830929,0.11739292751918774
4.4879999999998335,0.11578861518918432,0.10371300363719659,0.11230625756155736,0.11740381508272915
4.488999999999834,0.11578856725412734,0.10376209806808602,0.11234061162577406,0.11741477643900396
4.489999999999834,0.1157885204973454,0.10381216132433972,0.11237480845846941,0.11742581208815782
4.4909999999998345,0.11578847488884846,0.10386319479988748,0.11240884961997921,0.11743692253372622
4.491999999999835,0.11578843039935353,0.10391519965964754,0.11244273666353634,0.11744810828265743
4.492999999999835,0.11578838700027096,0.10396817684151019,0.11247647113534154,0.11745936984533574
4.4939999999998355,0.11578834466368956,0.10402212705831816,0.112510054574634,0.11747070773560464
4.494999999999836,0.11578830336236319,0.10407705079984417,0.11254348851376161,0.11748212247079028
4.495999999999836,0.1157882630696971,0.10413294833476437,0.11257677447825082,0.11749361457172511
4.4969999999998365,0.11578822375973433,0.10418981971262915,0.1126099139868763,0.11750518456277165
4.497999999999837,0.11578818540714314,0.10424766476582938,0.1126429085517302,0.11751683297184638
4.498999999999837,0.11578814798720402,0.10430648311155938,0.11267575967829122,0.11752856033044386
4.4999999999998375,0.11578811147579694,0.10436627415377589,0.11270846886549318,0.11754036717366095
4.500999999999838,0.11578807584938972,0.10442703708515293,0.1127410376057935,0.11755225404022121
4.501999999999838,0.11578804108502531,0.10448877088903219,0.1127734673852413,0.11756422147249959
4.5029999999998385,0.11578800716031037,0.10455147434136963,0.11280575968354516,0.11757627001654702
4.503999999999839,0.11578797405340382,0.10461514601267706,0.11283791597414065,0.11758840022211545
4.504999999999839,0.115787941743005,0.10467978426995948,0.11286993772425762,0.11760061264268286
4.5059999999998395,0.11578791020834317,0.1047453872786477,0.11290182639498703,0.11761290783547858
4.50699999999984,0.1157878794291661,0.10481195300452585,0.11293358344134771,0.11762528636150865
4.50799999999984,0.11578784938572943,0.10487947921565424,0.11296521031235274,0.11763774878558142
4.5089999999998405,0.11578782005878635,0.10494796348428717,0.11299670845107555,0.11765029567633345
4.509999999999841,0.115787791429577,0.10501740318878523,0.11302807929471574,0.11766292760625523
4.510999999999841,0.11578776347981846,0.10508779551552289,0.11305932427466467,0.11767564515171745
4.5119999999998415,0.11578773619169479,0.10515913746079009,0.11309044481657081,0.11768844889299736
4.512999999999842,0.11578770954784705,0.10523142583268907,0.11312144234040475,0.11770133941430505
4.513999999999842,0.11578768353136377,0.10530465725302515,0.113152318260524,0.1177143173038103
4.5149999999998425,0.11578765812577152,0.10537882815919222,0.11318307398573754,0.11772738315366926
4.515999999999843,0.1157876333150256,0.10545393480605249,0.11321371091937006,0.11774053756005161
4.516999999999843,0.11578760908350078,0.10552997326781063,0.11324423045932605,0.11775378112316766
4.5179999999998435,0.11578758541598247,0.10560693943988192,0.11327463399815352,0.11776711444729575
4.518999999999844,0.11578756229765762,0.10568482904075505,0.11330492292310759,0.11778053814080988
4.519999999999844,0.11578753971410632,0.10576363761384856,0.11333509861621376,0.11779405281620742
4.5209999999998445,0.115787517651293,0.10584336052936204,0.11336516245433098,0.11780765909013706
4.521999999999845,0.11578749609555812,0.10592399298612115,0.11339511580921449,0.11782135758342696
4.522999999999845,0.11578747503361006,0.10600553001341695,0.11342496004757838,0.11783514892111309
4.5239999999998455,0.11578745445251655,0.10608796647283945,0.11345469653115794,0.11784903373246772
4.524999999999846,0.11578743433969707,0.10617129706010534,0.11348432661677185,0.1178630126510281
4.525999999999846,0.11578741468291483,0.10625551630688028,0.11351385165638403,0.11787708631462547
4.5269999999998465,0.115787395470269,0.10634061858259532,0.11354327299716538,0.11789125536541412
4.527999999999847,0.1157873766901871,0.10642659809625758,0.11357259198155518,0.11790552044990059
4.528999999999847,0.11578735833141747,0.10651344889825609,0.11360180994732244,0.11791988221897334
4.5299999999998475,0.11578734038302198,0.10660116488216143,0.11363092822762684,0.11793434132793232
4.530999999999848,0.11578732283436861,0.1066897397865213,0.1136599481510796,0.11794889843651889
4.531999999999848,0.11578730567512466,0.10677916719664947,0.11368887104180415,0.117963554208946
4.5329999999998485,0.11578728889524921,0.10686944054641126,0.11371769821949645,0.11797830931392839
4.533999999999849,0.11578727248498673,0.10696055312000313,0.1137464309994853,0.11799316442471318
4.534999999999849,0.11578725643485985,0.10705249805372838,0.11377507069279227,0.11800812021911056
4.5359999999998495,0.1157872407356629,0.10714526833776822,0.11380361860619163,0.11802317737952475
4.53699999999985,0.11578722537845547,0.10723885681794841,0.11383207604226986,0.11803833659298506
4.53799999999985,0.11578721035455557,0.10733325619750247,0.11386044429948512,0.11805359855117728
4.5389999999998505,0.11578719565553365,0.1074284590388306,0.11388872467222656,0.11806896395047531
4.539999999999851,0.11578718127320614,0.10752445776525582,0.1139169184508733,0.1180844334919728
4.540999999999851,0.11578716719962932,0.10762124466277634,0.11394502692185332,0.11810000788151521
4.5419999999998515,0.11578715342709342,0.10771881188181538,0.11397305136770221,0.11811568782973207
4.542999999999852,0.11578713994811636,0.10781715143896851,0.11400099306712164,0.11813147405206932
4.543999999999852,0.11578712675543841,0.1079162552187487,0.11402885329503772,0.11814736726882198
4.5449999999998525,0.1157871138420161,0.10801611497532917,0.11405663332265917,0.11816336820516701
4.545999999999853,0.11578710120101662,0.10811672233428511,0.11408433441753532,0.11817947759119644
4.546999999999853,0.11578708882581237,0.10821806879433439,0.11411195784361397,0.11819569616195062
4.5479999999998535,0.11578707670997566,0.10832014572907683,0.11413950486129901,0.11821202465745179
4.548999999999854,0.11578706484727296,0.10842294438873348,0.11416697672750799,0.11822846382273788
4.549999999999854,0.11578705323166015,0.10852645590188613,0.11419437469572943,0.11824501440789643
4.5509999999998545,0.11578704185727719,0.10863067127721668,0.11422170001608005,0.1182616771680989
4.551999999999855,0.11578703071844301,0.10873558140524772,0.11424895393536173,0.11827845286363502
4.552999999999855,0.11578701980965066,0.10884117706008432,0.11427613769711852,0.11829534225994759
4.5539999999998555,0.11578700912556235,0.10894744890115729,0.11430325254169325,0.11831234612766733
4.554999999999856,0.1157869986610049,0.10905438747496883,0.11433029970628428,0.1183294652426481
4.555999999999856,0.11578698841096494,0.10916198321684054,0.11435728042500178,0.11834670038600226
4.5569999999998565,0.11578697837058441,0.10927022645266445,0.11438419592892417,0.1183640523441363
4.557999999999857,0.11578696853515597,0.10937910740065757,0.11441104744615423,0.11838152190878679
4.558999999999857,0.11578695890011888,0.10948861617312015,0.11443783620187513,0.1183991098770564
4.5599999999998575,0.11578694946105447,0.1095987427781985,0.1144645634184064,0.1184168170514504
4.560999999999858,0.11578694021368212,0.10970947712165202,0.1144912303152596,0.11843464423991311
4.561999999999858,0.11578693115385508,0.10982080900862604,0.11451783810919404,0.11845259225586496
4.5629999999998585,0.1157869222775565,0.10993272814542966,0.11454438801427232,0.11847066191823946
4.563999999999859,0.11578691358089561,0.11004522414131979,0.11457088124191561,0.11848885405152063
4.564999999999859,0.11578690506010368,0.11015828651029161,0.11459731900095906,0.11850716948578058
4.5659999999998595,0.11578689671153063,0.11027190467287559,0.11462370249770684,0.1185256090567174
4.56699999999986,0.11578688853164115,0.11038606795794136,0.11465003293598729,0.11854417360569335
4.56799999999986,0.11578688051701135,0.11050076560450958,0.11467631151720775,0.11856286397977314
4.5689999999998605,0.11578687266432511,0.11061598676357116,0.11470253944040944,0.11858168103176268
4.569999999999861,0.11578686497037093,0.1107317204999142,0.11472871790232214,0.11860062562024791
4.570999999999861,0.11578685743203854,0.11084795579395992,0.11475484809741883,0.11861969860963405
4.5719999999998615,0.11578685004631599,0.11096468154360643,0.11478093121797016,0.118638900870185
4.572999999999862,0.11578684281028619,0.11108188656608174,0.11480696845409884,0.11865823327806303
4.573999999999862,0.11578683572112429,0.11119955959980532,0.11483296099383399,0.11867769671536885
4.5749999999998625,0.11578682877609474,0.11131768930625893,0.1148589100231653,0.1186972920701817
4.575999999999863,0.11578682197254837,0.11143626427186663,0.11488481672609716,0.11871702023660001
4.576999999999863,0.1157868153079198,0.11155527300988397,0.1149106822847027,0.11873688211478217
4.5779999999998635,0.11578680877972501,0.11167470396229648,0.11493650787917771,0.11875687861098752
4.578999999999864,0.11578680238555852,0.11179454550172764,0.1149622946878945,0.11877701063761782
4.579999999999864,0.11578679612309137,0.1119147859333557,0.11498804388745563,0.1187972791132588
4.5809999999998645,0.11578678999006853,0.11203541349684039,0.11501375665274768,0.11881768496272209
4.581999999999865,0.11578678398430706,0.11215641636825799,0.11503943415699476,0.11883822911708744
4.582999999999865,0.11578677810369353,0.11227778266204558,0.11506507757181209,0.11885891251374517
4.5839999999998655,0.11578677234618258,0.11239950043295432,0.11509068806725947,0.11887973609643897
4.584999999999866,0.11578676670979476,0.11252155767801043,0.11511626681189466,0.11890070081530894
4.585999999999866,0.11578676119261477,0.11264394233848496,0.11514181497282668,0.118921807626935
4.5869999999998665,0.11578675579278978,0.11276664230187099,0.11516733371576905,0.1189430574943804
4.587999999999867,0.11578675050852802,0.1128896454038682,0.11519282420509304,0.11896445138723581
4.588999999999867,0.11578674533809727,0.11301293943037463,0.11521828760388075,0.11898599028166351
4.5899999999998675,0.11578674027982346,0.11313651211948443,0.11524372507397819,0.1190076751604419
4.590999999999868,0.11578673533208962,0.11326035116349165,0.11526913777604829,0.11902950701301039
4.591999999999868,0.11578673049333454,0.11338444421089933,0.11529452686962387,0.11905148683551449
4.5929999999998685,0.1157867257620521,0.11350877886843318,0.11531989351316052,0.11907361563085131
4.593999999999869,0.11578672113679009,0.11363334270305898,0.1153452388640895,0.11909589440871529
4.594999999999869,0.11578671661614989,0.11375812324400324,0.11537056407887053,0.11911832418564434
4.5959999999998695,0.11578671219878545,0.11388310798477586,0.11539587031304453,0.11914090598506609
4.59699999999987,0.11578670788340303,0.11400828438519481,0.11542115872128642,0.11916364083734472
4.59799999999987,0.11578670366876087,0.11413363987341053,0.11544643045745769,0.11918652977982788
4.5989999999998705,0.11578669955366896,0.11425916184793074,0.11547168667465917,0.1192095738568941
4.599999999999871,0.11578669553698893,0.11438483767964291,0.11549692852528357,0.11923277412000037
4.600999999999871,0.11578669161763425,0.11451065471383477,0.11552215716106808,0.11925613162773016
4.6019999999998715,0.11578668779457023,0.11463660027221093,0.11554737373314691,0.11927964744584173
4.602999999999872,0.11578668406681474,0.11476266165490463,0.11557257939210387,0.1193033226473167
4.603999999999872,0.1157866804334384,0.11488882614248343,0.11559777528802478,0.11932715831240909
4.6049999999998725,0.1157866768935654,0.1150150809979476,0.11562296257055,0.11935115552869453
4.605999999999873,0.11578667344637453,0.11514141346871969,0.1156481423889269,0.11937531539111994
4.606999999999873,0.11578667009109973,0.11526781078862414,0.11567331589206224,0.11939963900205346
4.6079999999998735,0.11578666682703183,0.11539426017985538,0.11569848422857465,0.11942412747133475
4.608999999999874,0.11578666365351942,0.11552074885493281,0.11572364854684702,0.11944878191632571
4.609999999999874,0.11578666056997071,0.1156472640186417,0.1157488099950789,0.1194736034619613
4.6109999999998745,0.11578665757585505,0.11577379286995745,0.11577396972133885,0.11949859324080102
4.611999999999875,0.11578665467070483,0.11590032260395255,0.11579912887361692,0.1195237523930805
4.612999999999875,0.11578665185320716,0.11602684049487089,0.1158242885998769,0.11954908206676355
4.6139999999998755,0.11578664912028011,0.11615333398092613,0.1158494500481088,0.11957458341759458
4.614999999999876,0.11578664646804779,0.11627979057984529,0.11587461436638123,0.11960025760915127
4.615999999999876,0.11578664389279132,0.11640619780600392,0.11589978270289372,0.1196261058128977
4.6169999999998765,0.115786641390944,0.11653254317230634,0.11592495620602916,0.1196521292082378
4.617999999999877,0.11578663895908663,0.11665881419207515,0.11595013602440618,0.11967832898256915
4.618999999999877,0.11578663659394309,0.11678499838095112,0.11597532330693154,0.11970470633133713
4.6199999999998775,0.11578663429237544,0.11691108325880387,0.11600051920285259,0.11973126245808954
4.620999999999878,0.1157866320513799,0.11703705635165339,0.11602572486180973,0.11975799857453151
4.621999999999878,0.11578662986808202,0.11716290519360367,0.11605094143388876,0.11978491590058066
4.6229999999998785,0.11578662773973272,0.1172886173287877,0.11607617006967348,0.11981201566442294
4.623999999999879,0.11578662566370368,0.11741418031332465,0.11610141192029812,0.11983929910256855
4.624999999999879,0.1157866236374835,0.11753958171728958,0.11612666813749985,0.11986676745990839
4.6259999999998795,0.1157866216586734,0.11766480912669551,0.11615193987367138,0.11989442198977088
4.62699999999988,0.11578661972498323,0.11778985014548722,0.11617722828191354,0.11992226395397915
4.62799999999988,0.11578661783422761,0.11791469239754891,0.11620253451608785,0.11995029462290856
4.6289999999998805,0.11578661598432212,0.11803932352872289,0.1162278597308692,0.11997851527554476
4.629999999999881,0.1157866141732795,0.11816373120884144,0.11625320508179852,0.12000692719954192
4.630999999999881,0.11578661239920596,0.11828790313377052,0.11627857172533554,0.12003553169128163
4.6319999999998815,0.11578661066029775,0.11841182702746536,0.11630396081891149,0.12006433005593192
4.632999999999882,0.11578660895483758,0.11853549064403802,0.116329373520982,0.12009332360750691
4.633999999999882,0.11578660728119143,0.11865888176983595,0.11635481099107985,0.12012251366892668
4.6349999999998825,0.11578660563780506,0.11878198822553186,0.116380274389868,0.12015190157207771
4.635999999999883,0.11578660402320078,0.11890479786822422,0.11640576487919246,0.12018148865787362
4.636999999999883,0.11578660243597483,0.11902729859354788,0.11643128362213531,0.12021127627631632
4.6379999999998835,0.11578660087479388,0.11914947833779456,0.11645683178306783,0.1202412657865577
4.638999999999884,0.11578659933839244,0.11927132508004243,0.11648241052770354,0.12027145855696149
4.639999999999884,0.11578659782556978,0.11939282684429452,0.11650802102315148,0.1203018559651659
4.6409999999998846,0.11578659633518777,0.11951397170162555,0.11653366443796938,0.1203324593981463
4.641999999999885,0.11578659486616755,0.11963474777233585,0.11655934194221702,0.12036327025227855
4.642999999999885,0.11578659341748766,0.11975514322811248,0.11658505470750967,0.12039428993340286
4.6439999999998856,0.11578659198818131,0.119875146294197,0.11661080390707142,0.12042551985688767
4.644999999999886,0.11578659057733394,0.11999474525155836,0.11663659071578883,0.12045696144769447
4.645999999999886,0.11578658918408133,0.12011392843907125,0.1166624163102645,0.1204886161404427
4.6469999999998866,0.11578658780760709,0.12023268425569858,0.11668828186887072,0.12052048537947524
4.647999999999887,0.1157865864471408,0.12035100116267781,0.11671418857180327,0.12055257061892426
4.648999999999887,0.11578658510195594,0.12046886768571,0.11674013760113529,0.12058487332277765
4.649999999999888,0.11578658377136805,0.12058627241715145,0.11676613014087117,0.1206173949649458
4.650999999999888,0.11578658245473293,0.12070320401820642,0.11679216737700061,0.12065013702932882
4.651999999999888,0.11578658115144448,0.12081965122112133,0.1168182504975527,0.12068310100988423
4.652999999999889,0.11578657986093378,0.1209356028313787,0.11684438069265018,0.1207162884106952
4.653999999999889,0.11578657858266683,0.12105104772989057,0.11687055915456371,0.12074970074603916
4.654999999999889,0.11578657731614339,0.1211659748751911,0.11689678707776624,0.12078333954045681
4.65599999999989,0.11578657606089529,0.12128037330562665,0.11692306565898755,0.12081720632882174
4.65699999999989,0.11578657481648531,0.12139423214154418,0.11694939609726887,0.12085130265641053
4.65799999999989,0.11578657358250558,0.12150754058747562,0.11697577959401756,0.12088563007897314
4.658999999999891,0.11578657235857649,0.1216202879343189,0.11700221735306192,0.12092019016280399
4.659999999999891,0.11578657114434537,0.12173246356151465,0.11702871058070616,0.12095498448481334
4.660999999999891,0.11578656993948554,0.12184405693921753,0.11705526048578538,0.12099001463259933
4.661999999999892,0.11578656874369492,0.1219550576304625,0.11708186827972081,0.12102528220452036
4.662999999999892,0.11578656755669542,0.1220654552933242,0.11710853517657499,0.12106078880976802
4.663999999999892,0.11578656637823148,0.12217523968307076,0.11713526239310727,0.12109653606844059
4.664999999999893,0.11578656520806953,0.12228440065430958,0.11716205114882922,0.12113252561161685
4.665999999999893,0.1157865640459969,0.12239292816312618,0.11718890266606032,0.12116875908143054
4.666999999999893,0.11578656289182099,0.12250081226921447,0.11721581816998379,0.12120523813114539
4.667999999999894,0.11578656174536862,0.12260804313799926,0.1172427988887024,0.1212419644252304
4.668999999999894,0.11578656060648516,0.12271461104274936,0.11726984605329455,0.12127893963943584
4.669999999999894,0.11578655947503376,0.12282050636668221,0.11729696089787044,0.12131616546086979
4.670999999999895,0.11578655835089488,0.12292571960505828,0.11732414465962837,0.121353643588075
4.671999999999895,0.11578655723396543,0.12303024136726666,0.11735139857891123,0.1213913757311065
4.672999999999895,0.11578655612415824,0.12313406237889986,0.11737872389926304,0.12142936361160954
4.673999999999896,0.11578655502140163,0.12323717348381898,0.11740612186748571,0.12146760896289818
4.674999999999896,0.11578655392563864,0.1233395656462083,0.11743359373369594,0.1215061135300344
4.675999999999896,0.11578655283682661,0.12344122995261925,0.11746114075138224,0.12154487906990767
4.676999999999897,0.1157865517549367,0.12354215761400382,0.11748876417746217,0.12158390735131519
4.677999999999897,0.11578655067995343,0.12364233996773738,0.11751646527233962,0.1216232001550425
4.678999999999897,0.11578654961187426,0.12374176847963023,0.1175442452999624,0.1216627592739448
4.679999999999898,0.11578654855070904,0.12384043474592865,0.11757210552787982,0.1217025865130288
4.680999999999898,0.11578654749647972,0.12393833049530498,0.11760004722730062,0.12174268368953493
4.681999999999898,0.11578654644921993,0.12403544759083666,0.11762807167315091,0.1217830526330204
4.682999999999899,0.11578654540897465,0.12413177803197473,0.11765618014413234,0.1218236951854426
4.683999999999899,0.11578654437579987,0.12422731395650122,0.11768437392278051,0.12186461320124321
4.684999999999899,0.115786543349762,0.12432204764247613,0.11771265429552341,0.12190580854743271
4.6859999999999,0.11578654233093795,0.12441597151017364,0.11774102255274016,0.1219472831036757
4.6869999999999,0.11578654131941446,0.12450907812400808,0.11776947998881988,0.12198903876237654
4.6879999999999,0.11578654031528798,0.12460136019444924,0.11779802790222077,0.12203107742876582
4.688999999999901,0.11578653931866428,0.12469281057992798,0.1178266675955293,0.12207340102098717
4.689999999999901,0.11578653832965823,0.12478342228873177,0.11785540037551971,0.12211601147018486
4.690999999999901,0.11578653734839336,0.12487318848089025,0.11788422755321361,0.12215891072059193
4.691999999999902,0.11578653637500175,0.12496210247005166,0.11791315044393975,0.12220210072961878
4.692999999999902,0.1157865354096236,0.1250501577253496,0.11794217036739414,0.12224558346794262
4.693999999999902,0.11578653445240689,0.12513734787326125,0.11797128864770018,0.12228936091959737
4.694999999999903,0.11578653350350741,0.12522366669945645,0.1180005066134691,0.1223334350820641
4.695999999999903,0.11578653256308805,0.1253091081506382,0.1180298255978606,0.12237780796636223
4.696999999999903,0.1157865316313187,0.12539366633637555,0.11805924693864367,0.12242248159714132
4.697999999999904,0.11578653070837594,0.12547733553092805,0.1180887719782576,0.12246745801277338
4.698999999999904,0.1157865297944428,0.12556011017506258,0.11811840206387328,0.12251273926544592
4.699999999999904,0.11578652888970811,0.12564198487786302,0.11814813854745464,0.12255832742125558
4.700999999999905,0.11578652799436678,0.1257229544185333,0.11817798278582033,0.12260422456030239
4.701999999999905,0.11578652710861866,0.12580301374819317,0.11820793614070567,0.12265043277678471
4.702999999999905,0.11578652623266888,0.12588215799166774,0.11823799997882475,0.12269695417909478
4.703999999999906,0.11578652536672718,0.1259603824492715,0.1182681756719328,0.12274379088991486
4.704999999999906,0.11578652451100734,0.12603768259858583,0.11829846459688878,0.12279094504631419
4.705999999999906,0.11578652366572713,0.1261140540962322,0.11832886813571816,0.12283841879984637
4.706999999999907,0.1157865228311077,0.12618949277963928,0.1183593876756761,0.12288621431664769
4.707999999999907,0.11578652200737315,0.12626399466880608,0.11839002460931058,0.1229343337775358
4.708999999999907,0.11578652119474991,0.12633755596806046,0.11842078033452612,0.12298277937810938
4.709999999999908,0.11578652039346662,0.12641017306781385,0.11845165625464739,0.12303155332884813
4.710999999999908,0.11578651960375326,0.12648184254631198,0.11848265377848337,0.12308065785521385
4.711999999999908,0.11578651882584061,0.12655256117138258,0.11851377432039158,0.12313009519775181
4.712999999999909,0.11578651805995996,0.12662232590217998,0.1185450193003426,0.12317986761219304
4.713999999999909,0.11578651730634212,0.12669113389092684,0.1185763901439849,0.12322997736955729
4.714999999999909,0.11578651656521705,0.12675898248465414,0.11860788828270984,0.12328042675625657
4.71599999999991,0.11578651583681294,0.12682586922693864,0.11863951515371703,0.12333121807419957
4.71699999999991,0.11578651512135582,0.1268917918596389,0.11867127220007989,0.12338235364089664
4.71799999999991,0.1157865144190685,0.1269567483246298,0.11870316087081151,0.12343383578956554
4.718999999999911,0.11578651373016975,0.12702073676553682,0.11873518262093069,0.12348566686923787
4.719999999999911,0.1157865130548737,0.1270837555294686,0.11876733891152844,0.12353784924486633
4.720999999999911,0.11578651239338869,0.12714580316874988,0.11879963120983457,0.12359038529743252
4.721999999999912,0.11578651174591655,0.1272068784426544,0.11883206098928467,0.1236432774240557
4.722999999999912,0.11578651111265127,0.12726698031913816,0.11886462972958732,0.12369652803810208
4.723999999999912,0.11578651049377843,0.12732610797657284,0.11889733891679163,0.12375013956929495
4.724999999999913,0.11578650988947362,0.12738426080548118,0.11893019004335502,0.12380411446382558
4.725999999999913,0.11578650929990172,0.1274414384102728,0.11896318460821134,0.1238584551844648
4.726999999999913,0.11578650872521506,0.12749764061098232,0.11899632411683926,0.12391316421067539
4.727999999999914,0.11578650816555305,0.1275528674450089,0.11902961008133092,0.12396824403872517
4.728999999999914,0.11578650762103994,0.12760711916885867,0.11906304402046101,0.12402369718180101
4.729999999999914,0.11578650709178394,0.12766039625988948,0.119096627459756,0.12407952617012334
4.730999999999915,0.11578650657787559,0.12771269941805846,0.11913036193156372,0.12413573355106176
4.731999999999915,0.1157865060793862,0.12776402956767322,0.1191642489751234,0.12419232188925117
4.732999999999915,0.11578650559636645,0.12781438785914634,0.11919829013663578,0.1242492937667088
4.733999999999916,0.11578650512884432,0.12786377567075397,0.11923248696933372,0.12430665178295207
4.734999999999916,0.11578650467682362,0.12791219461039838,0.11926684103355306,0.12436439855511718
4.735999999999916,0.11578650424028215,0.1279596465173753,0.1193013538968038,0.12442253671807847
4.736999999999917,0.11578650381916958,0.12800613346414577,0.11933602713384164,0.12448106892456874
4.737999999999917,0.11578650341340585,0.12805165775811342,0.11937086232673984,0.1245399978453002
4.738999999999917,0.11578650302287868,0.12809622194340695,0.11940586106496136,0.12459932616908638
4.739999999999918,0.1157865026474417,0.12813982880266805,0.11944102494543146,0.12465905660296484
4.740999999999918,0.11578650228691213,0.12818248135884575,0.11947635557261051,0.12471919187232058
4.741999999999918,0.1157865019410686,0.12822418287699636,0.11951185455856721,0.12477973472101057
4.742999999999919,0.11578650160964847,0.12826493686609042,0.11954752352305213,0.12484068791148872
4.743999999999919,0.11578650129234568,0.12830474708082582,0.11958336409357168,0.12490205422493215
4.744999999999919,0.11578650098880808,0.12834361752344806,0.11961937790546227,0.12496383646136794
4.74599999999992,0.11578650069863489,0.12838155244557747,0.11965556660196502,0.12502603743980092
4.74699999999992,0.11578650042137371,0.12841855635004368,0.1196919318343007,0.1250886599983424
4.74799999999992,0.11578650015651812,0.12845463399272736,0.11972847526174504,0.12515170699433947
4.748999999999921,0.11578649990350455,0.12848979038441002,0.11976519855170449,0.12521518130450554
4.749999999999921,0.11578649966170936,0.12852403079263044,0.11980210337979227,0.12527908582505154
4.750999999999921,0.11578649943044603,0.12855736074354995,0.11983919142990486,0.1253434234718181
4.751999999999922,0.11578649920896184,0.12858978602382484,0.11987646439429879,0.12540819718040852
4.752999999999922,0.1157864989964348,0.12862131268248658,0.11991392397366789,0.12547340990632283
4.753999999999922,0.11578649879197049,0.12865194703283006,0.11995157187722084,0.12553906462509248
4.754999999999923,0.11578649859459861,0.1286816956543097,0.11998940982275923,0.12560516433241628
4.755999999999923,0.11578649840326984,0.12871056539444276,0.12002743953675588,0.125671712044297
4.756999999999923,0.11578649821685216,0.12873856337072093,0.12006566275443363,0.125738710797179
4.757999999999924,0.11578649803412785,0.12876569697252888,0.12010408121984453,0.12580616364808675
4.758999999999924,0.11578649785378933,0.12879197386307004,0.12014269668594943,0.12587407367476436
4.759999999999924,0.11578649767443622,0.1288174019812999,0.12018151091469792,0.125942443975816
4.760999999999925,0.11578649749457147,0.12884198954386575,0.12022052567710875,0.1260112776708473
4.761999999999925,0.11578649731259771,0.1288657450470529,0.12025974275335063,0.1260805779006076
4.762999999999925,0.11578649712681374,0.12888867726873723,0.12029916393282349,0.12615034782713333
4.763999999999926,0.11578649693541093,0.1289107952703435,0.12033879101424005,0.12622059063389238
4.764999999999926,0.11578649673646926,0.12893210839880895,0.120378625805708,0.12629130952592912
4.765999999999926,0.11578649652795393,0.12895262628855184,0.1204186701248124,0.12636250773001093
4.766999999999927,0.11578649630771169,0.12897235886344482,0.12045892579869867,0.12643418849477514
4.767999999999927,0.11578649607346705,0.1289913163387914,0.12049939466415592,0.12650635509087743
4.768999999999927,0.11578649582281872,0.1290095092233067,0.12054007856770081,0.12657901081114112
4.769999999999928,0.11578649555323604,0.12902694832110037,0.12058097936566177,0.12665215897070722
4.770999999999928,0.1157864952620554,0.1290436447336621,0.12062209892426369,0.12672580290718582
4.771999999999928,0.1157864949464768,0.12905960986184847,0.1206634391197131,0.12679994598080843
4.772999999999929,0.11578649460356037,0.12907485540787078,0.12070500183828377,0.12687459157458114
4.773999999999929,0.1157864942302231,0.12908939337728315,0.12074678897640277,0.12694974309443915
4.774999999999929,0.11578649382323522,0.12910323608097016,0.12078880244073699,0.127025403969402
4.77599999999993,0.11578649337921745,0.12911639613713347,0.12083104414828016,0.12710157765173022
4.77699999999993,0.11578649289463784,0.12912888647327644,0.12087351602644032,0.1271782676170827
4.77799999999993,0.11578649236580862,0.12914072032818638,0.12091622001312775,0.12725547736467538
4.778999999999931,0.11578649178888348,0.1291519112539137,0.12095915805684339,0.1273332104174408
4.779999999999931,0.11578649115985498,0.1291624731177469,0.12100233211676774,0.12741147032218897
4.780999999999931,0.11578649047455179,0.12917242010418312,0.12104574416285029,0.12749026064976912
4.781999999999932,0.11578648972863675,0.12918176671689408,0.12108939617589935,0.12756958499523263
4.782999999999932,0.11578648891760425,0.12919052778068477,0.12113329014767252,0.12764944697799713
4.783999999999932,0.11578648803677859,0.12919871844344732,0.12117742808096746,0.12772985024201164
4.784999999999933,0.11578648708131203,0.12920635417810708,0.12122181198971335,0.1278107984559227
4.785999999999933,0.11578648604618336,0.12921345078456084,0.12126644389906274,0.12789229531324198
4.786999999999933,0.11578648492619653,0.12922002439160785,0.12131132584548399,0.12797434453251458
4.787999999999934,0.11578648371597985,0.12922609145887157,0.12135645987685414,0.12805694985748894
4.788999999999934,0.1157864824099849,0.129231668778713,0.12140184805255244,0.12814011505728745
4.789999999999934,0.11578648100248633,0.12923677347813442,0.1214474924435542,0.12822384392657854
4.790999999999935,0.1157864794875815,0.12924142302067376,0.12149339513252536,0.12830814028574977
4.791999999999935,0.11578647785919075,0.1292456352082888,0.12153955821391751,0.12839300798108225
4.792999999999935,0.11578647611105776,0.12924942818323162,0.12158598379406346,0.12847845088492596
4.793999999999936,0.11578647423675059,0.1292528204299124,0.12163267399127331,0.12856447289587666
4.794999999999936,0.11578647222966273,0.12925583077675293,0.12167963093593112,0.1286510779389535
4.795999999999936,0.11578647008301468,0.1292584783980302,0.12172685677059215,0.12873826996577845
4.796999999999937,0.11578646778985609,0.12926078281570855,0.1217743536500806,0.12882605295475624
4.797999999999937,0.11578646534306805,0.12926276390126226,0.12182212374158788,0.1289144309112562
4.798999999999937,0.11578646273536608,0.12926444187748748,0.12187016922477159,0.12900340786779482
4.799999999999938,0.11578645995930333,0.12926583732030392,0.12191849229185489,0.12909298788421988
4.800999999999938,0.11578645700727448,0.1292669711605467,0.12196709514772658,0.1291831750478955
4.801999999999938,0.11578645387152017,0.12926786468574844,0.12201598001004169,0.12927397347388894
4.802999999999939,0.11578645054413172,0.1292685395419118,0.12206514910932263,0.129365387305158
4.803999999999939,0.11578644701705644,0.12926901773527297,0.12211460468906103,0.12945742071274036
4.804999999999939,0.11578644328210394,0.12926932163405613,0.12216434900582006,0.12955007789594375
4.80599999999994,0.11578643933095233,0.1292694739702199,0.12221438432933741,0.1296433630825376
4.80699999999994,0.11578643515515584,0.12926949784119512,0.12226471294262883,0.12973728052894587
4.80799999999994,0.11578643074615227,0.12926941671161593,0.12231533714209236,0.12983183452044136
4.808999999999941,0.1157864260952719,0.12926925441504267,0.12236625923761305,0.12992702937134126
4.809999999999941,0.11578642119374642,0.1292690351556788,0.12241748155266835,0.13002286942520383
4.810999999999941,0.1157864160327193,0.1292687835100815,0.1224690064244342,0.1301193590550268
4.811999999999942,0.11578641060325631,0.1292685244288661,0.12252083620389158,0.13021650266344675
4.812999999999942,0.11578640153715661,0.12926820356797153,0.12257266598334894,0.1302230186139423
4.813999999999942,0.11578640517769535,0.12926789031565053,0.12262419085511479,0.1302295787276518
4.814999999999943,0.11578644674007864,0.1292675844950931,0.12267541317017011,0.13023618330390063
4.815999999999943,0.11578655104853985,0.12926728593365444,0.12272633526569081,0.13024283264404288
4.816999999999943,0.11578674253844003,0.12926699446274711,0.12277695946515436,0.13024952705147522
4.817999999999944,0.11578704525838833,0.12926670991773664,0.12282728807844583,0.1302562668316506
4.818999999999944,0.11578748287238012,0.12926643213784042,0.12287732340196321,0.13026305229209226
4.819999999999944,0.1157880786619516,0.12926616096602928,0.12292706771872228,0.13026988374240775
4.820999999999945,0.11578885552834804,0.12926589624893237,0.12297652329846072,0.13027676149430298
4.821999999999945,0.11578983599470474,0.12926563783674425,0.1230256923977417,0.1302836858615966
4.822999999999945,0.11579104220823766,0.1292653855831355,0.12307457726005687,0.13029065716023425
4.823999999999946,0.11579249594244395,0.1292651393451651,0.12312318011592863,0.1302976757083028
4.824999999999946,0.11579421859930901,0.12926489898319607,0.123171503183012,0.1303047418260452
4.825999999999946,0.11579623121151952,0.12926466436081308,0.12321954866619578,0.13031185583587482
4.826999999999947,0.11579855444468208,0.12926443534474275,0.12326731875770314,0.13031901806239027
4.827999999999947,0.11580120859954333,0.1292642118047759,0.12331481563719165,0.1303262288323902
4.828999999999947,0.1158042136142141,0.12926399361369234,0.12336204147185278,0.1303334884748882
4.829999999999948,0.11580758906639334,0.12926378064718755,0.12340899841651069,0.13034079732112785
4.830999999999948,0.11581135417559317,0.12926357278380185,0.12345568861372064,0.13034815570459773
4.831999999999948,0.11581552780536238,0.12926336990485082,0.12350211419386668,0.13035556396104678
4.832999999999949,0.11582012846550878,0.1292631718943583,0.12354827727525894,0.13036302242849948
4.833999999999949,0.1158251743143192,0.12926297863899108,0.12359417996423021,0.13037053144727145
4.834999999999949,0.11583068316077645,0.12926279002799526,0.12363982435523208,0.13037809135998477
4.83599999999995,0.1158366724667725,0.1292626059531345,0.1236852125309305,0.13038570251158374
4.83699999999995,0.11584315934931794,0.12926242630862989,0.12373034656230078,0.1303933652493506
4.83799999999995,0.11585016058274633,0.1292622509911015,0.12377522850872215,0.13040107992292138
4.838999999999951,0.11585769260091425,0.12926207989951144,0.12381986041807166,0.1304088468843018
4.839999999999951,0.11586577149939521,0.12926191293510844,0.1238642443268177,0.13041666648788344
4.840999999999951,0.11587441303766859,0.12926175000137408,0.12390838226011279,0.13042453909045976
4.841999999999952,0.11588363264130228,0.12926159100397014,0.12395227623188612,0.13043246505124254
4.842999999999952,0.11589344540412937,0.12926143585068775,0.12399592824493536,0.1304404447318781
4.843999999999952,0.11590386609041878,0.12926128445139762,0.12403934029101807,0.13044847849646402
4.844999999999953,0.11591490913703943,0.12926113671800135,0.12408251435094259,0.1304565667115655
4.845999999999953,0.11592658865561783,0.12926099256438467,0.12412545239465839,0.13046470974623228
4.846999999999953,0.11593891843468963,0.12926085190637113,0.124168156381346,0.13047290797201544
4.847999999999954,0.11595191194184455,0.1292607146616777,0.12421062825950635,0.13048116176298424
4.848999999999954,0.11596558232586485,0.12926058074987087,0.12425286996704972,0.13048947149574336
4.849999999999954,0.11597994241885783,0.12926045009232448,0.12429488343138415,0.13049783754944994
4.850999999999955,0.11599500473838154,0.12926032261217807,0.12433667056950334,0.13050626030583093
4.851999999999955,0.11601078148956505,0.1292601982342967,0.12437823328807421,0.13051474014920053
4.852999999999955,0.11602728456722217,0.1292600768852316,0.12441957348352382,0.13052327746647777
4.853999999999956,0.11604452555795967,0.129259958493182,0.12446069304212597,0.130531872647204
4.854999999999956,0.11606251574227947,0.12925984298795754,0.12450159384008715,0.13054052608356084
4.855999999999956,0.11608126609667595,0.1292597303009422,0.12454227774363226,0.13054923817038797
4.856999999999957,0.1161007872957272,0.12925962036505864,0.12458274660908975,0.1305580093052012
4.857999999999957,0.11612108971418157,0.1292595131147336,0.12462300228297625,0.13056683988821055
4.858999999999957,0.1161421834290392,0.12925940848586442,0.12466304660208088,0.1305757303223386
4.859999999999958,0.11616407822162865,0.1292593064157859,0.12470288139354908,0.1305846810132388
4.860999999999958,0.11618678357967922,0.12925920684323844,0.12474250847496592,0.13059369236931398
4.861999999999958,0.1162103086993886,0.1292591097083368,0.12478192965443903,0.130602764801735
4.862999999999959,0.11623466248748653,0.1292590149525395,0.12482114673068119,0.13061189872445955
4.863999999999959,0.11625985356329481,0.12925892251861942,0.1248601614930923,0.13062109455425103
4.864999999999959,0.11628589026078262,0.1292588323506345,0.12489897572184107,0.13063035271069745
4.86599999999996,0.11631278063061896,0.12925874439389992,0.12493759118794626,0.13063967361623074
4.86699999999996,0.1163405324422217,0.12925865859496,0.12497600965335746,0.13064905769614593
4.86799999999996,0.11636915318580257,0.12925857490156187,0.12501423287103552,0.13065850537862056
4.868999999999961,0.11639865007440987,0.12925849326262892,0.1250522625850325,0.13066801709473427
4.869999999999961,0.11642903004596751,0.12925841362823567,0.1250901005305712,0.13067759327848838
4.870999999999961,0.1164602997653117,0.12925833594958225,0.12512774843412447,0.13068723436682578
4.871999999999962,0.11649246562622444,0.12925826017897069,0.12516520801349387,0.13069694079965083
4.872999999999962,0.1165255337534643,0.12925818626978086,0.12520248097788814,0.13070671301984943
4.873999999999962,0.11655951000479534,0.12925811417644745,0.12523956902800107,0.1307165514733092
4.874999999999963,0.11659439997301266,0.12925804385443754,0.1252764738560892,0.13072645660893997
4.875999999999963,0.11663020898796585,0.1292579752602281,0.125313197146049,0.13073642887869397
4.876999999999963,0.11666694211858018,0.12925790835128512,0.12534974057349368,0.13074646873758677
4.877999999999964,0.11670460417487555,0.12925784308604216,0.1253861058058297,0.13075657664371784
4.878999999999964,0.11674319970998248,0.12925777942388025,0.12542229450233283,0.13076675305829158
4.879999999999964,0.11678273302215673,0.1292577173251075,0.1254583083142238,0.1307769984456382
4.880999999999965,0.11682320815679079,0.12925765675093995,0.12549414888474372,0.1307873132732351
4.881999999999965,0.11686462890842365,0.1292575976634825,0.12552981784922904,0.13079769801172803
4.882999999999965,0.11690699882274794,0.12925754002570988,0.1255653168351861,0.13080815313495267
4.883999999999966,0.11695032119861476,0.12925748380144914,0.12560064746236554,0.13081867911995626
4.884999999999966,0.1169945990900362,0.12925742895536135,0.12563581134283605,0.13082927644701928
4.885999999999966,0.11703983530818542,0.12925737545292454,0.12567081008105796,0.1308399455996774
4.886999999999967,0.11708603242339402,0.1292573232604166,0.12570564527395656,0.1308506870647436
4.887999999999967,0.11713319276714719,0.12925727234489912,0.12574031851099482,0.1308615013323303
4.888999999999967,0.11718131843407609,0.12925722267420053,0.12577483137424597,0.13087238889587177
4.889999999999968,0.11723041128394696,0.1292571742169009,0.12580918543846573,0.13088335025214662
4.890999999999968,0.1172804729436485,0.1292571269423161,0.1258433822711641,0.13089438590130054
4.891999999999968,0.11733150480917535,0.12925708082048284,0.1258774234326769,0.130905496346869
4.892999999999969,0.11738350804760897,0.12925703582214396,0.12591131047623705,0.1309166820958003
4.893999999999969,0.11743648359909552,0.1292569919187335,0.12594504494804523,0.13092794365847865
4.894999999999969,0.11749043217882003,0.1292569490823631,0.12597862838734064,0.1309392815487476
4.89599999999997,0.11754535427897793,0.12925690728580777,0.1260120623264712,0.1309506962839333
4.89699999999997,0.11760125017074233,0.12925686650249238,0.1260453482909633,0.1309621883848682
4.89799999999997,0.11765811990622829,0.12925682670647848,0.1260784877995917,0.1309737583759148
4.898999999999971,0.11771596332045316,0.12925678787245104,0.12611148236444847,0.1309854067849896
4.899999999999971,0.11777478003329311,0.12925674997570588,0.12614433349101234,0.13099713414358713
4.900999999999971,0.11783456945143571,0.1292567129921372,0.12617704267821714,0.13100894098680427
4.901999999999972,0.11789533077032835,0.12925667689822504,0.12620961141852027,0.13102082785336458
4.902999999999972,0.11795706297612257,0.1292566416710237,0.12624204119797086,0.13103279528564302
4.903999999999972,0.11801976484761426,0.12925660728814947,0.1262743334962775,0.1310448438296905
4.904999999999973,0.11808343495817863,0.12925657372776952,0.12630648978687578,0.131056974035259
4.905999999999973,0.11814807167770178,0.12925654096859032,0.1263385115369955,0.1310691864558265
4.906999999999973,0.11821367317450666,0.1292565089898465,0.12637040020772763,0.13108148164862227
4.907999999999974,0.11828023741727443,0.12925647777129012,0.12640215725409104,0.1310938601746524
4.908999999999974,0.11834776217696143,0.12925644729317978,0.12643378412509879,0.1311063225987253
4.909999999999974,0.11841624502871041,0.12925641753627026,0.12646528226382425,0.13111886948947735
4.910999999999975,0.11848568335375718,0.12925638848180201,0.1264966531074671,0.1311315014193992
4.911999999999975,0.11855607434133188,0.12925636011149125,0.12652789808741868,0.1311442189648615
4.912999999999975,0.11862741499055485,0.12925633240751985,0.12655901862932745,0.13115702270614146
4.913999999999976,0.11869970211232751,0.12925630535252558,0.12659001615316398,0.13116991322744923
4.914999999999976,0.1187729323312173,0.12925627892959246,0.12662089207328583,0.13118289111695455
4.915999999999976,0.11884710208733755,0.12925625312224148,0.12665164779850194,0.13119595696681358
4.916999999999977,0.11892220763822162,0.12925622791442126,0.12668228473213702,0.131209111373196
4.917999999999977,0.11899824506069132,0.12925620329049867,0.12671280427209555,0.13122235493631212
4.918999999999977,0.11907521025271989,0.12925617923525026,0.12674320781092555,0.13123568826044027
4.919999999999978,0.11915309893528922,0.1292561557338532,0.12677349673588212,0.13124911195395447
4.920999999999978,0.11923190665424142,0.12925613277187673,0.1268036724289908,0.1312626266293521
4.921999999999978,0.11931162878212456,0.12925611033527348,0.1268337362671105,0.13127623290328183
4.922999999999979,0.11939226052003275,0.12925608841037126,0.12686368962199648,0.1312899313965718
4.923999999999979,0.11947379689944099,0.1292560669838649,0.1268935338603628,0.13130372273425803
4.924999999999979,0.11955623278403342,0.12925604604280766,0.12692327034394482,0.13131760754561272
4.92599999999998,0.11963956287152706,0.12925602557460394,0.12695290042956114,0.1313315864641732
4.92699999999998,0.11972378169548915,0.12925600556700087,0.12698242546917574,0.13134566012777066
4.92799999999998,0.11980888362714955,0.12925598600808083,0.12701184680995947,0.1313598291785594
4.928999999999981,0.11989486287720734,0.12925596688625401,0.12704116579435165,0.13137409426304594
4.929999999999981,0.11998171349763238,0.12925594819025066,0.12707038376012125,0.13138845603211877
4.930999999999981,0.12006942938346188,0.12925592990911378,0.12709950204042797,0.1314029151410778
4.931999999999982,0.12015800427459117,0.12925591203219214,0.12712852196388305,0.13141747224966446
4.932999999999982,0.12024743175756054,0.1292558945491329,0.1271574448546099,0.13143212802209164
4.933999999999982,0.1203377052673366,0.12925587744987474,0.12718627203230445,0.13144688312707406
4.934999999999983,0.12042881808908941,0.12925586072464101,0.12721500481229556,0.13146173823785895
4.935999999999983,0.12052076335996499,0.12925584436393295,0.1272436445056048,0.1314766940322564
4.936999999999983,0.12061353407085391,0.1292558283585229,0.12727219241900642,0.1314917511926707
4.937999999999984,0.12070712306815598,0.12925581269944791,0.12730064985508688,0.13150691040613108
4.938999999999984,0.1208015230555408,0.12925579737800336,0.12732901811230438,0.13152217236432343
4.939999999999984,0.12089672659570525,0.12925578238573635,0.127357298485048,0.1315375377636215
4.940999999999985,0.12099272611212784,0.12925576771443972,0.12738549226369691,0.13155300730511907
4.941999999999985,0.12108951389081987,0.12925575335614603,0.1274136007346791,0.13156858169466157
4.942999999999985,0.1211870820820742,0.12925573930312115,0.12744162518053018,0.13158426164287854
4.943999999999986,0.12128542270221179,0.12925572554785872,0.12746956687995176,0.13160004786521587
4.944999999999986,0.12138452763532627,0.12925571208307424,0.12749742710786996,0.1316159410819686
4.945999999999986,0.12148438863502674,0.12925569890169913,0.12752520713549353,0.13163194201831374
4.946999999999987,0.12158499732617974,0.1292556859968755,0.1275529082303718,0.13164805140434327
4.947999999999987,0.12168634520664996,0.1292556733619505,0.12758053165645256,0.13166426997509756
4.948999999999987,0.12178842364904091,0.12925566099047073,0.12760807867413967,0.13168059847059882
4.949999999999988,0.12189122390243493,0.12925564887617713,0.12763555054035072,0.131697037635885
4.950999999999988,0.12199473709413408,0.1292556370129997,0.1276629485085742,0.13171358822104362
4.951999999999988,0.12209895423140177,0.12925562539505242,0.12769027382892686,0.1317302509812462
4.952999999999989,0.122203866203205,0.12925561401662816,0.12771752774821057,0.1317470266767824
4.953999999999989,0.1223094637819589,0.12925560287219384,0.12774471150996938,0.1317639160730951
4.954999999999989,0.1224157376252727,0.12925559195638553,0.12777182635454612,0.13178091994081492
4.95599999999999,0.1225226782776987,0.12925558126400385,0.12779887351913913,0.1317980390557958
4.95699999999999,0.1226302761724836,0.129255570790009,0.1278258542378586,0.13181527419915004
4.95799999999999,0.12273852163332365,0.12925556052951664,0.12785276974178297,0.1318326261572842
4.958999999999991,0.12284740487612333,0.12925555047779322,0.12787962125901498,0.13185009572193476
4.959999999999991,0.1229569160107581,0.1292555406302516,0.12790641001473782,0.1318676836902045
4.960999999999991,0.12306704504284231,0.1292555309824468,0.127933137231271,0.13188539086459858
4.961999999999992,0.12317778187550148,0.12925552153007183,0.1279598041281261,0.13190321805306138
4.962999999999992,0.12328911631115044,0.12925551226895388,0.12798641192206245,0.13192116606901333
4.963999999999992,0.12340103805327758,0.12925550319504983,0.12801296182714259,0.1319392357313879
4.964999999999993,0.12351353670823476,0.12925549430444278,0.12803945505478775,0.13195742786466916
4.965999999999993,0.12362660178703432,0.12925548559333797,0.12806589281383304,0.1319757432989292
4.966999999999993,0.12374022270715279,0.12925547705805943,0.12809227631058268,0.1319941828698661
4.967999999999994,0.12385438879434252,0.12925546869504592,0.12811860674886497,0.13201274741884217
4.968999999999994,0.12396908928444994,0.1292554605008478,0.12814488533008725,0.13203143779292206
4.969999999999994,0.12408431332524289,0.1292554524721233,0.12817111325329075,0.1320502548449117
4.970999999999995,0.12420004997824548,0.12925544460563554,0.12819729171520525,0.13206919943339704
4.971999999999995,0.12431628822058147,0.1292554368982488,0.12822342191030373,0.13208827242278326
4.972999999999995,0.12443301694682678,0.129255429346926,0.12824950503085683,0.1321074746833343
4.973999999999996,0.1245502249708705,0.12925542194872514,0.12827554226698729,0.13212680709121247
4.974999999999996,0.12466790102778497,0.12925541470079643,0.1283015348067242,0.1321462705285184
4.975999999999996,0.12478603377570512,0.12925540760037968,0.12832748383605727,0.13216586588333137
4.976999999999997,0.12490461179771728,0.12925540064480137,0.12835339053899086,0.13218559404974978
4.977999999999997,0.12502362360375655,0.12925539383147208,0.12837925609759812,0.13220545592793204
4.978999999999997,0.12514305763251451,0.12925538715788357,0.12840508169207485,0.1322254524241375
4.979999999999998,0.12526290225335526,0.1292553806216069,0.12843086850079335,0.13224558445076792
4.980999999999998,0.12538314576824144,0.12925537422028963,0.12845661770035618,0.13226585292640902
4.981999999999998,0.12550377641366856,0.12925536795165365,0.1284823304656499,0.1322862587758724
4.982999999999999,0.12562478236260902,0.12925536181349312,0.12850800796989867,0.1323068029302379
4.983999999999999,0.12574615172646425,0.12925535580367215,0.12853365138471767,0.13232748632689575
4.984999999999999,0.12586787255702575,0.12925534992012336,0.12855926188016673,0.13234830990958968
4.986,0.12598993284844393,0.1292553441608453,0.12858484062480355,0.13236927462845977
4.987,0.126112320539205,0.1292553385239014,0.1286103887857372,0.1323903814400859
4.988,0.12623502351411517,0.12925533300741784,0.12863590752868118,0.13241163130753142
4.989000000000001,0.12635802960629192,0.1292553276095822,0.12866139801800677,0.13243302520038697
4.990000000000001,0.1264813265991615,0.1292553223286422,0.12868686141679608,0.1324545640948148
4.991000000000001,0.12660490222846246,0.1292553171629041,0.1287122988868951,0.13247624897359328
4.992000000000002,0.1267287441842547,0.12925531211073157,0.12873771158896677,0.13249808082616188
4.993000000000002,0.12685284011293263,0.129255307170545,0.1287631006825439,0.1325200606486661
4.994000000000002,0.12697717761924268,0.12925530234082,0.1287884673260821,0.132542189444003
4.995000000000003,0.12710174426830428,0.1292552976200868,0.12881381267701264,0.13256446822186713
4.996000000000003,0.12722652758763195,0.12925529300692978,0.1288391378917952,0.1325868979987963
4.997000000000003,0.12735151506916034,0.12925528849998658,0.12886444412597076,0.1326094797982182
4.998000000000004,0.12747669417126906,0.12925528409794776,0.12888973253421415,0.13263221465049693
4.999000000000004,0.1276020523208071,0.12925527979955645,0.12891500427038693,0.13265510359298022
5.000000000000004,0.1277275769151159,0.12925527560360833,0.12894026048758994,0.13267814767004657
5.001000000000005,0.12785325532405026,0.1292552715089514,0.12896550233821583,0.13270134793315297
5.002000000000005,0.12797907489199495,0.1292552675144863,0.12899073097400182,0.13272470544088288
5.003000000000005,0.12810502293987716,0.12925526361916623,0.12901594754608212,0.13274822125899455
5.004000000000006,0.12823108676717213,0.12925525982199781,0.12904115320504053,0.13277189646046966
5.005000000000006,0.12835725365390233,0.12925525612204133,0.1290663491009629,0.13279573212556217
5.0060000000000064,0.1284835108626273,0.1292552525184113,0.12909153638348955,0.13281972934184771
5.007000000000007,0.12860984564042352,0.12925524901027793,0.12911671620186788,0.13284388920427326
5.008000000000007,0.1287362452208532,0.12925524559686752,0.12914188970500465,0.13286821281520692
5.0090000000000074,0.12886269682591947,0.12925524227746413,0.1291670580415185,0.13289270128448838
5.010000000000008,0.1289891876680073,0.12925523905141068,0.1291922223597923,0.13291735572947946
5.011000000000008,0.12911570495180855,0.12925523591811058,0.12921738380802558,0.1329421772751152
5.0120000000000084,0.1292422358762288,0.12925523287702959,0.12924254353428696,0.13296716705395506
5.013000000000009,0.12936876763627495,0.12925522992769753,0.1292677026865664,0.13299232620623466
5.014000000000009,0.12949528750656808,0.1292552270688221,0.12929286241282775,0.13301765587991787
5.0150000000000095,0.1296217829266043,0.12925522429738562,0.12931802386106106,0.13304315723074905
5.01600000000001,0.1297482414158075,0.12925522160959615,0.12934318817933488,0.1330688314223059
5.01700000000001,0.12987465049016944,0.1292552190018147,0.12936835651584874,0.1330946796260525
5.0180000000000105,0.1300009976641134,0.12925521647055113,0.12939353001898554,0.13312070302139276
5.019000000000011,0.13012727045236977,0.12925521401245935,0.1294187098373639,0.13314690279572425
5.020000000000011,0.13025345637186417,0.12925521162433318,0.1294438971198906,0.1331732801444924
5.0210000000000115,0.13037954294361814,0.1292552093031018,0.129469093015813,0.133199836271245
5.022000000000012,0.1305055176946628,0.12925520704582547,0.12949429867477144,0.1332265723876871
5.023000000000012,0.13063136815996634,0.12925520484969133,0.1295195152468518,0.1332534897137364
5.0240000000000125,0.13075708188437452,0.12925520271200916,0.12954474388263781,0.13328058947757881
5.025000000000013,0.13088264642456507,0.12925520063020735,0.12956998573326373,0.13330787291572457
5.026000000000013,0.1310080493510157,0.12925519860182877,0.12959524195046673,0.13333534127306457
5.0270000000000135,0.1311332782499863,0.12925519662452706,0.12962051368663954,0.1333629958029272
5.028000000000014,0.13125832072551422,0.12925519469606236,0.12964580209488297,0.13339083776713562
5.029000000000014,0.1313831644014236,0.12925519281429776,0.12967110832905854,0.13341886843606518
5.0300000000000145,0.1315077969233482,0.1292551909771956,0.12969643354384114,0.13344708908870154
5.031000000000015,0.1316322059607674,0.12925518918281365,0.1297217788947717,0.13347550101269887
5.032000000000015,0.1317563792090553,0.12925518742930184,0.12974714553830996,0.13350410550443872
5.0330000000000155,0.13188030439154247,0.12925518571489863,0.12977253463188715,0.13353290386908917
5.034000000000016,0.1320039692615905,0.12925518403792766,0.12979794733395889,0.13356189742066432
5.035000000000016,0.132127361604678,0.1292551823967944,0.12982338480405797,0.1335910874820843
5.0360000000000165,0.13225046924049888,0.1292551807899833,0.12984884820284734,0.13362047538523547
5.037000000000017,0.13237328002507143,0.12925517921605406,0.12987433869217302,0.13365006247103156
5.038000000000017,0.13249578185285782,0.12925517767363942,0.12989985743511706,0.13367985008947442
5.0390000000000175,0.13261796265889453,0.12925517616144175,0.12992540559605076,0.13370983959971594
5.040000000000018,0.13273981042093158,0.12925517467823025,0.12995098434068764,0.1337400323701199
5.041000000000018,0.13286131316158098,0.12925517322283836,0.12997659483613674,0.13377042977832446
5.0420000000000185,0.1329824589504739,0.1292551717941612,0.1300022382509558,0.13380103321130501
5.043000000000019,0.13310323590642495,0.12925517039115286,0.13002791575520464,0.1338318440654375
5.044000000000019,0.13322363219960381,0.129255169012824,0.13005362852049843,0.13386286374656195
5.0450000000000195,0.13334363605371366,0.12925516765823944,0.13007937772006134,0.13389409367004695
5.04600000000002,0.13346323574817415,0.1292551663265161,0.1301051645287799,0.13392553526085393
5.04700000000002,0.1335824196203108,0.12925516501682055,0.13013099012325668,0.1339571899536023
5.0480000000000205,0.13370117606754722,0.12925516372836723,0.13015685568186403,0.133989059192635
5.049000000000021,0.13381949354960188,0.12925516246041577,0.1301827623847977,0.1340211444320842
5.050000000000021,0.13393736059068712,0.12925516121227,0.13020871141413082,0.13405344713593778
5.0510000000000215,0.13405476578171016,0.1292551599832753,0.1302347039538678,0.13408596877810608
5.052000000000022,0.1341716977824759,0.12925515877281724,0.13026074118999834,0.13411871084248927
5.053000000000022,0.1342881453238896,0.12925515758031964,0.13028682431055152,0.13415167482304488
5.0540000000000225,0.1344040972101599,0.1292551564052433,0.1303129545056501,0.13418486222385606
5.055000000000023,0.13451954232100066,0.12925515524708386,0.13033913296756472,0.13421827455920018
5.056000000000023,0.13463446961383163,0.12925515410537095,0.13036536089076833,0.134251913353618
5.0570000000000235,0.13474886812597617,0.1292551529796663,0.13039163947199073,0.13428578014198314
5.058000000000024,0.13486272697685667,0.12925515186956274,0.1304179699102731,0.1343198764695721
5.059000000000024,0.13497603537018563,0.1292551507746826,0.13044435340702284,0.1343542038921349
5.0600000000000245,0.13508878259615323,0.12925514969467664,0.13047079116606825,0.1343887639759659
5.061000000000025,0.13520095803360976,0.129255148629223,0.13049728439371353,0.13442355829797548
5.062000000000025,0.1353125511522419,0.1292551475780259,0.13052383429879377,0.1344585884457616
5.0630000000000255,0.13542355151474386,0.12925514654081455,0.13055044209273026,0.13449385601768285
5.064000000000026,0.1355339487789816,0.12925514551734252,0.1305771089895855,0.13452936262293075
5.065000000000026,0.13564373270014946,0.1292551445073864,0.1306038362061188,0.1345651098816035
5.0660000000000265,0.13575289313291983,0.1292551435107451,0.13063062496184177,0.13460109942477996
5.067000000000027,0.13586142003358437,0.1292551425272388,0.1306574764790739,0.13463733289459387
5.068000000000027,0.13596930346218664,0.12925514155670859,0.13068439198299836,0.1346738119443089
5.0690000000000275,0.13607653358464608,0.12925514059901513,0.13071137270171795,0.1347105382383941
5.070000000000028,0.13618310067487227,0.12925513965403854,0.1307384198663111,0.13474751345259975
5.071000000000028,0.1362889951168703,0.129255138721677,0.13076553471088798,0.1347847392740339
5.0720000000000285,0.13639420740683517,0.1292551378018469,0.13079271847264692,0.13482221740123934
5.073000000000029,0.13649872815523695,0.12925513689448162,0.13081997239193077,0.13485994954427102
5.074000000000029,0.13660254808889485,0.12925513599953134,0.13084729771228357,0.1348979374247743
5.0750000000000295,0.13670565805304088,0.12925513511696218,0.1308746956805072,0.13493618277606312
5.07600000000003,0.13680804901337262,0.12925513424675592,0.13090216754671838,0.13497468734319956
5.07700000000003,0.13690971205809502,0.12925513338890957,0.13092971456440566,0.13501345288307307
5.0780000000000305,0.13701063839995117,0.12925513254343454,0.13095733799048656,0.1350524811644808
5.079000000000031,0.13711081937824168,0.1292551317103567,0.13098503908536496,0.13509177396820832
5.080000000000031,0.13721024646083305,0.12925513088971563,0.13101281911298868,0.13513133308711084
5.0810000000000315,0.13730891124615457,0.1292551300815642,0.13104067934090705,0.13517116032619506
5.082000000000032,0.1374068054651841,0.12925512928596858,0.1310686210403288,0.1352112575027014
5.083000000000032,0.13750392098342287,0.12925512850300738,0.13109664548618002,0.13525162644618713
5.0840000000000325,0.13760024980285834,0.1292551277327717,0.1311247539571624,0.13529226899860955
5.085000000000033,0.13769578406391683,0.12925512697536465,0.13115294773581146,0.13533318701441036
5.086000000000033,0.13779051604740483,0.12925512623090102,0.13118122810855526,0.13537438236060007
5.0870000000000335,0.13788443817643906,0.12925512549950705,0.13120959636577292,0.13541585691684327
5.088000000000034,0.13797754301836676,0.12925512478131998,0.13123805380185355,0.13545761257554434
5.089000000000034,0.1380698232866743,0.12925512407648826,0.13126660171525534,0.13549965124193386
5.0900000000000345,0.13816127184288657,0.1292551233851704,0.13129524140856474,0.13554197483415542
5.091000000000035,0.1382518816984555,0.12925512270753567,0.13132397418855604,0.13558458528335332
5.092000000000035,0.13834164601663881,0.12925512204376313,0.13135280136625083,0.1356274845337606
5.0930000000000355,0.13843055811436938,0.12925512139404163,0.13138172425697786,0.1356706745427877
5.094000000000036,0.13851861146411484,0.12925512075856968,0.13141074418043314,0.1357141572811118
5.095000000000036,0.13860579969572853,0.12925512013755489,0.13143986246074008,0.13575793473276682
5.0960000000000365,0.1386921165982908,0.1292551195312139,0.13146908042650987,0.13580200889523378
5.097000000000037,0.13877755612194279,0.12925511893977212,0.13149839941090224,0.13584638177953215
5.098000000000037,0.13886211237971108,0.12925511836346346,0.13152782075168615,0.13589105541031146
5.0990000000000375,0.13894577964932467,0.12925511780252982,0.13155734579130093,0.13593603182594377
5.100000000000038,0.1390285523750248,0.12925511725722116,0.13158697587691745,0.13598131307861652
5.101000000000038,0.13911042516936648,0.12925511672779497,0.13161671236049965,0.13602690123442643
5.1020000000000385,0.13919139281501394,0.129255116214516,0.13164655659886618,0.13607279837347347
5.103000000000039,0.13927145026652932,0.12925511571765597,0.13167650995375238,0.13611900658995607
5.104000000000039,0.1393505926521545,0.1292551152374932,0.1317065737918723,0.1361655279922664
5.1050000000000395,0.1394288152755875,0.12925511477431234,0.13173674948498118,0.13621236470308673
5.10600000000004,0.13950611361775317,0.12925511432840386,0.13176703840993798,0.13625951885948628
5.10700000000004,0.13958248333856865,0.12925511390006392,0.1317974419487682,0.13630699261301873
5.1080000000000405,0.13965792027870388,0.12925511348959368,0.13182796148872694,0.13635478812982033
5.109000000000041,0.1397324204613373,0.12925511309729892,0.13185859842236225,0.1364029075907087
5.110000000000041,0.13980598009390796,0.12925511272348983,0.13188935414757857,0.1364513531912825
5.1110000000000415,0.13987859556986312,0.12925511236848006,0.13192023006770068,0.13650012714202156
5.112000000000042,0.13995026347040293,0.12925511203258683,0.13195122759153746,0.13654923166838753
5.113000000000042,0.14002098056622156,0.12925511171612983,0.13198234813344648,0.13659866901092577
5.1140000000000425,0.1400907438192456,0.12925511141943088,0.1320135931133983,0.13664844142536725
5.115000000000043,0.14015955038437036,0.12925511114281354,0.13204496395704138,0.13669855118273175
5.116000000000043,0.14022739761119352,0.1292551108866019,0.13207646209576712,0.13674900056943132
5.1170000000000435,0.14029428304574756,0.12925511065112047,0.13210808896677512,0.13679979188737462
5.118000000000044,0.14036020443223046,0.1292551104366933,0.13213984601313877,0.13685092745407196
5.119000000000044,0.14042515971473546,0.12925511024364295,0.13217173468387117,0.13690240960274114
5.1200000000000445,0.14048914703898008,0.12925511007228987,0.13220375643399113,0.13695424068241374
5.121000000000045,0.14055216475403495,0.12925510992295183,0.13223591272458965,0.13700642305804248
5.122000000000045,0.14061421141405228,0.1292551097959426,0.13226820502289655,0.13705895911060895
5.1230000000000455,0.1406752857799949,0.12925510969157097,0.1323006348023474,0.13711185123723243
5.124000000000046,0.14073538682136583,0.12925510961014022,0.13233320354265082,0.1371651018512791
5.125000000000046,0.14079451371793902,0.12925510955194658,0.1323659127298559,0.13721871338247224
5.1260000000000465,0.14085266586149137,0.12925510951727842,0.13239876385642008,0.1372726882770032
5.127000000000047,0.14090984285753588,0.1292551095064148,0.13243175842127716,0.1373270289976427
5.128000000000047,0.1409660445270579,0.12925510951962446,0.13246489792990584,0.13738173802385362
5.1290000000000475,0.1410212709082526,0.12925510955716446,0.13249818389439827,0.1374368178519037
5.130000000000048,0.14107552225826558,0.1292551096192788,0.13253161783352913,0.13749227099497985
5.131000000000048,0.14112879905493692,0.12925510970619683,0.13256520127282484,0.1375480999833025
5.1320000000000485,0.14118110199854741,0.1292551098181322,0.13259893574463333,0.13760430736424123
5.133000000000049,0.14123243201356947,0.1292551099552806,0.13263282278819374,0.13766089570243095
5.134000000000049,0.14128279025042162,0.1292551101178188,0.13266686394970686,0.13771786757988888
5.1350000000000495,0.14133217808722698,0.12925511030590237,0.13270106078240554,0.13777522559613248
5.13600000000005,0.14138059713157686,0.12925511051966432,0.13273541484662563,0.13783297236829792
5.13700000000005,0.14142804922229865,0.12925511075921284,0.13276992770987708,0.13789111053125952
5.1380000000000505,0.14147453643122962,0.12925511102462964,0.13280460094691565,0.1379496427377501
5.139000000000051,0.14152006106499526,0.12925511131596779,0.13283943613981455,0.13800857165848185
5.140000000000051,0.14156462566679429,0.12925511163324943,0.1328744348780368,0.13806789998226837
5.1410000000000515,0.14160823301818887,0.12925511197646403,0.13290959875850764,0.13812763041614717
5.142000000000052,0.14165088614090218,0.12925511234556553,0.1329449293856874,0.13818776568550323
5.143000000000052,0.141692588298621,0.12925511274047022,0.1329804283716448,0.13824830853419356
5.1440000000000525,0.14173334299880683,0.1292551131610546,0.13301609733613046,0.13830926172467206
5.145000000000053,0.14177315399451243,0.12925511360715222,0.1330519379066507,0.13837062803811584
5.146000000000053,0.14181202528620687,0.12925511407855142,0.133087951718542,0.13843241027455194
5.1470000000000535,0.14184996112360687,0.12925511457499264,0.1331241404150455,0.13849461125298532
5.148000000000054,0.14188696600751666,0.12925511509616538,0.13316050564738185,0.1385572338115271
5.149000000000054,0.14192304469167494,0.12925511564170575,0.1331970490748269,0.13862028080752453
5.1500000000000545,0.14195820218460975,0.1292551162111929,0.13323377236478703,0.13868375511769093
5.151000000000055,0.1419924437515018,0.12925511680414653,0.13327067719287553,0.1387476596382373
5.152000000000055,0.14202577491605498,0.12925511742002335,0.13330776524298882,0.13881199728500423
5.1530000000000555,0.14205820146237563,0.12925511805821427,0.13334503820738344,0.138876770993595
5.154000000000056,0.14208972943685957,0.12925511871804077,0.1333824977867532,0.13894198371950964
5.155000000000056,0.14212036515008689,0.1292551193987517,0.13342014569030686,0.13900763843827965
5.1560000000000565,0.14215011517872558,0.12925512009951998,0.13345798363584593,0.13907373814560384
5.157000000000057,0.1421789863674422,0.12925512081943905,0.13349601334984326,0.13914028585748492
5.158000000000057,0.14220698583082034,0.12925512155751903,0.1335342365675217,0.1392072846103673
5.1590000000000575,0.14223412095528778,0.12925512231268368,0.13357265503293328,0.1392747374612754
5.160000000000058,0.1422603994010495,0.12925512308376633,0.13361127049903884,0.13934264748795339
5.161000000000058,0.14228582910402887,0.12925512386950624,0.133650084727788,0.13941101778900541
5.1620000000000585,0.1423104182778156,0.1292551246685451,0.1336890994901995,0.13947985148403708
5.163000000000059,0.14233417541561996,0.12925512547942303,0.13372831656644207,0.13954915171379775
5.164000000000059,0.14235710929223339,0.12925512630057484,0.1337677377459156,0.1396189216403239
5.1650000000000595,0.14237922896599495,0.1292551271303263,0.13380736482733285,0.13968916444708335
5.16600000000006,0.142400543780763,0.12925512796689018,0.13384719961880148,0.1397598833391205
5.16700000000006,0.1424210633678917,0.1292551288083625,0.13388724393790655,0.1398310815432027
5.1680000000000605,0.1424407976482123,0.1292551296527187,0.13392749961179345,0.13990276230796728
5.169000000000061,0.1424597568340178,0.12925513049780968,0.13396796847725137,0.13997492890406998
5.170000000000061,0.1424779514310512,0.12925513134135827,0.1340086523807969,0.14004758462433403
5.1710000000000615,0.142495392240496,0.12925513218095513,0.1340495531787585,0.14012073278390053
5.172000000000062,0.14251209036096943,0.12925513301405517,0.13409067273736106,0.14019437672037954
5.173000000000062,0.14252805719051617,0.12925513383797388,0.13413201293281113,0.14026851979400254
5.1740000000000625,0.14254330442860352,0.12925513464988375,0.13417357565138244,0.14034316538777566
5.175000000000063,0.14255784407811609,0.1292551354468105,0.13421536278950208,0.14041831690763407
5.176000000000063,0.14257168844735,0.12925513622562976,0.13425737625383694,0.14049397778259734
5.1770000000000636,0.14258485015200562,0.1292551369830635,0.13429961796138076,0.140570151464926
5.178000000000064,0.14259734211717834,0.1292551377156772,0.13434208983954157,0.1406468414302789
5.179000000000064,0.142609177579346,0.129255138419876,0.13438479382622964,0.14072405117787198
5.1800000000000646,0.14262037008835338,0.12925513909190212,0.13442773186994592,0.14080178423063786
5.181000000000065,0.14263093350939213,0.12925513972783192,0.1344709059298709,0.14088004413538643
5.182000000000065,0.1426408820249755,0.12925514032357296,0.13451431797595406,0.14095883446296698
5.1830000000000656,0.1426502301369078,0.12925514087486156,0.13455796998900377,0.14103815880843093
5.184000000000066,0.14265899266824766,0.12925514137726038,0.13460186396077758,0.1411180207911959
5.185000000000066,0.1426671847652638,0.12925514182615602,0.13464600189407316,0.14119842405521082
5.186000000000067,0.1426748218993842,0.12925514221675738,0.1346903858028197,0.14127937226912235
5.187000000000067,0.1426819198691361,0.12925514254409343,0.1347350177121697,0.14136086912644205
5.188000000000067,0.1426884948020783,0.12925514280301215,0.13477989965859155,0.1414429183457151
5.189000000000068,0.1426945631567243,0.12925514298817878,0.13482503368996232,0.14152552367068988
5.190000000000068,0.1427001417244552,0.12925514309407515,0.13487042186566123,0.14160868887048883
5.191000000000068,0.14270524763142373,0.12925514311499864,0.1349160662566636,0.14169241773978036
5.192000000000069,0.1427098983404474,0.12925514304506205,0.1349619689456354,0.14177671409895207
5.193000000000069,0.1427141116528909,0.1292551428781932,0.1350081320270282,0.14186158179428504
5.194000000000069,0.1427179057105385,0.12925514260813525,0.13505455760717475,0.1419470246981292
5.19500000000007,0.14272129899745506,0.12925514222844714,0.1351012478043852,0.14203304670908035
5.19600000000007,0.14272431034183544,0.12925514173250474,0.13514820474904363,0.14211965175215768
5.19700000000007,0.14272695891784384,0.12925514111350198,0.13519543058370528,0.14220684377898307
5.198000000000071,0.14272926424744084,0.12925514036445243,0.13524292746319436,0.14229462676796137
5.199000000000071,0.1427312462022,0.12925513947819173,0.13529069755470224,0.1423830047244618
5.200000000000071,0.14273292500511284,0.12925513844738,0.13533874303788657,0.14247198168100092
5.201000000000072,0.14273432123238325,0.12925513726450463,0.13538706610497048,0.14256156169742645
5.202000000000072,0.14273545581521058,0.12925513592188426,0.13543566896084278,0.14265174886110257
5.203000000000072,0.14273635004156254,0.12925513441167233,0.1354845538231585,0.14274254728709648
5.204000000000073,0.1427370255579379,0.1292551327258619,0.13553372292244006,0.14283396111836608
5.205000000000073,0.14273750437111832,0.1292551308562906,0.13558317850217907,0.14292599452594892
5.206000000000073,0.1427378088499112,0.12925512879464632,0.1356329228189387,0.14301865170915284
5.207000000000074,0.14273796172688297,0.12925512653247345,0.13568295814245665,0.14311193689574717
5.208000000000074,0.14273798610008331,0.1292551240611797,0.1357332867557487,0.14320585434215594
5.209000000000074,0.14273790543476092,0.12925512137204373,0.13578391095521283,0.14330040833365196
5.210000000000075,0.14273774356507105,0.12925511845622303,0.13583483305073413,0.14339560318455238
5.211000000000075,0.14273752469577533,0.12925511530476336,0.13588605536579004,0.14349144323841548
5.212000000000075,0.1427372734039347,0.1292551119086079,0.13593758023755648,0.14358793286823898
5.213000000000076,0.14273701464059493,0.12925510825860778,0.13598941001701445,0.14368507647665943
5.214000000000076,0.14273669448155837,0.12925510408333568,0.13604123979647242,0.143691592427155
5.215000000000076,0.14273638193324437,0.12925511243197782,0.13609276466823886,0.1436981525408645
5.216000000000077,0.14273607681850264,0.12925515852372604,0.13614398698329477,0.1437047571171133
5.217000000000077,0.14273577896437262,0.12925526718675784,0.13619490907881607,0.14371140645725555
5.218000000000077,0.14273548820197407,0.12925546286035314,0.1362455332782802,0.1437181008646879
5.219000000000078,0.14273520436640114,0.12925576959702886,0.13629586189157225,0.1437248406448633
5.220000000000078,0.14273492729661952,0.12925621106468985,0.13634589721509022,0.14373162610530496
5.221000000000078,0.1427346568353668,0.12925681054879462,0.13639564153184985,0.14373845755562042
5.222000000000079,0.1427343928290558,0.12925759095453268,0.13644509711158886,0.14374533530751565
5.223000000000079,0.1427341351276807,0.12925857480901348,0.1364942662108704,0.14375225967480929
5.224000000000079,0.14273388358472575,0.12925978426346404,0.13654315107318613,0.1437592309734469
5.22500000000008,0.14273363805707745,0.12926124109543408,0.13659175392905842,0.14376624952151545
5.22600000000008,0.14273339840493826,0.1292629667110073,0.13664007699614236,0.14377331563925788
5.22700000000008,0.14273316449174392,0.12926498214701737,0.13668812247932668,0.1437804296490875
5.228000000000081,0.14273293618408206,0.12926730807326756,0.1367358925708346,0.14378759187560294
5.229000000000081,0.1427327133516142,0.1292699647947522,0.13678338945032367,0.14379480264560288
5.230000000000081,0.14273249586699943,0.12927297225387976,0.13683061528498533,0.14380206228810088
5.231000000000082,0.14273228360582044,0.12927635003269622,0.13687757222964378,0.14380937113434053
5.232000000000082,0.14273207644651165,0.12928011735510708,0.13692426242685427,0.1438167295178104
5.233000000000082,0.14273187427028938,0.12928429308909836,0.13697068800700085,0.14382413777425945
5.234000000000083,0.14273167696108405,0.1292888957489554,0.13701685108839365,0.1438315962417122
5.235000000000083,0.1427314844054742,0.129293943497478,0.13706275377736543,0.14383910526048416
5.236000000000083,0.14273129649262237,0.1292994541481925,0.1371083981683678,0.14384666517319747
5.237000000000084,0.1427311131142129,0.12930544516755982,0.13715378634406675,0.14385427632479644
5.238000000000084,0.14273093416439134,0.1293119336771781,0.13719892037543754,0.1438619390625633
5.239000000000084,0.14273075953970546,0.12931893645598133,0.13724380232185943,0.14386965373613408
5.240000000000085,0.1427305891390481,0.12932646994243177,0.13728843423120948,0.14387742069751455
5.241000000000085,0.14273042286360133,0.12933455023670704,0.13733281813995601,0.14388524030109617
5.242000000000085,0.14273026061678223,0.12934319310288114,0.1373769560732516,0.1438931129036725
5.243000000000086,0.14273010230419017,0.12935241397109978,0.1374208500450254,0.14390103886445524
5.244000000000086,0.14272994783355553,0.1293622279397486,0.13746450205807514,0.14390901854509083
5.245000000000086,0.14272979711468964,0.12937264977761592,0.13750791410415836,0.14391705230967675
5.246000000000087,0.1427296500594361,0.1293836939260484,0.13755108816408337,0.14392514052477826
5.247000000000087,0.14272950658162367,0.12939537450110092,0.13759402620779967,0.14393328355944507
5.248000000000087,0.14272936659701987,0.1294077052956792,0.13763673019448777,0.14394148178522823
5.249000000000088,0.14272923002328622,0.12942069978167692,0.1376792020726486,0.14394973557619706
5.250000000000088,0.1427290967799346,0.12943437111210582,0.13772144378019244,0.14395804530895615
5.251000000000088,0.14272896678828442,0.12944873212322003,0.13776345724452732,0.14396641136266272
5.252000000000089,0.14272883997142147,0.1294637953366344,0.137805244382647,0.14397483411904372
5.253000000000089,0.1427287162541573,0.1294795729614364,0.13784680710121833,0.14398331396241335
5.254000000000089,0.14272859556298992,0.12949607689629275,0.1378881472966684,0.14399185127969055
5.25500000000009,0.14272847782606543,0.12951331873155036,0.137929266855271,0.1440004464604168
5.25600000000009,0.14272836297314054,0.12953130975133162,0.13797016765323264,0.14400909989677366
5.25700000000009,0.14272825093554653,0.12955006093562493,0.13801085155677822,0.1440178119836008
5.258000000000091,0.14272814164615336,0.12956958296236967,0.13805132042223617,0.14402658311841404
5.259000000000091,0.14272803503933526,0.12958988620953707,0.1380915760961231,0.1440354137014234
5.260000000000091,0.1427279310509371,0.12961098075720598,0.1381316204152282,0.14404430413555147
5.261000000000092,0.1427278296182413,0.12963287638963425,0.13817145520669682,0.14405325482645165
5.262000000000092,0.14272773067993608,0.1296555825973266,0.1382110822881141,0.14406226618252682
5.263000000000092,0.14272763417608414,0.12967910857909776,0.13825050346758766,0.14407133861494786
5.264000000000093,0.1427275400480923,0.12970346324413243,0.13828972054383024,0.14408047253767242
5.265000000000093,0.14272744823868147,0.12972865521404123,0.13832873530624176,0.14408966836746387
5.266000000000093,0.14272735869185846,0.129754692824914,0.13836754953499095,0.1440989265239103
5.267000000000094,0.1427272713528871,0.12978158412936908,0.13840616500109656,0.1441082474294436
5.268000000000094,0.14272718616826097,0.12980933689860036,0.1384445834665082,0.14411763150935877
5.269000000000094,0.14272710308567682,0.12983795862442069,0.13848280668418667,0.1441270791918334
5.270000000000095,0.14272702205400803,0.1298674565213034,0.13852083639818405,0.14413659090794712
5.271000000000095,0.1427269430232795,0.1298978375284209,0.13855867434372315,0.14414616709170122
5.272000000000095,0.14272686594464254,0.12992910831168034,0.13859632224727683,0.14415580818003865
5.273000000000096,0.1427267907703507,0.12996127526575801,0.13863378182664665,0.1441655146128637
5.274000000000096,0.14272671745373602,0.12999434451613046,0.13867105479104133,0.1441752868330623
5.275000000000096,0.14272664594918624,0.130028321921104,0.13870814284115465,0.1441851252865221
5.276000000000097,0.14272657621212184,0.13006321307384217,0.13874504766924317,0.14419503042215284
5.277000000000097,0.1427265081989745,0.13009902330439063,0.13878177095920335,0.14420500269190684
5.278000000000097,0.14272644186716543,0.13013575768170077,0.13881831438664843,0.14421504255079964
5.279000000000098,0.14272637717508438,0.13017342101565055,0.13885467961898484,0.1442251504569307
5.280000000000098,0.14272631408206954,0.13021201785906428,0.13889086831548836,0.14423532687150445
5.281000000000098,0.14272625254838714,0.13025155250972947,0.1389268821273797,0.14424557225885107
5.282000000000099,0.14272619253521246,0.13029202901241232,0.1389627226979,0.14425588708644796
5.283000000000099,0.14272613400461057,0.13033345116087106,0.1389983916623857,0.1442662718249409
5.284000000000099,0.14272607691951777,0.13037582249986715,0.13903389064834315,0.14427672694816557
5.2850000000001,0.14272602124372352,0.1304191463271747,0.13906922127552296,0.14428725293316913
5.2860000000001,0.14272596694185263,0.13046342569558697,0.13910438515599383,0.14429785026023215
5.2870000000001,0.14272591397934833,0.13050866341492176,0.1391393838942161,0.14430851941289025
5.288000000000101,0.14272586232245477,0.13055486205402336,0.13917421908711505,0.14431926087795646
5.289000000000101,0.1427258119382009,0.13060202394276293,0.13920889232415368,0.14433007514554316
5.290000000000101,0.14272576279438431,0.13065015117403653,0.1392434051874052,0.14434096270908464
5.291000000000102,0.14272571485955526,0.13069924560575946,0.13927775925162533,0.14435192406535952
5.292000000000102,0.14272566810300133,0.13074930886285913,0.13931195608432406,0.14436295971451343
5.293000000000102,0.1427256224947322,0.1308003423392645,0.13934599724583724,0.14437407016008189
5.294000000000103,0.1427255780054651,0.13085234719989314,0.13937988428939774,0.14438525590901322
5.295000000000103,0.14272553460661008,0.13090532438263425,0.13941361876120625,0.14439651747169158
5.296000000000103,0.14272549227025602,0.13095927460032986,0.13944720220050202,0.14440785536196052
5.297000000000104,0.14272545096915676,0.13101419834275183,0.13948063613963294,0.14441927009714625
5.298000000000104,0.14272541067671718,0.13107009587857546,0.1395139221041254,0.14443076219808113
5.299000000000104,0.14272537136698063,0.13112696725735018,0.1395470616127541,0.14444233218912775
5.300000000000105,0.14272533301461515,0.13118481231146614,0.13958005617761124,0.14445398059820255
5.301000000000105,0.14272529559490113,0.13124363065811687,0.13961290730417547,0.1444657079568001
5.302000000000105,0.14272525908371858,0.13130342170125817,0.1396456164913806,0.14447751480001728
5.303000000000106,0.14272522345753522,0.13136418463356322,0.13967818523168407,0.1444894016665776
5.304000000000106,0.14272518869339387,0.13142591843837292,0.139710615011135,0.14450136909885603
5.305000000000106,0.14272515476890132,0.13148862189164248,0.13974290730944194,0.1445134176429035
5.306000000000107,0.14272512166221624,0.1315522935638826,0.13977506360004055,0.14452554784847202
5.307000000000107,0.14272508935203812,0.1316169318220978,0.1398070853501606,0.1445377602690395
5.308000000000107,0.1427250578175961,0.1316825348317179,0.13983897402089304,0.14455005546183528
5.309000000000108,0.14272502703863776,0.1317491005585264,0.13987073106725675,0.14456243398786542
5.310000000000108,0.14272499699541893,0.13181662677058267,0.1399023579382648,0.14457489641193827
5.311000000000108,0.14272496766869264,0.13188511104014025,0.1399338560769906,0.14458744330269035
5.312000000000109,0.1427249390396991,0.13195455074555917,0.13996522692063376,0.1446000752326122
5.313000000000109,0.14272491109015517,0.13202494307321289,0.13999647190058565,0.1446127927780745
5.314000000000109,0.14272488380224505,0.13209628501939086,0.1400275924424947,0.14462559651935447
5.31500000000011,0.14272485715860966,0.13216857339219445,0.14005858996633155,0.14463848704066223
5.31600000000011,0.1427248311423376,0.1322418048134284,0.1400894658864537,0.14465146493016756
5.31700000000011,0.14272480573695534,0.13231597572048587,0.14012022161167012,0.1446645307800266
5.318000000000111,0.1427247809264181,0.13239108236822847,0.1401508585453055,0.14467768518640903
5.319000000000111,0.14272475669510082,0.13246712083086015,0.14018137808526435,0.14469092874952516
5.320000000000111,0.14272473302778865,0.1325440870037957,0.14021178162409464,0.14470426207365333
5.321000000000112,0.14272470990966868,0.132621976605523,0.14024207054905152,0.14471768576716756
5.322000000000112,0.14272468732632085,0.1327007851794602,0.14027224624216048,0.14473120044256516
5.323000000000112,0.14272466526370967,0.13278050809580633,0.1403023100802805,0.1447448067164949
5.324000000000113,0.14272464370817556,0.13286114055338646,0.14033226343516675,0.1447585052097849
5.325000000000113,0.1427246226464268,0.13294267758149111,0.14036210767353335,0.1447722965474711
5.326000000000113,0.14272460206553123,0.13302511404171,0.14039184415711564,0.1447861813588258
5.327000000000114,0.14272458195290819,0.13310844462975918,0.14042147424273224,0.14480016027738626
5.328000000000114,0.14272456229632094,0.13319266387730416,0.1404509992823471,0.14481423394098375
5.329000000000114,0.1427245430838687,0.13327776615377515,0.14048042062313112,0.14482840299177246
5.330000000000115,0.14272452430397878,0.1333637456681792,0.14050973960752358,0.14484266807625903
5.331000000000115,0.14272450594539968,0.13345059647090493,0.14053895757329346,0.14485702984533186
5.332000000000115,0.14272448799719323,0.13353831245552275,0.14056807585360045,0.14487148895429092
5.333000000000116,0.14272447044872735,0.13362688736057987,0.14059709577705579,0.14488604606287753
5.334000000000116,0.14272445328966937,0.13371631477138987,0.1406260186677829,0.14490070183530473
5.335000000000116,0.14272443650997838,0.13380658812181792,0.14065484584547774,0.14491545694028718
5.336000000000117,0.1427244200998987,0.1338977006960602,0.14068357862546912,0.14493031205107207
5.337000000000117,0.14272440404995299,0.13398964563041976,0.14071221831877864,0.14494526784546954
5.338000000000117,0.14272438835093573,0.13408241591507783,0.14074076623218051,0.14496032500588382
5.339000000000118,0.14272437299390636,0.1341760043958601,0.14076922366826125,0.14497548421934425
5.340000000000118,0.14272435797018293,0.13427040377599975,0.140797591925479,0.14499074617753657
5.341000000000118,0.14272434327133585,0.13436560661789723,0.14082587229822288,0.14500611157683466
5.342000000000119,0.14272432888918163,0.13446160534487536,0.14085406607687206,0.14502158111833224
5.343000000000119,0.1427243148157764,0.13455839224293245,0.1408821745478545,0.14503715550787474
5.344000000000119,0.14272430104341044,0.13465595946249176,0.14091019899370583,0.1450528354560917
5.34500000000012,0.14272428756460176,0.13475429902014885,0.14093814069312766,0.14506862167842904
5.34600000000012,0.14272427437209056,0.13485340280041683,0.1409660009210461,0.1450845148951818
5.34700000000012,0.1427242614588333,0.13495326255746898,0.14099378094866993,0.14510051583152694
5.348000000000121,0.14272424881799722,0.13505386991688087,0.14102148204354845,0.14511662521755647
5.349000000000121,0.14272423644295473,0.13515521637737027,0.14104910546962943,0.14513284378831073
5.350000000000121,0.14272422432727808,0.1352572933125374,0.1410766524873168,0.14514917228381202
5.351000000000122,0.14272421246473382,0.13536009197260349,0.14110412435352807,0.14516561144909818
5.352000000000122,0.14272420084927778,0.13546360348615066,0.1411315223217518,0.14518216203425682
5.353000000000122,0.14272418947504997,0.135567818861861,0.1411588476421047,0.14519882479445942
5.354000000000123,0.14272417833636922,0.13567272899025754,0.14118610156138864,0.1452156004899956
5.355000000000123,0.14272416742772856,0.13577832464544545,0.14121328532314767,0.14523248988630827
5.356000000000123,0.14272415674379038,0.1358845964868562,0.14124040016772463,0.1452494937540281
5.357000000000124,0.14272414627938132,0.13599153506099212,0.14126744733231789,0.145266612869009
5.358000000000124,0.1427241360294881,0.13609913080317534,0.1412944280510376,0.14528384801236324
5.359000000000124,0.14272412598925258,0.13620737403929828,0.14132134355496218,0.1453011999704974
5.360000000000125,0.14272411615396755,0.1363162549875785,0.1413481950721944,0.145318669535148
5.361000000000125,0.14272410651907208,0.1364257637603166,0.14137498382791747,0.1453362575034177
5.362000000000125,0.14272409708014774,0.1365358903656593,0.14140171104445087,0.14535396467781178
5.363000000000126,0.14272408783291374,0.1366466247093666,0.1414283779413062,0.1453717918662746
5.364000000000126,0.14272407877322335,0.13675795659658432,0.14145498573524276,0.14538973988222656
5.365000000000126,0.14272406989705977,0.136869875733622,0.14148153564032312,0.14540780954460114
5.366000000000127,0.14272406120053216,0.13698237172973718,0.1415080288679685,0.14542600167788242
5.367000000000127,0.1427240526798719,0.13709543409892552,0.14153446662701402,0.14544431711214245
5.368000000000127,0.14272404433142885,0.1372090522617179,0.14156085012376388,0.1454627566830794
5.369000000000128,0.1427240361516677,0.13732321554698468,0.1415871805620464,0.14548132123205545
5.370000000000128,0.1427240281371645,0.1374379131937471,0.1416134591432689,0.14550001160613538
5.371000000000128,0.1427240202846033,0.13755313435299635,0.14163968706647262,0.14551882865812502
5.372000000000129,0.1427240125907724,0.13766886808952136,0.14166586552838734,0.14553777324661035
5.373000000000129,0.1427240050525617,0.1377851033837437,0.14169199572348604,0.14555684623599663
5.374000000000129,0.1427239976669591,0.13790182913356228,0.14171807884403936,0.1455760484965477
5.37500000000013,0.1427239904310476,0.1380190341562054,0.14174411608017004,0.14559538090442586
5.37600000000013,0.14272398334200237,0.1381367071900931,0.14177010861990716,0.1456148443417318
5.37700000000013,0.1427239763970879,0.13825483689670773,0.14179605764924041,0.14563443969654474
5.378000000000131,0.14272396959365483,0.13837341186247384,0.14182196435217423,0.1456541678629632
5.379000000000131,0.142723962929138,0.13849242060064756,0.14184782991078168,0.14567402974114546
5.380000000000131,0.14272395640105331,0.1386118515532148,0.1418736555052586,0.14569402623735092
5.381000000000132,0.14272395000699528,0.13873169309279954,0.1418994423139773,0.14571415826398135
5.382000000000132,0.14272394374463493,0.13885193352458064,0.14192519151354033,0.14573442673962245
5.383000000000132,0.14272393761171734,0.13897256108821804,0.14195090427883425,0.14575483258908586
5.384000000000133,0.1427239316060594,0.13909356395978867,0.1419765817830832,0.14577537674345134
5.385000000000133,0.14272392572554785,0.1392149302537299,0.14200222519790237,0.14579606014010918
5.386000000000133,0.14272391996813732,0.1393366480247933,0.14202783569335162,0.1458168837228031
5.387000000000134,0.14272391433184814,0.13945870527000542,0.14205341443798863,0.14583784844167322
5.388000000000134,0.14272390881476527,0.13958108993063764,0.14207896259892247,0.14585895525329937
5.389000000000134,0.1427239034150357,0.13970378989418342,0.14210448134186665,0.1458802051207449
5.390000000000135,0.14272389813086786,0.13982679299634265,0.14212997183119244,0.14590159901360045
5.391000000000135,0.14272389296052942,0.13995008702301365,0.14215543522998192,0.14592313790802824
5.392000000000135,0.14272388790234639,0.14007365971229083,0.14218087270008112,0.14594482278680676
5.393000000000136,0.1427238829547016,0.1401974987564684,0.142206285402153,0.1459666546393754
5.394000000000136,0.14272387811603404,0.14032159180404954,0.14223167449573032,0.1459886344618796
5.395000000000136,0.1427238733848376,0.14044592646176027,0.1422570411392687,0.14601076325721654
5.396000000000137,0.14272386875966003,0.14057049029656632,0.14228238649019942,0.14603304203508066
5.397000000000137,0.14272386423910266,0.14069527083769431,0.14230771170498216,0.14605547181200984
5.398000000000137,0.14272385982181948,0.14082025557865419,0.14233301793915787,0.14607805361143172
5.399000000000138,0.14272385550651676,0.14094543197926396,0.14235830634740146,0.14610078846371047
5.400000000000138,0.14272385129195275,0.14107078746767404,0.1423835780835744,0.14612367740619378
5.401000000000138,0.14272384717693748,0.1411963094423922,0.14240883430077758,0.14614672148326013
5.402000000000139,0.14272384316033251,0.14132198527430576,0.14243407615140366,0.14616992174636656
5.403000000000139,0.1427238392410514,0.14144780230870233,0.14245930478718982,0.14619327925409648
5.404000000000139,0.14272383541805944,0.14157374786728646,0.1424845213592703,0.1462167950722082
5.40500000000014,0.14272383169037442,0.14169980925019118,0.1425097270182289,0.14624047027368328
5.40600000000014,0.14272382805706701,0.14182597373798403,0.14253492291415143,0.14626430593877582
5.40700000000014,0.1427238245172616,0.141952228593665,0.14256011019667825,0.14628830315506136
5.408000000000141,0.14272382107013662,0.1420785610646564,0.14258529001505674,0.1463124630174869
5.409000000000141,0.1427238177149264,0.14220495838478242,0.14261046351819368,0.14633678662842056
5.410000000000141,0.1427238144509215,0.14233140777623726,0.1426356318547077,0.14636127509770205
5.411000000000142,0.14272381127747066,0.14245789645154028,0.14266079617298166,0.14638592954269314
5.412000000000142,0.142723808193982,0.14258441161547622,0.14268595762121508,0.14641075108832885
5.413000000000142,0.14272380519992497,0.14271094046702038,0.14271111734747657,0.1464357408671687
5.414000000000143,0.14272380229483186,0.14283747020124482,0.14273627649975618,0.1464609000194483
5.415000000000143,0.14272379947738992,0.1429639880923934,0.1427614362260177,0.14648622969313152
5.416000000000143,0.14272379674451716,0.14309048157867976,0.14278659767425114,0.1465117310439627
5.417000000000144,0.1427237940923377,0.14321693817783085,0.1428117619925251,0.14653740523551956
5.418000000000144,0.14272379151713255,0.14334334540422233,0.14283693032903913,0.14656325343926618
5.419000000000144,0.14272378901533528,0.14346969077075852,0.14286210383217607,0.14658927683460643
5.420000000000145,0.1427237865835265,0.14359596179076214,0.14288728365055456,0.1466154766089379
5.421000000000145,0.14272378421843002,0.14372214597987393,0.1429124709330814,0.14664185395770604
5.422000000000145,0.14272378191690807,0.14384823085796355,0.14293766682900394,0.1466684100844586
5.423000000000146,0.1427237796759568,0.14397420395105104,0.14296287248796252,0.1466951462009007
5.424000000000146,0.1427237774927018,0.1441000527932405,0.142988089060043,0.14672206352695003
5.425000000000146,0.14272377536439396,0.144225764928665,0.1430133176958292,0.1467491632907925
5.426000000000147,0.1427237732884049,0.14435132791344382,0.14303855954645528,0.14677644672893825
5.427000000000147,0.1427237712622234,0.14447672931765213,0.14306381576365845,0.14680391508627827
5.428000000000147,0.14272376928345043,0.14460195672730297,0.1430890874998314,0.1468315696161409
5.429000000000148,0.14272376734979605,0.14472699774634143,0.143114375908075,0.14685941158034935
5.430000000000148,0.14272376545907473,0.14485183999865162,0.1431396821422507,0.14688744224927894
5.431000000000148,0.14272376360920216,0.14497647113007628,0.14316500735703344,0.14691566290191527
5.432000000000149,0.142723761798191,0.1451008788104477,0.14319035270796415,0.14694407482591262
5.433000000000149,0.1427237600241475,0.1452250507356321,0.14321571935150254,0.14697267931765248
5.434000000000149,0.14272375828526798,0.14534897462958485,0.14324110844507987,0.14700147768230296
5.43500000000015,0.14272375657983505,0.14547263824641832,0.14326652114715174,0.1470304712338781
5.43600000000015,0.1427237549062147,0.1455960293724801,0.14329195861725097,0.14705966129529804
5.43700000000015,0.14272375326285272,0.14571913582844326,0.14331742201604047,0.14708904919844926
5.438000000000151,0.14272375164827147,0.1458419454714064,0.1433429125053663,0.14711863628424537
5.439000000000151,0.14272375006106702,0.1459644461970046,0.14336843124831047,0.14714842390268823
5.440000000000151,0.14272374849990624,0.1460866259415299,0.1433939794092443,0.14717841341292978
5.441000000000152,0.1427237469635234,0.14620847268406068,0.14341955815388133,0.14720860618333373
5.442000000000152,0.14272374545071803,0.14632997444860027,0.14344516864933057,0.14723900359153833
5.443000000000152,0.14272374396035178,0.1464511193062237,0.14347081206414977,0.14726960702451888
5.444000000000153,0.14272374249134603,0.1465718953772314,0.14349648956839872,0.14730041787865136
5.445000000000153,0.14272374104267913,0.14669229083331078,0.14352220233369264,0.14733143755977582
5.446000000000153,0.1427237396133843,0.14681229389970377,0.14354795153325567,0.14736266748326082
5.447000000000154,0.14272373820254705,0.1469318928573794,0.14357373834197437,0.1473941090740678
5.448000000000154,0.14272373680930306,0.14705107604521267,0.1435995639364513,0.1474257637668162
5.449000000000154,0.14272373543283606,0.14716983186216684,0.14362542949505877,0.14745763300584894
5.450000000000155,0.14272373407237562,0.14728814876947943,0.14365133619799259,0.14748971824529816
5.451000000000155,0.14272373272719516,0.14740601529285177,0.14367728522732584,0.14752202094915173
5.452000000000155,0.1427237313966102,0.1475234200246404,0.14370327776706296,0.1475545425913201
5.453000000000156,0.14272373007997646,0.1476403516260497,0.1437293150031936,0.14758728465570328
5.454000000000156,0.14272372877668815,0.1477567988293264,0.14375539812374694,0.1476202486362589
5.455000000000156,0.14272372748617598,0.14787275043995296,0.14378152831884564,0.14765343603707007
5.456000000000157,0.14272372620790627,0.1479881953388418,0.14380770678076038,0.14768684837241422
5.457000000000157,0.1427237249413785,0.14810312248452712,0.1438339347039641,0.14772048716683206
5.458000000000157,0.14272372368612465,0.14821752091535534,0.1438602132851866,0.14775435395519718
5.459000000000158,0.1427237224417075,0.14833137975167351,0.1438865437234691,0.14778845028278614
5.460000000000158,0.14272372120771915,0.14844468819801362,0.14391292722021895,0.14782277770534896
5.461000000000158,0.14272371998377992,0.14855743554527376,0.1439393649792645,0.14785733778918
5.462000000000159,0.14272371876953724,0.14866961117289443,0.1439658582069099,0.14789213211118957
5.463000000000159,0.14272371756466437,0.14878120455103047,0.1439924081119903,0.14792716225897576
5.464000000000159,0.1427237163688593,0.14889220524271657,0.1440190159059269,0.147962429830897
5.46500000000016,0.14272371518184382,0.14900260290602751,0.14404568280278224,0.1479979364361449
5.46600000000016,0.14272371400336248,0.14911238729623136,0.14407241001931567,0.1480336836948177
5.46700000000016,0.1427237128331817,0.1492215482679354,0.14409919877503874,0.14806967323799414
5.468000000000161,0.1427237116710887,0.14933007577722493,0.14412605029227096,0.14810590670780804
5.469000000000161,0.1427237105168909,0.1494379598837938,0.14415296579619555,0.1481423857575231
5.470000000000161,0.14272370937041529,0.14954519075306663,0.14417994651491525,0.14817911205160827
5.471000000000162,0.142723708231507,0.14965175865831207,0.1442069936795085,0.14821608726581395
5.472000000000162,0.14272370710002938,0.14975765398274724,0.1442341085240855,0.1482533130872481
5.473000000000162,0.14272370597586273,0.14986286722163247,0.14426129228584456,0.14829079121445357
5.474000000000163,0.142723704858904,0.14996738898435652,0.14428854620512852,0.14832852335748528
5.475000000000163,0.1427237037490661,0.1500712099965116,0.14431587152548142,0.14836651123798855
5.476000000000163,0.1427237026462773,0.1501743211019586,0.14434326949370516,0.1484047565892774
5.477000000000164,0.14272370155048053,0.15027671326488135,0.14437074135991645,0.14844326115641385
5.478000000000164,0.1427237004616333,0.1503783775718309,0.14439828837760385,0.14848202669628735
5.479000000000164,0.14272369937970666,0.15047930523375894,0.14442591180368486,0.1485210549776951
5.480000000000165,0.14272369830468512,0.15057948758804038,0.14445361289856337,0.14856034778142266
5.481000000000165,0.14272369723656617,0.150678916100485,0.1444813929261872,0.1485999069003252
5.482000000000165,0.1427236961753597,0.1507775823673388,0.14450925315410568,0.14863973413940942
5.483000000000166,0.14272369512108754,0.15087547811727356,0.14453719485352753,0.1486798313159158
5.484000000000166,0.14272369407378338,0.15097259521336617,0.14456521929937885,0.1487202002594015
5.485000000000166,0.14272369303349225,0.15106892565506733,0.1445933277703613,0.14876084281182392
5.486000000000167,0.14272369200027,0.15116446158015834,0.14462152154901048,0.14880176082762475
5.487000000000167,0.1427236909741832,0.15125919526669881,0.1446498019217544,0.1488429561738145
5.488000000000167,0.14272368995530854,0.1513531191349623,0.14467817017897217,0.14888443073005772
5.489000000000168,0.142723688943733,0.15144622574936253,0.1447066276150529,0.14892618638875882
5.490000000000168,0.1427236879395529,0.15153850782036873,0.14473517552845477,0.1489682250551483
5.491000000000168,0.142723686942874,0.1516299582064112,0.1447638152217643,0.1490105486473699
5.492000000000169,0.14272368595381119,0.1517205699157768,0.1447925480017557,0.14905315909656786
5.493000000000169,0.14272368497248797,0.15181033610849448,0.1448213751794506,0.14909605834697517
5.494000000000169,0.1427236839990364,0.15189925009821184,0.14485029807017774,0.14913924835600229
5.49500000000017,0.14272368303359667,0.15198730535406185,0.14487931799363313,0.14918273109432642
5.49600000000017,0.1427236820763169,0.15207449550252103,0.14490843627394015,0.14922650854598143
5.49700000000017,0.1427236811273527,0.15216081432925857,0.14493765423971006,0.14927058270844842
5.498000000000171,0.14272368018686699,0.1522462557809769,0.14496697322410254,0.14931495559274682
5.499000000000171,0.14272367925502966,0.15233081396724427,0.14499639456488655,0.14935962922352616
5.500000000000171,0.1427236783320173,0.1524144831623196,0.14502591960450142,0.14940460563915847
5.501000000000172,0.1427236774180129,0.15249725780696902,0.14505554969011805,0.14944988689183128
5.502000000000172,0.1427236765132054,0.15257913251027594,0.14508528617370034,0.14949547504764119
5.503000000000172,0.14272367561778954,0.15266010205144345,0.14511513041206697,0.14954137218668825
5.504000000000173,0.14272367473196526,0.1527401613815906,0.14514508376695326,0.14958758040317086
5.505000000000173,0.14272367385593765,0.15281930562554197,0.14517514760507327,0.1496341018054812
5.506000000000173,0.14272367298991642,0.15289753008361118,0.14520532329818225,0.14968093851630154
5.507000000000174,0.1427236721341154,0.15297483023337916,0.14523561222313913,0.14972809267270112
5.508000000000174,0.14272367128875232,0.15305120173146664,0.14526601576196943,0.14977556642623358
5.509000000000174,0.14272367045404827,0.15312664041530155,0.14529653530192826,0.14982336194303517
5.510000000000175,0.14272366963022742,0.15320114230488227,0.14532717223556366,0.14987148140392356
5.511000000000175,0.14272366881751622,0.15327470360453607,0.1453579279607801,0.1499199270044974
5.512000000000175,0.14272366801614314,0.15334732070467375,0.14538880388090228,0.14996870095523646
5.513000000000176,0.14272366722633828,0.1534189901835404,0.14541980140473917,0.15001780548160248
5.514000000000176,0.1427236664483324,0.15348970880896315,0.14545092194664827,0.15006724282414072
5.515000000000176,0.1427236656823567,0.15355947354009566,0.14548216692660018,0.15011701523858226
5.516000000000177,0.14272366492864208,0.15362828152916022,0.14551353777024334,0.15016712499594675
5.517000000000177,0.14272366418741836,0.15369613012318703,0.14554503590896917,0.15021757438264635
5.518000000000177,0.142723663458914,0.15376301686575236,0.14557666277997725,0.15026836570058966
5.519000000000178,0.14272366274335468,0.15382893949871415,0.14560841982634098,0.15031950126728702
5.520000000000178,0.14272366204096326,0.15389389596394698,0.14564030849707346,0.1503709834159562
5.521000000000178,0.14272366135195869,0.15395788440507566,0.1456723302471935,0.15042281449562883
5.522000000000179,0.14272366067655493,0.15402090316920833,0.1457044865377921,0.1504749968712576
5.523000000000179,0.14272366001496037,0.15408295080866927,0.1457367788360991,0.15052753292382406
5.524000000000179,0.14272365936737672,0.15414402608273192,0.14576920861555004,0.15058042505044755
5.52500000000018,0.14272365873399812,0.1542041279593517,0.14580177735585353,0.15063367566449423
5.52600000000018,0.14272365811501,0.15426325561689994,0.1458344865430587,0.1506872871956874
5.52700000000018,0.14272365751058802,0.154321408445899,0.14586733766962295,0.1507412620902184
5.528000000000181,0.1427236569208969,0.15437858605075822,0.14590033223448012,0.15079560281085794
5.529000000000181,0.14272365634608924,0.15443478825151166,0.1459334717431089,0.15085031183706885
5.530000000000181,0.14272365578630408,0.15449001508555835,0.1459667577076014,0.15090539166511896
5.531000000000182,0.14272365524166594,0.1545442668094042,0.14600019164673234,0.15096084480819513
5.532000000000182,0.14272365471228282,0.1545975439004066,0.14603377508602813,0.1510166737965178
5.533000000000182,0.14272365419824537,0.15464984705852255,0.1460675095578367,0.15107288117745657
5.534000000000183,0.14272365369962484,0.15470117720805937,0.1461013966013972,0.1511294695156463
5.535000000000183,0.14272365321647187,0.15475153549942966,0.1461354377629104,0.15118644139310425
5.536000000000183,0.14272365274881443,0.15480092331090925,0.14616963459560917,0.15124379940934787
5.537000000000184,0.14272365229665634,0.15484934225040028,0.14620398865982934,0.15130154618151334
5.538000000000184,0.14272365185997526,0.15489679415719848,0.14623850152308088,0.15135968434447497
5.539000000000184,0.14272365143872107,0.15494328110376476,0.1462731747601195,0.15141821655096555
5.540000000000185,0.14272365103281348,0.15498880539750273,0.1463080099530185,0.15147714547169736
5.541000000000185,0.14272365064214024,0.15503336958254102,0.1463430086912408,0.15153647379548388
5.5420000000001854,0.14272365026655506,0.15507697644152146,0.14637817257171173,0.1515962042293627
5.543000000000186,0.142723649905875,0.15511962899739287,0.14641350319889157,0.15165633949871882
5.544000000000186,0.1427236495598787,0.1551613305152119,0.14644900218484905,0.15171688234740913
5.5450000000001864,0.14272364922830352,0.155202084503949,0.14648467114933478,0.15177783553788765
5.546000000000187,0.14272364891084346,0.1552418947183023,0.1465205117198551,0.15183920185133146
5.547000000000187,0.14272364860714618,0.15528076516051736,0.14655652553174647,0.1519009840877676
5.5480000000001874,0.14272364831681095,0.15531870008221477,0.14659271422825002,0.15196318506620096
5.549000000000188,0.1427236480393854,0.15535570398622434,0.14662907946058645,0.15202580762474277
5.550000000000188,0.14272364777436297,0.15539178162842698,0.14666562288803156,0.1520888546207402
5.5510000000001885,0.14272364752118008,0.15542693801960436,0.14670234617799177,0.15215232893090663
5.552000000000189,0.14272364727921316,0.15546117842729562,0.14673925100608035,0.15221623345145305
5.553000000000189,0.14272364704777563,0.15549450837766246,0.14677633905619372,0.15228057109822
5.5540000000001895,0.1427236468261147,0.15552693365736134,0.1468136120205884,0.15234534480681078
5.55500000000019,0.14272364661340836,0.15555846031542425,0.14685107159995825,0.15241055753272545
5.55600000000019,0.14272364640876212,0.15558909466514628,0.14688871950351196,0.1524762122514955
5.5570000000001905,0.1427236462112057,0.15561884328598238,0.1469265574490511,0.15254231195881965
5.558000000000191,0.14272364601968976,0.15564771302545022,0.1469645871630485,0.15260885967070079
5.559000000000191,0.14272364583308228,0.15567571100104183,0.147002810380727,0.15267585842358317
5.5600000000001915,0.14272364565016532,0.1557028446021424,0.14704122884613866,0.1527433112744913
5.561000000000192,0.14272364546963148,0.1557291214919558,0.1470798443122443,0.15281122130116934
5.562000000000192,0.14272364529008022,0.15575454960943802,0.14711865854099354,0.1528795916022214
5.5630000000001925,0.14272364511001454,0.1557791371712368,0.14715767330340512,0.15294842529725308
5.564000000000193,0.14272364492783693,0.15580289267363795,0.14719689037964775,0.1530177255270138
5.565000000000193,0.14272364474184632,0.15582582489451782,0.14723631155912137,0.15308749545353997
5.5660000000001935,0.1427236445502338,0.1558479428953018,0.14727593864053867,0.15315773826029944
5.567000000000194,0.14272364435107948,0.15586925602292756,0.14731577343200736,0.1532284571523366
5.568000000000194,0.14272364414234862,0.15588977391181397,0.1473558177511125,0.15329965535641885
5.5690000000001945,0.14272364392188758,0.15590950648583407,0.1473960734249995,0.15337133612118345
5.570000000000195,0.1427236436874212,0.15592846396029206,0.1474365422904575,0.1534435027172862
5.571000000000195,0.14272364343654795,0.15594665684390346,0.1474772261940031,0.15351615843755032
5.5720000000001955,0.1427236431667371,0.1559640959407785,0.14751812699196476,0.1535893065971168
5.573000000000196,0.14272364287532516,0.15598079235240736,0.14755924655056737,0.15366295053359583
5.574000000000196,0.14272364255951192,0.1559967574796472,0.1476005867460175,0.15373709360721888
5.5750000000001965,0.1427236422163576,0.15601200302470977,0.1476421494645889,0.15381173920099203
5.576000000000197,0.14272364184277905,0.15602654099314966,0.14768393660270862,0.1538868907208505
5.577000000000197,0.14272364143554642,0.15604038369585194,0.14772595006704356,0.1539625515958138
5.5780000000001975,0.14272364099128057,0.15605354375101874,0.14776819177458744,0.15403872527814247
5.579000000000198,0.14272364050644937,0.1560660340861538,0.14781066365274834,0.15411541524349542
5.580000000000198,0.14272363997736498,0.15607786794004497,0.14785336763943646,0.15419262499108852
5.5810000000001985,0.1427236394001811,0.15608905886474295,0.1478963056831528,0.1542703580438544
5.582000000000199,0.14272363877089017,0.1560996207275366,0.14793947974307786,0.15434861794860305
5.583000000000199,0.14272363808532093,0.1561095677129236,0.1479828917891611,0.15442740827618365
5.5840000000001995,0.14272363733913607,0.15611891432457567,0.14802654380221086,0.1545067326216476
5.5850000000002,0.14272363652783002,0.15612767538729835,0.14807043777398474,0.1545865946044126
5.5860000000002,0.14272363564672685,0.15613586604898405,0.14811457570728037,0.15466699786842755
5.5870000000002005,0.14272363469097896,0.1561435017825582,0.14815895961602696,0.1547479460823391
5.588000000000201,0.14272363365556492,0.15615059838791792,0.14820359152537704,0.15482944293965883
5.589000000000201,0.14272363253528889,0.15615717199386253,0.14824847347179895,0.1549114921589319
5.5900000000002015,0.14272363132477894,0.15616323906001572,0.1482936075031698,0.15499409748390675
5.591000000000202,0.1427236300184866,0.15616881637873853,0.1483389956788688,0.15507726268370575
5.592000000000202,0.1427236286106864,0.15617392107703332,0.14838464006987123,0.1551609915529973
5.5930000000002025,0.14272362709547584,0.15617857061843798,0.14843054275884307,0.15524528791216904
5.594000000000203,0.142723625466775,0.15618278280491055,0.14847670584023592,0.15533015560750202
5.595000000000203,0.14272362371832767,0.1561865757787028,0.14852313142038256,0.15541559851134626
5.5960000000002035,0.14272362184370174,0.15618996802422488,0.14856982161759308,0.15550162052229743
5.597000000000204,0.1427236198362907,0.15619297836989868,0.14861677856225158,0.1555882255653748
5.598000000000204,0.14272361768931502,0.15619562599000084,0.1486640043969133,0.15567541759220024
5.5990000000002045,0.14272361539582418,0.15619793040649566,0.14871150127640242,0.15576320058117854
5.600000000000205,0.1427236129486993,0.15619991149085727,0.1487592713679104,0.15585157853767903
5.601000000000205,0.14272361034065592,0.15620158946588145,0.14880731685109477,0.1559405554942182
5.6020000000002055,0.14272360756424696,0.1562029849074878,0.14885563991817874,0.15603013551064374
5.603000000000206,0.14272360461186726,0.1562041187465112,0.1489042427740511,0.1561203226743199
5.604000000000206,0.14272360147575722,0.15620501227048386,0.14895312763636687,0.15621112110031385
5.6050000000002065,0.14272359814800817,0.15620568712540825,0.1490022967356485,0.15630253493158344
5.606000000000207,0.1427235946205674,0.15620616531752013,0.14905175231538756,0.15639456833916635
5.607000000000207,0.14272359088524442,0.15620646921504353,0.14910149663214725,0.15648722552237027
5.6080000000002075,0.14272358693371737,0.15620662154993667,0.14915153195566525,0.15658051070896464
5.609000000000208,0.14272358275754027,0.15620664541963014,0.14920186056895735,0.15667442815537344
5.610000000000208,0.14272357834815105,0.15620656428875765,0.14925248476842154,0.15676898214686952
5.6110000000002085,0.1427235736968798,0.15620640199087935,0.1493034068639429,0.15686417699776994
5.612000000000209,0.1427235687949583,0.15620618273019846,0.14935462917899886,0.1569600170516331
5.613000000000209,0.14272356363352978,0.15620593108327177,0.14940615405076535,0.1570565066814566
5.6140000000002095,0.14272355820366012,0.15620567200071445,0.14945798383022338,0.1571536502898771
5.61500000000021,0.14272354913649968,0.1562053511387382,0.1495098136096814,0.15716016624037268
5.61600000000021,0.1427235527760161,0.15620503788539805,0.1495613384814479,0.15716672635408216
5.6170000000002105,0.14272359433741447,0.1562047320638822,0.14961256079650387,0.15717333093033095
5.618000000000211,0.1427236986449272,0.15620443350154384,0.14966348289202522,0.15717998027047322
5.619000000000211,0.1427238901339145,0.15620414202979363,0.1497141070914894,0.15718667467790556
5.6200000000002115,0.14272419285298446,0.15620385748399532,0.1497644357047815,0.15719341445808094
5.621000000000212,0.14272463046613162,0.15620357970336457,0.14981447102829953,0.1572001999185226
5.622000000000212,0.1427252262548914,0.15620330853087053,0.14986421534505923,0.15720703136883807
5.6230000000002125,0.14272600312050818,0.15620304381314057,0.1499136709247983,0.15721390912073333
5.624000000000213,0.14272698358611619,0.15620278540036778,0.1499628400240799,0.15722083348802696
5.625000000000213,0.14272818979893084,0.15620253314622087,0.15001172488639566,0.15722780478666457
5.6260000000002135,0.14272964353244835,0.15620228690775753,0.15006032774226802,0.15723482333473313
5.627000000000214,0.1427313661886534,0.15620204654533915,0.150108650809352,0.15724188945247553
5.628000000000214,0.142733378800232,0.15620181192254895,0.1501566962925364,0.15724900346230516
5.6290000000002145,0.1427357020327898,0.15620158290611208,0.15020446638404436,0.15725616568882061
5.630000000000215,0.14273835618707292,0.156201359365818,0.1502519632635335,0.15726337645882055
5.631000000000215,0.1427413612011914,0.15620114117444517,0.1502991890981952,0.15727063610131856
5.6320000000002155,0.1427447366528437,0.15620092820768777,0.1503461460428537,0.1572779449475582
5.633000000000216,0.1427485017615412,0.15620072034408475,0.15039283624006425,0.1572853033310281
5.634000000000216,0.14275267539083208,0.15620051746495042,0.1504392618202109,0.15729271158747715
5.6350000000002165,0.14275727605052363,0.15620031945430743,0.15048542490160374,0.15730017005492988
5.636000000000217,0.14276232189890217,0.15620012619882145,0.15053132759057558,0.15730767907370186
5.637000000000217,0.14276783074494984,0.1561999375877374,0.15057697198157802,0.15731523898641517
5.6380000000002175,0.14277382005055825,0.15619975351281778,0.15062236015727698,0.15732285013801411
5.639000000000218,0.14278030693273744,0.15619957386828265,0.15066749418864783,0.157330512875781
5.640000000000218,0.14278730816582053,0.15619939855075096,0.15071237613506977,0.15733822754935178
5.6410000000002185,0.1427948401836637,0.1561992274591838,0.15075700804441985,0.15734599451073222
5.642000000000219,0.14280291908183998,0.1561990604948289,0.15080139195316644,0.15735381411431384
5.643000000000219,0.14281156061982836,0.1561988975611668,0.15084552988646208,0.1573616867168902
5.6440000000002195,0.1428207802231964,0.15619873856385852,0.15088942385823595,0.15736961267767294
5.64500000000022,0.1428305929857768,0.15619858341069418,0.1509330758712857,0.1573775923583085
5.64600000000022,0.14284101367183813,0.1561984320115435,0.15097648791736898,0.15738562612289442
5.6470000000002205,0.1428520567182489,0.15619828427830731,0.15101966197729405,0.15739371433799593
5.648000000000221,0.14286373623663545,0.15619814012487052,0.1510626000210104,0.15740185737266277
5.649000000000221,0.14287606601553307,0.1561979994670558,0.15110530400769853,0.1574100555984459
5.6500000000002215,0.14288905952253114,0.15619786222257936,0.15114777588585943,0.15741830938941473
5.651000000000222,0.14290272990641167,0.15619772831100698,0.1511900175934033,0.15742661912217384
5.652000000000222,0.14291708999928165,0.1561975976537116,0.15123203105773825,0.15743498517588042
5.6530000000002225,0.1429321523186989,0.1561974701738322,0.15127381819585797,0.15744340793226144
5.654000000000223,0.14294792906979228,0.15619734579623312,0.15131538091442936,0.15745188777563107
5.655000000000223,0.14296443214737534,0.15619722444746487,0.1513567211098795,0.1574604250929083
5.6560000000002235,0.1429816731380545,0.15619710605572595,0.15139784066848214,0.15746902027363455
5.657000000000224,0.14299966332233152,0.15619699055082556,0.15143874146644382,0.15747767370999138
5.658000000000224,0.1430184136767006,0.15619687786414688,0.15147942536998946,0.15748638579681856
5.6590000000002245,0.1430379348757395,0.15619676792861203,0.15151989423544746,0.1574951569316318
5.660000000000225,0.14305823729419634,0.1561966606786472,0.15156014990933445,0.15750398751464117
5.661000000000225,0.14307933100907108,0.15619655605014923,0.1516001942284396,0.15751287794876925
5.6620000000002255,0.1431012258016921,0.15619645398045215,0.15164002901990828,0.15752182863966946
5.663000000000226,0.14312393115978833,0.15619635440829602,0.15167965610132558,0.15753083999574463
5.664000000000226,0.1431474562795573,0.15619625727379502,0.15171907728079917,0.15753991242816565
5.6650000000002265,0.1431718100677286,0.1561961625184073,0.1517582943570418,0.1575490463508902
5.666000000000227,0.14319700114362377,0.15619607008490513,0.15179730911945336,0.15755824218068165
5.667000000000227,0.14322303784121163,0.15619597991734613,0.1518361233482026,0.1575675003371281
5.6680000000002275,0.14324992821116106,0.15619589196104483,0.15187473881430827,0.1575768212426614
5.669000000000228,0.14327768002288965,0.1561958061625453,0.15191315727971993,0.15758620532257658
5.670000000000228,0.1433063007666089,0.15619572246959412,0.15195138049739845,0.15759565300505124
5.6710000000002285,0.1433357976553669,0.15619564083111442,0.15198941021139586,0.15760516472116493
5.672000000000229,0.1433661776270873,0.15619556119718012,0.152027248156935,0.15761474090491903
5.673000000000229,0.14339744734660598,0.15619548351899126,0.1520648960604887,0.15762438199325643
5.6740000000002295,0.1434296132077047,0.1561954077488493,0.15210235563985855,0.15763408842608145
5.67500000000023,0.14346268133514192,0.1561953338401338,0.15213962860425326,0.15764386064628008
5.67600000000023,0.14349665758668123,0.15619526174727918,0.15217671665436663,0.1576536990997399
5.6770000000002305,0.1435315475551175,0.15619519142575208,0.15221362148245518,0.1576636042353706
5.678000000000231,0.1435673565703,0.15619512283202924,0.1522503447724154,0.1576735765051246
5.679000000000231,0.14360408970115393,0.15619505592357621,0.1522868881998605,0.1576836163640174
5.6800000000002315,0.1436417517576986,0.15619499065882647,0.15232325343219694,0.15769372427014847
5.681000000000232,0.14368034729306448,0.15619492699716062,0.15235944212870048,0.15770390068472218
5.682000000000232,0.14371988060550686,0.1561948648988866,0.15239545594059184,0.1577141460720688
5.6830000000002325,0.14376035574041807,0.15619480432522012,0.15243129651111217,0.15772446089966569
5.684000000000233,0.14380177649233675,0.1561947452382657,0.1524669654755979,0.15773484563815862
5.685000000000233,0.1438441464069551,0.15619468760099808,0.15250246446155538,0.15774530076138327
5.6860000000002335,0.14388746878312397,0.1561946313772439,0.15253779508873522,0.15775582674638683
5.687000000000234,0.14393174667485512,0.15619457653166402,0.1525729589692061,0.15776642407344985
5.688000000000234,0.1439769828933213,0.15619452302973633,0.15260795770742844,0.15777709322610797
5.6890000000002345,0.144023180008854,0.1561944708377385,0.15264279290032742,0.15778783469117416
5.690000000000235,0.144070340352938,0.15619441992273173,0.15267746613736607,0.15779864895876086
5.691000000000235,0.1441184660202039,0.15619437025254443,0.15271197900061764,0.15780953652230234
5.6920000000002355,0.1441675588704178,0.15619432179575646,0.1527463330648378,0.15782049787857724
5.693000000000236,0.144217620530468,0.1561942745216835,0.15278052989753657,0.15783153352773113
5.694000000000236,0.14426865239634878,0.1561942284003621,0.15281457105904978,0.15784264397329958
5.6950000000002365,0.14432065563514135,0.15619418340253483,0.1528484581026103,0.1578538297222309
5.696000000000237,0.14437363118699134,0.15619413949963568,0.15288219257441887,0.15786509128490928
5.697000000000237,0.1444275797670836,0.15619409666377612,0.15291577601371467,0.15787642917517822
5.6980000000002375,0.14448250186761313,0.15619405486773094,0.1529492099528456,0.15788784391036395
5.699000000000238,0.1445383977597526,0.15619401408492498,0.15298249591733812,0.15789933601129885
5.700000000000238,0.14459526749561685,0.15619397428941953,0.15301563542596686,0.15791090600234545
5.7010000000002385,0.14465311091022282,0.15619393545589946,0.15304862999082403,0.15792255441142025
5.702000000000239,0.1447119276234464,0.1561938975596606,0.15308148111738829,0.15793428177001784
5.703000000000239,0.14477171704197464,0.15619386057659676,0.15311419030459344,0.15794608861323498
5.7040000000002395,0.14483247836125468,0.1561938244831881,0.15314675904489694,0.1579579754797953
5.70500000000024,0.14489421056743781,0.15619378925648872,0.15317918882434792,0.15796994291207375
5.70600000000024,0.14495691243931935,0.1561937548741148,0.15321148112265492,0.15798199145612124
5.7070000000002405,0.14502058255027434,0.15619372131423342,0.15324363741325356,0.15799412166168975
5.708000000000241,0.1450852192701885,0.15619368855555085,0.15327565916337363,0.15800633408225725
5.709000000000241,0.14515082076738442,0.15619365657730183,0.15330754783410613,0.15801862927505306
5.7100000000002415,0.14521738501054296,0.1561936253592381,0.15333930488046987,0.15803100780108317
5.711000000000242,0.14528490977062014,0.15619359488161835,0.15337093175147795,0.15804347022515602
5.712000000000242,0.14535339262275832,0.15619356512519716,0.15340242989020378,0.1580560171159081
5.7130000000002426,0.14542283094819303,0.15619353607121497,0.15343380073384696,0.15806864904582996
5.714000000000243,0.1454932219361541,0.15619350770138785,0.1534650457137989,0.1580813665912923
5.715000000000243,0.14556456258576167,0.1561934799978977,0.153496166255708,0.15809417033257225
5.7160000000002436,0.14563684970791665,0.15619345294338208,0.1535271637795449,0.15810706085388004
5.717000000000244,0.14571007992718638,0.1561934265209251,0.15355803969966708,0.15812003874338537
5.718000000000244,0.1457842496836838,0.15619340071404764,0.15358879542488352,0.1581331045932444
5.7190000000002446,0.1458593552349421,0.15619337550669807,0.15361943235851894,0.15814625899962684
5.720000000000245,0.1459353926577827,0.1561933508832435,0.1536499518984778,0.15815950256274297
5.721000000000245,0.14601235785017863,0.15619332682846016,0.15368035543730812,0.15817283588687114
5.722000000000246,0.1460902465331115,0.15619330332752535,0.15371064436226503,0.15818625958038537
5.723000000000246,0.14616905425242324,0.15619328036600813,0.153740820055374,0.15819977425578297
5.724000000000246,0.14624877638066164,0.15619325792986116,0.15377088389349405,0.1582133805297127
5.725000000000247,0.1463294081189207,0.15619323600541227,0.15380083724838034,0.1582270790230027
5.726000000000247,0.14641094449867498,0.156193214579356,0.15383068148674697,0.1582408703606889
5.727000000000247,0.14649338038360868,0.15619319363874593,0.1538604179703293,0.1582547551720436
5.728000000000248,0.1465767104714385,0.1561931731709861,0.15389004805594592,0.15826873409060407
5.729000000000248,0.1466609292957315,0.15619315316382373,0.1539195730955608,0.15828280775420156
5.730000000000248,0.14674603122771732,0.1561931336053412,0.15394899443634485,0.15829697680499027
5.731000000000249,0.14683201047809494,0.1561931144839486,0.15397831342073734,0.15831124188947684
5.732000000000249,0.14691886109883417,0.15619309578837617,0.15400753138650725,0.15832560365854967
5.733000000000249,0.14700657698497197,0.15619307750766684,0.15403664966681427,0.15834006276750873
5.73400000000025,0.14709515187640357,0.15619305963116936,0.15406566959026963,0.15835461987609536
5.73500000000025,0.1471845793596692,0.15619304214853094,0.15409459248099677,0.15836927564852255
5.73600000000025,0.1472748528697353,0.15619302504969024,0.15412341965869164,0.15838403075350502
5.737000000000251,0.14736596569177188,0.15619300832487049,0.15415215243868305,0.15839888586428988
5.738000000000251,0.14745791096292485,0.15619299196457287,0.1541807921319926,0.15841384165868738
5.739000000000251,0.1475506816740848,0.1561929759595698,0.1542093400453945,0.15842889881910166
5.740000000000252,0.14764427067165145,0.15619296030089824,0.15423779748147523,0.15844405803256206
5.741000000000252,0.14773867065929436,0.15619294497985364,0.154266165738693,0.15845931999075438
5.742000000000252,0.14783387419971047,0.15619292998798304,0.15429444611143692,0.15847468539005247
5.743000000000253,0.14792987371637814,0.1561929153170793,0.15432263989008613,0.15849015493155005
5.744000000000253,0.1480266614953088,0.15619290095917485,0.1543507483610686,0.15850572932109258
5.745000000000253,0.14812422968679517,0.15619288690653568,0.15437877280691994,0.15852140926930955
5.746000000000254,0.14822257030715846,0.15619287315165534,0.1544067145063418,0.1585371954916469
5.747000000000254,0.14832167524049214,0.15619285968724927,0.15443457473426028,0.15855308870839965
5.748000000000254,0.1484215362404055,0.15619284650624898,0.15446235476188414,0.15856908964474478
5.749000000000255,0.148522144931765,0.15619283360179656,0.15449005585676268,0.1585851990307743
5.750000000000255,0.14862349281243556,0.15619282096723902,0.15451767928284368,0.1586014176015286
5.751000000000255,0.14872557125502062,0.15619280859612306,0.15454522630053108,0.1586177460970299
5.752000000000256,0.1488283715086027,0.1561927964821896,0.15457269816674238,0.15863418526231604
5.753000000000256,0.148931884700484,0.15619278461936867,0.15460009613496614,0.15865073584747472
5.754000000000256,0.149036101837928,0.15619277300177412,0.15462742145531908,0.15866739860767728
5.755000000000257,0.1491410138099019,0.15619276162369894,0.15465467537460303,0.1586841743032135
5.756000000000257,0.14924661138882084,0.15619275047961007,0.1546818591363621,0.1587010636995262
5.757000000000257,0.14935288523229434,0.1561927395641434,0.15470897398093908,0.15871806756724602
5.758000000000258,0.14945982588487478,0.15619272887209962,0.15473602114553234,0.1587351866822269
5.759000000000258,0.149567423779809,0.1561927183984391,0.15476300186425207,0.15875242182558114
5.760000000000258,0.14967566924079345,0.15619270813827724,0.15478991736817668,0.1587697737837153
5.761000000000259,0.14978455248373276,0.1561926980868806,0.15481676888540893,0.1587872433483659
5.762000000000259,0.1498940636185027,0.156192688239662,0.15484355764113203,0.15880483131663561
5.763000000000259,0.1500041926507176,0.15619267859217656,0.15487028485766546,0.1588225384910297
5.76400000000026,0.1501149294835033,0.15619266914011729,0.1548969517545208,0.15884036567949253
5.76500000000026,0.1502262639192749,0.1561926598793112,0.1549235595484574,0.15885831369544448
5.76600000000026,0.1503381856615209,0.1561926508057153,0.1549501094535378,0.1588763833578191
5.767000000000261,0.1504506843165934,0.15619264191541266,0.1549766026811832,0.15889457549110036
5.768000000000261,0.15056374939550488,0.15619263320460858,0.15500304044022875,0.1589128909253604
5.769000000000261,0.15067737031573222,0.15619262466962694,0.15502942393697863,0.15893133049629735
5.770000000000262,0.15079153640302795,0.1561926163069067,0.15505575437526115,0.1589498950452734
5.771000000000262,0.1509062368932387,0.15619260811299807,0.15508203295648368,0.15896858541935333
5.772000000000262,0.15102146093413257,0.1561926000845594,0.1551082608796874,0.15898740247134296
5.773000000000263,0.1511371975872337,0.1561925922183537,0.15513443934160215,0.1590063470598283
5.774000000000263,0.15125343582966638,0.1561925845112454,0.15516056953670085,0.15902542004921455
5.775000000000263,0.15137016455600655,0.15619257696019717,0.1551866526572542,0.15904462230976563
5.776000000000264,0.15148737258014353,0.15619256956226724,0.15521268989338488,0.15906395471764379
5.777000000000264,0.15160504863714994,0.1561925623146058,0.15523868243312203,0.15908341815494972
5.778000000000264,0.1517231813851609,0.1561925552144526,0.1552646314624553,0.1591030135097627
5.779000000000265,0.15184175940726283,0.1561925482591342,0.15529053816538912,0.15912274167618112
5.780000000000265,0.1519607712133912,0.15619254144606098,0.1553164037239966,0.15914260355436338
5.781000000000265,0.15208020524223764,0.1561925347727249,0.15534222931847355,0.15916260005056884
5.782000000000266,0.15220004986316665,0.15619252823669696,0.15536801612719228,0.1591827320771993
5.783000000000266,0.15232029337814074,0.15619252183562476,0.15539376532675533,0.1592030005528404
5.784000000000266,0.1524409240236558,0.15619251556723018,0.15541947809204928,0.1592234064023038
5.785000000000267,0.15256192997268442,0.15619250942930737,0.15544515559629826,0.15924395055666932
5.786000000000267,0.15268329933662805,0.1561925034197205,0.15547079901111746,0.15926463395332716
5.787000000000267,0.15280502016727848,0.1561924975364021,0.1554964095065667,0.15928545753602108
5.788000000000268,0.15292708045878614,0.15619249177735078,0.15552198825120375,0.1593064222548912
5.789000000000268,0.15304946814963752,0.15619248614063003,0.15554753641213762,0.15932752906651737
5.790000000000268,0.15317217112463882,0.15619248062436591,0.15557305515508182,0.1593487789339629
5.791000000000269,0.15329517721690755,0.15619247522674617,0.15559854564440764,0.15937017282681848
5.792000000000269,0.1534184742098702,0.15619246994601843,0.15562400904319715,0.15939171172124628
5.793000000000269,0.1535420498392654,0.15619246478048893,0.15564944651329637,0.1594133966000248
5.79400000000027,0.15366589179515297,0.15619245972852144,0.15567485921536825,0.15943522845259342
5.79500000000027,0.1537899877239275,0.1561924547885363,0.15570024830894558,0.15945720827509763
5.79600000000027,0.15391432523033557,0.15619244995900908,0.155725614952484,0.15947933707043457
5.797000000000271,0.15403889187949635,0.15619244523847017,0.15575096030341473,0.15950161584829872
5.798000000000271,0.15416367519892457,0.15619244062550383,0.1557762855181975,0.15952404562522787
5.799000000000271,0.15428866268055494,0.15619243611874778,0.15580159175237324,0.15954662742464978
5.800000000000272,0.15441384178276688,0.15619243171689248,0.15582688016061685,0.15956936227692856
5.801000000000272,0.15453919993240947,0.1561924274186812,0.15585215189678983,0.15959225121941187
5.802000000000272,0.15466472452682425,0.15619242322290958,0.15587740811399303,0.15961529529647825
5.803000000000273,0.15479040293586568,0.15619241912842569,0.1559026499646191,0.15963849555958465
5.804000000000273,0.1549162225039188,0.15619241513413,0.1559278786004053,0.1596618530673146
5.805000000000273,0.15504217055191047,0.15619241123897595,0.1559530951724858,0.15968536888542628
5.806000000000274,0.15516823437931596,0.15619240744197005,0.1559783008314444,0.1597090440869014
5.807000000000274,0.15529440126615765,0.15619240374217247,0.15600349672736696,0.15973287975199393
5.808000000000274,0.155420658474995,0.15619240013869803,0.1560286840098938,0.1597568769682795
5.809000000000275,0.15554699325290455,0.15619239663071677,0.15605386382827233,0.15978103683070505
5.810000000000275,0.15567339283344808,0.15619239321745504,0.1560790373314093,0.15980536044163873
5.811000000000275,0.15579984443862885,0.1561923898981969,0.15610420566792332,0.1598298489109202
5.812000000000276,0.1559263352808316,0.15619238667228535,0.15612936998619728,0.15985450335591128
5.813000000000276,0.1560528525647482,0.15619238353912368,0.15615453143443073,0.15987932490154702
5.814000000000276,0.15617938348928395,0.15619238049817777,0.15617969116069225,0.15990431468038685
5.815000000000277,0.15630591524944576,0.15619237754897747,0.15620485031297188,0.1599294738326665
5.816000000000277,0.1564324351198545,0.1561923746902304,0.15623001003923342,0.15995480350634972
5.817000000000277,0.15655893054000644,0.15619237191891897,0.1562551714874669,0.15998030485718093
5.818000000000278,0.15668538902932544,0.15619236923125124,0.15628033580574088,0.16000597904873778
5.819000000000278,0.15681179810380313,0.1561923666235883,0.15630550414225491,0.16003182725248438
5.820000000000278,0.15693814527786304,0.15619236409243997,0.15633067764539185,0.16005785064782463
5.821000000000279,0.15706441806623553,0.15619236163446015,0.15635585746377037,0.16008405042215612
5.822000000000279,0.1571906039858462,0.15619235924644265,0.15638104474629724,0.16011042777092427
5.823000000000279,0.15731669055771663,0.1561923569253167,0.1564062406422198,0.16013698389767686
5.82400000000028,0.15744266530887796,0.15619235466814252,0.15643144630117842,0.16016372001411897
5.82500000000028,0.1575685157742985,0.1561923524721073,0.15645666287325893,0.1601906373401683
5.82600000000028,0.15769422949882392,0.1561923503345208,0.15648189150904512,0.16021773710401074
5.827000000000281,0.15781979403913202,0.15619234825281147,0.1565071333596712,0.1602450205421565
5.828000000000281,0.15794519696570067,0.15619234622452222,0.15653238957687438,0.16027248889949652
5.829000000000281,0.15807042586478967,0.15619234424730655,0.15655766131304735,0.16030014342935917
5.830000000000282,0.15819546834043643,0.15619234231892462,0.15658294972129094,0.1603279853935676
5.831000000000282,0.1583203120164653,0.15619234043723962,0.15660825595546668,0.1603560160624972
5.832000000000282,0.15844494453850996,0.1561923386002139,0.15663358117024945,0.16038423671513358
5.833000000000283,0.15856935357604993,0.15619233680590516,0.1566589265211802,0.1604126486391309
5.834000000000283,0.15869352682445945,0.15619233505246338,0.1566842931647186,0.1604412531308708
5.835000000000283,0.15881745200706895,0.15619233333812696,0.15670968225829596,0.1604700514955213
5.836000000000284,0.15894111687724036,0.1561923316612196,0.15673509496036783,0.16049904504709644
5.837000000000284,0.1590645092204523,0.15619233002014676,0.15676053243046706,0.16052823510851638
5.838000000000284,0.1591876168563987,0.15619232841339278,0.1567859958292566,0.1605576230116676
5.839000000000285,0.159310427641098,0.15619232683951761,0.1568114863185824,0.16058721009746368
5.840000000000285,0.15943292946901244,0.1561923252971538,0.15683700506152662,0.1606169977159066
5.841000000000285,0.15955511027517869,0.15619232378500372,0.15686255322246048,0.16064698722614815
5.842000000000286,0.15967695803734677,0.15619232230183658,0.15688813196709753,0.16067717999655212
5.843000000000286,0.15979846077812884,0.15619232084648593,0.15691374246254677,0.1607075774047567
5.844000000000286,0.1599196065671562,0.1561923194178468,0.15693938587736597,0.16073818083773725
5.845000000000287,0.16004038352324346,0.15619231801487324,0.15696506338161495,0.16076899169186973
5.846000000000287,0.16016077981656054,0.15619231663657587,0.1569907761469089,0.1608000113729942
5.847000000000287,0.16028078367081058,0.1561923152820197,0.15701652534647195,0.16083124129647924
5.848000000000288,0.16040038336541348,0.1561923139503215,0.15704231215519068,0.16086268288728625
5.849000000000288,0.16051956723769467,0.1561923126406479,0.15706813774966763,0.16089433758003469
5.850000000000288,0.16063832368507802,0.15619231135221318,0.15709400330827514,0.1609262068190674
5.851000000000289,0.16075664116728205,0.1561923100842772,0.15711991001120895,0.16095829205851664
5.852000000000289,0.16087450820851912,0.15619230883614366,0.15714585904054224,0.16099059476237024
5.853000000000289,0.16099191339969665,0.156192307607158,0.15717185158027935,0.16102311640453856
5.85400000000029,0.16110884540061943,0.15619230639670567,0.15719788881641003,0.1610558584689218
5.85500000000029,0.16122529294219287,0.15619230520421062,0.15722397193696336,0.1610888224494774
5.85600000000029,0.16134124482862564,0.1561923040291335,0.1572501021320621,0.16112200985028857
5.857000000000291,0.16145668993963191,0.15619230287097013,0.15727628059397683,0.16115542218563272
5.858000000000291,0.16157161723263117,0.15619230172924994,0.15730250851718058,0.1611890609800506
5.859000000000291,0.16168601574494698,0.15619230060353487,0.1573287870984031,0.1612229277684157
5.860000000000292,0.1617998745960016,0.15619229949341754,0.1573551175366856,0.1612570240960047
5.861000000000292,0.1619131829895077,0.15619229839852036,0.15738150103343548,0.16129135151856752
5.862000000000292,0.16202593021565548,0.15619229731849407,0.15740793879248102,0.16132591160239856
5.863000000000293,0.16213810565329512,0.15619229625301684,0.15743443202012644,0.16136070592440813
5.864000000000293,0.16224969877211334,0.1561922952017928,0.15746098192520683,0.16139573607219432
5.865000000000293,0.16236069913480441,0.15619229416455138,0.15748758971914342,0.16143100364411556
5.866000000000294,0.1624710963992342,0.15619229314104588,0.1575142566159988,0.16146651024936345
5.867000000000294,0.162580880320597,0.15619229213105298,0.15754098383253223,0.16150225750803623
5.868000000000294,0.16269004075356525,0.15619229113437158,0.1575677725882553,0.1615382470512127
5.869000000000295,0.16279856765443043,0.15619229015082192,0.15759462410548755,0.1615744805210266
5.870000000000295,0.16290645108323623,0.15619228918024494,0.15762153960941214,0.16161095957074165
5.871000000000295,0.1630136812059017,0.15619228822250145,0.15764852032813187,0.16164768586482686
5.872000000000296,0.1631202482963367,0.15619228727747145,0.15767556749272513,0.1616846610790325
5.873000000000296,0.1632261427385459,0.15619228634505322,0.15770268233730214,0.1617218869004667
5.874000000000296,0.16333135502872448,0.15619228542516303,0.1577298660990612,0.16175936502767216
5.875000000000297,0.16343587577734223,0.15619228451773431,0.15775712001834516,0.16179709717070387
5.876000000000297,0.16353969571121824,0.15619228362271717,0.15778444533869806,0.16183508505120714
5.877000000000297,0.16364280567558442,0.15619228274007785,0.15781184330692183,0.161873330402496
5.878000000000298,0.1637451966361382,0.15619228186979806,0.15783931517313315,0.16191183496963246
5.879000000000298,0.16384685968108445,0.15619228101187468,0.15786686219082055,0.16195060050950597
5.880000000000298,0.16394778602316604,0.15619228016631934,0.15789448561690156,0.16198962879091372
5.881000000000299,0.16404796700168336,0.1561922793331577,0.15792218671178007,0.16202892159464125
5.882000000000299,0.16414739408450274,0.1561922785124295,0.1579499667394039,0.1620684807135438
5.883000000000299,0.16424605887005336,0.15619227770418742,0.15797782696732238,0.162108307952628
5.8840000000003,0.1643439530893129,0.15619227690849774,0.15800576866674423,0.1621484051291344
5.8850000000003,0.16444106860778224,0.156192276125439,0.15803379311259558,0.1621887740726201
5.8860000000003,0.16453739742744877,0.15619227535510233,0.15806190158357805,0.16222941662504256
5.887000000000301,0.1646329316887386,0.15619227459759077,0.15809009536222723,0.16227033464084337
5.888000000000301,0.16472766367245784,0.15619227385301912,0.15811837573497117,0.16231152998703313
5.889000000000301,0.16482158580172315,0.15619227312151368,0.15814674399218895,0.16235300454327636
5.890000000000302,0.16491469064388148,0.1561922724032117,0.15817520142826968,0.16239476020197746
5.891000000000302,0.1650069709124189,0.15619227169826141,0.15820374934167158,0.16243679886836698
5.892000000000302,0.1650984194688602,0.1561922710068216,0.1582323890349811,0.16247912246058857
5.893000000000303,0.16518902932465687,0.1561922703290612,0.1582611218149725,0.1625217329097865
5.894000000000303,0.16527879364306652,0.15619226966515948,0.1582899489926674,0.16256463216019382
5.895000000000303,0.1653677057410217,0.15619226901530528,0.15831887188339455,0.16260782216922093
5.896000000000304,0.1654557590909898,0.15619226837969696,0.15834789180684994,0.16265130490754504
5.897000000000304,0.16554294732282385,0.15619226775854222,0.158377010087157,0.16269508235920008
5.898000000000304,0.16562926422560403,0.1561922671520577,0.1584062280529269,0.16273915652166707
5.899000000000305,0.1657147037494711,0.15619226656046875,0.15843554703731938,0.1627835294059655
5.900000000000305,0.16579926000745146,0.15619226598400918,0.1584649683781034,0.1628282030367448
5.901000000000305,0.16588292727727383,0.15619226542292108,0.1584944934177183,0.16287317945237714
5.902000000000306,0.16596570000317903,0.1561922648774542,0.15852412350333492,0.16291846070504992
5.903000000000306,0.16604757279772195,0.15619226434786612,0.15855385998691723,0.16296404886085986
5.904000000000306,0.16612854044356654,0.15619226383442147,0.15858370422528387,0.16300994599990695
5.905000000000307,0.16620859789527453,0.156192263337392,0.15861365758017015,0.16305615421638953
5.906000000000307,0.16628774028108767,0.15619226285705604,0.15864372141829017,0.16310267561869987
5.907000000000307,0.16636596290470362,0.1561922623936982,0.15867389711139915,0.1631495123295202
5.908000000000308,0.16644326124704706,0.15619226194760902,0.15870418603635605,0.16319666648591982
5.909000000000308,0.16651963096803482,0.15619226151908447,0.15873458957518635,0.16324414023945227
5.910000000000308,0.1665950679083365,0.15619226110842585,0.15876510911514521,0.16329193575625386
5.911000000000309,0.16666956809113037,0.15619226071593878,0.15879574604878063,0.1633400552171423
5.912000000000309,0.16674312772385513,0.15619226034193348,0.15882650177399707,0.16338850081771614
5.913000000000309,0.16681574319995782,0.15619225998672365,0.15885737769411926,0.16343727476845518
5.91400000000031,0.16688741110063843,0.15619225965062636,0.15888837521795615,0.1634863792948212
5.91500000000031,0.1669581281965908,0.15619225933396133,0.15891949575986528,0.16353581663735947
5.91600000000031,0.16702789144974126,0.15619225903705053,0.1589507407398172,0.16358558905180098
5.917000000000311,0.1670966980149849,0.15619225876021706,0.15898211158346037,0.1636356988091655
5.918000000000311,0.16716454524191923,0.15619225850378538,0.1590136097221862,0.1636861481958651
5.919000000000311,0.16723143067657645,0.15619225826807986,0.1590452365931943,0.16373693951380844
5.920000000000312,0.1672973520631543,0.15619225805342438,0.15907699363955807,0.16378807508050583
5.921000000000312,0.16736230734574584,0.15619225786014165,0.15910888231029058,0.16383955722917504
5.922000000000312,0.16742629467006853,0.1561922576885521,0.15914090406041065,0.1638913883088477
5.923000000000313,0.16748931238519255,0.15619225753897337,0.15917306035100925,0.16394357068447643
5.924000000000313,0.16755135904527008,0.15619225741171913,0.15920535264931626,0.16399610673704296
5.925000000000313,0.16761243341126372,0.15619225730709832,0.15923778242876724,0.16404899886366647
5.926000000000314,0.16767253445267627,0.15619225722541405,0.15927035116907076,0.16410224947771318
5.927000000000314,0.16773166134928172,0.1561922571669626,0.15930306035627595,0.1641558610089064
5.928000000000314,0.16778981349285668,0.15619225713203222,0.1593359114828402,0.16420983590343735
5.929000000000315,0.16784699048891397,0.156192257120902,0.15936890604769738,0.16426417662407689
5.930000000000315,0.16790319215843885,0.1561922571338407,0.15940204555632614,0.1643188856502878
5.931000000000315,0.16795841853962637,0.15619225717110516,0.15943533152081868,0.16437396547833794
5.932000000000316,0.16801266988962216,0.15619225723293947,0.15946876545994962,0.1644294186214141
5.933000000000316,0.16806594668626593,0.156192257319573,0.15950234889924542,0.16448524760973676
5.934000000000316,0.1681182496298386,0.15619225743121912,0.159536083371054,0.16454145499067552
5.935000000000317,0.1681695796448124,0.15619225756807378,0.15956997041461451,0.1645980433288653
5.936000000000317,0.16821993788160583,0.15619225773031348,0.15960401157612772,0.16465501520632325
5.937000000000317,0.168269325718342,0.15619225791809385,0.15963820840882648,0.16471237322256688
5.938000000000318,0.16831774476261208,0.15619225813154783,0.15967256247304665,0.16477011999473232
5.939000000000318,0.1683651968532435,0.1561922583707835,0.1597070753362982,0.16482825815769395
5.940000000000318,0.16841168406207346,0.15619225863588268,0.15974174857333684,0.16488679036418458
5.941000000000319,0.16845720869572745,0.15619225892689814,0.15977658376623582,0.16494571928491636
5.942000000000319,0.16850177329740423,0.15619225924385233,0.15981158250445815,0.16500504760870288
5.943000000000319,0.168545380648666,0.1561922595867343,0.15984674638492907,0.1650647780425817
5.94400000000032,0.1685880337712358,0.1561922599554981,0.15988207701210894,0.16512491331193785
5.94500000000032,0.1686297359288006,0.15619226035006004,0.15991757599806644,0.16518545616062819
5.94600000000032,0.16867049062882192,0.15619226077029633,0.15995324496255217,0.1652464093511067
5.947000000000321,0.16871030162435266,0.15619226121604068,0.1599890855330725,0.16530777566455052
5.948000000000321,0.1687491729158618,0.1561922616870813,0.1600250993449639,0.16536955790098667
5.949000000000321,0.16878710875306624,0.15619226218315851,0.16006128804146746,0.16543175887942008
5.950000000000322,0.16882411363677025,0.15619226270396194,0.16009765327380393,0.1654943814379619
5.951000000000322,0.16886019232071267,0.15619226324912738,0.16013419670124907,0.16555742843395937
5.952000000000322,0.1688953498134218,0.1561922638182341,0.1601709199912093,0.16562090274412583
5.953000000000323,0.1689295913800782,0.15619226441080158,0.16020782481929788,0.16568480726467225
5.954000000000323,0.16896292254438613,0.15619226502628666,0.16024491286941125,0.1657491449114392
5.955000000000323,0.16899534909045194,0.15619226566407995,0.16028218583380596,0.16581391862003
5.956000000000324,0.16902687706467168,0.15619226632350308,0.1603196454131758,0.16587913134594467
5.957000000000324,0.1690575127776256,0.1561922670038047,0.16035729331672954,0.16594478606471472
5.958000000000324,0.16908726280598185,0.15619226770415773,0.1603951312622687,0.16601088577203893
5.959000000000325,0.1691161339944071,0.1561922684236554,0.16043316097626611,0.16607743348392007
5.960000000000325,0.1691441334574853,0.15619226916130788,0.1604713841939446,0.16614443223680245
5.961000000000325,0.1691712685816443,0.15619226991603877,0.16050980265935627,0.1662118850877106
5.962000000000326,0.16919754702708922,0.15619227068668134,0.16054841812546192,0.16627979511438862
5.963000000000326,0.16922297672974376,0.15619227147197481,0.16058723235421116,0.16634816541544067
5.964000000000326,0.16924756590319787,0.15619227227056076,0.16062624711662274,0.16641699911047236
5.965000000000327,0.16927132304066192,0.15619227308097916,0.1606654641928654,0.1664862993402331
5.966000000000327,0.16929425691692768,0.15619227390166482,0.160704885372339,0.16655606926675928
5.967000000000327,0.1693163765903344,0.15619227473094338,0.16074451245375634,0.16662631207351877
5.968000000000328,0.16933769140474056,0.15619227556702747,0.16078434724522503,0.16669703096555594
5.969000000000328,0.16935821099150067,0.15619227640801314,0.16082439156433018,0.16676822916963818
5.970000000000328,0.1693779452714462,0.15619227725187562,0.16086464723821717,0.16683990993440279
5.971000000000329,0.16939690445687036,0.1561922780964658,0.16090511610367517,0.16691207653050555
5.972000000000329,0.16941509905351623,0.1561922789395063,0.16094580000722078,0.16698473225076965
5.973000000000329,0.16943253986256793,0.15619227977858777,0.16098670080518246,0.16705788041033617
5.97400000000033,0.16944923798264247,0.15619228061116494,0.1610278203637851,0.16713152434681522
5.97500000000033,0.16946520481178493,0.15619228143455335,0.16106916055923526,0.1672056674204383
5.97600000000033,0.16948045204946283,0.1561922822459252,0.16111072327780665,0.16728031301421145
5.977000000000331,0.169494991698561,0.1561922830423062,0.16115251041592638,0.1673554645340699
5.978000000000331,0.16950883606737566,0.15619228382057182,0.16119452388026131,0.1674311254090332
5.979000000000331,0.1695219977716075,0.15619228457744408,0.1612367655878052,0.1675072990913619
5.980000000000332,0.16953448973635202,0.15619228530948803,0.1612792374659661,0.16758398905671484
5.981000000000332,0.16954632519808727,0.156192286013109,0.16132194145265424,0.167661198804308
5.982000000000332,0.1695575177066582,0.156192286684549,0.1613648794963706,0.1677389318570739
5.983000000000333,0.16956808112725655,0.15619228731988422,0.16140805355629567,0.16781719176182253
5.984000000000333,0.16957802964239566,0.1561922879150221,0.1614514656023789,0.16789598208940312
5.985000000000333,0.16958737775388014,0.15619228846569894,0.1614951176154287,0.16797530643486713
5.986000000000334,0.1695961402847686,0.1561922889674771,0.1615390115872026,0.16805516841763216
5.987000000000334,0.16960433238133,0.1561922894157432,0.16158314952049824,0.1681355716816471
5.988000000000334,0.1696119695149922,0.15619228980570593,0.16162753342924482,0.16821651989555866
5.989000000000335,0.16961906748428268,0.15619229013239425,0.1616721653385949,0.1682980167528784
5.990000000000335,0.1696256424167602,0.15619229039065588,0.16171704728501685,0.1683800659721515
5.991000000000335,0.1696317107709383,0.15619229057515605,0.1617621813163877,0.16846267129712633
5.992000000000336,0.16963728933819827,0.15619229068037638,0.1618075694920867,0.16854583649692534
5.993000000000336,0.16964239524469268,0.1561922907006142,0.16185321388308915,0.16862956536621695
5.994000000000336,0.169647045953239,0.1561922906299821,0.16189911657206102,0.16871386172538871
5.995000000000337,0.16965125926520197,0.15619229046240773,0.16194527965345387,0.1687987294207217
5.996000000000337,0.16965505332236588,0.15619229019163416,0.1619917052336005,0.16888417232456593
5.997000000000337,0.1696584466087954,0.15619228981122027,0.16203839543081103,0.16897019433551708
5.998000000000338,0.16966145795268542,0.15619228931454174,0.16208535237546953,0.16905679937859447
5.999000000000338,0.16966410652820005,0.15619228869479232,0.16213257821013125,0.1691439914054199
6.000000000000338,0.16966641185729966,0.15619228794498552,0.16218007508962037,0.16923177439439824
6.001000000000339,0.16966839381155785,0.15619228705795685,0.16222784518112834,0.16932015235089873
6.002000000000339,0.16967007261396583,0.15619228602636617,0.16227589066431272,0.16940912930743787
6.003000000000339,0.16967146884072745,0.1561922848427009,0.16232421373139672,0.16949870932386346
6.00400000000034,0.16967260342304188,0.15619228349927938,0.16237281658726907,0.1695888964875396
6.00500000000034,0.16967349764887682,0.15619228198825502,0.16242170144958487,0.16967969491353357
6.00600000000034,0.1696741731647306,0.15619228030162072,0.1624708705488665,0.1697711087448032
6.007000000000341,0.1696746519773848,0.15619227843121405,0.1625203261286056,0.16986314215238613
6.008000000000341,0.1696749564556467,0.15619227636872268,0.1625700704453653,0.16995579933559007
6.009000000000341,0.16967510933208252,0.1561922741056909,0.16262010576888333,0.17004908452218448
6.010000000000342,0.1696751337047417,0.15619227163352628,0.16267043438217543,0.1701430019685933
6.011000000000342,0.16967505303887276,0.15619226894350724,0.16272105858163965,0.17023755596008938
6.012000000000342,0.16967489116863074,0.1561922660267914,0.16277198067716103,0.17033275081098986
6.013000000000343,0.16967467229877717,0.1561922628744242,0.162823202992217,0.170428590864853
6.014000000000343,0.16967442100637276,0.1561922594773487,0.16287472786398352,0.17052508049467655
6.015000000000343,0.16967416224246315,0.15619225582641608,0.16292655764344158,0.17062222410309708
6.016000000000344,0.16967384208297354,0.15619225164873315,0.16297838742289963,0.17062874005359266
6.017000000000344,0.16967352953423295,0.1561922599950511,0.16302991229466615,0.17063530016730216
6.018000000000344,0.1696732244190903,0.15619230608455967,0.16308113460972215,0.17064190474355098
6.019000000000345,0.1696729265645843,0.1561924147454344,0.1631320567052435,0.17064855408369323
6.020000000000345,0.16967263580183384,0.1561926104169534,0.16318268090470772,0.1706552484911256
6.021000000000345,0.16967235196593242,0.1561929171516315,0.16323300951799985,0.170661988271301
6.022000000000346,0.16967207489584488,0.15619335861737174,0.16328304484151787,0.17066877373174263
6.023000000000346,0.16967180443430827,0.15619395809963071,0.1633327891582776,0.17067560518205813
6.024000000000346,0.16967154042773455,0.15619473850359608,0.16338224473801669,0.17068248293395338
6.025000000000347,0.16967128272611717,0.15619572235637552,0.1634314138372983,0.17068940730124704
6.026000000000347,0.16967103118293997,0.1561969318091944,0.16348029869961409,0.17069637859988462
6.027000000000347,0.16967078565508853,0.15619838863960045,0.16352890155548647,0.1707033971479532
6.028000000000348,0.16967054600276485,0.15620011425367591,0.16357722462257043,0.17071046326569558
6.029000000000348,0.16967031208940392,0.1562021296882527,0.16362527010575484,0.17071757727552522
6.030000000000348,0.16967008378159285,0.15620445561313256,0.1636730401972628,0.17072473950204067
6.031000000000349,0.16966986094899253,0.15620711233330828,0.16372053707675194,0.1707319502720406
6.032000000000349,0.16966964346426153,0.15621011979118699,0.16376776291141365,0.1707392099145386
6.033000000000349,0.169669431202982,0.156213497568813,0.16381471985607216,0.17074651876077823
6.03400000000035,0.16966922404358772,0.15621726489009058,0.1638614100532827,0.1707538771442481
6.03500000000035,0.16966902186729466,0.15622144062300447,0.16390783563342934,0.17076128540069715
6.03600000000035,0.16966882455803248,0.1562260432818386,0.1639539987148222,0.17076874386814989
6.037000000000351,0.16966863200237933,0.15623109102939162,0.16399990140379403,0.17077625288692183
6.038000000000351,0.1696684440894973,0.15623660167918874,0.1640455457947965,0.17078381279963517
6.039000000000351,0.1696682607110702,0.15624259269768961,0.16409093397049548,0.17079142395123414
6.040000000000352,0.16966808176124315,0.15624908120649153,0.16413606800186634,0.170799086689001
6.041000000000352,0.16966790713656357,0.15625608398452726,0.16418094994828827,0.1708068013625718
6.042000000000352,0.16966773673592364,0.15626361747025813,0.1642255818576384,0.17081456832395223
6.043000000000353,0.1696675704605052,0.1562716977638608,0.16426996576638497,0.17082238792753388
6.044000000000353,0.16966740821372478,0.1562803406294084,0.1643141036996806,0.17083026053011016
6.045000000000353,0.1696672499011815,0.15628956149704573,0.16435799767145448,0.17083818649089294
6.046000000000354,0.16966709543060518,0.15629937546515757,0.16440164968450427,0.1708461661715285
6.047000000000354,0.16966694471180685,0.1563097973025315,0.16444506173058754,0.17085419993611442
6.048000000000354,0.16966679765662987,0.15632084145051345,0.1644882357905126,0.17086228815121593
6.049000000000355,0.16966665417890237,0.15633252202515746,0.16453117383422894,0.17087043118588272
6.050000000000355,0.16966651419439174,0.15634485281936863,0.1645738778209171,0.17087862941166587
6.051000000000355,0.16966637762075906,0.1563578473050399,0.16461634969907796,0.17088688320263468
6.052000000000356,0.16966624437751587,0.15637151863518234,0.16465859140662184,0.17089519293539376
6.053000000000356,0.16966611438598136,0.15638587964604955,0.16470060487095678,0.17090355898910034
6.054000000000356,0.16966598756924098,0.15640094285925557,0.1647423920090765,0.17091198174548133
6.055000000000357,0.16966586385210597,0.15641672048388738,0.1647839547276479,0.17092046158885096
6.056000000000357,0.16966574316107397,0.15643322441861118,0.16482529492309803,0.17092899890612817
6.057000000000357,0.16966562542429087,0.15645046625377312,0.16486641448170067,0.1709375940868544
6.058000000000358,0.1696655105715132,0.15646845727349515,0.16490731527966238,0.17094624752321128
6.059000000000358,0.16966539853407178,0.156487208457765,0.16494799918320802,0.17095495961003843
6.060000000000358,0.1696652892448364,0.15650673048452163,0.16498846804866601,0.1709637307448517
6.061000000000359,0.1696651826381811,0.15652703373173565,0.165028723722553,0.17097256132786104
6.062000000000359,0.16966507864995042,0.15654812827948528,0.16506876804165815,0.17098145176198912
6.063000000000359,0.16966497721742663,0.15657002391202796,0.16510860283312684,0.1709904024528893
6.06400000000036,0.16966487827929763,0.15659273011986777,0.16514822991454414,0.17099941380896444
6.06500000000036,0.16966478177562605,0.15661625610181898,0.16518765109401776,0.17100848624138548
6.06600000000036,0.16966468764781828,0.15664061076706556,0.1652268681702604,0.17101762016411007
6.067000000000361,0.16966459583859522,0.15666580273721772,0.16526588293267197,0.17102681599390152
6.068000000000361,0.16966450629196336,0.15669184034836472,0.1653046971614212,0.17103607415034794
6.069000000000361,0.16966441895318635,0.15671873165312422,0.16534331262752688,0.17104539505588123
6.070000000000362,0.1696643337687576,0.1567464844226897,0.16538173109293855,0.17105477913579642
6.071000000000362,0.1696642506863737,0.15677510614887327,0.16541995431061707,0.17106422681827105
6.072000000000362,0.1696641696549079,0.1568046040461478,0.16545798402461448,0.17107373853438476
6.073000000000363,0.1696640906243849,0.15683498505368493,0.1654958219701536,0.17108331471813884
6.074000000000363,0.16966401354595578,0.1568662558373913,0.16553346987370735,0.17109295580647624
6.075000000000363,0.1696639383718739,0.15689842279194255,0.16557092945307722,0.17110266223930132
6.076000000000364,0.16966386505547137,0.1569314920428146,0.16560820241747193,0.17111243445949992
6.077000000000364,0.16966379355113556,0.15696546944831297,0.1656452904675853,0.1711222729129597
6.0780000000003644,0.16966372381428688,0.15700036060160077,0.16568219529567388,0.17113217804859046
6.079000000000365,0.1696636558013569,0.15703617083272278,0.1657189185856341,0.17114215031834443
6.080000000000365,0.16966358946976662,0.15707290521062978,0.16575546201307922,0.17115219017723723
6.0810000000003654,0.16966352477790578,0.1571105685451991,0.1657918272454157,0.17116229808336833
6.082000000000366,0.16966346168511226,0.1571491653892542,0.16582801594191926,0.17117247449794207
6.083000000000366,0.16966340015165235,0.15718870004058189,0.16586402975381065,0.17118271988528871
6.0840000000003664,0.16966334013870116,0.15722917654394766,0.165899870324331,0.1711930347128856
6.085000000000367,0.16966328160832364,0.15727059869310897,0.16593553928881674,0.17120341945137854
6.086000000000367,0.16966322452345595,0.1573129700328266,0.16597103827477422,0.1712138745746032
6.0870000000003675,0.16966316884788749,0.1573562938608738,0.16600636890195408,0.17122440055960678
6.088000000000368,0.16966311454624305,0.15740057323004317,0.166041532782425,0.1712349978866698
6.089000000000368,0.16966306158396552,0.15744581095015142,0.16607653152064733,0.17124566703932792
6.0900000000003685,0.16966300992729916,0.15749200959004228,0.16611136671354632,0.17125640850439408
6.091000000000369,0.1696629595432729,0.1575391714795862,0.16614603995058497,0.17126722277198078
6.092000000000369,0.169662910399684,0.15758729871167812,0.16618055281383654,0.17127811033552226
6.0930000000003695,0.16966286246508275,0.1576363931442327,0.1662149068780567,0.17128907169179716
6.09400000000037,0.16966281570875666,0.1576864564021765,0.16624910371075546,0.17130010734095105
6.09500000000037,0.1696627701007154,0.15773748987943767,0.16628314487226867,0.1713112177865195
6.0960000000003705,0.169662725611676,0.15778949474093287,0.1663170319158292,0.17132240353545078
6.097000000000371,0.16966268221304853,0.15784247192455064,0.16635076638763777,0.17133366509812917
6.098000000000371,0.1696626398769217,0.15789642214313188,0.16638434982693356,0.1713450029883981
6.0990000000003715,0.16966259857604937,0.15795134588644777,0.1664177837660645,0.17135641772358381
6.100000000000372,0.16966255828383642,0.15800724342317277,0.166451069730557,0.17136790982451872
6.101000000000372,0.16966251897432597,0.15806411480285557,0.16648420923918578,0.17137947981556534
6.1020000000003725,0.16966248062218617,0.1581219598578852,0.16651720380404295,0.17139112822464014
6.103000000000373,0.1696624432026971,0.15818077820545443,0.1665500549306072,0.1714028555832377
6.104000000000373,0.169662406691739,0.15824056924951835,0.16658276411781237,0.17141466242645484
6.1050000000003735,0.16966237106577933,0.15830133218274922,0.1666153328581159,0.17142654929301518
6.106000000000374,0.1696623363018611,0.15836306598848723,0.16664776263756687,0.17143851672529362
6.107000000000374,0.1696623023775908,0.15842576944268644,0.16668005493587387,0.17145056526934113
6.1080000000003745,0.16966226927112713,0.1584894411158572,0.1667122112264725,0.1714626954749096
6.109000000000375,0.16966223696116964,0.15855407937500288,0.16674423297659258,0.17147490789547712
6.110000000000375,0.16966220542694727,0.15861968238555246,0.16677612164732508,0.1714872030882729
6.1110000000003755,0.16966217464820768,0.1586862481132889,0.16680787869368885,0.17149958161430304
6.112000000000376,0.16966214460520665,0.15875377432627072,0.16683950556469695,0.17151204403837594
6.113000000000376,0.16966211527869707,0.1588222585967507,0.16687100370342278,0.171524590929128
6.1140000000003765,0.16966208664991914,0.15889169830308797,0.16690237454706597,0.17153722285904985
6.115000000000377,0.16966205870058987,0.1589620906316553,0.1669336195270179,0.17154994040451219
6.116000000000377,0.16966203141289318,0.15903343257874153,0.166964740068927,0.17156274414579215
6.1170000000003775,0.16966200476947008,0.15910572095244727,0.1669957375927639,0.1715756346670999
6.118000000000378,0.1696619787534091,0.15917895237457644,0.16702661351288609,0.17158861255660524
6.119000000000378,0.16966195334823664,0.15925312328252178,0.16705736923810252,0.17160167840646426
6.1200000000003785,0.16966192853790818,0.1593282299311441,0.16708800617173794,0.17161483281284667
6.121000000000379,0.1696619043067982,0.1594042683946467,0.1671185257116968,0.1716280763759628
6.122000000000379,0.1696618806396921,0.15948123456844376,0.16714892925052713,0.17164140970009098
6.1230000000003795,0.1696618575217769,0.15955912417102264,0.16717921817548403,0.17165483339360518
6.12400000000038,0.16966183493863252,0.1596379327458008,0.16720939386859304,0.17166834806900283
6.12500000000038,0.16966181287622337,0.15971765566297685,0.16723945770671308,0.17168195434293254
6.1260000000003805,0.16966179132088996,0.1597982881213753,0.16726941106159937,0.17169565283622254
6.127000000000381,0.16966177025934046,0.15987982515028623,0.167299255299966,0.17170944417390874
6.128000000000381,0.16966174967864273,0.1599622616112987,0.16732899178354832,0.17172332898526343
6.1290000000003815,0.16966172956621614,0.16004559220012848,0.16735862186916498,0.1717373079038239
6.130000000000382,0.16966170990982385,0.16012981144844043,0.16738814690877987,0.1717513815674214
6.131000000000382,0.16966169069756504,0.16021491372566468,0.16741756824956391,0.1717655506182101
6.1320000000003825,0.1696616719178671,0.16030089324080776,0.1674468872339564,0.17177981570269668
6.133000000000383,0.16966165355947846,0.16038774404425785,0.1674761051997263,0.1717941774717695
6.134000000000383,0.16966163561146091,0.16047546002958518,0.16750522348003333,0.17180863658072854
6.1350000000003835,0.1696616180631825,0.16056403493533666,0.16753424340348871,0.1718231936893152
6.136000000000384,0.1696616009043104,0.16065346234682562,0.16756316629421586,0.17183784946174238
6.137000000000384,0.16966158412480364,0.16074373569791683,0.16759199347191073,0.17185260456672483
6.1380000000003845,0.1696615677149067,0.16083484827280653,0.16762072625190214,0.17186745967750972
6.139000000000385,0.1696615516651422,0.16092679320779757,0.16764936594521168,0.1718824154719072
6.140000000000385,0.1696615359663046,0.16101956349307095,0.16767791385861358,0.17189747263232147
6.1410000000003855,0.1696615206094532,0.16111315197445214,0.16770637129469435,0.17191263184578187
6.142000000000386,0.16966150558590617,0.16120755135517445,0.16773473955191212,0.1719278938039742
6.143000000000386,0.16966149088723392,0.1613027541976382,0.16776301992465603,0.1719432592032723
6.1440000000003865,0.16966147650525282,0.16139875292516614,0.16779121370330524,0.17195872874476986
6.145000000000387,0.16966146243201918,0.16149553982375664,0.16781932217428774,0.1719743031343124
6.146000000000387,0.16966144865982316,0.161593107043833,0.1678473466201391,0.17198998308252939
6.1470000000003875,0.16966143518118276,0.16169144660199095,0.16787528831956094,0.17200576930486672
6.148000000000388,0.16966142198883816,0.16179055038274354,0.16790314854747942,0.17202166252161946
6.149000000000388,0.1696614090757459,0.16189041014026428,0.16793092857510328,0.1720376634579646
6.1500000000003885,0.1696613964350731,0.16199101750012884,0.16795862966998182,0.17205377284399412
6.151000000000389,0.16966138406019235,0.16209236396105528,0.16798625309606283,0.17206999141474838
6.152000000000389,0.16966137194467565,0.16219444089664384,0.16801380011375022,0.17208631991024967
6.1530000000003895,0.16966136008228974,0.16229723955711614,0.16804127197996152,0.17210275907553585
6.15400000000039,0.16966134846699044,0.1624007510710546,0.16806866994818528,0.1721193096606945
6.15500000000039,0.16966133709291759,0.16250496644714146,0.16809599526853822,0.17213597242089707
6.1560000000003905,0.1696613259543902,0.16260987657590012,0.16812324918782218,0.17215274811643327
6.157000000000391,0.1696613150459013,0.16271547223143615,0.16815043294958124,0.17216963751274594
6.158000000000391,0.16966130436211307,0.16282174407318126,0.16817754779415822,0.17218664138046577
6.1590000000003915,0.16966129389785237,0.16292868264763835,0.1682045949587515,0.17220376049544667
6.160000000000392,0.1696612836481058,0.1630362783901298,0.16823157567747124,0.17222099563880092
6.161000000000392,0.16966127360801528,0.16314452162654844,0.16825849118139585,0.17223834759693507
6.1620000000003925,0.16966126377287355,0.1632534025751123,0.1682853426986281,0.17225581716158564
6.163000000000393,0.1696612541381198,0.16336291134812256,0.1683121314543512,0.17227340512985537
6.164000000000393,0.16966124469933533,0.16347303795372625,0.16833885867088463,0.17229111230424946
6.1650000000003935,0.16966123545223957,0.16358377229768398,0.16836552556773998,0.17230893949271228
6.166000000000394,0.1696612263926858,0.16369510418514194,0.16839213336167658,0.17232688750866423
6.167000000000394,0.1696612175166571,0.16380702332241026,0.16841868326675696,0.17234495717103882
6.1680000000003945,0.16966120882026275,0.16391951931874704,0.16844517649440238,0.1723631493043201
6.169000000000395,0.16966120029973408,0.16403258168814838,0.16847161425344792,0.17238146473858013
6.170000000000395,0.16966119195142093,0.1641461998511458,0.1684979977501978,0.17239990430951707
6.1710000000003955,0.16966118377178807,0.1642603631366102,0.16852432818848034,0.17241846885849316
6.172000000000396,0.16966117575741152,0.1643750607835632,0.16855060676970288,0.17243715923257305
6.173000000000396,0.16966116790497518,0.16449028194299678,0.1685768346929066,0.1724559762845627
6.1740000000003965,0.16966116021126756,0.16460601567970026,0.16860301315482135,0.17247492087304803
6.175000000000397,0.1696611526731784,0.16472225097409587,0.16862914334992005,0.17249399386243428
6.176000000000397,0.1696611452876958,0.1648389767240828,0.1686552264704734,0.17251319612298535
6.1770000000003975,0.16966113805190267,0.1649561817468901,0.16868126370660408,0.1725325285308635
6.178000000000398,0.1696611309629741,0.16507385478093842,0.16870725624634123,0.17255199196816942
6.179000000000398,0.16966112401817454,0.16519198448771058,0.1687332052756745,0.1725715873229824
6.1800000000003985,0.16966111721485488,0.1653105594536316,0.16875911197860835,0.17259131548940085
6.181000000000399,0.1696611105504498,0.16542956819195803,0.16878497753721583,0.1726111773675831
6.182000000000399,0.1696611040224751,0.16554899914467647,0.16881080313169278,0.17263117386378857
6.1830000000003995,0.1696610976285255,0.16566884068441123,0.1688365899404115,0.17265130589041902
6.1840000000004,0.16966109136627194,0.16578908111634166,0.16886233913997456,0.1726715743660601
6.1850000000004,0.16966108523345952,0.16590970868012825,0.1688880519052685,0.1726919802155235
6.1860000000004005,0.1696610792279051,0.16603071155184826,0.1689137294095175,0.17271252436988901
6.187000000000401,0.16966107334749544,0.16615207784593944,0.1689393728243367,0.17273320776654685
6.188000000000401,0.16966106759018518,0.16627379561715377,0.16896498331978593,0.17275403134924078
6.1890000000004015,0.1696610619539947,0.1663958528625182,0.16899056206442298,0.17277499606811086
6.190000000000402,0.1696610564370089,0.16651823752330436,0.16901611022535684,0.17279610287973704
6.191000000000402,0.16966105103737486,0.16664093748700612,0.16904162896830105,0.17281735274718257
6.1920000000004025,0.16966104575330088,0.16676394058932373,0.16906711945762687,0.17283874664003812
6.193000000000403,0.16966104058305462,0.1668872346161556,0.16909258285641637,0.17286028553446595
6.194000000000403,0.16966103552496223,0.16701080730559636,0.1691180203265156,0.17288197041324446
6.1950000000004035,0.16966103057740656,0.16713464634994052,0.16914343302858748,0.17290380226581306
6.196000000000404,0.16966102573882658,0.16725873939769154,0.16916882212216483,0.1729257820883173
6.197000000000404,0.16966102100771602,0.1673830740555753,0.16919418876570325,0.17294791088365424
6.1980000000004045,0.16966101638262285,0.16750763789055775,0.16921953411663399,0.17297018966151836
6.199000000000405,0.16966101186214821,0.16763241843186566,0.16924485933141675,0.17299261943844754
6.200000000000405,0.16966100744494625,0.16775740317300902,0.1692701655655925,0.17301520123786943
6.2010000000004055,0.1696610031297232,0.16788257957380578,0.1692954539738361,0.1730379360901482
6.202000000000406,0.16966099891523734,0.16800793506240655,0.16932072571000908,0.1730608250326315
6.203000000000406,0.1696609948002987,0.1681334570373188,0.16934598192721229,0.17308386910969786
6.2040000000004065,0.16966099078376878,0.16825913286942992,0.16937122377783836,0.17310706937280426
6.205000000000407,0.1696609868645611,0.1683849499040274,0.16939645241362455,0.1731304268805342
6.206000000000407,0.16966098304164118,0.16851089546281564,0.16942166898570504,0.1731539426986459
6.2070000000004075,0.16966097931402666,0.16863695684592767,0.16944687464466365,0.173177617900121
6.208000000000408,0.16966097568078825,0.1687631213339307,0.16947207054058622,0.17320145356521355
6.209000000000408,0.16966097214105025,0.16888937618982452,0.16949725782311306,0.1732254507814991
6.2100000000004085,0.16966096869399128,0.16901570866103136,0.16952243764149158,0.17324961064392466
6.211000000000409,0.16966096533884553,0.16914210598137508,0.16954761114462855,0.17327393425485832
6.212000000000409,0.1696609620749036,0.16926855537304986,0.16957277948114258,0.17329842272413978
6.2130000000004095,0.1696609589015143,0.16939504404857447,0.16959794379941653,0.17332307716913087
6.21400000000041,0.16966095581808574,0.16952155921273365,0.16962310524764998,0.17334789871476658
6.21500000000041,0.16966095282408725,0.16964808806450232,0.1696482649739115,0.17337288849360644
6.2160000000004105,0.16966094991905128,0.1697746177989523,0.16967342412619113,0.17339804764588607
6.217000000000411,0.16966094710166507,0.16990113569032733,0.16969858385245268,0.17342337731956928
6.218000000000411,0.16966094436884652,0.17002762917684083,0.16972374530068615,0.17344887867040049
6.2190000000004115,0.1696609417167199,0.17015408577622004,0.16974890961896014,0.17347455286195734
6.220000000000412,0.16966093914156619,0.1702804930028405,0.16977407795547417,0.17350040106570394
6.221000000000412,0.16966093663981882,0.17040683836960666,0.1697992514586111,0.17352642446104416
6.2220000000004125,0.16966093420805858,0.17053310938984118,0.16982443127698962,0.17355262423537565
6.223000000000413,0.1696609318430092,0.17065929357918494,0.1698496185595165,0.1735790015841438
6.224000000000413,0.16966092954153297,0.17078537845750752,0.16987481445543906,0.1736055577108964
6.2250000000004135,0.16966092730062593,0.17091135155082926,0.16990002011439767,0.1736322938273385
6.226000000000414,0.16966092511741376,0.17103720039325412,0.1699252366864782,0.1736592111533878
6.227000000000414,0.1696609229891473,0.17116291252891527,0.16995046532226438,0.17368631091723027
6.2280000000004145,0.1696609209131983,0.1712884755139321,0.16997570717289046,0.17371359435537603
6.229000000000415,0.16966091888705534,0.17141387691837998,0.17000096339009363,0.17374106271271603
6.230000000000415,0.16966091690831947,0.1715391043282719,0.1700262351262666,0.17376871724257867
6.2310000000004155,0.1696609149747008,0.1716641453475532,0.1700515235345102,0.1737965592067871
6.232000000000416,0.16966091308401382,0.17178898760010824,0.17007682976868593,0.1738245898757167
6.233000000000416,0.16966091123417418,0.17191361873177974,0.1701021549834687,0.17385281052835305
6.2340000000004165,0.16966090942319453,0.1720380264124003,0.17012750033439944,0.1738812224523504
6.235000000000417,0.16966090764918113,0.17216219833783625,0.17015286697793786,0.17390982694409027
6.236000000000417,0.16966090591033015,0.17228612223204318,0.1701782560715152,0.17393862530874077
6.2370000000004175,0.16966090420492455,0.1724097858491337,0.1702036687735871,0.17396761886031592
6.238000000000418,0.16966090253132998,0.1725331769754556,0.17022910624368634,0.17399680892173586
6.239000000000418,0.16966090088799232,0.17265628343168207,0.17025456964247587,0.1740261968248871
6.2400000000004185,0.16966089927343403,0.17277909307491215,0.1702800601318017,0.17405578391068316
6.241000000000419,0.16966089768625114,0.1729015938007812,0.1703055788747459,0.17408557152912607
6.242000000000419,0.1696608961251104,0.17302377354558138,0.17033112703567976,0.1741155610393676
6.2430000000004195,0.16966089458874625,0.17314562028839137,0.1703567057803168,0.1741457538097716
6.24400000000042,0.1696608930759582,0.17326712205321468,0.17038231627576605,0.17417615121797617
6.24500000000042,0.16966089158560776,0.17338826691112674,0.17040795969058525,0.17420675465095672
6.2460000000004205,0.16966089011661636,0.17350904298242817,0.17043363719483423,0.17423756550508918
6.247000000000421,0.16966088866796245,0.1736294384388068,0.17045934996012818,0.17426858518621366
6.248000000000421,0.16966088723867911,0.17374944150550448,0.17048509915969123,0.17429981510969866
6.2490000000004216,0.169660885827852,0.17386904046349072,0.17051088596840996,0.1743312567005057
6.250000000000422,0.16966088443461672,0.17398822365164077,0.1705367115628869,0.1743629113932541
6.251000000000422,0.169660883058157,0.174106979468918,0.17056257712149442,0.17439478063228686
6.2520000000004226,0.16966088169770227,0.17422529637656026,0.17058848382442823,0.17442686587173606
6.253000000000423,0.16966088035252624,0.1743431629002691,0.17061443285376152,0.17445916857558966
6.254000000000423,0.1696608790219442,0.17446056763240125,0.17064042539349863,0.17449169021775798
6.2550000000004236,0.16966087770531205,0.1745774992341613,0.1706664626296293,0.17452443228214118
6.256000000000424,0.1696608764020237,0.17469394643779612,0.17069254575018264,0.17455739626269678
6.257000000000424,0.16966087511151018,0.17480989804878838,0.17071867594528137,0.174590583663508
6.258000000000425,0.16966087383323755,0.17492534294805057,0.1707448544071961,0.17462399599885212
6.259000000000425,0.16966087256670548,0.17504027009411696,0.17077108233039986,0.17465763479326998
6.260000000000425,0.16966087131144592,0.17515466852533432,0.17079736091162237,0.1746915015816351
6.261000000000426,0.16966087006702155,0.17526852736204956,0.17082369134990488,0.17472559790922407
6.262000000000426,0.16966086883302456,0.17538183580879493,0.17085007484665476,0.1747599253317869
6.263000000000426,0.16966086760907528,0.17549458315646835,0.1708765126057003,0.17479448541561793
6.264000000000427,0.169660866394821,0.17560675878451054,0.17090300583334572,0.1748292797376275
6.265000000000427,0.16966086518993512,0.1757183521630762,0.1709295557384261,0.17486430988541368
6.266000000000427,0.16966086399411565,0.17582935285520004,0.1709561635323627,0.1748995774573349
6.267000000000428,0.16966086280708423,0.17593975051895686,0.17098283042921808,0.17493508406258282
6.268000000000428,0.16966086162858549,0.17604953490961453,0.17100955764575151,0.1749708313212556
6.269000000000428,0.16966086045838574,0.17615869588178026,0.17103634640147458,0.17500682086443203
6.270000000000429,0.1696608592962724,0.17626722339153936,0.17106319791870683,0.17504305433424594
6.271000000000429,0.16966085814205284,0.17637510749858543,0.17109011342263142,0.17507953338396098
6.272000000000429,0.16966085699555386,0.17648233836834293,0.17111709414135115,0.1751162596780462
6.27300000000043,0.1696608558566208,0.17658890627408028,0.1711441413059444,0.17515323489225185
6.27400000000043,0.1696608547251169,0.1766948015990144,0.17117125615052142,0.17519046071368602
6.27500000000043,0.1696608536009225,0.1768000148384055,0.17119843991228048,0.17522793884089147
6.276000000000431,0.16966085248393453,0.1769045366016419,0.17122569383156444,0.17526567098392318
6.277000000000431,0.16966085137406592,0.17700835761431563,0.17125301915191735,0.17530365886442642
6.278000000000431,0.16966085027124483,0.17711146872028719,0.1712804171201411,0.1753419042157153
6.279000000000432,0.16966084917541438,0.17721386088374,0.17130788898635244,0.17538040878285177
6.280000000000432,0.16966084808653187,0.17731552519122498,0.17133543600403983,0.17541917432272527
6.281000000000432,0.1696608470045685,0.17741645285369328,0.17136305943012084,0.175458202604133
6.282000000000433,0.16966084592950875,0.17751663520851935,0.17139076052499935,0.17549749540786053
6.283000000000433,0.16966084486135002,0.17761606372151273,0.17141854055262318,0.17553705452676308
6.284000000000433,0.16966084380010224,0.17771472998891868,0.17144640078054166,0.1755768817658473
6.285000000000434,0.16966084274578724,0.17781262573940868,0.17147434247996352,0.17561697894235367
6.286000000000434,0.16966084169843879,0.1779097428360593,0.17150236692581486,0.17565734788583937
6.287000000000434,0.16966084065810175,0.1780060732783203,0.17153047539679733,0.17569799043826181
6.288000000000435,0.16966083962483208,0.17810160920397283,0.17155866917544652,0.17573890845406262
6.289000000000435,0.16966083859869635,0.17819634289107583,0.17158694954819045,0.17578010380025239
6.290000000000435,0.16966083757977127,0.17829026675990223,0.17161531780540823,0.17582157835649562
6.291000000000436,0.1696608365681436,0.17838337337486532,0.17164377524148897,0.17586333401519672
6.292000000000436,0.16966083556390985,0.17847565544643362,0.17167232315489087,0.1759053726815862
6.293000000000436,0.16966083456717582,0.1785671058330369,0.17170096284820038,0.1759476962738078
6.294000000000437,0.1696608335780562,0.17865771754296125,0.1717296956281918,0.17599030672300572
6.295000000000437,0.1696608325966747,0.17874748373623528,0.1717585228058867,0.17603320597341304
6.296000000000437,0.1696608316231632,0.17883639772650572,0.17178744569661383,0.17607639598244015
6.297000000000438,0.16966083065766202,0.178924452982905,0.17181646562006922,0.17611987872076426
6.298000000000438,0.16966082970031918,0.17901164313190898,0.17184558390037627,0.17616365617241928
6.299000000000438,0.16966082875129024,0.17909796195918612,0.17187480186614618,0.17620773033488626
6.300000000000439,0.16966082781073824,0.17918340341143818,0.17190412085053866,0.1762521032191847
6.301000000000439,0.16966082687883302,0.17926796159823294,0.17193354219132267,0.176296776849964
6.302000000000439,0.16966082595575116,0.17935163079382843,0.17196306723093757,0.17634175326559634
6.30300000000044,0.1696608250416755,0.17943440543899014,0.1719926973165542,0.17638703451826912
6.30400000000044,0.1696608241367952,0.17951628014280083,0.17202243380013651,0.17643262267407905
6.30500000000044,0.16966082324130477,0.17959724968446303,0.17205227803850315,0.17647851981312612
6.306000000000441,0.1696608223554044,0.17967730901509493,0.17208223139338943,0.1765247280296087
6.307000000000441,0.16966082147929903,0.1797564532595205,0.17211229523150945,0.17657124943191901
6.308000000000441,0.16966082061319826,0.1798346777180527,0.17214247092461843,0.17661808614273938
6.309000000000442,0.1696608197573161,0.17991197786827182,0.17217275984957534,0.17666524029913896
6.310000000000442,0.16966081891187013,0.17998834936679786,0.17220316338840563,0.17671271405267142
6.311000000000442,0.1696608180770816,0.18006378805105816,0.1722336829283645,0.17676050956947303
6.312000000000443,0.16966081725317447,0.18013828994105047,0.17226431986199991,0.17680862903036143
6.313000000000443,0.16966081644037528,0.1802118512411014,0.17229507558721635,0.17685707463093528
6.314000000000443,0.16966081563891255,0.18028446834162107,0.17232595150733854,0.17690584858167432
6.315000000000444,0.16966081484901618,0.18035613782085402,0.17235694903117543,0.17695495310804032
6.316000000000444,0.16966081407091715,0.1804268564466267,0.17238806957308456,0.17700439045057859
6.317000000000444,0.16966081330484648,0.18049662117809218,0.17241931455303647,0.1770541628650201
6.318000000000445,0.16966081255103505,0.18056542916747217,0.17245068539667965,0.17710427262238462
6.319000000000445,0.16966081180971285,0.18063327776179636,0.17248218353540548,0.17715472200908422
6.320000000000445,0.16966081108110811,0.1807001645046404,0.1725138104064136,0.17720551332702753
6.321000000000446,0.16966081036544667,0.18076608713786185,0.17254556745277735,0.17725664889372492
6.322000000000446,0.16966080966295136,0.18083104360333452,0.17257745612350986,0.17730813104239412
6.323000000000446,0.16966080897384095,0.18089503204468288,0.17260947787362993,0.17735996212206678
6.324000000000447,0.16966080829832952,0.1809580508090145,0.17264163416422854,0.17741214449769552
6.325000000000447,0.16966080763662542,0.18102009844865335,0.17267392646253554,0.17746468055026204
6.326000000000447,0.16966080698893035,0.18108117372287225,0.17270635624198652,0.17751757267688553
6.327000000000448,0.16966080635543843,0.18114127559962614,0.17273892498229004,0.17757082329093224
6.328000000000448,0.16966080573633507,0.18120040325728617,0.17277163416949523,0.17762443482212545
6.329000000000448,0.1696608051317959,0.18125855608637423,0.1728044852960595,0.1776784097166564
6.330000000000449,0.1696608045419857,0.18131573369129916,0.17283747986091666,0.17773275043729594
6.331000000000449,0.16966080396705696,0.18137193589209488,0.17287061936954543,0.17778745946350685
6.332000000000449,0.16966080340714884,0.1814271627261601,0.17290390533403793,0.17784253929155697
6.33300000000045,0.16966080286238566,0.18148141445000035,0.17293733927316887,0.1778979924346331
6.33400000000045,0.1696608023328755,0.1815346915409728,0.17297092271246467,0.17795382142295577
6.33500000000045,0.16966080181870904,0.18158699469903425,0.17300465718427324,0.17801002880389455
6.336000000000451,0.16966080131995745,0.18163832484849177,0.17303854422783377,0.1780666171420843
6.337000000000451,0.16966080083667126,0.18168868313975775,0.17307258538934697,0.17812358901954226
6.338000000000451,0.16966080036887854,0.18173807095110792,0.17310678222204573,0.17818094703578585
6.339000000000452,0.16966079991658312,0.18178648989044427,0.1731411362862659,0.17823869380795132
6.340000000000452,0.16966079947976256,0.1818339417970624,0.17317564914951744,0.17829683197091295
6.341000000000452,0.16966079905836673,0.18188042874342322,0.1732103223865561,0.17835536417740355
6.342000000000453,0.16966079865231543,0.18192595303693027,0.17324515757945508,0.17841429309813533
6.343000000000453,0.16966079826149627,0.18197051722171212,0.1732801563176774,0.17847362142192186
6.344000000000453,0.16966079788576288,0.18201412408041065,0.17331532019814833,0.1785333518558007
6.345000000000454,0.1696607975249324,0.18205677663597475,0.1733506508253282,0.1785934871251568
6.346000000000454,0.16966079717878338,0.18209847815346106,0.1733861498112857,0.17865402997384713
6.347000000000454,0.16966079684705324,0.18213923214184016,0.17342181877577142,0.17871498316432569
6.348000000000455,0.1696607965294359,0.18217904235581034,0.17345765934629176,0.17877634947776946
6.349000000000455,0.16966079622557906,0.18221791279761732,0.17349367315818315,0.17883813171420562
6.350000000000455,0.16966079593508185,0.18225584771888176,0.17352986185468672,0.178900332692639
6.351000000000456,0.16966079565749198,0.18229285162243372,0.17356622708702316,0.1789629552511808
6.352000000000456,0.16966079539230278,0.1823289292641544,0.1736027705144683,0.17902600224717827
6.353000000000456,0.16966079513895066,0.18236408565482565,0.17363949380442853,0.17908947655734472
6.354000000000457,0.16966079489681218,0.18239832606198708,0.1736763986325171,0.17915338107789114
6.355000000000457,0.1696607946652004,0.18243165601180042,0.17371348668263045,0.17921771872465805
6.356000000000457,0.16966079444336277,0.18246408129092265,0.17375075964702516,0.17928249243324887
6.357000000000458,0.16966079423047722,0.18249560794838596,0.173788219226395,0.1793477051591635
6.358000000000458,0.16966079402564915,0.182526242297486,0.17382586712994874,0.17941335987793358
6.359000000000458,0.16966079382790833,0.18255599091767796,0.1738637050754879,0.17947945958525777
6.360000000000459,0.16966079363620523,0.18258486065648005,0.1739017347894853,0.1795460072971389
6.361000000000459,0.169660793449408,0.18261285863138463,0.1739399580071638,0.17961300605002126
6.362000000000459,0.16966079326629852,0.18263999223177727,0.17397837647257547,0.1796804589009294
6.36300000000046,0.1696607930855694,0.1826662691208624,0.17401699193868111,0.17974836892760743
6.36400000000046,0.16966079290582012,0.18269169723759648,0.17405580616743035,0.17981673922865948
6.36500000000046,0.16966079272555354,0.18271628479862775,0.17409482092984194,0.17988557292369117
6.366000000000461,0.16966079254317215,0.18274004030024252,0.1741340380060846,0.1799548731534519
6.367000000000461,0.16966079235697487,0.18276297252031767,0.1741734591855582,0.1800246430799781
6.368000000000461,0.16966079216515279,0.182785090520279,0.17421308626697554,0.18009488588673755
6.369000000000462,0.16966079196578593,0.18280640364706477,0.17425292105844423,0.18016560477877472
6.370000000000462,0.16966079175683946,0.18282692153509442,0.17429296537754937,0.18023680298285696
6.371000000000462,0.16966079153615993,0.18284665410824147,0.17433322105143637,0.18030848374762157
6.372000000000463,0.16966079130147174,0.18286561158181064,0.17437368991689436,0.18038065034372433
6.373000000000463,0.1696607910503736,0.18288380446451796,0.17441437382043998,0.1804533060639884
6.374000000000463,0.1696607907803348,0.1829012435604743,0.17445527461840166,0.18052645422355493
6.375000000000464,0.16966079048869162,0.1829179399711703,0.1744963941770043,0.18060009816003397
6.376000000000464,0.1696607901726439,0.18293390509746352,0.17453773437245446,0.18067424123365705
6.377000000000464,0.1696607898292518,0.18294915064156625,0.17457929709102585,0.1807488868274302
6.378000000000465,0.16966078945543198,0.18296368860903364,0.17462108422914557,0.18082403834728863
6.379000000000465,0.16966078904795487,0.18297753131075117,0.1746630976934805,0.18089969922225196
6.380000000000465,0.16966078860344097,0.18299069136492147,0.1747053394010244,0.18097587290458061
6.381000000000466,0.16966078811835822,0.18300318169904875,0.1747478112791853,0.18105256286993357
6.382000000000466,0.1696607875890188,0.18301501555192118,0.17479051526587341,0.1811297726175267
6.383000000000466,0.16966078701157622,0.18302620647558987,0.17483345330958977,0.18120750567029256
6.384000000000467,0.16966078638202306,0.18303676833734417,0.17487662736951481,0.1812857655750412
6.385000000000467,0.16966078569618787,0.18304671532168193,0.17492003941559806,0.18136455590262177
6.386000000000467,0.1696607849497333,0.18305606193227542,0.17496369142864784,0.18144388024808578
6.387000000000468,0.16966078413815375,0.18306482299393034,0.17500758540042174,0.18152374223085077
6.388000000000468,0.16966078325677328,0.18307301365453932,0.17505172333371738,0.18160414549486573
6.389000000000468,0.16966078230074413,0.1830806493870281,0.17509610724246397,0.18168509370877728
6.390000000000469,0.16966078126504497,0.18308774599129393,0.17514073915181405,0.181766590566097
6.391000000000469,0.16966078014447977,0.18309431959613645,0.175185621098236,0.1818486397853701
6.392000000000469,0.16966077893367662,0.18310038666117934,0.17523075512960684,0.18193124511034495
6.39300000000047,0.16966077762708698,0.18310596397878376,0.17527614330530583,0.18201441031014395
6.39400000000047,0.16966077621898534,0.18311106867595225,0.1753217876963083,0.18209813917943554
6.39500000000047,0.16966077470346905,0.1831157182162227,0.17536769038528016,0.1821824355386073
6.396000000000471,0.1696607730744583,0.183119930401553,0.17541385346667301,0.18226730323394025
6.397000000000471,0.16966077132569665,0.183123723374195,0.17546027904681966,0.1823527461377845
6.398000000000471,0.16966076945075215,0.18312711561855888,0.17550696924403017,0.18243876814873566
6.399000000000472,0.16966076744301803,0.18313012596306624,0.17555392618868867,0.18252537319181303
6.400000000000472,0.16966076529571478,0.18313277358199373,0.1756011520233504,0.18261256521863845
6.401000000000472,0.16966076300189192,0.18313507799730555,0.17564864890283952,0.18270034820761677
6.402000000000473,0.16966076055443044,0.18313705908047537,0.1756964189943475,0.18278872616411726
6.403000000000473,0.1696607579460457,0.18313873705429903,0.17574446447753186,0.1828777031206564
6.404000000000473,0.16966075516929077,0.18314013249469568,0.17579278754461586,0.182967283137082
6.405000000000474,0.1696607522165603,0.18314126633250008,0.1758413904004882,0.18305747030075814
6.406000000000474,0.16966074908009476,0.18314215985524418,0.17589027526280399,0.18314826872675208
6.407000000000474,0.16966074575198528,0.18314283470893006,0.1759394443620856,0.1832396825580217
6.408000000000475,0.1696607422241792,0.18314331289979316,0.1759888999418247,0.1833317159656046
6.409000000000475,0.16966073848848587,0.1831436167960573,0.1760386442585844,0.18342437314880852
6.410000000000475,0.16966073453658345,0.18314376912968033,0.17608867958210242,0.1835176583354029
6.411000000000476,0.169660730360026,0.18314379299809255,0.17613900819539452,0.18361157578181173
6.412000000000476,0.16966072595025128,0.1831437118659273,0.17618963239485871,0.1837061297733078
6.413000000000476,0.16966072129858933,0.18314354956674447,0.17624055449038006,0.18380132462420823
6.414000000000477,0.1696607163962719,0.183143330304747,0.17629177680543603,0.18389716467807138
6.415000000000477,0.1696607112344423,0.18314307865649146,0.17634330167720255,0.1839936543078949
6.416000000000477,0.1696607058041661,0.18314281957259282,0.1763951314566606,0.18409079791631544
6.417000000000478,0.16966069673594542,0.18314249870953536,0.17644696123611864,0.184097313866811
6.418000000000478,0.16966070037443992,0.1831421854551765,0.17649848610788516,0.18410387398052047
6.419000000000478,0.1696607419348537,0.18314187963270256,0.17654970842294115,0.18411047855676932
6.420000000000479,0.1696608462414183,0.18314158106946482,0.1766006305184625,0.18411712789691156
6.421000000000479,0.16966103772949306,0.1831412895968721,0.1766512547179267,0.1841238223043439
6.422000000000479,0.1696613404476851,0.18314100505028635,0.1767015833312188,0.18413056208451928
6.42300000000048,0.16966177805998806,0.1831407272689214,0.17675161865473682,0.18413734754496094
6.42400000000048,0.16966237384793645,0.18314045609574478,0.17680136297149654,0.18414417899527644
6.42500000000048,0.16966315071277374,0.1831401913773821,0.1768508185512356,0.18415105674717167
6.426000000000481,0.1696641311776335,0.18313993296402473,0.17689998765051723,0.1841579811144653
6.427000000000481,0.1696653373897302,0.18313968070934,0.176948872512833,0.1841649524131029
6.428000000000481,0.1696667911225592,0.18313943447038386,0.17699747536870536,0.18417197096117147
6.429000000000482,0.16966851377810444,0.18313919410751633,0.17704579843578935,0.1841790370789139
6.430000000000482,0.1696705263890513,0.1831389594843191,0.17709384391897376,0.1841861510887435
6.431000000000482,0.16967284962100462,0.1831387304675159,0.17714161401048173,0.18419331331525898
6.432000000000483,0.16967550377470988,0.18313850692689473,0.17718911088997086,0.18420052408525892
6.433000000000483,0.16967850878827628,0.18313828873523272,0.17723633672463257,0.1842077837277569
6.434000000000483,0.1696818842394018,0.18313807576822275,0.17728329366929108,0.18421509257399654
6.435000000000484,0.16968564934759722,0.18313786790440248,0.17732998386650162,0.18422245095746642
6.436000000000484,0.16968982297641,0.183137665025085,0.17737640944664826,0.1842298592139155
6.437000000000484,0.1696944236356469,0.18313746701429168,0.1774225725280411,0.18423731768136822
6.438000000000485,0.16969946948359368,0.18313727375868702,0.17746847521701295,0.18424482670014017
6.439000000000485,0.169704978329232,0.18313708514751478,0.1775141196080154,0.1842523866128535
6.440000000000485,0.16971096763445287,0.18313690107253636,0.1775595077837144,0.18425999776445248
6.441000000000486,0.16971745451626594,0.18313672142797066,0.17760464181508526,0.18426766050221935
6.442000000000486,0.16972445574900394,0.1831365461104357,0.1776495237615072,0.18427537517579012
6.443000000000486,0.16973198776652237,0.18313637501889143,0.1776941556708573,0.1842831421371706
6.444000000000487,0.16974006666439403,0.18313620805458464,0.1777385395796039,0.1842909617407522
6.445000000000487,0.1697487082020976,0.18313604512099488,0.17778267751289953,0.18429883434332853
6.446000000000487,0.16975792780520005,0.18313588612378218,0.1778265714846734,0.18430676030411128
6.447000000000488,0.16976774056753374,0.18313573097073577,0.1778702234977232,0.18431473998474687
6.448000000000488,0.1697781612533671,0.18313557957172447,0.17791363554380646,0.18432277374933279
6.449000000000488,0.16978920429956812,0.1831354318386484,0.17795680960373153,0.1843308619644343
6.450000000000489,0.16980088381776287,0.18313528768539133,0.17799974764744786,0.18433900499910108
6.451000000000489,0.16981321359648632,0.18313514702777542,0.178042451634136,0.18434720322488427
6.452000000000489,0.16982620710332752,0.1831350097835159,0.17808492351229688,0.18435545701585307
6.45300000000049,0.1698398774870683,0.18313487587217792,0.17812716521984076,0.18436376674861216
6.45400000000049,0.16985423757981538,0.1831347452151336,0.1781691786841757,0.18437213280231873
6.45500000000049,0.16986929989912625,0.1831346177355211,0.17821096582229543,0.18438055555869973
6.456000000000491,0.16988507665012945,0.1831344933582041,0.17825252854086682,0.18438903540206936
6.457000000000491,0.16990157972763834,0.18313437200973254,0.17829386873631695,0.1843975727193466
6.458000000000491,0.1699188207182591,0.18313425361830432,0.1783349882949196,0.18440616790007283
6.459000000000492,0.16993681090249335,0.18313413811372775,0.1783758890928813,0.1844148213364297
6.460000000000492,0.16995556125683486,0.18313402542738563,0.17841657299642694,0.18442353342325685
6.461000000000492,0.16997508245586138,0.18313391549219943,0.17845704186188494,0.1844323045580701
6.462000000000493,0.16999538487432067,0.18313380824259468,0.17849729753577193,0.18444113514107946
6.463000000000493,0.17001647858921246,0.18313370361446757,0.17853734185487707,0.18445002557520754
6.464000000000493,0.17003837338186484,0.1831336015451519,0.17857717664634576,0.18445897626610772
6.465000000000494,0.17006107874000664,0.18313350197338696,0.17861680372776306,0.1844679876221829
6.466000000000494,0.17008460385983512,0.18313340483928653,0.17865622490723668,0.18447706005460393
6.467000000000494,0.1701089576480797,0.1831333100843082,0.1786954419834793,0.1844861939773285
6.468000000000495,0.1701341487240615,0.1831332176512238,0.1787344567458909,0.18449538980711996
6.469000000000495,0.1701601854217493,0.1831331274840905,0.17877327097464013,0.1845046479635664
6.470000000000495,0.17018707579181172,0.1831330395282223,0.1788118864407458,0.1845139688690997
6.471000000000496,0.17021482760366594,0.18313295373016292,0.17885030490615747,0.18452335294901487
6.472000000000496,0.1702434483475235,0.18313287003765852,0.178888528123836,0.18453280063148952
6.473000000000496,0.17027294523643194,0.18313278839963187,0.1789265578378334,0.1845423123476032
6.474000000000497,0.17030332520831487,0.18313270876615645,0.17896439578337253,0.18455188853135732
6.475000000000497,0.17033459492800784,0.18313263108843184,0.17900204368692627,0.18456152961969471
6.476000000000497,0.17036676078929242,0.1831325553187593,0.17903950326629614,0.1845712360525198
6.477000000000498,0.17039982891692665,0.18313248141051794,0.17907677623069085,0.1845810082727184
6.478000000000498,0.17043380516867404,0.18313240931814187,0.17911386428080422,0.1845908467261782
6.479000000000498,0.17046869513732904,0.1831323389970974,0.1791507691088928,0.18460075186180894
6.480000000000499,0.1705045041527407,0.18313227040386093,0.179187492398853,0.18461072413156293
6.481000000000499,0.17054123728383394,0.18313220349589784,0.17922403582629812,0.1846207639904557
6.482000000000499,0.17057889934062773,0.183132138231641,0.17926040105863458,0.1846308718965868
6.4830000000005,0.17061749487625225,0.18313207457047104,0.17929658975513812,0.18464104831116054
6.4840000000005,0.17065702818896264,0.18313201247269548,0.1793326035670295,0.18465129369850716
6.4850000000005,0.17069750332415068,0.1831319518995298,0.17936844413754988,0.18466160852610405
6.486000000000501,0.17073892407635477,0.1831318928130783,0.1794041131020356,0.184671993264597
6.487000000000501,0.17078129399126687,0.1831318351763155,0.17943961208799308,0.18468244838782163
6.488000000000501,0.17082461636773758,0.18313177895306762,0.17947494271517295,0.18469297437282525
6.489000000000502,0.17086889425977816,0.18313172410799544,0.17951010659564384,0.18470357169988824
6.490000000000502,0.17091413047856122,0.18313167060657662,0.17954510533386617,0.18471424085254637
6.491000000000502,0.17096032759441762,0.1831316184150886,0.17957994052676515,0.18472498231761253
6.492000000000503,0.17100748793883197,0.1831315675005924,0.1796146137638038,0.18473579658519923
6.493000000000503,0.17105561360643465,0.1831315178309162,0.17964912662705537,0.18474668414874074
6.494000000000503,0.1711047064569913,0.18313146937463973,0.17968348069127554,0.1847576455050156
6.495000000000504,0.17115476811738983,0.18313142210107838,0.1797176775239743,0.18476868115416953
6.496000000000504,0.17120579998362428,0.1831313759802686,0.1797517186854875,0.18477979159973795
6.497000000000504,0.17125780322277542,0.18313133098295276,0.17978560572904803,0.18479097734866926
6.498000000000505,0.1713107787749886,0.18313128708056478,0.1798193402008566,0.18480223891134764
6.499000000000505,0.1713647273554481,0.18313124424521582,0.1798529236401524,0.18481357680161659
6.500000000000505,0.1714196494563489,0.18313120244968065,0.17988635757928334,0.18482499153680232
6.501000000000506,0.17147554534886314,0.18313116166738386,0.17991964354377585,0.18483648363773722
6.502000000000506,0.17153241508510536,0.18313112187238667,0.17995278305240459,0.18484805362878381
6.503000000000506,0.17159025850009205,0.18313108303937384,0.17998577761726176,0.18485970203785862
6.504000000000507,0.17164907521369877,0.18313104514364095,0.18001862874382601,0.18487142939645618
6.505000000000507,0.17170886463261234,0.18313100816108185,0.18005133793103117,0.18488323623967332
6.506000000000507,0.17176962595227946,0.18313097206817655,0.1800839066713347,0.18489512310623366
6.507000000000508,0.17183135815885106,0.18313093684197881,0.18011633645078567,0.1849070905385121
6.508000000000508,0.1718940600311221,0.18313090246010502,0.18014862874909268,0.1849191390825596
6.509000000000508,0.17195773014246737,0.18313086890072203,0.18018078503969132,0.18493126928812811
6.510000000000509,0.17202236686277214,0.18313083614253592,0.18021280678981139,0.1849434817086956
6.511000000000509,0.17208796836035872,0.18313080416478134,0.1802446954605439,0.1849557769014914
6.512000000000509,0.17215453260390767,0.18313077294721017,0.18027645250690766,0.18496815542752154
6.51300000000051,0.17222205736437454,0.18313074247008082,0.18030807937791574,0.1849806178515944
6.51400000000051,0.1722905402169016,0.18313071271414771,0.18033957751664156,0.18499316474234648
6.51500000000051,0.1723599785427239,0.1831306836606514,0.18037094836028475,0.18500579667226832
6.516000000000511,0.172430369531071,0.18313065529130781,0.1804021933402367,0.18501851421773066
6.517000000000511,0.17250171018106267,0.18313062758829865,0.18043331388214578,0.18503131795901062
6.518000000000511,0.17257399730359962,0.18313060053426153,0.18046431140598268,0.18504420848031838
6.519000000000512,0.17264722752324882,0.18313057411228048,0.18049518732610487,0.1850571863698237
6.520000000000512,0.1727213972801231,0.18313054830587625,0.1805259430513213,0.18507025221968276
6.521000000000512,0.17279650283175507,0.18313052309899724,0.18055657998495672,0.18508340662606518
6.522000000000513,0.17287254025496615,0.18313049847601043,0.18058709952491558,0.1850966501891813
6.523000000000513,0.17294950544772897,0.18313047442169206,0.1806175030637459,0.18510998351330948
6.524000000000513,0.17302739413102503,0.18313045092121924,0.18064779198870282,0.1851234072068237
6.525000000000514,0.17310620185069592,0.1831304279601612,0.18067796768181182,0.18513692188222133
6.526000000000514,0.17318592397928914,0.18313040552447044,0.18070803151993187,0.18515052815615107
6.527000000000514,0.17326655571789853,0.1831303836004746,0.18073798487481815,0.18516422664944104
6.528000000000515,0.1733480920979986,0.18313036217486842,0.18076782911318479,0.18517801798712724
6.529000000000515,0.17343052798327308,0.1831303412347052,0.1807975655967671,0.18519190279848194
6.530000000000515,0.1735138580714386,0.18313032076738908,0.18082719568238376,0.18520588171704244
6.531000000000516,0.17359807689606202,0.18313030076066725,0.18085672072199865,0.1852199553806399
6.532000000000516,0.17368317882837292,0.18313028120262204,0.1808861420627827,0.18523412443142864
6.533000000000516,0.17376915807907,0.18313026208166341,0.18091546104717518,0.1852483895159152
6.534000000000517,0.17385600870012297,0.1831302433865217,0.1809446790129451,0.18526275128498804
6.535000000000517,0.1739437245865686,0.1831302251062398,0.1809737972932521,0.18527721039394707
6.536000000000517,0.17403229947830207,0.18313020723016646,0.1810028172167075,0.18529176750253373
6.537000000000518,0.17412172696186345,0.18313018974794865,0.18103174010743464,0.1853064232749609
6.538000000000518,0.17421200047221921,0.1831301726495251,0.1810605672851295,0.18532117837994339
6.539000000000518,0.1743031132945391,0.18313015592511914,0.18108930006512092,0.18533603349072825
6.540000000000519,0.1743950585659691,0.1831301395652319,0.18111793975843046,0.18535098928512575
6.541000000000519,0.17448782927739973,0.1831301235606357,0.18114648767183236,0.18536604644554003
6.542000000000519,0.17458141827523058,0.18313010790236747,0.18117494510791313,0.18538120565900043
6.54300000000052,0.1746758182631311,0.18313009258172266,0.1812033133651309,0.18539646761719275
6.54400000000052,0.1747710218037984,0.1831300775902483,0.1812315937378748,0.18541183301649086
6.54500000000052,0.17486702132071077,0.1831300629197373,0.18125978751652402,0.18542730255798845
6.546000000000521,0.17496380909987952,0.18313004856222195,0.1812878959875065,0.18544287694753095
6.547000000000521,0.17506137729159763,0.1831300345099683,0.18131592043335784,0.18545855689574792
6.548000000000521,0.17515971791218604,0.18313002075546975,0.1813438621327797,0.18547434311808525
6.549000000000522,0.1752588228457385,0.18313000729144194,0.18137172236069818,0.185490236334838
6.550000000000522,0.17535868384586423,0.18312999411081632,0.18139950238832203,0.18550623727118315
6.551000000000522,0.17545929253742984,0.18312998120673488,0.18142720348320057,0.18552234665721268
6.552000000000523,0.17556064041830027,0.18312996857254468,0.18145482690928158,0.18553856522796694
6.553000000000523,0.17566271886107898,0.1831299562017924,0.18148237392696898,0.18555489372346823
6.554000000000523,0.17576551911484872,0.18312994408821895,0.18150984579318027,0.1855713328887544
6.555000000000524,0.17586903230691178,0.18312993222575433,0.18153724376140404,0.18558788347391306
6.556000000000524,0.17597324944453166,0.1831299206085124,0.18156456908175697,0.18560454623411562
6.557000000000524,0.1760781614166758,0.18312990923078615,0.18159182300104093,0.18562132192965183
6.558000000000525,0.17618375899575933,0.18312989808704244,0.1816190067628,0.18563821132596453
6.559000000000525,0.17629003283939207,0.18312988717191744,0.18164612160737698,0.18565521519368436
6.560000000000525,0.1763969734921264,0.18312987648021145,0.18167316877197026,0.18567233430866525
6.561000000000526,0.1765045713872095,0.183129866006885,0.18170014949069,0.1856895694520195
6.562000000000526,0.17661281684833793,0.18312985574705357,0.1817270649946146,0.18570692141015366
6.563000000000526,0.17672170009141647,0.18312984569598362,0.18175391651184686,0.18572439097480425
6.564000000000527,0.17683121122632103,0.18312983584908796,0.18178070526756995,0.18574197894307395
6.565000000000527,0.17694134025866629,0.1831298262019217,0.1818074324841034,0.18575968611746804
6.566000000000527,0.17705207709157814,0.18312981675017787,0.18183409938095874,0.18577751330593087
6.567000000000528,0.1771634115274719,0.18312980748968352,0.18186070717489533,0.18579546132188282
6.568000000000528,0.1772753332698363,0.18312979841639562,0.18188725707997572,0.18581353098425743
6.569000000000528,0.17738783192502366,0.18312978952639733,0.18191375030762114,0.1858317231175387
6.570000000000529,0.17750089700404673,0.18312978081589382,0.18194018806666667,0.18585003855179874
6.571000000000529,0.1776145179243826,0.1831297722812091,0.18196657156341656,0.1858684781227357
6.572000000000529,0.17772868401178382,0.18312976391878197,0.1819929020016991,0.18588704267171177
6.57300000000053,0.1778433845020975,0.18312975572516274,0.18201918058292163,0.18590573304579167
6.57400000000053,0.17795860854309176,0.18312974769700982,0.18204540850612536,0.1859245500977813
6.57500000000053,0.1780743451962912,0.18312973983108605,0.1820715869680401,0.18594349468626667
6.576000000000531,0.17819058343882,0.18312973212425598,0.1820977171631388,0.1859625676756529
6.577000000000531,0.1783073121652546,0.18312972457348242,0.18212380028369216,0.18598176993620397
6.578000000000531,0.17842452018948446,0.18312971717582333,0.18214983751982283,0.18600110234408213
6.579000000000532,0.17854219624658235,0.18312970992842895,0.18217583005955998,0.18602056578138806
6.580000000000532,0.17866032899468362,0.18312970282853921,0.18220177908889326,0.18604016113620103
6.581000000000532,0.17877890701687493,0.18312969587348055,0.1822276857918271,0.1860598893026195
6.582000000000533,0.1788979188230919,0.18312968906066335,0.18225355135043458,0.18607975118080175
6.583000000000533,0.17901735285202652,0.18312968238757962,0.18227937694491153,0.1860997476770072
6.584000000000533,0.1791371974730432,0.18312967585180046,0.18230516375363026,0.18611987970363766
6.585000000000534,0.1792574409881049,0.1831296694509732,0.1823309129531933,0.18614014817927876
6.586000000000534,0.1793780716337075,0.1831296631828199,0.18235662571848726,0.18616055402874218
6.587000000000534,0.17949907758282377,0.1831296570451347,0.18238230322273624,0.18618109818310766
6.588000000000535,0.17962044694685547,0.18312965103578188,0.18240794663755544,0.1862017815797655
6.589000000000535,0.17974216777759439,0.18312964515269375,0.1824335571330047,0.18622260516245942
6.590000000000535,0.1798642280691911,0.18312963939386914,0.18245913587764173,0.18624356988132953
6.591000000000536,0.17998661576013222,0.18312963375737143,0.1824846840385756,0.1862646766929557
6.592000000000536,0.1801093187352241,0.18312962824132673,0.1825102027815198,0.18628592656040124
6.593000000000536,0.1802323248275845,0.1831296228439228,0.18253569327084562,0.1863073204532568
6.594000000000537,0.18035562182063974,0.18312961756340715,0.18256115666963513,0.18632885934768462
6.595000000000537,0.18047919745012864,0.18312961239808614,0.18258659413973435,0.18635054422646313
6.596000000000537,0.18060303940611114,0.1831296073463236,0.18261200684180623,0.18637237607903173
6.597000000000538,0.18072713533498186,0.1831296024065398,0.18263739593538358,0.18639435590153597
6.598000000000538,0.1808514728414874,0.18312959757721034,0.182662762578922,0.18641648469687294
6.599000000000538,0.18097603949074692,0.18312959285686564,0.18268810792985274,0.18643876347473706
6.600000000000539,0.18110082281027529,0.18312958824408992,0.1827134331446355,0.18646119325166624
6.601000000000539,0.18122581029200707,0.18312958373752086,0.18273873937881124,0.18648377505108812
6.602000000000539,0.18135098939432187,0.18312957933584903,0.18276402778705486,0.1865065099033669
6.60300000000054,0.18147634754406855,0.18312957503781777,0.18278929952322784,0.1865293988458502
6.60400000000054,0.18160187213858872,0.18312957084222262,0.18281455574043104,0.1865524429229166
6.60500000000054,0.18172755054773693,0.1831295667479115,0.18283979759105712,0.186575643186023
6.606000000000541,0.1818533701158979,0.1831295627537853,0.1828650262268433,0.18659900069375293
6.607000000000541,0.1819793181639985,0.1831295588587971,0.1828902427989238,0.18662251651186462
6.608000000000541,0.18210538199151408,0.1831295550619536,0.1829154484578824,0.18664619171333974
6.609000000000542,0.1822315488784669,0.18312955136231499,0.18294064435380497,0.18667002737843227
6.610000000000542,0.18235780608741628,0.18312954775899606,0.18296583163633182,0.18669402459471782
6.611000000000542,0.1824841408654385,0.1831295442511668,0.18299101145471033,0.1867181844571434
6.612000000000543,0.18261054044609543,0.1831295408380537,0.1830161849578473,0.18674250806807705
6.613000000000543,0.18273699205139018,0.18312953751894068,0.18304135329436133,0.1867669965373585
6.6140000000005434,0.18286348289370746,0.1831295342931709,0.1830665176126353,0.1867916509823496
6.615000000000544,0.18299000017773873,0.1831295311601476,0.18309167906086873,0.18681647252798533
6.616000000000544,0.18311653110238957,0.18312952811933678,0.18311683878713025,0.1868414623068252
6.6170000000005444,0.1832430628626665,0.1831295251702681,0.18314199793940988,0.18686662145910482
6.618000000000545,0.18336958273319046,0.18312952231164936,0.18316715766567143,0.18689195113278803
6.619000000000545,0.18349607815345761,0.18312951954046303,0.1831923191139049,0.18691745248361924
6.6200000000005454,0.18362253664289185,0.18312951685291698,0.1832174834321789,0.1869431266751761
6.621000000000546,0.18374894571748498,0.18312951424537244,0.18324265176869292,0.1869689748789227
6.622000000000546,0.18387529289166038,0.1831295117143392,0.18326782527182986,0.1869949982742629
6.6230000000005464,0.1840015656801485,0.18312950925647123,0.18329300509020838,0.1870211980485944
6.624000000000547,0.18412775159987496,0.18312950686856247,0.18331819237273525,0.18704757539736258
6.625000000000547,0.1842538381718614,0.1831295045475418,0.18334338826865781,0.18707413152411517
6.6260000000005475,0.18437981292313899,0.18312950229046973,0.18336859392761642,0.18710086764055728
6.627000000000548,0.18450566338867597,0.18312950009453338,0.18339381049969694,0.1871277849666066
6.628000000000548,0.18463137711331812,0.1831294979570426,0.18341903913548313,0.18715488473044903
6.6290000000005485,0.18475694165374337,0.18312949587542568,0.1834442809861092,0.1871821681685948
6.630000000000549,0.18488234458042946,0.18312949384722566,0.18346953720331238,0.1872096365259348
6.631000000000549,0.1850075734796364,0.18312949187009595,0.18349480893948536,0.18723729105579745
6.6320000000005495,0.18513261595540167,0.18312948994179684,0.18352009734772895,0.18726513302000589
6.63300000000055,0.18525745963154944,0.18312948806019147,0.1835454035819047,0.18729316368893548
6.63400000000055,0.18538209215371376,0.18312948622324204,0.18357072879668745,0.18732138434157183
6.6350000000005505,0.1855065011913741,0.18312948442900653,0.1835960741476182,0.1873497962655692
6.636000000000551,0.18563067443990458,0.18312948267563475,0.1836214407911566,0.18737840075730908
6.637000000000551,0.18575459962263619,0.18312948096136514,0.18364682988473396,0.18740719912195955
6.6380000000005515,0.18587826449293043,0.18312947928452136,0.18367224258680587,0.18743619267353473
6.639000000000552,0.1860016568362663,0.18312947764350895,0.1836976800569051,0.18746538273495467
6.640000000000552,0.18612476447233786,0.18312947603681218,0.18372314345569463,0.1874947706381059
6.6410000000005525,0.18624757525716337,0.18312947446299094,0.18374863394502045,0.187524357723902
6.642000000000553,0.18637007708520548,0.18312947292067797,0.18377415268796465,0.18755414534234488
6.643000000000553,0.18649225789150076,0.18312947140857544,0.18379970084889852,0.18758413485258643
6.6440000000005535,0.1866141056537994,0.1831294699254527,0.18382527959353556,0.1876143276229904
6.645000000000554,0.18673560839471376,0.18312946847014322,0.1838508900889848,0.18764472503119498
6.646000000000554,0.186856754183875,0.183129467041542,0.183876533503804,0.18767532846417553
6.6470000000005545,0.18697753114009807,0.1831294656386032,0.18390221100805298,0.187706139318308
6.648000000000555,0.18709792743355289,0.1831294642603374,0.18392792377334694,0.1877371589994325
6.649000000000555,0.18721793128794265,0.1831294629058096,0.18395367297291,0.1877683889229175
6.6500000000005555,0.18733753098268746,0.18312946157413648,0.18397945978162872,0.18779983051372454
6.651000000000556,0.18745671485511278,0.1831294602644848,0.18400528537610567,0.18783148520647297
6.652000000000556,0.1875754713026426,0.18312945897606875,0.18403115093471317,0.1878633544455057
6.6530000000005565,0.18769378878499549,0.18312945770814829,0.184057057637647,0.1878954396849549
6.654000000000557,0.18781165582638396,0.1831294564600269,0.18408300666698027,0.1879277423888085
6.655000000000557,0.18792906101771537,0.1831294552310502,0.1841089992067174,0.18796026403097685
6.6560000000005575,0.18804599301879488,0.18312945402060365,0.18413503644284807,0.18799300609536004
6.657000000000558,0.18816244056052767,0.18312945282811113,0.1841611195634014,0.18802597007591565
6.658000000000558,0.18827839244712263,0.1831294516530333,0.18418724975850012,0.18805915747672683
6.6590000000005585,0.18839383755829384,0.18312945049486598,0.18421342822041487,0.18809256981207098
6.660000000000559,0.18850876485146092,0.18312944935313852,0.18423965614361862,0.18812620860648885
6.661000000000559,0.1886231633639475,0.18312944822741295,0.18426593472484115,0.188160075394854
6.6620000000005595,0.18873702221517577,0.18312944711728182,0.18429226516312366,0.18819417172244296
6.66300000000056,0.18885033060885859,0.1831294460223676,0.18431864865987355,0.1882284991450058
6.66400000000056,0.18896307783518607,0.1831294449423211,0.18434508641891909,0.18826305922883685
6.6650000000005605,0.1890752532730084,0.1831294438768203,0.1843715796465645,0.1882978535508464
6.666000000000561,0.18918684639201233,0.1831294428255694,0.1843981295516449,0.18833288369863257
6.667000000000561,0.18929784675489206,0.18312944178829776,0.18442473734558149,0.1883681512705538
6.6680000000005615,0.18940824401951342,0.18312944076475884,0.18445140424243686,0.18840365787580174
6.669000000000562,0.18951802794107078,0.18312943975472923,0.1844781314589703,0.18843940513447452
6.670000000000562,0.18962718837423648,0.18312943875800775,0.18450492021469336,0.18847539467765095
6.6710000000005625,0.18973571527530192,0.18312943777441473,0.18453177173192561,0.1885116281474649
6.672000000000563,0.1898435987043106,0.18312943680379112,0.1845586872358502,0.18854810719717993
6.673000000000563,0.1899508288271818,0.18312943584599764,0.18458566795456993,0.18858483349126512
6.6740000000005635,0.19005739591782508,0.18312943490091416,0.1846127151191632,0.1886218087054708
6.675000000000564,0.19016329036024512,0.18312943396843928,0.1846398299637402,0.18865903452690497
6.676000000000564,0.19026850265063688,0.18312943304848903,0.18466701372549926,0.18869651265411042
6.6770000000005645,0.19037302339947015,0.18312943214099697,0.18469426764478322,0.18873424479714213
6.678000000000565,0.19047684333356388,0.18312943124591302,0.18472159296513613,0.1887722326776454
6.679000000000565,0.1905799532981498,0.18312943036320342,0.1847489909333599,0.18881047802893425
6.6800000000005655,0.19068234425892522,0.18312942949285008,0.18477646279957122,0.18884898259607072
6.681000000000566,0.1907840073040948,0.18312942863484985,0.1848040098172586,0.18888774813594422
6.682000000000566,0.19088493364640136,0.18312942778921418,0.18483163324333962,0.18892677641735198
6.6830000000005665,0.19098511462514509,0.18312942695596876,0.18485933433821813,0.1889660692210795
6.684000000000567,0.1910845417081921,0.18312942613515332,0.18488711436584196,0.18900562833998205
6.685000000000567,0.19118320649397139,0.1831294253268206,0.18491497459376044,0.18904545557906627
6.6860000000005675,0.19128110071346047,0.1831294245310369,0.1849429162931823,0.18908555275557265
6.687000000000568,0.19137821623216003,0.18312942374788066,0.18497094073903364,0.18912592169905837
6.688000000000568,0.19147454505205724,0.18312942297744303,0.18499904921001611,0.1891665642514808
6.6890000000005685,0.19157007931357795,0.1831294222198271,0.18502724298866532,0.18920748226728165
6.690000000000569,0.1916648112975281,0.1831294214751475,0.18505552336140926,0.18924867761347142
6.691000000000569,0.19175873342702418,0.18312942074353067,0.18508389161862704,0.18929015216971462
6.6920000000005695,0.1918518382694126,0.1831294200251137,0.18511234905470778,0.18933190782841572
6.69300000000057,0.1919441185381796,0.18312941932004498,0.18514089696810968,0.18937394649480524
6.69400000000057,0.19203556709484945,0.18312941862848306,0.1851695366614192,0.18941627008702683
6.6950000000005705,0.1921261769508735,0.1831294179505972,0.1851982694414106,0.18945888053622476
6.696000000000571,0.19221594126950914,0.18312941728656637,0.1852270966191055,0.18950177978663207
6.697000000000571,0.19230485336768854,0.18312941663657953,0.18525601950983264,0.18954496979565919
6.6980000000005715,0.19239290671787893,0.18312941600083496,0.18528503943328803,0.1895884525339833
6.699000000000572,0.19248009494993298,0.18312941537954033,0.18531415771359508,0.18963222998563833
6.700000000000572,0.1925664118529307,0.18312941477291225,0.18534337567936499,0.18967630414810532
6.7010000000005725,0.19265185137701255,0.18312941418117623,0.18537269466375747,0.18972067703240372
6.702000000000573,0.19273640763520458,0.18312941360456592,0.18540211600454148,0.18976535066318306
6.703000000000573,0.1928200749052353,0.1831294130433233,0.18543164104415638,0.18981032707881537
6.7040000000005735,0.1929028476313453,0.18312941249769832,0.185461271129773,0.18985560833148818
6.705000000000574,0.19298472042608908,0.18312941196794835,0.18549100761335532,0.1899011964872981
6.706000000000574,0.1930656880721304,0.18312941145433806,0.18552085185172196,0.18994709362634518
6.7070000000005745,0.1931457455240308,0.18312941095713925,0.18555080520660824,0.18999330184282778
6.708000000000575,0.19322488791003153,0.1831294104766302,0.18558086904472826,0.1900398232451381
6.709000000000575,0.19330311053383017,0.18312941001309546,0.18561104473783724,0.19008665995595844
6.7100000000005755,0.19338040887635105,0.18312940956682566,0.18564133366279414,0.19013381411235805
6.711000000000576,0.19345677859751068,0.18312940913811665,0.18567173720162444,0.1901812878658905
6.712000000000576,0.19353221553797856,0.18312940872726957,0.1857022567415833,0.19022908338269212
6.7130000000005765,0.1936067157209325,0.18312940833459035,0.18573289367521872,0.19027720284358052
6.714000000000577,0.19368027535381108,0.1831294079603889,0.18576364940043516,0.19032564844415437
6.715000000000577,0.1937528908300611,0.1831294076049791,0.18579452532055735,0.1903744223948934
6.7160000000005775,0.19382455873088217,0.1831294072686778,0.18582552284439424,0.19042352692125944
6.717000000000578,0.19389527582696792,0.18312940695180482,0.18585664338630337,0.1904729642637977
6.718000000000578,0.19396503908024454,0.18312940665468208,0.18588788836625528,0.1905227366782392
6.7190000000005785,0.1940338456456068,0.1831294063776327,0.18591925920989846,0.19057284643560374
6.720000000000579,0.19410169287265197,0.18312940612098103,0.1859507573486243,0.1906232958223033
6.721000000000579,0.1941685783074121,0.1831294058850515,0.1859823842196324,0.19067408714024664
6.7220000000005795,0.1942344996940847,0.1831294056701679,0.18601414126599616,0.19072522270694403
6.72300000000058,0.19429945497676257,0.18312940547665282,0.18604602993672867,0.19077670485561327
6.72400000000058,0.19436344230116293,0.18312940530482683,0.18607805168684874,0.1908285359352859
6.7250000000005805,0.19442646001635594,0.18312940515500747,0.18611020797744735,0.19088071831091463
6.726000000000581,0.1944885066764934,0.18312940502750835,0.18614250027575435,0.19093325436348116
6.727000000000581,0.19454958104253775,0.18312940492263843,0.18617493005520533,0.19098614649010467
6.7280000000005815,0.1946096820839919,0.1831294048407008,0.18620749879550885,0.19103939710415138
6.729000000000582,0.19466880898062935,0.18312940478199163,0.18624020798271404,0.1910930086353446
6.730000000000582,0.1947269611242266,0.18312940474679915,0.1862730591092783,0.19114698352987555
6.7310000000005825,0.19478413812029655,0.1831294047354025,0.18630605367413547,0.1912013242505151
6.732000000000583,0.19484033978982424,0.18312940474807027,0.18633919318276423,0.191256033276726
6.733000000000583,0.19489556617100437,0.1831294047850594,0.18637247914725677,0.19131111310477614
6.7340000000005835,0.19494981752098273,0.18312940484661375,0.1864059130863877,0.1913665662478523
6.735000000000584,0.19500309431759888,0.18312940493296284,0.1864394965256835,0.19142239523617496
6.736000000000584,0.19505539726113347,0.18312940504432,0.18647323099749208,0.19147860261711372
6.7370000000005845,0.19510672727605896,0.18312940518088097,0.1865071180410526,0.19153519095530347
6.738000000000585,0.19515708551279354,0.18312940534282227,0.1865411592025658,0.19159216283276145
6.739000000000585,0.19520647334946029,0.18312940553029952,0.18657535603526457,0.19164952084900505
6.7400000000005855,0.19525489239365043,0.1831294057434456,0.18660971009948474,0.19170726762117052
6.741000000000586,0.19530234448419137,0.18312940598236863,0.18664422296273628,0.19176540578413215
6.742000000000586,0.1953488316929202,0.18312940624715027,0.18667889619977493,0.19182393799062275
6.7430000000005865,0.1953943563264625,0.18312940653784332,0.18671373139267392,0.19188286691135453
6.744000000000587,0.19543892092801685,0.18312940685447002,0.18674873013089624,0.19194219523514108
6.745000000000587,0.19548252827914572,0.1831294071970195,0.18678389401136716,0.19200192566901989
6.7460000000005875,0.19552518140157196,0.18312940756544577,0.18681922463854703,0.19206206093837602
6.747000000000588,0.19556688355898275,0.18312940795966504,0.18685472362450453,0.19212260378706636
6.748000000000588,0.19560763825883953,0.18312940837955347,0.18689039258899026,0.1921835569775449
6.7490000000005885,0.19564744925419522,0.18312940882494466,0.1869262331595106,0.1922449232909887
6.750000000000589,0.19568632054551902,0.18312940929562688,0.18696224697140199,0.19230670552742485
6.751000000000589,0.1957242563825278,0.1831294097913403,0.18699843566790555,0.19236890650585825
6.7520000000005895,0.19576126126602605,0.18312941031177443,0.18703480090024202,0.1924315290644001
6.75300000000059,0.1957973399497527,0.18312941085656517,0.18707134432768716,0.19249457606039755
6.75400000000059,0.19583249744223594,0.18312941142529154,0.1871080676176474,0.192558050370564
6.7550000000005905,0.19586673900865678,0.18312941201747315,0.18714497244573597,0.19262195489111042
6.756000000000591,0.1959000701727194,0.18312941263256657,0.18718206049584932,0.19268629253787734
6.757000000000591,0.19593249671853044,0.1831294132699625,0.18721933346024403,0.19275106624646815
6.7580000000005915,0.1959640246924859,0.18312941392898238,0.18725679303961387,0.19281627897238282
6.759000000000592,0.19599466040516642,0.18312941460887486,0.1872944409431676,0.19288193369115286
6.760000000000592,0.19602441043324023,0.18312941530881277,0.18733227888870677,0.19294803339847708
6.7610000000005925,0.19605328162137417,0.18312941602788918,0.18737030860270418,0.19301458111035819
6.762000000000593,0.19608128108415243,0.18312941676511432,0.18740853182038267,0.19308157986324057
6.763000000000593,0.19610841620800296,0.18312941751941167,0.18744695028579433,0.1931490327141487
6.7640000000005935,0.19613469465313116,0.18312941828961435,0.18748556575189998,0.19321694274082674
6.765000000000594,0.19616012435546096,0.1831294190744616,0.18752437998064922,0.1932853130418788
6.766000000000594,0.1961847135285824,0.18312941987259465,0.1875633947430608,0.1933541467369105
6.7670000000005945,0.19620847066570626,0.18312942068255383,0.18760261181930346,0.19342344696667121
6.768000000000595,0.19623140454162438,0.18312942150277345,0.18764203299877708,0.1934932168931974
6.769000000000595,0.19625352421467632,0.18312942233157936,0.1876816600801944,0.1935634596999569
6.7700000000005955,0.19627483902872067,0.1831294231671839,0.1877214948716631,0.19363417859199406
6.771000000000596,0.19629535861511235,0.18312942400768312,0.18776153919076824,0.1937053767960763
6.772000000000596,0.1963150928946829,0.18312942485105208,0.18780179486465523,0.1937770575608409
6.7730000000005965,0.19633405207972573,0.18312942569514165,0.18784226373011323,0.19384922415694367
6.774000000000597,0.19635224667598436,0.1831294265376743,0.18788294763365884,0.19392187987720777
6.775000000000597,0.19636968748464284,0.18312942737624055,0.18792384843162052,0.1939950280367743
6.7760000000005975,0.19638638560431868,0.1831294282082952,0.18796496799022316,0.19406867197325334
6.777000000000598,0.19640235243305704,0.18312942903115345,0.18800630818567332,0.19414281504687642
6.778000000000598,0.19641759967032557,0.18312942984198757,0.1880478709042447,0.19421746064064957
6.7790000000005985,0.1964321393190094,0.18312943063782303,0.18808965804236444,0.19429261216050803
6.780000000000599,0.19644598368740504,0.18312943141553528,0.18813167150669938,0.19436827303547133
6.781000000000599,0.19645914539121329,0.1831294321718462,0.18817391321424326,0.19444444671779998
6.7820000000005995,0.1964716373555297,0.18312943290332076,0.18821638509240415,0.19452113668315296
6.7830000000006,0.19648347281683276,0.1831294336063641,0.18825908907909228,0.19459834643074606
6.7840000000006,0.19649466532496732,0.1831294342772182,0.18830202712280864,0.19467607948351195
6.7850000000006006,0.19650522874512535,0.18312943491195907,0.18834520118273368,0.1947543393882606
6.786000000000601,0.19651517725982043,0.18312943550649408,0.18838861322881692,0.19483312971584116
6.787000000000601,0.19652452537085727,0.18312943605655932,0.1884322652418667,0.19491245406130517
6.7880000000006016,0.19653328790129446,0.1831294365577171,0.1884761592136406,0.1949923160440702
6.789000000000602,0.19654147999740124,0.18312943700535395,0.18852029714693624,0.19507271930808515
6.790000000000602,0.19654911713060547,0.1831294373946784,0.18856468105568283,0.1951536675219967
6.7910000000006026,0.19655621509943463,0.18312943772071924,0.18860931296503292,0.19523516437931643
6.792000000000603,0.19656279003144772,0.18312943797832404,0.18865419491145485,0.19531721359858953
6.793000000000603,0.19656885838515817,0.18312943816215801,0.1886993289428257,0.19539981892356437
6.794000000000604,0.19657443695194723,0.18312943826670258,0.1887447171185247,0.19548298412336337
6.795000000000604,0.19657954285796767,0.18312943828625491,0.18879036150952716,0.19556671299265496
6.796000000000604,0.19658419356603685,0.18312943821492753,0.18883626419849903,0.19565100935182672
6.797000000000605,0.1965884068775195,0.18312943804664797,0.18888242727989188,0.1957358770471597
6.798000000000605,0.1965922009341999,0.18312943777515914,0.18892885286003852,0.19582131995100394
6.799000000000605,0.19659559422014253,0.18312943739401974,0.18897554305724903,0.1959073419619551
6.800000000000606,0.1965986055635424,0.18312943689660532,0.18902250000190754,0.19599394700503248
6.801000000000606,0.19660125413856333,0.1831294362761096,0.18906972583656925,0.19608113903185792
6.802000000000606,0.19660355946716584,0.18312943552554592,0.18911722271605838,0.19616892202083624
6.803000000000607,0.19660554142092315,0.18312943463774944,0.18916499280756635,0.1962572999773367
6.804000000000607,0.19660722022282656,0.1831294336053802,0.18921303829075073,0.19634627693387588
6.805000000000607,0.1966086164490796,0.18312943242092525,0.18926136135783472,0.19643585695030144
6.806000000000608,0.19660975103088138,0.183129431076703,0.18930996421370708,0.19652604411397762
6.807000000000608,0.1966106452561994,0.18312942956486658,0.18935884907602288,0.19661684253997158
6.808000000000608,0.19661132077153187,0.18312942787740882,0.1894080181753045,0.19670825637124117
6.809000000000609,0.19661179958366015,0.1831294260061671,0.1894574737550436,0.1968002897788241
6.810000000000609,0.19661210406139132,0.18312942394282894,0.18950721807180332,0.19689294696202808
6.811000000000609,0.19661225693729134,0.18312942167893856,0.18955725339532134,0.19698623214862246
6.81200000000061,0.1966122813094096,0.1831294192059034,0.18960758200861344,0.19708014959503128
6.81300000000061,0.1966122006429944,0.1831294165150018,0.18965820620807766,0.19717470358652736
6.81400000000061,0.19661203877220051,0.18312941359739113,0.18970912830359904,0.19726989843742784
6.815000000000611,0.19661181990178936,0.18312941044411676,0.189760350618655,0.197365738491291
6.816000000000611,0.1966115686088214,0.18312940704612163,0.18981187549042153,0.19746222812111452
6.817000000000611,0.19661130984434216,0.18312940339425682,0.18986370526987958,0.19755937172953505
6.818000000000612,0.1966109896843996,0.18312939921416413,0.18991553504933764,0.19756588768003064
6.819000000000612,0.19661067713523261,0.18312940755815882,0.18996705992110416,0.1975724477937401
6.820000000000612,0.19661037201968923,0.1831294536454286,0.19001828223616016,0.19757905236998896
6.821000000000613,0.19661007416480733,0.1831295623041472,0.1900692043316815,0.1975857017101312
6.822000000000613,0.19660978340170518,0.1831297579735906,0.19011982853114573,0.19759239611756355
6.823000000000613,0.1966094995654754,0.18313006470627188,0.19017015714443786,0.19759913589773895
6.824000000000614,0.1966092224950822,0.18313050617009213,0.19022019246795588,0.19760592135818061
6.825000000000614,0.1966089520332617,0.18313110565050608,0.1902699367847156,0.1976127528084961
6.826000000000614,0.1966086880264254,0.1831318860526995,0.1903193923644547,0.19761963056039136
6.827000000000615,0.1966084303245659,0.1831328699037784,0.19036856146373632,0.197626554927685
6.828000000000615,0.19660817878116646,0.18313407935496606,0.1904174463260521,0.1976335262263226
6.829000000000615,0.19660793325311196,0.18313553618380884,0.19046604918192447,0.1976405447743912
6.830000000000616,0.1966076936006039,0.1831372617963871,0.19051437224900844,0.19764761089213356
6.831000000000616,0.1966074596870764,0.1831392772295312,0.19056241773219285,0.19765472490196317
6.832000000000616,0.1966072313791162,0.18314160315304134,0.19061018782370082,0.19766188712847865
6.833000000000617,0.19660700854638352,0.18314425987190874,0.19065768470318994,0.19766909789847856
6.834000000000617,0.1966067910615364,0.18314726732853906,0.19070491053785166,0.19767635754097657
6.835000000000617,0.1966065788001563,0.18315064510497514,0.19075186748251016,0.19768366638721618
6.836000000000618,0.19660637164067668,0.18315441242511998,0.1907985576797207,0.1976910247706861
6.837000000000618,0.19660616946431267,0.18315858815695682,0.19084498325986735,0.19769843302713513
6.838000000000618,0.19660597215499367,0.1831631908147685,0.1908911463412602,0.19770589149458784
6.839000000000619,0.19660577959929734,0.18316823856135242,0.19093704903023204,0.1977134005133598
6.840000000000619,0.19660559168638508,0.18317374921023244,0.1909826934212345,0.19772096042607312
6.841000000000619,0.19660540830794046,0.18317974022786732,0.1910280815969335,0.1977285715776721
6.84200000000062,0.19660522935810798,0.1831862287358531,0.19107321562830434,0.19773623431543896
6.84300000000062,0.19660505473343456,0.18319323151312167,0.19111809757472628,0.19774394898900974
6.84400000000062,0.19660488433281215,0.18320076499813326,0.1911627294840764,0.1977517159503902
6.845000000000621,0.19660471805742197,0.1832088452910636,0.19120711339282298,0.19775953555397183
6.846000000000621,0.19660455581068023,0.18321748815598496,0.19125125132611862,0.19776740815654814
6.847000000000621,0.19660439749818562,0.18322670902304114,0.1912951452978925,0.1977753341173309
6.848000000000622,0.19660424302766766,0.18323652299061632,0.19133879731094228,0.19778331379796646
6.849000000000622,0.1966040923089369,0.18324694482749707,0.19138220935702555,0.1977913475625524
6.850000000000622,0.1966039452538362,0.1832579889750286,0.19142538341695062,0.19779943577765388
6.851000000000623,0.19660380177619374,0.18326966954926432,0.19146832146066695,0.19780757881232067
6.852000000000623,0.1966036617917762,0.1832820003431085,0.1915110254473551,0.19781577703810382
6.853000000000623,0.19660352521824445,0.1832949948284534,0.19155349732551596,0.19782403082907263
6.854000000000624,0.19660339197510976,0.18330866615830957,0.19159573903305985,0.19783234056183174
6.855000000000624,0.19660326198369085,0.18332302716892981,0.1916377524973948,0.1978407066155383
6.856000000000624,0.19660313516707295,0.18333809038192758,0.1916795396355145,0.19784912937191929
6.857000000000625,0.19660301145006698,0.18335386800638934,0.1917211023540859,0.19785760921528892
6.858000000000625,0.19660289075917037,0.18337037194098046,0.19176244254953603,0.19786614653256615
6.859000000000625,0.1966027730225286,0.18338761377604682,0.19180356210813868,0.19787474171329236
6.860000000000626,0.196602658169898,0.18340560479570955,0.19184446290610038,0.19788339514964923
6.861000000000626,0.19660254613260916,0.183424355979956,0.19188514680964602,0.1978921072364764
6.862000000000626,0.19660243684353151,0.1834438780067245,0.19192561567510402,0.19790087837128964
6.863000000000627,0.19660233023703896,0.18346418125398503,0.191965871348991,0.197909708954299
6.864000000000627,0.19660222624897566,0.1834852758018154,0.19200591566809616,0.19791859938842707
6.865000000000627,0.1966021248166238,0.18350717143447245,0.19204575045956485,0.19792755007932725
6.866000000000628,0.196602025878671,0.18352987764245962,0.19208537754098215,0.19793656143540242
6.867000000000628,0.19660192937517956,0.18355340362459066,0.19212479872045576,0.19794563386782346
6.868000000000628,0.19660183524755584,0.18357775829004908,0.1921640157966984,0.19795476779054802
6.869000000000629,0.1966017434385205,0.18360295026044454,0.19220303055910998,0.19796396362033947
6.870000000000629,0.19660165389207968,0.18362898787186557,0.19224184478785922,0.1979732217767859
6.871000000000629,0.19660156655349695,0.1836558791769295,0.1922804602539649,0.19798254268231918
6.87200000000063,0.19660148136926564,0.18368363194682893,0.19231887871937656,0.19799192676223437
6.87300000000063,0.19660139828708195,0.18371225367337557,0.19235710193705507,0.198001374444709
6.87400000000063,0.196601317255819,0.1837417515710417,0.1923951316510525,0.1980108861608227
6.875000000000631,0.19660123822550138,0.1837721325789983,0.19243296959659162,0.1980204623445768
6.876000000000631,0.19660116114728,0.1838034033631514,0.19247061750014535,0.1980301034329142
6.877000000000631,0.19660108597340809,0.18383557031817602,0.19250807707951523,0.19803980986573927
6.878000000000632,0.19660101265721747,0.18386863956954733,0.19254535004390994,0.19804958208593787
6.879000000000632,0.1966009411530955,0.1839026169755704,0.1925824380940233,0.19805942053939765
6.880000000000632,0.1966008714164625,0.1839375081294075,0.19261934292211189,0.1980693256750284
6.881000000000633,0.19660080340374972,0.18397331836110292,0.1926560662120721,0.19807929794478238
6.882000000000633,0.19660073707237813,0.18401005273960652,0.19269260963951723,0.19808933780367521
6.883000000000633,0.1966006723807374,0.18404771607479506,0.1927289748718537,0.19809944570980628
6.884000000000634,0.19660060928816514,0.18408631291949124,0.19276516356835727,0.19810962212438002
6.885000000000634,0.19660054775492766,0.18412584757148112,0.19280117738024866,0.19811986751172667
6.886000000000634,0.1966004877421999,0.18416632407552957,0.19283701795076902,0.19813018233932356
6.887000000000635,0.19660042921204665,0.1842077462253932,0.19287268691525475,0.1981405670778165
6.888000000000635,0.196600372127404,0.1842501175658321,0.19290818590121223,0.19815102220104114
6.889000000000635,0.19660031645206122,0.18429344139461862,0.1929435165283921,0.19816154818604473
6.890000000000636,0.19660026215064308,0.1843377207645446,0.192978680408863,0.19817214551310774
6.891000000000636,0.19660020918859233,0.18438295848542605,0.19301367914708534,0.19818281466576587
6.892000000000636,0.19660015753215312,0.18442915712610589,0.19304851433998432,0.19819355613083203
6.893000000000637,0.19660010714835421,0.18447631901645364,0.19308318757702297,0.19820437039841873
6.894000000000637,0.19660005800499292,0.18452444624936365,0.19311770044027454,0.1982152579619602
6.895000000000637,0.19660001007061947,0.18457354068274956,0.1931520545044947,0.19822621931823511
6.896000000000638,0.19659996331452112,0.1846236039415372,0.19318625133719347,0.198237254967389
6.897000000000638,0.1965999177067076,0.18467463741965384,0.19322029249870667,0.19824836541295746
6.898000000000638,0.1965998732178958,0.18472664228201527,0.1932541795422672,0.19825955116188873
6.899000000000639,0.1965998298194958,0.18477961946650914,0.19328791401407577,0.19827081272456712
6.900000000000639,0.19659978748359616,0.1848335696859758,0.19332149745337157,0.19828215061483606
6.901000000000639,0.19659974618295065,0.18488849343018524,0.1933549313925025,0.19829356535002177
6.90200000000064,0.19659970589096423,0.18494439096781123,0.19338821735699502,0.19830505745095667
6.90300000000064,0.19659966658167977,0.1850012623484016,0.19342135686562378,0.1983166274420033
6.90400000000064,0.1965996282297654,0.18505910740434445,0.19345435143048095,0.1983282758510781
6.905000000000641,0.19659959081050132,0.18511792575283198,0.1934872025570452,0.19834000320967565
6.906000000000641,0.1965995542997676,0.18517771679781814,0.19351991174425037,0.1983518100528928
6.907000000000641,0.1965995186740316,0.1852384797319745,0.1935524804845539,0.19836369691945313
6.908000000000642,0.19659948391033627,0.18530021353864023,0.19358491026400487,0.19837566435173157
6.909000000000642,0.19659944998628814,0.18536291699376883,0.19361720256231188,0.19838771289577906
6.910000000000642,0.19659941688004584,0.1854265886678698,0.1936493588529105,0.19839984310134756
6.911000000000643,0.19659938457030884,0.18549122692794545,0.19368138060303058,0.19841205552191504
6.912000000000643,0.19659935303630602,0.18555682993942435,0.1937132692737631,0.19842435071471085
6.913000000000643,0.19659932225778515,0.18562339566808828,0.19374502632012686,0.198436729240741
6.914000000000644,0.19659929221500172,0.18569092188199515,0.19377665319113496,0.19844919166481387
6.915000000000644,0.19659926288870883,0.18575940615339698,0.1938081513298608,0.19846173855556595
6.916000000000644,0.19659923426014647,0.18582884586065215,0.19383952217350398,0.19847437048548777
6.917000000000645,0.1965992063110317,0.18589923819013285,0.19387076715345591,0.1984870880309501
6.918000000000645,0.19659917902354834,0.1859705801381269,0.193901887695365,0.19849989177223007
6.919000000000645,0.19659915238033743,0.18604286851273433,0.1939328852192019,0.19851278229353786
6.920000000000646,0.19659912636448745,0.1861160999357585,0.1939637611393241,0.19852576018304316
6.921000000000646,0.1965991009595249,0.18619027084459128,0.19399451686454053,0.1985388260329022
6.922000000000646,0.19659907614940494,0.18626537749409286,0.19402515379817595,0.19855198043928463
6.923000000000647,0.19659905191850227,0.186341415958466,0.1940556733381348,0.19856522400240073
6.924000000000647,0.1965990282516022,0.18641838213312423,0.19408607687696514,0.1985785573265289
6.925000000000647,0.1965990051338916,0.1864962717365543,0.19411636580192204,0.19859198102004313
6.926000000000648,0.19659898255095049,0.18657508031217315,0.19414654149503105,0.19860549569544075
6.927000000000648,0.19659896048874334,0.18665480323017877,0.1941766053331511,0.1986191019693705
6.928000000000648,0.19659893893361055,0.18673543568939507,0.19420655868803738,0.19863280046266046
6.929000000000649,0.1965989178722602,0.18681697271911182,0.194236402926404,0.19864659180034666
6.930000000000649,0.1965988972917602,0.1868994091809175,0.19426613940998633,0.19866047661170136
6.931000000000649,0.19659887717952992,0.18698273977052743,0.19429576949560298,0.19867445553026186
6.93200000000065,0.19659885752333242,0.18706695901960613,0.19432529453521788,0.19868852919385932
6.93300000000065,0.19659883831126704,0.1871520612975833,0.19435471587600192,0.19870269824464803
6.93400000000065,0.196598819531761,0.187238040813465,0.1943840348603944,0.1987169633291346
6.935000000000651,0.19659880117356282,0.1873248916176392,0.1944132528261643,0.19873132509820743
6.936000000000651,0.1965987832257341,0.18741260760367573,0.19444237110647133,0.19874578420716646
6.937000000000651,0.1965987656776431,0.18750118251012124,0.19447139102992672,0.19876034131575313
6.938000000000652,0.19659874851895676,0.18759060992228888,0.19450031392065387,0.1987749970881803
6.939000000000652,0.19659873173963424,0.18768088327404303,0.19452914109834873,0.19878975219316275
6.940000000000652,0.19659871532992004,0.1877719958495798,0.19455787387834014,0.19880460730394764
6.941000000000653,0.19659869928033666,0.18786394078520197,0.1945865135716497,0.19881956309834511
6.942000000000653,0.1965986835816785,0.18795671107109027,0.1946150614850516,0.1988346202587594
6.943000000000653,0.1965986682250051,0.18805029955307015,0.19464351892113235,0.19884977947221982
6.944000000000654,0.19659865320163436,0.18814469893437488,0.19467188717835013,0.19886504143041214
6.945000000000654,0.19659863850313683,0.1882399017774046,0.19470016755109404,0.19888040682971023
6.946000000000654,0.19659862412132886,0.18833590050548224,0.19472836132974325,0.1988958763712078
6.947000000000655,0.19659861004826662,0.18843268740460584,0.19475646980072575,0.19891145076075034
6.948000000000655,0.19659859627624043,0.1885302546251991,0.1947844942465771,0.1989271307089673
6.949000000000655,0.19659858279776826,0.18862859418385763,0.19481243594599895,0.19894291693130464
6.950000000000656,0.19659856960559025,0.18872769796509462,0.19484029617391743,0.19895881014805739
6.951000000000656,0.1965985566926629,0.1888275577230837,0.19486807620154128,0.19897481108440251
6.952000000000656,0.1965985440521534,0.18892816508340068,0.19489577729641983,0.19899092047043204
6.953000000000657,0.1965985316774342,0.1890295115447639,0.19492340072250083,0.19900713904118633
6.954000000000657,0.1965985195620775,0.18913158848077374,0.19495094774018823,0.1990234675366876
6.955000000000657,0.19659850769984988,0.18923438714165214,0.19497841960639953,0.19903990670197377
6.956000000000658,0.19659849608470717,0.18933789865598152,0.1950058175746233,0.19905645728713242
6.957000000000658,0.19659848471078936,0.1894421140324448,0.19503314289497622,0.199073120047335
6.958000000000658,0.19659847357241525,0.18954702416156533,0.19506039681426018,0.1990898957428712
6.959000000000659,0.19659846266407793,0.18965261981744938,0.19508758057601924,0.19910678513918387
6.960000000000659,0.19659845198043965,0.18975889165952872,0.19511469542059623,0.1991237890069037
6.961000000000659,0.19659844151632727,0.1898658302343067,0.19514174258518951,0.1991409081218846
6.96200000000066,0.19659843126672727,0.18997342597710618,0.19516872330390925,0.19915814326523884
6.96300000000066,0.1965984212267817,0.19008166921382053,0.19519563880783386,0.199175495223373
6.96400000000066,0.19659841139178327,0.1901905501626679,0.1952224903250661,0.19919296478802356
6.965000000000661,0.19659840175717103,0.1903000589359501,0.1952492790807892,0.1992105527562933
6.966000000000661,0.19659839231852655,0.19041018554181463,0.19527600629732264,0.19922825993068738
6.967000000000661,0.19659838307156904,0.1905209198860226,0.195302673194178,0.1992460871191502
6.968000000000662,0.1965983740121518,0.19063225177372065,0.19532928098811458,0.19926403513510216
6.969000000000662,0.196598365136258,0.19074417091121956,0.19535583089319497,0.19928210479747674
6.970000000000662,0.19659835643999685,0.1908566669077778,0.1953823241208404,0.19930029693075801
6.971000000000663,0.19659834791959974,0.19096972927739206,0.19540876187988593,0.19931861236501805
6.972000000000663,0.19659833957141643,0.19108334744059433,0.1954351453766358,0.199337051935955
6.973000000000663,0.19659833139191177,0.19119751072625615,0.19546147581491835,0.19935561648493105
6.974000000000664,0.19659832337766173,0.19131220837339968,0.19548775439614088,0.19937430685901097
6.975000000000664,0.19659831552535018,0.19142742953301733,0.1955139823193446,0.1993931239110006
6.976000000000664,0.19659830783176582,0.19154316326989912,0.19554016078125935,0.19941206849948595
6.977000000000665,0.19659830029379827,0.19165939856446776,0.19556629097635805,0.1994311414888722
6.978000000000665,0.19659829290843553,0.19177612431462296,0.1955923740969114,0.19945034374942328
6.979000000000665,0.19659828567276053,0.19189332933759448,0.19561841133304209,0.1994696761573014
6.980000000000666,0.1965982785839486,0.19201100237180324,0.19564440387277923,0.19948913959460735
6.981000000000666,0.1965982716392639,0.19212913207873267,0.19567035290211252,0.1995087349494203
6.982000000000666,0.19659826483605755,0.19224770704480848,0.19569625960504636,0.19952846311583877
6.983000000000667,0.19659825817176407,0.1923667157832875,0.19572212516365384,0.199548324994021
6.984000000000667,0.19659825164389935,0.19248614673615702,0.19574795075813078,0.1995683214902265
6.985000000000667,0.19659824525005812,0.1926059882760417,0.19577373756684952,0.19958845351685692
6.986000000000668,0.1965982389879113,0.19272622870812145,0.19579948676641257,0.19960872199249802
6.987000000000668,0.19659823285520397,0.192846856272057,0.19582519953170652,0.19962912784196143
6.988000000000668,0.19659822684975306,0.1929678591439261,0.1958508770359555,0.1996496719963269
6.989000000000669,0.1965982209694453,0.19308922543816726,0.1958765204507747,0.19967035539298475
6.990000000000669,0.19659821521223522,0.1932109432095324,0.19590213094622394,0.19969117897567867
6.991000000000669,0.19659820957614343,0.19333300045504903,0.19592770969086098,0.1997121436945488
6.99200000000067,0.1965982040592546,0.19345538511598914,0.19595325785179485,0.19973325050617496
6.99300000000067,0.196598198659716,0.1935780850798469,0.19597877659473906,0.1997545003736205
6.99400000000067,0.19659819337573584,0.19370108818232262,0.19600426708406488,0.19977589426647605
6.995000000000671,0.19659818820558184,0.19382438220931525,0.19602973048285438,0.19979743316090384
6.996000000000671,0.19659818314758007,0.19394795489891956,0.1960551679529536,0.19981911803968236
6.997000000000671,0.1965981782001135,0.19407179394343016,0.19608058065502548,0.19984094989225096
6.998000000000672,0.19659817336162094,0.19419588699135085,0.19610596974860284,0.1998629297147552
6.999000000000672,0.19659816863059637,0.19432022164940757,0.19613133639214125,0.19988505851009214
7.000000000000672,0.19659816400558752,0.1944447854845664,0.196156681743072,0.1999073372879563
7.001000000000673,0.19659815948519568,0.19456956602605416,0.19618200695785476,0.19992976706488544
7.002000000000673,0.196598155068075,0.19469455076738093,0.1962073131920305,0.19995234886430732
7.003000000000673,0.19659815075293155,0.19481972716836465,0.19623260160027411,0.19997508371658612
7.004000000000674,0.19659814653852378,0.1949450826571559,0.1962578733364471,0.1999979726590694
7.005000000000674,0.1965981424236616,0.19507060463226203,0.1962831295536503,0.2000210167361358
7.006000000000674,0.1965981384072068,0.19519628046457063,0.19630837140427637,0.20004421699924219
7.007000000000675,0.1965981344880727,0.1953220974993689,0.19633360004006256,0.20006757450697213
7.008000000000675,0.19659813066522464,0.19544804305836122,0.19635881661214305,0.2000910903250838
7.009000000000675,0.19659812693768056,0.19557410444168036,0.19638402227110166,0.2001147655265589
7.010000000000676,0.1965981233045111,0.19570026892989345,0.19640921816702422,0.20013860119165144
7.011000000000676,0.1965981197648405,0.19582652378600013,0.19643440544955107,0.20016259840793701
7.012000000000676,0.19659811631784754,0.19595285625742226,0.1964595852679296,0.20018675827036256
7.013000000000677,0.1965981129627662,0.1960792535779837,0.19648475877106655,0.20021108188129622
7.014000000000677,0.19659810969888727,0.19620570296987813,0.19650992710758058,0.20023557035057768
7.015000000000677,0.19659810652555945,0.19633219164562418,0.19653509142585454,0.20026022479556876
7.016000000000678,0.19659810344219086,0.19645870681000646,0.196560252874088,0.2002850463412045
7.017000000000678,0.19659810044825102,0.19658523566199948,0.1965854126003495,0.20031003612004433
7.018000000000678,0.19659809754327215,0.19671176539667498,0.19661057175262914,0.20033519527232396
7.019000000000679,0.19659809472594164,0.19683828328827627,0.19663573147889069,0.2003605249460072
7.020000000000679,0.19659809199317732,0.1969647767750169,0.19666089292712416,0.20038602629683838
7.021000000000679,0.19659808934110354,0.1970912333746241,0.19668605724539814,0.20041170048839524
7.02200000000068,0.19659808676600124,0.19721764060147343,0.19671122558191217,0.20043754869214184
7.02300000000068,0.19659808426430375,0.1973439859684694,0.1967363990850491,0.20046357208748206
7.02400000000068,0.196598081832592,0.19747025698893475,0.19676157890342763,0.20048977186181355
7.025000000000681,0.19659807946758973,0.1975964411785103,0.1967867661859545,0.2005161492105817
7.026000000000681,0.19659807716615912,0.19772252605706578,0.19681196208187707,0.2005427053373343
7.027000000000681,0.1965980749252963,0.19784849915062153,0.19683716774083568,0.2005694414537764
7.028000000000682,0.19659807274212698,0.1979743479932816,0.1968623843129162,0.20059635877982573
7.029000000000682,0.1965980706139019,0.19810006012917922,0.19688761294870238,0.20062345854366817
7.030000000000682,0.19659806853799286,0.19822562311443398,0.19691285479932846,0.20065074198181393
7.031000000000683,0.19659806651188846,0.1983510245191212,0.19693811101653164,0.20067821033915392
7.032000000000683,0.19659806453318981,0.19847625192925414,0.1969633827527046,0.20070586486901656
7.033000000000683,0.19659806259960683,0.19860129294877812,0.1969886711609482,0.200733706833225
7.034000000000684,0.1965980607089541,0.1987261352015778,0.19701397739512394,0.2007617375021546
7.035000000000684,0.19659805885914736,0.198850766333496,0.1970393026099067,0.20078995815479095
7.036000000000684,0.19659805704819916,0.19897517401436549,0.19706464796083745,0.2008183700787883
7.037000000000685,0.19659805527421578,0.19909934594005277,0.19709001460437586,0.2008469745705282
7.038000000000685,0.19659805353539347,0.19922326983451383,0.19711540369795322,0.20087577293517866
7.039000000000685,0.19659805183001502,0.19934693345186114,0.19714081640002512,0.20090476648675382
7.040000000000686,0.1965980501564462,0.19947032457844305,0.19716625387012435,0.20093395654817375
7.041000000000686,0.19659804851313298,0.19959343103493282,0.19719171726891388,0.200963344451325
7.042000000000686,0.19659804689859764,0.19971624067842986,0.1972172077582397,0.20099293153712106
7.043000000000687,0.19659804531143626,0.19983874140456948,0.1972427265011839,0.20102271915556397
7.044000000000687,0.19659804375031567,0.19996092114964437,0.19726827466211777,0.2010527086658055
7.045000000000687,0.19659804221397023,0.2000827678927333,0.19729385340675482,0.2010829014362095
7.046000000000688,0.19659804070119935,0.20020426965784038,0.19731946390220406,0.20111329884441406
7.047000000000688,0.19659803921086477,0.20032541451604088,0.19734510731702326,0.20114390227739462
7.048000000000688,0.19659803774188775,0.20044619058763588,0.19737078482127224,0.20117471313152707
7.049000000000689,0.19659803629324676,0.2005665860443134,0.1973964975865662,0.20120573281265156
7.050000000000689,0.19659803486397498,0.20068658911131568,0.19742224678612924,0.20123696273613656
7.051000000000689,0.196598033453158,0.2008061880696124,0.19744803359484797,0.2012684043269436
7.05200000000069,0.19659803205993132,0.20092537125807902,0.19747385918932492,0.201300059019692
7.05300000000069,0.19659803068347878,0.2010441270756792,0.19749972474793243,0.20133192825872473
7.05400000000069,0.19659802932302994,0.201162443983651,0.19752563145086624,0.20136401349817395
7.055000000000691,0.19659802797785825,0.20128031050769626,0.19755158048019952,0.20139631620202755
7.056000000000691,0.19659802664727916,0.2013977152401717,0.19757757301993664,0.20142883784419588
7.057000000000691,0.19659802533064835,0.20151464684228235,0.19760361025606732,0.20146157990857907
7.058000000000692,0.1965980240273601,0.20163109404627505,0.19762969337662065,0.20149454388913468
7.059000000000692,0.19659802273684518,0.20174704565763285,0.19765582357171937,0.20152773128994586
7.060000000000692,0.19659802145856975,0.2018624905572682,0.19768200203363412,0.20156114362529
7.061000000000693,0.19659802019203337,0.20197741770371558,0.19770822995683787,0.20159478241970785
7.062000000000693,0.19659801893676818,0.20209181613532187,0.19773450853806038,0.201628649208073
7.063000000000693,0.1965980176923366,0.20220567497243408,0.1977608389763429,0.20166274553566196
7.064000000000694,0.19659801645833094,0.2023189834195844,0.19778722247309277,0.20169707295822478
7.065000000000694,0.19659801523437154,0.2024317307676709,0.1978136602321383,0.20173163304205582
7.066000000000694,0.19659801402010574,0.20254390639613437,0.19784015345978373,0.2017664273640654
7.067000000000695,0.19659801281520686,0.2026554997751294,0.19786670336486412,0.20180145751185155
7.068000000000695,0.1965980116193729,0.2027665004676908,0.1978933111588007,0.2018367250837728
7.069000000000695,0.19659801043232555,0.20287689813189325,0.1979199780556561,0.2018722316890207
7.070000000000696,0.1965980092538094,0.20298668252300453,0.19794670527218952,0.20190797894769347
7.071000000000696,0.19659800808359085,0.20309584349563176,0.1979734940279126,0.20194396849086993
7.072000000000696,0.19659800692145712,0.20320437100586014,0.19800034554514484,0.20198020196068384
7.073000000000697,0.19659800576721576,0.2033122551133832,0.19802726104906943,0.20201668101039888
7.074000000000697,0.19659800462069352,0.20341948598362505,0.19805424176778916,0.2020534073044841
7.075000000000697,0.19659800348173573,0.20352605388985415,0.19808128893238242,0.20209038251868974
7.076000000000698,0.19659800235020558,0.20363194921528716,0.19810840377695943,0.2021276083401239
7.077000000000698,0.19659800122598345,0.20373716245518378,0.1981355875387185,0.20216508646732934
7.078000000000698,0.1965980001089663,0.2038416842189323,0.19816284145800245,0.20220281861036105
7.079000000000699,0.196597998999067,0.20394550523212443,0.19819016677835535,0.20224080649086432
7.080000000000699,0.19659799789621363,0.20404861633862026,0.19821756474657912,0.2022790518421532
7.081000000000699,0.19659799680034945,0.20415100850260307,0.19824503661279044,0.20231755640928964
7.0820000000007,0.19659799571143172,0.20425267281062312,0.19827258363047784,0.20235632194916314
7.0830000000007,0.19659799462943162,0.20435360047363138,0.19830020705655885,0.2023953502305709
7.0840000000007,0.1965979935543336,0.20445378282900187,0.19832790815143736,0.20243464303429842
7.085000000000701,0.19659799248613516,0.20455321134254367,0.19835568817906118,0.20247420215320094
7.086000000000701,0.19659799142484605,0.2046518776105016,0.19838354840697967,0.20251402939228516
7.087000000000701,0.19659799037048833,0.20474977336154665,0.19841149010640152,0.20255412656879154
7.088000000000702,0.19659798932309558,0.20484689045875482,0.19843951455225287,0.20259449551227726
7.089000000000702,0.1965979882827127,0.20494322090157557,0.19846762302323534,0.20263513806469968
7.090000000000702,0.19659798724939562,0.20503875682778938,0.19849581680188452,0.20267605608050052
7.091000000000703,0.1965979862232109,0.20513349051545463,0.19852409717462846,0.20271725142669025
7.092000000000703,0.19659798520423533,0.20522741438484374,0.19855246543184624,0.20275872598293349
7.093000000000703,0.19659798419255567,0.20532052100036932,0.19858092286792697,0.20280048164163458
7.094000000000704,0.19659798318826838,0.20541280307249954,0.19860947078132887,0.2028425203080241
7.095000000000704,0.19659798219147911,0.2055042534596633,0.1986381104746384,0.20288484390024566
7.096000000000704,0.19659798120230282,0.2055948651701463,0.1986668432546298,0.20292745434944362
7.097000000000705,0.19659798022086297,0.2056846313639763,0.1986956704323247,0.2029703535998509
7.098000000000705,0.1965979792472916,0.20577354535479964,0.19872459332305184,0.20301354360887802
7.099000000000705,0.196597978281729,0.20586160061174788,0.19875361324650723,0.20305702634720213
7.100000000000706,0.196597977324323,0.20594879076129635,0.19878273152681428,0.20310080379885717
7.101000000000706,0.19659797637522936,0.2060351095891129,0.19881194949258418,0.20314487796132416
7.102000000000706,0.19659797543461113,0.20612055104189855,0.19884126847697667,0.20318925084562256
7.103000000000707,0.19659797450263797,0.2062051092292203,0.19887068981776068,0.20323392447640187
7.104000000000707,0.19659797357948655,0.20628877842533572,0.19890021485737558,0.2032789008920342
7.105000000000707,0.19659797266533982,0.20637155307100957,0.1989298449429922,0.203324182144707
7.106000000000708,0.19659797176038668,0.20645342777532386,0.19895958142657452,0.20336977030051692
7.107000000000708,0.1965979708648218,0.2065343973174804,0.19898942566494116,0.203415667439564
7.108000000000708,0.19659796997884535,0.2066144566485969,0.19901937901982744,0.20346187565604656
7.109000000000709,0.19659796910266222,0.20669360089349645,0.19904944285794746,0.20350839705835688
7.110000000000709,0.19659796823648207,0.2067718253524915,0.19907961855105644,0.20355523376917725
7.111000000000709,0.19659796738051877,0.20684912550316156,0.19910990747601334,0.20360238792557683
7.11200000000071,0.19659796653499007,0.206925497002126,0.19914031101484364,0.20364986167910928
7.11300000000071,0.19659796570011695,0.20700093568681152,0.1991708305548025,0.2036976571959109
7.11400000000071,0.1965979648761236,0.20707543757721522,0.19920146748843792,0.2037457766567993
7.115000000000711,0.19659796406323646,0.20714899887766303,0.19923222321365436,0.20379422225737315
7.116000000000711,0.19659796326168408,0.20722161597856448,0.19926309913377654,0.2038429962081122
7.117000000000711,0.1965979624716963,0.2072932854581635,0.19929409665761344,0.2038921007344782
7.118000000000712,0.19659796169350402,0.20736400408428596,0.19932521719952256,0.20394153807701645
7.119000000000712,0.1965979609273385,0.2074337688160843,0.19935646217947448,0.20399131049145797
7.120000000000712,0.19659796017343037,0.20750257680577955,0.19938783302311766,0.2040414202488225
7.121000000000713,0.19659795943200967,0.20757042540040102,0.1994193311618435,0.2040918696355221
7.122000000000713,0.1965979587033046,0.20763731214352368,0.1994509580328516,0.2041426609534654
7.123000000000713,0.19659795798754107,0.20770323477700453,0.19948271507921533,0.20419379652016276
7.124000000000714,0.19659795728494178,0.20776819124271695,0.19951460374994784,0.20424527866883196
7.125000000000714,0.19659795659572557,0.20783217968428483,0.1995466255000679,0.20429710974850462
7.126000000000714,0.19659795592010648,0.20789519844881532,0.19957878179066652,0.20434929212413336
7.127000000000715,0.1965979552582929,0.2079572460886319,0.19961107408897352,0.20440182817669986
7.128000000000715,0.19659795461048643,0.2080183213630069,0.1996435038684245,0.20445472030332337
7.129000000000715,0.1965979539768813,0.20807842323989492,0.19967607260872802,0.20450797091737008
7.130000000000716,0.19659795335766275,0.20813755089766672,0.1997087817959332,0.2045615824485633
7.131000000000716,0.19659795275300654,0.20819570372684368,0.19974163292249747,0.20461555734309425
7.132000000000716,0.19659795216307732,0.20825288133183437,0.19977462748735464,0.20466989806373379
7.133000000000717,0.19659795158802754,0.20830908353267244,0.1998077669959834,0.20472460708994467
7.134000000000717,0.1965979510279965,0.2083643103667561,0.1998410529604759,0.20477968691799478
7.135000000000717,0.19659795048310827,0.20841856209059073,0.19987448689960685,0.20483514006107095
7.136000000000718,0.19659794995347118,0.20847183918153323,0.19990807033890265,0.2048909690493936
7.137000000000718,0.19659794943917572,0.20852414233954011,0.19994180481071122,0.20494717643033236
7.138000000000718,0.1965979489402931,0.2085754724889184,0.19997569185427175,0.2050037647685221
7.139000000000719,0.19659794845687387,0.20862583078008007,0.20000973301578495,0.20506073664598007
7.140000000000719,0.19659794798894595,0.2086752185913008,0.2000439298484837,0.2051180946622237
7.141000000000719,0.1965979475365132,0.20872363753048254,0.20007828391270388,0.20517584143438913
7.14200000000072,0.1965979470995533,0.20877108943692071,0.20011279677595542,0.20523397959735076
7.14300000000072,0.19659794667801592,0.2088175763830761,0.20014747001299407,0.20529251180384137
7.14400000000072,0.19659794627182078,0.20886310067635228,0.20018230520589306,0.20535144072457315
7.145000000000721,0.19659794588085566,0.20890766486087783,0.20021730394411538,0.20541076904835967
7.146000000000721,0.19659794550497417,0.2089512717192945,0.2002524678245863,0.2054704994822385
7.147000000000721,0.19659794514399337,0.2089939242745514,0.20028779845176614,0.2055306347515946
7.148000000000722,0.19659794479769177,0.20903562579170512,0.20032329743772365,0.20559117760028495
7.149000000000722,0.19659794446580678,0.20907637977972646,0.20035896640220938,0.20565213079076347
7.1500000000007224,0.19659794414803225,0.20911618999331363,0.2003948069727297,0.20571349710420725
7.151000000000723,0.19659794384401585,0.20915506043471263,0.2004308207846211,0.2057752793406434
7.152000000000723,0.19659794355335675,0.2091929953555443,0.20046700948112467,0.20583748031907678
7.1530000000007234,0.19659794327560257,0.20922999925863894,0.2005033747134611,0.2059001028776186
7.154000000000724,0.19659794301024666,0.20926607689987786,0.20053991814090624,0.20596314987361605
7.155000000000724,0.19659794275672554,0.20930123329004324,0.20057664143086645,0.20602662418378248
7.1560000000007244,0.19659794251441534,0.20933547369667496,0.20061354625895503,0.2060905287043289
7.157000000000725,0.19659794228262953,0.20936880364593508,0.2006506343090684,0.20615486635109584
7.158000000000725,0.19659794206061526,0.2094012289244808,0.2006879072734631,0.20621964005968665
7.1590000000007254,0.1965979418475505,0.20943275558134486,0.20072536685283296,0.2062848527856013
7.160000000000726,0.19659794164254063,0.20946338992982316,0.20076301475638667,0.2063505075043713
7.161000000000726,0.19659794144461543,0.20949313854937118,0.20080085270192582,0.20641660721169552
7.1620000000007265,0.19659794125272534,0.20952200828750758,0.20083888241592324,0.20648315492357663
7.163000000000727,0.19659794106573839,0.20955000626172537,0.20087710563360173,0.20655015367645901
7.164000000000727,0.19659794088243648,0.20957713986141038,0.2009155240990134,0.20661760652736716
7.1650000000007275,0.19659794070151218,0.2096034167497676,0.20095413956511904,0.20668551655404518
7.166000000000728,0.19659794052156496,0.20962884486575392,0.20099295379386828,0.20675388685509724
7.167000000000728,0.19659794034109754,0.209653432426018,0.20103196855627986,0.20682272055012893
7.1680000000007285,0.1965979401585126,0.20967718792684664,0.20107118563252252,0.20689202077988963
7.169000000000729,0.19659793997210873,0.20970012014611733,0.20111060681199613,0.20696179070641582
7.170000000000729,0.1965979397800772,0.2097222381452564,0.20115023389341344,0.20703203351317526
7.1710000000007295,0.1965979395804979,0.2097435512712026,0.20119006868488212,0.20710275240521245
7.17200000000073,0.19659793937133593,0.20976406915837578,0.20123011300398727,0.20717395060929467
7.17300000000073,0.19659793915043786,0.20978380173065017,0.20127036867787426,0.2072456313740593
7.1740000000007305,0.19659793891552807,0.20980275920333086,0.20131083754333226,0.20731779797016203
7.175000000000731,0.1965979386642052,0.20982095208513452,0.20135152144687787,0.20739045369042614
7.176000000000731,0.19659793839393847,0.2098383911801725,0.20139242224483955,0.20746360184999266
7.1770000000007315,0.19659793810206416,0.20985508758993582,0.2014335418034422,0.2075372457864717
7.178000000000732,0.19659793778578205,0.2098710527152828,0.20147488199889235,0.20761138886009475
7.179000000000732,0.19659793744215212,0.20988629825842614,0.20151644471746374,0.2076860344538679
7.1800000000007325,0.19659793706809128,0.2099008362249214,0.20155823185558347,0.20776118597372636
7.181000000000733,0.1965979366603697,0.20991467892565463,0.2016002453199184,0.20783684684868967
7.182000000000733,0.19659793621560784,0.20992783897882883,0.2016424870274623,0.20791302053101832
7.1830000000007335,0.19659793573027368,0.20994032931194861,0.20168495890562319,0.20798971049637127
7.184000000000734,0.19659793520067934,0.20995216316380275,0.2017276628923113,0.2080669202439644
7.185000000000734,0.19659793462297828,0.20996335408644262,0.20177060093602767,0.20814465329673026
7.1860000000007345,0.1965979339931629,0.20997391594715795,0.2018137749959527,0.2082229132014789
7.187000000000735,0.19659793330706185,0.20998386293044702,0.20185718704203595,0.20830170352905947
7.188000000000735,0.19659793256033767,0.20999320953998224,0.20190083905508574,0.20838102787452345
7.1890000000007355,0.1965979317484847,0.21000197060056974,0.2019447330268596,0.20846088985728845
7.190000000000736,0.196597930866827,0.21001016126010244,0.20198887096015525,0.2085412931213034
7.191000000000736,0.19659792991051678,0.2100177969915063,0.20203325486890183,0.20862224133521495
7.1920000000007365,0.19659792887453265,0.2100248935946788,0.20207788677825192,0.20870373819253468
7.193000000000737,0.19659792775367832,0.21003146719841953,0.20212276872467386,0.20878578741180778
7.194000000000737,0.1965979265425821,0.21003753426235253,0.2021679027560447,0.20886839273678262
7.1950000000007375,0.19659792523569522,0.21004311157883906,0.2022132909317437,0.2089515579365816
7.196000000000738,0.19659792382729233,0.2100482162748817,0.20225893532274616,0.2090352868058732
7.197000000000738,0.19659792231147047,0.21005286581401833,0.202304838011718,0.20911958316504492
7.1980000000007385,0.1965979206821499,0.2100570779982069,0.20235100109311085,0.2092044508603779
7.199000000000739,0.19659791893307418,0.21006087096969916,0.2023974266732575,0.20928989376422213
7.200000000000739,0.19659791705781116,0.2100642632129052,0.202444116870468,0.20937591577517328
7.2010000000007395,0.19659791504975413,0.21006727355624671,0.20249107381512652,0.20946252081825065
7.20200000000074,0.19659791290212353,0.210069921174,0.20253829964978823,0.2095497128450761
7.20300000000074,0.19659791060796872,0.2100722255881291,0.20258579652927736,0.2096374958340544
7.2040000000007405,0.1965979081601707,0.21007420667010768,0.20263356662078533,0.20972587379055488
7.205000000000741,0.1965979055514448,0.2100758846427313,0.2026816121039697,0.20981485074709402
7.206000000000741,0.19659790277434402,0.2100772800819188,0.20272993517105367,0.20990443076351958
7.2070000000007415,0.19659789982126294,0.21007841391850474,0.20277853802692605,0.20999461792719576
7.208000000000742,0.196597896684442,0.21007930744002068,0.20282742288924183,0.2100854163531897
7.209000000000742,0.19659789335597222,0.21007998229246852,0.20287659198852345,0.2101768301844593
7.2100000000007425,0.19659788982780094,0.21008046048208348,0.20292604756826252,0.2102688635920422
7.211000000000743,0.1965978860917375,0.21008076437708886,0.2029757918850222,0.2103615207752461
7.212000000000743,0.19659788213945995,0.21008091670944226,0.20302582720854023,0.2104548059618405
7.2130000000007435,0.19659787796252226,0.21008094057657364,0.20307615582183233,0.21054872340824932
7.214000000000744,0.19659787355236213,0.2100808594431162,0.20312678002129653,0.21064327739974537
7.215000000000744,0.19659786890030964,0.2100806971426294,0.20317770211681788,0.2107384722506458
7.2160000000007445,0.19659786399759646,0.2100804778793159,0.20322892443187385,0.21083431230450894
7.217000000000745,0.1965978588353658,0.21008022622973205,0.20328044930364036,0.21093080193433247
7.218000000000745,0.19659785340468328,0.21007996714449262,0.20333227908309842,0.211027945542753
7.2190000000007455,0.19659784433540278,0.21007964628035436,0.20338410886255645,0.21103446149324856
7.220000000000746,0.19659784797287577,0.21007933302497728,0.20343563373432297,0.21104102160695806
7.221000000000746,0.19659788953230548,0.21007902720154562,0.20348685604937897,0.21104762618320688
7.2220000000007465,0.1965979938379224,0.21007872863740892,0.20353777814490032,0.21105427552334916
7.223000000000747,0.19659818532508494,0.21007843716397404,0.2035884023443645,0.21106096993078147
7.224000000000747,0.19659848804239938,0.21007815261660115,0.2036387309576566,0.21106770971095687
7.2250000000007475,0.19659892565385845,0.21007787483450224,0.20368876628117463,0.21107449517139854
7.226000000000748,0.1965995214409957,0.21007760366064324,0.20373851059793435,0.211081326621714
7.227000000000748,0.1966002983050539,0.210077338941648,0.20378796617767342,0.21108820437360926
7.2280000000007485,0.1966012787691657,0.21007708052770638,0.20383713527695502,0.21109512874090286
7.229000000000749,0.19660248498054467,0.210076828272484,0.2038860201392708,0.21110210003954047
7.230000000000749,0.19660393871268544,0.21007658203303536,0.20393462299514314,0.21110911858760903
7.2310000000007495,0.19660566136757132,0.21007634166971886,0.20398294606222714,0.21111618470535143
7.23200000000075,0.19660767397788667,0.21007610704611474,0.20403099154541152,0.21112329871518104
7.23300000000075,0.19660999720923578,0.2100758780289453,0.2040787616369195,0.21113046094169652
7.2340000000007505,0.19661265136236328,0.21007565448799717,0.20412625851640862,0.21113767171169645
7.235000000000751,0.19661565637537798,0.21007543629604614,0.20417348435107033,0.21114493135419443
7.236000000000751,0.1966190318259769,0.21007522332878373,0.20422044129572883,0.21115224020043408
7.2370000000007515,0.19662279693367032,0.21007501546474627,0.20426713149293937,0.21115959858390396
7.238000000000752,0.19662697056200512,0.21007481258524566,0.20431355707308602,0.21116700684035303
7.239000000000752,0.19663157122078753,0.2100746145743021,0.20435972015447887,0.21117446530780576
7.2400000000007525,0.19663661706830274,0.2100744213185788,0.2044056228434507,0.2111819743265777
7.241000000000753,0.19664212591353186,0.21007423270731834,0.20445126723445314,0.21118953423929102
7.242000000000753,0.19664811521836537,0.21007404863228113,0.20449665541015213,0.21119714539089
7.2430000000007535,0.19665460209981245,0.21007386898768504,0.204541789441523,0.21120480812865686
7.244000000000754,0.19666160333220545,0.21007369367014672,0.20458667138794492,0.21121252280222763
7.245000000000754,0.19666913534939937,0.21007352257862533,0.20463130329729504,0.2112202897636081
7.2460000000007545,0.1966772142469667,0.2100733556143666,0.20467568720604162,0.21122810936718972
7.247000000000755,0.19668585578438538,0.21007319268084917,0.20471982513933726,0.21123598196976603
7.248000000000755,0.19669507538722233,0.210073033683732,0.20476371911111113,0.2112439079305488
7.2490000000007555,0.1967048881493096,0.21007287853080353,0.2048073711241609,0.21125188761118435
7.250000000000756,0.19671530883491498,0.2100727271319316,0.20485078317024416,0.2112599213757703
7.251000000000756,0.19672635188090629,0.2100725793990155,0.20489395723016923,0.2112680095908718
7.2520000000007565,0.19673803139890927,0.21007243524593816,0.2049368952738856,0.21127615262553862
7.253000000000757,0.1967503611774586,0.21007229458852092,0.20497959926057374,0.21128435085132177
7.254000000000757,0.19676335468414305,0.2100721573444783,0.2050220711387346,0.21129260464229058
7.2550000000007575,0.19677702506774417,0.21007202343337444,0.2050643128462785,0.2113009143750497
7.256000000000758,0.19679138516036823,0.21007189277658098,0.20510632631061343,0.21130928042875627
7.257000000000758,0.1968064474795727,0.2100717652972353,0.20514811344873315,0.21131770318513726
7.2580000000007585,0.19682222423048581,0.21007164092020042,0.20518967616730455,0.2113261830285069
7.259000000000759,0.1968387273079206,0.2100715195720255,0.20523101636275468,0.21133472034578413
7.260000000000759,0.19685596829848304,0.21007140118090767,0.20527213592135732,0.21134331552651037
7.2610000000007595,0.19687395848267453,0.21007128567665492,0.20531303671931903,0.21135196896286723
7.26200000000076,0.19689270883698848,0.2100711729906492,0.20535372062286467,0.21136068104969438
7.26300000000076,0.19691223003600256,0.21007106305581147,0.20539418948832266,0.21136945218450762
7.2640000000007605,0.1969325324544643,0.21007095580656662,0.20543444516220966,0.211378282767517
7.265000000000761,0.1969536261693731,0.21007085117881036,0.2054744894813148,0.21138717320164507
7.266000000000761,0.19697552096205687,0.21007074910987591,0.2055143242727835,0.21139612389254525
7.2670000000007615,0.19699822632024416,0.21007064953850202,0.2055539513542008,0.21140513524862042
7.268000000000762,0.19702175144013218,0.21007055240480196,0.20559337253367438,0.21141420768104144
7.269000000000762,0.19704610522844995,0.2100704576502329,0.205632589609917,0.211423341603766
7.2700000000007625,0.1970712963045184,0.21007036521756614,0.2056716043723286,0.21143253743355747
7.271000000000763,0.19709733300230606,0.21007027505085826,0.20571041860107783,0.2114417955900039
7.272000000000763,0.19712422337248142,0.2100701870954231,0.2057490340671835,0.21145111649553722
7.2730000000007635,0.19715197518446137,0.21007010129780374,0.20578745253259517,0.21146050057545238
7.274000000000764,0.19718059592845702,0.210070017605746,0.2058256757502737,0.21146994825792703
7.275000000000764,0.19721009281751595,0.21006993596817208,0.2058637054642711,0.21147945997404072
7.2760000000007645,0.19724047278956133,0.21006985633515537,0.20590154340981023,0.21148903615779482
7.277000000000765,0.19727174250942858,0.21006977865789492,0.20593919131336397,0.21149867724613222
7.278000000000765,0.19730390837089887,0.2100697028886915,0.20597665089273381,0.21150838367895727
7.2790000000007655,0.19733697649873003,0.21006962898092416,0.20601392385712852,0.21151815589915587
7.280000000000766,0.19737095275068534,0.21006955688902643,0.2060510119072419,0.21152799435261568
7.281000000000766,0.19740584271955897,0.21006948656846433,0.20608791673533047,0.21153789948824642
7.2820000000007665,0.19744165173519976,0.21006941797571402,0.20612464002529068,0.2115478717580004
7.283000000000767,0.1974783848665321,0.21006935106824054,0.2061611834527358,0.2115579116168932
7.284000000000767,0.197516046923575,0.21006928580447662,0.20619754868507226,0.2115680195230243
7.2850000000007675,0.19755464245945803,0.21006922214380233,0.2062337373815758,0.21157819593759802
7.286000000000768,0.19759417577243615,0.21006916004652504,0.2062697511934672,0.21158844132494464
7.287000000000768,0.19763465090790097,0.21006909947385996,0.20630559176398755,0.21159875615254156
7.2880000000007685,0.19767607166039045,0.21006904038791122,0.20634126072847328,0.2116091408910345
7.289000000000769,0.19771844157559626,0.21006898275165287,0.20637675971443076,0.21161959601425911
7.290000000000769,0.19776176395236858,0.21006892652891115,0.20641209034161062,0.21163012199926273
7.2910000000007695,0.1978060418447185,0.21006887168434654,0.20644725422208152,0.21164071932632572
7.29200000000077,0.19785127806381814,0.21006881818343637,0.20648225296030384,0.21165138847898385
7.29300000000077,0.19789747517999823,0.21006876599245797,0.20651708815320283,0.21166212994405004
7.2940000000007705,0.19794463552474284,0.21006871507847208,0.20655176139024148,0.21167294421163674
7.295000000000771,0.19799276119268214,0.2100686654093068,0.20658627425349305,0.21168383177517822
7.296000000000771,0.19804185404358135,0.21006861695354154,0.20662062831771322,0.21169479313145312
7.2970000000007715,0.1980919157043281,0.21006856968049162,0.20665482515041197,0.211705828780607
7.298000000000772,0.19814294757091605,0.21006852356019332,0.20668886631192518,0.21171693922617546
7.299000000000772,0.19819495081042554,0.21006847856338878,0.2067227533554857,0.21172812497510676
7.3000000000007725,0.1982479263630017,0.21006843466151162,0.20675648782729428,0.21173938653778515
7.301000000000773,0.19830187494382853,0.2100683918266731,0.20679007126659008,0.2117507244280541
7.302000000000773,0.19835679704510034,0.21006835003164767,0.20682350520572101,0.2117621391632398
7.3030000000007735,0.1984126929379892,0.21006830924985986,0.20685679117021352,0.2117736312641747
7.304000000000774,0.19846956267460922,0.21006826945537077,0.20688993067884226,0.2117852012552213
7.305000000000774,0.1985274060899765,0.21006823062286495,0.20692292524369943,0.2117968496642961
7.3060000000007745,0.19858622280396623,0.2100681927276379,0.2069557763702637,0.21180857702289366
7.307000000000775,0.1986460122232649,0.21006815574558335,0.20698848555746885,0.2118203838661108
7.308000000000775,0.19870677354331892,0.210068119653181,0.20702105429777237,0.21183227073267116
7.3090000000007755,0.19876850575027874,0.21006808442748484,0.20705348407722335,0.2118442381649496
7.310000000000776,0.19883120762293918,0.2100680500461109,0.20708577637553036,0.2118562867089971
7.311000000000776,0.19889487773467443,0.21006801648722598,0.207117932666129,0.2118684169145656
7.3120000000007765,0.19895951445536966,0.21006798372953625,0.20714995441624906,0.2118806293351331
7.313000000000777,0.19902511595334677,0.21006795175227602,0.20718184308698157,0.2118929245279289
7.314000000000777,0.19909168019728593,0.21006792053519716,0.20721360013334533,0.21190530305395905
7.3150000000007775,0.19915920495814243,0.2100678900585579,0.2072452270043534,0.2119177654780319
7.316000000000778,0.1992276878110581,0.2100678603031128,0.20727672514307924,0.21193031236878399
7.317000000000778,0.19929712613726777,0.21006783125010212,0.20730809598672242,0.2119429442987058
7.3180000000007785,0.19936751712600065,0.21006780288124174,0.20733934096667436,0.21195566184416814
7.319000000000779,0.19943885777637632,0.2100677751787134,0.20737046150858346,0.21196846558544813
7.320000000000779,0.19951114489929514,0.2100677481251547,0.20740145903242035,0.2119813561067559
7.3210000000007796,0.19958437511932373,0.2100677217036493,0.20743233495254254,0.21199433399626122
7.32200000000078,0.1996585448765746,0.21006769589771815,0.20746309067775898,0.21200739984612024
7.32300000000078,0.1997336504285802,0.21006767069130955,0.2074937276113944,0.21202055425250269
7.3240000000007806,0.19980968785216158,0.21006764606879033,0.20752424715135326,0.2120337978156188
7.325000000000781,0.1998866530452912,0.21006762201493664,0.20755465069018358,0.21204713113974696
7.326000000000781,0.19996454172895028,0.21006759851492576,0.2075849396151405,0.2120605548332612
7.3270000000007816,0.2000433494489801,0.21006757555432665,0.2076151153082495,0.21207406950865884
7.328000000000782,0.200123071577928,0.21006755311909175,0.20764517914636954,0.21208767578258855
7.329000000000782,0.20020370331688772,0.21006753119554888,0.20767513250125583,0.21210137427587855
7.330000000000783,0.20028523969733325,0.21006750977039249,0.20770497673962246,0.21211516561356475
7.331000000000783,0.20036767558294832,0.21006748883067602,0.20773471322320478,0.21212905042491945
7.332000000000783,0.2004510056714494,0.21006746836380344,0.2077643433088214,0.21214302934347992
7.333000000000784,0.2005352244964032,0.21006744835752195,0.2077938683484363,0.21215710300707738
7.334000000000784,0.20062032642903896,0.2100674287999139,0.20782328968922034,0.21217127205786612
7.335000000000784,0.20070630568005537,0.21006740967938922,0.20785260867361283,0.2121855371423527
7.336000000000785,0.20079315630142192,0.21006739098467803,0.20788182663938273,0.21219989891142552
7.337000000000785,0.20088087218817527,0.21006737270482337,0.20791094491968976,0.21221435802038455
7.338000000000785,0.20096944708021053,0.21006735482917382,0.20793996484314514,0.2122289151289712
7.339000000000786,0.2010588745640676,0.21006733734737654,0.2079688877338723,0.2122435709013984
7.340000000000786,0.20114914807471282,0.21006732024937003,0.20799771491156716,0.21225832600638084
7.341000000000786,0.20124026089731595,0.21006730352537772,0.20802644769155856,0.21227318111716573
7.342000000000787,0.20133220616902286,0.21006728716590062,0.2080550873848681,0.21228813691156323
7.343000000000787,0.20142497688072397,0.21006727116171103,0.20808363529827,0.2123031940719775
7.344000000000787,0.20151856587881878,0.210067255503846,0.20811209273435077,0.2123183532854379
7.345000000000788,0.20161296586697694,0.21006724018360082,0.20814046099156855,0.21233361524363023
7.346000000000788,0.20170816940789524,0.21006722519252255,0.20816874136431246,0.21234898064292834
7.347000000000788,0.20180416892505218,0.210067210522404,0.20819693514296167,0.2123644501844259
7.348000000000789,0.20190095670445898,0.21006719616527766,0.20822504361394414,0.21238002457396843
7.349000000000789,0.20199852489640865,0.21006718211340933,0.2082530680597955,0.2123957045221854
7.350000000000789,0.20209686551722222,0.21006716835929262,0.20828100975921734,0.21241149074452273
7.35100000000079,0.20219597045099333,0.21006715489564293,0.20830886998713583,0.21242738396127547
7.35200000000079,0.2022958314513314,0.21006714171539181,0.20833665001475968,0.21244338489762063
7.35300000000079,0.20239644014310298,0.21006712881168121,0.20836435110963822,0.21245949428365016
7.354000000000791,0.20249778802417318,0.21006711617785817,0.20839197453571923,0.21247571285440442
7.355000000000791,0.2025998664671456,0.21006710380746943,0.20841952155340662,0.2124920413499057
7.356000000000791,0.2027026667211029,0.2100670916942558,0.20844699341961792,0.2125084805151919
7.357000000000792,0.20280617991334757,0.21006707983214734,0.20847439138784168,0.21252503110035054
7.358000000000792,0.20291039705114328,0.210067068215258,0.20850171670819462,0.2125416938605531
7.359000000000792,0.20301530902345746,0.2100670568378805,0.20852897062747858,0.2125584695560893
7.360000000000793,0.20312090660270563,0.21006704569448187,0.20855615438923764,0.21257535895240198
7.361000000000793,0.20322718044649746,0.21006703477969815,0.20858326923381462,0.21259236282012184
7.362000000000793,0.20333412109938573,0.2100670240883299,0.2086103163984079,0.21260948193510273
7.363000000000794,0.2034417189946176,0.2100670136153374,0.20863729711712764,0.21262671707845698
7.364000000000794,0.20354996445588988,0.21006700335583617,0.20866421262105225,0.21264406903659114
7.365000000000794,0.20365884769910758,0.21006699330509274,0.2086910641382845,0.21266153860124173
7.366000000000795,0.2037683588341468,0.2100669834585199,0.2087178528940076,0.21267912656951143
7.367000000000795,0.20387848786662222,0.21006697381167275,0.20874458011054103,0.21269683374390552
7.368000000000795,0.20398922469966016,0.2100669643602443,0.20877124700739638,0.21271466093236835
7.369000000000796,0.20410055913567599,0.2100669551000616,0.20879785480133298,0.2127326089483203
7.370000000000796,0.20421248087815883,0.2100669460270817,0.20882440470641336,0.2127506786106949
7.371000000000796,0.2043249795334609,0.21006693713738753,0.20885089793405878,0.21276887074397619
7.372000000000797,0.20443804461259546,0.21006692842718447,0.20887733569310432,0.21278718617823622
7.373000000000797,0.20455166553303966,0.2100669198927965,0.2089037191898542,0.21280562574917317
7.374000000000797,0.20466583162054647,0.2100669115306624,0.20893004962813672,0.21282419029814922
7.375000000000798,0.20478053211096295,0.21006690333733247,0.20895632820935925,0.21284288067222915
7.376000000000798,0.2048957561520576,0.21006689530946507,0.20898255613256297,0.21286169772421876
7.377000000000798,0.2050114928053552,0.21006688744382318,0.20900873459447772,0.21288064231270412
7.378000000000799,0.20512773104798016,0.21006687973727126,0.20903486478957642,0.21289971530209034
7.379000000000799,0.2052444597745091,0.21006687218677206,0.20906094791012977,0.21291891756264142
7.380000000000799,0.20536166779883172,0.21006686478938366,0.20908698514626045,0.21293824997051958
7.3810000000008,0.205479343856021,0.21006685754225635,0.2091129776859976,0.21295771340782552
7.3820000000008,0.20559747660421263,0.2100668504426299,0.20913892671533088,0.21297730876263848
7.3830000000008,0.20571605462649326,0.2100668434878308,0.20916483341826472,0.21299703692905694
7.384000000000801,0.20583506643279884,0.2100668366752696,0.2091906989768722,0.2130168988072392
7.385000000000801,0.20595450046182148,0.21006683000243814,0.20921652457134915,0.21303689530344466
7.386000000000801,0.2060743450829258,0.21006682346690747,0.20924231138006788,0.21305702733007512
7.387000000000802,0.206194588598075,0.21006681706632513,0.20926806057963093,0.21307729580571622
7.388000000000802,0.20631521924376517,0.21006681079841308,0.20929377334492488,0.21309770165517963
7.389000000000802,0.20643622519296903,0.21006680466096542,0.20931945084917386,0.2131182458095451
7.390000000000803,0.20655759455708878,0.21006679865184646,0.20934509426399306,0.21313892920620298
7.391000000000803,0.20667931538791603,0.21006679276898865,0.2093707047594423,0.21315975278889687
7.392000000000803,0.2068013756796018,0.21006678701039064,0.20939628350407935,0.213180717507767
7.393000000000804,0.20692376337063262,0.2100667813741158,0.20942183166501321,0.21320182431939316
7.394000000000804,0.20704646634581514,0.21006677585829048,0.20944735040795742,0.2132230741868387
7.395000000000804,0.20716947243826703,0.2100667704611022,0.20947284089728324,0.21324446807969427
7.396000000000805,0.2072927694314148,0.21006676518079864,0.20949830429607275,0.21326600697412207
7.397000000000805,0.20741634506099743,0.21006676001568617,0.20952374176617197,0.21328769185290058
7.398000000000805,0.2075401870170748,0.21006675496412847,0.20954915446824385,0.2133095237054692
7.399000000000806,0.20766428294604158,0.21006675002454592,0.20957454356182117,0.21333150352797342
7.400000000000806,0.20778862045264448,0.21006674519541416,0.2095999102053596,0.21335363232331037
7.401000000000806,0.2079131871020028,0.21006674047526344,0.20962525555629033,0.2133759111011745
7.402000000000807,0.20803797042163125,0.2100667358626783,0.2096505807710731,0.21339834087810367
7.403000000000807,0.2081629579034644,0.2100667313562962,0.20967588700524883,0.21342092267752555
7.404000000000807,0.2082881370058819,0.2100667269548078,0.20970117541349245,0.21344365752980432
7.405000000000808,0.20841349515573268,0.21006672265695633,0.20972644714966543,0.21346654647228763
7.406000000000808,0.20853901975035818,0.21006671846153757,0.20975170336686863,0.213489590549354
7.407000000000808,0.20866469815961297,0.21006671436739938,0.2097769452174947,0.2135127908124604
7.408000000000809,0.20879051772788176,0.21006671037344243,0.2098021738532809,0.21353614832019036
7.409000000000809,0.20891646577609133,0.2100667064786201,0.2098273904253614,0.21355966413830205
7.410000000000809,0.20904252960371694,0.21006670268193892,0.20985259608432,0.21358333933977716
7.41100000000081,0.20916869649078076,0.21006669898245914,0.20987779198024256,0.2136071750048697
7.41200000000081,0.20929495369984197,0.21006669537929565,0.2099029792627694,0.21363117222115524
7.41300000000081,0.2094212884779769,0.21006669187161833,0.20992815908114792,0.2136553320835808
7.414000000000811,0.20954768805874724,0.2100666884586538,0.2099533325842849,0.21367965569451447
7.415000000000811,0.2096741396641559,0.210066685139686,0.20997850092079892,0.21370414416379593
7.416000000000811,0.2098006305065876,0.2100666819140579,0.21000366523907288,0.21372879860878702
7.417000000000812,0.20992714779073376,0.21006667878117302,0.21002882668730632,0.21375362015442276
7.418000000000812,0.21005367871549954,0.2100666757404971,0.21005398641356784,0.21377860993326261
7.419000000000812,0.21018021047589155,0.21006667279156013,0.21007914556584747,0.21380376908554224
7.420000000000813,0.21030673034653066,0.2100666699330696,0.21010430529210902,0.21382909875922546
7.421000000000813,0.21043322576691295,0.21006666716200822,0.2101294667403425,0.21385460011005666
7.422000000000813,0.2105596842564624,0.21006666447458386,0.21015463105861648,0.21388027430161352
7.423000000000814,0.2106860933311709,0.21006666186715772,0.2101797993951305,0.21390612250536012
7.424000000000814,0.21081244050546166,0.21006665933623953,0.21020497289826745,0.21393214590070034
7.425000000000814,0.21093871329406538,0.21006665687848344,0.21023015271664597,0.21395834567503183
7.426000000000815,0.21106489921390756,0.2100666544906832,0.21025533999917284,0.21398472302379998
7.427000000000815,0.2111909857860099,0.21006665216976791,0.2102805358950954,0.2140112791505526
7.428000000000815,0.21131696053740368,0.2100666499127979,0.21030574155405402,0.2140380152669947
7.429000000000816,0.21144281100305706,0.21006664771696046,0.21033095812613453,0.21406493259304402
7.430000000000816,0.211568524727816,0.21006664557956523,0.21035618676192072,0.21409203235688645
7.431000000000816,0.21169408926835828,0.21006664349804072,0.2103814286125468,0.2141193157950322
7.432000000000817,0.21181949219516183,0.21006664146992987,0.21040668482974997,0.21414678415237223
7.433000000000817,0.2119447210944867,0.21006663949288618,0.21043195656592295,0.21417443868223487
7.434000000000817,0.21206976357037025,0.2100666375646698,0.21045724497416654,0.2142022806464433
7.435000000000818,0.21219460724663702,0.21006663568314402,0.21048255120834228,0.2142303113153729
7.436000000000818,0.21231923976892095,0.21006663384627103,0.21050787642312505,0.21425853196800926
7.437000000000818,0.21244364880670147,0.21006663205210868,0.21053322177405578,0.21428694389200661
7.438000000000819,0.21256782205535307,0.21006663029880684,0.2105585884175942,0.2143155483837465
7.439000000000819,0.21269174723820652,0.210066628584604,0.21058397751117156,0.21434434674839697
7.440000000000819,0.21281541210862367,0.2100666269078238,0.21060939021324343,0.21437334029997213
7.44100000000082,0.21293880445208338,0.2100666252668717,0.21063482768334266,0.21440253036139206
7.44200000000082,0.21306191208827988,0.21006662366023207,0.2106602910821322,0.21443191826454328
7.44300000000082,0.2131847228732317,0.21006662208646484,0.210685781571458,0.21446150535033937
7.444000000000821,0.2133072247014014,0.21006662054420264,0.21071130031440222,0.21449129296878228
7.445000000000821,0.21342940550782566,0.21006661903214768,0.21073684847533608,0.21452128247902383
7.446000000000821,0.21355125327025484,0.21006661754906933,0.21076242721997313,0.2145514752494278
7.447000000000822,0.21367275601130134,0.21006661609380098,0.21078803771542237,0.21458187265763237
7.448000000000822,0.21379390180059646,0.21006661466523774,0.21081368113024157,0.21461247609061293
7.449000000000822,0.21391467875695525,0.21006661326233372,0.21083935863449055,0.2146432869447454
7.450000000000823,0.21403507505054775,0.21006661188409942,0.2108650713997845,0.2146743066258699
7.451000000000823,0.21415507890507718,0.2100666105295999,0.21089082059934755,0.2147055365493549
7.452000000000823,0.2142746785999639,0.21006660919795198,0.21091660740806628,0.2147369781401619
7.453000000000824,0.2143938624725333,0.21006660788832218,0.21094243300254323,0.21476863283291034
7.454000000000824,0.21451261892020954,0.21006660659992482,0.21096829856115074,0.21480050207194307
7.455000000000824,0.2146309364027113,0.21006660533201973,0.21099420526408455,0.2148325873113923
7.456000000000825,0.21474880344425104,0.2100666040839106,0.21102015429341783,0.2148648900152459
7.457000000000825,0.21486620863573638,0.21006660285494289,0.21104614683315495,0.21489741165741422
7.458000000000825,0.21498314063697235,0.2100666016445021,0.21107218406928563,0.2149301537217974
7.459000000000826,0.2150995881788644,0.2100666004520121,0.21109826718983896,0.21496311770235302
7.460000000000826,0.21521554006562146,0.2100665992769335,0.21112439738493768,0.21499630510316423
7.461000000000826,0.21533098517695748,0.21006659811876216,0.21115057584685243,0.21502971743850838
7.462000000000827,0.21544591247029238,0.21006659697702756,0.21117680377005618,0.21506335623292622
7.463000000000827,0.21556031098294962,0.21006659585129148,0.2112030823512787,0.21509722302129133
7.464000000000827,0.21567416983435156,0.2100665947411466,0.2112294127895612,0.21513131934888033
7.465000000000828,0.21578747822821098,0.2100665936462154,0.21125579628631108,0.21516564677144315
7.466000000000828,0.21590022545471807,0.2100665925661486,0.21128223404535662,0.2152002068552742
7.467000000000828,0.216012400892723,0.21006659150062418,0.21130872727300204,0.21523500117728375
7.468000000000829,0.2161239940119125,0.21006659044934647,0.21133527717808243,0.21527003132506994
7.469000000000829,0.2162349943749808,0.21006658941204467,0.21136188497201902,0.21530529889699115
7.470000000000829,0.21634539163979377,0.21006658838847234,0.2113885518688744,0.21534080550223908
7.47100000000083,0.2164551755615456,0.21006658737840597,0.21141527908540783,0.21537655276091186
7.47200000000083,0.21656433599490857,0.21006658638164444,0.2114420678411309,0.2154125423040883
7.47300000000083,0.2166728628961742,0.21006658539800813,0.21146891935836315,0.21544877577390223
7.474000000000831,0.2167807463253858,0.21006658442733772,0.21149583486228773,0.21548525482361727
7.475000000000831,0.21688797644846264,0.21006658346949422,0.21152281558100747,0.2155219811177025
7.476000000000831,0.21699454353931402,0.2100665825243575,0.21154986274560073,0.21555895633190814
7.477000000000832,0.2171004379819449,0.2100665815918258,0.21157697759017774,0.2155961821533423
7.478000000000832,0.21720565027254976,0.21006658067181563,0.2116041613519368,0.21563366028054776
7.479000000000832,0.2173101710215985,0.21006657976426013,0.21163141527122076,0.21567139242357947
7.480000000000833,0.21741399095590977,0.21006657886910943,0.21165874059157366,0.21570938030408274
7.481000000000833,0.21751710092071536,0.2100665779863298,0.21168613855979743,0.2157476256553716
7.482000000000833,0.21761949188171228,0.2100665771159029,0.21171361042600875,0.21578613022250806
7.483000000000834,0.21772115492710517,0.21006657625782574,0.21174115744369615,0.21582489576238156
7.484000000000834,0.21782208126963662,0.21006657541210977,0.21176878086977716,0.21586392404378932
7.485000000000834,0.21792226224860659,0.21006657457878058,0.21179648196465567,0.21590321684751684
7.486000000000835,0.21802168933188118,0.210066573757878,0.2118242619922795,0.2159427759664194
7.487000000000835,0.21812035411788902,0.21006657294945483,0.21185212222019797,0.2159826032055036
7.488000000000835,0.21821824833760756,0.21006657215357702,0.21188006391961983,0.21602270038200996
7.489000000000836,0.21831536385653727,0.21006657137032334,0.21190808836547118,0.21606306932549568
7.490000000000836,0.218411692676665,0.21006657059978479,0.21193619683645365,0.21610371187791813
7.491000000000836,0.21850722693841654,0.21006656984206443,0.21196439061510283,0.21614462989371896
7.492000000000837,0.2186019589225975,0.21006656909727695,0.21199267098784677,0.2161858252399087
7.493000000000837,0.2186958810523241,0.21006656836554874,0.21202103924506455,0.21622729979615193
7.494000000000837,0.2187889858949427,0.2100665676470169,0.21204949668114528,0.21626905545485303
7.495000000000838,0.21888126616393916,0.21006656694182974,0.21207804459454718,0.21631109412124255
7.496000000000838,0.21897271472083746,0.21006656625014594,0.2121066842878567,0.2163534177134641
7.497000000000838,0.21906332457708885,0.21006656557213457,0.2121354170678481,0.21639602816266207
7.498000000000839,0.21915308889595025,0.21006656490797465,0.212164244245543,0.2164389274130694
7.499000000000839,0.2192420009943538,0.21006656425785517,0.21219316713627015,0.21648211742209647
7.500000000000839,0.21933005434476632,0.21006656362197434,0.21222218705972554,0.2165256001604206
7.50100000000084,0.21941724257704037,0.2100665630005399,0.2122513053400326,0.21656937761207562
7.50200000000084,0.2195035594802555,0.2100665623937685,0.2122805233058025,0.2166134517745426
7.50300000000084,0.21958899900455203,0.21006656180188538,0.21230984229019498,0.21665782465884104
7.504000000000841,0.2196735552629556,0.21006656122512424,0.212339263630979,0.21670249828962035
7.505000000000841,0.21975722253319468,0.21006656066372728,0.2123687886705939,0.21674747470525269
7.506000000000841,0.21983999525950937,0.2100665601179441,0.21239841875621052,0.21679275595792546
7.507000000000842,0.21992186805445396,0.2100665595880324,0.21242815523979283,0.2168383441137354
7.508000000000842,0.22000283570069196,0.21006655907425664,0.21245799947815946,0.21688424125278247
7.509000000000842,0.22008289315278456,0.21006655857688855,0.21248795283304575,0.21693044946926507
7.510000000000843,0.22016203553897284,0.2100665580962065,0.21251801667116577,0.2169769708715754
7.511000000000843,0.2202402581629541,0.21006655763249502,0.21254819236427475,0.21702380758239576
7.512000000000843,0.2203175565056523,0.21006655718604458,0.21257848128923165,0.21707096173879534
7.513000000000844,0.2203939262269838,0.2100665567571511,0.21260888482806195,0.2171184354923278
7.514000000000844,0.22046936316761773,0.21006655634611582,0.2126394043680208,0.2171662310091294
7.515000000000844,0.22054386335073167,0.2100665559532444,0.21267004130165623,0.2172143504700178
7.516000000000845,0.22061742298376408,0.21006655557884693,0.21270079702687267,0.21726279607059165
7.517000000000845,0.2206900384601613,0.21006655522323717,0.21273167294699485,0.2173115700213307
7.518000000000845,0.22076170636112277,0.21006655488673198,0.21276267047083175,0.21736067454769673
7.519000000000846,0.22083242345734191,0.21006655456965126,0.21279379101274087,0.21741011189023499
7.520000000000846,0.2209021867107446,0.2100665542723166,0.21282503599269278,0.2174598843046765
7.521000000000846,0.22097099327622544,0.21006655399505142,0.21285640683633597,0.21750999406204102
7.522000000000847,0.2210388405033815,0.2100665537381799,0.2128879049750618,0.2175604434487406
7.523000000000847,0.22110572593824443,0.21006655350202635,0.2129195318460699,0.21761123476668393
7.524000000000847,0.2211716473250117,0.2100665532869147,0.21295128889243367,0.21766237033338132
7.525000000000848,0.22123660260777592,0.2100665530931675,0.21298317756316618,0.21771385248205052
7.526000000000848,0.22130058993225393,0.21006655292110515,0.21301519931328625,0.21776568356172318
7.527000000000848,0.22136360764751586,0.2100665527710453,0.21304735560388485,0.21781786593735192
7.528000000000849,0.22142565430771324,0.2100665526433014,0.21307964790219186,0.21787040198991844
7.529000000000849,0.2214867286738085,0.2100665525381825,0.21311207768164284,0.21792329411654196
7.530000000000849,0.22154682971530412,0.21006655245599157,0.21314464642194636,0.21797654473058867
7.53100000000085,0.22160595661197358,0.21006655239702476,0.21317735560915155,0.21803015626178188
7.53200000000085,0.2216641087555932,0.21006655236157037,0.2132102067357158,0.21808413115631284
7.53300000000085,0.2217212857516758,0.21006655234990732,0.21324320130057298,0.21813847187695237
7.534000000000851,0.2217774874212061,0.2100665523623042,0.21327634080920174,0.21819318090316328
7.535000000000851,0.22183271380237898,0.21006655239901814,0.21330962677369425,0.2182482607312134
7.536000000000851,0.22188696515233988,0.21006655246029277,0.2133430607128252,0.21830371387428954
7.537000000000852,0.22194024194892836,0.21006655254635753,0.213376644152121,0.21835954286261222
7.538000000000852,0.2219925448924251,0.21006655265742574,0.21341037862392956,0.21841575024355098
7.539000000000852,0.22204387490730215,0.21006655279369316,0.21344426566749009,0.21847233858174073
7.540000000000853,0.2220942331439779,0.21006655295533622,0.2134783068290033,0.21852931045919868
7.541000000000853,0.22214362098057533,0.21006655314251058,0.21351250366170205,0.2185866684754423
7.542000000000853,0.22219204002468557,0.2100665533553489,0.21354685772592222,0.21864441524760775
7.543000000000854,0.22223949211513602,0.21006655359395934,0.21358137058917376,0.21870255341056938
7.544000000000854,0.22228597932376382,0.2100665538584236,0.2136160438262124,0.21876108561705998
7.545000000000854,0.22233150395719437,0.21006655414879424,0.2136508790191114,0.2188200145377918
7.546000000000855,0.2223760685586264,0.21006655446509365,0.21368587775733372,0.2188793428615783
7.547000000000855,0.2224196759096223,0.21006655480731073,0.21372104163780464,0.21893907329545714
7.548000000000855,0.2224623290319051,0.21006655517539966,0.2137563722649845,0.21899920856481325
7.549000000000856,0.2225040311891619,0.2100665555692764,0.213791871250942,0.21905975141350362
7.550000000000856,0.2225447858888542,0.21006655598881713,0.21382754021542774,0.21912070460398214
7.551000000000856,0.22258459688403498,0.21006655643385536,0.21386338078594808,0.21918207091742592
7.552000000000857,0.22262346817517348,0.2100665569041792,0.21389939459783947,0.21924385315386208
7.553000000000857,0.22266140401198686,0.21006655739952904,0.21393558329434303,0.21930605413229548
7.554000000000857,0.2226984088952794,0.21006655791959408,0.2139719485266795,0.21936867669083732
7.555000000000858,0.2227344875787903,0.21006655846401023,0.21400849195412464,0.21943172368683478
7.556000000000858,0.22276964507104788,0.21006655903235652,0.21404521524408487,0.21949519799700123
7.557000000000858,0.2228038866372332,0.21006655962415224,0.21408212007217345,0.21955910251754762
7.558000000000859,0.22283721780105067,0.21006656023885426,0.21411920812228682,0.2196234401643146
7.559000000000859,0.22286964434660697,0.210066560875853,0.21415648108668153,0.2196882138729054
7.560000000000859,0.22290117232029835,0.21006656153446973,0.21419394066605138,0.21975342659882005
7.56100000000086,0.22293180803270557,0.21006656221395323,0.2142315885696051,0.21981908131759012
7.56200000000086,0.22296155806049703,0.21006656291347614,0.21426942651514427,0.21988518102491433
7.56300000000086,0.22299042924833978,0.21006656363213158,0.21430745622914169,0.21995172873679544
7.564000000000861,0.22301842871081828,0.21006656436892962,0.21434567944682018,0.22001872748967782
7.565000000000861,0.22304556383436053,0.21006656512279348,0.21438409791223184,0.22008618034058597
7.566000000000861,0.2230718422791722,0.21006656589255643,0.2144227133783375,0.220154090367264
7.567000000000862,0.22309727198117735,0.21006656667695756,0.21446152760708673,0.22022246066831605
7.568000000000862,0.22312186115396634,0.21006656747463814,0.2145005423694983,0.22029129436334774
7.569000000000862,0.22314561829075014,0.2100665682841381,0.21453975944574097,0.22036059459310847
7.570000000000863,0.22316855216632075,0.21006656910389204,0.21457918062521458,0.22043036451963466
7.571000000000863,0.22319067183901797,0.2100665699322253,0.21461880770663191,0.22050060732639412
7.572000000000863,0.22321198665270076,0.21006657076735052,0.2146586424981006,0.2205713262184313
7.573000000000864,0.22323250623872404,0.21006657160736344,0.21469868681720575,0.22064252442251353
7.574000000000864,0.22325224051791975,0.2100665724502391,0.21473894249109274,0.22071420518727816
7.575000000000864,0.2232711997025815,0.21006657329382825,0.21477941135655074,0.2207863717833809
7.576000000000865,0.223289394298453,0.21006657413585322,0.21482009526009635,0.220859027503645
7.577000000000865,0.22330683510671842,0.21006657497390457,0.21486099605805803,0.22093217566321152
7.578000000000865,0.22332353322599563,0.21006657580543675,0.21490211561666067,0.22100581959969057
7.579000000000866,0.22333950005433,0.21006657662776512,0.21494345581211083,0.22107996267331365
7.580000000000866,0.22335474729118943,0.21006657743806162,0.21498501853068222,0.2211546082670868
7.581000000000866,0.22336928693945915,0.21006657823335181,0.21502680566880195,0.22122975978694526
7.582000000000867,0.2233831313074359,0.21006657901051093,0.21506881913313688,0.22130542066190856
7.583000000000867,0.22339629301082067,0.21006657976626075,0.21511106084068077,0.2213815943442372
7.584000000000867,0.22340878497470926,0.21006658049716614,0.21515353271884166,0.2214582843095902
7.585000000000868,0.22342062043558014,0.21006658119963212,0.2151962367055298,0.22153549405718329
7.586000000000868,0.22343181294327855,0.21006658186990051,0.21523917474924614,0.22161322710994918
7.587000000000868,0.22344237636299658,0.21006658250404722,0.2152823488091712,0.22169148701469782
7.588000000000869,0.2234523248772478,0.21006658309797957,0.21532576085525443,0.2217702773422784
7.589000000000869,0.2234616729878371,0.21006658364743344,0.21536941286830422,0.2218496016877424
7.590000000000869,0.2234704355178233,0.21006658414797116,0.21541330684007812,0.2219294636705074
7.59100000000087,0.2234786276134756,0.21006658459497896,0.21545744477337375,0.22200986693452238
7.59200000000087,0.22348626474622196,0.21006658498366526,0.21550182868212034,0.2220908151484339
7.59300000000087,0.22349336271459005,0.2100665853090589,0.21554646059147042,0.22217231200575366
7.594000000000871,0.22349993764613885,0.21006658556600719,0.21559134253789236,0.22225436122502676
7.595000000000871,0.2235060059993818,0.21006658574917522,0.2156364765692632,0.2223369665500016
7.596000000000871,0.22351158456570028,0.2100665858530443,0.2156818647449622,0.22242013174980058
7.597000000000872,0.2235166904712469,0.21006658587191154,0.21572750913596467,0.2225038606190922
7.598000000000872,0.22352134117883915,0.21006658579988913,0.21577341182493653,0.22258815697826395
7.599000000000872,0.22352555448984177,0.21006658563090466,0.2158195749063294,0.22267302467359693
7.600000000000873,0.22352934854603876,0.21006658535870087,0.21586600048647603,0.22275846757744114
7.601000000000873,0.2235327418314948,0.21006658497683625,0.21591269068368654,0.2228444895883923
7.602000000000873,0.22353575317440472,0.21006658447868634,0.21595964762834505,0.2229310946314697
7.603000000000874,0.22353840174893225,0.21006658385744448,0.21600687346300676,0.22301828665829512
7.604000000000874,0.2235407070770378,0.21006658310612408,0.2160543703424959,0.22310606964727345
7.605000000000874,0.22354268903029448,0.21006658221756033,0.21610214043400386,0.22319444760377394
7.606000000000875,0.22354436783169346,0.21006658118441277,0.21615018591718824,0.22328342456031308
7.607000000000875,0.22354576405743817,0.21006657999916856,0.21619850898427223,0.22337300457673867
7.608000000000875,0.22354689863872745,0.21006657865414577,0.21624711184014458,0.22346319174041482
7.609000000000876,0.2235477928635288,0.21006657714149757,0.21629599670246039,0.22355399016640878
7.610000000000876,0.2235484683783401,0.2100665754532167,0.216345165801742,0.2236454039976784
7.611000000000876,0.22354894718994264,0.21006657358114025,0.2163946213814811,0.2237374374052613
7.612000000000877,0.22354925166714318,0.21006657151695565,0.2164443656982408,0.22383009458846526
7.613000000000877,0.22354940454250774,0.2100665692522071,0.21649440102175882,0.22392337977505963
7.614000000000877,0.22354942891408533,0.2100665667783017,0.21654472963505092,0.22401729722146846
7.615000000000878,0.22354934824712402,0.21006656408651783,0.21659535383451511,0.2241118512129645
7.616000000000878,0.22354918637577847,0.2100665611680127,0.21664627593003646,0.22420704606386496
7.617000000000878,0.22354896750481,0.2100665580138315,0.21669749824509243,0.2243028861177281
7.618000000000879,0.2235487162112787,0.21006655461491716,0.21674902311685895,0.22439937574755164
7.619000000000879,0.22354845744623017,0.21006655096212054,0.216800852896317,0.22449651935597217
7.620000000000879,0.2235481372858349,0.21006654677961903,0.21685268267577507,0.22450303530646776
7.62100000000088,0.2235478247362416,0.21006655512129135,0.21690420754754158,0.22450959542017723
7.62200000000088,0.2235475196202977,0.21006660120632326,0.21695542986259758,0.22451619999642608
7.62300000000088,0.22354722176504016,0.21006670986288664,0.21700635195811893,0.22452284933656833
7.624000000000881,0.22354693100158643,0.21006690553025534,0.21705697615758313,0.22452954374400066
7.625000000000881,0.22354664716502834,0.21006721226094066,0.21710730477087523,0.22453628352417604
7.626000000000881,0.22354637009432954,0.2100676537228417,0.21715734009439325,0.22454306898461768
7.627000000000882,0.22354609963222535,0.21006825320141134,0.21720708441115297,0.22454990043493317
7.628000000000882,0.22354583562512656,0.21006903360183352,0.21725653999089203,0.2245567781868284
7.629000000000882,0.2235455779230251,0.2100700174512124,0.21730570909017366,0.22456370255412206
7.630000000000883,0.2235453263794035,0.21007122690076963,0.21735459395248943,0.22457067385275967
7.631000000000883,0.22354508085114613,0.2100726837280498,0.21740319680836181,0.22457769240082823
7.632000000000883,0.22354484119845366,0.21007440933913143,0.21745151987544578,0.22458475851857063
7.633000000000884,0.22354460728475983,0.21007642477084357,0.2174995653586302,0.22459187252840024
7.634000000000884,0.22354437897665055,0.21007875069298448,0.21754733545013816,0.2245990347549157
7.635000000000884,0.2235441561437856,0.2100814074105441,0.21759483232962729,0.22460624552491562
7.636000000000885,0.22354393865882233,0.21008441486592652,0.217642058164289,0.22461350516741363
7.637000000000885,0.22354372639734182,0.21008779264117325,0.2176890151089475,0.22462081401365325
7.638000000000885,0.2235435192377767,0.21009155996018566,0.21773570530615804,0.22462817239712315
7.639000000000886,0.22354331706134192,0.21009573569094597,0.2177821308863047,0.2246355806535722
7.640000000000886,0.2235431197519661,0.21010033834773556,0.21782829396769754,0.22464303912102493
7.641000000000886,0.22354292719622654,0.2101053860933507,0.21787419665666938,0.22465054813979687
7.642000000000887,0.2235427392832841,0.21011089674131408,0.21791984104767184,0.2246581080525102
7.643000000000887,0.2235425559048218,0.21011688775808332,0.21796522922337083,0.2246657192041092
7.644000000000887,0.22354237695498386,0.2101233762652533,0.21801036325474168,0.22467338194187605
7.645000000000888,0.22354220233031669,0.210130379041755,0.21805524520116362,0.22468109661544683
7.646000000000888,0.2235420319297117,0.21013791252604758,0.21809987711051373,0.2246888635768273
7.647000000000888,0.2235418656543498,0.21014599281830582,0.21814426101926032,0.22469668318040892
7.648000000000889,0.22354170340764679,0.21015463568260118,0.21818839895255596,0.22470455578298523
7.649000000000889,0.22354154509520083,0.21016385654907652,0.21823229292432983,0.22471248174376798
7.650000000000889,0.22354139062474113,0.21017367051611519,0.21827594493737962,0.22472046142440355
7.65100000000089,0.2235412399060779,0.21018409235250293,0.2183193569834629,0.2247284951889895
7.65200000000089,0.22354109285105378,0.21019513649958432,0.21836253104338796,0.22473658340409097
7.65300000000089,0.22354094937349617,0.21020681707341185,0.2184054690871043,0.22474472643875776
7.654000000000891,0.22354080938917173,0.21021914786688925,0.21844817307379244,0.22475292466454094
7.655000000000891,0.22354067281574086,0.21023214235190804,0.2184906449519533,0.22476117845550975
7.656000000000891,0.2235405395727145,0.21024581368147793,0.2185328866594972,0.22476948818826883
7.657000000000892,0.22354040958141122,0.21026017469185135,0.21857490012383213,0.2247778542419754
7.658000000000892,0.2235402827649157,0.21027523790464095,0.21861668726195185,0.2247862769983564
7.659000000000892,0.22354015904803876,0.21029101552893265,0.21865824998052324,0.22479475684172603
7.660000000000893,0.22354003835727745,0.21030751946339135,0.21869959017597337,0.22480329415900324
7.661000000000893,0.223539920620777,0.21032476129836206,0.21874070973457602,0.22481188933972948
7.662000000000893,0.22353980576829335,0.2103427523179656,0.21878161053253772,0.22482054277608635
7.663000000000894,0.223539693731157,0.2103615035021886,0.21882229443608336,0.2248292548629135
7.664000000000894,0.22353958444223712,0.21038102552896895,0.21886276330154136,0.22483802599772676
7.665000000000894,0.22353947783590722,0.21040132877627607,0.21890301897542835,0.2248468565807361
7.666000000000895,0.22353937384801123,0.21042242332418712,0.2189430632945335,0.2248557470148642
7.667000000000895,0.22353927241583116,0.2104443189569584,0.2189828980860022,0.22486469770576437
7.668000000000895,0.2235391734780545,0.21046702516509289,0.2190225251674195,0.22487370906183954
7.669000000000896,0.22353907697474326,0.2104905511474038,0.2190619463468931,0.22488278149426058
7.670000000000896,0.2235389828473034,0.21051490581307397,0.21910116342313574,0.22489191541698514
7.671000000000896,0.22353889103845564,0.2105400977837125,0.21914017818554732,0.2249011112467766
7.672000000000897,0.2235388014922058,0.21056613539540756,0.21917899241429656,0.22491036940322304
7.673000000000897,0.2235387141538173,0.2105930267007756,0.21921760788040223,0.22491969030875633
7.674000000000897,0.22353862896978322,0.21062077947100893,0.2192560263458139,0.22492907438867152
7.675000000000898,0.2235385458877996,0.2106494011979186,0.21929424956349242,0.22493852207114615
7.676000000000898,0.22353846485673953,0.21067889909597612,0.21933227927748983,0.22494803378725983
7.677000000000898,0.2235383858266272,0.21070928010435203,0.21937011722302896,0.22495760997101394
7.678000000000899,0.2235383087486135,0.2107405508889517,0.2194077651265827,0.22496725105935134
7.679000000000899,0.22353823357495148,0.2107727178444494,0.21944522470595257,0.2249769574921764
7.680000000000899,0.22353816025897275,0.2108057870963199,0.21948249767034728,0.224986729712375
7.6810000000009,0.22353808875506462,0.21083976450286748,0.21951958572046065,0.2249965681658348
7.6820000000009,0.22353801901864712,0.2108746556572537,0.21955649054854923,0.22500647330146556
7.6830000000009,0.22353795100615148,0.21091046588952211,0.21959321383850944,0.22501644557121953
7.684000000000901,0.22353788467499855,0.2109472002686221,0.21962975726595457,0.22502648543011236
7.685000000000901,0.22353781998357775,0.21098486360442964,0.21966612249829104,0.22503659333624343
7.6860000000009014,0.2235377568912267,0.21102346044976664,0.21970231119479458,0.22504676975081717
7.687000000000902,0.22353769535821158,0.2110629951024185,0.21973832500668597,0.22505701513816379
7.688000000000902,0.22353763534570706,0.2111034716071493,0.21977416557720633,0.2250673299657607
7.6890000000009024,0.22353757681577796,0.21114489375771492,0.21980983454169206,0.2250777147042536
7.690000000000903,0.22353751973136032,0.2111872650988748,0.21984533352764954,0.22508816982747826
7.691000000000903,0.2235374640562432,0.2112305889284003,0.2198806641548294,0.22509869581248187
7.6920000000009034,0.22353740975505126,0.21127486829908257,0.21991582803530033,0.2251092931395449
7.693000000000904,0.22353735679322714,0.21132010602073703,0.21995082677352265,0.225119962292203
7.694000000000904,0.22353730513701497,0.21136630466220543,0.21998566196642164,0.22513070375726918
7.6950000000009044,0.22353725475344338,0.21141346655335683,0.2200203352034603,0.22514151802485588
7.696000000000905,0.22353720561030968,0.2114615937870845,0.22005484806671186,0.22515240558839736
7.697000000000905,0.22353715767616383,0.21151068822130142,0.22008920213093203,0.22516336694467226
7.6980000000009055,0.2235371109202932,0.2115607514809325,0.22012339896363078,0.22517440259382615
7.699000000000906,0.2235370653127073,0.21161178495990424,0.220157440125144,0.2251855130393946
7.700000000000906,0.2235370208241231,0.2116637898231316,0.22019132716870451,0.2251966987883259
7.7010000000009065,0.2235369774259504,0.21171676700850134,0.2202250616405131,0.22520796035100427
7.702000000000907,0.22353693509027786,0.2117707172288529,0.22025864507980888,0.2252192982412732
7.703000000000907,0.22353689378985905,0.21182564097395556,0.22029207901893982,0.2252307129764589
7.7040000000009075,0.223536853498099,0.21188153851248218,0.22032536498343233,0.22524220507739384
7.705000000000908,0.2235368141890405,0.21193840989397972,0.22035850449206107,0.2252537750684404
7.706000000000908,0.2235367758373516,0.21199625495083557,0.22039149905691824,0.22526542347751521
7.7070000000009085,0.22353673841831237,0.21205507330024082,0.2204243501834825,0.22527715083611277
7.708000000000909,0.2235367019078028,0.2121148643461489,0.22045705937068766,0.2252889576793299
7.709000000000909,0.22353666628229038,0.21217562728123032,0.22048962811099118,0.22530084454589028
7.7100000000009095,0.2235366315188179,0.2122373610888235,0.22052205789044216,0.22531281197816871
7.71100000000091,0.2235365975949918,0.21230006454488112,0.22055435018874917,0.2253248605222162
7.71200000000091,0.22353656448897086,0.21236373621991173,0.2205865064793478,0.2253369907277847
7.7130000000009105,0.2235365321794542,0.2124283744809171,0.22061852822946787,0.2253492031483522
7.714000000000911,0.2235365006456709,0.21249397749332483,0.22065041690020037,0.225361498341148
7.715000000000911,0.22353646986736855,0.21256054322291584,0.22068217394656414,0.22537387686717814
7.7160000000009115,0.2235364398248027,0.21262806943774754,0.22071380081757225,0.22538633929125101
7.717000000000912,0.2235364104987263,0.21269655371007085,0.22074529895629807,0.2253988861820031
7.718000000000912,0.22353638187037947,0.2127659934182436,0.22077666979994126,0.22541151811192495
7.7190000000009125,0.2235363539214791,0.21283638574863722,0.2208079147798932,0.22542423565738726
7.720000000000913,0.223536326634209,0.21290772769753868,0.2208390353218023,0.22543703939866724
7.721000000000913,0.22353629999121022,0.2129800160730476,0.2208700328456392,0.225449929919975
7.7220000000009135,0.2235362739755712,0.2130532474969663,0.22090090876576138,0.22546290780948033
7.723000000000914,0.2235362485708183,0.21312741840668617,0.2209316644909778,0.22547597365933936
7.724000000000914,0.22353622376090676,0.21320252505706666,0.22096230142461323,0.22548912806572177
7.7250000000009145,0.22353619953021137,0.21327856352231003,0.2209928209645721,0.2255023716288379
7.726000000000915,0.2235361758635172,0.21335552969782906,0.22102322450340242,0.22551570495296608
7.727000000000915,0.2235361527460112,0.21343341930211,0.22105351342835933,0.22552912864648028
7.7280000000009155,0.2235361301632734,0.21351222787856913,0.22108368912146834,0.22554264332187793
7.729000000000916,0.2235361081012681,0.21359195079740395,0.22111375295958838,0.22555624959580767
7.730000000000916,0.22353608654633578,0.21367258325743796,0.22114370631447466,0.22556994808909764
7.7310000000009165,0.2235360654851845,0.2137541202879601,0.2211735505528413,0.22558373942678384
7.732000000000917,0.22353604490488227,0.21383655675055865,0.2212032870364236,0.22559762423813853
7.733000000000917,0.22353602479284815,0.21391988734094855,0.22123291712204027,0.22561160315669904
7.7340000000009175,0.22353600513684557,0.21400410659079366,0.22126244216165517,0.2256256768202965
7.735000000000918,0.22353598592497342,0.21408920886952343,0.2212918635024392,0.2256398458710852
7.736000000000918,0.22353596714565924,0.21417518838614344,0.2213211824868317,0.22565411095557178
7.7370000000009185,0.22353594878765132,0.21426203919104142,0.2213504004526016,0.2256684727246446
7.738000000000919,0.22353593084001144,0.21434975517778684,0.22137951873290862,0.22568293183360366
7.739000000000919,0.22353591329210767,0.21443833008492613,0.221408538656364,0.2256974889421903
7.7400000000009195,0.22353589613360705,0.21452775749777206,0.22143746154709115,0.22571214471461748
7.74100000000092,0.22353587935446873,0.21461803085018893,0.22146628872478602,0.22572689981959995
7.74200000000092,0.22353586294493707,0.21470914342637257,0.22149502150477743,0.2257417549303848
7.7430000000009205,0.22353584689553468,0.21480108836262563,0.22152366119808697,0.22575671072478232
7.744000000000921,0.22353583119705603,0.2148938586491286,0.22155220911148887,0.2257717678851966
7.745000000000921,0.22353581584056045,0.21498744713170695,0.22158066654756964,0.225786927098657
7.7460000000009215,0.223535800817366,0.21508184651359386,0.2216090348047874,0.22580218905684932
7.747000000000922,0.2235357861190431,0.21517704935718934,0.22163731517753132,0.22581755445614743
7.748000000000922,0.2235357717374081,0.21527304808581624,0.22166550895618053,0.225833023997645
7.7490000000009225,0.22353575766451736,0.21536983498547294,0.221693617427163,0.22584859838718752
7.750000000000923,0.22353574389266093,0.21546740220658275,0.22172164187301435,0.22586427833540448
7.751000000000923,0.22353573041435687,0.21556574176574164,0.2217495835724362,0.22588006455774182
7.7520000000009235,0.22353571722234533,0.21566484554746282,0.2217774438003547,0.22589595777449456
7.753000000000924,0.2235357043095829,0.2157647053059201,0.22180522382797854,0.2259119587108397
7.754000000000924,0.22353569166923656,0.21586531266668943,0.22183292492285708,0.22592806809686922
7.7550000000009245,0.22353567929467894,0.21596665912848917,0.2218605483489381,0.2259442866676235
7.756000000000925,0.2235356671794821,0.21606873606492016,0.2218880953666255,0.22596061516312477
7.757000000000925,0.22353565531741268,0.2161715347262044,0.22191556723283679,0.22597705432841095
7.7580000000009255,0.22353564370242657,0.2162750462409247,0.22194296520106055,0.2259936049135696
7.759000000000926,0.22353563232866352,0.2163792616177641,0.22197029052141348,0.22601026767377216
7.760000000000926,0.22353562119044276,0.21648417174724657,0.22199754444069744,0.22602704336930837
7.7610000000009265,0.223535610282257,0.21658976740347838,0.2220247282024565,0.22604393276562104
7.762000000000927,0.2235355995987686,0.2166960392458918,0.2220518430470335,0.22606093663334087
7.763000000000927,0.22353558913480442,0.21680297782099056,0.22207889021162677,0.22607805574832177
7.7640000000009275,0.22353557888535097,0.216910573564098,0.2221058709303465,0.22609529089167602
7.765000000000928,0.22353556884555034,0.2170188168011077,0.22213278643427112,0.2261126428498102
7.766000000000928,0.22353555901069502,0.21712769775023863,0.22215963795150337,0.22613011241446077
7.7670000000009285,0.22353554937622433,0.2172372065237927,0.22218642670722646,0.2261477003827305
7.768000000000929,0.22353553993771963,0.21734733312991797,0.2222131539237599,0.22616540755712458
7.769000000000929,0.2235355306909003,0.21745806747437607,0.22223982082061525,0.22618323474558738
7.7700000000009295,0.2235355216316196,0.2175693993623142,0.22226642861455184,0.22620118276153936
7.77100000000093,0.2235355127558606,0.21768131850004355,0.22229297851963223,0.22621925242391394
7.77200000000093,0.22353550405973255,0.21779381449682308,0.22231947174727765,0.22623744455719522
7.7730000000009305,0.22353549553946692,0.21790687686665022,0.22234590950632319,0.22625575999145525
7.774000000000931,0.2235354871914135,0.21802049503005733,0.22237229300307307,0.2262741995623922
7.775000000000931,0.2235354790120369,0.21813465831591647,0.2223986234413556,0.22629276411136828
7.7760000000009315,0.2235354709979133,0.21824935596325032,0.22242490202257814,0.22631145448544818
7.777000000000932,0.22353546314572664,0.21836457712305216,0.22245112994578187,0.22633027153743782
7.778000000000932,0.2235354554522653,0.21848031086011213,0.2224773084076966,0.22634921612592315
7.7790000000009325,0.22353544791441932,0.21859654615485374,0.2225034386027953,0.2263682891153094
7.780000000000933,0.22353544052917637,0.2187132719051772,0.22252952172334867,0.22638749137586048
7.781000000000933,0.2235354332936196,0.21883047692831276,0.22255555895947934,0.22640682378373864
7.7820000000009335,0.22353542620492417,0.218948149962682,0.2225815514992165,0.22642628722104455
7.783000000000934,0.22353541926035445,0.21906627966976877,0.22260750052854977,0.22644588257585752
7.784000000000934,0.22353541245726133,0.2191848546359992,0.22263340723148362,0.22646561074227597
7.7850000000009345,0.22353540579307946,0.21930386337463087,0.2226592727900911,0.22648547262045823
7.786000000000935,0.22353539926532479,0.21942329432765137,0.22268509838456804,0.2265054691166637
7.787000000000935,0.22353539287159185,0.21954313586768592,0.22271088519328677,0.22652560114329415
7.7880000000009355,0.22353538660955174,0.21966337629991478,0.22273663439284982,0.22654586961893525
7.789000000000936,0.22353538047694943,0.21978400386399938,0.22276234715814378,0.22656627546839866
7.790000000000936,0.22353537447160193,0.21990500673601776,0.22278802466239275,0.22658681962276414
7.7910000000009365,0.22353536859139597,0.22002637303040865,0.22281366807721195,0.22660750301942198
7.792000000000937,0.22353536283428613,0.2201480908019246,0.2228392785726612,0.2266283266021159
7.793000000000937,0.22353535719829293,0.22027014804759337,0.22286485731729824,0.22664929132098602
7.7940000000009375,0.2235353516815011,0.2203925327086874,0.2228904054782321,0.2266703981326122
7.795000000000938,0.22353534628205782,0.22051523267270084,0.22291592422117631,0.22669164800005773
7.796000000000938,0.22353534099817146,0.22063823577533478,0.22294141471050213,0.22671304189291328
7.7970000000009385,0.2235353358281097,0.22076152980248812,0.22296687810929164,0.2267345807873411
7.798000000000939,0.22353533077019855,0.22088510249225585,0.22299231557939087,0.22675626566611962
7.799000000000939,0.223535325822821,0.22100894153693298,0.22301772828146274,0.22677809751868822
7.8000000000009395,0.22353532098441586,0.22113303458502315,0.2230431173750401,0.22680007734119245
7.80100000000094,0.22353531625347708,0.22125736924325273,0.2230684840185785,0.2268222061365294
7.80200000000094,0.2235353116285525,0.22138193307858786,0.22309382936950925,0.22684448491439352
7.8030000000009405,0.22353530710824343,0.22150671362025534,0.22311915458429202,0.2268669146913227
7.804000000000941,0.2235353026912038,0.2216316983617654,0.22314446081846775,0.22688949649074458
7.805000000000941,0.22353529837614006,0.22175687476293596,0.22316974922671137,0.22691223134302335
7.8060000000009415,0.22353529416181042,0.2218822302519176,0.22319502096288435,0.22693512028550666
7.807000000000942,0.2235352900470248,0.22200775222721772,0.22322027718008755,0.22695816436257302
7.808000000000942,0.22353528603064496,0.22213342805972364,0.22324551903071363,0.22698136462567942
7.8090000000009425,0.22353528211158424,0.2222592450947227,0.22327074766649982,0.22700472213340936
7.810000000000943,0.22353527828880826,0.22238519065391893,0.2232959642385803,0.22702823795152105
7.811000000000943,0.22353527456133457,0.22251125203744518,0.22332116989753892,0.22705191315299617
7.8120000000009435,0.2235352709282341,0.22263741652586816,0.22334636579346148,0.2270757488180887
7.813000000000944,0.22353526738863094,0.2227636713821875,0.22337155307598833,0.22709974603437427
7.814000000000944,0.2235352639417038,0.22289000385382496,0.22339673289436685,0.22712390589679982
7.8150000000009445,0.2235352605866869,0.22301640117460392,0.2234219063975038,0.22714822950773347
7.816000000000945,0.22353525732287097,0.22314285056671795,0.22344707473401784,0.22717271797701494
7.817000000000945,0.22353525414960457,0.2232693392426855,0.2234722390522918,0.22719737242200602
7.8180000000009455,0.22353525106629604,0.2233958544072908,0.22349740050052525,0.22722219396764176
7.819000000000946,0.22353524807241468,0.2235223832595081,0.22352256022678677,0.2272471837464816
7.820000000000946,0.22353524516749287,0.2236489129944089,0.2235477193790664,0.22727234289876122
7.8210000000009465,0.223535242350218,0.2237754308862364,0.22357287910532794,0.22729767257244446
7.822000000000947,0.22353523961750787,0.223901924373204,0.22359804055356142,0.22732317392327564
7.823000000000947,0.22353523696548683,0.22402838097303904,0.2236232048718354,0.2273488481148325
7.8240000000009475,0.22353523439043585,0.22415478820011717,0.22364837320834943,0.2273746963185791
7.825000000000948,0.2235352318887883,0.22428113356734286,0.22367354671148637,0.22740071971391934
7.826000000000948,0.22353522945712503,0.2244074045880389,0.2236987265298649,0.22742691948825083
7.8270000000009485,0.2235352270921698,0.2245335887778461,0.22372391381239176,0.22745329683701898
7.828000000000949,0.22353522479078491,0.2246596736566345,0.22374910970831433,0.22747985296377157
7.829000000000949,0.22353522254996633,0.22478564675042415,0.22377431536727294,0.22750658908021368
7.8300000000009495,0.22353522036683973,0.22491149559331933,0.22379953193935345,0.227533506406263
7.83100000000095,0.2235352182386561,0.2250372077294534,0.22382476057513964,0.22756060617010543
7.83200000000095,0.22353521616278701,0.225162770714946,0.22385000242576572,0.2275878896082512
7.8330000000009505,0.22353521413672114,0.2252881721198725,0.2238752586429689,0.2276153579655912
7.834000000000951,0.2235352121580596,0.22541339953024633,0.22390053037914187,0.22764301249545385
7.835000000000951,0.22353521022451234,0.22553844055001301,0.22392581878738546,0.2276708544596623
7.8360000000009515,0.22353520833389398,0.22566328280305728,0.2239511250215612,0.22769888512859188
7.837000000000952,0.22353520648411998,0.22578791393522207,0.22397645023634397,0.22772710578122823
7.838000000000952,0.22353520467320329,0.22591232161634037,0.2240017955872747,0.2277555177052256
7.8390000000009525,0.22353520289924994,0.226036493542279,0.22402716223081312,0.22778412219696548
7.840000000000953,0.22353520116045625,0.22616041743699386,0.22405255132439048,0.22781292056161595
7.841000000000953,0.22353519945510497,0.22628408105459802,0.22407796402646238,0.22784191411319113
7.8420000000009535,0.22353519778156203,0.2264074721814398,0.2241034014965616,0.22787110417461107
7.843000000000954,0.22353519613827308,0.22653057863819276,0.22412886489535114,0.22790049207776228
7.844000000000954,0.22353519452376067,0.2266533882819565,0.22415435538467696,0.22793007916355837
7.8450000000009545,0.22353519293662086,0.22677588900836673,0.22417987412762116,0.22795986678200125
7.846000000000955,0.2235351913755203,0.22689806875371624,0.22420542228855503,0.2279898562922428
7.847000000000955,0.22353518983919352,0.22701991549708414,0.22423100103319207,0.22802004906264678
7.8480000000009555,0.22353518832643987,0.22714141726247472,0.22425661152864132,0.22805044647085135
7.849000000000956,0.22353518683612109,0.22726256212096355,0.22428225494346052,0.2280810499038319
7.850000000000956,0.22353518536715852,0.22738333819285203,0.2243079324477095,0.22811186075796439
7.8510000000009565,0.22353518391853044,0.2275037336498284,0.22433364521300345,0.22814288043908887
7.852000000000957,0.22353518248927023,0.2276237367171351,0.2243593944125665,0.22817411036257387
7.853000000000957,0.2235351810784633,0.2277433356757422,0.22438518122128523,0.22820555195338088
7.8540000000009575,0.22353517968524536,0.22786251886452527,0.22441100681576218,0.22823720664612931
7.855000000000958,0.22353517830880007,0.22798127468244828,0.22443687237436968,0.22826907588516204
7.856000000000958,0.22353517694835698,0.22809959159074952,0.2244627790773035,0.22830116112461124
7.8570000000009586,0.22353517560318964,0.22821745811513103,0.22448872810663678,0.22833346382846487
7.858000000000959,0.22353517427261346,0.22833486284794965,0.2245147206463739,0.2283659854706332
7.859000000000959,0.2235351729559842,0.2284517944504107,0.22454075788250458,0.2283987275350164
7.8600000000009596,0.22353517165269599,0.22856824165476125,0.2245668410030579,0.228431691515572
7.86100000000096,0.22353517036217968,0.22868419326648434,0.22459297119815663,0.22846487891638317
7.86200000000096,0.22353516908390134,0.22879963816649274,0.22461914966007138,0.22849829125172733
7.8630000000009606,0.22353516781736077,0.228914565313321,0.22464537758327513,0.22853193004614517
7.864000000000961,0.22353516656208972,0.22902896374531595,0.22467165616449764,0.2285657968345103
7.865000000000961,0.22353516531765102,0.22914282258282495,0.22469798660278015,0.22859989316209928
7.866000000000962,0.22353516408363672,0.22925613103038006,0.22472437009953003,0.2286342205846621
7.867000000000962,0.22353516285966726,0.22936887837887956,0.22475080785857557,0.22866878066849314
7.868000000000962,0.22353516164538995,0.22948105400776408,0.224777301086221,0.2287035749905027
7.869000000000963,0.223535160440478,0.22959264738718835,0.22480385099130137,0.2287386051382889
7.870000000000963,0.2235351592446296,0.2297036480801871,0.22483045878523797,0.2287738727102101
7.871000000000963,0.22353515805756632,0.22981404574483494,0.22485712568209335,0.22880937931545803
7.872000000000964,0.22353515687903283,0.22992383013639967,0.22488385289862678,0.2288451265741308
7.873000000000964,0.2235351557087954,0.2300329911094883,0.22491064165434985,0.22888111611730724
7.874000000000964,0.22353515454664144,0.23014151862018584,0.2249374931715821,0.22891734958712118
7.875000000000965,0.2235351533923782,0.23024940272818561,0.22496440867550668,0.22895382863683622
7.876000000000965,0.22353515224583273,0.23035663359891173,0.22499138939422642,0.2289905549309214
7.877000000000965,0.22353515110685016,0.23046320150563235,0.22501843655881967,0.22902753014512706
7.878000000000966,0.22353514997529372,0.23056909683156385,0.2250455514033967,0.22906475596656123
7.879000000000966,0.2235351488510439,0.23067431007196587,0.22507273516515575,0.22910223409376668
7.880000000000966,0.22353514773399752,0.23077883183622636,0.2250999890844397,0.2291399662367984
7.881000000000967,0.22353514662406748,0.23088265284993664,0.2251273144047926,0.22917795411730166
7.882000000000967,0.22353514552118198,0.2309857639569566,0.22515471237301637,0.22921619946859054
7.883000000000967,0.2235351444252841,0.23108815612146907,0.2251821842392277,0.22925470403572698
7.884000000000968,0.22353514333633115,0.23118982043002403,0.2252097312569151,0.22929346957560048
7.885000000000968,0.22353514225429436,0.2312907480935721,0.2252373546829961,0.22933249785700824
7.886000000000968,0.22353514117915815,0.23139093044948678,0.22526505577787462,0.22937179066073576
7.887000000000969,0.2235351401109199,0.2314903589635767,0.22529283580549844,0.2294113497796383
7.888000000000969,0.2235351390495896,0.2315890252320864,0.22532069603341692,0.22945117701872253
7.889000000000969,0.22353513799518904,0.23168692098368623,0.22534863773283878,0.22949127419522888
7.89000000000097,0.22353513694775198,0.23178403808145182,0.22537666217869012,0.2295316431387146
7.89100000000097,0.22353513590732324,0.23188036852483201,0.2254047706496726,0.22957228569113705
7.89200000000097,0.2235351348739589,0.23197590445160685,0.22543296442832178,0.22961320370693786
7.893000000000971,0.2235351338477252,0.2320706381398341,0.22546124480106572,0.22965439905312762
7.894000000000971,0.22353513282869916,0.23216456200978566,0.2254896130582835,0.22969587360937085
7.895000000000971,0.22353513181696752,0.23225766862587366,0.22551807049436423,0.22973762926807192
7.896000000000972,0.2235351308126266,0.23234995069856543,0.22554661840776613,0.22977966793446145
7.897000000000972,0.22353512981578214,0.2324414010862895,0.22557525810107565,0.22982199152668303
7.898000000000972,0.22353512882654925,0.232532012797331,0.22560399088106706,0.22986460197588096
7.899000000000973,0.22353512784505108,0.23262177899171677,0.22563281805876195,0.22990750122628828
7.900000000000973,0.22353512687141988,0.23271069298309263,0.2256617409494891,0.2299506912353154
7.901000000000973,0.22353512590579575,0.23279874824058977,0.22569076087294448,0.2299941739736395
7.902000000000974,0.22353512494832675,0.23288593839068253,0.22571987915325153,0.23003795142529454
7.903000000000974,0.22353512399916856,0.2329722572190382,0.22574909711902144,0.23008202558776153
7.904000000000974,0.22353512305848403,0.23305769867235718,0.22577841610341393,0.23012639847205993
7.905000000000975,0.22353512212644297,0.23314225686020587,0.22580783744419794,0.23017107210283924
7.906000000000975,0.22353512120322205,0.23322592605684095,0.22583736248381284,0.23021604851847158
7.907000000000975,0.22353512028900427,0.23330870070302662,0.22586699256942946,0.23026132977114436
7.908000000000976,0.22353511938397833,0.23339057540784428,0.22589672905301178,0.2303069179269543
7.909000000000976,0.22353511848833907,0.23347154495049507,0.2259265732913784,0.23035281506600136
7.910000000000976,0.22353511760228653,0.23355160428209581,0.2259565266462647,0.23039902328248396
7.911000000000977,0.2235351167260256,0.23363074852746918,0.22598659048438471,0.23044554468479428
7.912000000000977,0.22353511585976604,0.23370897298692686,0.2260167661774937,0.23049238139561462
7.913000000000977,0.2235351150037217,0.23378627313804773,0.2260470551024506,0.23053953555201423
7.914000000000978,0.22353511415811023,0.23386264463745038,0.2260774586412809,0.23058700930554668
7.915000000000978,0.22353511332315262,0.23393808332256097,0.22610797818123976,0.23063480482234827
7.916000000000978,0.22353511249907304,0.23401258521337584,0.22613861511487518,0.2306829242832367
7.917000000000979,0.22353511168609805,0.23408614651422044,0.22616937084009162,0.23073136988381052
7.918000000000979,0.22353511088445607,0.23415876361550358,0.2262002467602138,0.2307801438345496
7.919000000000979,0.22353511009437688,0.2342304330954685,0.2262312442840507,0.2308292483609156
7.92000000000098,0.22353510931609155,0.23430115172194058,0.22626236482595982,0.23087868570345385
7.92100000000098,0.22353510854983105,0.23437091645407163,0.22629360980591173,0.23092845811789536
7.92200000000098,0.22353510779582628,0.23443972444408212,0.22632498064955492,0.2309785678752599
7.923000000000981,0.2235351070543071,0.23450757303900072,0.22635647878828075,0.23102901726195949
7.924000000000981,0.22353510632550175,0.2345744597824019,0.22638810565928885,0.2310798085799028
7.925000000000981,0.22353510560963616,0.23464038241614205,0.22641986270565262,0.23113094414660018
7.926000000000982,0.22353510490693296,0.23470533888209413,0.22645175137638512,0.2311824262952694
7.927000000000982,0.22353510421761102,0.23476932732388148,0.2264837731265052,0.23123425737494205
7.928000000000982,0.22353510354188436,0.23483234608861075,0.2265159294171038,0.23128643975057078
7.929000000000983,0.22353510287996134,0.234894393728605,0.2265482217154108,0.2313389758031373
7.930000000000983,0.22353510223204356,0.2349554690031361,0.22658065149486178,0.2313918679297608
7.931000000000983,0.22353510159832524,0.23501557088015823,0.2266132202351653,0.2314451185438075
7.932000000000984,0.22353510097899154,0.23507469853804158,0.2266459294223705,0.2314987300750007
7.933000000000984,0.22353510037421828,0.23513285136730744,0.22667878054893476,0.23155270496953168
7.934000000000984,0.22353509978417008,0.23519002897236388,0.22671177511379192,0.2316070456901712
7.935000000000985,0.22353509920899942,0.23524623117324425,0.2267449146224207,0.23166175471638212
7.936000000000985,0.22353509864884538,0.23530145800734642,0.2267782005869132,0.23171683454443223
7.937000000000985,0.22353509810383232,0.23535570973117548,0.22681163452604414,0.2317722876875084
7.938000000000986,0.22353509757406825,0.23540898682208802,0.22684521796533993,0.23182811667583106
7.939000000000986,0.22353509705964386,0.23546128998004043,0.2268789524371485,0.2318843240567698
7.940000000000986,0.22353509656063028,0.23551262012933946,0.22691283948070903,0.23194091239495956
7.941000000000987,0.22353509607707797,0.23556297842039692,0.22694688064222224,0.23199788427241752
7.942000000000987,0.22353509560901494,0.23561236623148837,0.226981077474921,0.23205524228866115
7.943000000000987,0.22353509515644496,0.2356607851705155,0.22701543153914117,0.2321129890608266
7.944000000000988,0.22353509471934566,0.23570823707677374,0.2270499444023927,0.23217112722378822
7.945000000000988,0.22353509429766677,0.23575472402272385,0.22708461763943136,0.23222965943027882
7.946000000000988,0.22353509389132806,0.2358002483157693,0.22711945283233034,0.23228858835101063
7.947000000000989,0.22353509350021708,0.23584481250003858,0.22715445157055267,0.23234791667479715
7.948000000000989,0.22353509312418748,0.23588841935817365,0.2271896154510236,0.23240764710867595
7.949000000000989,0.2235350927630564,0.23593107191312349,0.22722494607820345,0.2324677823780321
7.95000000000099,0.22353509241660224,0.23597277342994472,0.22726044506416096,0.23252832522672243
7.95100000000099,0.22353509208456243,0.23601352741760834,0.2272961140286467,0.23258927841720095
7.95200000000099,0.2235350917666307,0.23605333763081263,0.22733195459916702,0.23265064473064476
7.953000000000991,0.22353509146245484,0.23609220807180387,0.2273679684110584,0.23271242696708092
7.954000000000991,0.22353509117163395,0.23613014299220297,0.22740415710756198,0.2327746279455143
7.955000000000991,0.22353509089371557,0.23616714689484036,0.22744052233989842,0.2328372505040561
7.956000000000992,0.22353509062819307,0.23620322453559775,0.22747706576734356,0.23290029750005356
7.957000000000992,0.2235350903745028,0.23623838092525745,0.2275137890573038,0.23296377181022002
7.958000000000992,0.22353509013202116,0.2362726213313597,0.22755069388539237,0.23302767633076643
7.959000000000993,0.22353508990006132,0.23630595128006676,0.22758778193550575,0.23309201397753337
7.960000000000993,0.22353508967787056,0.23633837655803633,0.22762505489990045,0.2331567876861242
7.961000000000993,0.22353508946462677,0.2363699032143013,0.2276625144792703,0.23322200041203883
7.962000000000994,0.22353508925943524,0.236400537562158,0.22770016238282403,0.2332876551308089
7.963000000000994,0.22353508906132574,0.23643028618106246,0.2277380003283632,0.2333537548381331
7.964000000000994,0.2235350888692487,0.23645915591853361,0.2277760300423606,0.23342030255001422
7.965000000000995,0.22353508868207206,0.23648715389206493,0.2278142532600391,0.2334873013028966
7.966000000000995,0.22353508849857784,0.23651428749104264,0.22785267172545076,0.23355475415380475
7.967000000000995,0.22353508831745844,0.23654056437867216,0.2278912871915564,0.23362266418048275
7.968000000000996,0.22353508813731335,0.23656599249391097,0.22793010142030565,0.2336910344815348
7.969000000000996,0.22353508795664528,0.23659058005340813,0.22796911618271723,0.23375986817656652
7.970000000000996,0.22353508777385667,0.23661433555345104,0.2280083332589599,0.23382916840632723
7.971000000000997,0.22353508758724636,0.2366372677719177,0.2280477544384335,0.2338989383328534
7.972000000000997,0.22353508739500536,0.23665938577023474,0.22808738151985083,0.2339691811396129
7.973000000000997,0.22353508719521373,0.23668069889534163,0.22812721631131952,0.23403990003165007
7.974000000000998,0.22353508698583638,0.2367012167816588,0.22816726063042467,0.23411109823573228
7.975000000000998,0.22353508676471984,0.23672094935306073,0.22820751630431166,0.23418277900049692
7.976000000000998,0.2235350865295886,0.23673990682485338,0.22824798516976966,0.23425494559659965
7.977000000000999,0.22353508627804106,0.2367580997057538,0.22828866907331527,0.23432760131686375
7.978000000000999,0.2235350860075465,0.23677553879987367,0.22832956987127695,0.23440074947643028
7.979000000000999,0.22353508571544115,0.23679223520870493,0.2283706894298796,0.23447439341290932
7.980000000001,0.22353508539892472,0.23680820033310604,0.22841202962532975,0.2345485364865324
7.981000000001,0.22353508505505723,0.23682344587529036,0.22845359234390114,0.23462318208030555
7.982000000001,0.22353508468075545,0.23683798384081386,0.22849537948202087,0.23469833360016398
7.983000000001001,0.22353508427278937,0.23685182654056314,0.2285373929463558,0.2347739944751273
7.984000000001001,0.2235350838277798,0.2368649865927416,0.2285796346538997,0.23485016815745596
7.985000000001001,0.22353508334219432,0.2368774769248544,0.22862210653206058,0.23492685812280892
7.986000000001002,0.22353508281234508,0.23688931077569061,0.2286648105187487,0.23500406787040204
7.987000000001002,0.2235350822343855,0.236900501697302,0.22870774856246506,0.23508180092316794
7.988000000001002,0.22353508160430807,0.23691106355697877,0.2287509226223901,0.23516006082791654
7.989000000001003,0.22353508091794133,0.23692101053921955,0.22879433466847335,0.23523885115549714
7.990000000001003,0.2235350801709477,0.23693035714769692,0.22883798668152314,0.23531817550096112
7.991000000001003,0.2235350793588214,0.23693911820721755,0.22888188065329704,0.23539803748372615
7.992000000001004,0.22353507847688664,0.23694730886567442,0.22892601858659267,0.2354784407477411
7.993000000001004,0.2235350775202954,0.23695494459599364,0.22897040249533926,0.23555938896165263
7.994000000001004,0.2235350764840263,0.2369620411980732,0.22901503440468934,0.23564088581897238
7.995000000001005,0.22353507536288317,0.2369686148007127,0.22905991635111128,0.23572293503824548
7.996000000001005,0.22353507415149385,0.2369746818635364,0.22910505038248213,0.23580554036322032
7.997000000001005,0.22353507284431,0.23698025917890542,0.22915043855818112,0.2358887055630193
7.998000000001006,0.2235350714356058,0.2369853638738226,0.2291960829491836,0.2359724344323109
7.999000000001006,0.22353506991947852,0.23699001341182588,0.22924198563815545,0.23605673079148265
8.000000000001005,0.22353506828984826,0.23699422559487307,0.2292881487195483,0.23614159848681562
8.001000000001005,0.22353506654045852,0.23699801856521613,0.22933457429969495,0.23622704139065986
8.002000000001004,0.22353506466487716,0.23700141080726483,0.22938126449690546,0.23631306340161104
8.003000000001004,0.2235350626564973,0.23700442114944084,0.22942822144156397,0.2363996684446884
8.004000000001003,0.22353506050853938,0.23700706876602048,0.22947544727622568,0.23648686047151382
8.005000000001003,0.22353505821405287,0.23700937317896736,0.2295229441557148,0.23657464346049215
8.006000000001002,0.2235350557659185,0.23701135425975528,0.22957071424722278,0.23666302141699264
8.007000000001002,0.22353505315685152,0.23701303223117923,0.22961875973040716,0.23675199837353178
8.008000000001001,0.22353505037940505,0.23701442766915815,0.22966708279749115,0.23684157838995737
8.009000000001,0.22353504742597352,0.23701556150452605,0.2297156856533635,0.23693176555363352
8.010000000001,0.22353504428879736,0.23701645502481444,0.22976457051567928,0.23702256397962745
8.011000000001,0.2235350409599675,0.23701712987602477,0.2298137396149609,0.23711397781089708
8.012000000000999,0.2235350374314312,0.23701760806439204,0.2298631951947,0.23720601121847998
8.013000000000998,0.22353503369499778,0.23701791195813918,0.2299129395114597,0.23729866840168393
8.014000000000998,0.22353502974234515,0.23701806428922348,0.2299629748349777,0.2373919535882783
8.015000000000997,0.22353502556502744,0.23701808815507464,0.2300133034482698,0.23748587103468713
8.016000000000997,0.2235350211544821,0.2370180070203255,0.230063927647734,0.23758042502618318
8.017000000000996,0.22353501650203922,0.23701784471853524,0.23011484974325536,0.23767561987708363
8.018000000000995,0.22353501159893052,0.2370176254539063,0.23016607205831133,0.23777145993094675
8.019000000000995,0.22353500643629898,0.23701737380299476,0.23021759693007784,0.2378679495607703
8.020000000000994,0.2235350010052103,0.23701711471641498,0.2302694267095359,0.23796509316919082
8.021000000000994,0.2235349919348704,0.23701679385119634,0.23032125648899396,0.2379716091196864
8.022000000000993,0.22353499557132225,0.23701648059480138,0.23037278136076048,0.2379781692333959
8.023000000000993,0.2235350371297682,0.23701617477041242,0.23042400367581647,0.23798477380964472
8.024000000000992,0.22353514143443787,0.2370158762053771,0.23047492577133782,0.237991423149787
8.025000000000992,0.22353533292068856,0.2370155847311003,0.23052554997080202,0.2379981175572193
8.026000000000991,0.2235356356371258,0.2370153001829406,0.23057587858409412,0.2380048573373947
8.02700000000099,0.22353607324774133,0.2370150224001082,0.23062591390761214,0.23801164279783635
8.02800000000099,0.22353666903406783,0.23701475122556706,0.23067565822437186,0.23801847424815184
8.02900000000099,0.22353744589734725,0.2370144865059396,0.23072511380411093,0.2380253520000471
8.030000000000989,0.2235384263607113,0.23701422809141398,0.23077428290339255,0.23803227636734073
8.031000000000988,0.22353963257137294,0.2370139758356542,0.23082316776570833,0.23803924766597834
8.032000000000988,0.22354108630282588,0.23701372959571315,0.23087177062158068,0.2380462662140469
8.033000000000987,0.22354280895705242,0.23701348923194784,0.23092009368866465,0.23805333233178927
8.034000000000987,0.2235448215667366,0.23701325460793704,0.23096813917184905,0.2380604463416189
8.035000000000986,0.2235471447974817,0.23701302559040152,0.23101590926335702,0.23806760856813436
8.036000000000985,0.22354979895003182,0.23701280204912656,0.23106340614284615,0.2380748193381343
8.037000000000985,0.22355280396249494,0.2370125838568866,0.23111063197750786,0.23808207898063227
8.038000000000984,0.2235561794125676,0.23701237088937185,0.23115758892216637,0.23808938782687192
8.039000000000984,0.22355994451975927,0.23701216302511735,0.2312042791193769,0.2380967462103418
8.040000000000983,0.22356411814761637,0.23701196014543374,0.23125070469952355,0.23810415446679087
8.041000000000983,0.22356871880594453,0.23701176213433994,0.2312968677809164,0.2381116129342436
8.042000000000982,0.2235737646530283,0.23701156887849806,0.23134277046988824,0.23811912195301554
8.043000000000982,0.22357927349784837,0.23701138026714952,0.2313884148608907,0.23812668186572888
8.044000000000981,0.2235852628022947,0.23701119619205352,0.2314338030365897,0.23813429301732786
8.04500000000098,0.22359174968337606,0.23701101654742684,0.23147893706796055,0.23814195575509473
8.04600000000098,0.22359875091542405,0.2370108412298852,0.2315238190143825,0.2381496704286655
8.04700000000098,0.22360628293229362,0.23701067013838675,0.2315684509237326,0.23815743739004597
8.048000000000979,0.22361436182955657,0.23701050317417605,0.2316128348324792,0.2381652569936276
8.049000000000978,0.22362300336669066,0.23701034024073084,0.23165697276577482,0.2381731295962039
8.050000000000978,0.22363222296926225,0.2370101812437092,0.2317008667375487,0.23818105555698665
8.051000000000977,0.22364203573110308,0.23701002609089852,0.23174451875059848,0.23818903523762225
8.052000000000977,0.22365245641648063,0.237009874692166,0.23178793079668175,0.23819706900220816
8.053000000000976,0.22366349946226238,0.23700972695940978,0.23183110485660682,0.23820515721730967
8.054000000000975,0.2236751789800737,0.23700958280651213,0.23187404290032315,0.23821330025197646
8.055000000000975,0.22368750875844892,0.23700944214929348,0.2319167468870113,0.2382214984777596
8.056000000000974,0.22370050226497668,0.23700930490546748,0.23195921876517217,0.23822975226872842
8.057000000000974,0.22371417264843815,0.23700917099459778,0.23200146047271605,0.23823806200148753
8.058000000000973,0.22372853274093932,0.23700904033805503,0.232043473937051,0.23824642805519408
8.059000000000973,0.22374359506003746,0.23700891285897607,0.23208526107517072,0.2382548508115751
8.060000000000972,0.2237593718108605,0.23700878848222315,0.2321268237937421,0.23826333065494473
8.061000000000972,0.22377587488822115,0.23700866713434465,0.23216816398919224,0.23827186797222194
8.062000000000971,0.2237931158787253,0.23700854874353722,0.23220928354779488,0.23828046315294818
8.06300000000097,0.2238111060628739,0.23700843323960807,0.2322501843457566,0.23828911658930504
8.06400000000097,0.2238298564171605,0.23700832055393858,0.23229086824930223,0.2382978286761322
8.06500000000097,0.22384937761616214,0.23700821061944913,0.23233133711476023,0.23830659981094546
8.066000000000969,0.2238696800346263,0.23700810337056408,0.23237159278864722,0.2383154303939548
8.067000000000968,0.22389077374955202,0.23700799874317843,0.23241163710775237,0.2383243208280829
8.068000000000968,0.2239126685422672,0.23700789667462502,0.23245147189922105,0.2383332715189831
8.069000000000967,0.22393537390050014,0.237007797103642,0.23249109898063836,0.23834228287505824
8.070000000000967,0.22395889902044752,0.23700769997034216,0.23253052016011197,0.23835135530747928
8.071000000000966,0.22398325280883852,0.23700760521618217,0.2325697372363546,0.23836048923020386
8.072000000000966,0.22400844388499355,0.23700751278393278,0.23260875199876618,0.2383696850599953
8.073000000000965,0.22403448058288108,0.2370074226176503,0.23264756622751542,0.23837894321644174
8.074000000000964,0.22406137095316925,0.2370073346626479,0.2326861816936211,0.23838826412197506
8.075000000000964,0.2240891227652748,0.23700724886546837,0.23272460015903276,0.23839764820189022
8.076000000000963,0.22411774350940858,0.237007165173857,0.23276282337671128,0.23840709588436487
8.077000000000963,0.2241472403986179,0.23700708353673583,0.2328008530907087,0.23841660760047856
8.078000000000962,0.22417762037082575,0.23700700390417762,0.23283869103624782,0.23842618378423264
8.079000000000962,0.2242088900908672,0.237006926227381,0.23287633893980156,0.23843582487257006
8.080000000000961,0.2242410559525231,0.23700685045864672,0.23291379851917143,0.23844553130539511
8.08100000000096,0.22427412408055125,0.23700677655135313,0.23295107148356614,0.23845530352559371
8.08200000000096,0.22430810033271445,0.23700670445993355,0.23298815953367952,0.23846514197905352
8.08300000000096,0.22434299030180666,0.23700663413985368,0.2330250643617681,0.23847504711468429
8.084000000000959,0.22437879931767632,0.2370065655475894,0.2330617876517283,0.23848501938443828
8.085000000000958,0.2244155324492478,0.23700649864060538,0.23309833107917344,0.2384950592433311
8.086000000000958,0.22445319450653958,0.23700643337733407,0.2331346963115099,0.23850516714946218
8.087000000000957,0.22449179004268116,0.23700636971715525,0.23317088500801345,0.2385153435640359
8.088000000000957,0.2245313233559271,0.23700630762037603,0.23320689881990483,0.2385255889513825
8.089000000000956,0.22457179849166845,0.23700624704821135,0.2332427393904252,0.23853590377897943
8.090000000000956,0.22461321924444316,0.23700618796276512,0.23327840835491093,0.23854628851747237
8.091000000000955,0.22465558915994255,0.2370061303270111,0.2333139073408684,0.238556743640697
8.092000000000954,0.22469891153701638,0.2370060741047754,0.23334923796804827,0.2385672696257006
8.093000000000954,0.2247431894296755,0.2370060192607181,0.2333844018485192,0.23857786695276362
8.094000000000953,0.22478842564909163,0.2370059657603163,0.23341940058674152,0.23858853610542174
8.095000000000953,0.22483462276559524,0.23700591356984732,0.2334542357796405,0.23859927757048793
8.096000000000952,0.22488178311067,0.23700586265637164,0.23348890901667915,0.23861009183807463
8.097000000000952,0.22492990877894567,0.23700581298771703,0.23352342187993072,0.2386209794016161
8.098000000000951,0.22497900163018736,0.2370057645324628,0.2335577759441509,0.238631940757891
8.09900000000095,0.22502906329128222,0.2370057172599241,0.23359197277684965,0.2386429764070449
8.10000000000095,0.22508009515822344,0.23700567114013693,0.23362601393836285,0.23865408685261336
8.10100000000095,0.22513209839809128,0.23700562614384338,0.23365990098192338,0.23866527260154466
8.102000000000949,0.2251850739510302,0.23700558224247698,0.23369363545373195,0.23867653416422302
8.103000000000948,0.22523902253222408,0.2370055394081486,0.23372721889302775,0.23868787205449196
8.104000000000948,0.2252939446338669,0.2370054976136328,0.2337606528321587,0.2386992867896777
8.105000000000947,0.22534984052713028,0.23700545683235383,0.2337939387966512,0.2387107788906126
8.106000000000947,0.2254067102641278,0.23700541703837258,0.23382707830527993,0.2387223488816592
8.107000000000946,0.22546455367987558,0.2370053782063735,0.2338600728701371,0.238733997290734
8.108000000000946,0.22552337039424822,0.23700534031165205,0.23389292399670136,0.23874572464933155
8.109000000000945,0.2255831598139319,0.23700530333010178,0.23392563318390652,0.2387575314925487
8.110000000000944,0.2256439211343726,0.23700526723820237,0.23395820192421005,0.23876941835910903
8.111000000000944,0.22570565334172063,0.2370052320130076,0.23399063170366102,0.23878138579138747
8.112000000000943,0.22576835521477023,0.2370051976321334,0.23402292400196803,0.23879343433543498
8.113000000000943,0.22583202532689547,0.23700516407374633,0.23405508029256666,0.2388055645410035
8.114000000000942,0.22589666204798098,0.23700513131655268,0.23408710204268673,0.23881777696157097
8.115000000000942,0.2259622635463484,0.2370050993397866,0.23411899071341924,0.23883007215436677
8.116000000000941,0.22602882779067757,0.2370050681231998,0.234150747759783,0.23884245068039692
8.11700000000094,0.22609635255192345,0.2370050376470505,0.23418237463079108,0.23885491310446977
8.11800000000094,0.22616483540522767,0.23700500789209314,0.2342138727695169,0.23886745999522185
8.11900000000094,0.22623427373182461,0.2370049788395679,0.2342452436131601,0.2388800919251437
8.120000000000939,0.22630466472094324,0.23700495047119063,0.23427648859311204,0.23889280947060604
8.121000000000938,0.22637600537170272,0.23700492276914295,0.23430760913502113,0.238905613211886
8.122000000000938,0.22644829249500306,0.23700489571606223,0.23433860665885803,0.23891850373319376
8.123000000000937,0.22652152271541087,0.2370048692950324,0.23436948257898021,0.2389314816226991
8.124000000000937,0.22659569247303812,0.23700484348957418,0.23440023830419665,0.2389445474725581
8.125000000000936,0.22667079802541712,0.2370048182836357,0.23443087523783207,0.23895770187894055
8.126000000000936,0.22674683544936877,0.23700479366158386,0.23446139477779093,0.23897094544205666
8.127000000000935,0.22682380064286503,0.23700476960819486,0.23449179831662126,0.23898427876618483
8.128000000000934,0.22690168932688687,0.23700474610864555,0.23452208724157816,0.23899770245969906
8.129000000000934,0.22698049704727552,0.23700472314850515,0.23455226293468717,0.23901121713509668
8.130000000000933,0.22706021917657804,0.2370047007137261,0.23458232677280721,0.23902482340902642
8.131000000000933,0.2271408509158878,0.23700467879063591,0.2346122801276935,0.23903852190231642
8.132000000000932,0.22722238729667876,0.2370046573659292,0.23464212436606013,0.23905231324000262
8.133000000000932,0.22730482318263437,0.23700463642665923,0.23467186084964245,0.23906619805135731
8.134000000000931,0.22738815327147094,0.2370046159602301,0.2347014909352591,0.2390801769699178
8.13500000000093,0.22747237209675492,0.23700459595438886,0.234731015974874,0.23909425063351528
8.13600000000093,0.22755747402971546,0.23700457639721775,0.23476043731565804,0.239108419684304
8.13700000000093,0.227643453281051,0.23700455727712672,0.23478975630005053,0.23912268476879056
8.138000000000929,0.2277303039027311,0.23700453858284587,0.23481897426582043,0.23913704653786338
8.139000000000928,0.22781801978979208,0.2370045203034183,0.23484809254612746,0.23915150564682244
8.140000000000928,0.22790659468212895,0.23700450242819243,0.23487711246958284,0.23916606275540908
8.141000000000927,0.22799602216628154,0.23700448494681542,0.23490603536031,0.23918071852783626
8.142000000000927,0.22808629567721614,0.2370044678492259,0.23493486253800486,0.23919547363281873
8.143000000000926,0.22817740850010243,0.23700445112564705,0.23496359531799627,0.23921032874360362
8.144000000000926,0.22826935377208607,0.2370044347665799,0.2349922350113058,0.2392252845380011
8.145000000000925,0.22836212448405752,0.2370044187627968,0.2350207829247077,0.23924034169841538
8.146000000000925,0.22845571348241628,0.23700440310533483,0.23504924036078848,0.2392555009118758
8.147000000000924,0.22855011347083184,0.2370043877854891,0.23507760861800625,0.23927076287006813
8.148000000000923,0.2286453170120011,0.23700437279480668,0.23510588899075016,0.2392861282693662
8.149000000000923,0.2287413165294025,0.23700435812508056,0.23513408276939937,0.2393015978108638
8.150000000000922,0.22883810430904725,0.23700434376834295,0.23516219124038185,0.2393171722004063
8.151000000000922,0.22893567250122843,0.23700432971685986,0.2351902156862332,0.23933285214862327
8.152000000000921,0.229034013122267,0.2370043159631247,0.23521815738565505,0.23934863837096063
8.15300000000092,0.22913311805625663,0.23700430249985296,0.23524601761357353,0.23936453158771337
8.15400000000092,0.22923297905680698,0.2370042893199762,0.23527379764119738,0.2393805325240585
8.15500000000092,0.2293335877487845,0.23700427641663632,0.23530149873607592,0.23939664191008803
8.156000000000919,0.22943493563005443,0.23700426378318043,0.23532912216215693,0.2394128604808423
8.157000000000918,0.2295370140732204,0.23700425141315504,0.23535666917984432,0.23942918897634358
8.158000000000918,0.22963981432736522,0.2370042393003011,0.23538414104605562,0.23944562814162976
8.159000000000917,0.22974332751979143,0.23700422743854865,0.2354115390142794,0.2394621787267884
8.160000000000917,0.22984754465776291,0.23700421582201162,0.23543886433463232,0.23947884148699097
8.161000000000916,0.22995245663024713,0.2370042044449828,0.23546611825391628,0.23949561718252718
8.162000000000916,0.23005805420965983,0.23700419330192918,0.23549330201567534,0.23951250657883985
8.163000000000915,0.23016432805361084,0.23700418238748674,0.23552041686025232,0.23952951044655968
8.164000000000915,0.23027126870665293,0.23700417169645605,0.2355474640248456,0.23954662956154057
8.165000000000914,0.23037886660203363,0.23700416122379736,0.23557444474356534,0.23956386470489485
8.166000000000913,0.2304871120634497,0.23700415096462626,0.23560136024748995,0.239581216663029
8.167000000000913,0.23059599530680652,0.23700414091420918,0.2356282117647222,0.23959868622767957
8.168000000000912,0.23070550644198023,0.23700413106795903,0.2356550005204453,0.2396162741959493
8.169000000000912,0.23081563547458592,0.23700412142143082,0.23568172773697874,0.2396339813703434
8.170000000000911,0.23092637230774982,0.23700411197031768,0.23570839463383408,0.23965180855880622
8.17100000000091,0.23103770674388782,0.23700410271044647,0.23573500242777068,0.23966975657475817
8.17200000000091,0.23114962848648885,0.2370040936377743,0.23576155233285107,0.23968782623713278
8.17300000000091,0.23126212714190583,0.2370040847483842,0.23578804556049648,0.23970601837041405
8.174000000000909,0.23137519222115188,0.23700407603848156,0.23581448331954202,0.2397243338046741
8.175000000000908,0.23148881314170439,0.2370040675043902,0.2358408668162919,0.23974277337561103
8.176000000000908,0.2316029792293166,0.23700405914254896,0.23586719725457445,0.2397613379245871
8.177000000000907,0.2317176797198359,0.23700405094950816,0.23589347583579698,0.23978002829866701
8.178000000000907,0.23183290376103088,0.23700404292192623,0.2359197037590007,0.23979884535065665
8.179000000000906,0.23194864041442656,0.2370040350565661,0.23594588222091545,0.239817789939142
8.180000000000906,0.23206487865714762,0.23700402735029222,0.23597201241601415,0.23983686292852824
8.181000000000905,0.2321816073837709,0.23700401980006736,0.2359980955365675,0.23985606518907931
8.182000000000905,0.23229881540818625,0.23700401240294955,0.23602413277269818,0.23987539759695747
8.183000000000904,0.232416491465467,0.23700400515608913,0.23605012531243533,0.23989486103426338
8.184000000000903,0.2325346242137488,0.23700399805672587,0.2360760743417686,0.23991445638907635
8.185000000000903,0.23265320223611874,0.2370039911021863,0.23610198104470245,0.2399341845554948
8.186000000000902,0.23277221404251291,0.23700398428988093,0.23612784660330993,0.23995404643367707
8.187000000000902,0.2328916480716236,0.23700397761730166,0.23615367219778688,0.23997404292988253
8.188000000000901,0.23301149269281554,0.2370039710820194,0.2361794590065056,0.23999417495651298
8.1890000000009,0.23313173620805222,0.23700396468168192,0.23620520820606866,0.24001444343215408
8.1900000000009,0.23325236685382983,0.23700395841401098,0.2362309209713626,0.2400348492816175
8.1910000000009,0.2333733728031213,0.23700395227680077,0.2362565984756116,0.24005539343598298
8.192000000000899,0.23349474216732893,0.23700394626791557,0.2362822418904308,0.24007607683264084
8.193000000000898,0.23361646299824465,0.23700394038528788,0.23630785238588004,0.24009690041533477
8.194000000000898,0.23373852329001937,0.23700393462691635,0.23633343113051708,0.24011786513420486
8.195000000000897,0.23386091098113998,0.23700392899086448,0.23635897929145094,0.24013897194583103
8.196000000000897,0.23398361395641298,0.23700392347525834,0.23638449803439515,0.24016022181327656
8.197000000000896,0.23410662004895635,0.23700391807828572,0.23640998852372097,0.24018161570613214
8.198000000000896,0.23422991704219673,0.2370039127981941,0.23643545192251048,0.24020315460055994
8.199000000000895,0.234353492671873,0.23700390763328996,0.2364608893926097,0.24022483947933845
8.200000000000895,0.23447733462804526,0.23700390258193715,0.23648630209468158,0.24024667133190708
8.201000000000894,0.2346014305571081,0.23700389764255564,0.23651169118825893,0.2402686511544113
8.202000000000893,0.23472576806380835,0.2370038928136215,0.23653705783179735,0.24029077994974826
8.203000000000893,0.23485033471326539,0.2370038880936648,0.2365624031827281,0.24031305872761238
8.204000000000892,0.23497511803299378,0.2370038834812701,0.23658772839751085,0.24033548850454156
8.205000000000892,0.2351001055149284,0.23700387897507494,0.2366130346316866,0.24035807030396344
8.206000000000891,0.23522528461744865,0.23700387457376995,0.2366383230399302,0.24038080515624222
8.20700000000089,0.2353506427674035,0.23700387027609834,0.2366635947761032,0.24040369409872553
8.20800000000089,0.2354761673621343,0.2370038660808558,0.2366888509933064,0.2404267381757919
8.20900000000089,0.23560184577149568,0.23700386198689033,0.23671409284393247,0.2404499384388983
8.210000000000889,0.23572766533987224,0.23700385799310264,0.23673932147971866,0.24047329594662825
8.211000000000888,0.2358536133881908,0.2370038540984461,0.23676453805179914,0.24049681176473992
8.212000000000888,0.2359796772159264,0.23700385030192722,0.23678974371075776,0.24052048696621503
8.213000000000887,0.23610584410310118,0.2370038466026063,0.23681493960668032,0.24054432263130757
8.214000000000887,0.2362321013122742,0.2370038429995981,0.23684012688920716,0.24056831984759314
8.215000000000886,0.2363584360905217,0.2370038394920727,0.23686530670758568,0.24059247971001868
8.216000000000886,0.2364848356714055,0.2370038360792566,0.23689048021072265,0.24061680332095237
8.217000000000885,0.2366112872769281,0.23700383276043382,0.23691564854723668,0.24064129179023383
8.218000000000885,0.2367377781194742,0.23700382953494742,0.23694081286551064,0.24066594623522491
8.219000000000884,0.236864295403735,0.2370038264022008,0.23696597431374408,0.24069076778086065
8.220000000000883,0.2369908263286158,0.23700382336165982,0.2369911340400056,0.24071575755970048
8.221000000000883,0.2371173580891229,0.2370038204128544,0.23701629319228523,0.2407409167119801
8.222000000000882,0.2372438779598771,0.23700381755449215,0.23704145291854678,0.24076624638566335
8.223000000000882,0.23737037338037453,0.2370038147835557,0.23706661436678025,0.24079174773649453
8.224000000000881,0.23749683187003917,0.23700381209625296,0.23709177868505424,0.2408174219280514
8.22500000000088,0.23762324094486292,0.23700380948894512,0.23711694702156827,0.240843270131798
8.22600000000088,0.2377495881192691,0.23700380695814205,0.2371421205247052,0.24086929352713823
8.22700000000088,0.2378758609079883,0.23700380450049777,0.23716730034308373,0.24089549330146973
8.228000000000879,0.23800204682794623,0.237003802112806,0.2371924876256106,0.24092187065023787
8.229000000000879,0.23812813340016448,0.237003799791996,0.23721768352153316,0.24094842677699047
8.230000000000878,0.23825410815167436,0.2370037975351281,0.23724288918049177,0.24097516289343257
8.231000000000877,0.23837995861744418,0.23700379533938948,0.2372681057525723,0.2410020802194819
8.232000000000877,0.2385056723423198,0.2370037932020898,0.23729333438835848,0.24102917998332435
8.233000000000876,0.23863123688297902,0.23700379112065773,0.23731857623898456,0.2410564634214701
8.234000000000876,0.2387566398099,0.23700378909263597,0.23734383245618773,0.2410839317788101
8.235000000000875,0.23888186870934267,0.23700378711567818,0.2373691041923607,0.24111158630867277
8.236000000000875,0.23900691118534456,0.2370037851875446,0.2373943926006043,0.24113942827288118
8.237000000000874,0.23913175486173022,0.23700378330609825,0.23741969883478004,0.2411674589418108
8.238000000000874,0.23925638738413363,0.23700378146930157,0.2374450240495628,0.24119567959444715
8.239000000000873,0.23938079642203436,0.23700377967521236,0.23747036940049354,0.2412240915184445
8.240000000000872,0.23950496967080698,0.2370037779219804,0.23749573604403196,0.24125269601018437
8.241000000000872,0.23962889485378225,0.23700377620784424,0.2375211251376093,0.24128149437483487
8.242000000000871,0.2397525597243222,0.2370037745311276,0.23754653783968122,0.24131048792641002
8.24300000000087,0.2398759520679058,0.23700377289023591,0.23757197530978044,0.24133967798783
8.24400000000087,0.23999905970422725,0.23700377128365346,0.23759743870856997,0.2413690658909812
8.24500000000087,0.24012187048930525,0.2370037697099401,0.2376229291978958,0.2413986529767773
8.246000000000869,0.24024437231760243,0.23700376816772867,0.23764844794084,0.24142844059522017
8.247000000000869,0.24036655312415572,0.23700376665572123,0.23767399610177387,0.24145843010546172
8.248000000000868,0.2404884008867153,0.23700376517268726,0.2376995748464109,0.2414886228758657
8.249000000000867,0.24060990362789392,0.23700376371746007,0.23772518534186016,0.24151902028407027
8.250000000000867,0.24073104941732287,0.23700376228893477,0.23775082875667936,0.24154962371705083
8.251000000000866,0.2408518263738173,0.23700376088606545,0.23777650626092833,0.2415804345711833
8.252000000000866,0.2409722226675474,0.23700375950786273,0.23780221902622228,0.2416114542523078
8.253000000000865,0.24109222652221654,0.23700375815339153,0.23782796822578534,0.2416426841757928
8.254000000000865,0.24121182621724496,0.2370037568217687,0.23785375503450407,0.24167412576659983
8.255000000000864,0.24133101008995853,0.23700375551216077,0.237879580628981,0.24170578045934826
8.256000000000864,0.24144976653778105,0.2370037542237821,0.23790544618758852,0.241737649698381
8.257000000000863,0.24156808402043156,0.2370037529558925,0.23793135289052234,0.2417697349378302
8.258000000000862,0.24168595106212248,0.23700375170779556,0.23795730191985562,0.2418020376416838
8.259000000000862,0.24180335625376173,0.23700375047883682,0.23798329445959274,0.24183455928385214
8.260000000000861,0.2419202882551542,0.2370037492684018,0.23800933169572341,0.24186730134823534
8.26100000000086,0.24203673579720544,0.23700374807591423,0.23803541481627674,0.24190026532879094
8.26200000000086,0.24215268768412446,0.23700374690083495,0.23806154501137547,0.24193345272960212
8.26300000000086,0.24226813279562534,0.23700374574265964,0.2380877234732902,0.24196686506494627
8.264000000000859,0.24238306008912794,0.23700374460091778,0.23811395139649397,0.2420005038593641
8.265000000000859,0.24249745860195585,0.23700374347517122,0.23814022997771647,0.24203437064772926
8.266000000000858,0.24261131745353137,0.2370037423650126,0.23816656041599898,0.24206846697531822
8.267000000000857,0.2427246258475673,0.23700374127006438,0.23819294391274887,0.24210279439788104
8.268000000000857,0.24283737307425396,0.23700374018997722,0.2382193816717944,0.24213735448171209
8.269000000000856,0.24294954851244144,0.23700373912442926,0.23824587489943982,0.24217214880372165
8.270000000000856,0.2430611416318164,0.23700373807312466,0.2382724248045202,0.24220717895150784
8.271000000000855,0.24317214199507323,0.2370037370357928,0.2382990325984568,0.24224244652342908
8.272000000000855,0.24328253926007756,0.23700373601218702,0.23832569949531218,0.24227795312867698
8.273000000000854,0.24339232318202375,0.23700373500208394,0.23835242671184562,0.24231370038734976
8.274000000000854,0.243501483615584,0.2370037340052824,0.23837921546756868,0.24234968993052622
8.275000000000853,0.24361001051704964,0.23700373302160263,0.23840606698480094,0.24238592340034013
8.276000000000852,0.24371789394646406,0.2370037320508856,0.23843298248872552,0.24242240245005517
8.277000000000852,0.2438251240697464,0.23700373109299216,0.23845996320744525,0.24245912874414038
8.278000000000851,0.24393169116080607,0.23700373014780204,0.2384870103720385,0.24249610395834603
8.27900000000085,0.24403758560364752,0.23700372921521384,0.23851412521661552,0.2425333297797802
8.28000000000085,0.2441427978944654,0.23700372829514357,0.23854130897837458,0.24257080790698565
8.28100000000085,0.24424731864372948,0.2370037273875247,0.23856856289765854,0.24260854005001736
8.28200000000085,0.2443511385782583,0.23700372649230733,0.23859588821801145,0.24264652793052063
8.283000000000849,0.24445424854328346,0.23700372560945757,0.2386232861862352,0.2426847732818095
8.284000000000848,0.24455663950450188,0.23700372473895728,0.23865075805244654,0.24272327784894596
8.285000000000847,0.24465830255011803,0.23700372388080324,0.23867830507013393,0.24276204338881946
8.286000000000847,0.2447592288928742,0.2370037230350069,0.23870592849621494,0.24280107167022721
8.287000000000846,0.2448594098720704,0.2370037222015942,0.23873362959109345,0.24284036447395474
8.288000000000846,0.24495883695557236,0.23700372138060444,0.23876140961871728,0.2428799235928573
8.289000000000845,0.24505750174180876,0.2370037205720907,0.23878926984663576,0.2429197508319415
8.290000000000845,0.2451553959617567,0.23700371977611895,0.23881721154605762,0.2429598480084479
8.291000000000844,0.24525251148091637,0.2370037189927678,0.23884523599190896,0.2430002169519336
8.292000000000844,0.24534884030127457,0.23700371822212832,0.23887334446289143,0.24304085950435603
8.293000000000843,0.24544437456325682,0.23700371746430365,0.23890153824154065,0.2430817775201569
8.294000000000842,0.2455391065476685,0.23700371671940834,0.23892981861428458,0.24312297286634663
8.295000000000842,0.24563302867762563,0.23700371598756878,0.23895818687150236,0.24316444742258986
8.296000000000841,0.24572613352047426,0.23700371526892217,0.2389866443075831,0.24320620308129096
8.29700000000084,0.24581841378970007,0.23700371456361666,0.239015192220985,0.24324824174768048
8.29800000000084,0.24590986234682688,0.237003713871811,0.2390438319142945,0.24329056533990207
8.29900000000084,0.24600047220330537,0.23700371319367416,0.23907256469428592,0.2433331757891
8.30000000000084,0.24609023652239265,0.2370037125293853,0.23910139187198082,0.2433760750395073
8.301000000000839,0.24617914862102025,0.23700371187913324,0.23913031476270796,0.2434192650485344
8.302000000000838,0.24626720197165483,0.2370037112431163,0.23915933468616335,0.24346274778685853
8.303000000000837,0.24635439020414862,0.23700371062154205,0.2391884529664704,0.24350652523851357
8.304000000000837,0.24644070710758112,0.23700371001462725,0.2392176709322403,0.24355059940098056
8.305000000000836,0.24652614663209213,0.23700370942259694,0.2392469899166328,0.24359497228527896
8.306000000000836,0.24661070289070738,0.23700370884568528,0.2392764112574168,0.24363964591605827
8.307000000000835,0.24669437016115453,0.2370037082841339,0.2393059362970317,0.2436846223316906
8.308000000000835,0.24677714288767386,0.23700370773819282,0.23933556638264833,0.2437299035843634
8.309000000000834,0.24685901568281923,0.23700370720811925,0.23936530286623064,0.24377549174017332
8.310000000000834,0.24693998332925385,0.237003706694178,0.23939514710459728,0.2438213888792204
8.311000000000833,0.2470200407815386,0.23700370619664082,0.23942510045948356,0.243867597095703
8.312000000000833,0.24709918316791435,0.23700370571578575,0.23945516429760358,0.2439141184980133
8.313000000000832,0.24717740579207806,0.23700370525189757,0.23948533999071256,0.24396095520883368
8.314000000000831,0.24725470413495357,0.23700370480526656,0.23951562891566947,0.24400810936523326
8.31500000000083,0.2473310738564569,0.23700370437618876,0.23954603245449976,0.2440555831187657
8.31600000000083,0.24740651079725684,0.23700370396496523,0.23957655199445863,0.24410337863556733
8.31700000000083,0.24748101098053082,0.23700370357190184,0.23960718892809404,0.24415149809645573
8.31800000000083,0.24755457061371686,0.23700370319730843,0.23963794465331048,0.24419994369702958
8.319000000000829,0.24762718609026124,0.2370037028414988,0.23966882057343267,0.24424871764776862
8.320000000000828,0.24769885399136307,0.23700370250478983,0.23969981809726956,0.24429782217413465
8.321000000000828,0.24776957108771555,0.2370037021875013,0.2397309386391787,0.2443472595166729
8.322000000000827,0.24783933434124428,0.2370037018899549,0.2397621836191306,0.24439703193111442
8.323000000000826,0.2479081409068437,0.23700370161247394,0.23979355446277378,0.24444714168847895
8.324000000000826,0.24797598813411048,0.23700370135538257,0.2398250526014996,0.24449759107517854
8.325000000000825,0.24804287356907628,0.2370037011190052,0.23985667947250772,0.24454838239312185
8.326000000000825,0.24810879495593818,0.2370037009036656,0.23988843651887148,0.24459951795981924
8.327000000000824,0.24817375023878857,0.23700370070968627,0.239920325189604,0.24465100010848848
8.328000000000824,0.2482377375633443,0.23700370053738776,0.23995234693972406,0.2447028311881611
8.329000000000823,0.24830075527867507,0.23700370038708735,0.23998450323032267,0.24475501356378987
8.330000000000823,0.2483628019389324,0.23700370025909884,0.24001679552862967,0.24480754961635637
8.331000000000822,0.24842387630507837,0.23700370015373104,0.24004922530808065,0.24486044174297988
8.332000000000821,0.24848397734661543,0.23700370007128685,0.24008179404838417,0.2449136923570266
8.33300000000082,0.24854310424331685,0.23700370001206267,0.24011450323558936,0.2449673038882198
8.33400000000082,0.24860125638695885,0.23700369997634638,0.24014735436215362,0.24502127878275076
8.33500000000082,0.24865843338305402,0.2370036999644171,0.2401803489270108,0.2450756195033903
8.33600000000082,0.24871463505258706,0.23700369997654339,0.24021348843563955,0.2451303285296012
8.337000000000819,0.24876986143375268,0.23700370001298207,0.2402467744001321,0.24518540835765135
8.338000000000818,0.24882411278369618,0.23700370007397706,0.24028020833926303,0.24524086150072752
8.339000000000818,0.24887738958025704,0.23700370015975764,0.24031379177855883,0.24529669048905017
8.340000000000817,0.24892969252371577,0.237003700270537,0.2403475262503674,0.24535289786998893
8.341000000000816,0.2489810225385445,0.23700370040651095,0.24038141329392793,0.24540948620817868
8.342000000000816,0.2490313807751614,0.23700370056785594,0.24041545445544113,0.24546645808563664
8.343000000000815,0.24908076861168954,0.2370037007547274,0.2404496512881399,0.24552381610188026
8.344000000000815,0.24912918765572,0.2370037009672581,0.24048400535236006,0.24558156287404573
8.345000000000814,0.2491766397460801,0.2370037012055562,0.2405185182156116,0.24563970103700733
8.346000000000814,0.24922312695460677,0.23700370146970304,0.24055319145265025,0.24569823324349793
8.347000000000813,0.24926865158792566,0.23700370175975155,0.24058802664554924,0.24575716216422974
8.348000000000813,0.2493132161892354,0.23700370207572374,0.24062302538377156,0.24581649048801626
8.349000000000812,0.24935682354009855,0.2370037024176088,0.24065818926424248,0.2458762209218951
8.350000000000811,0.24939947666223794,0.2370037027853603,0.24069351989142235,0.2459363561912512
8.35100000000081,0.24944117881934075,0.2370037031788946,0.24072901887737985,0.24599689903994157
8.35200000000081,0.24948193351886858,0.23700370359808784,0.24076468784186558,0.2460578522304201
8.35300000000081,0.24952174451387452,0.23700370404277318,0.24080052841238592,0.24611921854386387
8.35400000000081,0.24956061580482788,0.23700370451273894,0.2408365422242773,0.24618100078030003
8.355000000000809,0.2495985516414458,0.23700370500772527,0.24087273092078088,0.24624320175873343
8.356000000000808,0.2496355565245328,0.23700370552742137,0.24090909615311734,0.24630582431727527
8.357000000000808,0.249671635207828,0.23700370607146307,0.24094563958056248,0.24636887131327273
8.358000000000807,0.24970679269985996,0.23700370663942938,0.24098236287052271,0.2464323456234392
8.359000000000806,0.24974103426580987,0.23700370723083958,0.2410192676986113,0.2464962501439856
8.360000000000806,0.24977436542938225,0.23700370784515026,0.24105635574872467,0.24656058779075254
8.361000000000805,0.24980679197468392,0.23700370848175187,0.24109362871311937,0.24662536149934336
8.362000000000805,0.2498383199481114,0.2370037091399657,0.24113108829248922,0.24669057422525803
8.363000000000804,0.2498689556602454,0.23700370981904037,0.24116873619604295,0.24675622894402807
8.364000000000804,0.24989870568775466,0.23700371051814847,0.24120657414158211,0.24682232865135229
8.365000000000803,0.24992757687530634,0.23700371123638306,0.24124460385557953,0.2468888763632334
8.366000000000803,0.24995557633748508,0.23700371197275397,0.24128282707325802,0.24695587511611578
8.367000000000802,0.24998271146071907,0.23700371272618465,0.24132124553866968,0.24702332796702392
8.368000000000801,0.2500089899052143,0.23700371349550806,0.24135986100477533,0.24709123799370195
8.369000000000801,0.250034419606895,0.23700371427946323,0.24139867523352457,0.247159608294754
8.3700000000008,0.25005900877935167,0.23700371507669152,0.24143768999593615,0.2472284419897857
8.3710000000008,0.2500827659157955,0.2370037158857325,0.2414769070721788,0.24729774221954642
8.3720000000008,0.2501056997910188,0.23700371670502082,0.24151632825165242,0.2473675121460726
8.373000000000799,0.2501278194633615,0.23700371753288174,0.24155595533306976,0.2474377549528321
8.374000000000798,0.2501491342766828,0.23700371836752787,0.24159579012453844,0.24750847384486926
8.375000000000798,0.2501696538623379,0.23700371920705468,0.2416358344436436,0.2475796720489515
8.376000000000797,0.2501893881411589,0.23700372004943723,0.24167609011753058,0.2476513528137161
8.377000000000796,0.25020834732543973,0.23700372089252614,0.24171655898298858,0.24772351940981888
8.378000000000796,0.2502265419209242,0.23700372173404374,0.2417572428865342,0.24779617513008298
8.379000000000795,0.25024398272879683,0.23700372257158028,0.24179814368449587,0.2478693232896495
8.380000000000795,0.2502606808476756,0.23700372340259032,0.2418392632430985,0.24794296722612855
8.381000000000794,0.2502766476756062,0.2370037242243889,0.24188060343854867,0.2480171102997516
8.382000000000794,0.2502918949120566,0.23700372503414813,0.24192216615712006,0.24809175589352475
8.383000000000793,0.25030643455991236,0.23700372582889326,0.2419639532952398,0.2481669074133832
8.384000000000793,0.25032027892747033,0.23700372660549943,0.24200596675957473,0.2482425682883465
8.385000000000792,0.25033344063043184,0.23700372736068834,0.2420482084671186,0.2483187419706752
8.386000000000791,0.2503459325938927,0.2370037280910248,0.2420906803452795,0.24839543193602814
8.387000000000791,0.25035776805433163,0.23700372879291356,0.24213338433196763,0.24847264168362126
8.38800000000079,0.250368960561594,0.2370037294625965,0.24217632237568398,0.24855037473638716
8.38900000000079,0.2503795239808721,0.23700373009614933,0.24221949643560903,0.24862863464113577
8.39000000000079,0.2503894724946797,0.2370037306894793,0.24226290848169227,0.24870742496871637
8.391000000000789,0.2503988206048217,0.2370037312383221,0.24230656049474206,0.24878674931418035
8.392000000000788,0.2504075831343571,0.23700373173823994,0.24235045446651596,0.24886661129694537
8.393000000000788,0.25041577522955505,0.23700373218461895,0.2423945923998116,0.24894701456096033
8.394000000000787,0.25042341236184384,0.2370037325726675,0.24243897630855818,0.24902796277487188
8.395000000000786,0.2504305103297511,0.2370037328974141,0.24248360821790826,0.2491094596321916
8.396000000000786,0.2504370852608357,0.23700373315370624,0.2425284901643302,0.2491915088514647
8.397000000000785,0.2504431536136114,0.2370037333362086,0.24257362419570105,0.24927411417643955
8.398000000000785,0.25044873217945945,0.23700373343940243,0.24261901237140004,0.24935727937623856
8.399000000000784,0.2504538380845326,0.2370037334575848,0.2426646567624025,0.24944100824553014
8.400000000000784,0.25045848879164806,0.23700373338486777,0.24271055945137437,0.2495253046047019
8.401000000000783,0.2504627021021707,0.23700373321517862,0.24275672253276723,0.24961017230003488
8.402000000000783,0.25046649615788463,0.2370037329422601,0.24280314811291387,0.24969561520387912
8.403000000000782,0.2504698894428543,0.23700373255967064,0.24284983831012438,0.2497816372148303
8.404000000000782,0.25047290078527445,0.23700373206078537,0.2428967952547829,0.24986824225790766
8.405000000000781,0.2504755493593088,0.23700373143879783,0.2429440210894446,0.2499554342847331
8.40600000000078,0.2504778546869176,0.2370037306867211,0.24299151796893373,0.2500432172737114
8.40700000000078,0.25047983663967394,0.2370037297973902,0.2430392880604417,0.2501315952302119
8.40800000000078,0.2504815154405688,0.23700372876346465,0.24308733354362608,0.25022057218675103
8.409000000000779,0.25048291166580533,0.23700372757743152,0.24313565661071007,0.25031015220317665
8.410000000000778,0.25048404624658255,0.23700372623160862,0.24318425946658243,0.2504003393668528
8.411000000000778,0.25048494047086745,0.23700372471814907,0.24323314432889823,0.25049113779284676
8.412000000000777,0.2504856159851579,0.23700372302904524,0.24328231342817985,0.25058255162411636
8.413000000000777,0.25048609479623496,0.23700372115613438,0.24333176900791895,0.2506745850316993
8.414000000000776,0.2504863992729053,0.23700371909110377,0.24338151332467864,0.2507672422149032
8.415000000000775,0.25048655214773446,0.23700371682549726,0.24343154864819666,0.2508605274014976
8.416000000000775,0.2504865765187716,0.2370037143507221,0.24348187726148876,0.2509544448479064
8.417000000000774,0.25048649585126453,0.23700371165805628,0.24353250146095295,0.25104899883940246
8.418000000000774,0.2504863339793676,0.237003708738657,0.24358342355647433,0.25114419369030294
8.419000000000773,0.250486115107842,0.2370037055835695,0.2436346458715303,0.2512400337441661
8.420000000000773,0.25048586381374777,0.23700370218373626,0.24368617074329682,0.25133652337398965
8.421000000000772,0.25048560504813006,0.2370036985300082,0.24373800052275488,0.25143366698241015
8.422000000000772,0.2504852848872822,0.23700369434509888,0.24378983030221293,0.25144018293290576
8.423000000000771,0.2504849723372628,0.2370037026844497,0.24384135517397945,0.25144674304661524
8.42400000000077,0.25048466722091856,0.23700374876724475,0.24389257748903545,0.2514533476228641
8.42500000000077,0.25048436936528545,0.2370038574216536,0.2439434995845568,0.2514599969630063
8.42600000000077,0.2504840786014802,0.23700405308694855,0.24399412378402102,0.2514666913704387
8.427000000000769,0.25048379476459404,0.2370043598156386,0.24404445239731312,0.25147343115061405
8.428000000000768,0.2504835176935898,0.23700480127562124,0.24409448772083114,0.25148021661105574
8.429000000000768,0.25048324723120197,0.23700540075234736,0.24414423203759086,0.2514870480613712
8.430000000000767,0.25048298322384077,0.23700618115099906,0.24419368761732993,0.2514939258132664
8.431000000000767,0.25048272552149736,0.23700716499867866,0.24424285671661156,0.25150085018056006
8.432000000000766,0.2504824739776537,0.23700837444660608,0.24429174157892733,0.2515078214791977
8.433000000000765,0.2504822284491935,0.23700983127232417,0.2443403444347997,0.25151484002726626
8.434000000000765,0.2504819887963167,0.23701155688190992,0.24438866750188368,0.25152190614500863
8.435000000000764,0.25048175488245644,0.23701357231219045,0.24443671298506808,0.25152902015483825
8.436000000000764,0.25048152657419814,0.23701589823296282,0.24448448307657605,0.2515361823813537
8.437000000000763,0.2504813037412009,0.23701855494921514,0.24453197995606518,0.25154339315135366
8.438000000000763,0.25048108625612153,0.2370215624033501,0.2445792057907269,0.25155065279385164
8.439000000000762,0.2504808739945406,0.23702494017740788,0.2446261627353854,0.25155796164009125
8.440000000000762,0.2504806668348902,0.23702870749528848,0.24467285293259594,0.25156532002356113
8.441000000000761,0.2504804646583845,0.23703288322497273,0.24471927851274258,0.2515727282800102
8.44200000000076,0.2504802673489519,0.23703748588074067,0.24476544159413544,0.2515801867474629
8.44300000000076,0.25048007479316914,0.23704253362538744,0.24481134428310727,0.2515876957662349
8.44400000000076,0.2504798868801965,0.23704804427243453,0.24485698867410974,0.2515952556789482
8.445000000000759,0.25047970350171667,0.23705403528833843,0.24490237684980873,0.2516028668305472
8.446000000000758,0.2504795245518733,0.237060523794693,0.24494751088117958,0.25161052956831403
8.447000000000758,0.2504793499272123,0.23706752657042804,0.24499239282760152,0.25161824424188484
8.448000000000757,0.2504791795266248,0.23707506005400186,0.24503702473695163,0.2516260112032653
8.449000000000757,0.2504790132512912,0.23708314034558847,0.24508140864569822,0.2516338308068469
8.450000000000756,0.25047885100462675,0.237091783209258,0.24512554657899385,0.2516417034094232
8.451000000000755,0.25047869269222944,0.23710100407515275,0.24516944055076773,0.25164962937020596
8.452000000000755,0.2504785382218281,0.23711081804165504,0.24521309256381751,0.25165760905084156
8.453000000000754,0.2504783875032323,0.23712123987755007,0.24525650460990078,0.25166564281542747
8.454000000000754,0.2504782404482845,0.23713228402418146,0.24529967866982585,0.251673731030529
8.455000000000753,0.25047809697081175,0.237143964597601,0.24534261671354218,0.25168187406519577
8.456000000000753,0.25047795698658026,0.23715629539071167,0.24538532070023034,0.25169007229097895
8.457000000000752,0.25047782041325023,0.23716928987540434,0.2454277925783912,0.25169832608194775
8.458000000000752,0.25047768717033225,0.23718296120468824,0.24547003428593508,0.2517066358147068
8.459000000000751,0.25047755717914444,0.23719732221481477,0.24551204775027002,0.2517150018684134
8.46000000000075,0.2504774303627714,0.23721238542739645,0.24555383488838975,0.2517234246247944
8.46100000000075,0.25047730664602336,0.23722816305151812,0.24559539760696114,0.251731904468164
8.46200000000075,0.25047718595539736,0.23724466698584432,0.24563673780241127,0.25174044178544125
8.463000000000749,0.25047706821903803,0.2372619088207195,0.2456778573610139,0.25174903696616746
8.464000000000748,0.2504769533667014,0.23727989984026387,0.24571875815897562,0.2517576904025243
8.465000000000748,0.2504768413297174,0.23729865102446354,0.24575944206252126,0.2517664024893515
8.466000000000747,0.25047673204095516,0.23731817305125563,0.24579991092797926,0.25177517362416474
8.467000000000747,0.25047662543478777,0.2373384762986093,0.24584016660186625,0.2517840042071741
8.468000000000746,0.25047652144705923,0.23735957084660095,0.2458802109209714,0.25179289464130217
8.469000000000745,0.25047642001505094,0.23738146647948646,0.24592004571244008,0.25180184533220235
8.470000000000745,0.2504763210774502,0.23740417268776828,0.2459596727938574,0.2518108566882775
8.471000000000744,0.25047622457431906,0.2374276986702588,0.245999093973331,0.25181992912069856
8.472000000000744,0.25047613044706313,0.23745205333614078,0.24603831104957363,0.2518290630434231
8.473000000000743,0.2504760386384028,0.23747724530702236,0.24607732581198521,0.2518382588732146
8.474000000000743,0.2504759490923439,0.23750328291899125,0.24611614004073445,0.251847517029661
8.475000000000742,0.2504758617541495,0.23753017422466344,0.24615475550684013,0.2518568379351943
8.476000000000742,0.25047577657031256,0.23755792699523046,0.2461931739722518,0.2518662220151095
8.477000000000741,0.250475693488529,0.237586548722503,0.2462313971899303,0.2518756696975841
8.47800000000074,0.2504756124576716,0.2376160466209518,0.24626942690392772,0.2518851814136978
8.47900000000074,0.2504755334277646,0.23764642762974683,0.24630726484946686,0.2518947575974519
8.48000000000074,0.2504754563499584,0.2376776984147929,0.2463449127530206,0.25190439868578934
8.481000000000739,0.2504753811765061,0.23770986537076366,0.24638237233239046,0.2519141051186144
8.482000000000738,0.25047530786073924,0.237742934623133,0.24641964529678517,0.251923877338813
8.483000000000738,0.2504752363570448,0.23777691203020487,0.24645673334689855,0.2519337157922728
8.484000000000737,0.25047516662084274,0.23781180318513992,0.24649363817498712,0.2519436209279035
8.485000000000737,0.25047509860856415,0.23784761341798133,0.24653036146494733,0.25195359319765753
8.486000000000736,0.2504750322776298,0.23788434779767745,0.24656690489239247,0.25196363305655034
8.487000000000736,0.25047496758642895,0.23792201113410358,0.24660327012472893,0.25197374096268144
8.488000000000735,0.250474904494299,0.23796060798008126,0.2466394588212325,0.2519839173772552
8.489000000000734,0.2504748429615061,0.2380001426333949,0.2466754726331239,0.2519941627646018
8.490000000000734,0.2504747829492248,0.23804061913880778,0.24671131320364426,0.2520044775921987
8.491000000000733,0.2504747244195198,0.23808204129007518,0.24674698216812999,0.2520148623306916
8.492000000000733,0.250474667335327,0.23812441263195555,0.24678248115408746,0.25202531745391626
8.493000000000732,0.2504746116604354,0.23816773646221973,0.24681781178126733,0.2520358434389198
8.494000000000732,0.2504745573594695,0.2382120158336582,0.24685297566173825,0.25204644076598287
8.495000000000731,0.250474504397872,0.2382572535560851,0.24688797439996057,0.252057109918641
8.49600000000073,0.25047445274188673,0.23830345219834187,0.24692280959285956,0.2520678513837072
8.49700000000073,0.25047440235854235,0.2383506140902965,0.2469574828298982,0.2520786656512939
8.49800000000073,0.25047435321563605,0.23839874132484157,0.24699199569314978,0.25208955321483534
8.499000000000729,0.2504743052817178,0.2384478357598891,0.24702634975736995,0.2521005145711102
8.500000000000728,0.25047425852607474,0.23849789902036328,0.2470605465900687,0.25211155022026416
8.501000000000728,0.2504742129187163,0.23854893250018971,0.2470945877515819,0.25212266066583255
8.502000000000727,0.2504741684303596,0.23860093736428262,0.24712847479514244,0.2521338464147639
8.503000000000727,0.25047412503241406,0.23865391455052787,0.247162209266951,0.2521451079774423
8.504000000000726,0.2504740826969685,0.23870786477176403,0.2471957927062468,0.2521564458677112
8.505000000000726,0.2504740413967764,0.2387627885177595,0.24722922664537775,0.2521678606028969
8.506000000000725,0.2504740011052426,0.2388186860571864,0.24726251260987026,0.2521793527038318
8.507000000000724,0.25047396179640996,0.2388755574395908,0.247295652118499,0.2521909226948784
8.508000000000724,0.25047392344494634,0.23893340249735914,0.24732864668335616,0.2522025711039532
8.509000000000723,0.25047388602613185,0.23899222084768193,0.24736149780992042,0.2522142984625508
8.510000000000723,0.2504738495158465,0.23905201189451142,0.24739420699712558,0.2522261053057679
8.511000000000722,0.25047381389055756,0.23911277483051752,0.2474267757374291,0.25223799217232823
8.512000000000722,0.2504737791273078,0.23917450863903778,0.24745920551688008,0.25224995960460667
8.513000000000721,0.25047374520370375,0.23923721209602403,0.2474914978151871,0.2522620081486542
8.51400000000072,0.2504737120979039,0.239300883771984,0.24752365410578572,0.2522741383542227
8.51500000000072,0.2504736797886075,0.23936552203391867,0.2475556758559058,0.25228635077479017
8.51600000000072,0.25047364825504365,0.23943112504725486,0.2475875645266383,0.25229864596758594
8.517000000000719,0.2504736174769597,0.23949769077777266,0.24761932157300207,0.2523110244936161
8.518000000000718,0.25047358743461134,0.23956521699352865,0.24765094844401017,0.252323486917689
8.519000000000718,0.25047355810875144,0.23963370126677314,0.247682446582736,0.25233603380844105
8.520000000000717,0.25047352948062,0.23970314097586315,0.24771381742637918,0.2523486657383629
8.521000000000717,0.2504735015319339,0.23977353330716927,0.24774506240633112,0.25236138328382524
8.522000000000716,0.25047347424487704,0.23984487525697792,0.24777618294824022,0.2523741870251052
8.523000000000716,0.2504734476020903,0.23991716363338772,0.24780718047207712,0.252387077546413
8.524000000000715,0.2504734215866621,0.2399903950582007,0.2478380563921993,0.2524000554359183
8.525000000000714,0.25047339618211883,0.24006456596880726,0.24786881211741574,0.2524131212857773
8.526000000000714,0.25047337137241577,0.24013967262006636,0.24789944905105116,0.25242627569215975
8.527000000000713,0.25047334714192737,0.24021571108617953,0.24792996859101002,0.25243951925527586
8.528000000000713,0.25047332347543905,0.240292677262559,0.24796037212984035,0.25245285257940403
8.529000000000712,0.2504733003581376,0.24037056686769045,0.24799066105479725,0.25246627627291823
8.530000000000712,0.25047327777560296,0.24044937544498962,0.24802083674790626,0.2524797909483159
8.531000000000711,0.2504732557137995,0.2405290983646533,0.2480509005860263,0.2524933972222456
8.53200000000071,0.2504732341590676,0.24060973082550458,0.2480808539409126,0.2525070957155356
8.53300000000071,0.25047321309811543,0.24069126785683193,0.24811069817927922,0.2525208870532218
8.53400000000071,0.25047319251801065,0.24077370432022313,0.24814043466286154,0.2525347718645765
8.535000000000709,0.2504731724061728,0.24085703491139254,0.2481700647484782,0.252548750783137
8.536000000000708,0.25047315275036486,0.24094125416200377,0.2481995897880931,0.25256282444673445
8.537000000000708,0.2504731335386859,0.24102635644148573,0.24822901112887713,0.25257699349752316
8.538000000000707,0.25047311475956346,0.24111233595884385,0.24825833011326962,0.25259125858200976
8.539000000000707,0.25047309640174575,0.2411991867644654,0.24828754807903952,0.2526056203510826
8.540000000000706,0.2504730784542947,0.24128690275191944,0.24831666635934654,0.2526200794600416
8.541000000000706,0.250473060906578,0.24137547765975215,0.24834568628280193,0.2526346365686283
8.542000000000705,0.25047304374826307,0.24146490507327614,0.24837460917352908,0.25264929234105543
8.543000000000704,0.2504730269693089,0.24155517842635554,0.24840343635122394,0.2526640474460379
8.544000000000704,0.2504730105599598,0.24164629100318577,0.24843216913121535,0.2526789025568228
8.545000000000703,0.25047299451073846,0.24173823594006943,0.2484608088245249,0.25269385835122027
8.546000000000703,0.25047297881243913,0.2418310062271869,0.2484893567379268,0.25270891551163455
8.547000000000702,0.2504729634561213,0.24192459471036354,0.24851781417400756,0.25272407472509495
8.548000000000702,0.250472948433103,0.24201899409283223,0.24854618243122534,0.2527393366832873
8.549000000000701,0.2504729337349547,0.24211419693699324,0.24857446280396925,0.2527547020825854
8.5500000000007,0.2504729193534927,0.24221019566616928,0.24860265658261846,0.25277017162408294
8.5510000000007,0.25047290528077326,0.24230698256635874,0.24863076505360093,0.25278574601362547
8.5520000000007,0.2504728915090865,0.24240454978798506,0.24865878949945228,0.2528014259618424
8.553000000000699,0.2504728780309506,0.2425028893476441,0.24868673119887413,0.25281721218417974
8.554000000000698,0.25047286483910547,0.2426019931298494,0.24871459142679261,0.2528331054009325
8.555000000000698,0.25047285192650776,0.24270185288877458,0.24874237145441647,0.25284910633727764
8.556000000000697,0.2504728392863245,0.24280246024999602,0.248770072549295,0.25286521572330717
8.557000000000697,0.25047282691192846,0.24290380671223222,0.24879769597537602,0.25288143429406146
8.558000000000696,0.2504728147968915,0.24300588364908418,0.2488252429930634,0.2528977627895627
8.559000000000696,0.25047280293498025,0.24310868231077415,0.2488527148592747,0.25291420195484887
8.560000000000695,0.25047279132015055,0.2432121938258852,0.24888011282749847,0.2529307525400075
8.561000000000694,0.2504727799465425,0.24331640920310063,0.2489074381478514,0.25294741530021014
8.562000000000694,0.25047276880847474,0.2434213193329447,0.24893469206713537,0.2529641909957463
8.563000000000693,0.25047275790044055,0.24352691498952408,0.24896187582889442,0.25298108039205897
8.564000000000693,0.25047274721710194,0.24363318683227153,0.2489889906734714,0.2529980842597788
8.565000000000692,0.25047273675328596,0.24374012540769105,0.2490160378380647,0.2530152033747597
8.566000000000692,0.250472726503979,0.2438477211511063,0.24904301855678443,0.25303243851811397
8.567000000000691,0.2504727164643231,0.24395596438841138,0.24906993406070904,0.25304979047624815
8.56800000000069,0.25047270662961096,0.24406484533782555,0.2490967855779413,0.2530672600408987
8.56900000000069,0.2504726969952818,0.24417435411165142,0.2491235743336644,0.2530848480091684
8.57000000000069,0.2504726875569169,0.24428448071803732,0.24915030155019782,0.2531025551835625
8.571000000000689,0.2504726783102357,0.24439521506274542,0.24917696844705317,0.25312038237202533
8.572000000000688,0.25047266925109135,0.24450654695092353,0.24920357624098977,0.2531383303879773
8.573000000000688,0.2504726603754671,0.24461846608888319,0.24923012614607015,0.2531564000503519
8.574000000000687,0.2504726516794722,0.2447309620858841,0.24925661937371557,0.25317459218363314
8.575000000000687,0.25047264315933804,0.24484402445592382,0.2492830571327611,0.2531929076178932
8.576000000000686,0.2504726348114143,0.24495764261953576,0.249309440629511,0.25321134718883015
8.577000000000686,0.2504726266321658,0.24507180590559216,0.24933577106779353,0.2532299117378062
8.578000000000685,0.25047261861816866,0.24518650355311639,0.24936204964901607,0.2532486021118861
8.579000000000685,0.25047261076610683,0.24530172471310224,0.2493882775722198,0.25326741916387574
8.580000000000684,0.25047260307276864,0.2454174584503404,0.24941445603413454,0.2532863637523611
8.581000000000683,0.250472595535044,0.24553369374525486,0.24944058622923324,0.2533054367417473
8.582000000000683,0.25047258814992085,0.24565041949574656,0.2494666693497866,0.2533246390022984
8.583000000000682,0.2504725809144822,0.24576762451904607,0.24949270658591727,0.25334397141017656
8.584000000000682,0.2504725738259032,0.24588529755357566,0.24951869912565441,0.25336343484748247
8.585000000000681,0.2504725668814483,0.2460034272608196,0.2495446481549877,0.25338303020229547
8.58600000000068,0.25047256007846835,0.2461220022272047,0.24957055485792154,0.2534027583687139
8.58700000000068,0.25047255341439806,0.24624101096598894,0.24959642041652902,0.25342262024689616
8.58800000000068,0.2504725468867532,0.24636044191916032,0.24962224601100597,0.25344261674310165
8.589000000000679,0.2504725404931286,0.24648028345934467,0.2496480328197247,0.25346274876973207
8.590000000000678,0.2504725342311951,0.2466005238917226,0.24967378201928775,0.25348301724537314
8.591000000000678,0.25047252809869786,0.24672115145595622,0.2496994947845817,0.2535034230948366
8.592000000000677,0.2504725220934537,0.24684215432812362,0.24972517228883068,0.25352396724920206
8.593000000000677,0.2504725162133495,0.24696352062266422,0.24975081570364988,0.2535446506458599
8.594000000000676,0.25047251045633995,0.24708523839433089,0.24977642619909912,0.2535654742285538
8.595000000000676,0.25047250482044525,0.24720729564015184,0.24980200494373617,0.25358643894742394
8.596000000000675,0.25047249930375043,0.24732968030139954,0.24982755310467003,0.2536075457590501
8.597000000000675,0.2504724939044025,0.24745238026556884,0.24985307184761424,0.25362879562649565
8.598000000000674,0.2504724886206099,0.2475753833683608,0.24987856233694006,0.2536501895193512
8.599000000000673,0.25047248345064027,0.24769867739567472,0.24990402573572956,0.253671728413779
8.600000000000673,0.25047247839281966,0.2478222500856059,0.2499294632058288,0.2536934132925575
8.601000000000672,0.2504724734455311,0.24794608913044935,0.24995487590790066,0.2537152451451261
8.602000000000672,0.2504724686072134,0.2480701821787091,0.24998026500147802,0.25373722496763035
8.603000000000671,0.2504724638763605,0.2481945168371115,0.25000563164501644,0.2537593537629673
8.60400000000067,0.2504724592515202,0.24831908067262284,0.2500309769959472,0.2537816325408314
8.60500000000067,0.2504724547312938,0.24844386121447,0.25005630221072994,0.2538040623177606
8.60600000000067,0.25047245031433535,0.24856884595616338,0.2500816084449057,0.2538266441171825
8.607000000000669,0.25047244599935126,0.2486940223575207,0.25010689685314924,0.2538493789694612
8.608000000000668,0.25047244178509964,0.24881937784669267,0.25013216858932225,0.2538722679119445
8.609000000000668,0.2504724376703905,0.24894489982218665,0.2501574248065254,0.2538953119890109
8.610000000000667,0.25047243365408556,0.24907057565488983,0.25018266665715155,0.2539185122521173
8.611000000000667,0.2504724297350983,0.24919639269008942,0.25020789529293774,0.2539418697598473
8.612000000000666,0.2504724259123942,0.2493223382494896,0.25023311186501823,0.25396538557795895
8.613000000000666,0.25047242218499094,0.24944839963322274,0.25025831752397687,0.2539890607794341
8.614000000000665,0.2504724185519593,0.24957456412185564,0.2502835134198994,0.2540128964445266
8.615000000000665,0.25047241501242357,0.2497008189783876,0.2503087007024263,0.25403689366081217
8.616000000000664,0.2504724115655624,0.24982715145024018,0.2503338805208048,0.2540610535232377
8.617000000000663,0.2504724082106098,0.24995354877123666,0.25035905402394176,0.2540853771341714
8.618000000000663,0.2504724049468567,0.2500799981635702,0.2503842223604558,0.2541098656034529
8.619000000000662,0.25047240177365176,0.2502064868397591,0.2504093866787298,0.254134520048444
8.620000000000662,0.2504723986904032,0.2503330020045872,0.25043454812696325,0.2541593415940797
8.621000000000661,0.2504723956965804,0.25045953085702877,0.2504597078532248,0.2541843313729196
8.62200000000066,0.25047239279171574,0.2505860605921548,0.25048486700550443,0.25420949052519926
8.62300000000066,0.2504723899744965,0.25071257848420836,0.2505100267317659,0.2542348201988824
8.62400000000066,0.2504723872418406,0.25083907197140304,0.25053518817999937,0.25426032154971356
8.625000000000659,0.2504723845898723,0.25096552857146576,0.25056035249827335,0.2542859957412704
8.626000000000658,0.25047238201487265,0.25109193579877265,0.2505855208347874,0.25431184394501705
8.627000000000658,0.25047237951327506,0.2512182811662279,0.2506106943379244,0.2543378673403573
8.628000000000657,0.25047237708166026,0.2513445521871546,0.2506358741563029,0.2543640671146888
8.629000000000657,0.2504723747167521,0.2514707363771935,0.2506610614388297,0.2543904444634569
8.630000000000656,0.25047237241541276,0.2515968212562145,0.25068625733475225,0.25441700059020944
8.631000000000656,0.25047237017463847,0.251722794350238,0.25071146299371083,0.25444373670665155
8.632000000000655,0.2504723679915547,0.2518486431933683,0.2507366795657913,0.25447065403270086
8.633000000000655,0.25047236586341237,0.25197435532973866,0.2507619082015775,0.25449775379654327
8.634000000000654,0.25047236378758325,0.25209991831546896,0.2507871500522036,0.25452503723468906
8.635000000000653,0.25047236176155585,0.2522253197206346,0.25081240626940676,0.254552505592029
8.636000000000653,0.2504723597829314,0.25235054713124927,0.2508376780055797,0.25458016012189166
8.637000000000652,0.25047235784941985,0.25247558815125837,0.25086296641382333,0.2546080020861001
8.638000000000652,0.2504723559588357,0.2526004304045471,0.25088827264799907,0.2546360327550297
8.639000000000651,0.25047235410909463,0.2527250615369584,0.2509135978627818,0.254664253407666
8.64000000000065,0.25047235229820936,0.25284946921832546,0.2509389432137125,0.25469266533166335
8.64100000000065,0.25047235052428596,0.25297364114451515,0.25096430985725093,0.25472126982340326
8.64200000000065,0.25047234878552094,0.25309756503948394,0.2509896989508283,0.25475006818805374
8.643000000000649,0.25047234708019683,0.25322122865734475,0.25101511165290014,0.25477906173962883
8.644000000000648,0.25047234540667956,0.2533446197844462,0.2510405491229994,0.25480825180104877
8.645000000000648,0.250472343763415,0.25346772624146224,0.2510660125217889,0.2548376397042
8.646000000000647,0.25047234214892555,0.2535905358854925,0.2510915030111147,0.25486722678999607
8.647000000000647,0.25047234056180717,0.25371303661217326,0.2511170217540589,0.254897014408439
8.648000000000646,0.2504723390007267,0.25383521635779716,0.25114256991499273,0.25492700391868045
8.649000000000646,0.25047233746441855,0.25395706310144384,0.2511681486596298,0.25495719668908445
8.650000000000645,0.25047233595168217,0.2540785648671178,0.251193759155079,0.254987594097289
8.651000000000645,0.2504723344613792,0.25419970972589484,0.2512194025698983,0.2550181975302696
8.652000000000644,0.25047233299243093,0.2543204857980767,0.25124508007414725,0.2550490083844021
8.653000000000644,0.2504723315438159,0.2544408812553518,0.2512707928394412,0.25508002806552654
8.654000000000643,0.25047233011456715,0.25456088432296287,0.25129654203900426,0.2551112579890116
8.655000000000642,0.25047232870377034,0.25468048328188003,0.251322328847723,0.25514269957981855
8.656000000000642,0.250472327310561,0.25479966647097946,0.25134815444219993,0.255174354272567
8.657000000000641,0.25047232593412283,0.25491842228922507,0.25137402000080744,0.2552062235115997
8.65800000000064,0.25047232457368557,0.2550367391978556,0.2513999267037412,0.2552383087510489
8.65900000000064,0.2504723232285226,0.2551546057225731,0.2514258757330745,0.2552706114549025
8.66000000000064,0.2504723218979494,0.2552720104557348,0.25145186827281163,0.25530313309707087
8.661000000000639,0.2504723205813217,0.25538894205854606,0.25147790550894233,0.25533587516145406
8.662000000000639,0.2504723192780335,0.25550538926325417,0.2515039886294957,0.2553688391420097
8.663000000000638,0.2504723179875158,0.2556213408753425,0.2515301188245944,0.2554020265428209
8.664000000000637,0.25047231670923453,0.2557367857757238,0.25155629728650913,0.255435438878165
8.665000000000637,0.25047231544268966,0.2558517129229327,0.25158252520971286,0.2554690776725828
8.666000000000636,0.25047231418741295,0.2559661113553162,0.25160880379093536,0.25550294446094796
8.667000000000636,0.25047231294296707,0.25607997019322176,0.25163513422921785,0.2555370407885369
8.668000000000635,0.2504723117089442,0.25619327864118163,0.25166151772596773,0.2555713682110997
8.669000000000635,0.25047231048496466,0.25630602599009394,0.25168795548501327,0.25560592829493073
8.670000000000634,0.25047230927067576,0.2564182016193993,0.2517144487126587,0.2556407226169403
8.671000000000634,0.25047230806575077,0.25652979499925266,0.2517409986177391,0.2556757527647265
8.672000000000633,0.25047230686988786,0.25664079569268855,0.25176760641167567,0.2557110203366477
8.673000000000632,0.2504723056828088,0.2567511933577816,0.25179427330853105,0.25574652694189565
8.674000000000632,0.2504723045042578,0.25686097774979955,0.25182100052506445,0.25578227420056837
8.675000000000631,0.25047230333400156,0.25697013872334934,0.25184778928078755,0.25581826374374483
8.67600000000063,0.2504723021718272,0.25707866623451575,0.2518746407980198,0.25585449721355874
8.67700000000063,0.25047230101754225,0.2571865503429921,0.25190155630194444,0.25589097626327384
8.67800000000063,0.25047229987097347,0.2572937812142022,0.25192853702066415,0.255927702557359
8.679000000000629,0.2504722987319661,0.25740034912141413,0.25195558418525743,0.25596467777156473
8.680000000000629,0.2504722976003835,0.257506244447844,0.25198269902983444,0.2560019035929989
8.681000000000628,0.2504722964761059,0.25761145768875116,0.25200988279159353,0.25603938172020435
8.682000000000627,0.2504722953590303,0.2577159794535233,0.2520371367108775,0.25607711386323606
8.683000000000627,0.2504722942490696,0.2578198004677516,0.25206446203123045,0.25611510174373936
8.684000000000626,0.2504722931461519,0.25792291157529534,0.2520918599994542,0.25615334709502824
8.685000000000626,0.25047229205022037,0.2580253037403373,0.2521193318656655,0.2561918516621646
8.686000000000625,0.25047229096123225,0.25812696804942703,0.25214687888335285,0.2562306172020381
8.687000000000625,0.25047228987915865,0.25822789571351457,0.25217450230943383,0.25626964548344583
8.688000000000624,0.2504722888039843,0.2583280780699732,0.2522022034043124,0.2563089382871734
8.689000000000624,0.25047228773570634,0.258427506584611,0.25222998343193626,0.25634849740607596
8.690000000000623,0.25047228667433485,0.2585261728536722,0.2522578436598547,0.25638832464516015
8.691000000000622,0.2504722856198916,0.25862406860582665,0.25228578535927654,0.25642842182166653
8.692000000000622,0.2504722845724103,0.25872118570414937,0.25231380980512785,0.2564687907651522
8.693000000000621,0.25047228353193574,0.25881751614808884,0.25234191827611036,0.25650943331757464
8.69400000000062,0.25047228249852393,0.2589130520754244,0.25237011205475957,0.2565503513333755
8.69500000000062,0.25047228147224143,0.25900778576421346,0.25239839242750345,0.2565915466795652
8.69600000000062,0.25047228045316494,0.25910170963472723,0.2524267606847212,0.2566330212358084
8.69700000000062,0.2504722794413813,0.2591948162513773,0.25245521812080196,0.2566747768945095
8.698000000000619,0.25047227843698683,0.2592870983246305,0.25248376603420386,0.25671681556089904
8.699000000000618,0.2504722774400873,0.2593785487129147,0.25251240572751343,0.25675913915312065
8.700000000000617,0.2504722764507976,0.2594691604245142,0.25254113850750487,0.2568017496023186
8.701000000000617,0.2504722754692413,0.2595589266194555,0.25256996568519974,0.2568446488527259
8.702000000000616,0.25047227449555015,0.25964784061138385,0.2525988885759269,0.25688783886175304
8.703000000000616,0.2504722735298647,0.25973589586942947,0.2526279084993822,0.2569313216000771
8.704000000000615,0.2504722725723327,0.2598230860200664,0.25265702677968926,0.2569750990517321
8.705000000000615,0.25047227162310987,0.2599094048489609,0.2526862447454592,0.2570191732141991
8.706000000000614,0.25047227068235906,0.259994846302813,0.2527155637298517,0.2570635460984975
8.707000000000614,0.2504722697502502,0.2600794044911883,0.25274498507063575,0.2571082197292769
8.708000000000613,0.25047226882695983,0.26016307368834296,0.25277451011025065,0.2571531961449092
8.709000000000612,0.2504722679126709,0.26024584833504033,0.25280414019586733,0.25719847739758206
8.710000000000612,0.2504722670075723,0.26032772304036117,0.2528338766794496,0.25724406555339197
8.711000000000611,0.25047226611185863,0.26040869258350585,0.2528637209178163,0.25728996269243903
8.71200000000061,0.2504722652257301,0.26048875191559084,0.25289367427270254,0.25733617090892164
8.71300000000061,0.25047226434939146,0.26056789616143783,0.2529237381108226,0.25738269231123195
8.71400000000061,0.2504722634830525,0.2606461206213579,0.25295391380393156,0.2574295290220523
8.71500000000061,0.25047226262692707,0.26072342077292926,0.25298420272888844,0.2574766831784519
8.716000000000609,0.25047226178123283,0.26079979227276984,0.25301460626771877,0.2575241569319844
8.717000000000608,0.2504722609461908,0.2608752309583053,0.2530451258076776,0.2575719524487859
8.718000000000607,0.25047226012202517,0.2609497328495313,0.253075762741313,0.25762007190967434
8.719000000000607,0.2504722593089622,0.2610232941507725,0.25310651846652943,0.25766851751024816
8.720000000000606,0.2504722585072306,0.2610959112524371,0.2531373943866516,0.2577172914609872
8.721000000000606,0.25047225771706005,0.2611675807327679,0.25316839191048846,0.2577663959873532
8.722000000000605,0.2504722569386816,0.2612382993595894,0.2531995124523975,0.2578158333298914
8.723000000000605,0.2504722561723262,0.261308064092053,0.2532307574323494,0.25786560574433287
8.724000000000604,0.2504722554182248,0.26137687208237853,0.2532621282759926,0.2579157155016974
8.725000000000604,0.25047225467660733,0.26144472067759417,0.2532936264147185,0.257966164888397
8.726000000000603,0.25047225394770173,0.26151160742127366,0.2533252532857266,0.25801695620634035
8.727000000000602,0.2504722532317341,0.26157753005527307,0.25335701033209035,0.25806809177303774
8.728000000000602,0.25047225252892713,0.26164248652146477,0.25338889900282285,0.2581195739217069
8.729000000000601,0.25047225183949956,0.2617064749634715,0.2534209207529429,0.2581714050013796
8.7300000000006,0.25047225116366534,0.2617694937283995,0.25345307704354153,0.2582235873770083
8.7310000000006,0.25047225050163296,0.2618315413685713,0.25348536934184857,0.25827612342957484
8.7320000000006,0.25047224985360395,0.26189261664325847,0.2535177991212995,0.2583290155561983
8.7330000000006,0.25047224921977235,0.2619527185204146,0.25355036786160307,0.25838226617024507
8.734000000000599,0.25047224860032363,0.2620118461784096,0.2535830770488082,0.2584358777014382
8.735000000000598,0.2504722479954334,0.2620699990077643,0.25361592817537243,0.2584898525959691
8.736000000000598,0.2504722474052662,0.2621271766128865,0.2536489227402296,0.25854419331660866
8.737000000000597,0.2504722468299746,0.262183378813809,0.2536820622488583,0.2585989023428195
8.738000000000596,0.25047224626969766,0.2622386056479296,0.25371534821335084,0.25865398217086966
8.739000000000596,0.2504722457245597,0.26229285737175306,0.25374878215248176,0.2587094353139458
8.740000000000595,0.2504722451946688,0.2623461344626356,0.2537823655917776,0.2587652643022685
8.741000000000595,0.2504722446801155,0.26239843762053355,0.2538161000635861,0.2588214716832072
8.742000000000594,0.2504722441809709,0.2624497677697533,0.2538499871071466,0.2588780600213969
8.743000000000594,0.25047224369728555,0.26250012606070655,0.25388402826865986,0.2589350318988549
8.744000000000593,0.2504722432290874,0.2625495138716687,0.25391822510135864,0.25899238991509854
8.745000000000593,0.25047224277638036,0.26259793281054133,0.2539525791655788,0.25905013668726395
8.746000000000592,0.25047224233914167,0.2626453847166198,0.2539870920288303,0.2591082748502256
8.747000000000591,0.25047224191732137,0.2626918716623647,0.25402176526586895,0.2591668070567162
8.74800000000059,0.250472241510839,0.2627373959551795,0.254056600458768,0.259225735977448
8.74900000000059,0.2504722411195822,0.26278196013919264,0.2540915991969903,0.25928506430123455
8.75000000000059,0.25047224074340463,0.26282556699704607,0.2541267630774612,0.2593447947351133
8.75100000000059,0.2504722403821233,0.2628682195516889,0.25416209370464105,0.2594049300044694
8.752000000000589,0.25047224003551666,0.2629099210681778,0.25419759269059855,0.25946547285315974
8.753000000000588,0.250472239703322,0.26295067505548386,0.2542332616550843,0.2595264260436383
8.754000000000588,0.25047223938523316,0.26299048526830554,0.25426910222560467,0.2595877923570821
8.755000000000587,0.2504722390808979,0.2630293557088892,0.25430511603749606,0.2596495745935183
8.756000000000586,0.25047223878991526,0.26306729062885575,0.2543413047339996,0.25971177557195163
8.757000000000586,0.2504722385118327,0.2631042945310362,0.25437766996633604,0.25977439813049347
8.758000000000585,0.25047223824614373,0.2631403721713122,0.2544142133937812,0.2598374451264909
8.759000000000585,0.25047223799228446,0.2631755285604665,0.2544509366837414,0.2599009194366574
8.760000000000584,0.2504722377496313,0.26320976896603937,0.25448784151182996,0.2599648239572037
8.761000000000584,0.2504722375174975,0.2632430989141937,0.25452492956194334,0.26002916160397066
8.762000000000583,0.2504722372951303,0.26327552419158723,0.25456220252633804,0.2600939353125615
8.763000000000583,0.25047223708170735,0.2633070508472535,0.2545996621057079,0.2601591480384761
8.764000000000582,0.2504722368763343,0.26333768519448897,0.25463731000926165,0.26022480275724624
8.765000000000581,0.2504722366780405,0.26336743381274996,0.25467514795480084,0.26029090246457043
8.76600000000058,0.2504722364857766,0.2633963035495562,0.25471317766879825,0.26035745017645157
8.76700000000058,0.2504722362984104,0.26342430152240115,0.25475140088647674,0.2604244489293339
8.76800000000058,0.2504722361147239,0.2634514351206719,0.25478981935188844,0.2604919017802421
8.76900000000058,0.2504722359334095,0.2634777120075741,0.2548284348179941,0.26055981180692017
8.770000000000579,0.2504722357530666,0.26350314012206566,0.25486724904674335,0.26062818210797223
8.771000000000578,0.2504722355721979,0.26352772768079635,0.25490626380915493,0.2606970158030039
8.772000000000578,0.2504722353892059,0.2635514831800538,0.25494548088539754,0.26076631603276457
8.773000000000577,0.25047223520238915,0.26357441539771664,0.2549849020648711,0.2608360859592907
8.774000000000576,0.2504722350099389,0.2635965333952121,0.2550245291462884,0.2609063287660502
8.775000000000576,0.25047223480993497,0.2636178465194801,0.2550643639377571,0.2609770476580873
8.776000000000575,0.2504722346003423,0.26363836440494165,0.25510440825686226,0.26104824586216957
8.777000000000575,0.2504722343790075,0.2636580969754717,0.25514466393074925,0.2611199266269342
8.778000000000574,0.25047223414365477,0.26367705444637657,0.2551851327962072,0.2611920932230369
8.779000000000574,0.25047223389188267,0.26369524732637395,0.2552258166997528,0.261264748943301
8.780000000000573,0.25047223362116033,0.2637126864195763,0.2552667174977145,0.2613378971028675
8.781000000000573,0.25047223332882396,0.26372938282747577,0.25530783705631716,0.26141154103934655
8.782000000000572,0.2504722330120734,0.2637453479509314,0.25534917725176726,0.2614856841129696
8.783000000000571,0.25047223266796836,0.26376059349215714,0.2553907399703387,0.26156032970674276
8.784000000000571,0.2504722322934256,0.2637751314567093,0.2554325271084584,0.26163548122660113
8.78500000000057,0.25047223188521534,0.2637889741554751,0.2554745405727933,0.26171114210156443
8.78600000000057,0.250472231439958,0.2638021342066583,0.2555167822803372,0.26178731578389314
8.78700000000057,0.25047223095412136,0.26381462453776455,0.25555925415849806,0.26186400574924606
8.788000000000569,0.2504722304240174,0.26382645838758323,0.2556019581451862,0.2619412154968392
8.789000000000568,0.25047222984579953,0.2638376493081668,0.25564489618890257,0.26201894854960506
8.790000000000568,0.25047222921546014,0.2638482111668054,0.2556880702488276,0.2620972084543537
8.791000000000567,0.2504722285288277,0.26385815814799835,0.2557314822949109,0.2621759987819343
8.792000000000566,0.25047222778156475,0.2638675047554185,0.25577513430796067,0.2622553231273983
8.793000000000566,0.2504722269691653,0.2638762658138726,0.2558190282797345,0.26233518511016324
8.794000000000565,0.2504722260869536,0.263884456471254,0.2558631662130302,0.2624155883741782
8.795000000000565,0.2504722251300815,0.2638920922004893,0.25590755012177674,0.26249653658808975
8.796000000000564,0.25047222409352754,0.26389918880147634,0.2559521820311268,0.2625780334454094
8.797000000000564,0.25047222297209554,0.26390576240301516,0.25599706397754873,0.26266008266468255
8.798000000000563,0.2504722217604135,0.26391182946472985,0.2560421980089196,0.2627426879896574
8.799000000000563,0.2504722204529326,0.263917406778982,0.2560875861846186,0.26282585318945634
8.800000000000562,0.2504722190439274,0.2639225114727742,0.256133230575621,0.26290958205874787
8.801000000000561,0.2504722175274949,0.26392716100964464,0.25617913326459285,0.26299387841791966
8.802000000000561,0.2504722158975551,0.263931373191551,0.2562252963459857,0.2630787461132526
8.80300000000056,0.25047221414785154,0.26393516616074536,0.2562717219261323,0.26316418901709676
8.80400000000056,0.2504722122719519,0.2639385584016373,0.25631841212334283,0.26325021102804796
8.80500000000056,0.25047221026324945,0.26394156874264835,0.25636536906800134,0.26333681607112536
8.806000000000559,0.2504722081149644,0.26394421635805476,0.2564125949026631,0.2634240080979508
8.807000000000558,0.2504722058201462,0.2639465207698201,0.25646009178215223,0.2635117910869291
8.808000000000558,0.2504722033716756,0.2639485018494177,0.25650786187366015,0.2636001690434296
8.809000000000557,0.25047220076226767,0.2639501798196426,0.2565559073568446,0.2636891459999688
8.810000000000556,0.25047219798447573,0.26395157525641333,0.2566042304239286,0.26377872601639435
8.811000000000556,0.2504721950306938,0.26395270909056373,0.256652833279801,0.26386891318007055
8.812000000000555,0.2504721918931625,0.2639536026096251,0.2567017181421168,0.2639597116060645
8.813000000000555,0.25047218856397263,0.2639542774595984,0.2567508872413984,0.26405112543733406
8.814000000000554,0.25047218503507146,0.26395475564671844,0.25680034282113745,0.26414315884491696
8.815000000000554,0.2504721812982681,0.2639550595392079,0.25685008713789714,0.2642358160281209
8.816000000000553,0.2504721773452407,0.2639552118690236,0.2569001224614152,0.2643291012147153
8.817000000000553,0.250472173167543,0.26395523573359514,0.2569504510747073,0.26442301866112417
8.818000000000552,0.25047216875661266,0.2639551545975549,0.25700107527417154,0.2645175726526202
8.819000000000552,0.25047216410377965,0.26395499229446173,0.2570519973696929,0.2646127675035207
8.820000000000551,0.25047215920027543,0.2639547730285179,0.25710321968474886,0.2647086075573838
8.82100000000055,0.25047215403724327,0.2639545213762791,0.2571547445565154,0.26480509718720735
8.82200000000055,0.2504721486057485,0.26395426228835966,0.25720657433597344,0.26490224079562785
8.82300000000055,0.2504721395343497,0.26395394142206113,0.2572584041154315,0.26490875674612346
8.824000000000549,0.25047214316978095,0.2639536281646486,0.257309928987198,0.26491531685983294
8.825000000000548,0.25047218472724353,0.26395332233930274,0.25736115130225395,0.26492192143608173
8.826000000000548,0.2504722890309662,0.26395302377336904,0.25741207339777533,0.264928570776224
8.827000000000547,0.2504724805163055,0.2639527322982508,0.25746269759723955,0.26493526518365634
8.828000000000547,0.2504727832318658,0.2639524477493045,0.2575130262105317,0.2649420049638318
8.829000000000546,0.25047322084163814,0.26395216996573867,0.2575630615340497,0.26494879042427344
8.830000000000545,0.2504738166271543,0.2639518987905158,0.25761280585080937,0.2649556218745889
8.831000000000545,0.25047459348965523,0.2639516340702563,0.25766226143054843,0.2649624996264841
8.832000000000544,0.25047557395227193,0.26395137565514687,0.25771143052983003,0.2649694239937777
8.833000000000544,0.2504767801622164,0.26395112339884985,0.2577603153921458,0.2649763952924153
8.834000000000543,0.2504782338929817,0.2639508771584167,0.25780891824801816,0.2649834138404839
8.835000000000543,0.25047995654654936,0.26395063679420266,0.2578572413151022,0.26499047995822633
8.836000000000542,0.2504819691556025,0.26395040216978527,0.25790528679828656,0.26499759396805594
8.837000000000542,0.25048429238574393,0.2639501731518838,0.25795305688979453,0.2650047561945714
8.838000000000541,0.25048694653771675,0.2639499496102821,0.25800055376928366,0.26501196696457135
8.83900000000054,0.2504899515496286,0.26394973141775335,0.25804777960394537,0.26501922660706934
8.84000000000054,0.2504933269991751,0.2639495184499863,0.2580947365486039,0.26502653545330895
8.84100000000054,0.25049709210586524,0.26394931058551485,0.25814142674581436,0.26503389383677883
8.842000000000539,0.25050126573324477,0.2639491077056482,0.258187852325961,0.26504130209322785
8.843000000000538,0.25050586639111877,0.26394890969440427,0.25823401540735386,0.2650487605606806
8.844000000000538,0.2505109122377713,0.2639487164384438,0.2582799180963257,0.26505626957945255
8.845000000000537,0.25051642108218247,0.2639485278270071,0.25832556248732813,0.26506382949216584
8.846000000000537,0.25052241038624173,0.2639483437518524,0.2583709506630271,0.2650714406437648
8.847000000000536,0.2505288972669573,0.26394816410719524,0.258416084694398,0.2650791033815317
8.848000000000535,0.25053589849866065,0.2639479887896503,0.2584609666408199,0.2650868180551025
8.849000000000535,0.2505434305152059,0.2639478176981746,0.25850559855017,0.2650945850164829
8.850000000000534,0.2505515094121647,0.2639476507340119,0.2585499824589166,0.26510240462006457
8.851000000000534,0.2505601509490141,0.26394748780063887,0.25859412039221225,0.2651102772226409
8.852000000000533,0.2505693705513205,0.26394732880371274,0.25863801436398615,0.26511820318342366
8.853000000000533,0.2505791833129149,0.2639471736510198,0.25868166637703593,0.26512618286405926
8.854000000000532,0.25058960399806457,0.26394702225242656,0.2587250784231192,0.26513421662864517
8.855000000000532,0.2506006470436369,0.2639468745198302,0.25876825248304425,0.2651423048437467
8.856000000000531,0.25061232656125665,0.263946730367112,0.2588111905267606,0.26515044787841346
8.85700000000053,0.2506246563394579,0.26394658971009194,0.25885389451344876,0.26515864610419665
8.85800000000053,0.2506376498458289,0.26394645246648263,0.2588963663916096,0.26516689989516545
8.85900000000053,0.2506513202291509,0.26394631855584705,0.2589386080991535,0.2651752096279245
8.860000000000529,0.25066568032152914,0.263946187899555,0.2589806215634884,0.2651835756816311
8.861000000000528,0.25068074264052104,0.2639460604207426,0.2590224087016081,0.26519199843801206
8.862000000000528,0.2506965193912539,0.2639459360442714,0.2590639714201795,0.2652004782813817
8.863000000000527,0.2507130224685406,0.26394581469668926,0.25910531161562966,0.26520901559865895
8.864000000000527,0.2507302634589864,0.26394569630619213,0.2591464311742323,0.2652176107793852
8.865000000000526,0.2507482536430923,0.26394558080258634,0.259187331972194,0.2652262642157421
8.866000000000525,0.25076700399735136,0.2639454681172531,0.2592280158757396,0.2652349763025692
8.867000000000525,0.2507865251963405,0.2639453581831117,0.25926848474119757,0.2652437474373824
8.868000000000524,0.25080682761480705,0.2639452509345863,0.25930874041508456,0.26525257802039176
8.869000000000524,0.25082792132974985,0.26394514630757127,0.25934878473418965,0.26526146845451976
8.870000000000523,0.2508498161224964,0.26394504423939874,0.25938861952565834,0.26527041914541993
8.871000000000523,0.2508725214807748,0.2639449446688065,0.25942824660707564,0.2652794305014951
8.872000000000522,0.25089604660078174,0.26394484753590663,0.2594676677865492,0.26528850293391615
8.873000000000522,0.2509204003892457,0.26394475278215557,0.25950688486279183,0.2652976368566407
8.874000000000521,0.2509455914654874,0.2639446603503235,0.2595458996252034,0.2653068326864321
8.87500000000052,0.2509716281634747,0.26394457018446604,0.25958471385395265,0.26531609084287855
8.87600000000052,0.25099851853387567,0.2639444822298963,0.2596233293200583,0.2653254117484119
8.87700000000052,0.2510262703461067,0.26394439643315637,0.25966174778547,0.2653347958283271
8.878000000000519,0.2510548910903786,0.2639443127419914,0.2596999710031485,0.2653442435108017
8.879000000000518,0.25108438797973814,0.2639442311053226,0.2597380007171459,0.2653537552269154
8.880000000000518,0.25111476795210835,0.26394415147322264,0.2597758386626851,0.26536333141066953
8.881000000000517,0.25114603767232374,0.26394407379688983,0.2598134865662388,0.26537297249900693
8.882000000000517,0.25117820353416526,0.26394399802862434,0.2598509461456087,0.26538267893183204
8.883000000000516,0.2512112716623902,0.2639439241218043,0.2598882191100034,0.26539245115203064
8.884000000000515,0.25124524791476116,0.26394385203086274,0.2599253071601168,0.26540228960549045
8.885000000000515,0.2512801378840719,0.2639437817112649,0.2599622119882054,0.2654121947411212
8.886000000000514,0.25131594690017034,0.2639437131194864,0.25999893527816564,0.26542216701087523
8.887000000000514,0.25135268003198086,0.2639436462129916,0.2600354787056108,0.26543220686976804
8.888000000000513,0.25139034208952143,0.2639435809502127,0.26007184393794724,0.26544231477589914
8.889000000000513,0.25142893762592133,0.263943517290529,0.26010803263445076,0.2654524911904728
8.890000000000512,0.25146847093943464,0.2639434551942477,0.26014404644634215,0.26546273657781944
8.891000000000512,0.2515089460754526,0.26394339462258326,0.2601798870168625,0.2654730514054164
8.892000000000511,0.25155036682851234,0.26394333553763927,0.2602155559813482,0.26548343614390923
8.89300000000051,0.2515927367443051,0.2639432779023894,0.2602510549673057,0.2654938912671339
8.89400000000051,0.25163605912168036,0.26394322168065937,0.2602863855944855,0.26550441725213747
8.89500000000051,0.2516803370146485,0.26394316683710917,0.2603215494749564,0.26551501457920046
8.896000000000509,0.25172557323438094,0.2639431133372157,0.2603565482131787,0.2655256837318586
8.897000000000508,0.25177177035120785,0.2639430611472559,0.26039138340607776,0.26553642519692483
8.898000000000508,0.25181893069661265,0.2639430102342902,0.2604260566431164,0.26554723946451153
8.899000000000507,0.25186705636522466,0.2639429605661461,0.2604605695063679,0.2655581270280529
8.900000000000507,0.2519161492168086,0.2639429121114027,0.26049492357058807,0.2655690883843278
8.901000000000506,0.2519662108782514,0.26394286483937496,0.26052912040328685,0.26558012403348175
8.902000000000506,0.2520172427455458,0.26394281872009884,0.2605631615648,0.26559123447905014
8.903000000000505,0.2520692459857717,0.26394277372431607,0.2605970486083605,0.2656024202279814
8.904000000000504,0.2521222215390733,0.2639427298234602,0.2606307830801691,0.2656136817906598
8.905000000000504,0.2521761701206342,0.26394268698964185,0.26066436651946495,0.2656250196809288
8.906000000000503,0.25223109222264767,0.2639426451956355,0.26069780045859586,0.2656364344161145
8.907000000000503,0.2522869881162853,0.263942604414865,0.26073108642308834,0.2656479265170494
8.908000000000502,0.2523438578536603,0.26394256462139143,0.2607642259317171,0.265659496508096
8.909000000000502,0.2524017012697883,0.26394252578989896,0.2607972204965743,0.2656711449171708
8.910000000000501,0.25246051798454355,0.2639424878956829,0.26083007162313854,0.26568287227576837
8.9110000000005,0.25252030740461207,0.2639424509146367,0.2608627808103437,0.2656946791189855
8.9120000000005,0.25258106872543934,0.26394241482324,0.2608953495506472,0.2657065659855458
8.9130000000005,0.2526428009331753,0.2639423795985463,0.26092777933009814,0.2657185334178242
8.914000000000499,0.25270550280661386,0.26394234521817156,0.2609600716284052,0.26573058196187177
8.915000000000498,0.2527691729191288,0.26394231166028226,0.2609922279190038,0.2657427121674402
8.916000000000498,0.25283380964060453,0.26394227890358446,0.26102424966912385,0.2657549245880077
8.917000000000497,0.25289941113936204,0.2639422469273124,0.2610561383398563,0.2657672197808035
8.918000000000497,0.2529659753840811,0.26394221571121745,0.26108789538622007,0.2657795983068336
8.919000000000496,0.25303350014571635,0.26394218523555796,0.2611195222572281,0.26579206073090644
8.920000000000496,0.2531019829994088,0.2639421554810881,0.26115102039595395,0.26580460762165853
8.921000000000495,0.2531714213263928,0.2639421264290482,0.26118239123959713,0.2658172395515803
8.922000000000494,0.25324181231589693,0.26394209806115376,0.2612136362195491,0.26582995709704266
8.923000000000494,0.25331315296704,0.2639420703595865,0.2612447567614582,0.26584276083832264
8.924000000000493,0.2533854400907219,0.26394204330698384,0.2612757542852951,0.26585565135963046
8.925000000000493,0.2534586703115087,0.2639420168864293,0.2613066302054173,0.2658686292491358
8.926000000000492,0.25353284006951227,0.2639419910814438,0.26133738593063377,0.26588169509899484
8.927000000000492,0.2536079456222646,0.26394196587597524,0.2613680228642692,0.2658948495053773
8.928000000000491,0.25368398304658607,0.2639419412543906,0.26139854240422805,0.2659080930684934
8.92900000000049,0.2537609482404488,0.26394191720146587,0.2614289459430584,0.26592142639262156
8.93000000000049,0.25383883692483344,0.2639418937023782,0.2614592348680153,0.2659348500861358
8.93100000000049,0.25391764464558075,0.2639418707426963,0.2614894105611243,0.26594836476153344
8.932000000000489,0.25399736677523765,0.26394184830837286,0.26151947439924433,0.26596197103546315
8.933000000000488,0.2540779985148973,0.26394182638573516,0.2615494277541306,0.2659756695287531
8.934000000000488,0.2541595348960335,0.26394180496147795,0.26157927199249725,0.2659894608664393
8.935000000000487,0.25424197078232946,0.26394178402265434,0.2616090084760796,0.26600334567779405
8.936000000000487,0.25432530087150135,0.2639417635566685,0.2616386385616962,0.2660173245963545
8.937000000000486,0.25440951969711534,0.26394174355126715,0.2616681636013111,0.26603139825995203
8.938000000000486,0.25449462163040054,0.26394172399453286,0.26169758494209516,0.26604556731074075
8.939000000000485,0.25458060088205514,0.2639417048748753,0.2617269039264876,0.2660598323952273
8.940000000000484,0.25466745150404846,0.2639416861810247,0.2617561218922575,0.26607419416430006
8.941000000000484,0.25475516739141685,0.263941667902024,0.26178524017256455,0.26608865327325915
8.942000000000483,0.2548437422840552,0.2639416500272217,0.26181426009601994,0.2661032103818458
8.943000000000483,0.25493316976850317,0.2639416325462648,0.261843182986747,0.2661178661542729
8.944000000000482,0.25502344327972704,0.263941615449092,0.2618720101644419,0.26613262125925535
8.945000000000482,0.25511455610289624,0.2639415987259264,0.26190074294443333,0.26614747637004027
8.946000000000481,0.25520650137515655,0.26394158236726906,0.26192938263774285,0.26616243216443775
8.94700000000048,0.2552992720873983,0.2639415663638924,0.26195793055114475,0.266177489324852
8.94800000000048,0.2553928610860209,0.26394155070683323,0.26198638798722546,0.26619264853831237
8.94900000000048,0.2554872610746938,0.26394153538738685,0.26201475624444326,0.2662079104965047
8.950000000000479,0.2555824646161139,0.2639415203971002,0.2620430366171872,0.26622327589580286
8.951000000000478,0.25567846413375966,0.2639415057277663,0.2620712303958364,0.2662387454373004
8.952000000000478,0.2557752519136423,0.26394149137141726,0.2620993388668189,0.26625431982684294
8.953000000000477,0.2558728201060548,0.26394147732031914,0.2621273633126702,0.2662699997750599
8.954000000000477,0.25597116072731824,0.26394146356696546,0.26215530501209205,0.2662857859973972
8.955000000000476,0.2560702656615264,0.26394145010407155,0.26218316524001056,0.26630167921415
8.956000000000476,0.25617012666228867,0.263941436924569,0.2622109452676344,0.2663176801504951
8.957000000000475,0.25627073535447203,0.26394142402159965,0.26223864636251293,0.26633378953652465
8.958000000000474,0.25637208323594163,0.26394141138851057,0.26226626978859396,0.26635000810727893
8.959000000000474,0.2564741616793009,0.26394139901884844,0.26229381680628133,0.2663663366027802
8.960000000000473,0.2565769619336332,0.26394138690635405,0.26232128867249266,0.2663827757680664
8.961000000000473,0.2566804751262409,0.26394137504495757,0.2623486866407164,0.26639932635322505
8.962000000000472,0.256784692264388,0.2639413634287728,0.26237601196106936,0.2664159891134276
8.963000000000472,0.2568896042370422,0.2639413520520924,0.26240326588035334,0.26643276480896383
8.964000000000471,0.2569952018166192,0.2639413409093836,0.26243044964211243,0.26644965420527655
8.96500000000047,0.2571014756607291,0.2639413299952823,0.26245756448668944,0.2664666580729964
8.96600000000047,0.257208416313925,0.2639413193045889,0.26248461165128273,0.2664837771879773
8.96700000000047,0.25731601420945427,0.2639413088322639,0.26251159237000243,0.26650101233133155
8.968000000000469,0.25742425967101423,0.2639412985734228,0.262538507873927,0.2665183642894657
8.969000000000468,0.25753314291450996,0.26394128852333204,0.26256535939115927,0.2665358338541162
8.970000000000468,0.2576426540498182,0.26394127867740447,0.2625921481468823,0.2665534218223859
8.971000000000467,0.2577527830825539,0.263941269031195,0.26261887536341577,0.26657112899678004
8.972000000000467,0.2578635199158438,0.2639412595803969,0.26264554226027115,0.26658895618524286
8.973000000000466,0.25797485435210366,0.2639412503208371,0.26267215005420774,0.2666069042011948
8.974000000000466,0.25808677609482295,0.26394124124847257,0.2626986999592882,0.2666249738635695
8.975000000000465,0.25819927475035465,0.2639412323593864,0.2627251931869336,0.26664316599685073
8.976000000000464,0.258312339829712,0.26394122364978395,0.26275163094597914,0.2666614814311108
8.977000000000464,0.25842596075037294,0.2639412151159891,0.262778014442729,0.26667992100204774
8.978000000000463,0.25854012683809047,0.2639412067544406,0.2628043448810115,0.26669848555102377
8.979000000000463,0.2586548273287125,0.26394119856168885,0.262830623462234,0.26671717592510363
8.980000000000462,0.25877005137000775,0.2639411905343923,0.26285685138543774,0.2667359929770933
8.981000000000462,0.2588857880235015,0.26394118266931377,0.2628830298473525,0.26675493756557866
8.982000000000461,0.2590020262663186,0.2639411749633178,0.26290916004245124,0.2667740105549649
8.98300000000046,0.25911875499303616,0.26394116741336726,0.2629352431630046,0.266793212815516
8.98400000000046,0.2592359630175442,0.2639411600165199,0.26296128039913524,0.2668125452233941
8.98500000000046,0.2593536390749162,0.26394115276992636,0.26298727293887236,0.2668320086607
8.986000000000459,0.25947177182328823,0.2639411456708262,0.26301322196820565,0.266851604015513
8.987000000000458,0.2595903498457474,0.263941138716546,0.26303912867113943,0.2668713321819314
8.988000000000458,0.2597093616522301,0.2639411319044963,0.26306499422974694,0.2668911940601137
8.989000000000457,0.25982879568142864,0.2639411252321691,0.2630908198242239,0.2669111905563191
8.990000000000457,0.25994864030270814,0.2639411186971352,0.26311660663294256,0.26693132258294955
8.991000000000456,0.2600688838180322,0.2639411122970425,0.2631423558325056,0.2669515910585906
8.992000000000456,0.2601895144638972,0.26394110602961246,0.2631680685977995,0.266971996908054
8.993000000000455,0.26031052041327635,0.26394109989263964,0.2631937461020485,0.2669925410624195
8.994000000000455,0.26043188977757176,0.26394109388398823,0.2632193895168677,0.2670132244590773
8.995000000000454,0.2605536106085758,0.26394108800159055,0.26324500001231693,0.2670340480417712
8.996000000000453,0.2606756709004394,0.2639410822434455,0.263270578756954,0.2670550127606413
8.997000000000453,0.2607980585916496,0.26394107660761623,0.2632961269178878,0.26707611957226746
8.998000000000452,0.2609207615670131,0.2639410710922293,0.263321645660832,0.26709736943971296
8.999000000000452,0.2610437676596479,0.2639410656954721,0.26334713615015776,0.26711876333256845
