time_s,force_x_N,force_y_N,force_z_N
0.0,1.0646881169475588,0.6749701819343166,20.664148680750834
0.001,0.9069641443734645,0.5799877933374686,20.664235459272692
0.002,0.7468227833838684,0.3943269523834916,20.664308775448077
0.003,0.5883305156401648,0.1346264628383289,20.664381890946217
0.004,0.4317569135654783,-0.19426096203947152,20.664455392840317
0.005,0.277186788304029,-0.5903694193777622,20.66452977921457
0.006,0.12456083206162516,-1.0541134033433444,20.664605464721994
0.007,-0.026284630560448448,-1.5877746850058567,20.664682785735167
0.008,-0.12487398173036444,-1.9819988047157306,20.664762005187484
0.009000000000000001,-0.1192958468872585,-1.9654014341561044,20.664843317175
0.010000000000000002,-0.11405781278114029,-1.9490321960414527,20.66492685136051
0.011000000000000003,-0.10917311196045905,-1.9329230933553658,20.665012677252918
0.012000000000000004,-0.10465653530959168,-1.9171309889566666,20.66510080838883
0.013000000000000005,-0.10052395629229996,-1.901732851733432,20.665191206457123
0.014000000000000005,-0.09679187861954185,-1.8868212188437752,20.66528378539226
0.015000000000000006,-0.09347700777939436,-1.8724998751182098,20.66537841545174
0.016000000000000007,-0.22715164606822524,-2.5106961409872963,20.665474927297858
0.017000000000000008,-0.22120881830942918,-2.4829717384726626,20.665573116082367
0.01800000000000001,-0.21580310560284527,-2.4565686505034168,20.665672745540284
0.01900000000000001,-0.21093891197935893,-2.4315628588037588,20.665773552088247
0.02000000000000001,-0.20661956148443705,-2.408024634062983,20.66587524891475
0.02100000000000001,-0.20284719778173224,-2.38601614197869,20.66597753005243
0.022000000000000013,-0.19962269630405852,-2.3655892248447206,20.666080074418574
0.023000000000000013,-0.19694558908462156,-2.3467833604083683,20.666182549795607
0.024000000000000014,-0.19481400237197077,-2.329623801048677,20.666284616735556
0.025000000000000015,-0.19322460711066225,-2.3141198978190456,20.666385932368257
0.026000000000000016,-0.1921725823441437,-2.300263615470758,20.666486154082104
0.027000000000000017,-0.19165159156575823,-2.2880282461851325,20.666584943053365
0.028000000000000018,-0.19165377202006217,-2.2773673312810847,20.666681967604884
0.02900000000000002,-0.1921697369212279,-2.268213801526208,20.66677690636493
0.03000000000000002,-0.19318859051930398,-2.260479347817621,20.666869451209237
0.03100000000000002,-0.19469795590395206,-2.254054034756603,20.666959309961616
0.03200000000000002,-0.19668401538706515,-2.2488061699053197,20.667046208838435
0.03300000000000002,0.07666788190394291,-2.907871378254485,20.667129894618874
0.03400000000000002,0.13271376793213138,-3.939961887107641,20.667210136535715
0.035000000000000024,0.13292612716715202,-3.9223485369320965,20.667286727876643
0.036000000000000025,0.13314448119590622,-3.9049167979104915,20.667359487281168
0.037000000000000026,0.13336884247193845,-3.8876657329902375,20.66742825974975
0.03800000000000003,0.13359922481852388,-3.8705944243076793,20.66749291735453
0.03900000000000003,0.13383564344324778,-3.853701973049307,20.66755335965876
0.04000000000000003,0.1340781149431705,-3.8369874992500868,20.667609513863134
0.04100000000000003,0.13432665730099055,-3.8204501415341685,20.667661334676243
0.04200000000000003,0.13458128987184345,-3.8040890567999535,20.667708803938723
0.04300000000000003,0.13484203336177317,-3.787903419856324,20.66775193000987
0.04400000000000003,0.13510890979590545,-3.7718924230187647,20.667790746933544
0.04500000000000003,0.13538194247902996,-3.756055275670015,20.667825313412518
0.046000000000000034,0.13566115594723885,-3.7403912037883007,20.66785571160455
0.047000000000000035,0.13594657591098847,-3.724899449450471,20.66788204576963
0.048000000000000036,0.13623822919169012,-3.7095792703189248,20.667904440786373
0.04900000000000004,0.1365361436492409,-3.694429939114797,20.667923040562236
0.05000000000000004,0.13684034810478254,-3.679450743080496,20.667938006363247
0.05100000000000004,0.13715087225645803,-3.6646409834384976,20.667949515079208
0.05200000000000004,0.1374677465892586,-3.6499999748558425,20.66795775745097
0.05300000000000004,0.1377910022813598,-3.6355270449083212,20.667962936277824
0.05400000000000004,0.13812067110494458,-3.621221533553629,20.667965264627803
0.05500000000000004,0.13845678532414812,-3.607082792621036,20.667964964056697
0.05600000000000004,0.13879937759129446,-3.593110185309326,20.667962262867086
0.057000000000000044,0.13914848083916637,-3.5793030857063197,20.66795739441171
0.058000000000000045,0.13950412817304397,-3.5656608783264283,20.667950595452872
0.059000000000000045,0.13986635276298834,-3.5521829576664885,20.667942104595465
0.060000000000000046,0.1402351877341081,-3.538868727786982,20.66793216079544
0.06100000000000005,0.14061066605933603,-3.5257176019130103,20.66792100195636
0.06200000000000005,0.1409928204529098,-3.5127290020609347,20.667908863615736
0.06300000000000004,0.14138168326623943,-3.499902358685895,20.667895977726133
0.06400000000000004,0.14177728638582004,-3.4872371103546307,20.667882571537227
0.06500000000000004,0.1421796611345283,-3.4747327034432405,20.667868866576065
0.06600000000000004,0.14258883817774728,-3.4623885918523714,20.667855077725452
0.06700000000000005,0.14300484743191888,-3.450204236750339,20.667841412404798
0.06800000000000005,0.14342771797913628,-3.438179106334972,20.6678280698451
0.06900000000000005,0.14385747798749346,-3.4263126756157747,20.66781524046094
0.07000000000000005,0.1442941546351998,-3.4146044262164765,20.667803105313887
0.07100000000000005,0.1447377740425959,-3.4030538461953883,20.667791835662648
0.07200000000000005,0.14518836120987338,-3.3916604298841184,20.667781592594103
0.07300000000000005,0.14564593996150177,-3.380423677742214,20.667772526739746
0.07400000000000005,0.14611053289824946,-3.3693430962254807,20.667764778061255
0.07500000000000005,0.1465821613555906,-3.3584181976695264,20.66775847570366
0.07600000000000005,0.1470608453713918,-3.3476485001878187,20.66775373791627
0.07700000000000005,0.14754660365996355,-3.33703352757797,20.66775067203016
0.07800000000000006,0.14803945359468737,-3.3265728092413624,20.667749374486473
0.07900000000000006,0.1485394111992688,-3.3162658801108815,20.66774993091684
0.08000000000000006,0.14904649114698948,-3.306112280589063,20.667752416266836
0.08100000000000006,0.14956070676834243,-3.296111556494462,20.667756894954977
0.08200000000000006,0.15008207006754284,-3.2862632590118617,20.667763421064475
0.08300000000000006,0.15061059174748648,-3.276566944652598,20.66777203857209
0.08400000000000006,0.1511462812431457,-3.267022175219643,20.66778278159558
0.08500000000000006,0.1516891467641038,-3.257628517777542,20.667795674663886
0.08600000000000006,0.15223919534524966,-3.2483855446249548,20.667810733008665
0.08700000000000006,0.1527964329050088,-3.239292833276183,20.667827962864486
0.08800000000000006,0.15336086431330073,-3.2303499664433644,20.667847361789086
0.08900000000000007,0.15393249346729543,-3.221556532020955,20.667868918983057
0.09000000000000007,0.15451132337466644,-3.212912123077461,20.667892615624716
0.09100000000000007,0.15509735624302484,-3.2044163378476327,20.667918425203474
0.09200000000000007,0.1556905935794638,-3.1960687797271587,20.667946313855126
0.09300000000000007,0.15629103629546792,-3.1878690572719783,20.6679762407023
0.09400000000000007,0.15689868481700844,-3.1798167842009737,20.668008158188012
0.09500000000000007,0.15751353920282582,-3.1719115793982775,20.668042012410396
0.09600000000000007,0.15813559926679877,-3.1641530669225415,20.668077743451335
0.09700000000000007,0.15876486470587345,-3.1565408760173606,20.668115285704314
0.09800000000000007,0.15940133523124553,-3.149074641123996,20.668154568191984
0.09900000000000007,0.1600450107042979,-3.141754001899586,20.66819551487816
0.10000000000000007,0.16069589127462533,-3.1345786032381926,20.66823804498019
0.10100000000000008,0.16135397752016803,-3.1275480952950567,20.668282073265626
0.10200000000000008,0.16201927058890672,-3.1206621335147977,20.66832751034977
0.10300000000000008,0.16269177234113597,-3.1139203786659673,20.668374262982837
0.10400000000000008,0.16337148549085417,-3.1073224968776474,20.66842223432976
0.10500000000000008,0.16405841374596114,-3.100868159681882,20.668471324249772
0.10600000000000008,0.1647525619465478,-3.094557044061762,20.66852142956401
0.10700000000000008,0.1654539361999594,-3.088388832505074,20.668572444323523
0.10800000000000008,0.16616254401179795,-3.08236321306196,20.668624260068977
0.10900000000000008,0.16687839441128924,-3.076479879410284,20.668676766091593
0.11000000000000008,0.1676014980718208,-3.070738530926908,20.668729849690415
0.11100000000000008,0.1683318674242243,-3.0651388727657003,20.668783396428772
0.11200000000000009,0.1690695167617255,-3.059680615941658,20.668837290390098
0.11300000000000009,0.16981446233761813,-3.0543634774228545,20.668891414437024
0.11400000000000009,0.17056672245232782,-3.0491871802304416,20.6689456504778
0.11500000000000009,0.17132631753168165,-3.0441514535444645,20.668999879729206
0.11600000000000009,0.1720932701936814,-3.0392560328201212,20.66905398299569
0.11700000000000009,0.17286760530350725,-3.0345006599105036,20.66910784095557
0.11800000000000009,0.17364935001740608,-3.0298850831988036,20.66916133445397
0.11900000000000009,0.17443853381477792,-3.025409057738786,20.66921434481599
0.12000000000000009,0.17523518851606854,-3.0210723454056376,20.66926675417545
0.1210000000000001,0.17603934828823853,-3.016874715054323,20.66931844581732
0.1220000000000001,0.17685104963784845,-3.012815942689264,20.669369304548688
0.1230000000000001,0.1776703313893659,-3.008895811643983,20.669419217094223
0.1240000000000001,0.178497234652512,-3.0051141127700167,20.66946807251479
0.12500000000000008,0.1793318027738046,-3.0014706446380055,20.669515762660545
0.12600000000000008,0.1801740812766133,-2.9979652137487154,20.669562182663967
0.12700000000000009,0.18102411778936578,-2.99459763475649,20.669607231463324
0.12800000000000009,0.18188196195944195,-2.991367730704445,20.66965081237161
0.1290000000000001,0.18274766535709305,-2.9882753332715675,20.669692833694413
0.1300000000000001,0.18362128136741385,-2.9853202830335897,20.66973320939289
0.1310000000000001,0.18450286507105423,-2.982502429736931,20.669771859806147
0.1320000000000001,0.18539247311659127,-2.979821632585919,20.669808712427503
0.1330000000000001,0.18629016358131864,-2.9772777605467664,20.66984370274026
0.1340000000000001,0.18719599582486063,-2.9748706926649824,20.669876775126617
0.1350000000000001,0.1881100303346374,-2.9726003183989955,20.669907883839905
0.1360000000000001,0.18903232856306307,-2.9704665379712543,20.66993699404742
0.1370000000000001,0.1899629527586782,-2.9684692627371803,20.66996408295564
0.1380000000000001,0.19090196579059324,-2.9666084155705352,20.66998914100938
0.1390000000000001,0.19184943096784526,-2.964883931270085,20.67001217316924
0.1400000000000001,0.19280541185191463,-2.9632957569852265,20.670033200273352
0.1410000000000001,0.1937699720646908,-2.961843852661846,20.67005226048465
0.1420000000000001,0.19474317509115835,-2.9605281915108312,20.670069410813703
0.1430000000000001,0.19572508407602218,-2.9593487604980835,20.67008472872498
0.1440000000000001,0.19671576161407972,-2.958305560858325,20.67009831382487
0.1450000000000001,0.1977152695346869,-2.9573986086324795,20.670110289615074
0.1460000000000001,0.19872366867770208,-2.9566279352289646,20.670120805320444
0.1470000000000001,0.19974101865970242,-2.9559935880104464,20.670130037777497
0.1480000000000001,0.20076737763100116,-2.9554956309060954,20.67013819336418
0.1490000000000001,0.20180280201799367,-2.9551341450488615,20.67014550997311
0.1500000000000001,0.20284173372819483,-2.954908328845126,20.670149668125894
0.1510000000000001,0.20388953942419255,-2.9548197428629264,20.670153672987603
0.1520000000000001,0.20496358933501663,-2.9548701697052255,20.670165438987823
0.1530000000000001,0.20605780993534026,-2.955057003711768,20.67018168530947
0.1540000000000001,0.20716064226271974,-2.9553785779032986,20.670197400178047
0.1550000000000001,0.2082721277992016,-2.95583508376927,20.670212911309946
0.1560000000000001,0.20939231097659214,-2.956426699032537,20.670228496309015
0.1570000000000001,0.21052123925434707,-2.9571535891097906,20.670244386493543
0.1580000000000001,0.21165896318987895,-2.9580159084957276,20.670260770634343
0.1590000000000001,0.2128055364973887,-2.9590138020750265,20.67027779856237
0.16000000000000011,0.21396101609161777,-2.9601474063617674,20.67029558464423
0.16100000000000012,0.2151254621145032,-2.9614168506703433,20.67031421109808
0.16200000000000012,0.21629893794346336,-2.962822258221145,20.670333731148276
0.16300000000000012,0.21748151018064074,-2.964363747182459,20.67035417201568
0.16400000000000012,0.2186732486212227,-2.9660414316513135,20.670375537729456
0.16500000000000012,0.21987422620133884,-2.96785542257781,20.670397811768073
0.16600000000000012,0.22108451892583714,-2.9698058286323037,20.670420959522293
0.16700000000000012,0.2223042057753722,-2.9718927570204015,20.670444930591344
0.16800000000000012,0.22353336859577755,-2.9741163142481093,20.670469660908616
0.16900000000000012,0.2247720919676739,-2.9764766068391664,20.67049507470578
0.17000000000000012,0.22602046305957535,-2.978973742006637,20.670521086321802
0.17100000000000012,0.22727857146692496,-2.9816078282809997,20.670547601860324
0.17200000000000013,0.22854650903533127,-2.984378976098019,20.670574520704754
0.17300000000000013,0.2298243696726699,-2.9872872983475283,20.67060173690153
0.17400000000000013,0.23111224915127132,-2.990332910885185,20.67062914041143
0.17500000000000013,0.2324102449011886,-2.9935159330099754,20.67065661824605
0.17600000000000013,0.23371845579701225,-2.996836487908661,20.67068405549315
0.17700000000000013,0.2350369819412378,-3.0002947030676097,20.6707113362361
0.17800000000000013,0.23636592444388307,-3.003890710656957,20.670738344380634
0.17900000000000013,0.23770538520299284,-3.0076246478857613,20.670764964392763
0.18000000000000013,0.23905546668626784,-3.011496657331024,20.67079108195818
0.18100000000000013,0.24041627171503221,-3.0155068872409423,20.67081658456461
0.18200000000000013,0.24178790325503716,-3.019655491814758,20.670841362021797
0.18300000000000013,0.24317046421269478,-3.023942631461487,20.670865306916273
0.18400000000000014,0.244564057240599,-3.0283684730349756,20.67088831501848
0.18500000000000014,0.24596878455177834,-3.0329331900498233,20.670910285633738
0.18600000000000014,0.24738474774527291,-3.0376369628801974,20.670931121914357
0.18700000000000014,0.24881204764512285,-3.0424799789382133,20.67095073113418
0.18800000000000014,0.2502507841507248,-3.0474624328361943,20.67096902492442
0.18900000000000014,0.25170105610182986,-3.052584526534682,20.670985919486654
0.19000000000000014,0.25316296115830095,-3.057846469473093,20.67100133577119
0.19100000000000014,0.254636595694811,-3.0632484786866776,20.671015199642248
0.19200000000000014,0.25612205471120164,-3.0687907789132076,20.6710274420184
0.19300000000000014,0.257619431758408,-3.0744736026841766,20.67103799899839
0.19400000000000014,0.2591288188794171,-3.0802971904048544,20.671046811975373
0.19500000000000015,0.26065030656689014,-3.0862617904255987,20.67105382773702
0.19600000000000015,0.262183983735198,-3.092367659101994,20.67105899855889
0.19700000000000015,0.26372993770762065,-3.0986150608454675,20.671062282287295
0.19800000000000015,0.26528825421860797,-3.1050042681650747,20.6710636424244
0.19900000000000015,0.26685901742873014,-3.1115355617042297,20.671063048201212
0.20000000000000015,0.26844230995360996,-3.1182092302673836,20.671060474646676
0.20100000000000015,0.27003821290485286,-3.1250255708407546,20.671055902665977
0.20200000000000015,0.27164680594213286,-3.1319848886082293,20.671049319104753
0.20300000000000015,0.2732681673370727,-3.139087496961533,20.671040716818844
0.20400000000000015,0.2749023740452464,-3.1463337175052093,20.671030094744225
0.20500000000000015,0.2765495017866582,-3.1537238800567655,20.67101745796196
0.20600000000000016,0.27820962513575415,-3.1612583226459283,20.671002817769466
0.20700000000000016,0.2798828176153306,-3.1689373915059122,20.670986191746586
0.20800000000000016,0.28156915179712705,-3.1767614410656426,20.670967603822245
0.20900000000000016,0.2832686994076761,-3.1847308339384,20.670947084341403
0.21000000000000016,0.28498153143529836,-3.1928459409058108,20.670924670129995
0.21100000000000016,0.2867077182408133,-3.2011071409027845,20.67090040455412
0.21200000000000016,0.2884473296698229,-3.2095148209998077,20.670874337579264
0.21300000000000016,0.2902004351644826,-3.2180693763823465,20.670846525826214
0.21400000000000016,0.29196710387508507,-3.226771210329109,20.670817032616277
0.21500000000000016,0.2937474047707751,-3.235620734189766,20.670785928013434
0.21600000000000016,0.295541406747883,-3.244618367359821,20.670753288855664
0.21700000000000016,0.2973491787349952,-3.2537645372554778,20.670719198774943
0.21800000000000017,0.2991707897955064,-3.2630596792841065,20.67068374820668
0.21900000000000017,0.301006309224862,-3.272504236815186,20.67064703438506
0.22000000000000017,0.3028558066448682,-3.2820986611493392,20.67060916131971
0.22100000000000017,0.30471935209179224,-3.2918434114823842,20.670570239750194
0.22200000000000017,0.3065970160988992,-3.3017389548687275,20.67053038708575
0.22300000000000017,0.308488869774646,-3.3117857661806074,20.670489727316752
0.22400000000000017,0.3103949848739913,-3.321984328064433,20.67044839089536
0.22500000000000017,0.312315433863748,-3.33233513089234,20.670406514593395
0.22600000000000017,0.3142502899817319,-3.342838672707651,20.67036424132013
0.22700000000000017,0.316199627290087,-3.353495459168224,20.670321719906084
0.22800000000000017,0.3181635207224046,-3.3643060034807832,20.67027910484804
0.22900000000000018,0.320142046124571,-3.375270826328385,20.670236556007843
0.23000000000000018,0.32213528028908167,-3.386390455793059,20.670194238271094
0.23100000000000018,0.3241433009852609,-3.3976654272665754,20.670152321147306
0.23200000000000018,0.3261661869823102,-3.409096283354658,20.67011097832402
0.23300000000000018,0.3282040180673999,-3.4206835737707646,20.670070387165623
0.23400000000000018,0.3302568750601505,-3.4324278552174534,20.67003072814946
0.23500000000000018,0.3323248398210359,-3.444329691259772,20.669992184243533
0.23600000000000018,0.3344079952561733,-3.456389652183807,20.669954940221942
0.23700000000000018,0.3365064253181235,-3.4686083148418847,20.66991918191584
0.23800000000000018,0.3386202150034609,-3.4809862624877854,20.669885095395866
0.23900000000000018,0.34074945034737053,-3.4935240845954185,20.66985286609149
0.24000000000000019,0.3428942184161541,-3.5062223766639105,20.669822677840592
0.2410000000000002,0.34505460729613185,-3.519081740008909,20.669794711877888
0.2420000000000002,0.3472307060822514,-3.5321027815386508,20.669769145757428
0.2430000000000002,0.349422604865584,-3.545286113517947,20.669746152212884
0.2440000000000002,0.3516303947180307,-3.558632353314896,20.669725897965105
0.2450000000000002,0.3538541676783532,-3.572142123136903,20.669708542473533
0.2460000000000002,0.3560940167375971,-3.5858160497538636,20.669694236645924
0.2470000000000002,0.35835003582423064,-3.59965476420974,20.66968312151038
0.2480000000000002,0.3606223197893067,-3.6136589015241167,20.66967532685142
0.2490000000000002,0.36291096439289633,-3.6278291003864247,20.6696709698385
0.25000000000000017,0.3652160662912785,-3.6421660028443457,20.66967015364314
0.25100000000000017,0.3675377230244151,-3.6566702539886773,20.669672966058698
0.25200000000000017,0.36987603300454985,-3.671342501637314,20.669679478149654
0.25300000000000017,0.37223109550662786,-3.6861833960220514,20.669689742933233
0.25400000000000017,0.3746030106586974,-3.7011935894834154,20.66970379411216
0.25500000000000017,0.3769918794330829,-3.7163737361722715,20.669721644890355
0.25600000000000017,0.37939780363952036,-3.7317244917695143,20.669743286869306
0.2570000000000002,0.3818208859185902,-3.747246513221544,20.669768689059055
0.2580000000000002,0.38426122973463966,-3.7629404585010784,20.669797797022838
0.2590000000000002,0.38671893937012813,-3.7788069863966096,20.669830532167353
0.2600000000000002,0.38919411992024194,-3.7948467563342843,20.669866791207344
0.2610000000000002,0.3916868772868927,-3.811060428240342,20.669906445816768
0.2620000000000002,0.3941973181725187,-3.8274486624456574,20.669949342488998
0.2630000000000002,0.39672555007359567,-3.844012119640149,20.669995302619526
0.2640000000000002,0.39927168127407064,-3.860751460882593,20.670044122831044
0.2650000000000002,0.40183582083747493,-3.877667347667981,20.670095575545883
0.2660000000000002,0.40441807859792916,-3.894760442056874,20.670149409821498
0.2670000000000002,0.40701856515224927,-3.9120314068745863,20.670205352454797
0.2680000000000002,0.3245278116260024,-2.916139497578715,20.65506053216686
0.2690000000000002,0.015341584422259715,-2.2738601445097246,20.658686329236062
0.2700000000000002,0.018703894387475873,-2.292771695203588,20.668182292573942
0.2710000000000002,0.020948403581636917,-2.299878745964242,20.67044404827448
0.2720000000000002,0.022520184854224985,-2.3050307303108224,20.670505767270324
0.2730000000000002,0.02359852102834377,-2.311851361428157,20.670567584012097
0.2740000000000002,0.024176761185878456,-2.3204162948670657,20.670629122961785
0.2750000000000002,0.024248909425165645,-2.3307802682487293,20.670690004568748
0.2760000000000002,0.023809661827665002,-2.3429778416293603,20.67074984853916
0.2770000000000002,0.02285444113556093,-2.3570243442505503,20.670808277256015
0.2780000000000002,0.02137942846129218,-2.3729170162593594,20.67086491931132
0.2790000000000002,0.01938159143480932,-2.3906363356632836,20.670919413123656
0.2800000000000002,0.016858708287739287,-2.410147522649656,20.670971410611635
0.2810000000000002,0.013809387471520995,-2.4314022153746953,20.67102058088826
0.2820000000000002,0.010233082512891109,-2.4543403133071795,20.671066613941385
0.2830000000000002,0.0061301019132278395,-2.4788919861031573,20.671109224269863
0.2840000000000002,0.0015016139966799458,-2.5049798477158944,20.67114815444928
0.2850000000000002,0.08251751392683893,-1.9005000157712368,20.671183178598653
0.2860000000000002,0.07937894557055133,-1.9143285229467133,20.671214105721326
0.2870000000000002,0.07578245942514245,-1.9290165813903757,20.67124078290197
0.2880000000000002,0.0717410783302406,-1.9444442660127539,20.671263098346714
0.2890000000000002,0.06726836802104433,-1.960499081356059,20.671280984253286
0.2900000000000002,0.06237821874378237,-1.977080044081959,20.67129441950314
0.2910000000000002,0.05708461161065602,-1.994101995231535,20.671303432181904
0.2920000000000002,0.051401369940202266,-2.0115001450847565,20.67130810193168
0.2930000000000002,0.04534189583714454,-2.0292348523095574,20.671308562146315
0.2940000000000002,0.038918892259174526,-2.0472966376678325,20.671305002034238
0.2950000000000002,0.09969247835271496,-1.8146952430661103,20.671297668563806
0.2960000000000002,0.2205836762705059,-1.4302310108677556,20.671286868342435
0.2970000000000002,0.34628874309126717,-1.118548871955493,20.671272969448395
0.2980000000000002,0.47686939316540566,-0.8784463061439207,20.6712564032727
0.2990000000000002,0.6123519588468639,-0.7111468387918354,20.671237666425416
0.3000000000000002,0.7291348649510212,-0.6778965041894134,20.671193905371215
0.3010000000000002,0.033983655986578536,0.0074467547625451935,10.220344650191745
0.3020000000000002,-1.8078034950782746,-0.4148935811611487,0.0
0.3030000000000002,-1.6491302452481251,0.3449604394578465,0.0
0.3040000000000002,-1.4919292084333455,1.0136602824871357,0.0
0.3050000000000002,-1.3363132667939737,1.597759324149341,0.0
0.3060000000000002,-1.182489907499431,2.1003300676483043,0.0
0.3070000000000002,-1.0307635120951983,2.521269348310656,0.0
0.3080000000000002,-0.8815370710667793,2.8576398814059267,0.0
0.3090000000000002,-0.7353136004997183,3.1040513395719014,0.0
0.3100000000000002,-0.5926971468845161,3.2530888633933683,0.0
0.3110000000000002,-0.45439284524525503,3.2958005818267666,0.0
0.3120000000000002,-0.321205056810007,3.2222577916514084,0.0
0.3130000000000002,-0.1940321848285041,3.022201055701095,0.0
0.3140000000000002,-0.07385640302909591,2.6857815262049836,0.0
0.3150000000000002,-0.024287484219907417,2.5177635828132168,0.0
0.3160000000000002,0.3203098260735574,2.2785366113352326,0.5320135917909186
0.3170000000000002,0.3171571888283147,2.271130810752653,0.5543436269655198
0.3180000000000002,0.027994104772554373,2.211182518877215,0.5657017135126097
0.31900000000000023,0.02703077600974263,2.2041115578576256,0.5861142287808725
0.32000000000000023,0.026423234980813046,2.197489933862583,0.6056904434314064
0.32100000000000023,0.02617236065894615,2.1913243138423977,0.6244304316943488
0.32200000000000023,0.02627829059446514,2.1856204372871604,0.6423349333244589
0.32300000000000023,0.02674039318464663,2.1803831284983923,0.6594053483326722
0.32400000000000023,0.027557247114407345,2.175616311355194,0.6756437311075532
0.32500000000000023,0.02872662795185559,2.1713230265605845,0.6910527840254773
0.32600000000000023,0.030245501822620136,2.1675054513248453,0.7056358506099226
0.32700000000000023,0.03211002602416557,2.1641649214133842,0.719396908288381
0.32800000000000024,0.03431555638576364,2.161301955453382,0.7323405608030332
0.32900000000000024,0.03685666111354419,2.1589162813638225,0.744472030300167
0.33000000000000024,0.039727140806542216,2.157006864751098,0.7557971491119834
0.33100000000000024,0.04292005427364175,2.155571939079315,0.7663223512470739
0.33200000000000024,0.04642774973130215,2.154609037401495,0.7760546636082448
0.33300000000000024,0.05024190092102519,2.1541150254261616,0.7850016969113818
0.33400000000000024,0.2814029352775723,1.7588237802523792,0.7974349263664342
0.33500000000000024,0.6158300875054912,0.8891987417105771,0.7769132755473436
0.33600000000000024,0.0,0.0,0.0
0.33700000000000024,0.0,0.0,0.0
0.33800000000000024,0.0,0.0,0.0
0.33900000000000025,0.0,0.0,0.0
0.34000000000000025,0.0,0.0,0.0
0.34100000000000025,0.0,0.0,0.0
0.34200000000000025,0.0,0.0,0.0
0.34300000000000025,0.0,0.0,0.0
0.34400000000000025,0.0,0.0,0.0
0.34500000000000025,0.0,0.0,0.0
0.34600000000000025,0.0,0.0,0.0
0.34700000000000025,0.0,0.0,0.0
0.34800000000000025,0.0,0.0,0.0
0.34900000000000025,0.0,0.0,0.0
0.35000000000000026,0.0,0.0,0.0
0.35100000000000026,0.0,0.0,0.0
0.35200000000000026,0.0,0.0,0.0
0.35300000000000026,0.0,0.0,0.0
0.35400000000000026,0.0,0.0,0.0
0.35500000000000026,0.0,0.0,0.0
0.35600000000000026,0.0,0.0,0.0
0.35700000000000026,0.0,0.0,0.0
0.35800000000000026,0.0,0.0,0.0
0.35900000000000026,0.0,0.0,0.0
0.36000000000000026,0.0,0.0,0.0
0.36100000000000027,0.0,0.0,0.0
0.36200000000000027,0.0,0.0,0.0
0.36300000000000027,0.0,0.0,0.0
0.36400000000000027,0.0,0.0,0.0
0.36500000000000027,0.0,0.0,0.0
0.36600000000000027,0.0,0.0,0.0
0.36700000000000027,0.0,0.0,0.0
0.36800000000000027,0.0,0.0,0.0
0.36900000000000027,0.0,0.0,0.0
0.3700000000000003,0.0,0.0,0.0
0.3710000000000003,0.0,0.0,0.0
0.3720000000000003,0.0,0.0,0.0
0.3730000000000003,0.0,0.0,0.0
0.3740000000000003,0.0,0.0,0.0
0.3750000000000003,0.0,0.0,0.0
0.3760000000000003,0.0,0.0,0.0
0.3770000000000003,0.0,0.0,0.0
0.3780000000000003,0.0,0.0,0.0
0.3790000000000003,0.0,0.0,0.0
0.3800000000000003,0.0,0.0,0.0
0.3810000000000003,0.0,0.0,0.0
0.3820000000000003,0.0,0.0,0.0
0.3830000000000003,0.0,0.0,0.0
0.3840000000000003,0.0,0.0,0.0
0.3850000000000003,0.0,0.0,0.0
0.3860000000000003,0.0,0.0,0.0
0.3870000000000003,0.0,0.0,0.0
0.3880000000000003,0.0,0.0,0.0
0.3890000000000003,0.0,0.0,0.0
0.3900000000000003,0.0,0.0,0.0
0.3910000000000003,0.0,0.0,0.0
0.3920000000000003,0.0,0.0,0.0
0.3930000000000003,0.0,0.0,0.0
0.3940000000000003,0.0,0.0,0.0
0.3950000000000003,0.0,0.0,0.0
0.3960000000000003,0.0,0.0,0.0
0.3970000000000003,0.0,0.0,0.0
0.3980000000000003,0.0,0.0,0.0
0.3990000000000003,0.0,0.0,0.0
0.4000000000000003,0.0,0.0,0.0
0.4010000000000003,0.0,0.0,0.0
0.4020000000000003,0.0,0.0,0.0
0.4030000000000003,0.0,0.0,0.0
0.4040000000000003,0.0,0.0,0.0
0.4050000000000003,0.0,0.0,0.0
0.4060000000000003,0.0,0.0,0.0
0.4070000000000003,0.0,0.0,0.0
0.4080000000000003,0.0,0.0,0.0
0.4090000000000003,0.0,0.0,0.0
0.4100000000000003,0.0,0.0,0.0
0.4110000000000003,0.0,0.0,0.0
0.4120000000000003,0.0,0.0,0.0
0.4130000000000003,0.0,0.0,0.0
0.4140000000000003,0.0,0.0,0.0
0.4150000000000003,0.0,0.0,0.0
0.4160000000000003,0.0,0.0,0.0
0.4170000000000003,0.0,0.0,0.0
0.4180000000000003,0.0,0.0,0.0
0.4190000000000003,0.0,0.0,0.0
0.4200000000000003,0.0,0.0,0.0
0.4210000000000003,0.0,0.0,0.0
0.4220000000000003,0.0,0.0,0.0
0.4230000000000003,0.0,0.0,0.0
0.4240000000000003,0.0,0.0,0.0
0.4250000000000003,0.0,0.0,0.0
0.4260000000000003,0.0,0.0,0.0
0.4270000000000003,0.0,0.0,0.0
0.4280000000000003,0.0,0.0,0.0
0.4290000000000003,0.0,0.0,0.0
0.4300000000000003,0.0,0.0,0.0
0.4310000000000003,0.0,0.0,0.0
0.43200000000000033,0.0,0.0,0.0
0.43300000000000033,0.0,0.0,0.0
0.43400000000000033,0.0,0.0,0.0
0.43500000000000033,0.0,0.0,0.0
0.43600000000000033,0.0,0.0,0.0
0.43700000000000033,0.0,0.0,0.0
0.43800000000000033,0.0,0.0,0.0
0.43900000000000033,0.0,0.0,0.0
0.44000000000000034,0.0,0.0,0.0
0.44100000000000034,0.0,0.0,0.0
0.44200000000000034,0.0,0.0,0.0
0.44300000000000034,0.0,0.0,0.0
0.44400000000000034,0.0,0.0,0.0
0.44500000000000034,0.0,0.0,0.0
0.44600000000000034,0.0,0.0,0.0
0.44700000000000034,0.0,0.0,0.0
0.44800000000000034,0.0,0.0,0.0
0.44900000000000034,0.0,0.0,0.0
0.45000000000000034,0.0,0.0,0.0
0.45100000000000035,0.0,0.0,0.0
0.45200000000000035,0.0,0.0,0.0
0.45300000000000035,0.0,0.0,0.0
0.45400000000000035,0.0,0.0,0.0
0.45500000000000035,0.0,0.0,0.0
0.45600000000000035,0.0,0.0,0.0
0.45700000000000035,0.0,0.0,0.0
0.45800000000000035,0.0,0.0,0.0
0.45900000000000035,0.0,0.0,0.0
0.46000000000000035,0.0,0.0,0.0
0.46100000000000035,0.0,0.0,0.0
0.46200000000000035,0.0,0.0,0.0
0.46300000000000036,0.0,0.0,0.0
0.46400000000000036,0.0,0.0,0.0
0.46500000000000036,0.0,0.0,0.0
0.46600000000000036,0.0,0.0,0.0
0.46700000000000036,0.0,0.0,0.0
0.46800000000000036,0.0,0.0,0.0
0.46900000000000036,0.0,0.0,0.0
0.47000000000000036,0.0,0.0,0.0
0.47100000000000036,0.0,0.0,0.0
0.47200000000000036,0.0,0.0,0.0
0.47300000000000036,0.0,0.0,0.0
0.47400000000000037,0.0,0.0,0.0
0.47500000000000037,0.0,0.0,0.0
0.47600000000000037,0.0,0.0,0.0
0.47700000000000037,0.0,0.0,0.0
0.47800000000000037,0.0,0.0,0.0
0.47900000000000037,0.0,0.0,0.0
0.48000000000000037,0.0,0.0,0.0
0.48100000000000037,0.0,0.0,0.0
0.4820000000000004,0.0,0.0,0.0
0.4830000000000004,0.0,0.0,0.0
0.4840000000000004,0.0,0.0,0.0
0.4850000000000004,0.0,0.0,0.0
0.4860000000000004,0.0,0.0,0.0
0.4870000000000004,0.0,0.0,0.0
0.4880000000000004,0.0,0.0,0.0
0.4890000000000004,0.0,0.0,0.0
0.4900000000000004,0.0,0.0,0.0
0.4910000000000004,0.0,0.0,0.0
0.4920000000000004,0.0,0.0,0.0
0.4930000000000004,0.0,0.0,0.0
0.4940000000000004,0.0,0.0,0.0
0.4950000000000004,0.0,0.0,0.0
0.4960000000000004,0.0,0.0,0.0
0.4970000000000004,0.0,0.0,0.0
0.4980000000000004,0.0,0.0,0.0
0.4990000000000004,0.0,0.0,0.0
0.5000000000000003,0.0,0.0,0.0
0.5010000000000003,0.0,0.0,0.0
0.5020000000000003,0.0,0.0,0.0
0.5030000000000003,0.0,0.0,0.0
0.5040000000000003,0.0,0.0,0.0
0.5050000000000003,0.0,0.0,0.0
0.5060000000000003,0.0,0.0,0.0
0.5070000000000003,0.0,0.0,0.0
0.5080000000000003,0.0,0.0,0.0
0.5090000000000003,0.0,0.0,0.0
0.5100000000000003,0.0,0.0,0.0
0.5110000000000003,0.0,0.0,0.0
0.5120000000000003,0.0,0.0,0.0
0.5130000000000003,0.0,0.0,0.0
0.5140000000000003,0.0,0.0,0.0
0.5150000000000003,0.0,0.0,0.0
0.5160000000000003,0.0,0.0,0.0
0.5170000000000003,0.0,0.0,0.0
0.5180000000000003,0.0,0.0,0.0
0.5190000000000003,0.0,0.0,0.0
0.5200000000000004,0.0,0.0,0.0
0.5210000000000004,0.0,0.0,0.0
0.5220000000000004,0.0,0.0,0.0
0.5230000000000004,0.0,0.0,0.0
0.5240000000000004,0.0,0.0,0.0
0.5250000000000004,0.0,0.0,0.0
0.5260000000000004,0.0,0.0,0.0
0.5270000000000004,0.0,0.0,0.0
0.5280000000000004,0.0,0.0,0.0
0.5290000000000004,0.0,0.0,0.0
0.5300000000000004,0.0,0.0,0.0
0.5310000000000004,0.0,0.0,0.0
0.5320000000000004,0.0,0.0,0.0
0.5330000000000004,0.0,0.0,0.0
0.5340000000000004,0.0,0.0,0.0
0.5350000000000004,0.0,0.0,0.0
0.5360000000000004,0.0,0.0,0.0
0.5370000000000004,0.0,0.0,0.0
0.5380000000000004,0.0,0.0,0.0
0.5390000000000004,0.0,0.0,0.0
0.5400000000000004,0.0,0.0,0.0
0.5410000000000004,0.0,0.0,0.0
0.5420000000000004,0.0,0.0,0.0
0.5430000000000004,0.0,0.0,0.0
0.5440000000000004,0.0,0.0,0.0
0.5450000000000004,0.0,0.0,0.0
0.5460000000000004,0.0,0.0,0.0
0.5470000000000004,0.0,0.0,0.0
0.5480000000000004,0.0,0.0,0.0
0.5490000000000004,0.0,0.0,0.0
0.5500000000000004,0.0,0.0,0.0
0.5510000000000004,0.0,0.0,0.0
0.5520000000000004,0.0,0.0,0.0
0.5530000000000004,0.0,0.0,0.0
0.5540000000000004,0.0,0.0,0.0
0.5550000000000004,0.0,0.0,0.0
0.5560000000000004,0.0,0.0,0.0
0.5570000000000004,0.0,0.0,0.0
0.5580000000000004,0.0,0.0,0.0
0.5590000000000004,0.0,0.0,0.0
0.5600000000000004,0.0,0.0,0.0
0.5610000000000004,0.0,0.0,0.0
0.5620000000000004,0.0,0.0,0.0
0.5630000000000004,0.0,0.0,0.0
0.5640000000000004,0.0,0.0,0.0
0.5650000000000004,0.0,0.0,0.0
0.5660000000000004,0.0,0.0,0.0
0.5670000000000004,0.0,0.0,0.0
0.5680000000000004,0.6520844217231897,0.8166132298940753,0.8085788902973379
0.5690000000000004,0.4660560198888781,1.6921803000390647,0.8294416027397054
0.5700000000000004,0.30277441039654274,2.108915878596807,0.8150187309745446
0.5710000000000004,0.3029750574738147,2.109181038669607,0.8053825855202741
0.5720000000000004,0.303652605078038,2.1099190001369346,0.7950614906700071
0.5730000000000004,0.30481682825113277,2.1111315602111485,0.7840475040394019
0.5740000000000004,0.30647652656202556,2.112819824513287,0.772332915754668
0.5750000000000004,0.30863948309289646,2.114984178785175,0.759910256932192
0.5760000000000004,0.3113124301377168,2.1176242618682988,0.7467723099379235
0.5770000000000004,0.3145010221820259,2.120738940151563,0.7329121204727348
0.5780000000000004,0.31820981666815173,2.1243262836691787,0.7183230115149888
0.5790000000000004,0.3224422629811732,2.1283835440105032,0.7029985991284786
0.5800000000000004,0.3272007000176467,2.1329071341826555,0.6869328101129872
0.5810000000000004,0.33248636261778025,2.137892610539371,0.6701199014389797
0.5820000000000004,0.3382993970639765,2.1433346568669744,0.6525544813918219
0.5830000000000004,0.3446388857625769,2.1492270706906016,0.6342315323135688
0.5840000000000004,0.3515028811501792,2.1555627518386173,0.6151464348077152
0.5850000000000004,0.6525350914503856,2.1725962761485853,0.6063048287427524
0.5860000000000004,0.661972358011337,2.178236285857607,0.5854524355420665
0.5870000000000004,0.6719841820690802,2.1842574752380894,0.563818371664417
0.5880000000000004,0.3341915295723654,2.3679406520044104,0.0
0.5890000000000004,0.3346095747723848,2.3324586401859118,0.0
0.5900000000000004,0.3041930284334174,2.3762869145300796,0.0
0.5910000000000004,0.198299003435996,2.4832306100519563,0.0
0.5920000000000004,0.0717106152533303,2.461498638510885,0.0
0.5930000000000004,-0.07342749702878877,2.322191264102576,0.0
0.5940000000000004,-0.23513066049389375,2.0758624451077483,0.0
0.5950000000000004,-0.41164219211520814,1.7319477585709442,0.0
0.5960000000000004,-0.6014884488795815,1.2982800566761874,0.0
0.5970000000000004,-0.8035243354818997,0.7806751964189953,0.0
0.5980000000000004,-1.0169720475260584,0.18257182075473644,0.0
0.5990000000000004,-1.2414549546834066,-0.4952871703122579,0.0
0.6000000000000004,-1.4770275515474687,-1.2551389687373629,0.0
0.6010000000000004,-1.6804706110358187,-2.004977394269625,0.0
0.6020000000000004,0.008942679299032436,-0.00886401817856324,10.279893274313176
0.6030000000000004,0.8610490073946926,0.9102552560453523,20.670030860269872
0.6040000000000004,0.676351621980295,0.6694236374865907,20.670054141846762
0.6050000000000004,0.48841099091132706,0.35389543577474925,20.670077211135798
0.6060000000000004,0.297846695180623,-0.03135079470329627,20.67010066275554
0.6070000000000004,0.10488932837182023,-0.484274556483697,20.670125002766426
0.6080000000000004,-0.09054178403410014,-1.005248445073899,20.670150654244605
0.6090000000000004,-0.2887614085190984,-1.5965273757612828,20.67017796245338
0.6100000000000004,-0.39521950249594745,-1.9431792695434162,20.670207199696
0.6110000000000004,-0.38886177432342756,-1.928559328657997,20.670238569923793
0.6120000000000004,-0.3828382328451115,-1.9142043637993895,20.670272213149826
0.6130000000000004,-0.3771645828738653,-1.900152478026839,20.670308209727708
0.6140000000000004,-0.37185977383120444,-1.8864662420609,20.670346584533483
0.6150000000000004,-0.3669451689790138,-1.873227757022618,20.670387311079676
0.6160000000000004,-0.36244375241295007,-1.8605339329633905,20.67043031559367
0.6170000000000004,-0.35837937478592874,-1.8484919867652712,20.67047548107868
0.6180000000000004,-0.5526195879871713,-2.4630443031846725,20.670522651368888
0.6190000000000004,-0.5446283002230146,-2.437610876872343,20.670571635186075
0.6200000000000004,-0.5372440249297954,-2.413564538675496,20.670622210193415
0.6210000000000004,-0.5304757754275691,-2.3909814200345356,20.67067412705427
0.6220000000000004,-0.5243309820693479,-2.369930426687198,20.670727113478193
0.6230000000000004,-0.5188152244011995,-2.350470719623864,20.67078087823742
0.6240000000000004,-0.5139319892304555,-2.332649388306651,20.670835115151156
0.6250000000000004,-0.509682455128214,-2.316499319607241,20.67088950701102
0.6260000000000004,-0.5060653039476609,-2.302037267163092,20.67094372941947
0.6270000000000004,-0.5030765599927352,-2.289262127274207,20.670997454535076
0.6280000000000004,-0.5007094575335486,-2.278153428913371,20.67105035468561
0.6290000000000004,-0.498954337414109,-2.268670046901164,20.67110210583182
0.6300000000000004,-0.4977985735356137,-2.2607491486671103,20.671152390860875
0.6310000000000004,-0.49722653002126127,-2.2543053861835194,20.671200902679935
0.6320000000000005,-0.49721954985557987,-2.249230345557037,20.67124734709345
0.6330000000000005,-0.4977559757471135,-2.2453922672306184,20.6712914454447
0.6340000000000005,-0.4984962309762076,-2.23741731127208,20.668461790698196
0.6350000000000005,-0.293036341224472,-2.8951995254341276,20.665524810597468
0.6360000000000005,-0.3224743363937172,-3.9293132805856166,20.671407158902063
0.6370000000000005,-0.3191096507059963,-3.911768303828802,20.67143947509179
0.6380000000000005,-0.3157603020554591,-3.894404507771152,20.67146835901852
0.6390000000000005,-0.31242611880836924,-3.8772209591226123,20.67149366572736
0.6400000000000005,-0.30910692807061824,-3.8602167434894987,20.671515276633073
0.6410000000000005,-0.30580255559994096,-3.843390965247005,20.67153309992707
0.6420000000000005,-0.3025128257413058,-3.8267427473541917,20.671547070707206
0.6430000000000005,-0.2992375613886591,-3.810271231109256,20.67155715084546
0.6440000000000005,-0.2959765839687854,-3.793975575850544,20.671563328610205
0.6450000000000005,-0.2927297134489042,-3.7778549586106474,20.671565618056718
0.6460000000000005,-0.28949676836752036,-3.761908573730076,20.671564058206805
0.6470000000000005,-0.28627756588738273,-3.7461356324349935,20.671558712035914
0.6480000000000005,-0.2830719218684518,-3.730535362383238,20.671549665290925
0.6490000000000005,-0.27987965096149137,-3.7151070071872674,20.671537025159452
0.6500000000000005,-0.27670056671891463,-3.6998498259175427,20.671520918810103
0.6510000000000005,-0.273534481722829,-3.684763092593202,20.67150149183474
0.6520000000000005,-0.270381207728832,-3.6698460956614447,20.671478906607952
0.6530000000000005,-0.2672405558222005,-3.655098137474548,20.671453340583795
0.6540000000000005,-0.26411233658671013,-3.6405185337686325,20.67142498455735
0.6550000000000005,-0.2609963602831685,-3.6261066131431976,20.671394040906186
0.6560000000000005,-0.2578924370372626,-3.6118617165490616,20.671360721829764
0.6570000000000005,-0.2548003770338399,-3.5977831967894,20.671325247609385
0.6580000000000005,-0.2517199907161114,-3.583870418033622,20.67128784489433
0.6590000000000005,-0.24865108898947874,-3.570122755344698,20.671248745034728
0.6600000000000005,-0.24559348342768433,-3.556539594226311,20.671208182475866
0.6610000000000005,-0.242546986479279,-3.543120330191889,20.671166393214218
0.6620000000000005,-0.2395114116744111,-3.5298643683493305,20.671123613336295
0.6630000000000005,-0.23648657383029661,-3.51677112301108,20.67108007763408
0.6640000000000005,-0.23347228925375063,-3.5038400173262674,20.671036018313796
0.6650000000000005,-0.23046837594053587,-3.491070482932548,20.670991663801015
0.6660000000000005,-0.22747465376989373,-3.47846195963342,20.670947237632234
0.6670000000000005,-0.22449094469389766,-3.4660138950972765,20.670902957453066
0.6680000000000005,-0.22151707292107037,-3.453725744576243,20.67085903410878
0.6690000000000005,-0.21855286509338673,-3.4415969706492304,20.67081567083181
0.6700000000000005,-0.21559815045544578,-3.4296270429842406,20.670773062528475
0.6710000000000005,-0.21265276101562816,-3.4178154381196366,20.670731395150874
0.6720000000000005,-0.20971653170010554,-3.4061616392662835,20.67069084516465
0.6730000000000005,-0.20678930049709726,-3.394665136125925,20.670651579100777
0.6740000000000005,-0.20387090859240486,-3.383325424725987,20.670613753187027
0.6750000000000005,-0.20096120049483135,-3.3721420072727426,20.670577513058152
0.6760000000000005,-0.19806002415257926,-3.361114392016262,20.670542993537758
0.6770000000000005,-0.1951672310592424,-3.350242093130154,20.6705103184887
0.6780000000000005,-0.1922826763488995,-3.339524630603613,20.670479600725095
0.6790000000000005,-0.18940621888068554,-3.3289615301454267,20.67045094198044
0.6800000000000005,-0.18653772131287913,-3.318552323098715,20.67042443293031
0.6810000000000005,-0.18367705016510272,-3.3082965463626604,20.6704001532631
0.6820000000000005,-0.18082407586814608,-3.2981937423267667,20.67037817178946
0.6830000000000005,-0.17797867280391727,-3.2882434588111127,20.670358546593235
0.6840000000000005,-0.17514071933210384,-3.2784452490127567,20.670341325217855
0.6850000000000005,-0.17231009780361778,-3.268798671460047,20.67032654487845
0.6860000000000005,-0.16948669456219573,-3.2593032899725385,20.670314232699056
0.6870000000000005,-0.1666703999343452,-3.249958673625973,20.670304405976623
0.6880000000000005,-0.1638611082031901,-3.2407643967216675,20.670297072462244
0.6890000000000005,-0.16105871757079812,-3.2317200387607796,20.670292230653725
0.6900000000000005,-0.15826313010662973,-3.222825184423585,20.670289870102785
0.6910000000000005,-0.1554742516811805,-3.214079423550044,20.670289971735386
0.6920000000000005,-0.15269199188701485,-3.2054823511258066,20.67029250817697
0.6930000000000005,-0.14991626394344099,-3.197033567271992,20.670297444080976
0.6940000000000005,-0.1471469845886967,-3.1887326772373425,20.67030473646521
0.6950000000000005,-0.14438407395700695,-3.180579291393527,20.670314335047127
0.6960000000000005,-0.14162745544073102,-3.1725730252335165,20.670326182579625
0.6970000000000005,-0.13887705553873791,-3.164713499375734,20.67034021518806
0.6980000000000005,-0.1361328036905938,-3.1570003395687767,20.670356362703632
0.6990000000000005,-0.13339463209640567,-3.149433176699998,20.670374548993372
0.7000000000000005,-0.13066247552269175,-3.1420116468091717,20.670394692290138
0.7010000000000005,-0.1279362710957308,-3.134735391106097,20.670416705516757
0.7020000000000005,-0.12521595808093247,-3.127604055990137,20.670440496601316
0.7030000000000005,-0.12250147765082389,-3.120617293076225,20.670465968798972
0.7040000000000005,-0.11979277264076313,-3.1137747592246363,20.670493021000986
0.7050000000000005,-0.11708978729396455,-3.1070761165753686,20.670521548039535
0.7060000000000005,-0.11439246699711886,-3.1005210325885435,20.670551440991865
0.7070000000000005,-0.11170075800569634,-3.09410918008804,20.670582587481313
0.7080000000000005,-0.10901460716234512,-3.0878402373128386,20.670614871970802
0.7090000000000005,-0.10633396160870928,-3.08171388797418,20.670648176055956
0.7100000000000005,-0.10365876849114503,-3.0757298213169486,20.670682378759114
0.7110000000000005,-0.10098897466261578,-3.0698877321881834,20.670717356815658
0.7120000000000005,-0.09832452638228398,-3.0641873211149844,20.670752984967805
0.7130000000000005,-0.09566536901397873,-3.058628294385016,20.670789136252488
0.7140000000000005,-0.09301144672495165,-3.0532103641363464,20.670825682294822
0.7150000000000005,-0.09036270218689785,-3.0479332484553097,20.670862493605767
0.7160000000000005,-0.08771907628130601,-3.0427966714806547,20.67089943988133
0.7170000000000005,-0.08508050781085882,-3.0378003635166895,20.670936390310647
0.7180000000000005,-0.08244693321666355,-3.03294406115254,20.67097321389008
0.7190000000000005,-0.07981828630607199,-3.028227507392479,20.671009779751273
0.7200000000000005,-0.07719449799152686,-3.0236504517929563,20.671045957495117
0.7210000000000005,-0.0745754960407421,-3.019212650608678,20.671081617541525
0.7220000000000005,-0.07196120484243107,-3.0149138669478073,20.671116631502414
0.7230000000000005,-0.06935154518742745,-3.0107538709357606,20.671150872563242
0.7240000000000005,-0.06674643406693587,-3.0067324398901385,20.671184215888363
0.7250000000000005,-0.0641457844896729,-3.0028493585040503,20.671216539057816
0.7260000000000005,-0.0615495053196386,-2.999104419038708,20.671247722523344
0.7270000000000005,-0.05895750113479975,-2.995497421528271,20.671277650096428
0.7280000000000005,-0.05636967210746752,-2.9920281739939747,20.67130620947043
0.7290000000000005,-0.053785913909236455,-2.9886964926694124,20.671333292780538
0.7300000000000005,-0.05120611763966784,-2.985502202237615,20.671358797202465
0.7310000000000005,-0.04863016977883991,-2.9824451360796402,20.671382625596795
0.7320000000000005,-0.04605795216620298,-2.9795251365365383,20.67140468719924
0.7330000000000005,-0.04348934200453283,-2.9767420551814974,20.67142489836184
0.7340000000000005,-0.040924211890370765,-2.9740957531074352,20.671443183354818
0.7350000000000005,-0.038362429869138626,-2.9715861012298483,20.67145947522003
0.7360000000000005,-0.03580385951702415,-2.9692129806011973,20.671473716694184
0.7370000000000005,-0.03324836004935179,-2.9669762827420567,20.671485861194366
0.7380000000000005,-0.030695786452704446,-2.9648759099894724,20.67149587387453
0.7390000000000005,-0.02814598964377761,-2.9629117758613406,20.671503732756896
0.7400000000000005,-0.02559881665266331,-2.9610838054373367,20.67150942993699
0.7410000000000005,-0.023054110830922195,-2.9593919357610226,20.67151297286827
0.7420000000000005,-0.020511712083673445,-2.9578361162595277,20.671514385725523
0.7430000000000005,-0.017971457125664822,-2.956416309183904,20.671513710849684
0.7440000000000005,-0.015433179762259303,-2.9551324900716684,20.671511010273214
0.7450000000000006,-0.012896711192896732,-2.95398464823034,20.67150636732366
0.7460000000000006,-0.010361880338603392,-2.9529727872448226,20.671499888304645
0.7470000000000006,-0.007828514195089578,-2.9520969255077043,20.671491704253576
0.7480000000000006,-0.0052964382093080645,-2.951357096774772,20.6714819727595
0.7490000000000006,-0.0027654766821061383,-2.950753350744962,20.67147087984334
0.7500000000000006,-0.00023545319870903886,-2.9502857536663627,20.671458641893047
0.7510000000000006,0.002293808913198206,-2.949954388967221,20.671445507628533
0.7520000000000006,0.004807666347324109,-2.949757889622886,20.671425988570626
0.7530000000000006,0.007320247451346559,-2.949698354934066,20.671406047536905
0.7540000000000006,0.009877662872797267,-2.949779333257599,20.671403590587488
0.7550000000000006,0.012464167854353482,-2.949997608594476,20.671412056411846
0.7560000000000006,0.015049263183927727,-2.9503503377034583,20.67141981471159
0.7570000000000006,0.017633085982215968,-2.95083771623045,20.671427192850093
0.7580000000000006,0.020215771313493933,-2.951459925763869,20.671434468082012
0.7590000000000006,0.022797453016579004,-2.952217135328034,20.67144187147032
0.7600000000000006,0.025378264473441048,-2.9531095027985916,20.671449591690415
0.7610000000000006,0.02795833930949533,-2.954137176239871,20.67145777871263
0.7620000000000006,0.03053781202831199,-2.9553002951699785,20.67146654733403
0.7630000000000006,0.033116818580009956,-2.9565989917539897,20.671475980537593
0.7640000000000006,0.03569549686129111,-2.958033391929715,20.671486132698845
0.7650000000000006,0.038273987149711176,-2.959603616468833,20.671497032606617
0.7660000000000006,0.04085243247323821,-2.9613097819747463,20.671508686302055
0.7670000000000006,0.043430978915824696,-2.963152001820567,20.671521079745126
0.7680000000000006,0.04600977585960472,-2.9651303870325996,20.67153418129497
0.7690000000000006,0.04858897616899833,-2.9672450471177974,20.67154794401948
0.7700000000000006,0.05116873631681809,-2.9694960908393835,20.671562307827173
0.7710000000000006,0.053749216455064044,-2.9718836269446895,20.671577201432704
0.7720000000000006,0.05633058043398284,-2.9744077648464136,20.671592544166348
0.7730000000000006,0.0589129957730673,-2.9770686152582675,20.67160824762539
0.7740000000000006,0.061496633586428706,-2.9798662907899,20.671624217179563
0.7750000000000006,0.06408166846607759,-2.9828009065023187,20.671640353340056
0.7760000000000006,0.06666827832731632,-2.985872580424114,20.671656552996645
0.7770000000000006,0.06925664421969562,-2.989081434033095,20.671672710535113
0.7780000000000006,0.07184695010714932,-2.99242759270405,20.671688718836084
0.7790000000000006,0.07443938262079071,-2.9959111861234384,20.67170447017483
0.7800000000000006,0.07703413078997816,-2.999532348675132,20.67171985702103
0.7810000000000006,0.07963138575302628,-3.003291219796029,20.671734772744735
0.7820000000000006,0.0822313404516889,-3.0071879443047838,20.671749112248566
0.7830000000000006,0.08483418931665841,-3.0112226727064817,20.67176277251714
0.7840000000000006,0.08744012794183102,-3.0153955614705357,20.67177565310172
0.7850000000000006,0.0900493527544633,-3.019706773286546,20.671787656547824
0.7860000000000006,0.09266206068586348,-3.02415647729961,20.671798688761083
0.7870000000000006,0.09527844884100654,-3.0287448493230134,20.671808659327503
0.7880000000000006,0.0978987141742457,-3.0334720720336783,20.67181748179076
0.7890000000000006,0.10052305317230044,-3.0383383351484006,20.67182507388813
0.7900000000000006,0.10315166154641568,-3.0433438355824243,20.671831357758798
0.7910000000000006,0.1057847339374367,-3.048488777593196,20.671836260116063
0.7920000000000006,0.10842246363486313,-3.0537733729090393,20.67183971239824
0.7930000000000006,0.11106504231165615,-3.059197840842531,20.671841650900024
0.7940000000000006,0.11371265977721098,-3.0647624083912643,20.671842016880763
0.7950000000000006,0.11636550374912336,-3.0704673103279285,20.67184075666313
0.7960000000000006,0.11902375964440345,-3.0763127892758195,20.671837821717403
0.7970000000000006,0.12168761039203074,-3.0822990957763055,20.671833168734718
0.7980000000000006,0.12435723626834871,-3.08842648834661,20.67182675969731
0.7990000000000006,0.12703281475211506,-3.0946952335269913,20.671818561939773
0.8000000000000006,0.12971452040241202,-3.101105605920065,20.67180854820666
0.8010000000000006,0.1324025247591839,-3.107657888224443,20.671796696710608
0.8020000000000006,0.1350969962649137,-3.114352371259243,20.671782991186074
0.8030000000000006,0.137798100208679,-3.1211893539829436,20.671767420946814
0.8040000000000006,0.14050599868902328,-3.1281691435083196,20.671749980938543
0.8050000000000006,0.1432208505982211,-3.1352920551100976,20.67173067179795
0.8060000000000006,0.14594281162609618,-3.1425584122295835,20.67170949991109
0.8070000000000006,0.1486720342809192,-3.1499685464744545,20.67168647747168
0.8080000000000006,0.15140866792803637,-3.157522797615983,20.671661622547575
0.8090000000000006,0.1541528588441552,-3.1652215135831154,20.67163495913907
0.8100000000000006,0.1569047502864719,-3.1730650504525713,20.67160651724484
0.8110000000000006,0.15966448257485086,-3.1810537724381636,20.671576332928982
0.8120000000000006,0.16243219318702304,-3.1891880518773954,20.671544448385035
0.8130000000000006,0.1652080168635113,-3.1974682692164693,20.67151091199591
0.8140000000000006,0.1679920857218961,-3.205894812992786,20.671475778400435
0.8150000000000006,0.17078452937996513,-3.2144680798174043,20.67143910855207
0.8160000000000006,0.17358547508490388,-3.2231884743554113,20.67140096976628
0.8170000000000006,0.17639504784871043,-3.2320564093036444,20.67136143577211
0.8180000000000006,0.17921337058629883,-3.241072305370244,20.671320586752486
0.8190000000000006,0.18204056425776285,-3.2502365912486333,20.67127850937204
0.8200000000000006,0.18487674801344203,-3.2595497035926346,20.671235296790645
0.8210000000000006,0.18772203933709158,-3.2690120869896226,20.67119104867035
0.8220000000000006,0.1905765541910845,-3.2786241939300433,20.671145871162235
0.8230000000000006,0.19344040715979394,-3.28838648477509,20.671099876869793
0.8240000000000006,0.19631371159076613,-3.2982994277216884,20.671053184795692
0.8250000000000006,0.19919657973419028,-3.3083634987655905,20.671005920262267
0.8260000000000006,0.20208912287774378,-3.318579181656822,20.670958214803093
0.8270000000000006,0.2049914514778481,-3.328946967854976,20.670910206022523
0.8280000000000006,0.20790367528715248,-3.3394673564763817,20.67086203742454
0.8290000000000006,0.21082590347735586,-3.3501408542369395,20.670813858202457
0.8300000000000006,0.21375824475538835,-3.3609679753893076,20.67076582298523
0.8310000000000006,0.21670080747592926,-3.3719492416508294,20.670718091540547
0.8320000000000006,0.21965369974757165,-3.383085182125572,20.67067082843234
0.8330000000000006,0.22261702953368506,-3.394376333215483,20.670624202626122
0.8340000000000006,0.2255909047479985,-3.4058232385245146,20.670578387035405
0.8350000000000006,0.2285754333442615,-3.4174264487510264,20.670533558017542
0.8360000000000006,0.23157072340074045,-3.4291865215681248,20.67048989480491
0.8370000000000006,0.23457688319933256,-3.4411040214932624,20.670447578871315
0.8380000000000006,0.237594021300616,-3.453179519745963,20.670406793239398
0.8390000000000006,0.24062224661345663,-3.4654135940913298,20.67036772171525
0.8400000000000006,0.2436616684604812,-3.477806828666301,20.670330548054096
0.8410000000000006,0.24671239663933253,-3.49035981379878,20.670295455065578
0.8420000000000006,0.24977454148122927,-3.5030731458066433,20.670262623640166
0.8430000000000006,0.2528482139050328,-3.5159474267803286,20.670232231712372
0.8440000000000006,0.2559335254691229,-3.5289832643568957,20.670204453161826
0.8450000000000006,0.2590305884208163,-3.542181271474447,20.67017945664484
0.8460000000000006,0.26213951574288497,-3.5555420661121873,20.67015740437124
0.8470000000000006,0.2652604211988369,-3.569066271017535,20.670138450829604
0.8480000000000006,0.2683934193759007,-3.5827545134218086,20.670122741463054
0.8490000000000006,0.2715386257272448,-3.5966074247422704,20.670110411306194
0.8500000000000006,0.2746961566126636,-3.6106256402749284,20.670101583597578
0.8510000000000006,0.2778661293381278,-3.624809798879018,20.670096368370537
0.8520000000000006,0.2810486621942081,-3.639160542654576,20.67009486103792
0.8530000000000006,0.284243874493245,-3.6536785166188466,20.67009714098996
0.8540000000000006,0.28745188660639465,-3.6683643683810616,20.670103270211868
0.8550000000000006,0.2906728199986476,-3.683218747818706,20.670113291940396
0.8560000000000006,0.2939067972627828,-3.6982423067626784,20.670127229386857
0.8570000000000007,0.29715394215168806,-3.713435698693302,20.67014508452869
0.8580000000000007,0.30041437960898143,-3.728799578449971,20.670166837001105
0.8590000000000007,0.30368823579773824,-3.744334601960398,20.670192443109848
0.8600000000000007,0.30697563812635187,-3.76004142599713,20.670221834974566
0.8610000000000007,0.31027671527176753,-3.7759207079622255,20.670254919836868
0.8620000000000007,0.31359159720031715,-3.7919731057055976,20.67029157954778
0.8630000000000007,0.3169204151844513,-3.808199277388283,20.67033167024896
0.8640000000000007,0.32026330181528156,-3.8245998813860957,20.670375022277383
0.8650000000000007,0.32362039101295603,-3.841175576249351,20.67042144029883
0.8660000000000007,0.3269918180317331,-3.8579270207171574,20.67047070369501
0.8670000000000007,0.33037771946152955,-3.8748548737902064,20.67052256721613
0.8680000000000007,0.3337782332246522,-3.8919597948730704,20.670576761893283
0.8690000000000007,0.3371934985695921,-3.9092424439853124,20.670632996246546
0.8700000000000007,0.2955149451205307,-2.9221915035164834,20.643689948442876
0.8710000000000007,-0.012310523232882245,-2.2713632131744337,20.64767964846626
0.8720000000000007,-0.009118306621375846,-2.290462639819805,20.657594856512574
0.8730000000000007,-0.006423031984478328,-2.309362020548719,20.668186899078236
0.8740000000000007,-0.0049609165639377395,-2.3166836193849445,20.67093319588654
0.8750000000000007,-0.004252380869466471,-2.321902532254597,20.67099450853657
0.8760000000000007,-0.004068154194351262,-2.3290207335285285,20.67105534955432
0.8770000000000007,-0.004413752222089368,-2.3380822174127154,20.67111532352943
0.8780000000000007,-0.0052940579939025345,-2.349111153613259,20.67117403524979
0.8790000000000007,-0.006713286540378657,-2.3621129036548534,20.671231093262573
0.8800000000000007,-0.008674951247232499,-2.377075217657915,20.671286113549534
0.8810000000000007,-0.011181832661102502,-2.393969602389054,20.67133872328432
0.8820000000000007,-0.014235950340645849,-2.4127528534987235,20.671388564633855
0.8830000000000007,-0.01783853825271412,-2.433368747037106,20.671435298573392
0.8840000000000007,-0.02199002410303301,-2.455749887502101,20.67147860867688
0.8850000000000007,-0.026690012877932504,-2.4798197116984158,20.671518204860035
0.8860000000000007,-0.031937274765716304,-2.5054946495375994,20.671553827032536
0.8870000000000007,0.04657850977176428,-1.9039097885630962,20.671585248639822
0.8880000000000007,0.042672088142994724,-1.9171123621115038,20.67161228007001
0.8890000000000007,0.03828179431665775,-1.9312380201004369,20.67163477190216
0.8900000000000007,0.033421023514978526,-1.9461606241573428,20.67165261798548
0.8910000000000007,0.028103721238096825,-1.9617619187260025,20.671665758333525
0.8920000000000007,0.022344179082391218,-1.9779355893122108,20.671674181833254
0.8930000000000007,0.016156815464144946,-1.9945915542800994,20.67167792876836
0.8940000000000007,0.00955594137166808,-2.0116604949605623,20.671677093165197
0.8950000000000007,0.0025555112948694274,-2.0290986275628895,20.671671824976137
0.8960000000000007,-0.004831140499113651,-2.0468927187787447,20.671662332119208
0.8970000000000007,0.03945586574603016,-1.8669336019503788,20.67164888240407
0.8980000000000007,0.157922083102405,-1.4718663814894857,20.67163180537706
0.8990000000000007,0.2815328793800591,-1.1499428808706775,20.671611494128502
0.9000000000000007,0.41035167680809803,-0.8999091528897454,20.671588407110228
0.9010000000000007,0.544416115622811,-0.7229436192460108,20.671563070011793
0.9020000000000007,0.6614887395555344,-0.6833492166776001,20.671506238159633
0.9030000000000007,-0.002529997919142995,0.008262839066413995,10.217109005374986
0.9040000000000007,-1.8434303463217176,-0.4944173366607565,0.0
0.9050000000000007,-1.688410876804694,0.2756150541327873,0.0
0.9060000000000007,-1.5343855082674565,0.9550091875956657,0.0
0.9070000000000007,-1.381494158051894,1.5503618673512207,0.0
0.9080000000000007,-1.2299563155282782,2.0647935838906717,0.0
0.9090000000000007,-1.0800747184660227,2.4982474409583695,0.0
0.9100000000000007,-0.9322386056920275,2.8478247548275384,0.0
0.9110000000000007,-0.7869268452122258,3.108160390261106,0.0
0.9120000000000007,-0.644710867688975,3.271845654985876,0.0
0.9130000000000007,-0.5062569298506545,3.329910313478558,0.0
0.9140000000000007,-0.37232680135677243,3.272377446879216,0.0
0.9150000000000007,-0.24377553668438132,3.0889046193475016,0.0
0.9160000000000007,-0.12154460778378288,2.7695210050397105,0.0
0.9170000000000007,-0.050433002258454075,2.5193106742074205,0.0
0.9180000000000007,0.29230037094903405,2.284718962472166,0.5271213441431781
0.9190000000000007,0.28939291014365426,2.277251935583362,0.5495103446829335
0.9200000000000007,-0.00031466742084060306,2.2187894538026147,0.561018903207624
0.9210000000000007,-0.001038682490627836,2.2116622781407838,0.5815011795697121
0.9220000000000007,-0.0014120218221464432,2.2049846616521056,0.6011518138669776
0.9230000000000007,-0.001433855772572057,2.1987632224932923,0.6199703628992116
0.9240000000000007,-0.0011040862267588233,2.193003653220403,0.6379570708894349
0.9250000000000007,-0.0004233743681666749,2.1877107329984735,0.6551128639407513
0.9260000000000007,0.0006068386908825423,2.182888342328596,0.6714393438657239
0.9270000000000007,0.001984318402253417,2.178539480272774,0.6869387814994945
0.9280000000000007,0.0037060303232021984,2.174666284131985,0.7016141095625964
0.9290000000000007,0.005768140569132616,2.171270051507169,0.7154689151082663
0.9300000000000007,0.008166022980601146,2.168351264633534,0.7285074316207262
0.9310000000000007,0.010894272750206869,2.165909616854116,0.7407345307821688
0.9320000000000007,0.01394672619163559,2.163944041069368,0.7521557139293947
0.9330000000000007,0.017316486284323092,2.1624527399728892,0.7627771032096005
0.9340000000000007,0.020995953577273768,2.1614332178593703,0.7726054324431474
0.9350000000000007,0.024976861986668382,2.160882313771053,0.7816480376968984
0.9360000000000007,0.2611408135222461,1.763539735592932,0.7940881484214959
0.9370000000000007,0.6049372955860557,0.8912442769982235,0.7737410852324835
0.9380000000000007,0.0,0.0,0.0
0.9390000000000007,0.0,0.0,0.0
0.9400000000000007,0.0,0.0,0.0
0.9410000000000007,0.0,0.0,0.0
0.9420000000000007,0.0,0.0,0.0
0.9430000000000007,0.0,0.0,0.0
0.9440000000000007,0.0,0.0,0.0
0.9450000000000007,0.0,0.0,0.0
0.9460000000000007,0.0,0.0,0.0
0.9470000000000007,0.0,0.0,0.0
0.9480000000000007,0.0,0.0,0.0
0.9490000000000007,0.0,0.0,0.0
0.9500000000000007,0.0,0.0,0.0
0.9510000000000007,0.0,0.0,0.0
0.9520000000000007,0.0,0.0,0.0
0.9530000000000007,0.0,0.0,0.0
0.9540000000000007,0.0,0.0,0.0
0.9550000000000007,0.0,0.0,0.0
0.9560000000000007,0.0,0.0,0.0
0.9570000000000007,0.0,0.0,0.0
0.9580000000000007,0.0,0.0,0.0
0.9590000000000007,0.0,0.0,0.0
0.9600000000000007,0.0,0.0,0.0
0.9610000000000007,0.0,0.0,0.0
0.9620000000000007,0.0,0.0,0.0
0.9630000000000007,0.0,0.0,0.0
0.9640000000000007,0.0,0.0,0.0
0.9650000000000007,0.0,0.0,0.0
0.9660000000000007,0.0,0.0,0.0
0.9670000000000007,0.0,0.0,0.0
0.9680000000000007,0.0,0.0,0.0
0.9690000000000007,0.0,0.0,0.0
0.9700000000000008,0.0,0.0,0.0
0.9710000000000008,0.0,0.0,0.0
0.9720000000000008,0.0,0.0,0.0
0.9730000000000008,0.0,0.0,0.0
0.9740000000000008,0.0,0.0,0.0
0.9750000000000008,0.0,0.0,0.0
0.9760000000000008,0.0,0.0,0.0
0.9770000000000008,0.0,0.0,0.0
0.9780000000000008,0.0,0.0,0.0
0.9790000000000008,0.0,0.0,0.0
0.9800000000000008,0.0,0.0,0.0
0.9810000000000008,0.0,0.0,0.0
0.9820000000000008,0.0,0.0,0.0
0.9830000000000008,0.0,0.0,0.0
0.9840000000000008,0.0,0.0,0.0
0.9850000000000008,0.0,0.0,0.0
0.9860000000000008,0.0,0.0,0.0
0.9870000000000008,0.0,0.0,0.0
0.9880000000000008,0.0,0.0,0.0
0.9890000000000008,0.0,0.0,0.0
0.9900000000000008,0.0,0.0,0.0
0.9910000000000008,0.0,0.0,0.0
0.9920000000000008,0.0,0.0,0.0
0.9930000000000008,0.0,0.0,0.0
0.9940000000000008,0.0,0.0,0.0
0.9950000000000008,0.0,0.0,0.0
0.9960000000000008,0.0,0.0,0.0
0.9970000000000008,0.0,0.0,0.0
0.9980000000000008,0.0,0.0,0.0
0.9990000000000008,0.0,0.0,0.0
1.0000000000000007,0.0,0.0,0.0
1.0010000000000006,0.0,0.0,0.0
1.0020000000000004,0.0,0.0,0.0
1.0030000000000003,0.0,0.0,0.0
1.0040000000000002,0.0,0.0,0.0
1.0050000000000001,0.0,0.0,0.0
1.006,0.0,0.0,0.0
1.007,0.0,0.0,0.0
1.0079999999999998,0.0,0.0,0.0
1.0089999999999997,0.0,0.0,0.0
1.0099999999999996,0.0,0.0,0.0
1.0109999999999995,0.0,0.0,0.0
1.0119999999999993,0.0,0.0,0.0
1.0129999999999992,0.0,0.0,0.0
1.0139999999999991,0.0,0.0,0.0
1.014999999999999,0.0,0.0,0.0
1.015999999999999,0.0,0.0,0.0
1.0169999999999988,0.0,0.0,0.0
1.0179999999999987,0.0,0.0,0.0
1.0189999999999986,0.0,0.0,0.0
1.0199999999999985,0.0,0.0,0.0
1.0209999999999984,0.0,0.0,0.0
1.0219999999999982,0.0,0.0,0.0
1.0229999999999981,0.0,0.0,0.0
1.023999999999998,0.0,0.0,0.0
1.024999999999998,0.0,0.0,0.0
1.0259999999999978,0.0,0.0,0.0
1.0269999999999977,0.0,0.0,0.0
1.0279999999999976,0.0,0.0,0.0
1.0289999999999975,0.0,0.0,0.0
1.0299999999999974,0.0,0.0,0.0
1.0309999999999973,0.0,0.0,0.0
1.0319999999999971,0.0,0.0,0.0
1.032999999999997,0.0,0.0,0.0
1.033999999999997,0.0,0.0,0.0
1.0349999999999968,0.0,0.0,0.0
1.0359999999999967,0.0,0.0,0.0
1.0369999999999966,0.0,0.0,0.0
1.0379999999999965,0.0,0.0,0.0
1.0389999999999964,0.0,0.0,0.0
1.0399999999999963,0.0,0.0,0.0
1.0409999999999962,0.0,0.0,0.0
1.041999999999996,0.0,0.0,0.0
1.042999999999996,0.0,0.0,0.0
1.0439999999999958,0.0,0.0,0.0
1.0449999999999957,0.0,0.0,0.0
1.0459999999999956,0.0,0.0,0.0
1.0469999999999955,0.0,0.0,0.0
1.0479999999999954,0.0,0.0,0.0
1.0489999999999953,0.0,0.0,0.0
1.0499999999999952,0.0,0.0,0.0
1.050999999999995,0.0,0.0,0.0
1.051999999999995,0.0,0.0,0.0
1.0529999999999948,0.0,0.0,0.0
1.0539999999999947,0.0,0.0,0.0
1.0549999999999946,0.0,0.0,0.0
1.0559999999999945,0.0,0.0,0.0
1.0569999999999944,0.0,0.0,0.0
1.0579999999999943,0.0,0.0,0.0
1.0589999999999942,0.0,0.0,0.0
1.059999999999994,0.0,0.0,0.0
1.060999999999994,0.0,0.0,0.0
1.0619999999999938,0.0,0.0,0.0
1.0629999999999937,0.0,0.0,0.0
1.0639999999999936,0.0,0.0,0.0
1.0649999999999935,0.0,0.0,0.0
1.0659999999999934,0.0,0.0,0.0
1.0669999999999933,0.0,0.0,0.0
1.0679999999999932,0.0,0.0,0.0
1.068999999999993,0.0,0.0,0.0
1.069999999999993,0.0,0.0,0.0
1.0709999999999928,0.0,0.0,0.0
1.0719999999999927,0.0,0.0,0.0
1.0729999999999926,0.0,0.0,0.0
1.0739999999999925,0.0,0.0,0.0
1.0749999999999924,0.0,0.0,0.0
1.0759999999999923,0.0,0.0,0.0
1.0769999999999922,0.0,0.0,0.0
1.077999999999992,0.0,0.0,0.0
1.078999999999992,0.0,0.0,0.0
1.0799999999999919,0.0,0.0,0.0
1.0809999999999917,0.0,0.0,0.0
1.0819999999999916,0.0,0.0,0.0
1.0829999999999915,0.0,0.0,0.0
1.0839999999999914,0.0,0.0,0.0
1.0849999999999913,0.0,0.0,0.0
1.0859999999999912,0.0,0.0,0.0
1.086999999999991,0.0,0.0,0.0
1.087999999999991,0.0,0.0,0.0
1.0889999999999909,0.0,0.0,0.0
1.0899999999999908,0.0,0.0,0.0
1.0909999999999906,0.0,0.0,0.0
1.0919999999999905,0.0,0.0,0.0
1.0929999999999904,0.0,0.0,0.0
1.0939999999999903,0.0,0.0,0.0
1.0949999999999902,0.0,0.0,0.0
1.09599999999999,0.0,0.0,0.0
1.09699999999999,0.0,0.0,0.0
1.0979999999999899,0.0,0.0,0.0
1.0989999999999898,0.0,0.0,0.0
1.0999999999999897,0.0,0.0,0.0
1.1009999999999895,0.0,0.0,0.0
1.1019999999999894,0.0,0.0,0.0
1.1029999999999893,0.0,0.0,0.0
1.1039999999999892,0.0,0.0,0.0
1.104999999999989,0.0,0.0,0.0
1.105999999999989,0.0,0.0,0.0
1.1069999999999889,0.0,0.0,0.0
1.1079999999999888,0.0,0.0,0.0
1.1089999999999887,0.0,0.0,0.0
1.1099999999999886,0.0,0.0,0.0
1.1109999999999884,0.0,0.0,0.0
1.1119999999999883,0.0,0.0,0.0
1.1129999999999882,0.0,0.0,0.0
1.113999999999988,0.0,0.0,0.0
1.114999999999988,0.0,0.0,0.0
1.115999999999988,0.0,0.0,0.0
1.1169999999999878,0.0,0.0,0.0
1.1179999999999877,0.0,0.0,0.0
1.1189999999999876,0.0,0.0,0.0
1.1199999999999875,0.0,0.0,0.0
1.1209999999999873,0.0,0.0,0.0
1.1219999999999872,0.0,0.0,0.0
1.1229999999999871,0.0,0.0,0.0
1.123999999999987,0.0,0.0,0.0
1.124999999999987,0.0,0.0,0.0
1.1259999999999868,0.0,0.0,0.0
1.1269999999999867,0.0,0.0,0.0
1.1279999999999866,0.0,0.0,0.0
1.1289999999999865,0.0,0.0,0.0
1.1299999999999863,0.0,0.0,0.0
1.1309999999999862,0.0,0.0,0.0
1.1319999999999861,0.0,0.0,0.0
1.132999999999986,0.0,0.0,0.0
1.133999999999986,0.0,0.0,0.0
1.1349999999999858,0.0,0.0,0.0
1.1359999999999857,0.0,0.0,0.0
1.1369999999999856,0.0,0.0,0.0
1.1379999999999855,0.0,0.0,0.0
1.1389999999999854,0.0,0.0,0.0
1.1399999999999852,0.0,0.0,0.0
1.1409999999999851,0.0,0.0,0.0
1.141999999999985,0.0,0.0,0.0
1.142999999999985,0.0,0.0,0.0
1.1439999999999848,0.0,0.0,0.0
1.1449999999999847,0.0,0.0,0.0
1.1459999999999846,0.0,0.0,0.0
1.1469999999999845,0.0,0.0,0.0
1.1479999999999844,0.0,0.0,0.0
1.1489999999999843,0.0,0.0,0.0
1.1499999999999841,0.0,0.0,0.0
1.150999999999984,0.0,0.0,0.0
1.151999999999984,0.0,0.0,0.0
1.1529999999999838,0.0,0.0,0.0
1.1539999999999837,0.0,0.0,0.0
1.1549999999999836,0.0,0.0,0.0
1.1559999999999835,0.0,0.0,0.0
1.1569999999999834,0.0,0.0,0.0
1.1579999999999833,0.0,0.0,0.0
1.1589999999999832,0.0,0.0,0.0
1.159999999999983,0.0,0.0,0.0
1.160999999999983,0.0,0.0,0.0
1.1619999999999828,0.0,0.0,0.0
1.1629999999999827,0.0,0.0,0.0
1.1639999999999826,0.0,0.0,0.0
1.1649999999999825,0.0,0.0,0.0
1.1659999999999824,0.0,0.0,0.0
1.1669999999999823,0.0,0.0,0.0
1.1679999999999822,0.0,0.0,0.0
1.168999999999982,0.0,0.0,0.0
1.169999999999982,0.6482691477341455,0.8164622036719109,0.8079305065995532
1.1709999999999818,0.46159503088611487,1.692287567448668,0.8287814967154716
1.1719999999999817,0.2979264371732797,2.1095219815644572,0.8143665498731991
1.1729999999999816,0.2982064962866816,2.1097845025311734,0.8047293238555983
1.1739999999999815,0.2989649800321594,2.1105203147310863,0.7944091089450384
1.1749999999999814,0.3002116773748475,2.1117312093881275,0.7833979522863727
1.1759999999999813,0.30195539817503686,2.1134182852609564,0.7716881279665037
1.1769999999999812,0.30420393218065295,2.1155819203844484,0.7592721455039112
1.177999999999981,0.30696401476357216,2.1182217450870775,0.7461427601425916
1.178999999999981,0.31024129996997946,2.1213366164843435,0.7322929850132508
1.1799999999999808,0.3140403413880478,2.124924594628289,0.7177161052033395
1.1809999999999807,0.3183645812706123,2.128982920477636,0.7024056937299977
1.1819999999999806,0.3232163482721417,2.1335079958303016,0.6863556293812859
1.1829999999999805,0.3285968640820064,2.1384953653284273,0.6695601164015575
1.1839999999999804,0.33450625915303456,2.143939700627353,0.6520137059213125
1.1849999999999803,0.3409435976440628,2.1498347867943104,0.6337113190193584
1.1859999999999802,0.3479069116136565,2.1561735109714726,0.6146482712923333
1.18699999999998,0.649149033196482,2.172512789094042,0.6058224803603274
1.18799999999998,0.6586911570456182,2.1781460811730984,0.5849953254871636
1.1889999999999799,0.6688092834151146,2.1841606803222646,0.5633877818436543
1.1899999999999797,0.33153831852945465,2.3673690124305553,0.0
1.1909999999999796,0.33205928904466037,2.3318018389378734,0.0
1.1919999999999795,0.30054438190730376,2.37883904773497,0.0
1.1929999999999794,0.19495733103958393,2.4845233535195477,0.0
1.1939999999999793,0.0686982172725211,2.4618202726882883,0.0
1.1949999999999792,-0.07609102680290494,2.3218083226968393,0.0
1.195999999999979,-0.2374284055196582,2.075018281353051,0.0
1.196999999999979,-0.4135598715522524,1.7308625255259757,0.0
1.1979999999999789,-0.6030143797086118,1.2971518634478905,0.0
1.1989999999999787,-0.8046494104805828,0.779682230065128,0.0
1.1999999999999786,-1.0176897378470344,0.1818752564553856,0.0
1.2009999999999785,-1.2417613433883798,-0.4955396163846917,0.0
1.2019999999999784,-1.476921402569558,-1.2548089622313316,0.0
1.2029999999999783,-1.6803559321998285,-2.0044098500376712,0.0
1.2039999999999782,0.0021172134744236763,-0.008812789267868713,10.28032850921136
1.204999999999978,0.8519132751048363,0.918808619663376,20.670044439923124
1.205999999999978,0.6676687066441617,0.6791797657326439,20.670067844546864
1.2069999999999779,0.48014223828136876,0.36487615538964313,20.670091020298486
1.2079999999999778,0.28995633797433423,-0.01911885806856084,20.67011456229773
1.2089999999999776,0.09734377446981055,-0.4707590950821956,20.67013897709909
1.2099999999999775,-0.09777466575473841,-0.9904115344652618,20.670164688267874
1.2109999999999774,-0.29571298586942807,-1.5803263759920518,20.670192041556447
1.2119999999999773,-0.40674549893853074,-1.9417923407889601,20.670221309753437
1.2129999999999772,-0.40030504694668223,-1.927144653514433,20.67025269729537
1.213999999999977,-0.3941991933674337,-1.9127595316478516,20.670286344683454
1.214999999999977,-0.3884435936512297,-1.8986749275456343,20.67032233275998
1.2159999999999769,-0.3830571602911881,-1.8849532922989642,20.670360686889254
1.2169999999999768,-0.3780612313950912,-1.8716766423134197,20.670401381074523
1.2179999999999767,-0.3734787769228969,-1.8589418406941343,20.67044434203589
1.2189999999999765,-0.36933364357069887,-1.8468560971246413,20.670489453272616
1.2199999999999764,-0.5642549147490079,-2.4622580061039736,20.670536559115646
1.2209999999999763,-0.5561797957424361,-2.436780267933478,20.670585468783464
1.2219999999999762,-0.5487120590069406,-2.4126867131052747,20.670635960441786
1.222999999999976,-0.5418607444713686,-2.390053653070196,20.67068778525575
1.223999999999976,-0.5356333107322913,-2.3689502015679325,20.670740671434608
1.2249999999999759,-0.5300353665163479,-2.3494357543765596,20.670794328254495
1.2259999999999758,-0.5250704280669924,-2.3315576610376145,20.670848450038932
1.2269999999999757,-0.5207397029864349,-2.3153490920357913,20.67090272007892
1.2279999999999756,-0.5170419011163366,-2.3008271061857664,20.67095681447862
1.2289999999999754,-0.5139730730984984,-2.287990924356345,20.67101040589502
1.2299999999999753,-0.5115264773147732,-2.276820417131614,20.671063167150564
1.2309999999999752,-0.5096924759560548,-2.267274815483187,20.67111477469734
1.2319999999999751,-0.5084584610091492,-2.2592916548948856,20.671164911908107
1.232999999999975,-0.5078088109703903,-2.252785964539923,20.67121327217138
1.233999999999975,-0.5077248790845655,-2.247649714004254,20.671259561765478
1.2349999999999748,-0.5081850138634841,-2.2437515305446594,20.67130350249898
1.2359999999999747,-0.5089212996850861,-2.236917255656051,20.669133459445455
1.2369999999999746,-0.30404672722625364,-2.894251511943904,20.6661764226506
1.2379999999999745,-0.3348946868850629,-3.9292377806080045,20.671418730818203
1.2389999999999743,-0.3314460919851937,-3.9116932516205476,20.67145088264985
1.2399999999999742,-0.3280133990927584,-3.894329900757281,20.671479601587798
1.2409999999999741,-0.3245964320733694,-3.8771467948695832,20.671504743071328
1.241999999999974,-0.3211950136164218,-3.8601430196924147,20.671526188895037
1.242999999999974,-0.3178089651460493,-3.8433176797209327,20.671543847613115
1.2439999999999738,-0.3144381067558559,-3.8266698980226472,20.67155765466925
1.2449999999999737,-0.3110822571682683,-3.810198815994018,20.67156757226334
1.2459999999999736,-0.3077412337167675,-3.793903593063491,20.671573588972766
1.2469999999999735,-0.30441485235150856,-3.7777834063421913,20.671575719145693
1.2479999999999734,-0.301102927668324,-3.76183745024144,20.67157400207357
1.2489999999999732,-0.2978052729584507,-3.746064936048974,20.671568500985362
1.2499999999999731,-0.29452170027943736,-3.7304650914765007,20.671559301861222
1.250999999999973,-0.29125202054584354,-3.7150371601820273,20.671546512098793
1.251999999999973,-0.2879960436378346,-3.699780401274265,20.67153025906213
1.2529999999999728,-0.2847535785263009,-3.684694088803787,20.671510688516975
1.2539999999999727,-0.2815244334137971,-3.669777511241696,20.671487962990167
1.2549999999999726,-0.2783084158877361,-3.655029970958773,20.67146226007129
1.2559999999999725,-0.27510533308695345,-3.6404507837042344,20.67143377067269
1.2569999999999724,-0.27191499187774204,-3.6260392780838315,20.671402697269357
1.2579999999999723,-0.268737199038384,-3.6117947950514413,20.67136925214389
1.2589999999999721,-0.2655717614513118,-3.597716687407793,20.671333655640908
1.259999999999972,-0.2624184862994719,-3.583804319314999,20.671296134455428
1.260999999999972,-0.25927718126861604,-3.5700570658257997,20.671256919973892
1.2619999999999718,-0.2561476547500867,-3.5564743124312175,20.671216246658222
1.2629999999999717,-0.25302971604567587,-3.5430554546274418,20.671174350508373
1.2639999999999716,-0.2499231755727705,-3.5297998975028757,20.671131467603026
1.2649999999999715,-0.24682784506670266,-3.5167070553492987,20.671087832712878
1.2659999999999714,-0.24374353778251512,-3.5037763512913083,20.67104367801337
1.2669999999999713,-0.2406700686919632,-3.491007216941525,20.670999231885684
1.2679999999999712,-0.23760725467667224,-3.478399092077768,20.670954717815157
1.268999999999971,-0.2345549147159669,-3.465951424339776,20.670910353387516
1.269999999999971,-0.23151287006926619,-3.453663668951509,20.670866349378613
1.2709999999999708,-0.22848094445130518,-3.4415352884633137,20.670822908946043
1.2719999999999707,-0.2254589641998421,-3.429565752513182,20.670780226911987
1.2729999999999706,-0.22244675843719625,-3.417754537610389,20.670738489141314
1.2739999999999705,-0.2194441592220001,-3.4061011269359835,20.670697872008247
1.2749999999999704,-0.21645100169242298,-3.3946050101621306,20.67065854194596
1.2759999999999703,-0.21346712420103048,-3.383265683288359,20.670620655080555
1.2769999999999702,-0.21049236844045338,-3.3720826484918023,20.670584356944314
1.27799999999997,-0.2075265795574573,-3.36105541399506,20.67054978225542
1.27899999999997,-0.2045696062589504,-3.350183493944959,20.670517054766492
1.2799999999999698,-0.201621300906985,-3.339466408304033,20.670486287182975
1.2809999999999697,-0.19868151960234215,-3.328903682756627,20.670457581129153
1.2819999999999696,-0.19575012225779828,-3.318494848621518,20.670431027168924
1.2829999999999695,-0.1928269726597848,-3.3082394427753696,20.670406704878012
1.2839999999999694,-0.18991193851917865,-3.298137007585977,20.670384682956865
1.2849999999999693,-0.18700489150918248,-3.2881870908522175,20.670365019380256
1.2859999999999692,-0.18410570729229758,-3.278389245752395,20.670347761580107
1.286999999999969,-0.18121426553361364,-3.268743030797178,20.670332946662278
1.287999999999969,-0.17833044990219288,-3.259248009789533,20.670320601645393
1.2889999999999688,-0.1754541480599432,-3.249903751790056,20.67031074372017
1.2899999999999687,-0.1725852516357349,-3.240709831085532,20.67030338053324
1.2909999999999686,-0.16972365618808294,-3.231665827165688,20.670298510479995
1.2919999999999685,-0.1668692611525432,-3.222771324699538,20.670296123012417
1.2929999999999684,-0.16402196977534514,-3.214025913516555,20.670296198960003
1.2939999999999683,-0.16118168903403152,-3.205429188594814,20.67029871085209
1.2949999999999682,-0.15834832954275613,-3.1969807500485867,20.670303623249296
1.295999999999968,-0.1555218054436723,-3.188680203120971,20.67031089307972
1.296999999999968,-0.1527020342836702,-3.1805271581790544,20.670320469973518
1.2979999999999678,-0.14988893687731425,-3.1725212307135435,20.67033229659838
1.2989999999999677,-0.14708243715430622,-3.1646620413410753,20.670346308998653
1.2999999999999676,-0.1442824619934458,-3.1569492158095778,20.67036243692667
1.3009999999999675,-0.1414889410435949,-3.149382385007466,20.670380604173705
1.3019999999999674,-0.1387018065285549,-3.1419611849772666,20.670400728900127
1.3029999999999673,-0.13592099304004437,-3.134685256931238,20.670422723958588
1.3039999999999672,-0.13314643731849415,-3.1275542472733893,20.670446497211856
1.304999999999967,-0.1303780780197766,-3.120567807624861,20.670471951851024
1.305999999999967,-0.12761585547169618,-3.113725594852039,20.670498986707077
1.3069999999999669,-0.12485971141911092,-3.107027271102969,20.670527496554918
1.3079999999999667,-0.12210958875878519,-3.1004725038460323,20.67055737241944
1.3089999999999666,-0.11936543126636412,-3.0940609659149017,20.670588501872523
1.3099999999999665,-0.1166271833140062,-3.0877923355596426,20.67062076932867
1.3109999999999664,-0.11389478958226562,-3.081666296501775,20.6706540563412
1.3119999999999663,-0.1111681947666415,-3.075682537998672,20.67068824188956
1.3129999999999662,-0.10844734327981814,-3.0698407549113202,20.670723202671592
1.313999999999966,-0.1057321789512779,-3.0641406477788804,20.670758813395782
1.314999999999966,-0.10302264472560263,-3.0585819229033526,20.67079494706512
1.3159999999999659,-0.10031868236314992,-3.0531642924379883,20.670831475276245
1.3169999999999658,-0.0976202321402598,-3.0478874744840367,20.670868268514784
1.3179999999999656,-0.0949272325554738,-3.042751193195912,20.67090519645132
1.3189999999999655,-0.09223962004128339,-3.0377551788930957,20.670942128255557
1.3199999999999654,-0.08955732868234206,-3.0328991681816047,20.670978932907587
1.3209999999999653,-0.08688028994357394,-3.028182904081834,20.671015479520168
1.3219999999999652,-0.08420843240959644,-3.023606136166641,20.671051637681963
1.322999999999965,-0.08154168153604316,-3.0191686207068953,20.671087277804272
1.323999999999965,-0.0788799594149816,-3.0148701208272217,20.671122271487512
1.3249999999999649,-0.07622318455753968,-3.0107104066700465,20.67115649191107
1.3259999999999648,-0.07357127169274463,-3.0066892555684426,20.671189814236385
1.3269999999999647,-0.07092413158594504,-3.002806452231167,20.671222116038223
1.3279999999999645,-0.06828167087579332,-2.9990617889353146,20.6712532777683
1.3289999999999644,-0.065643791934821,-2.995455065729915,20.671283183237502
1.3299999999999643,-0.06301039275151962,-2.9919860906504296,20.671311720140416
1.3309999999999642,-0.06038136683457537,-2.9886546799444926,20.671338780614946
1.331999999999964,-0.057756603142414764,-2.9854606583085372,20.671364261839287
1.332999999999964,-0.055135986038005624,-2.982403859136232,20.671388066679462
1.3339999999999639,-0.052519395267829505,-2.9794841247793253,20.671410104374313
1.3349999999999638,-0.049906705966069054,-2.9767013068221626,20.671430291281418
1.3359999999999637,-0.04729778868689974,-2.9740552663678166,20.67144855167551
1.3369999999999636,-0.04469250946032849,-2.9715458743397707,20.67146481860571
1.3379999999999634,-0.0420907298749712,-2.969173011797808,20.671479034812553
1.3389999999999633,-0.03949230718697927,-2.9669365702690933,20.67149115371646
1.3399999999999632,-0.036897094453707466,-2.964836452095721,20.671501140476714
1.340999999999963,-0.03430494069329312,-2.96287257079868,20.671508973120613
1.341999999999963,-0.031715691068798915,-2.9610448514603736,20.671514643745308
1.342999999999963,-0.029129187097430148,-2.95935323112465,20.6715181598053
1.3439999999999628,-0.026545266883993654,-2.957797659217656,20.671519545477928
1.3449999999999627,-0.023963765377367968,-2.956378097988427,20.671518843102852
1.3459999999999626,-0.021384514652755565,-2.9550945229699432,20.67151611471088
1.3469999999999624,-0.018807344216595065,-2.9539469234637394,20.671511443626766
1.3479999999999623,-0.016232081335084407,-2.9529353030471155,20.671504936149983
1.3489999999999622,-0.013658551388145548,-2.9520596801029586,20.671496723309286
1.3499999999999621,-0.011086578246997374,-2.951320088375449,20.671486962686785
1.350999999999962,-0.00851598467947394,-2.95071657755014,20.671475840294683
1.351999999999962,-0.005946592779656347,-2.9502492138590366,20.671463572507463
1.3529999999999618,-0.003378224428460516,-2.94991808071232,20.671450408030225
1.3539999999999617,-0.0008254795694149844,-2.9497218128917746,20.671430869442553
1.3549999999999616,0.0017257301521315452,-2.9496625076857663,20.671410908575666
1.3559999999999615,0.004321390228835459,-2.9497437082543456,20.671408398135657
1.3569999999999613,0.006945807533436273,-2.9499622013063727,20.67141679031456
1.3579999999999612,0.009568570393769453,-2.950315147323006,20.671424477691573
1.3589999999999611,0.012189816751912684,-2.950802741869868,20.671431787416182
1.359999999999961,0.014809682582847067,-2.951425166464597,20.671438996543337
1.360999999999961,0.017428302717753752,-2.952182590068773,20.6714463359531
1.3619999999999608,0.02004581160387703,-2.9530751705036336,20.671453994156202
1.3629999999999607,0.022662343998701373,-2.9541030557864794,20.67146212097082
1.3639999999999606,0.025278035597847963,-2.9552663853939265,20.67147083105281
1.3649999999999605,0.02789302359632813,-2.956565291456282,20.671480207262437
1.3659999999999604,0.03050744718400255,-2.9579998998820694,20.67149030386124
1.3669999999999602,0.03312144797419435,-2.9595703314180115,20.671501149534514
1.3679999999999601,0.03573517036707249,-2.961276702647445,20.671512750233163
1.36899999999996,0.03834876185131772,-2.963119126927789,20.671525091835647
1.36999999999996,0.04096237324274674,-2.965097715272854,20.671538142630038
1.3709999999999598,0.04357615886301038,-2.9672125771801228,20.671551855619825
1.3719999999999597,0.04619027666187056,-2.9694638214067237,20.671566170658778
1.3729999999999596,0.04880488828497566,-2.9718515566970196,20.671581016415438
1.3739999999999595,0.0514201590899247,-2.9743758924619343,20.671596312178536
1.3749999999999594,0.05403625811325399,-2.977036939416133,20.671611969511826
1.3759999999999593,0.056653357993525805,-2.9798348101723353,20.671627893756778
1.3769999999999591,0.05927163485212761,-2.9827696197956115,20.67164398540109
1.377999999999959,0.06189126813569405,-2.985841486320342,20.671660141316046
1.378999999999959,0.06451244042503797,-2.989050531230755,20.671676255872278
1.3799999999999588,0.06713533721367113,-2.992396879909461,20.671692221941
1.3809999999999587,0.06976014665816292,-2.9958806620516873,20.671707931790028
1.3819999999999586,0.07238705930767675,-2.9995020120496436,20.67172327788344
1.3829999999999585,0.07501626781313492,-3.0032610693499047,20.671738153589654
1.3839999999999584,0.077647966620978,-3.0071579787815557,20.671752453808693
1.3849999999999583,0.08028235165602593,-3.011192890859445,20.671766075526282
1.3859999999999582,0.0829196199952634,-3.0153659620626456,20.671778918296603
1.386999999999958,0.08555996953841255,-3.0196773550911624,20.671790884667004
1.387999999999958,0.08820359867546292,-3.0241272391000127,20.67180188054633
1.3889999999999578,0.09085070595715955,-3.028715789912018,20.67181181552343
1.3899999999999577,0.09350148976958919,-3.0334431902138137,20.67182060314469
1.3909999999999576,0.09615614801623712,-3.0383096297313767,20.671828161151378
1.3919999999999575,0.09881487781098126,-3.0433153053885436,20.671834411683875
1.3929999999999574,0.10147787518174839,-3.0484604214513213,20.671839281456425
1.3939999999999573,0.10414533478950372,-3.053745189655842,20.671842701909092
1.3949999999999572,0.10681744966335167,-3.0591698293219816,20.671844609336162
1.395999999999957,0.1094944109529567,-3.064734567454643,20.671844944995335
1.396999999999957,0.11217640770013287,-3.0704396388327275,20.67184365520557
1.3979999999999568,0.11486362663146539,-3.0762852860853487,20.671840691433758
1.3989999999999567,0.1175562519700214,-3.082271759759452,20.671836010366864
1.3999999999999566,0.12025446526995033,-3.088399318377217,20.671829573979597
1.4009999999999565,0.12295844527310773,-3.0946682284827727,20.671821349598307
1.4019999999999564,0.12566836778718435,-3.10107876468343,20.671811309959
1.4029999999999563,0.12838440558588549,-3.1076312096808962,20.671799433263704
1.4039999999999562,0.13110672833171222,-3.1143258542969594,20.671785703235027
1.404999999999956,0.13383550251916343,-3.1211629974932436,20.671770109172996
1.405999999999956,0.13657089143878345,-3.128142946384382,20.671752646009885
1.4069999999999558,0.13931305516227244,-3.1352660162469874,20.671733314367962
1.4079999999999557,0.14206215054557955,-3.14253253052423,20.671712120616068
1.4089999999999556,0.14481833125111987,-3.1499428208248546,20.671689076932296
1.4099999999999555,0.14758174778594046,-3.157497226920821,20.671664201364706
1.4109999999999554,0.1503525475574129,-3.165196096742376,20.671637517896112
1.4119999999999553,0.15313087494226357,-3.1730397863669504,20.671609056507656
1.4129999999999552,0.15591687136893995,-3.1810286600085687,20.67157885324314
1.413999999999955,0.1587106754134864,-3.1891630900052714,20.671546950275697
1.414999999999955,0.16151242290477663,-3.1974434568035717,20.671513395970504
1.4159999999999549,0.1643222470392525,-3.2058701489415764,20.671478244946826
1.4169999999999547,0.16714027850458446,-3.2144435630308186,20.671441558135776
1.4179999999999546,0.1699666456091819,-3.2231641037360563,20.67140340283577
1.4189999999999545,0.17280147441709448,-3.2320321837554897,20.67136385275687
1.4199999999999544,0.17564488888724422,-3.2410482237977822,20.671322988064347
1.4209999999999543,0.1784970110172836,-3.2502126525573596,20.671280895403505
1.4219999999999542,0.18135796098622176,-3.2595259066893254,20.671237667917254
1.422999999999954,0.18422785729927743,-3.2689884307821195,20.671193405252804
1.423999999999954,0.18710681693439393,-3.278600677327857,20.671148213545056
1.4249999999999539,0.18999495548422893,-3.2883631066897525,20.67110220538363
1.4259999999999537,0.19289238729845207,-3.2982761870674984,20.67105549975735
1.4269999999999536,0.19579922562292773,-3.3083403944585603,20.67100822197779
1.4279999999999535,0.1987155827353464,-3.3185562126165618,20.670960503567446
1.4289999999999534,0.20164157007676012,-3.3289241330041888,20.670912482120904
1.4299999999999533,0.20457729837857158,-3.339444654741558,20.670864301134333
1.4309999999999532,0.20752287778636114,-3.3501182845491853,20.67081610979404
1.431999999999953,0.21047841797555764,-3.3609455366839125,20.670768062724065
1.432999999999953,0.21344402826487008,-3.3719269328681634,20.670720319687316
1.4339999999999529,0.21641981772236699,-3.383063002211016,20.670673045245238
1.4349999999999528,0.2194058952661278,-3.394354281121113,20.670626408360185
1.4359999999999526,0.2224023697609414,-3.4058013132086087,20.670580581946577
1.4369999999999525,0.22540935010696717,-3.4174046491778363,20.670535742362716
1.4379999999999524,0.22842694532551575,-3.4291648467093587,20.670492068840666
1.4389999999999523,0.23145526463818805,-3.4410824703283405,20.670449742857254
1.4399999999999522,0.23449441754176317,-3.453158091261733,20.670408947437146
1.440999999999952,0.2375445138778793,-3.4653922872821568,20.670369866388473
1.441999999999952,0.24060566389927027,-3.4777856425359674,20.670332683470455
1.4429999999999519,0.24367797833154017,-3.4903387473591194,20.67029758149539
1.4439999999999518,0.2467615684308584,-3.5030521980774574,20.67026474135577
1.4449999999999517,0.2498565460393246,-3.5159265967913056,20.670234340988042
1.4459999999999515,0.2529630236367986,-3.5289625511466105,20.670206554271722
1.4469999999999514,0.2560811143899805,-3.542160674089883,20.67018154986185
1.4479999999999513,0.2592109322003304,-3.555521583608704,20.67015948996766
1.4489999999999512,0.2623525917490521,-3.5690459024595524,20.670140529071748
1.449999999999951,0.2655062085400048,-3.582734257882649,20.670124812608254
1.450999999999951,0.268671898943036,-3.596587281303113,20.67011247560368
1.4519999999999509,0.27184978023443956,-3.6106056080243123,20.670103641282537
1.4529999999999508,0.2750399706365546,-3.6247898769126126,20.670098419659755
1.4539999999999507,0.2782425893570566,-3.639140730074887,20.67009690612785
1.4549999999999506,0.2814577566263472,-3.6536588125349985,20.670099180050855
1.4559999999999504,0.28468559373438307,-3.6683447719065834,20.67010530338204
1.4569999999999503,0.2879262230661859,-3.683199258071424,20.670115319323465
1.4579999999999502,0.2911797681359448,-3.6982229228645624,20.670129251044784
1.4589999999999501,0.2944463536198802,-3.713416419768209,20.670147100476797
1.45999999999995,0.2977261053864192,-3.728780403623376,20.670168847201822
1.46099999999995,0.30101915052522155,-3.744315530358656,20.67019444746509
1.4619999999999498,0.30432561737363517,-3.7600224567448954,20.670223833322893
1.4629999999999497,0.3076456355393301,-3.7759018401825113,20.670256911946943
1.4639999999999496,0.3109793359207842,-3.791954338518466,20.670293565110903
1.4649999999999495,0.3143268507246154,-3.8081806099081765,20.670333648874546
1.4659999999999493,0.31768831347830795,-3.824581312723203,20.670376993487345
1.4669999999999492,0.32106385903912027,-3.841157105506536,20.67042340352335
1.4679999999999491,0.3244536235995837,-3.857908646988628,20.67047265826816
1.468999999999949,0.32785774468851997,-3.874836596161753,20.67052451237063
1.469999999999949,0.3312763611679625,-3.8919416124202817,20.67057869676025
1.4709999999999488,0.33470961322581505,-3.9092243557733433,20.670634919851064
1.4719999999999487,0.29338778175499014,-2.9220787622607474,20.643780478448555
1.4729999999999486,-0.014310912749731147,-2.2713790259869895,20.64777048769418
1.4739999999999485,-0.011107233054543267,-2.2904784668294673,20.657684746669283
1.4749999999999484,-0.008400689455351655,-2.3093778660765905,20.668275647618724
1.4759999999999482,-0.006935619336175286,-2.316585780637936,20.670935044827466
1.4769999999999481,-0.006216995931026245,-2.321818022787212,20.670996338151237
1.477999999999948,-0.006022910847669545,-2.32894897125109,20.67105715815125
1.478999999999948,-0.006358878910596576,-2.338022573072036,20.67111710933235
1.4799999999999478,-0.0072297822435530915,-2.3490629596074055,20.671175796404246
1.4809999999999477,-0.008639834910143251,-2.3620754627172147,20.671232827844157
1.4819999999999476,-0.010592549287792047,-2.3770478113257996,20.671287819575287
1.4829999999999475,-0.013090704879354764,-2.39395149916011,20.671340398721323
1.4839999999999474,-0.016136320168341572,-2.4127433165924383,20.67139020741142
1.4849999999999473,-0.019730628019377666,-2.4333670416876023,20.67143690659578
1.4859999999999471,-0.023874055010488948,-2.4557552877102005,20.671480179836557
1.486999999999947,-0.028566204975183827,-2.4798315063841656,20.671519737050083
1.487999999999947,-0.03380584692313939,-2.5055121480395712,20.671555318160515
1.4889999999999468,0.04476222028896848,-1.9038570362999248,20.67158669664215
1.4899999999999467,0.04086118825525495,-1.9170674536515426,20.671613682925667
1.4909999999999466,0.03647606487314144,-1.931200337948699,20.671636127647538
1.4919999999999465,0.03162024466331975,-1.9461295911726797,20.67165392472686
1.4929999999999464,0.026307672386275884,-1.961737000395039,20.671667014261274
1.4939999999999463,0.020552638925284604,-1.9779162949858549,20.671675385234792
1.4949999999999461,0.014369562075518354,-1.9945774373712195,20.67167907803924
1.495999999999946,0.007772752365160982,-2.0116511520958147,20.671678186822767
1.496999999999946,0.0007761640565629967,-2.0290936966839928,20.671672861670164
1.4979999999999458,-0.0066068685040514274,-2.046891876199743,20.67166331064084
1.4989999999999457,0.03757620194924832,-1.8671537231960973,20.671649801695633
1.4999999999999456,0.1558753512317084,-1.4722503015554067,20.67163266454134
1.5009999999999455,0.2793135106153223,-1.1504811812024858,20.67161229243704
1.5019999999999454,0.4079542232449382,-0.9005923360917141,20.671589144007058
1.5029999999999453,0.541835261029899,-0.7237617099467117,20.67156374512354
1.5039999999999452,0.6587816117516149,-0.6842184445499608,20.671506760731045
1.504999999999945,-0.0035560501674595114,0.008269323093191745,10.21706470424592
1.505999999999945,-1.842116648268768,-0.4936689880891887,0.0
1.5069999999999448,-1.6873060684661032,0.2763624164062364,0.0
1.5079999999999447,-1.5334841559673285,0.9557765944825718,0.0
1.5089999999999446,-1.3807905877658404,1.5511719893775693,0.0
1.5099999999999445,-1.2294445834548684,2.065670927830478,0.0
1.5109999999999444,-1.0797485726314489,2.4992184221369866,0.0
1.5119999999999443,-0.9320914389555618,2.848917649107382,0.0
1.5129999999999442,-0.7869516399488425,3.1094051674966345,0.0
1.513999999999944,-0.6449001324007076,3.273273693064063,0.0
1.514999999999944,-0.5066026287855124,3.3315539895607147,0.0
1.5159999999999438,-0.37282027916017096,3.2742696005987653,0.0
1.5169999999999437,-0.24440744152919558,3.0910778818380784,0.0
1.5179999999999436,-0.12230481835227629,2.7720069892873567,0.0
1.5189999999999435,-0.05070331863689035,2.5194406625485675,0.0
1.5199999999999434,0.2918880294706679,2.28482293021312,0.5269872069144386
1.5209999999999433,0.2889836361560496,2.277354941322419,0.5493764139053186
1.5219999999999432,-0.0007546024427979433,2.2189679154903015,0.560887152168648
1.522999999999943,-0.00147541817770092,2.2118393715963593,0.5813700871512453
1.523999999999943,-0.0018455985964833917,2.2051603825864126,0.6010215768851471
1.5249999999999428,-0.001864314937131047,2.1989375658067907,0.6198411659553982
1.5259999999999427,-0.001531469839120692,2.193176613074927,0.6378290867910958
1.5269999999999426,-0.0008477251169342484,2.1878823028895775,0.6549862541078877
1.5279999999999425,0.00018547760727575992,2.1830585151566333,0.6713142587314471
1.5289999999999424,0.0015659033941021524,2.178708248412318,0.6868153609024688
1.5299999999999423,0.0032905175246592394,2.1748336395018426,0.7014924831256896
1.5309999999999422,0.005355485950961194,2.1714359856406045,0.7153492026084801
1.531999999999942,0.007756182459787915,2.1685157687462535,0.72838974335714
1.532999999999942,0.010487202295306246,2.1660726819131493,0.7406189679301592
1.5339999999999419,0.01354238192601718,2.1641056578604614,0.7520423688902369
1.5349999999999417,0.016914824585422872,2.1626128991679616,0.7626660599523534
1.5359999999999416,0.02059693117140304,2.1615919100815955,0.7724967668471417
1.5369999999999415,0.02458043604071888,2.1610395296608256,0.7815418178789444
1.5379999999999414,0.260823899472994,1.7636191047483574,0.7939823742393362
1.5389999999999413,0.6047450324023225,0.8912183853736357,0.773640313384079
1.5399999999999412,0.0,0.0,0.0
1.540999999999941,0.0,0.0,0.0
1.541999999999941,0.0,0.0,0.0
1.5429999999999409,0.0,0.0,0.0
1.5439999999999408,0.0,0.0,0.0
1.5449999999999406,0.0,0.0,0.0
1.5459999999999405,0.0,0.0,0.0
1.5469999999999404,0.0,0.0,0.0
1.5479999999999403,0.0,0.0,0.0
1.5489999999999402,0.0,0.0,0.0
1.54999999999994,0.0,0.0,0.0
1.55099999999994,0.0,0.0,0.0
1.5519999999999399,0.0,0.0,0.0
1.5529999999999398,0.0,0.0,0.0
1.5539999999999397,0.0,0.0,0.0
1.5549999999999395,0.0,0.0,0.0
1.5559999999999394,0.0,0.0,0.0
1.5569999999999393,0.0,0.0,0.0
1.5579999999999392,0.0,0.0,0.0
1.558999999999939,0.0,0.0,0.0
1.559999999999939,0.0,0.0,0.0
1.5609999999999389,0.0,0.0,0.0
1.5619999999999388,0.0,0.0,0.0
1.5629999999999387,0.0,0.0,0.0
1.5639999999999386,0.0,0.0,0.0
1.5649999999999384,0.0,0.0,0.0
1.5659999999999383,0.0,0.0,0.0
1.5669999999999382,0.0,0.0,0.0
1.567999999999938,0.0,0.0,0.0
1.568999999999938,0.0,0.0,0.0
1.569999999999938,0.0,0.0,0.0
1.5709999999999378,0.0,0.0,0.0
1.5719999999999377,0.0,0.0,0.0
1.5729999999999376,0.0,0.0,0.0
1.5739999999999374,0.0,0.0,0.0
1.5749999999999373,0.0,0.0,0.0
1.5759999999999372,0.0,0.0,0.0
1.5769999999999371,0.0,0.0,0.0
1.577999999999937,0.0,0.0,0.0
1.578999999999937,0.0,0.0,0.0
1.5799999999999368,0.0,0.0,0.0
1.5809999999999367,0.0,0.0,0.0
1.5819999999999366,0.0,0.0,0.0
1.5829999999999365,0.0,0.0,0.0
1.5839999999999363,0.0,0.0,0.0
1.5849999999999362,0.0,0.0,0.0
1.5859999999999361,0.0,0.0,0.0
1.586999999999936,0.0,0.0,0.0
1.587999999999936,0.0,0.0,0.0
1.5889999999999358,0.0,0.0,0.0
1.5899999999999357,0.0,0.0,0.0
1.5909999999999356,0.0,0.0,0.0
1.5919999999999355,0.0,0.0,0.0
1.5929999999999354,0.0,0.0,0.0
1.5939999999999352,0.0,0.0,0.0
1.5949999999999351,0.0,0.0,0.0
1.595999999999935,0.0,0.0,0.0
1.596999999999935,0.0,0.0,0.0
1.5979999999999348,0.0,0.0,0.0
1.5989999999999347,0.0,0.0,0.0
1.5999999999999346,0.0,0.0,0.0
1.6009999999999345,0.0,0.0,0.0
1.6019999999999344,0.0,0.0,0.0
1.6029999999999343,0.0,0.0,0.0
1.6039999999999341,0.0,0.0,0.0
1.604999999999934,0.0,0.0,0.0
1.605999999999934,0.0,0.0,0.0
1.6069999999999338,0.0,0.0,0.0
1.6079999999999337,0.0,0.0,0.0
1.6089999999999336,0.0,0.0,0.0
1.6099999999999335,0.0,0.0,0.0
1.6109999999999334,0.0,0.0,0.0
1.6119999999999333,0.0,0.0,0.0
1.6129999999999332,0.0,0.0,0.0
1.613999999999933,0.0,0.0,0.0
1.614999999999933,0.0,0.0,0.0
1.6159999999999328,0.0,0.0,0.0
1.6169999999999327,0.0,0.0,0.0
1.6179999999999326,0.0,0.0,0.0
1.6189999999999325,0.0,0.0,0.0
1.6199999999999324,0.0,0.0,0.0
1.6209999999999323,0.0,0.0,0.0
1.6219999999999322,0.0,0.0,0.0
1.622999999999932,0.0,0.0,0.0
1.623999999999932,0.0,0.0,0.0
1.6249999999999318,0.0,0.0,0.0
1.6259999999999317,0.0,0.0,0.0
1.6269999999999316,0.0,0.0,0.0
1.6279999999999315,0.0,0.0,0.0
1.6289999999999314,0.0,0.0,0.0
1.6299999999999313,0.0,0.0,0.0
1.6309999999999312,0.0,0.0,0.0
1.631999999999931,0.0,0.0,0.0
1.632999999999931,0.0,0.0,0.0
1.6339999999999308,0.0,0.0,0.0
1.6349999999999307,0.0,0.0,0.0
1.6359999999999306,0.0,0.0,0.0
1.6369999999999305,0.0,0.0,0.0
1.6379999999999304,0.0,0.0,0.0
1.6389999999999303,0.0,0.0,0.0
1.6399999999999302,0.0,0.0,0.0
1.64099999999993,0.0,0.0,0.0
1.64199999999993,0.0,0.0,0.0
1.6429999999999298,0.0,0.0,0.0
1.6439999999999297,0.0,0.0,0.0
1.6449999999999296,0.0,0.0,0.0
1.6459999999999295,0.0,0.0,0.0
1.6469999999999294,0.0,0.0,0.0
1.6479999999999293,0.0,0.0,0.0
1.6489999999999292,0.0,0.0,0.0
1.649999999999929,0.0,0.0,0.0
1.650999999999929,0.0,0.0,0.0
1.6519999999999289,0.0,0.0,0.0
1.6529999999999287,0.0,0.0,0.0
1.6539999999999286,0.0,0.0,0.0
1.6549999999999285,0.0,0.0,0.0
1.6559999999999284,0.0,0.0,0.0
1.6569999999999283,0.0,0.0,0.0
1.6579999999999282,0.0,0.0,0.0
1.658999999999928,0.0,0.0,0.0
1.659999999999928,0.0,0.0,0.0
1.6609999999999279,0.0,0.0,0.0
1.6619999999999278,0.0,0.0,0.0
1.6629999999999276,0.0,0.0,0.0
1.6639999999999275,0.0,0.0,0.0
1.6649999999999274,0.0,0.0,0.0
1.6659999999999273,0.0,0.0,0.0
1.6669999999999272,0.0,0.0,0.0
1.667999999999927,0.0,0.0,0.0
1.668999999999927,0.0,0.0,0.0
1.6699999999999269,0.0,0.0,0.0
1.6709999999999268,0.0,0.0,0.0
1.6719999999999267,0.0,0.0,0.0
1.6729999999999265,0.0,0.0,0.0
1.6739999999999264,0.0,0.0,0.0
1.6749999999999263,0.0,0.0,0.0
1.6759999999999262,0.0,0.0,0.0
1.676999999999926,0.0,0.0,0.0
1.677999999999926,0.0,0.0,0.0
1.6789999999999259,0.0,0.0,0.0
1.6799999999999258,0.0,0.0,0.0
1.6809999999999257,0.0,0.0,0.0
1.6819999999999256,0.0,0.0,0.0
1.6829999999999254,0.0,0.0,0.0
1.6839999999999253,0.0,0.0,0.0
1.6849999999999252,0.0,0.0,0.0
1.6859999999999251,0.0,0.0,0.0
1.686999999999925,0.0,0.0,0.0
1.687999999999925,0.0,0.0,0.0
1.6889999999999248,0.0,0.0,0.0
1.6899999999999247,0.0,0.0,0.0
1.6909999999999246,0.0,0.0,0.0
1.6919999999999245,0.0,0.0,0.0
1.6929999999999243,0.0,0.0,0.0
1.6939999999999242,0.0,0.0,0.0
1.6949999999999241,0.0,0.0,0.0
1.695999999999924,0.0,0.0,0.0
1.696999999999924,0.0,0.0,0.0
1.6979999999999238,0.0,0.0,0.0
1.6989999999999237,0.0,0.0,0.0
1.6999999999999236,0.0,0.0,0.0
1.7009999999999235,0.0,0.0,0.0
1.7019999999999234,0.0,0.0,0.0
1.7029999999999232,0.0,0.0,0.0
1.7039999999999231,0.0,0.0,0.0
1.704999999999923,0.0,0.0,0.0
1.705999999999923,0.0,0.0,0.0
1.7069999999999228,0.0,0.0,0.0
1.7079999999999227,0.0,0.0,0.0
1.7089999999999226,0.0,0.0,0.0
1.7099999999999225,0.0,0.0,0.0
1.7109999999999224,0.0,0.0,0.0
1.7119999999999223,0.0,0.0,0.0
1.7129999999999221,0.0,0.0,0.0
1.713999999999922,0.0,0.0,0.0
1.714999999999922,0.0,0.0,0.0
1.7159999999999218,0.0,0.0,0.0
1.7169999999999217,0.0,0.0,0.0
1.7179999999999216,0.0,0.0,0.0
1.7189999999999215,0.0,0.0,0.0
1.7199999999999214,0.0,0.0,0.0
1.7209999999999213,0.0,0.0,0.0
1.7219999999999211,0.0,0.0,0.0
1.722999999999921,0.0,0.0,0.0
1.723999999999921,0.0,0.0,0.0
1.7249999999999208,0.0,0.0,0.0
1.7259999999999207,0.0,0.0,0.0
1.7269999999999206,0.0,0.0,0.0
1.7279999999999205,0.0,0.0,0.0
1.7289999999999204,0.0,0.0,0.0
1.7299999999999203,0.0,0.0,0.0
1.7309999999999202,0.0,0.0,0.0
1.73199999999992,0.0,0.0,0.0
1.73299999999992,0.0,0.0,0.0
1.7339999999999198,0.0,0.0,0.0
1.7349999999999197,0.0,0.0,0.0
1.7359999999999196,0.0,0.0,0.0
1.7369999999999195,0.0,0.0,0.0
1.7379999999999194,0.0,0.0,0.0
1.7389999999999193,0.0,0.0,0.0
1.7399999999999192,0.0,0.0,0.0
1.740999999999919,0.0,0.0,0.0
1.741999999999919,0.0,0.0,0.0
1.7429999999999188,0.0,0.0,0.0
1.7439999999999187,0.0,0.0,0.0
1.7449999999999186,0.0,0.0,0.0
1.7459999999999185,0.0,0.0,0.0
1.7469999999999184,0.0,0.0,0.0
1.7479999999999183,0.0,0.0,0.0
1.7489999999999182,0.0,0.0,0.0
1.749999999999918,0.0,0.0,0.0
1.750999999999918,0.0,0.0,0.0
1.7519999999999178,0.0,0.0,0.0
1.7529999999999177,0.0,0.0,0.0
1.7539999999999176,0.0,0.0,0.0
1.7549999999999175,0.0,0.0,0.0
1.7559999999999174,0.0,0.0,0.0
1.7569999999999173,0.0,0.0,0.0
1.7579999999999172,0.0,0.0,0.0
1.758999999999917,0.0,0.0,0.0
1.759999999999917,0.0,0.0,0.0
1.7609999999999169,0.0,0.0,0.0
1.7619999999999167,0.0,0.0,0.0
1.7629999999999166,0.0,0.0,0.0
1.7639999999999165,0.0,0.0,0.0
1.7649999999999164,0.0,0.0,0.0
1.7659999999999163,0.0,0.0,0.0
1.7669999999999162,0.0,0.0,0.0
1.767999999999916,0.0,0.0,0.0
1.768999999999916,0.0,0.0,0.0
1.7699999999999159,0.0,0.0,0.0
1.7709999999999158,0.0,0.0,0.0
1.7719999999999156,0.648224668637151,0.8164494642177815,0.8079126424591694
1.7729999999999155,0.46153524841020466,1.6922903551449715,0.8287627539249414
1.7739999999999154,0.29785645281289524,2.1095372640399135,0.8143482418617172
1.7749999999999153,0.29813727186513267,2.1097997306762615,0.8047113159789427
1.7759999999999152,0.29889651712578774,2.11053548927216,0.7943914242435256
1.776999999999915,0.3001439777041598,2.111746331046839,0.7833806137840194
1.777999999999915,0.3018884635833912,2.1134333547522246,0.7716711586370175
1.7789999999999149,0.3041377646122814,2.1155969384155275,0.75925556823184
1.7799999999999148,0.3068986162419791,2.1182367123561154,0.7461265976877876
1.7809999999999147,0.3101766725769198,2.1213515336778097,0.7322772599798117
1.7819999999999145,0.31397648724336613,2.12493946242066,0.7177008400009213
1.7829999999999144,0.3183015025124867,2.128997739529961,0.7023909105413323
1.7839999999999143,0.3231540470394492,2.1335227667889995,0.6863413501356033
1.7849999999999142,0.32853534249779925,2.1385100888255257,0.6695463627384608
1.785999999999914,0.33444551931035027,2.1439543772799867,0.6520004991678562
1.786999999999914,0.34088364159322737,2.1498494172052585,0.6336986801657631
1.7879999999999139,0.34784774135244034,2.1561880957312605,0.614636220966217
1.7889999999999138,0.6490943013085659,2.1725130995187416,0.6058111919423954
1.7899999999999137,0.6586372089865806,2.1781464051709585,0.5849846801914271
1.7909999999999136,0.6687561213248805,2.184161016130661,0.5633777991593014
1.7919999999999134,0.3315786734151055,2.3673896084506394,0.0
1.7929999999999133,0.3321050552457172,2.331823587559935,0.0
1.7939999999999132,0.300621544592804,2.3789437626719123,0.0
1.794999999999913,0.19518293846641682,2.4846677087635634,0.0
1.795999999999913,0.06907724627196671,2.462012183957328,0.0
1.796999999999913,-0.07555413193338072,2.3220547642104163,0.0
1.7979999999999128,-0.23672964040956593,2.075325383943656,0.0
1.7989999999999127,-0.4126955976651844,1.7312356782502993,0.0
1.7999999999999126,-0.6019812697879756,1.297595812102621,0.0
1.8009999999999124,-0.8034444134461416,0.7802011685642922,0.0
1.8019999999999123,-1.01631006242292,0.18247290876029254,0.0
1.8029999999999122,-1.2402044594889892,-0.49485992504767573,0.0
1.8039999999999121,-1.475185059845705,-1.2540442458289665,0.0
1.804999999999912,-1.678486277035303,-2.0035857073279253,0.0
1.805999999999912,0.0019795542432193523,-0.00881273642546769,10.280337193520133
1.8069999999999118,0.8506011482697198,0.9184816328764054,20.670044397601938
1.8079999999999117,0.666546795770239,0.6789558208796747,20.670067807566962
1.8089999999999116,0.4792043900862511,0.3647529668370666,20.67009098831635
1.8099999999999115,0.28919632502307513,-0.019143606925019263,20.67011453497874
1.8109999999999113,0.09675526632972656,-0.47068775735077484,20.670138954119192
1.8119999999999112,-0.0981981402293086,-0.9902465327847512,20.67016466931203
1.8129999999999111,-0.2959780834290163,-1.5800702589728037,20.670192026316894
1.813999999999911,-0.40701340201667036,-1.9417859202423366,20.670221297934045
1.814999999999911,-0.4005687051883704,-1.9271365099567286,20.67025268860924
1.8159999999999108,-0.394458684835531,-1.912749646538523,20.670286338852506
1.8169999999999107,-0.3886989961210323,-1.898663279752041,20.670322329515304
1.8179999999999106,-0.3833085513561754,-1.884939858719339,20.670360685971183
1.8189999999999105,-0.37830868857991246,-1.8716613985775665,20.670401382232807
1.8199999999999104,-0.373722377801065,-1.8589247619282043,20.670444345030496
1.8209999999999102,-0.36957346588767304,-1.8468371587652603,20.670489457872616
1.8219999999999101,-0.5645005756612334,-2.4622530471105755,20.670536565098757
1.82299999999991,-0.5564220647574198,-2.4367737699907845,20.670585475938246
1.82399999999991,-0.5489510064129945,-2.4126786412154764,20.67063596856604
1.8249999999999098,-0.5420964411828749,-2.3900439761167704,20.670687794155807
1.8259999999999097,-0.5358658283139301,-2.3689388929166486,20.670740680928336
1.8269999999999096,-0.5302647772061237,-2.349422792453922,20.670794338168513
1.8279999999999095,-0.5252968047943419,-2.3315430298798057,20.67084846020837
1.8289999999999094,-0.5209631193842181,-2.315332781814305,20.670902730351195
1.8299999999999093,-0.517262431526489,-2.300809113688062,20.670956824709343
1.8309999999999091,-0.5141907925699669,-2.287971253420882,20.671010415948984
1.831999999999909,-0.511741461592525,-2.276799079039837,20.671063176903438
1.832999999999909,-0.5099048014601051,-2.2672518292949437,20.671114784034447
1.8339999999999088,-0.5086682048022774,-2.259267047720926,20.671164920724074
1.8349999999999087,-0.5080160507134643,-2.2527597717562853,20.67121328036861
1.8359999999999086,-0.5079296929795374,-2.2476219794097325,20.671259569257412
1.8369999999999085,-0.5083874805814972,-2.2437223064278644,20.671303509208876
1.8379999999999084,-0.5091231259392275,-2.2369105759847945,20.669146621570313
1.8389999999999083,-0.30425519861096584,-2.8942334092120223,20.66618917288953
1.8399999999999082,-0.3351231745830253,-3.929236852820382,20.67141873480221
1.840999999999908,-0.33167304217493343,-3.9116923290572085,20.67145088562853
1.841999999999908,-0.3282388221059731,-3.8943289833902037,20.67147960352616
1.8429999999999078,-0.32482033815936373,-3.877145882673757,20.671504743942663
1.8439999999999077,-0.3214174129435726,-3.860142112644481,20.67152618867979
1.8449999999999076,-0.31802986780343595,-3.8433167777999584,20.6715438462996
1.8459999999999075,-0.3146575227551544,-3.8266690012103943,20.671557652252833
1.8469999999999074,-0.3113001964448917,-3.810197924274118,20.671567568744507
1.8479999999999073,-0.30795770613200557,-3.79390270642008,20.671573584360612
1.8489999999999072,-0.3046298676938779,-3.777782524761726,20.67157571345303
1.849999999999907,-0.3013164956548496,-3.7618365737117507,20.671573995319697
1.850999999999907,-0.2980174032364807,-3.746064064559276,20.671568493194833
1.8519999999999068,-0.2947324024279956,-3.730464225016458,20.671559293061655
1.8529999999999067,-0.291461304076697,-3.715036298742537,20.671546502324595
1.8539999999999066,-0.28820391799673506,-3.6997795448471993,20.671530248350795
1.8549999999999065,-0.2849600530950759,-3.6846932373803343,20.671510676907793
1.8559999999999064,-0.28172951751058717,-3.6697766648147643,20.67148795052791
1.8569999999999063,-0.2785121187680886,-3.6550291295214925,20.671462246802562
1.8579999999999062,-0.2753076639457866,-3.6404499472492002,20.671433756645733
1.858999999999906,-0.2721159598494924,-3.6260384466046047,20.671402682536367
1.859999999999906,-0.26893681319811463,-3.6117939685407614,20.671369236757272
1.8609999999999058,-0.2657700308155718,-3.5977158658583557,20.671333639653312
1.8619999999999057,-0.26261541982764086,-3.5838035027200936,20.67129611792307
1.8629999999999056,-0.25947278786315875,-3.5700562541776906,20.671256902952756
1.8639999999999055,-0.25634194325706,-3.55647350572173,20.671216229203658
1.8649999999999054,-0.2532226952559861,-3.5430546528485016,20.671174332677115
1.8659999999999053,-0.2501148542225266,-3.529799100645876,20.67113144945109
1.8669999999999052,-0.24701823183776422,-3.516706263404733,20.671087814296275
1.867999999999905,-0.24393264130286899,-3.503775564249752,20.67104365938697
1.868999999999905,-0.24085789753654202,-3.4910064347925385,20.6709992131046
1.8699999999999048,-0.2377938173675565,-3.4783983148098443,20.67095469893258
1.8709999999999047,-0.23474021972311843,-3.4659506519418173,20.67091033445552
1.8719999999999046,-0.23169692581051596,-3.4536629014112696,20.67086633044822
1.8729999999999045,-0.22866375929286914,-3.4415345257674677,20.670822890066137
1.8739999999999044,-0.22564054645670056,-3.4295649946481817,20.670780208131028
1.8749999999999043,-0.22262711637345228,-3.417753784561577,20.67073847050634
1.8759999999999042,-0.2196233010510938,-3.4061003786887936,20.670697853564043
1.876999999999904,-0.2166289355768244,-3.3946042667006724,20.67065852373401
1.877999999999904,-0.21364385825352944,-3.3832649445956005,20.67062063714257
1.8789999999999039,-0.21066791072348973,-3.3720819145515053,20.67058433931959
1.8799999999999037,-0.20770093808367843,-3.361054684789195,20.670549764979214
1.8809999999999036,-0.20474278899161102,-3.3501827694546518,20.67051703787552
1.8819999999999035,-0.20179331575931075,-3.33946568851077,20.670486270709873
1.8829999999999034,-0.19885237443828754,-3.328902967641077,20.67045756510419
1.8839999999999033,-0.19591982489223375,-3.318494138162782,20.670431011621538
1.8849999999999032,-0.19299553085845195,-3.3082387369524966,20.670406689834742
1.885999999999903,-0.19007935999858588,-3.2981363063780975,20.67038466844293
1.886999999999903,-0.1871711839371476,-3.2881863942372034,20.67036500541785
1.8879999999999029,-0.1842708782873016,-3.2783885537079973,20.670347748190885
1.8889999999999028,-0.18137832266542497,-3.2687423433003557,20.670332933865268
1.8899999999999026,-0.17849340069217964,-3.259247326816931,20.6703205894577
1.8909999999999025,-0.17561599998044794,-3.2499030733178853,20.670310732158107
1.8919999999999024,-0.1727460121107019,-3.240709157090103,20.670303369609613
1.8929999999999023,-0.1698833325925102,-3.2316651576228583,20.670298500207068
1.8939999999999022,-0.1670278608130368,-3.2227706595836945,20.670296113401086
1.894999999999902,-0.16417949996998848,-3.2140252528030393,20.670296190019236
1.895999999999902,-0.161338156992305,-3.2054285322587424,20.670298702589513
1.8969999999999019,-0.15850374244590154,-3.196980098064153,20.670303615670626
1.8979999999999018,-0.1556761704242336,-3.188679555462304,20.670310886189583
1.8989999999999017,-0.15285535842598086,-3.180526514820043,20.67032046377582
1.8999999999999015,-0.15004122721704743,-3.1725205916283343,20.670332291095754
1.9009999999999014,-0.14723370067870326,-3.1646614065036394,20.670346304192137
1.9019999999999013,-0.14443270564175062,-3.156948585193464,20.670362432816702
1.9029999999999012,-0.14163817170631898,-3.1493817585864794,20.670380600759202
1.903999999999901,-0.13885003104799074,-3.1419605627244733,20.670400726179437
1.904999999999901,-0.13606821821044585,-3.134684638820588,20.670422721929377
1.9059999999999009,-0.13329266988562088,-3.1275536332789358,20.670446495871577
1.9069999999999008,-0.13052332468161476,-3.120567197719969,20.67047195119625
1.9079999999999007,-0.1277601228774472,-3.11372498901059,20.67049898673317
1.9089999999999006,-0.12500300617007465,-3.1070266692984863,20.670527497257034
1.9099999999999004,-0.12225191740887878,-3.100471906052485,20.67055737379231
1.9109999999999003,-0.11950680032090538,-3.094060372106656,20.670588503911567
1.9119999999999002,-0.11676759923060817,-3.08779174571043,20.67062077202874
1.9129999999999001,-0.11403425877127596,-3.081665710586388,20.670654059695156
1.9139999999999,-0.11130672359065222,-3.0756819559915605,20.670688245891704
1.9149999999999,-0.10858493805361139,-3.069840176786819,20.670723207317355
1.9159999999998998,-0.10586884594266158,-3.0641400735123927,20.6707588186775
1.9169999999998997,-0.10315839015559475,-3.0585813524699312,20.670794952976866
1.9179999999998996,-0.1004535124054595,-3.053163725813041,20.670831481813316
1.9189999999998995,-0.097754152922024,-3.04788691164297,20.670868275670504
1.9199999999998993,-0.09506025015772962,-3.042750634114657,20.670905204220862
1.9209999999998992,-0.09237174049882349,-3.0377546235481185,20.670942136634622
1.9219999999998991,-0.08968855798383704,-3.0328986165489327,20.670978941889665
1.922999999999899,-0.08701063403258283,-3.028182356138275,20.671015489100782
1.923999999999899,-0.08433789718444917,-3.023605591889007,20.671051647857873
1.9249999999998988,-0.08167027284990602,-3.019168080072504,20.671087288571414
1.9259999999998987,-0.07900768307706627,-3.014869583813408,20.671122282842664
1.9269999999998986,-0.07635004633298006,-3.0107098732541457,20.671156503850597
1.9279999999998985,-0.07369727730321352,-3.0066887257286377,20.67118982675767
1.9289999999998984,-0.07104928670964769,-3.0028059259454163,20.671222129140475
1.9299999999998982,-0.06840598114887725,-2.999061266182157,20.671253291448895
1.9309999999998981,-0.06576726295166543,-2.995454546487896,20.671283197494244
1.931999999999898,-0.06313303006436857,-2.991985574898155,20.671311734973337
1.932999999999898,-0.060503175955056554,-2.9886541676607394,20.671338796023313
1.9339999999998978,-0.057877589542285085,-2.985460149472555,20.671364277823763
1.9349999999998977,-0.05525615514934573,-2.982403353727342,20.67138808324026
1.9359999999998976,-0.05263875248323832,-2.979483622776817,20.67141012151116
1.9369999999998975,-0.0500252566403071,-2.9767008082054467,20.67143030899508
1.9379999999998974,-0.04741553813717295,-2.974054771116351,20.671448569967964
1.9389999999998973,-0.044809462967082075,-2.971545382433068,20.671464837477274
1.9399999999998971,-0.04220689268264703,-2.9691725232156467,20.671479054264104
1.940999999999897,-0.03960768450422772,-2.9669360849912114,20.671491173751225
1.941999999999897,-0.03701169145532812,-2.964835970101574,20.67150116109616
1.9429999999998968,-0.03441876252026757,-2.9628720920679497,20.671508994325116
1.9439999999998967,-0.031828742829008216,-2.9610443759723193,20.67151466553657
1.9449999999998966,-0.029241473866834858,-2.9593527588586523,20.67151818218511
1.9459999999998965,-0.026656793707371645,-2.957797190153312,20.67151956844664
1.9469999999998964,-0.024074537269522245,-2.956377632104586,20.67151886666187
1.9479999999998963,-0.02149453659869041,-2.9550940602454645,20.671516138860664
1.9489999999998961,-0.018916621173092216,-2.9539464638775152,20.671511468365768
1.949999999999896,-0.016340618231374456,-2.952934846577409,20.671504961478703
1.950999999999896,-0.01376635312645589,-2.952059226727852,20.671496749227977
1.9519999999998958,-0.011193649704536096,-2.951319638072932,20.67148698919246
1.9529999999998957,-0.008622330708211279,-2.9507161302975744,20.671475867384157
1.9539999999998956,-0.006052218207991199,-2.950248769633587,20.671463600177823
1.9549999999998955,-0.003483134062026487,-2.949917639490814,20.67145043627722
1.9559999999998954,-0.0009296767759333427,-2.9497213747194717,20.67143089866842
1.9569999999998953,0.0016222406560845587,-2.9496620725368903,20.67141093879028
1.9579999999998952,0.004218599426665831,-2.9497432758969904,20.671408428094516
1.958999999999895,0.006843708051307892,-2.949961771596994,20.671416819236835
1.959999999999895,0.00946715779676726,-2.9503147202608737,20.671424505642793
1.9609999999998948,0.012089086616689393,-2.9508023174523133,20.67143181445613
1.9619999999998947,0.014709630499826716,-2.9514247446874773,20.671439022729572
1.9629999999998946,0.01732892429283793,-2.952182170926772,20.67144636133834
1.9639999999998945,0.019947102460120936,-2.9530747539899282,20.671454018789866
1.9649999999998944,0.022564299777898082,-2.9541026418931797,20.67146214490092
1.9659999999998943,0.025180651961744946,-2.9552659741124723,20.671470854323687
1.9669999999998942,0.02779629622756785,-2.9565648827770796,20.67148022991474
1.967999999999894,0.03041137178753999,-2.957999493794815,20.671490325933497
1.968999999999894,0.03302602027776079,-2.959569927912046,20.67150117106427
1.9699999999998938,0.035640386122232935,-2.9612763017111607,20.671512771254726
1.9709999999998937,0.038254616834168684,-2.963118728549369,20.671525112381705
1.9719999999998936,0.04086886325408793,-2.9650973194402366,20.671538162732187
1.9729999999998935,0.04348327972903092,-2.9672121838806915,20.671551875307657
1.9739999999998934,0.04609802423426519,-2.9694634306277488,20.67156618996097
1.9749999999998933,0.048713258441654736,-2.971851168425589,20.67158103535892
1.9759999999998932,0.051329147734784406,-2.974375506684827,20.67159633078961
1.976999999999893,0.05394586117631052,-2.9770365561201664,20.671611987815183
1.977999999999893,0.05656357143127011,-2.979834429344293,20.671627911776
1.9789999999998928,0.059182454647255106,-2.982769241421937,20.671644003159443
1.9799999999998927,0.0618026902970152,-2.9858411103874962,20.671660158835614
1.9809999999998926,0.0644244609877745,-2.9890501577258233,20.671676273174626
1.9819999999998925,0.06704795223880557,-2.9923965088190467,20.67169223904685
1.9829999999998924,0.06967335223288244,-2.995880293361685,20.67170794871911
1.9839999999998923,0.07230085154468327,-2.999501645747185,20.671723294654626
1.9849999999998922,0.07493064285034293,-3.0032607054217815,20.671738170221527
1.985999999999892,0.07756292062186519,-3.0071576172143377,20.671752470319966
1.986999999999892,0.08019788080860261,-3.0111925316400496,20.671766091933627
1.9879999999998919,0.08283572051260805,-3.015365605177855,20.67177893461764
1.9889999999998917,0.08547663765791726,-3.019677000527829,20.6717909009185
1.9899999999998916,0.08812083065868222,-3.02412688684499,20.67180189674279
1.9909999999998915,0.09076849808935686,-3.028715439952459,20.67181183168055
1.9919999999998914,0.09341983835928237,-3.0334428425367923,20.671820619277167
1.9929999999998913,0.09607504939576397,-3.038309284323644,20.671828177272374
1.9939999999998912,0.09873432833534704,-3.043314962236921,20.67183442780683
1.994999999999891,0.10139787122835282,-3.04846008054327,20.671839297594964
1.995999999999891,0.10406587275835809,-3.053744850978545,20.67184271807522
1.9969999999998909,0.10673852597638704,-3.059169492862636,20.671844625540103
1.9979999999998908,0.1094160220539719,-3.0647342332002445,20.67184496124851
1.9989999999998906,0.1120985500545679,-3.0704393067699844,20.671843671519294
1.9999999999998905,0.11478629672577587,-3.0762849562011185,20.671840707817193
2.0009999999998906,0.11747944631202144,-3.0822714320414297,20.671836026828228
2.0019999999998905,0.12017818038838643,-3.0883989928126447,20.67182959052721
2.0029999999998904,0.12288267771687034,-3.0946679050583072,20.67182136624038
2.0039999999998903,0.12559311412553348,-3.1010784433860983,20.671811326701842
2.00499999999989,0.12830966240883526,-3.107630890497462,20.671799450112854
2.00599999999989,0.13103249224898153,-3.1143255372144623,20.671785720196745
2.00699999999989,0.13376177016000562,-3.121162682498311,20.671770126251978
2.00799999999989,0.1364976594526579,-3.12814263346402,20.67175266320988
2.0089999999998898,0.13924032021806387,-3.135265705388308,20.671733331692117
2.0099999999998897,0.14198990933126598,-3.1425322217131537,20.671712138067015
2.0109999999998895,0.14474658047417327,-3.1499425140479067,20.671689094511606
2.0119999999998894,0.14751048417320092,-3.1574969221653664,20.671664219074405
2.0129999999998893,0.15028176785442646,-3.1651957939946316,20.671637535736853
2.013999999999889,0.15306057591366537,-3.173039485612951,20.67160907447841
2.014999999999889,0.15584704979844935,-3.1810283612350294,20.67157887134373
2.015999999999889,0.15864132810342552,-3.189162793198692,20.67154696850504
2.016999999999889,0.16144354667622474,-3.1974431619500594,20.67151341432551
2.0179999999998888,0.16425383873205918,-3.205869856027127,20.671478263425357
2.0189999999998887,0.16707233497705987,-3.214443272041839,20.6714415767349
2.0199999999998886,0.16989916373794606,-3.223163814658885,20.671403421551332
2.0209999999998884,0.17273445109757765,-3.232031896575987,20.671363871585644
2.0219999999998883,0.17557832103371993,-3.2410479385022217,20.67132300700061
2.022999999999888,0.1784308955618762,-3.2502123691316074,20.671280914441123
2.023999999999888,0.18129229487960538,-3.2595256251196583,20.671237687051203
2.024999999999888,0.18416263751062958,-3.2689881510548604,20.67119342447766
2.025999999999888,0.18704204045084813,-3.278600399428611,20.671148232853806
2.026999999999888,0.18993061931159122,-3.28836283060454,20.67110222476913
2.0279999999998877,0.1928284884604088,-3.298275912782553,20.671055519213525
2.0289999999998876,0.19573576116161076,-3.308340121959885,20.671008241497347
2.0299999999998875,0.19865254971120241,-3.318555941890403,20.670960523141414
2.0309999999998873,0.20157896556795557,-3.328923864036831,20.670912501741533
2.0319999999998872,0.20451511948218046,-3.339444387518856,20.67086432079517
2.032999999999887,0.2074611216166868,-3.350118019057405,20.670816129486667
2.033999999999887,0.210417081665577,-3.360945272909805,20.670768082438812
2.034999999999887,0.21338310896553864,-3.3719266707976523,20.670720339416523
2.035999999999887,0.21635931260221097,-3.3830627418305625,20.670673064980996
2.0369999999998867,0.21934580151237357,-3.394354022417571,20.67062642809451
2.0379999999998866,0.22234268457819995,-3.405801056168096,20.670580601670835
2.0389999999998865,0.22535007071807817,-3.4174043937872156,20.670535762068358
2.0399999999998863,0.22836806897110262,-3.429164592955276,20.67049208852027
2.0409999999998862,0.23139678857672957,-3.441082218197732,20.670449762502233
2.041999999999886,0.23443633904975067,-3.4531578407421257,20.670408967039478
2.042999999999886,0.23748683024963824,-3.465392038360381,20.670369885941124
2.043999999999886,0.24054837244662566,-3.4777853951990694,20.67033270296625
2.044999999999886,0.24362107638407382,-3.4903385015946733,20.67029760092619
2.0459999999998857,0.24670505333623285,-3.503051953872884,20.670264760714026
2.0469999999998856,0.24980041516255752,-3.5159263541341286,20.670234360267628
2.0479999999998855,0.25290727436062804,-3.528962310024395,20.670206573465315
2.0489999999998854,0.25602574411514323,-3.542160434490711,20.670181568963443
2.0499999999998852,0.2591559383448583,-3.5555213455208565,20.670159508970396
2.050999999999885,0.26229797174857206,-3.5690456658712693,20.670140547968202
2.051999999999885,0.265451959847887,-3.582734022781976,20.67012483139346
2.052999999999885,0.26861801903026405,-3.5965870476780246,20.670112494272402
2.053999999999885,0.27179626658935807,-3.6106053758637513,20.670103659827355
2.0549999999998847,0.27498682076526976,-3.62478964620528,20.670098438074778
2.0559999999998846,0.2781898007832414,-3.6391405008096154,20.67009692440755
2.0569999999998845,0.2814053268909998,-3.653658584700211,20.670099198188705
2.0579999999998844,0.2846335203959675,-3.6683445454908155,20.670105321372155
2.0589999999998843,0.2878745037009942,-3.6831990330644526,20.670115337159416
2.059999999999884,0.29112840033786846,-3.6982226992554734,20.670129268719784
2.060999999999884,0.2943953350000815,-3.713416197545775,20.670147117982722
2.061999999999884,0.29767543357377263,-3.7287801827767906,20.67016886453229
2.062999999999884,0.30096882316619933,-3.7443153108767815,20.670194464613083
2.0639999999998837,0.30427563213182296,-3.7600222386174185,20.67022385027954
2.0649999999998836,0.3075959900959458,-3.775901623398318,20.670256928703843
2.0659999999998835,0.3109300279749886,-3.7919541230667315,20.670293581658683
2.0669999999998834,0.31427787799304846,-3.8081803957785216,20.67033366520281
2.0679999999998833,0.3176396736947555,-3.824581099904058,20.670377009584282
2.068999999999883,0.3210155499547182,-3.8411568939871064,20.670423419378036
2.069999999999883,0.32440564298354235,-3.8579084367579153,20.670472673868474
2.070999999999883,0.32781009032730757,-3.8748363872085854,20.670524527702703
2.071999999999883,0.3312290308650322,-3.8919414047336667,20.670578711810172
2.0729999999998827,0.33466260480239496,-3.9092241493417075,20.67063493460291
2.0739999999998826,0.29334263456330467,-2.922076869461435,20.643781215955222
2.0749999999998825,-0.014354610448428923,-2.2713819155037864,20.647771217471693
2.0759999999998824,-0.011150691670724973,-2.2904813471749126,20.65768542486495
2.0769999999998823,-0.008443911074547901,-2.3093807375589743,20.668276272772896
2.077999999999882,-0.0069793477960144595,-2.316588261269675,20.670935057830157
2.078999999999882,-0.006261446464112808,-2.321821135915692,20.670996350745263
2.079999999999882,-0.006068143528878897,-2.328952734639761,20.671057170315795
2.080999999999882,-0.006404953966013184,-2.33802700461331,20.671117121045114
2.0819999999998817,-0.007276760037139729,-2.3490680774055868,20.671175807642477
2.0829999999998816,-0.00868777593277538,-2.362081285174033,20.671232838585883
2.0839999999998815,-0.010641514150247347,-2.3770543572141825,20.671287829796846
2.0849999999998814,-0.01314075430554297,-2.3939587877011097,20.67134040839933
2.0859999999998813,-0.01618751498977948,-2.4127513675213583,20.671390216523164
2.086999999999881,-0.019783029170016876,-2.433375875310607,20.671436915117244
2.087999999999881,-0.023927723519455907,-2.455764924954005,20.671480187744812
2.088999999999881,-0.028621201957842138,-2.4798419688333273,20.67151974432244
2.089999999999881,-0.033862233570590275,-2.505523457961987,20.671555324774516
2.0909999999998807,0.044703472577901845,-1.9038722365904721,20.671586702577116
2.0919999999998806,0.04080069682321849,-1.917083944743164,20.671613688160605
2.0929999999998805,0.036413762023705415,-1.9312181547425373,20.671636132162227
2.0939999999998804,0.03155606272633898,-1.9461487692583028,20.6716539285043
2.0949999999998803,0.026241543746285588,-1.9617575760100112,20.67166701728311
2.09599999999988,0.0204844960547847,-1.9779383049626174,20.671675387484918
2.09699999999988,0.014299337573145936,-1.9946009190655158,20.671679079504216
2.09799999999988,0.007700378999085666,-2.0116761432964365,20.671678187489608
2.09899999999988,0.0007015748122069891,-2.0291202355087,20.671672861526844
2.0999999999998797,-0.0066837403728208025,-2.046920000979473,20.671663309677186
2.1009999999998796,0.03743442857884865,-1.8672393791849735,20.671649799905136
2.1019999999998795,0.15559125557964476,-1.4724260874795747,20.671632661918334
2.1029999999998794,0.27888154564592477,-1.1507512002628522,20.671612288976544
2.1039999999998793,0.40736897186224874,-0.9009604431663463,20.671589139706946
2.104999999999879,0.5410914117245711,-0.7242315445295624,20.67156373998258
2.105999999999879,0.6579057299660231,-0.6847723414079745,20.671506753312105
2.106999999999879,-0.0035747315669032616,0.008269420833391359,10.217064460290329
2.107999999999879,-1.8400177259887374,-0.4923226109146057,0.0
2.1089999999998787,-1.6853820748686923,0.2775988055531293,0.0
2.1099999999998786,-1.531733442289358,0.9569033113764238,0.0
2.1109999999998785,-1.379211218872221,1.5521896649852085,0.0
2.1119999999998784,-1.2280343714041742,2.066580465013084,0.0
2.1129999999998783,-1.0785050955364766,2.5000209795873403,0.0
2.113999999999878,-0.9310120450166457,2.8496146524707493,0.0
2.114999999999878,-0.7860334360117893,3.109998348348586,0.0
2.115999999999878,-0.6441399563200033,3.273765156322379,0.0
2.116999999999878,-0.5059970048802362,3.3319463091377806,0.0
2.1179999999998778,-0.3723653566005576,3.27456594120805,0.0
2.1189999999998776,-0.2440989164828411,3.0912821421555465,0.0
2.1199999999998775,-0.12213784209258777,2.7721239574921506,0.0
2.1209999999998774,-0.05061956744449976,2.519496722165931,0.0
2.1219999999998773,0.2918875182862438,2.284827024212971,0.526986457886129
2.122999999999877,0.28898316162091,2.2773590117687856,0.5493756949242092
2.123999999999877,-0.0007559526319137573,2.2189711492473503,0.5608860522974201
2.124999999999877,-0.001476726944950671,2.2118425793942937,0.5813690204981932
2.125999999999877,-0.0018468668613608862,2.2051635640371985,0.6010205441845227
2.1269999999998768,-0.0018655436092558514,2.1989407205155964,0.6198401677994667
2.1279999999998767,-0.0015326598167925993,2.193179740642857,0.6378281236356705
2.1289999999998765,-0.0008488772849427938,2.1878854029149215,0.6549853262811062
2.1299999999998764,0.00018436237883344767,2.1830615872351578,0.6713133664466825
2.1309999999998763,0.0015648242514059822,2.1787112921403833,0.6868145042610695
2.131999999999876,0.0032894736319546043,2.1748366544782427,0.7014916621220286
2.132999999999876,0.005354476492132277,2.171438971467437,0.7153484171424603
2.133999999999876,0.0077552066396255545,2.1685187250313587,0.7283889932374025
2.134999999999876,0.010486259341189217,2.166075608270879,0.7406182528817972
2.1359999999998758,0.013541471089495145,2.1641085539135028,0.752041688562888
2.1369999999998757,0.016913945143164237,2.1626157645489688,0.7626654139258282
2.1379999999998756,0.020596082426751004,2.1615947444346943,0.7724961546355914
2.1389999999998754,0.024579617324694034,2.161042332642041,0.7815412389408016
2.1399999999998753,0.26082377685783487,1.7636217599862287,0.7939820615020361
2.1409999999998752,0.6047447463526532,0.8912192293515768,0.7736408924251421
2.141999999999875,0.0,0.0,0.0
2.142999999999875,0.0,0.0,0.0
2.143999999999875,0.0,0.0,0.0
2.144999999999875,0.0,0.0,0.0
2.1459999999998747,0.0,0.0,0.0
2.1469999999998746,0.0,0.0,0.0
2.1479999999998745,0.0,0.0,0.0
2.1489999999998743,0.0,0.0,0.0
2.1499999999998742,0.0,0.0,0.0
2.150999999999874,0.0,0.0,0.0
2.151999999999874,0.0,0.0,0.0
2.152999999999874,0.0,0.0,0.0
2.153999999999874,0.0,0.0,0.0
2.1549999999998737,0.0,0.0,0.0
2.1559999999998736,0.0,0.0,0.0
2.1569999999998735,0.0,0.0,0.0
2.1579999999998734,0.0,0.0,0.0
2.1589999999998732,0.0,0.0,0.0
2.159999999999873,0.0,0.0,0.0
2.160999999999873,0.0,0.0,0.0
2.161999999999873,0.0,0.0,0.0
2.162999999999873,0.0,0.0,0.0
2.1639999999998727,0.0,0.0,0.0
2.1649999999998726,0.0,0.0,0.0
2.1659999999998725,0.0,0.0,0.0
2.1669999999998724,0.0,0.0,0.0
2.1679999999998723,0.0,0.0,0.0
2.168999999999872,0.0,0.0,0.0
2.169999999999872,0.0,0.0,0.0
2.170999999999872,0.0,0.0,0.0
2.171999999999872,0.0,0.0,0.0
2.1729999999998717,0.0,0.0,0.0
2.1739999999998716,0.0,0.0,0.0
2.1749999999998715,0.0,0.0,0.0
2.1759999999998714,0.0,0.0,0.0
2.1769999999998713,0.0,0.0,0.0
2.177999999999871,0.0,0.0,0.0
2.178999999999871,0.0,0.0,0.0
2.179999999999871,0.0,0.0,0.0
2.180999999999871,0.0,0.0,0.0
2.1819999999998707,0.0,0.0,0.0
2.1829999999998706,0.0,0.0,0.0
2.1839999999998705,0.0,0.0,0.0
2.1849999999998704,0.0,0.0,0.0
2.1859999999998703,0.0,0.0,0.0
2.18699999999987,0.0,0.0,0.0
2.18799999999987,0.0,0.0,0.0
2.18899999999987,0.0,0.0,0.0
2.18999999999987,0.0,0.0,0.0
2.1909999999998697,0.0,0.0,0.0
2.1919999999998696,0.0,0.0,0.0
2.1929999999998695,0.0,0.0,0.0
2.1939999999998694,0.0,0.0,0.0
2.1949999999998693,0.0,0.0,0.0
2.195999999999869,0.0,0.0,0.0
2.196999999999869,0.0,0.0,0.0
2.197999999999869,0.0,0.0,0.0
2.198999999999869,0.0,0.0,0.0
2.1999999999998687,0.0,0.0,0.0
2.2009999999998686,0.0,0.0,0.0
2.2019999999998685,0.0,0.0,0.0
2.2029999999998684,0.0,0.0,0.0
2.2039999999998683,0.0,0.0,0.0
2.204999999999868,0.0,0.0,0.0
2.205999999999868,0.0,0.0,0.0
2.206999999999868,0.0,0.0,0.0
2.207999999999868,0.0,0.0,0.0
2.2089999999998677,0.0,0.0,0.0
2.2099999999998676,0.0,0.0,0.0
2.2109999999998675,0.0,0.0,0.0
2.2119999999998674,0.0,0.0,0.0
2.2129999999998673,0.0,0.0,0.0
2.213999999999867,0.0,0.0,0.0
2.214999999999867,0.0,0.0,0.0
2.215999999999867,0.0,0.0,0.0
2.216999999999867,0.0,0.0,0.0
2.2179999999998667,0.0,0.0,0.0
2.2189999999998666,0.0,0.0,0.0
2.2199999999998665,0.0,0.0,0.0
2.2209999999998664,0.0,0.0,0.0
2.2219999999998663,0.0,0.0,0.0
2.222999999999866,0.0,0.0,0.0
2.223999999999866,0.0,0.0,0.0
2.224999999999866,0.0,0.0,0.0
2.225999999999866,0.0,0.0,0.0
2.2269999999998658,0.0,0.0,0.0
2.2279999999998656,0.0,0.0,0.0
2.2289999999998655,0.0,0.0,0.0
2.2299999999998654,0.0,0.0,0.0
2.2309999999998653,0.0,0.0,0.0
2.231999999999865,0.0,0.0,0.0
2.232999999999865,0.0,0.0,0.0
2.233999999999865,0.0,0.0,0.0
2.234999999999865,0.0,0.0,0.0
2.2359999999998648,0.0,0.0,0.0
2.2369999999998647,0.0,0.0,0.0
2.2379999999998645,0.0,0.0,0.0
2.2389999999998644,0.0,0.0,0.0
2.2399999999998643,0.0,0.0,0.0
2.240999999999864,0.0,0.0,0.0
2.241999999999864,0.0,0.0,0.0
2.242999999999864,0.0,0.0,0.0
2.243999999999864,0.0,0.0,0.0
2.2449999999998638,0.0,0.0,0.0
2.2459999999998637,0.0,0.0,0.0
2.2469999999998636,0.0,0.0,0.0
2.2479999999998634,0.0,0.0,0.0
2.2489999999998633,0.0,0.0,0.0
2.249999999999863,0.0,0.0,0.0
2.250999999999863,0.0,0.0,0.0
2.251999999999863,0.0,0.0,0.0
2.252999999999863,0.0,0.0,0.0
2.253999999999863,0.0,0.0,0.0
2.2549999999998627,0.0,0.0,0.0
2.2559999999998626,0.0,0.0,0.0
2.2569999999998624,0.0,0.0,0.0
2.2579999999998623,0.0,0.0,0.0
2.2589999999998622,0.0,0.0,0.0
2.259999999999862,0.0,0.0,0.0
2.260999999999862,0.0,0.0,0.0
2.261999999999862,0.0,0.0,0.0
2.262999999999862,0.0,0.0,0.0
2.2639999999998617,0.0,0.0,0.0
2.2649999999998616,0.0,0.0,0.0
2.2659999999998615,0.0,0.0,0.0
2.2669999999998613,0.0,0.0,0.0
2.2679999999998612,0.0,0.0,0.0
2.268999999999861,0.0,0.0,0.0
2.269999999999861,0.0,0.0,0.0
2.270999999999861,0.0,0.0,0.0
2.271999999999861,0.0,0.0,0.0
2.2729999999998607,0.0,0.0,0.0
2.2739999999998606,0.0,0.0,0.0
2.2749999999998605,0.0,0.0,0.0
2.2759999999998604,0.0,0.0,0.0
2.2769999999998602,0.0,0.0,0.0
2.27799999999986,0.0,0.0,0.0
2.27899999999986,0.0,0.0,0.0
2.27999999999986,0.0,0.0,0.0
2.28099999999986,0.0,0.0,0.0
2.2819999999998597,0.0,0.0,0.0
2.2829999999998596,0.0,0.0,0.0
2.2839999999998595,0.0,0.0,0.0
2.2849999999998594,0.0,0.0,0.0
2.2859999999998593,0.0,0.0,0.0
2.286999999999859,0.0,0.0,0.0
2.287999999999859,0.0,0.0,0.0
2.288999999999859,0.0,0.0,0.0
2.289999999999859,0.0,0.0,0.0
2.2909999999998587,0.0,0.0,0.0
2.2919999999998586,0.0,0.0,0.0
2.2929999999998585,0.0,0.0,0.0
2.2939999999998584,0.0,0.0,0.0
2.2949999999998583,0.0,0.0,0.0
2.295999999999858,0.0,0.0,0.0
2.296999999999858,0.0,0.0,0.0
2.297999999999858,0.0,0.0,0.0
2.298999999999858,0.0,0.0,0.0
2.2999999999998577,0.0,0.0,0.0
2.3009999999998576,0.0,0.0,0.0
2.3019999999998575,0.0,0.0,0.0
2.3029999999998574,0.0,0.0,0.0
2.3039999999998573,0.0,0.0,0.0
2.304999999999857,0.0,0.0,0.0
2.305999999999857,0.0,0.0,0.0
2.306999999999857,0.0,0.0,0.0
2.307999999999857,0.0,0.0,0.0
2.3089999999998567,0.0,0.0,0.0
2.3099999999998566,0.0,0.0,0.0
2.3109999999998565,0.0,0.0,0.0
2.3119999999998564,0.0,0.0,0.0
2.3129999999998563,0.0,0.0,0.0
2.313999999999856,0.0,0.0,0.0
2.314999999999856,0.0,0.0,0.0
2.315999999999856,0.0,0.0,0.0
2.316999999999856,0.0,0.0,0.0
2.3179999999998557,0.0,0.0,0.0
2.3189999999998556,0.0,0.0,0.0
2.3199999999998555,0.0,0.0,0.0
2.3209999999998554,0.0,0.0,0.0
2.3219999999998553,0.0,0.0,0.0
2.322999999999855,0.0,0.0,0.0
2.323999999999855,0.0,0.0,0.0
2.324999999999855,0.0,0.0,0.0
2.325999999999855,0.0,0.0,0.0
2.3269999999998547,0.0,0.0,0.0
2.3279999999998546,0.0,0.0,0.0
2.3289999999998545,0.0,0.0,0.0
2.3299999999998544,0.0,0.0,0.0
2.3309999999998543,0.0,0.0,0.0
2.331999999999854,0.0,0.0,0.0
2.332999999999854,0.0,0.0,0.0
2.333999999999854,0.0,0.0,0.0
2.334999999999854,0.0,0.0,0.0
2.3359999999998537,0.0,0.0,0.0
2.3369999999998536,0.0,0.0,0.0
2.3379999999998535,0.0,0.0,0.0
2.3389999999998534,0.0,0.0,0.0
2.3399999999998533,0.0,0.0,0.0
2.340999999999853,0.0,0.0,0.0
2.341999999999853,0.0,0.0,0.0
2.342999999999853,0.0,0.0,0.0
2.343999999999853,0.0,0.0,0.0
2.3449999999998528,0.0,0.0,0.0
2.3459999999998526,0.0,0.0,0.0
2.3469999999998525,0.0,0.0,0.0
2.3479999999998524,0.0,0.0,0.0
2.3489999999998523,0.0,0.0,0.0
2.349999999999852,0.0,0.0,0.0
2.350999999999852,0.0,0.0,0.0
2.351999999999852,0.0,0.0,0.0
2.352999999999852,0.0,0.0,0.0
2.3539999999998518,0.0,0.0,0.0
2.3549999999998517,0.0,0.0,0.0
2.3559999999998515,0.0,0.0,0.0
2.3569999999998514,0.0,0.0,0.0
2.3579999999998513,0.0,0.0,0.0
2.358999999999851,0.0,0.0,0.0
2.359999999999851,0.0,0.0,0.0
2.360999999999851,0.0,0.0,0.0
2.361999999999851,0.0,0.0,0.0
2.3629999999998508,0.0,0.0,0.0
2.3639999999998507,0.0,0.0,0.0
2.3649999999998506,0.0,0.0,0.0
2.3659999999998504,0.0,0.0,0.0
2.3669999999998503,0.0,0.0,0.0
2.3679999999998502,0.0,0.0,0.0
2.36899999999985,0.0,0.0,0.0
2.36999999999985,0.0,0.0,0.0
2.37099999999985,0.0,0.0,0.0
2.37199999999985,0.0,0.0,0.0
2.3729999999998497,0.0,0.0,0.0
2.3739999999998496,0.6482269615048357,0.8164502210360494,0.8079150531537285
2.3749999999998495,0.4615393014016497,1.692290921916952,0.8287643685816777
2.3759999999998493,0.2978606568093203,2.1095364228853053,0.8143496074745004
2.3769999999998492,0.2981414937386504,2.109798889817946,0.8047126930574499
2.377999999999849,0.298900756660735,2.1105346486557504,0.7943928108234639
2.378999999999849,0.30014823466367846,2.1117454906098887,0.7833820078092509
2.379999999999849,0.3018927377093306,2.1134325144250123,0.7716725579586122
2.380999999999849,0.30414205562522395,2.1155960981204345,0.7592569706117291
2.3819999999998487,0.3069029238414671,2.118235872008329,0.7461280007976975
2.3829999999998486,0.3101809964406987,2.1213506931859603,0.7322786613999293
2.3839999999998485,0.31398082702698366,2.124938621685682,0.7177022372266884
2.3849999999998484,0.3183058578502534,2.1289968984469154,0.702392300979904
2.3859999999998482,0.3231584175431483,2.1335219252471562,0.686342731105001
2.386999999999848,0.32853972775730017,2.1385092467075832,0.6695477314755279
2.387999999999848,0.33444991889287423,2.1439535344631273,0.652001852825941
2.388999999999848,0.34088805504316994,2.149848573562658,0.63370001581047
2.389999999999848,0.3478521681912248,2.1561872511305773,0.6146375355847494
2.3909999999998477,0.6490994691084175,2.1725144703218002,0.6058129055099659
2.3919999999998476,0.6586423883216821,2.1781477789802515,0.58498636721583
2.3929999999998475,0.6687613114392283,2.1841623927134437,0.5633794564378194
2.3939999999998474,0.3316690229994683,2.3674273715523646,0.0
2.3949999999998473,0.33220013858678504,2.331863657281064,0.0
2.395999999999847,0.3007769617659122,2.378991311370255,0.0
2.396999999999847,0.195485794850687,2.484784223352199,0.0
2.397999999999847,0.06953159550971436,2.462199422609319,0.0
2.398999999999847,-0.07494468152532464,2.3223139980851895,0.0
2.3999999999998467,-0.23596183425715644,2.075657517848015,0.0
2.4009999999998466,-0.41176646473052814,1.7316413477545551,0.0
2.4019999999998465,-0.6008880741860043,1.298075455075418,0.0
2.4029999999998464,-0.8021846271916895,0.7807550710142781,0.0
2.4039999999998463,-1.0148813582222591,0.18310122580639376,0.0
2.404999999999846,-1.238604722394198,-0.4941571717790545,0.0
2.405999999999846,-1.4734124169129221,-1.253267193560852,0.0
2.406999999999846,-1.6765817488251158,-2.002752770559294,0.0
2.407999999999846,0.0019771706692489266,-0.008812737926107228,10.280337724644706
2.4089999999998457,0.8494482482816091,0.9179780296249653,20.67004439647077
2.4099999999998456,0.6655772331367525,0.6785314961420195,20.67006780653169
2.4109999999998455,0.47841236762035433,0.3644049694270777,20.67009098737114
2.4119999999998454,0.28857593306919915,-0.01941834722934921,20.67011453411695
2.4129999999998453,0.0963004554749006,-0.47089245601093044,20.670138953332632
2.413999999999845,-0.09849359326287474,-0.9903845848121335,20.670164668595348
2.414999999999845,-0.29612061515329047,-1.5801452789869432,20.67019202566431
2.415999999999845,-0.4070646395379708,-1.941806183345629,20.670221297339094
2.416999999999845,-0.4006172779169389,-1.9271556639851806,20.67025268806647
2.4179999999998447,-0.3945046637748515,-1.9127677263082044,20.67028633835648
2.4189999999998446,-0.38874245316410616,-1.8986803207774294,20.6703223290612
2.4199999999998445,-0.38334955923631175,-1.8849558971757798,20.670360685554016
2.4209999999998444,-0.37834732082021244,-1.8716764712596137,20.670401381847434
2.4219999999998443,-0.37375870866435923,-1.8589389062046222,20.67044434467326
2.422999999999844,-0.36960757032567604,-1.8468504125305374,20.670489457538505
2.423999999999844,-0.5645301303311254,-2.462261518447945,20.670536564784108
2.424999999999844,-0.5564497744118468,-2.4367817031093706,20.67058547564017
2.425999999999844,-0.5489769395478902,-2.4126860645913517,20.670635968279633
2.4269999999998437,-0.5421206666568145,-2.3900509183899628,20.670687793878912
2.4279999999998436,-0.5358884153054433,-2.368945382840783,20.670740680657673
2.4289999999998435,-0.5302857951707075,-2.349428858846615,20.670794337901313
2.4299999999998434,-0.5253163234217446,-2.3315487015721597,20.67084845994257
2.4309999999998433,-0.520981208555268,-2.3153380875947613,20.67090273008317
2.431999999999843,-0.5172791612687644,-2.3008140822504872,20.670956824438093
2.432999999999843,-0.514206233010746,-2.28797591330744,20.67101041567232
2.433999999999843,-0.5117556829089199,-2.276803458581394,20.671063176618723
2.434999999999843,-0.5099178738254175,-2.2672559565475745,20.671114783740236
2.4359999999998427,-0.5086801983281193,-2.259270950399624,20.671164920419344
2.4369999999998426,-0.5080270353860604,-2.252763477171011,20.671213280053696
2.4379999999998425,-0.5079397385890859,-2.247625514383426,20.67125956893026
2.4389999999998424,-0.5083966566452137,-2.243725697225133,20.671303508867695
2.4399999999998423,-0.509131563625599,-2.2369119053174518,20.66914551934356
2.440999999999842,-0.304262270920643,-2.894233153708518,20.66618808064574
2.441999999999842,-0.3351271407620158,-3.9292368385027068,20.671418734418612
2.442999999999842,-0.331676981719704,-3.911692314826901,20.67145088522997
2.443999999999842,-0.32824273519653535,-3.89432896924666,20.6714796031123
2.4449999999998417,-0.32482422497471475,-3.877145868616573,20.67150474351393
2.4459999999998416,-0.32142127366130113,-3.8601420986739607,20.671526188236932
2.4469999999998415,-0.3180337025996234,-3.843316763915924,20.671543845842685
2.4479999999998414,-0.3146613318047062,-3.8266689874126705,20.67155765178059
2.4489999999998413,-0.3113039799219899,-3.8101979105620636,20.671567568258247
2.449999999999841,-0.30796146420944104,-3.793902692793176,20.67157358386128
2.450999999999841,-0.3046336005431018,-3.777782511219808,20.671575712940587
2.451999999999841,-0.3013202034462146,-3.761836560254796,20.671573994795196
2.452999999999841,-0.29802108613884576,-3.7460640511869636,20.67156849265823
2.4539999999998408,-0.29473606060945257,-3.7304642117281106,20.671559292514203
2.4549999999998406,-0.2914649377043942,-3.71503628553741,20.671546501766976
2.4559999999998405,-0.28820752723650866,-3.6997795317247455,20.671530247782847
2.4569999999998404,-0.28496363811118786,-3.684693224340455,20.67151067633104
2.4579999999998403,-0.2817330784664558,-3.6697766518564876,20.67148794994248
2.45899999999984,-0.27851565582636034,-3.655029116644452,20.67146224620925
2.45999999999984,-0.2753111772674646,-3.6404499344532453,20.671433756046063
2.46099999999984,-0.27211944959441714,-3.6260384338884,20.671402681930296
2.46199999999984,-0.26894027952554955,-3.611793955903643,20.671369236144375
2.4629999999998398,-0.2657734738837051,-3.597715853300171,20.671333639035588
2.4639999999998397,-0.26261883979290646,-3.5838034902393177,20.671296117301527
2.4649999999998395,-0.25947618488104623,-3.5700562417742416,20.67125690232652
2.4659999999998394,-0.25634531748248013,-3.556473493395199,20.671216228574117
2.4669999999998393,-0.25322604684263633,-3.5430546405975463,20.671174332044863
2.467999999999839,-0.2501181833223998,-3.5297990884701904,20.671131448816134
2.468999999999839,-0.24702153860237974,-3.5167062513034795,20.671087813660108
2.469999999999839,-0.24393592588266222,-3.503775552221981,20.671043658748708
2.470999999999839,-0.24086116008024258,-3.4910064228376227,20.67099921246435
2.4719999999998388,-0.23779705802371695,-3.4783983029271788,20.670954698292626
2.4729999999998387,-0.23474343863902242,-3.4659506401304894,20.670910333815097
2.4739999999998386,-0.23170012313171845,-3.45366288967053,20.670866329807172
2.4749999999998384,-0.22866693516439357,-3.4415345140967535,20.67082288942491
2.4759999999998383,-0.22564370102294362,-3.4295649830466512,20.67078020749074
2.476999999999838,-0.22263024977712478,-3.417753773028772,20.6707384698671
2.477999999999838,-0.21962641343342967,-3.4061003672236767,20.67069785292456
2.478999999999838,-0.2166320270790919,-3.3946042553027125,20.670658523096
2.479999999999838,-0.21364692901562338,-3.3832649332646074,20.67062063650605
2.480999999999838,-0.21067096088368722,-3.3720819032860847,20.670584338684147
2.4819999999998377,-0.20770396778009814,-3.361054673588907,20.67054976434529
2.4829999999998376,-0.20474579836092333,-3.3501827583189554,20.67051703724328
2.4839999999998374,-0.20179630493709777,-3.3394656774391622,20.670486270080204
2.4849999999998373,-0.1988553435595164,-3.328902956632634,20.670457564476035
2.4859999999998372,-0.1959227740905475,-3.318494127217206,20.670431010994818
2.486999999999837,-0.19299846026620693,-3.308238726069588,20.670406689210683
2.487999999999837,-0.19008226974746595,-3.2981362955568176,20.670384667821274
2.488999999999837,-0.18717407415821397,-3.2881863834771687,20.67036500479849
2.489999999999837,-0.1842737491104267,-3.2783885430086466,20.67034774757436
2.4909999999998367,-0.18138117421918573,-3.26874233266172,20.67033293325133
2.4919999999998366,-0.17849623310433002,-3.2592473162382936,20.67032058884641
2.4929999999998365,-0.17561881337774243,-3.249903062798394,20.670310731550284
2.4939999999998363,-0.17274880661923697,-3.2407091466299103,20.670303369005193
2.4949999999998362,-0.16988610833776016,-3.2316651472213103,20.6702984996062
2.495999999999836,-0.16703061791842438,-3.2227706492408146,20.670296112803676
2.496999999999836,-0.16418223855876657,-3.2140252425182894,20.670296189425695
2.497999999999836,-0.1613408771870098,-3.2054285220314185,20.670298701999968
2.498999999999836,-0.15850644436756287,-3.19698008789437,20.67030361508501
2.4999999999998357,-0.15567885419335523,-3.1886795453496277,20.670310885609243
2.5009999999998356,-0.15285802416190003,-3.180526504764542,20.67032046320023
2.5019999999998355,-0.15004387503865407,-3.172520581629695,20.670332290525284
2.5029999999998354,-0.14723633070377756,-3.1646613965615393,20.67034630362679
2.5039999999998352,-0.14443531798730222,-3.156948575307741,20.670362432257114
2.504999999999835,-0.1416407664886411,-3.1493817487569076,20.670380600206407
2.505999999999835,-0.1388526083821484,-3.1419605529515398,20.67040072563303
2.506999999999835,-0.13607077821096095,-3.1346846291037083,20.670422721389677
2.507999999999835,-0.13329521266624375,-3.1275536236176524,20.670446495339093
2.5089999999998347,-0.1305258503550284,-3.120567188114299,20.670471950671484
2.5099999999998346,-0.12776263155609427,-3.1137249794604287,20.67049898621599
2.5109999999998345,-0.12500549796538,-3.107026659804103,20.670527496749113
2.5119999999998344,-0.12225439243109218,-3.1004718966137603,20.67055737329424
2.5129999999998343,-0.11950925867973858,-3.0940603627233645,20.670588503422156
2.513999999999834,-0.1167700410356067,-3.0877917363826066,20.670620771548794
2.514999999999834,-0.11403668413083054,-3.081665701313983,20.670654059225598
2.515999999999834,-0.11130913261213565,-3.075681946774425,20.67068824543345
2.516999999999834,-0.10858733084446959,-3.0698401676250215,20.67072320687072
2.5179999999998337,-0.10587122260945317,-3.064140064405752,20.67075881824278
2.5189999999998336,-0.1031607508038461,-3.058581343418622,20.67079495255449
2.5199999999998335,-0.10045585714026906,-3.0531637168169987,20.670831481403056
2.5209999999998334,-0.09775648184802785,-3.047886902702059,20.670868275273612
2.5219999999998333,-0.0950625633784686,-3.042750625228887,20.670905203838814
2.522999999999833,-0.09237403811762154,-3.0377546147173864,20.670942136266657
2.523999999999833,-0.0896908401039253,-3.032898607773326,20.67097894153622
2.524999999999833,-0.08701290075562365,-3.028182347417628,20.671015488763683
2.525999999999833,-0.08434014861186878,-3.0236055832232327,20.67105164753663
2.5269999999998327,-0.08167250908341123,-3.0191680714614013,20.671087288265788
2.5279999999998326,-0.07900990421678858,-3.0148695752569727,20.67112228255399
2.5289999999998325,-0.07635225247871053,-3.0107098647525112,20.671156503578942
2.5299999999998324,-0.07369946855454615,-3.0066887172813925,20.671189826503614
2.5309999999998323,-0.07105146316552544,-3.0028059175526027,20.67122212890422
2.531999999999832,-0.06840814290777203,-2.999061257843429,20.671253291230734
2.532999999999832,-0.06576941011130122,-2.9954545382028583,20.671283197295125
2.533999999999832,-0.06313516272246175,-2.991985566667033,20.671311734793278
2.534999999999832,-0.06050529420861611,-2.9886541594836227,20.671338795863
2.5359999999998317,-0.05787969348756131,-2.9854601413486965,20.67136427768289
2.5369999999998316,-0.05525824488238784,-2.9824033456565244,20.671388083118877
2.5379999999998315,-0.052640828099682985,-2.9794836147591397,20.67141012141013
2.5389999999998314,-0.05002731823527223,-2.976700800240395,20.67143030891497
2.5399999999998313,-0.0474175858052108,-2.97405476320385,20.671448569908446
2.540999999999831,-0.0448114968023777,-2.971545374572975,20.671464837438577
2.541999999999831,-0.04220891277850257,-2.969172515407581,20.671479054245957
2.542999999999831,-0.039609690954122506,-2.966936077234789,20.67149117375356
2.543999999999831,-0.03701368435172314,-2.9648359623966174,20.67150116112061
2.5449999999998307,-0.03442074195499617,-2.962872084414295,20.67150899437106
2.5459999999998306,-0.031830708893803114,-2.961044368369569,20.67151466560329
2.5469999999998305,-0.029243426652818386,-2.959352751306741,20.671518182273417
2.5479999999998304,-0.02665873330485659,-2.9577971826518956,20.671519568557002
2.5489999999998303,-0.02407646376821973,-2.9563776246534186,20.671518866793555
2.54999999999983,-0.021496450088486635,-2.955094052844466,20.671516139013285
2.55099999999983,-0.018918521742355213,-2.953946456526383,20.671511468540942
2.55199999999983,-0.01634250596767161,-2.9529348392759163,20.671504961675723
2.55299999999983,-0.013768228117684932,-2.9520592194761273,20.671496749446092
2.5539999999998297,-0.011195512037497357,-2.95131963087091,20.67148698943189
2.5549999999998296,-0.008624180468520128,-2.950716123145066,20.671475867645608
2.5559999999998295,-0.0060540554810906005,-2.9502487625307166,20.671463600460893
2.5569999999998294,-0.003484958932456754,-2.9499176324376704,20.671450436581807
2.5579999999998293,-0.0009314893076584271,-2.9497213677176495,20.67143089900705
2.558999999999829,0.0016204403809126702,-2.9496620655872423,20.671410939162755
2.559999999999829,0.0042168112674997385,-2.9497432689950687,20.671408428465305
2.560999999999829,0.00684193188960093,-2.9499617647386427,20.6714168195828
2.561999999999829,0.009465393554730889,-2.9503147134458567,20.671424505965014
2.5629999999998287,0.012087334217704526,-2.950802310680226,20.67143181475765
2.5639999999998286,0.01470788986717459,-2.9514247379577427,20.67143902301146
2.5649999999998285,0.01732719535098446,-2.9521821642396446,20.671446361602165
2.5659999999998284,0.0199453851342428,-2.9530747473450325,20.671454019037775
2.5669999999998283,0.022562593993276314,-2.954102635290345,20.6714621451342
2.567999999999828,0.02517895764427698,-2.955265967551859,20.671470854543575
2.568999999999828,0.027794613304011416,-2.9565648762585885,20.671480230122413
2.569999999999828,0.030409700184778107,-2.957999487318561,20.671490326131654
2.570999999999828,0.03302435992291245,-2.9595699214778284,20.671501171252867
2.5719999999998278,0.03563873694328287,-2.961276295319312,20.67151277143516
2.5729999999998276,0.03825297875914335,-2.9631187221999573,20.671525112555937
2.5739999999998275,0.040867236211481014,-2.965097313133138,20.67153816290074
2.5749999999998274,0.04348166364759823,-2.9672121776164317,20.67155187547234
2.5759999999998273,0.0460964190434328,-2.969463424406196,20.6715661901225
2.576999999999827,0.048711664070764216,-2.9718511622465886,20.67158103551796
2.577999999999827,0.05132756411311515,-2.9743755005487493,20.67159633094698
2.578999999999827,0.05394428823439158,-2.977036550026986,20.671611987971723
2.579999999999827,0.0565620090993174,-2.979834423293979,20.671627911932497
2.5809999999998268,0.05918090285561732,-2.9827692354147377,20.67164400331667
2.5819999999998267,0.061801148976566384,-2.985841104423388,20.671660158994854
2.5829999999998265,0.0644229300695131,-2.9890501518045096,20.671676273335883
2.5839999999998264,0.06704643165404114,-2.9923965029404878,20.67169223921072
2.5849999999998263,0.06967184191308395,-2.9958802875261226,20.671707948885857
2.585999999999826,0.07229935142157616,-2.9995016399544334,20.6717232948248
2.586999999999826,0.07492915285613083,-3.0032606996717197,20.671738170395823
2.587999999999826,0.0775614406886109,-3.0071576115066576,20.67175247049821
2.588999999999826,0.08019641086880624,-3.0111925259742467,20.67176609211705
2.5899999999998258,0.08283426049927212,-3.0153655995540003,20.671778934805694
2.5909999999998257,0.08547518750378905,-3.019676994945754,20.671790901111095
2.5919999999998256,0.08811939029709918,-3.0241268813043813,20.671801896940813
2.5929999999998254,0.09076706745363339,-3.0287154344531437,20.671811831883023
2.5939999999998253,0.09341841738333191,-3.033442837078276,20.671820619484187
2.5949999999998252,0.09607363801377826,-3.038309278905432,20.671828177484663
2.595999999999825,0.09873292648160648,-3.0433149568588043,20.671834428024454
2.596999999999825,0.10139647883758192,-3.048460075204913,20.671839297817108
2.597999999999825,0.10406448976545528,-3.0537448456792835,20.671842718301576
2.598999999999825,0.10673715231685103,-3.059169487601939,20.67184462577246
2.5999999999998247,0.1094146576633873,-3.064734227978101,20.67184496148565
2.6009999999998246,0.11209719486870896,-3.070439301585947,20.6718436717594
2.6019999999998245,0.11478495068126059,-3.076284951054766,20.671840708061595
2.6029999999998243,0.11747810934545048,-3.0822714269319977,20.671836027076857
2.6039999999998242,0.12017685243636857,-3.088398987739276,20.67182959077945
2.604999999999824,0.12288135871696755,-3.0946679000211237,20.671821366495763
2.605999999999824,0.12559180401593423,-3.101078438384416,20.67181132695999
2.606999999999824,0.12830836112743213,-3.107630885530848,20.671799450374177
2.607999999999824,0.1310311997342956,-3.1143255322824275,20.67178572046072
2.6089999999998237,0.13376048635112817,-3.1211626776003567,20.671770126518854
2.6099999999998236,0.1364963842887391,-3.128142628599806,20.67175266347949
2.6109999999998235,0.13923905363905284,-3.1352657005572393,20.671733331963576
2.6119999999998234,0.1419886512772532,-3.1425322169150673,20.671712138339796
2.6129999999998232,0.14474533088566727,-3.149942509282406,20.67168909478608
2.613999999999823,0.14750924299158802,-3.1574969174315966,20.671664219350312
2.614999999999823,0.15028053502138733,-3.1651957892923526,20.67163753601369
2.615999999999823,0.15305935137077337,-3.1730394809421885,20.671609074757008
2.616999999999823,0.15584583348806924,-3.1810283565951063,20.671578871623435
2.6179999999998227,0.15864011996874183,-3.1891627885893574,20.671546968784913
2.6189999999998226,0.16144234666029708,-3.1974431573710325,20.671513414606103
2.6199999999998225,0.1642526467785114,-3.2058698514782416,20.671478263706625
2.6209999999998224,0.16707115103067266,-3.2144432675226255,20.671441577016566
2.6219999999998223,0.16989798774346593,-3.2231638101693614,20.671403421833666
2.622999999999822,0.17273328299987992,-3.232031892116294,20.67136387186832
2.623999999999822,0.17557716077856445,-3.241047934071492,20.671323007283238
2.624999999999822,0.17842974309540827,-3.2502123647299346,20.67128091472482
2.625999999999822,0.18129115014823327,-3.259525620747077,20.67123768733581
2.6269999999998217,0.18416150046158578,-3.26898814671112,20.671193424762166
2.6279999999998216,0.1870409110317638,-3.2786003951139913,20.67114823313913
2.6289999999998215,0.1899294974700098,-3.2883628263188767,20.6711022250554
2.6299999999998214,0.19282737414525794,-3.2982759085256035,20.671055519500573
2.6309999999998213,0.1957346543218785,-3.3083401177321923,20.67100824178454
2.631999999999821,0.1986514502960111,-3.318555937691504,20.67096052343005
2.632999999999821,0.2015778735276557,-3.328923859866887,20.6709125020317
2.633999999999821,0.2045140347666059,-3.339444383378553,20.670864321085986
2.634999999999821,0.20746004417688338,-3.350118014946327,20.670816129778565
2.6359999999998207,0.21041601145292518,-3.360945268827964,20.6707680827323
2.6369999999998206,0.21338204593158763,-3.3719266667454795,20.67072033971144
2.6379999999998205,0.21635825669911266,-3.383062737808488,20.670673065277256
2.6389999999998204,0.2193447526925022,-3.39435401842554,20.670626428392023
2.6399999999998203,0.2223416427950346,-3.4058010522063986,20.670580601970453
2.64099999999982,0.22534903592486383,-3.4174043898561166,20.670535762370406
2.64199999999982,0.22836704112176337,-3.429164589054798,20.670492088823295
2.64299999999982,0.2313957676259491,-3.4410822143284836,20.670449762806886
2.64399999999982,0.234435324952036,-3.45315783690407,20.670408967346102
2.6449999999998197,0.23748582295999926,-3.4653920345538096,20.67036988624911
2.6459999999998196,0.24054737192062334,-3.4777853914244976,20.67033270327527
2.6469999999998195,0.2436200825780228,-3.4903384978519014,20.670297601236825
2.6479999999998194,0.24670406620656443,-3.5030519501625044,20.670264761025976
2.6489999999998193,0.249799434665676,-3.5159263504565383,20.670234360579897
2.649999999999819,0.2529063004536867,-3.5289623063798254,20.67020657377858
2.650999999999819,0.25602477675609164,-3.542160430879355,20.67018156927692
2.651999999999819,0.25915497749142646,-3.5555213419428178,20.670159509282914
2.652999999999819,0.26229701735870425,-3.5690456623267854,20.670140548280713
2.6539999999998187,0.2654510118808058,-3.582734019270851,20.670124831705188
2.6549999999998186,0.26861707744467556,-3.596587044200828,20.67011249458138
2.6559999999998185,0.27179533134433914,-3.6106053724202893,20.67010366013442
2.6569999999998184,0.2749858918204359,-3.6247896427960935,20.67009843837862
2.6579999999998183,0.27818887809829973,-3.6391404974349095,20.67009692470715
2.658999999999818,0.2814044104264076,-3.653658581359668,20.670099198484106
2.659999999999818,0.2846326101122391,-3.668344542184867,20.670105321660955
2.660999999999818,0.28787359955866015,-3.683199029792213,20.670115337442184
2.661999999999818,0.291127502297655,-3.6982226960169546,20.670129268995847
2.6629999999998177,0.2943944430233497,-3.7134161943414146,20.670147118250316
2.6639999999998176,0.2976745476222814,-3.7287801796062117,20.670168864790426
2.6649999999998175,0.30096794320108294,-3.7443153077398734,20.67019446486082
2.6659999999998174,0.3042747581150165,-3.760022235513829,20.670223850516507
2.6669999999998173,0.30759512198971195,-3.7759016203277227,20.6702569289282
2.667999999999817,0.3109291657413372,-3.7919541200285614,20.67029358186898
2.668999999999817,0.31427702159397725,-3.8081803927719706,20.670333665398513
2.669999999999817,0.3176388230926237,-3.8245810969294496,20.67037700976531
2.670999999999817,0.321014705112566,-3.8411568910433305,20.670423419542246
2.6719999999998167,0.324404803863889,-3.8579084338440497,20.67047267401518
2.6729999999998166,0.32780925689274176,-3.8748363843242677,20.670524527832065
2.6739999999998165,0.3312282030784033,-3.8919414018782446,20.67057871192005
2.6749999999998164,0.33466178262653856,-3.9092241465145623,20.67063493469292
2.6759999999998163,0.29333880088621506,-2.922077629554657,20.643779439323698
2.676999999999816,-0.014359505518181832,-2.271384382468712,20.647769447829262
2.677999999999816,-0.011155589823598211,-2.290483815868591,20.657683646841328
2.678999999999816,-0.008448812476711101,-2.3093832078505354,20.66827448793122
2.679999999999816,-0.006984793217396208,-2.316593479691284,20.67093505781405
2.6809999999998158,-0.006267859513591177,-2.321826631736797,20.670996350707057
2.6819999999998156,-0.006075582218681527,-2.3289585470855325,20.671057170255462
2.6829999999998155,-0.006413476451806038,-2.3380331733678887,20.67111712096287
2.6839999999998154,-0.007286424607804737,-2.3490746425409883,20.67117580753918
2.6849999999998153,-0.008698641005425438,-2.3620882870790005,20.671232838461385
2.685999999999815,-0.010653638265624592,-2.3770618365343865,20.671287829651718
2.686999999999815,-0.013154196126232073,-2.393966785274715,20.67134040823487
2.687999999999815,-0.01620233329832433,-2.4127599243193245,20.671390216339713
2.688999999999815,-0.019799282864764643,-2.433385032383127,20.671436914916022
2.6899999999998148,-0.023945471611718026,-2.4557747233746143,20.671480187526477
2.6909999999998147,-0.028640503565675476,-2.479852449643799,20.671519744089327
2.6919999999998145,-0.03388314790817966,-2.5055346621181678,20.6715553245279
2.6929999999998144,0.044678923179606686,-1.9038890310979455,20.67158670231705
2.6939999999998143,0.04077421036324541,-1.917101858317388,20.671613687889632
2.694999999999814,0.0363852724146493,-1.9312372394083424,20.67163613188231
2.695999999999814,0.03152550394480835,-1.9461690765471722,20.67165392821622
2.696999999999814,0.026208849863048094,-1.9617791569034455,20.67166701699
2.697999999999814,0.020449601269236926,-1.9779612098350334,20.671675387188184
2.6989999999998138,0.014262176253048396,-1.9946251976303295,20.671679079205315
2.6999999999998137,0.007660885723908703,-2.0117018445573196,20.671678187190608
2.7009999999998136,0.0006596844206807999,-2.029147407715512,20.67167286122993
2.7019999999998134,-0.006728092731070695,-2.046948691588981,20.67166330938521
2.7029999999998133,0.03732504881450212,-1.8673253338386848,20.671649799618738
2.703999999999813,0.15533995599682526,-1.4725999920141954,20.6716326616397
2.704999999999813,0.278482801351668,-1.1510174536281825,20.671612288708232
2.705999999999813,0.4068173881538063,-0.9013231896938585,20.671589139451225
2.706999999999813,0.5403816995944978,-0.7246947161059047,20.67156373974163
2.707999999999813,0.6570639390378412,-0.6853198094215518,20.671506753073576
2.7089999999998127,-0.0035747702628183796,0.008269435277415693,10.217064937248443
2.7099999999998126,-1.8379053648933108,-0.4909692911665591,0.0
2.7109999999998124,-1.6834441099620343,0.2788405391583577,0.0
2.7119999999998123,-1.5299682747798045,0.9580333775840408,0.0
2.7129999999998122,-1.3776169643569687,1.5532082727928982,0.0
2.713999999999812,-1.226608893835592,2.0674880657701395,0.0
2.714999999999812,-1.0772460264461763,2.5008182490251265,0.0
2.715999999999812,-0.9299167878104646,2.8503025026551496,0.0
2.716999999999812,-0.7850991548795792,3.1105779701294205,0.0
2.7179999999998117,-0.6433635488007206,3.274238092953237,0.0
2.7189999999998116,-0.5053750574375457,3.3323145608009463,0.0
2.7199999999998115,-0.3718940831320571,3.2748320986843074,0.0
2.7209999999998113,-0.24377408037577442,3.091449544578172,0.0
2.7219999999998112,-0.12195466416054272,2.77219686550997,0.0
2.722999999999811,-0.05053009343980065,2.519551326938641,0.0
2.723999999999811,0.2918938386529733,2.284829427206719,0.5269881726752397
2.724999999999811,0.2889894707161468,2.277361406934395,0.5493774396432123
2.725999999999811,-0.0007499361213470926,2.2189712190690964,0.5608873723163842
2.7269999999998107,-0.0014707199197052118,2.2118426476269173,0.581370364982804
2.7279999999998106,-0.0018408697312643574,2.205163630385024,0.6010219100922373
2.7289999999998105,-0.0018595567586723212,2.1989407846902163,0.6198415521642214
2.7299999999998104,-0.001526683604824856,2.1931798023628355,0.6378295235693497
2.7309999999998102,-0.0008429120461777842,2.187885461906429,0.6549867389755822
2.73199999999981,0.0001903163343579175,2.18306164323333,0.6713147891701721
2.73299999999981,0.0015707666380702385,2.17871134488891,0.6868159343611093
2.73399999999981,0.00329540418829357,2.174836703729836,0.7014930970283632
2.73499999999981,0.005360394980139067,2.1714390169842788,0.715349854365135
2.7359999999998097,0.007761112845478819,2.1685187665853802,0.7283904303684674
2.7369999999998096,0.01049215307486764,2.166075645644319,0.7406196875962789
2.7379999999998095,0.013547352183727396,2.1641085868988474,0.752043118618808
2.7389999999998094,0.016919813454560097,2.1626157929493055,0.7626668371658977
2.7399999999998093,0.02060193783491619,2.1615947680640453,0.7724975689865087
2.740999999999809,0.02458545973175471,2.1610423513255044,0.7815426424132971
2.741999999999809,0.2608289860744549,1.7636231135902634,0.7939837278074915
2.742999999999809,0.6047477735818725,0.891220751061412,0.7736433757558889
2.743999999999809,0.0,0.0,0.0
2.7449999999998087,0.0,0.0,0.0
2.7459999999998086,0.0,0.0,0.0
2.7469999999998085,0.0,0.0,0.0
2.7479999999998084,0.0,0.0,0.0
2.7489999999998083,0.0,0.0,0.0
2.749999999999808,0.0,0.0,0.0
2.750999999999808,0.0,0.0,0.0
2.751999999999808,0.0,0.0,0.0
2.752999999999808,0.0,0.0,0.0
2.7539999999998077,0.0,0.0,0.0
2.7549999999998076,0.0,0.0,0.0
2.7559999999998075,0.0,0.0,0.0
2.7569999999998074,0.0,0.0,0.0
2.7579999999998073,0.0,0.0,0.0
2.758999999999807,0.0,0.0,0.0
2.759999999999807,0.0,0.0,0.0
2.760999999999807,0.0,0.0,0.0
2.761999999999807,0.0,0.0,0.0
2.7629999999998067,0.0,0.0,0.0
2.7639999999998066,0.0,0.0,0.0
2.7649999999998065,0.0,0.0,0.0
2.7659999999998064,0.0,0.0,0.0
2.7669999999998063,0.0,0.0,0.0
2.767999999999806,0.0,0.0,0.0
2.768999999999806,0.0,0.0,0.0
2.769999999999806,0.0,0.0,0.0
2.770999999999806,0.0,0.0,0.0
2.7719999999998057,0.0,0.0,0.0
2.7729999999998056,0.0,0.0,0.0
2.7739999999998055,0.0,0.0,0.0
2.7749999999998054,0.0,0.0,0.0
2.7759999999998053,0.0,0.0,0.0
2.776999999999805,0.0,0.0,0.0
2.777999999999805,0.0,0.0,0.0
2.778999999999805,0.0,0.0,0.0
2.779999999999805,0.0,0.0,0.0
2.7809999999998047,0.0,0.0,0.0
2.7819999999998046,0.0,0.0,0.0
2.7829999999998045,0.0,0.0,0.0
2.7839999999998044,0.0,0.0,0.0
2.7849999999998043,0.0,0.0,0.0
2.785999999999804,0.0,0.0,0.0
2.786999999999804,0.0,0.0,0.0
2.787999999999804,0.0,0.0,0.0
2.788999999999804,0.0,0.0,0.0
2.7899999999998037,0.0,0.0,0.0
2.7909999999998036,0.0,0.0,0.0
2.7919999999998035,0.0,0.0,0.0
2.7929999999998034,0.0,0.0,0.0
2.7939999999998033,0.0,0.0,0.0
2.794999999999803,0.0,0.0,0.0
2.795999999999803,0.0,0.0,0.0
2.796999999999803,0.0,0.0,0.0
2.797999999999803,0.0,0.0,0.0
2.7989999999998028,0.0,0.0,0.0
2.7999999999998026,0.0,0.0,0.0
2.8009999999998025,0.0,0.0,0.0
2.8019999999998024,0.0,0.0,0.0
2.8029999999998023,0.0,0.0,0.0
2.803999999999802,0.0,0.0,0.0
2.804999999999802,0.0,0.0,0.0
2.805999999999802,0.0,0.0,0.0
2.806999999999802,0.0,0.0,0.0
2.8079999999998018,0.0,0.0,0.0
2.8089999999998017,0.0,0.0,0.0
2.8099999999998015,0.0,0.0,0.0
2.8109999999998014,0.0,0.0,0.0
2.8119999999998013,0.0,0.0,0.0
2.812999999999801,0.0,0.0,0.0
2.813999999999801,0.0,0.0,0.0
2.814999999999801,0.0,0.0,0.0
2.815999999999801,0.0,0.0,0.0
2.8169999999998008,0.0,0.0,0.0
2.8179999999998007,0.0,0.0,0.0
2.8189999999998006,0.0,0.0,0.0
2.8199999999998004,0.0,0.0,0.0
2.8209999999998003,0.0,0.0,0.0
2.8219999999998002,0.0,0.0,0.0
2.8229999999998,0.0,0.0,0.0
2.8239999999998,0.0,0.0,0.0
2.8249999999998,0.0,0.0,0.0
2.8259999999998,0.0,0.0,0.0
2.8269999999997997,0.0,0.0,0.0
2.8279999999997996,0.0,0.0,0.0
2.8289999999997995,0.0,0.0,0.0
2.8299999999997993,0.0,0.0,0.0
2.8309999999997992,0.0,0.0,0.0
2.831999999999799,0.0,0.0,0.0
2.832999999999799,0.0,0.0,0.0
2.833999999999799,0.0,0.0,0.0
2.834999999999799,0.0,0.0,0.0
2.8359999999997987,0.0,0.0,0.0
2.8369999999997986,0.0,0.0,0.0
2.8379999999997985,0.0,0.0,0.0
2.8389999999997984,0.0,0.0,0.0
2.8399999999997982,0.0,0.0,0.0
2.840999999999798,0.0,0.0,0.0
2.841999999999798,0.0,0.0,0.0
2.842999999999798,0.0,0.0,0.0
2.843999999999798,0.0,0.0,0.0
2.8449999999997977,0.0,0.0,0.0
2.8459999999997976,0.0,0.0,0.0
2.8469999999997975,0.0,0.0,0.0
2.8479999999997974,0.0,0.0,0.0
2.8489999999997973,0.0,0.0,0.0
2.849999999999797,0.0,0.0,0.0
2.850999999999797,0.0,0.0,0.0
2.851999999999797,0.0,0.0,0.0
2.852999999999797,0.0,0.0,0.0
2.8539999999997967,0.0,0.0,0.0
2.8549999999997966,0.0,0.0,0.0
2.8559999999997965,0.0,0.0,0.0
2.8569999999997964,0.0,0.0,0.0
2.8579999999997963,0.0,0.0,0.0
2.858999999999796,0.0,0.0,0.0
2.859999999999796,0.0,0.0,0.0
2.860999999999796,0.0,0.0,0.0
2.861999999999796,0.0,0.0,0.0
2.8629999999997957,0.0,0.0,0.0
2.8639999999997956,0.0,0.0,0.0
2.8649999999997955,0.0,0.0,0.0
2.8659999999997954,0.0,0.0,0.0
2.8669999999997953,0.0,0.0,0.0
2.867999999999795,0.0,0.0,0.0
2.868999999999795,0.0,0.0,0.0
2.869999999999795,0.0,0.0,0.0
2.870999999999795,0.0,0.0,0.0
2.8719999999997947,0.0,0.0,0.0
2.8729999999997946,0.0,0.0,0.0
2.8739999999997945,0.0,0.0,0.0
2.8749999999997944,0.0,0.0,0.0
2.8759999999997943,0.0,0.0,0.0
2.876999999999794,0.0,0.0,0.0
2.877999999999794,0.0,0.0,0.0
2.878999999999794,0.0,0.0,0.0
2.879999999999794,0.0,0.0,0.0
2.8809999999997937,0.0,0.0,0.0
2.8819999999997936,0.0,0.0,0.0
2.8829999999997935,0.0,0.0,0.0
2.8839999999997934,0.0,0.0,0.0
2.8849999999997933,0.0,0.0,0.0
2.885999999999793,0.0,0.0,0.0
2.886999999999793,0.0,0.0,0.0
2.887999999999793,0.0,0.0,0.0
2.888999999999793,0.0,0.0,0.0
2.8899999999997927,0.0,0.0,0.0
2.8909999999997926,0.0,0.0,0.0
2.8919999999997925,0.0,0.0,0.0
2.8929999999997924,0.0,0.0,0.0
2.8939999999997923,0.0,0.0,0.0
2.894999999999792,0.0,0.0,0.0
2.895999999999792,0.0,0.0,0.0
2.896999999999792,0.0,0.0,0.0
2.897999999999792,0.0,0.0,0.0
2.8989999999997917,0.0,0.0,0.0
2.8999999999997916,0.0,0.0,0.0
2.9009999999997915,0.0,0.0,0.0
2.9019999999997914,0.0,0.0,0.0
2.9029999999997913,0.0,0.0,0.0
2.903999999999791,0.0,0.0,0.0
2.904999999999791,0.0,0.0,0.0
2.905999999999791,0.0,0.0,0.0
2.906999999999791,0.0,0.0,0.0
2.9079999999997908,0.0,0.0,0.0
2.9089999999997906,0.0,0.0,0.0
2.9099999999997905,0.0,0.0,0.0
2.9109999999997904,0.0,0.0,0.0
2.9119999999997903,0.0,0.0,0.0
2.91299999999979,0.0,0.0,0.0
2.91399999999979,0.0,0.0,0.0
2.91499999999979,0.0,0.0,0.0
2.91599999999979,0.0,0.0,0.0
2.9169999999997898,0.0,0.0,0.0
2.9179999999997897,0.0,0.0,0.0
2.9189999999997895,0.0,0.0,0.0
2.9199999999997894,0.0,0.0,0.0
2.9209999999997893,0.0,0.0,0.0
2.921999999999789,0.0,0.0,0.0
2.922999999999789,0.0,0.0,0.0
2.923999999999789,0.0,0.0,0.0
2.924999999999789,0.0,0.0,0.0
2.9259999999997888,0.0,0.0,0.0
2.9269999999997887,0.0,0.0,0.0
2.9279999999997885,0.0,0.0,0.0
2.9289999999997884,0.0,0.0,0.0
2.9299999999997883,0.0,0.0,0.0
2.930999999999788,0.0,0.0,0.0
2.931999999999788,0.0,0.0,0.0
2.932999999999788,0.0,0.0,0.0
2.933999999999788,0.0,0.0,0.0
2.934999999999788,0.0,0.0,0.0
2.9359999999997877,0.0,0.0,0.0
2.9369999999997876,0.0,0.0,0.0
2.9379999999997874,0.0,0.0,0.0
2.9389999999997873,0.0,0.0,0.0
2.9399999999997872,0.0,0.0,0.0
2.940999999999787,0.0,0.0,0.0
2.941999999999787,0.0,0.0,0.0
2.942999999999787,0.0,0.0,0.0
2.943999999999787,0.0,0.0,0.0
2.9449999999997867,0.0,0.0,0.0
2.9459999999997866,0.0,0.0,0.0
2.9469999999997865,0.0,0.0,0.0
2.9479999999997863,0.0,0.0,0.0
2.9489999999997862,0.0,0.0,0.0
2.949999999999786,0.0,0.0,0.0
2.950999999999786,0.0,0.0,0.0
2.951999999999786,0.0,0.0,0.0
2.952999999999786,0.0,0.0,0.0
2.9539999999997857,0.0,0.0,0.0
2.9549999999997856,0.0,0.0,0.0
2.9559999999997855,0.0,0.0,0.0
2.9569999999997854,0.0,0.0,0.0
2.9579999999997852,0.0,0.0,0.0
2.958999999999785,0.0,0.0,0.0
2.959999999999785,0.0,0.0,0.0
2.960999999999785,0.0,0.0,0.0
2.961999999999785,0.0,0.0,0.0
2.9629999999997847,0.0,0.0,0.0
2.9639999999997846,0.0,0.0,0.0
2.9649999999997845,0.0,0.0,0.0
2.9659999999997844,0.0,0.0,0.0
2.9669999999997843,0.0,0.0,0.0
2.967999999999784,0.0,0.0,0.0
2.968999999999784,0.0,0.0,0.0
2.969999999999784,0.0,0.0,0.0
2.970999999999784,0.0,0.0,0.0
2.9719999999997837,0.0,0.0,0.0
2.9729999999997836,0.0,0.0,0.0
2.9739999999997835,0.0,0.0,0.0
2.9749999999997834,0.0,0.0,0.0
2.9759999999997833,0.6482299923905344,0.8164512476616504,0.8079178433030361
2.976999999999783,0.4615444059677574,1.6922914489426342,0.8287663639596428
2.977999999999783,0.29786610323020046,2.1095352847860127,0.8143513402369127
2.978999999999783,0.29814694743705,2.10979775298694,0.8047144312569683
2.979999999999783,0.2989062174742513,2.1105335130515703,0.7943945520965869
2.9809999999997827,0.3001537024068831,2.1117443561831153,0.7833837496980897
2.9819999999997826,0.30189821217332863,2.1134313811176844,0.7716742979128284
2.9829999999997825,0.3041475365774433,2.1155949658667823,0.7592587059883511
2.9839999999997824,0.30690841102629574,2.1182347407352315,0.7461297288610158
2.9849999999997823,0.3101864895790189,2.1213495628123447,0.7322803793267884
2.985999999999782,0.31398632581659935,2.1249374921234025,0.7177039421053018
2.986999999999782,0.3183113619657024,2.1289957696007153,0.7023939898112862
2.987999999999782,0.3231639266361326,2.1335207970150853,0.6863444008048296
2.988999999999782,0.32854524145581476,2.1385081189815836,0.6695493788759693
2.9899999999997817,0.3344554368021179,2.143952407129479,0.6520034746747124
2.9909999999997816,0.34089357674483234,2.1498474465012025,0.633701608776464
2.9919999999997815,0.34785769324314236,2.156186124216502,0.6146390962545022
2.9929999999997814,0.6491056709430365,2.1725158575454815,0.6058148584436154
2.9939999999997813,0.6586485919857737,2.1781491685896057,0.584988281286698
2.994999999999781,0.6687675162031123,2.1841637845145927,0.5633813280528406
2.995999999999781,0.3317602173723715,2.367465442725547,0.0
2.996999999999781,0.33229605736743995,2.3319040531415873,0.0
2.997999999999781,0.3009337075964382,2.3790378027663,0.0
2.9989999999997807,0.1957899313257908,2.4849001881879333,0.0
2.9999999999997806,0.06998715796283927,2.462386510286945,0.0
3.0009999999997805,-0.07433410136137095,2.322573379059979,0.0
3.0019999999997804,-0.23519299672625898,2.075990004661636,0.0
3.0029999999997803,-0.4108364121461824,1.7320474920333662,0.0
3.00399999999978,-0.5997940825655141,1.298555618580135,0.0
3.00499999999978,-0.8009241791683082,0.7813094706580266,0.0
3.00599999999978,-1.0134521360585025,0.18372995355971877,0.0
3.00699999999978,-1.237004619799324,-0.49345415280690297,0.0
3.0079999999997797,-1.4716395687940975,-1.2524900757027098,0.0
3.0089999999997796,-1.6746770822115846,-2.0019198358329167,0.0
3.0099999999997795,0.001977176692140933,-0.008812737505477378,10.280338113045472
3.0109999999997794,0.8482984544844993,0.9174714127929784,20.670044396984032
3.0119999999997793,0.6646106054464881,0.6781037162886951,20.67006780704138
3.012999999999779,0.477623115983051,0.3640530647905207,20.67009098787505
3.013999999999779,0.2879581543396129,-0.01969745905934328,20.67011453461374
3.014999999999779,0.09584810613830486,-0.4711020046206187,20.67013895382305
3.015999999999779,-0.0987867311278899,-0.9905279812254064,20.67016466907679
3.0169999999997787,-0.2962609731430502,-1.5802261553700006,20.670192026136533
3.0179999999997786,-0.40711206936617994,-1.9418269086565658,20.670221297801856
3.0189999999997785,-0.40066207152747596,-1.9271752916094413,20.67025268851913
3.0199999999997784,-0.3945468920268093,-1.912786292010464,20.67028633879916
3.0209999999997783,-0.38878218782799545,-1.8986978610794967,20.6703223294921
3.021999999999778,-0.38338687294107054,-1.8849724493055509,20.67036068597315
3.022999999999778,-0.37838228700103915,-1.8716920730990556,20.670401382255395
3.023999999999778,-0.37379140150920565,-1.8589535962305583,20.670444345068514
3.024999999999778,-0.36963806472174376,-1.8468642297482047,20.670489457921548
3.0259999999997778,-0.564555902346169,-2.4622702176625664,20.670536565155544
3.0269999999997776,-0.5564737289750659,-2.4367898823196636,20.670585475998976
3.0279999999997775,-0.5489991451183357,-2.4126937534031176,20.67063596862675
3.0289999999997774,-0.5421411920525087,-2.390058146506332,20.670687794214324
3.0299999999997773,-0.5359073296586587,-2.368952180000792,20.67074068098074
3.030999999999777,-0.5303031678843048,-2.3494352547637973,20.670794338212506
3.031999999999777,-0.5253322241253401,-2.3315547258724774,20.670848460242713
3.032999999999777,-0.5209957070604205,-2.3153437697531793,20.670902730372585
3.033999999999777,-0.5172923275236008,-2.3008194515254905,20.67095682471681
3.0349999999997768,-0.5142181370520499,-2.2879809986760833,20.671010415941105
3.0359999999997767,-0.5117663948114202,-2.2768082886702103,20.6710631768785
3.0369999999997765,-0.5099274636479683,-2.267260559565546,20.671114783991428
3.0379999999997764,-0.5086887360538119,-2.2592753540648376,20.67116492066185
3.0389999999997763,-0.5080345908582726,-2.2527677086327014,20.67121328028776
3.039999999999776,-0.5079463814410003,-2.247629600152398,20.671259569157424
3.040999999999776,-0.5084024562220667,-2.243729663083002,20.671303509088535
3.041999999999776,-0.5091366230606102,-2.2369133699298884,20.669144162705834
3.042999999999776,-0.30426583476680036,-2.8942332106933435,20.66618674151526
3.0439999999997758,-0.3351272058080855,-3.9292368385881193,20.671418734623607
3.0449999999997757,-0.331677046360642,-3.9116923149188594,20.671450885430644
3.0459999999997756,-0.32824279943617385,-3.8943289693466205,20.67147960330992
3.0469999999997754,-0.32482428881681613,-3.8771458687241998,20.671504743708624
3.0479999999997753,-0.32142133711013354,-3.8601420987892583,20.67152618842896
3.0489999999997752,-0.3180337656595962,-3.8433167640391206,20.671543846032062
3.049999999999775,-0.31466139448018315,-3.8266689875438047,20.67155765196906
3.050999999999775,-0.31130404221790586,-3.810197910701562,20.671567568446577
3.051999999999775,-0.30796152613009486,-3.7939026929406174,20.671573584048243
3.052999999999775,-0.3046336620926917,-3.777782511375176,20.671575713127282
3.0539999999997747,-0.3013202646300107,-3.761836560417678,20.671573994982307
3.0549999999997746,-0.29802114696184046,-3.746064051356419,20.671568492845502
3.0559999999997745,-0.29473612107598113,-3.7304642119045806,20.67155929270183
3.0569999999997743,-0.2914649978189665,-3.715036285720589,20.671546501955383
3.0579999999997742,-0.28820758700400995,-3.6997795319137987,20.67153024797246
3.058999999999774,-0.28496369753632733,-3.6846932245350104,20.67151067652142
3.059999999999774,-0.28173313755379603,-3.6697766520560853,20.67148795013336
3.060999999999774,-0.27851571458046076,-3.655029116848656,20.671462246400544
3.061999999999774,-0.27531123569271376,-3.6404499346612815,20.671433756238
3.0629999999997737,-0.2721195076952262,-3.6260384340996223,20.671402682122732
3.0639999999997736,-0.2689403373063146,-3.6117939561175825,20.671369236336787
3.0649999999997735,-0.2657735313481513,-3.5977158535160823,20.67133363922858
3.0659999999997734,-0.26261889694501417,-3.583803490457126,20.671296117493952
3.0669999999997732,-0.25947624172502926,-3.5700562419926762,20.6712569025181
3.067999999999773,-0.2563453740218083,-3.5564734936136233,20.671216228764713
3.068999999999773,-0.25322610308076415,-3.5430546408155985,20.671174332234173
3.069999999999773,-0.250118239263056,-3.5297990886868558,20.671131449004008
3.070999999999773,-0.24702159424857373,-3.516706251518327,20.67108781384438
3.0719999999997727,-0.24393598123725013,-3.5037755524343472,20.67104365893032
3.0729999999997726,-0.24086121514693104,-3.4910064230471503,20.670999212643046
3.0739999999997725,-0.2377971128046638,-3.478398303133169,20.670954698467
3.0749999999997724,-0.23474349313633186,-3.465950640332097,20.67091033398492
3.0759999999997722,-0.23170017734858123,-3.453662889867006,20.67086632997242
3.076999999999772,-0.22866698910257277,-3.441534514287725,20.670822889585935
3.077999999999772,-0.22564375468425985,-3.4295649832319235,20.670780207645052
3.078999999999772,-0.22263030316364735,-3.4177537732075822,20.670738470014193
3.079999999999772,-0.21962646654690393,-3.4061003673954247,20.670697853065533
3.0809999999997717,-0.21663207992103234,-3.3946042554670584,20.670658523228973
3.0819999999997716,-0.2136469815871825,-3.383264933420993,20.670620636631206
3.0829999999997715,-0.21067101318577536,-3.372081903434066,20.670584338800936
3.0839999999997714,-0.20770401981363346,-3.361054673728214,20.670549764452993
3.0849999999997713,-0.20474585012647745,-3.3501827584495043,20.670517037341618
3.085999999999771,-0.20179635643541183,-3.3394656775600406,20.670486270168475
3.086999999999771,-0.19885539479126058,-3.3289029567437307,20.670457564555154
3.087999999999771,-0.195922825055618,-3.3184941273185125,20.670431011063343
3.088999999999771,-0.19299851096458193,-3.308238726160126,20.670406689268177
3.0899999999997707,-0.19008232017955112,-3.2981362956367812,20.670384667868518
3.0909999999997706,-0.18717412432316075,-3.2881863835471514,20.67036500483448
3.0919999999997705,-0.1842737990075839,-3.278388543067763,20.670347747599
3.0929999999997704,-0.18138122384882396,-3.268742332709451,20.670332933265385
3.0939999999997703,-0.17849628246561677,-3.259247316275287,20.670320588848462
3.09499999999977,-0.17561886246974123,-3.2499030628246013,20.67031073154063
3.09599999999977,-0.17274885544082824,-3.240709146644993,20.670303368984218
3.09699999999977,-0.16988615688781544,-3.2316651472249074,20.670298499572812
3.09799999999977,-0.16703066619631152,-3.2227706492331936,20.67029611275979
3.0989999999997697,-0.1641822865631951,-3.2140252425001616,20.670296189369765
3.0999999999997696,-0.16134092491632282,-3.205428522002289,20.67029870193215
3.1009999999997695,-0.15850649182067,-3.1969800878543526,20.670303615007647
3.1019999999997694,-0.15567890136889306,-3.1886795452992427,20.670310885520546
3.1029999999997693,-0.15285807105834556,-3.1805265047033475,20.670320463100616
3.103999999999769,-0.15004392165418662,-3.1725205815581328,20.67033229041535
3.104999999999769,-0.14723637703699974,-3.164661396479919,20.67034630350731
3.105999999999769,-0.14443536403700047,-3.156948575216251,20.670362432127376
3.106999999999769,-0.14164081225248162,-3.1493817486560567,20.670380600067414
3.1079999999997687,-0.13885265385852089,-3.1419605528409935,20.67040072548597
3.1089999999997686,-0.13607082339912852,-3.134684628984068,20.670422721234498
3.1099999999997685,-0.13329525756418448,-3.1275536234894155,20.67044649517578
3.1109999999997684,-0.1305258949607622,-3.120567187977615,20.67047195050012
3.1119999999997683,-0.1277626758686226,-3.113724979315657,20.670498986038744
3.112999999999768,-0.1250055419834899,-3.1070266596516056,20.670527496565768
3.113999999999768,-0.12225443615300963,-3.100471896453743,20.670557373104895
3.114999999999768,-0.11950930210462996,-3.094060362556064,20.670588503227574
3.115999999999768,-0.11677008416217191,-3.0877917362087115,20.67062077134972
3.1169999999997677,-0.11403672695775424,-3.0816657011338324,20.6706540590237
3.1179999999997676,-0.11130917513915395,-3.0756819465884724,20.67068824522836
3.1189999999997675,-0.10858737307036762,-3.0698401674333424,20.67072320666209
3.1199999999997674,-0.10587126453371351,-3.0641400642087584,20.670758818032066
3.1209999999997673,-0.10316079242591789,-3.0585813432164204,20.670794952343314
3.121999999999767,-0.10045589846003092,-3.0531637166101135,20.67083148119115
3.122999999999767,-0.09775652286590589,-3.047886902491308,20.67086827506145
3.123999999999767,-0.0950626040942574,-3.0427506250142726,20.670905203627342
3.124999999999767,-0.09237407853166435,-3.037754614498857,20.670942136055547
3.1259999999997667,-0.08969088021644248,-3.0328986075515125,20.67097894132657
3.1269999999997666,-0.08701294056775646,-3.028182347192995,20.671015488556638
3.1279999999997665,-0.08434018812488353,-3.0236055829958612,20.67105164733217
3.1289999999997664,-0.08167254829768941,-3.019168071231473,20.67108728806444
3.1299999999997663,-0.0790099431340251,-3.0148695750248176,20.671122282356524
3.130999999999766,-0.0763522911011891,-3.0107098645184776,20.671156503386236
3.131999999999766,-0.07369950688373156,-3.00668871704559,20.6711898263153
3.132999999999766,-0.07105150120352641,-3.002805917315282,20.67122212872068
3.133999999999766,-0.0684081806570673,-2.9990612576047977,20.671253291053063
3.1349999999997658,-0.06576944757475497,-2.995454537962974,20.671283197123763
3.1359999999997656,-0.06313519990274924,-2.9919855664261155,20.67131173462805
3.1369999999997655,-0.060505331108568344,-2.9886541592418787,20.671338795703743
3.1379999999997654,-0.05787973011092187,-2.9854601411061865,20.671364277530568
3.1389999999997653,-0.055258281232669376,-2.982403345413258,20.671388082973507
3.139999999999765,-0.052640864180237,-2.9794836145154138,20.67141012127181
3.140999999999765,-0.0500273540499466,-2.976700799996288,20.671430308784267
3.141999999999765,-0.04741762135838076,-2.9740547629590814,20.671448569785696
3.142999999999765,-0.044811532097950746,-2.97154537432771,20.671464837323203
3.1439999999997648,-0.042208947820860265,-2.9691725151617954,20.67147905413876
3.1449999999997647,-0.03960972574767982,-2.9669360769887465,20.67149117365473
3.1459999999997645,-0.03701371890094267,-2.964835962150516,20.671501161029514
3.1469999999997644,-0.0344207762645881,-2.962872084167749,20.671508994287628
3.1479999999997643,-0.031830742968123535,-2.9610443681229643,20.671514665528587
3.148999999999764,-0.029243460496306245,-2.9593527510603366,20.67151818220706
3.149999999999764,-0.02665876692232451,-2.9577971824054403,20.671519568498525
3.150999999999764,-0.02407649716443022,-2.9563776244069517,20.671518866743448
3.151999999999764,-0.021496483267123112,-2.9550940525983775,20.671516138971736
3.1529999999997638,-0.018918554707634705,-2.953946456280775,20.671511468507482
3.1539999999997637,-0.01634253872462016,-2.9529348390310917,20.671504961650246
3.1549999999997635,-0.013768260669933252,-2.952059219232394,20.67149674942901
3.1559999999997634,-0.01119554438744639,-2.9513196306282365,20.671486989423457
3.1569999999997633,-0.008624212620124735,-2.950716122903656,20.671475867645697
3.157999999999763,-0.00605408743780142,-2.9502487622913565,20.671463600468847
3.158999999999763,-0.003484990696348743,-2.949917632200963,20.671450436597823
3.159999999999763,-0.0009315208877150663,-2.9497213674841793,20.67143089903597
3.160999999999763,0.0016204089834855676,-2.949662065358136,20.6714109392045
3.161999999999763,0.004216780071789501,-2.9497432687699603,20.671408428507576
3.1629999999997627,0.006841900907922263,-2.949961764516428,20.671416819617214
3.1639999999997626,0.009465362785057295,-2.950314713225697,20.67142450599195
3.1649999999997624,0.012087303657627203,-2.9508023104620253,20.671431814777726
3.1659999999997623,0.014707859516115487,-2.9514247377413367,20.671439023025147
3.1669999999997622,0.017327165207963513,-2.9521821640245225,20.67144636161032
3.167999999999762,0.019945355198518484,-2.953074747131312,20.67145401904164
3.168999999999762,0.022562564264543436,-2.954102635078035,20.67146214513382
3.169999999999762,0.025178928122605464,-2.95526596734088,20.671470854539585
3.170999999999762,0.02779458398964789,-2.956564876049258,20.671480230116607
3.1719999999997617,0.030409671077652314,-2.957999487111125,20.671490326123255
3.1729999999997616,0.03302433102312062,-2.9595699212726005,20.671501171243104
3.1739999999997615,0.03563870825135698,-2.961276295116315,20.67151277142495
3.1749999999997613,0.03825295027515164,-2.963118721999363,20.67152511254539
3.1759999999997612,0.040867207935384155,-2.965097312935262,20.671538162891267
3.176999999999761,0.043481635579285915,-2.9672121774214872,20.67155187546341
3.177999999999761,0.046096391182554874,-2.969463424214768,20.671566190114678
3.178999999999761,0.048711636417285986,-2.9718511620587846,20.671581035513228
3.179999999999761,0.05132753666671808,-2.9743755003647623,20.671596330945263
3.1809999999997607,0.05394426099437258,-2.9770365498473366,20.67161198797262
3.1819999999997606,0.05656198206488437,-2.9798344231189393,20.67162791193642
3.1829999999997605,0.059180876025556425,-2.9827692352441098,20.671644003324634
3.1839999999997604,0.06180112234973448,-2.9858411042575215,20.671660159006557
3.1849999999997602,0.06442290364474762,-2.9890501516438426,20.671676273351736
3.18599999999976,0.06704640542962552,-2.9923965027848154,20.67169223923093
3.18699999999976,0.06967181588737847,-2.995880287375891,20.671707948910367
3.18799999999976,0.07229932559258256,-2.9995016398094663,20.6717232948541
3.18899999999976,0.07492912722154678,-3.003260699531886,20.67173817042947
3.1899999999997597,0.07756141524620296,-3.00715761137275,20.671752470536273
3.1909999999997596,0.08019638561612177,-3.0111925258458543,20.671766092159615
3.1919999999997595,0.08283423543340619,-3.015365599430825,20.671778934852192
3.1929999999997594,0.08547516262220044,-3.0196769948280324,20.671790901161515
3.1939999999997593,0.08811936559640576,-3.0241268811917226,20.67180189699542
3.194999999999759,0.09076704293116028,-3.0287154343455933,20.671811831941945
3.195999999999759,0.09341839303584466,-3.0334428369758766,20.671820619547006
3.196999999999759,0.09607361383775476,-3.0383092788076507,20.67182817755038
3.197999999999759,0.09873290247411332,-3.043314956765723,20.671834428092932
3.1989999999997587,0.10139645499472533,-3.048460075116302,20.67183929788864
3.1999999999997586,0.10406446608371551,-3.053744845595088,20.671842718375636
3.2009999999997585,0.10673712879223832,-3.0591694875216042,20.671844625848273
3.2019999999997584,0.10941463429225089,-3.0647342279012504,20.67184496156257
3.2029999999997583,0.11209717164845942,-3.0704393015125975,20.671843671838985
3.203999999999758,0.11478492760756263,-3.076284950984652,20.671840708142035
3.204999999999758,0.11747808641389014,-3.0822714268647715,20.671836027157248
3.205999999999758,0.12017682964390895,-3.088398987674712,20.67182959086099
3.206999999999758,0.12288133606022963,-3.09466789995878,20.671821366576904
3.2079999999997577,0.1255917814910198,-3.1010784383239813,20.671811327041024
3.2089999999997576,0.12830833873049985,-3.107630885472257,20.67179945045449
3.2099999999997575,0.13103117746209947,-3.1143255322253425,20.67178572054008
3.2109999999997574,0.13376046420044468,-3.121162677544681,20.671770126596655
3.2119999999997573,0.13649636225622203,-3.128142628545031,20.67175266355516
3.212999999999757,0.1392390317211272,-3.1352657005029636,20.671733332037586
3.213999999999757,0.14198862947090068,-3.1425322168612553,20.671712138411962
3.214999999999757,0.14474530918831927,-3.149942509228854,20.67168909485572
3.215999999999757,0.14750922139977543,-3.1574969173781486,20.67166421941789
3.2169999999997567,0.15028051353187125,-3.1651957892389335,20.671637536079196
3.2179999999997566,0.15305932998185642,-3.173039480888452,20.67160907481934
3.2189999999997565,0.1558458121969147,-3.1810283565409323,20.671578871682666
3.2199999999997564,0.15864009877278787,-3.1891627885345795,20.67154696884128
3.2209999999997563,0.1614423255578134,-3.1974431573159823,20.671513414659216
3.221999999999756,0.16425262576682034,-3.2058698514228112,20.671478263756743
3.222999999999756,0.16707113010774846,-3.2144432674662347,20.671441577064257
3.223999999999756,0.16989796690803183,-3.2231638101121884,20.67140342187806
3.224999999999756,0.1727332622499738,-3.232031892058531,20.671363871910554
3.2259999999997557,0.1755771401127038,-3.2410479340133582,20.671323007323387
3.2269999999997556,0.1784297225125568,-3.2502123646716417,20.67128091476155
3.2279999999997555,0.18129112964686492,-3.2595256206884864,20.671237687370077
3.2289999999997554,0.1841614800412197,-3.268988146652217,20.671193424794748
3.2299999999997553,0.18704089069132984,-3.278600395055043,20.671148233169568
3.230999999999755,0.18992947720889886,-3.288362826260406,20.671102225084148
3.231999999999755,0.19282735396296832,-3.2982759084675464,20.67105551952762
3.232999999999755,0.19573463421817952,-3.308340117674438,20.671008241810707
3.233999999999755,0.1986514302709323,-3.3185559376354803,20.670960523455257
3.2349999999997547,0.20157785358057678,-3.328923859812053,20.670912502055657
3.2359999999997546,0.20451401489784848,-3.3394443833248264,20.670864321109807
3.2369999999997545,0.2074600243867029,-3.3501180148951026,20.670816129802233
3.2379999999997544,0.21041599174172645,-3.360945268779054,20.670768082756105
3.2389999999997543,0.2133820263002117,-3.37192666669921,20.670720339736054
3.239999999999754,0.2163582371487121,-3.3830627377655,20.670673065302562
3.240999999999754,0.21934473322353776,-3.394354018386071,20.670626428418824
3.241999999999754,0.22234162340805638,-3.4058010521709905,20.670580601998292
3.242999999999754,0.22534901662145274,-3.417404389825472,20.67053576239935
3.2439999999997537,0.22836702190336808,-3.4291645890292934,20.670492088854516
3.2449999999997536,0.2313957484939134,-3.441082214308142,20.67044976283949
3.2459999999997535,0.23443530590777514,-3.453157836889603,20.67040896738024
3.2469999999997534,0.237485804004745,-3.4653920345459284,20.670369886285748
3.2479999999997533,0.24054735305652036,-3.4777853914234926,20.67033270331474
3.248999999999753,0.24362006380667645,-3.49033849785844,20.670297601278083
3.249999999999753,0.2467040475296512,-3.503051950176677,20.67026476106916
3.250999999999753,0.2497994160861935,-3.515926350479013,20.670234360625095
3.251999999999753,0.2529062819734554,-3.528962306411305,20.670206573825705
3.2529999999997528,0.2560247583762232,-3.5421604309199664,20.6701815693257
3.2539999999997526,0.2591549592147286,-3.5555213419927023,20.67015950933311
3.2549999999997525,0.2622969991879119,-3.569045662386448,20.670140548331744
3.2559999999997524,0.2654509938175169,-3.582734019341186,20.670124831756485
3.2569999999997523,0.2686170594911902,-3.5965870442821,20.67011249463298
3.257999999999752,0.2717953135035214,-3.610605372512543,20.67010366018555
3.258999999999752,0.2749858740950348,-3.624789642899422,20.67009843842901
3.259999999999752,0.2781888604903526,-3.639140497549681,20.67009692475608
3.260999999999752,0.2814043929378237,-3.653658581486206,20.67009919853068
3.2619999999997518,0.28463259274576386,-3.6683445423234,20.670105321704956
3.2629999999997517,0.2878735823167833,-3.683199029943161,20.670115337482713
3.2639999999997515,0.29112748518223747,-3.698222696179837,20.670129269031456
3.2649999999997514,0.29439442603644334,-3.7134161945165167,20.670147118280674
3.2659999999997513,0.2976745307657937,-3.728780179793567,20.67016886481483
3.266999999999751,0.30096792647774945,-3.7443153079391993,20.670194464877717
3.267999999999751,0.3042747415267795,-3.7600222357252986,20.670223850525293
3.268999999999751,0.30759510553774083,-3.7759016205508993,20.67025692892852
3.269999999999751,0.310929149427465,-3.7919541202631413,20.670293581859198
3.2709999999997508,0.31427700541964104,-3.808180393018236,20.6703336653783
3.2719999999997507,0.31763880705933756,-3.824581097186194,20.670377009733777
3.2729999999997506,0.321014689221479,-3.841156891310857,20.67042341949832
3.2739999999997504,0.3244047881156666,-3.8579084341220713,20.670472673958884
3.2749999999997503,0.3278092412882188,-3.8748363846113287,20.67052452776175
3.2759999999997502,0.3312281876179735,-3.891941402173896,20.670578711835184
3.27699999999975,0.3346617673103853,-3.9092241468182585,20.67063493459409
3.27799999999975,0.29333569560777706,-2.9220784375235094,20.643777616684385
3.27899999999975,-0.014363716184628492,-2.2713868408529194,20.64776763249827
3.27999999999975,-0.011159807894003837,-2.2904862762069778,20.657681823967785
3.2809999999997497,-0.008453038089519874,-2.309385670003546,20.668272659129517
3.2819999999997496,-0.006989562973887309,-2.316598747063055,20.67093505763792
3.2829999999997495,-0.006273601060880263,-2.3218321698750897,20.67099635051594
3.2839999999997493,-0.006082353521790207,-2.328964395610503,20.671057170049718
3.2849999999997492,-0.006421335618423181,-2.3380393723643627,20.67111712074312
3.285999999999749,-0.007295429879089335,-2.3490812324824373,20.671175807305914
3.286999999999749,-0.00870885075012047,-2.362095308756054,20.67123283821504
3.287999999999749,-0.010665110977038983,-2.3770693309872026,20.67128782939382
3.288999999999749,-0.013166990419052053,-2.393974793730181,20.671340407966163
3.2899999999997487,-0.0162165079066176,-2.4127684881316176,20.671390216061212
3.2909999999997486,-0.01981489664015544,-2.4333941929742218,20.671436914629574
3.2919999999997485,-0.02396258351855586,-2.4557845221773933,20.67148018723423
3.2929999999997484,-0.028659172674572325,-2.4798629280462956,20.67151974379138
3.2939999999997482,-0.03390343338699185,-2.5055458614087245,20.671555324226677
3.294999999999748,0.044654980582728765,-1.9039058498968395,20.671586702014867
3.295999999999748,0.0407483276480558,-1.9171197927446286,20.671613687587623
3.296999999999748,0.03635738353477148,-1.931256341788897,20.671636131583348
3.297999999999748,0.03149554291841107,-1.9461893986921175,20.671653927921852
3.2989999999997477,0.026176750803413945,-1.9618007500503036,20.671667016702116
3.2999999999997476,0.020415298418917222,-1.977984124592782,20.671675386909357
3.3009999999997475,0.01422560402362438,-1.9946494839260271,20.671679078937814
3.3019999999997474,0.007621978739817421,-2.0117275515869237,20.671678186936745
3.3029999999997472,0.0006183775665669182,-2.029174583900709,20.671672860991137
3.303999999999747,-0.006771864259422493,-2.046977384540992,20.671663309163772
3.304999999999747,0.037216271410722715,-1.8674112776420282,20.67164979941751
3.305999999999747,0.15508929982525538,-1.4727738279954363,20.67163266146057
3.306999999999747,0.2780847435841725,-1.1512835838786297,20.671612288553405
3.3079999999997467,0.40626653611414365,-0.9016857616706835,20.671589139322023
3.3089999999997466,0.5396727662789713,-0.7251576648904896,20.671563739640874
3.3099999999997465,0.6562229594635732,-0.685867036179598,20.67150675301341
3.3109999999997464,-0.0035744847631638214,0.00826944838076685,10.21706542632052
3.3119999999997463,-1.8357933097440857,-0.48961618593591894,0.0
3.312999999999746,-1.6815064018122712,0.280082048915423,0.0
3.313999999999746,-1.528203315651993,0.9591632050228043,0.0
3.314999999999746,-1.3760228707951154,1.5542266207100628,0.0
3.315999999999746,-1.225183530831607,2.0683953787012648,0.0
3.3169999999997457,-1.0759870266280656,2.501615195334744,0.0
3.3179999999997456,-0.9288215557973278,2.850989986504869,0.0
3.3189999999997455,-0.7841648560923209,3.1111571740285027,0.0
3.3199999999997454,-0.642587082060248,3.274710551452732,0.0
3.3209999999997453,-0.5047530105933423,3.332682265254096,0.0
3.321999999999745,-0.37142267151091374,3.2750976309739324,0.0
3.322999999999745,-0.24344906891641074,3.0916162351837766,0.0
3.323999999999745,-0.12177127534116483,2.7722689668279386,0.0
3.324999999999745,-0.05044054680251828,2.5196058912322146,0.0
3.3259999999997447,0.29190027359889015,2.284831800676092,0.5269899298582823
3.3269999999997446,0.2889958935867165,2.2773637728454865,0.54937922675665
3.3279999999997445,-0.0007437955135906676,2.2189712341101506,0.5608887340897812
3.3289999999997444,-0.0014645896555864407,2.211842661501588,0.5813717510725708
3.3299999999997443,-0.001834750212542229,2.2051636427990933,0.6010233173910671
3.330999999999744,-0.0018534483608459327,2.198940795357606,0.6198429776417371
3.331999999999744,-0.0015205866784230642,2.193179811004046,0.6378309642827824
3.332999999999744,-0.0008368269169765213,2.1878854682500597,0.6549881920618329
3.333999999999744,0.0001963893657096049,2.183061647017458,0.6713162518437941
3.3349999999997437,0.0015768272950097226,2.1787113458593863,0.6868174039250035
3.3359999999997436,0.0033014522184022085,2.1748367016419534,0.7014945708673492
3.3369999999997435,0.005366430155492546,2.171439011603377,0.7153513299474344
3.3379999999997434,0.007767134961339706,2.168518757686441,0.7283919052472231
3.3389999999997433,0.010498161950391752,2.166075633012298,0.7406211594113055
3.339999999999743,0.013553347661723893,2.1641085703297205,0.7520445850942791
3.340999999999743,0.0169257954006079,2.1626157722491786,0.7626682961137848
3.341999999999743,0.02060790613796362,2.1615947430496636,0.7724990183070027
3.342999999999743,0.024591414303488008,2.161042321824989,0.7815440800923301
3.3439999999997427,0.2608342849216383,1.7636244445873603,0.7939854281908252
3.3449999999997426,0.6047508568544292,0.891222284751432,0.7736458916505975
3.3459999999997425,0.0,0.0,0.0
3.3469999999997424,0.0,0.0,0.0
3.3479999999997423,0.0,0.0,0.0
3.348999999999742,0.0,0.0,0.0
3.349999999999742,0.0,0.0,0.0
3.350999999999742,0.0,0.0,0.0
3.351999999999742,0.0,0.0,0.0
3.3529999999997417,0.0,0.0,0.0
3.3539999999997416,0.0,0.0,0.0
3.3549999999997415,0.0,0.0,0.0
3.3559999999997414,0.0,0.0,0.0
3.3569999999997413,0.0,0.0,0.0
3.357999999999741,0.0,0.0,0.0
3.358999999999741,0.0,0.0,0.0
3.359999999999741,0.0,0.0,0.0
3.360999999999741,0.0,0.0,0.0
3.3619999999997408,0.0,0.0,0.0
3.3629999999997406,0.0,0.0,0.0
3.3639999999997405,0.0,0.0,0.0
3.3649999999997404,0.0,0.0,0.0
3.3659999999997403,0.0,0.0,0.0
3.36699999999974,0.0,0.0,0.0
3.36799999999974,0.0,0.0,0.0
3.36899999999974,0.0,0.0,0.0
3.36999999999974,0.0,0.0,0.0
3.3709999999997398,0.0,0.0,0.0
3.3719999999997397,0.0,0.0,0.0
3.3729999999997395,0.0,0.0,0.0
3.3739999999997394,0.0,0.0,0.0
3.3749999999997393,0.0,0.0,0.0
3.375999999999739,0.0,0.0,0.0
3.376999999999739,0.0,0.0,0.0
3.377999999999739,0.0,0.0,0.0
3.378999999999739,0.0,0.0,0.0
3.3799999999997388,0.0,0.0,0.0
3.3809999999997387,0.0,0.0,0.0
3.3819999999997385,0.0,0.0,0.0
3.3829999999997384,0.0,0.0,0.0
3.3839999999997383,0.0,0.0,0.0
3.384999999999738,0.0,0.0,0.0
3.385999999999738,0.0,0.0,0.0
3.386999999999738,0.0,0.0,0.0
3.387999999999738,0.0,0.0,0.0
3.3889999999997378,0.0,0.0,0.0
3.3899999999997377,0.0,0.0,0.0
3.3909999999997376,0.0,0.0,0.0
3.3919999999997374,0.0,0.0,0.0
3.3929999999997373,0.0,0.0,0.0
3.3939999999997372,0.0,0.0,0.0
3.394999999999737,0.0,0.0,0.0
3.395999999999737,0.0,0.0,0.0
3.396999999999737,0.0,0.0,0.0
3.397999999999737,0.0,0.0,0.0
3.3989999999997367,0.0,0.0,0.0
3.3999999999997366,0.0,0.0,0.0
3.4009999999997365,0.0,0.0,0.0
3.4019999999997363,0.0,0.0,0.0
3.4029999999997362,0.0,0.0,0.0
3.403999999999736,0.0,0.0,0.0
3.404999999999736,0.0,0.0,0.0
3.405999999999736,0.0,0.0,0.0
3.406999999999736,0.0,0.0,0.0
3.4079999999997357,0.0,0.0,0.0
3.4089999999997356,0.0,0.0,0.0
3.4099999999997355,0.0,0.0,0.0
3.4109999999997354,0.0,0.0,0.0
3.4119999999997352,0.0,0.0,0.0
3.412999999999735,0.0,0.0,0.0
3.413999999999735,0.0,0.0,0.0
3.414999999999735,0.0,0.0,0.0
3.415999999999735,0.0,0.0,0.0
3.4169999999997347,0.0,0.0,0.0
3.4179999999997346,0.0,0.0,0.0
3.4189999999997345,0.0,0.0,0.0
3.4199999999997344,0.0,0.0,0.0
3.4209999999997343,0.0,0.0,0.0
3.421999999999734,0.0,0.0,0.0
3.422999999999734,0.0,0.0,0.0
3.423999999999734,0.0,0.0,0.0
3.424999999999734,0.0,0.0,0.0
3.4259999999997337,0.0,0.0,0.0
3.4269999999997336,0.0,0.0,0.0
3.4279999999997335,0.0,0.0,0.0
3.4289999999997334,0.0,0.0,0.0
3.4299999999997333,0.0,0.0,0.0
3.430999999999733,0.0,0.0,0.0
3.431999999999733,0.0,0.0,0.0
3.432999999999733,0.0,0.0,0.0
3.433999999999733,0.0,0.0,0.0
3.4349999999997327,0.0,0.0,0.0
3.4359999999997326,0.0,0.0,0.0
3.4369999999997325,0.0,0.0,0.0
3.4379999999997324,0.0,0.0,0.0
3.4389999999997323,0.0,0.0,0.0
3.439999999999732,0.0,0.0,0.0
3.440999999999732,0.0,0.0,0.0
3.441999999999732,0.0,0.0,0.0
3.442999999999732,0.0,0.0,0.0
3.4439999999997317,0.0,0.0,0.0
3.4449999999997316,0.0,0.0,0.0
3.4459999999997315,0.0,0.0,0.0
3.4469999999997314,0.0,0.0,0.0
3.4479999999997313,0.0,0.0,0.0
3.448999999999731,0.0,0.0,0.0
3.449999999999731,0.0,0.0,0.0
3.450999999999731,0.0,0.0,0.0
3.451999999999731,0.0,0.0,0.0
3.4529999999997307,0.0,0.0,0.0
3.4539999999997306,0.0,0.0,0.0
3.4549999999997305,0.0,0.0,0.0
3.4559999999997304,0.0,0.0,0.0
3.4569999999997303,0.0,0.0,0.0
3.45799999999973,0.0,0.0,0.0
3.45899999999973,0.0,0.0,0.0
3.45999999999973,0.0,0.0,0.0
3.46099999999973,0.0,0.0,0.0
3.4619999999997297,0.0,0.0,0.0
3.4629999999997296,0.0,0.0,0.0
3.4639999999997295,0.0,0.0,0.0
3.4649999999997294,0.0,0.0,0.0
3.4659999999997293,0.0,0.0,0.0
3.466999999999729,0.0,0.0,0.0
3.467999999999729,0.0,0.0,0.0
3.468999999999729,0.0,0.0,0.0
3.469999999999729,0.0,0.0,0.0
3.4709999999997287,0.0,0.0,0.0
3.4719999999997286,0.0,0.0,0.0
3.4729999999997285,0.0,0.0,0.0
3.4739999999997284,0.0,0.0,0.0
3.4749999999997283,0.0,0.0,0.0
3.475999999999728,0.0,0.0,0.0
3.476999999999728,0.0,0.0,0.0
3.477999999999728,0.0,0.0,0.0
3.478999999999728,0.0,0.0,0.0
3.4799999999997278,0.0,0.0,0.0
3.4809999999997276,0.0,0.0,0.0
3.4819999999997275,0.0,0.0,0.0
3.4829999999997274,0.0,0.0,0.0
3.4839999999997273,0.0,0.0,0.0
3.484999999999727,0.0,0.0,0.0
3.485999999999727,0.0,0.0,0.0
3.486999999999727,0.0,0.0,0.0
3.487999999999727,0.0,0.0,0.0
3.4889999999997268,0.0,0.0,0.0
3.4899999999997267,0.0,0.0,0.0
3.4909999999997265,0.0,0.0,0.0
3.4919999999997264,0.0,0.0,0.0
3.4929999999997263,0.0,0.0,0.0
3.493999999999726,0.0,0.0,0.0
3.494999999999726,0.0,0.0,0.0
3.495999999999726,0.0,0.0,0.0
3.496999999999726,0.0,0.0,0.0
3.4979999999997258,0.0,0.0,0.0
3.4989999999997257,0.0,0.0,0.0
3.4999999999997256,0.0,0.0,0.0
3.5009999999997254,0.0,0.0,0.0
3.5019999999997253,0.0,0.0,0.0
3.5029999999997252,0.0,0.0,0.0
3.503999999999725,0.0,0.0,0.0
3.504999999999725,0.0,0.0,0.0
3.505999999999725,0.0,0.0,0.0
3.506999999999725,0.0,0.0,0.0
3.5079999999997247,0.0,0.0,0.0
3.5089999999997246,0.0,0.0,0.0
3.5099999999997245,0.0,0.0,0.0
3.5109999999997243,0.0,0.0,0.0
3.5119999999997242,0.0,0.0,0.0
3.512999999999724,0.0,0.0,0.0
3.513999999999724,0.0,0.0,0.0
3.514999999999724,0.0,0.0,0.0
3.515999999999724,0.0,0.0,0.0
3.5169999999997237,0.0,0.0,0.0
3.5179999999997236,0.0,0.0,0.0
3.5189999999997235,0.0,0.0,0.0
3.5199999999997234,0.0,0.0,0.0
3.5209999999997232,0.0,0.0,0.0
3.521999999999723,0.0,0.0,0.0
3.522999999999723,0.0,0.0,0.0
3.523999999999723,0.0,0.0,0.0
3.524999999999723,0.0,0.0,0.0
3.5259999999997227,0.0,0.0,0.0
3.5269999999997226,0.0,0.0,0.0
3.5279999999997225,0.0,0.0,0.0
3.5289999999997224,0.0,0.0,0.0
3.5299999999997222,0.0,0.0,0.0
3.530999999999722,0.0,0.0,0.0
3.531999999999722,0.0,0.0,0.0
3.532999999999722,0.0,0.0,0.0
3.533999999999722,0.0,0.0,0.0
3.5349999999997217,0.0,0.0,0.0
3.5359999999997216,0.0,0.0,0.0
3.5369999999997215,0.0,0.0,0.0
3.5379999999997214,0.0,0.0,0.0
3.5389999999997213,0.0,0.0,0.0
3.539999999999721,0.0,0.0,0.0
3.540999999999721,0.0,0.0,0.0
3.541999999999721,0.0,0.0,0.0
3.542999999999721,0.0,0.0,0.0
3.5439999999997207,0.0,0.0,0.0
3.5449999999997206,0.0,0.0,0.0
3.5459999999997205,0.0,0.0,0.0
3.5469999999997204,0.0,0.0,0.0
3.5479999999997203,0.0,0.0,0.0
3.54899999999972,0.0,0.0,0.0
3.54999999999972,0.0,0.0,0.0
3.55099999999972,0.0,0.0,0.0
3.55199999999972,0.0,0.0,0.0
3.5529999999997197,0.0,0.0,0.0
3.5539999999997196,0.0,0.0,0.0
3.5549999999997195,0.0,0.0,0.0
3.5559999999997194,0.0,0.0,0.0
3.5569999999997193,0.0,0.0,0.0
3.557999999999719,0.0,0.0,0.0
3.558999999999719,0.0,0.0,0.0
3.559999999999719,0.0,0.0,0.0
3.560999999999719,0.0,0.0,0.0
3.5619999999997187,0.0,0.0,0.0
3.5629999999997186,0.0,0.0,0.0
3.5639999999997185,0.0,0.0,0.0
3.5649999999997184,0.0,0.0,0.0
3.5659999999997183,0.0,0.0,0.0
3.566999999999718,0.0,0.0,0.0
3.567999999999718,0.0,0.0,0.0
3.568999999999718,0.0,0.0,0.0
3.569999999999718,0.0,0.0,0.0
3.5709999999997177,0.0,0.0,0.0
3.5719999999997176,0.0,0.0,0.0
3.5729999999997175,0.0,0.0,0.0
3.5739999999997174,0.0,0.0,0.0
3.5749999999997173,0.0,0.0,0.0
3.575999999999717,0.0,0.0,0.0
3.576999999999717,0.0,0.0,0.0
3.577999999999717,0.6482330349053734,0.8164522787762789,0.8079206393377096
3.578999999999717,0.4615495270610349,1.692291975148239,0.8287683654553843
3.5799999999997167,0.2978715694069034,2.1095341418317517,0.8143530789472639
3.5809999999997166,0.29815242071488224,2.1097966113172864,0.8047161752969948
3.5819999999997165,0.2989116976924217,2.1105323726257446,0.7943962990955229
3.5829999999997164,0.3001591893810415,2.111743216951475,0.7833854971925397
3.5839999999997163,0.30190370569577984,2.113430243022867,0.7716760433464056
3.584999999999716,0.3041530364169087,2.11559382884382,0.7592604467094622
3.585999999999716,0.30691391692788283,2.118233604710773,0.7461314621298277
3.586999999999716,0.3101920012652532,2.1213484277056054,0.7322821023144608
3.587999999999716,0.3139918429863916,2.124936357846465,0.7177056518935412
3.5889999999997158,0.3183168842944729,2.12899463605905,0.7023956833930448
3.5899999999997156,0.32316945377648476,2.1335196641068883,0.6863460750915445
3.5909999999997155,0.32855077303702396,2.138506986598699,0.6695510306942911
3.5919999999997154,0.334460972430155,2.1439512751582783,0.6520051007659863
3.5929999999997153,0.3408991160026996,2.1498463148226206,0.633703205801343
3.593999999999715,0.34786323568971733,2.1561849927053784,0.6146406607966179
3.594999999999715,0.6491118888898553,2.1725172446873264,0.6058168150349656
3.595999999999715,0.6586548116078358,2.178150558104557,0.5849901988104618
3.596999999999715,0.6687737367717805,2.1841651762100516,0.5633832029081676
3.5979999999997148,0.33185140146325054,2.3675035088412137,0.0
3.5989999999997146,0.33239196450652814,2.3319444436720445,0.0
3.5999999999997145,0.3010904149118798,2.3790842515085933,0.0
3.6009999999997144,0.19609399097301,2.4850160996052235,0.0
3.6019999999997143,0.07044260464065118,2.4625735333078946,0.0
3.602999999999714,-0.07372367648717598,2.322832683772812,0.0
3.603999999999714,-0.23442435450196172,2.076322403307818,0.0
3.604999999999714,-0.40990659536186513,1.7324535359948747,0.0
3.605999999999714,-0.5987003676769929,1.2990356694290748,0.0
3.6069999999997138,-0.7996640492079469,0.7818637451848911,0.0
3.6079999999997137,-1.0120232736120507,0.18435854370747595,0.0
3.6089999999997135,-1.2354049188903273,-0.49275128390896406,0.0
3.6099999999997134,-1.4698671646222348,-1.2517131203731822,0.0
3.6109999999997133,-1.672772890385179,-2.0010870694010805,0.0
3.611999999999713,0.001977223904031239,-0.0088127370425048,10.28033849888784
3.612999999999713,0.8471490047071963,0.916964841443991,20.670044397528248
3.613999999999713,0.6636442734918728,0.6776759570166142,20.670067807579585
3.614999999999713,0.4768341136605498,0.36370115736970376,20.6700909884065
3.6159999999997128,0.28734058035623405,-0.019976595594322077,20.6701145351369
3.6169999999997127,0.0953959188173801,-0.47131159851469695,20.670138954337595
3.6179999999997126,-0.09907974783648174,-0.9906714421591574,20.670164669582917
3.6189999999997124,-0.2964012489041085,-1.580307114100681,20.670192026631725
3.6199999999997123,-0.4071594209899581,-1.941847636460105,20.67022129828579
3.6209999999997122,-0.4007067881138773,-1.927194922208942,20.67025268899217
3.621999999999712,-0.3945890444141935,-1.9128048611771171,20.670286339259732
3.622999999999712,-0.3888218477666162,-1.8987154053425694,20.670322329940756
3.623999999999712,-0.383424113039758,-1.8849890059039502,20.670360686409825
3.624999999999712,-0.3784171806743562,-1.8717076799236907,20.670401382679074
3.6259999999997117,-0.3738240229241714,-1.858968291764973,20.670444345479876
3.6269999999997116,-0.3696684887451198,-1.8468780530072935,20.670489458320517
3.6279999999997115,-0.5645816022711025,-2.4622789184484435,20.670536565541003
3.6289999999997113,-0.5564976124003029,-2.4367980635534723,20.670585476371905
3.6299999999997112,-0.5490212804844835,-2.412701444702136,20.670635968986865
3.630999999999711,-0.5421616481590058,-2.3900653775840763,20.670687794561758
3.631999999999711,-0.5359261756193154,-2.368958980605787,20.67074068131653
3.632999999999711,-0.5303204730827378,-2.3494416546175008,20.670794338536254
3.633999999999711,-0.525348058171841,-2.3315607546059924,20.6708484605551
3.6349999999997107,-0.5210101397476914,-2.315349456845066,20.67090273067462
3.6359999999997106,-0.5173054287801364,-2.3008248262364193,20.670956825007682
3.6369999999997105,-0.5142299768948106,-2.287986089982899,20.671010416221634
3.6379999999997104,-0.5117770432956409,-2.2768131251978407,20.67106317714954
3.6389999999997102,-0.5099369908116751,-2.2672651695163832,20.671114784253206
3.63999999999971,-0.5086972118598504,-2.259279765149889,20.671164920915786
3.64099999999971,-0.5080420851295004,-2.2527719479943773,20.671213280534104
3.64199999999971,-0.507952963789479,-2.247633694282859,20.671259569396774
3.64299999999971,-0.508408195972474,-2.2437336377521593,20.67130350932104
3.6439999999997097,-0.509141623056757,-2.236914836473778,20.669142802022915
3.6449999999997096,-0.30426933736401585,-2.894233273039735,20.666185398466745
3.6459999999997095,-0.3351272038127418,-3.9292368389155867,20.671418734840515
3.6469999999997094,-0.3316770444102636,-3.9116923152524743,20.671450885643637
3.6479999999997093,-0.3282427975317898,-3.89432896968595,20.67147960351957
3.648999999999709,-0.32482428695968674,-3.8771458690700733,20.671504743915662
3.649999999999709,-0.321421335301788,-3.8601420991416333,20.671526188633926
3.650999999999709,-0.31803376390123994,-3.8433167643981476,20.671543846235437
3.651999999999709,-0.3146613927729336,-3.82666898790996,20.671557652170616
3.6529999999997087,-0.31130404056357996,-3.8101979110743027,20.67156756864786
3.6539999999997086,-0.3079615245305085,-3.7939026933196907,20.671573584249614
3.6549999999997085,-0.30463366054968105,-3.777782511760832,20.671575713327623
3.6559999999997084,-0.3013202631452024,-3.7618365608094395,20.6715739951829
3.6569999999997083,-0.29802114553737635,-3.7460640517544563,20.671568493047427
3.657999999999708,-0.29473611971359637,-3.7304642123078695,20.671559292904732
3.658999999999708,-0.29146499652061897,-3.715036286128824,20.671546502158662
3.659999999999708,-0.28820758577174366,-3.699779532327085,20.671530248176172
3.660999999999708,-0.28496369637227564,-3.6846932249522037,20.67151067672621
3.6619999999997077,-0.28173313645978015,-3.6697766524771565,20.671487950338943
3.6629999999997076,-0.278515713557489,-3.655029117272796,20.671462246608115
3.6639999999997075,-0.2753112347427942,-3.640449935088081,20.671433756445733
3.6649999999997074,-0.27211950682069685,-3.6260384345289545,20.67140268233011
3.6659999999997073,-0.2689403365080974,-3.6117939565480164,20.671369236546045
3.666999999999707,-0.2657735306279572,-3.5977158539471032,20.67133363943729
3.667999999999707,-0.26261889630458635,-3.5838034908884935,20.67129611770223
3.668999999999707,-0.259476241165217,-3.5700562424235582,20.671256902725652
3.669999999999707,-0.2563453735438529,-3.556473494043458,20.671216228970707
3.6709999999997067,-0.2532261026854331,-3.5430546412435584,20.671174332439147
3.6719999999997066,-0.250118238950824,-3.529799089112296,20.67113144920676
3.6729999999997065,-0.24702159402097584,-3.5167062519409416,20.671087814044622
3.6739999999997064,-0.2439359810946145,-3.503775552853197,20.671043659127804
3.6749999999997063,-0.24086121508909647,-3.491006423461371,20.6709992128373
3.675999999999706,-0.23779711283258223,-3.478398303542212,20.670954698657663
3.676999999999706,-0.23474349324985178,-3.4659506407357736,20.67091033417113
3.677999999999706,-0.23170017754726974,-3.4536628902650794,20.67086633015307
3.678999999999706,-0.22866698938664112,-3.441534514679075,20.67082288976009
3.6799999999997057,-0.22564375505317139,-3.429564983615718,20.67078020781417
3.6809999999997056,-0.22263030361644787,-3.417753773583496,20.67073847017737
3.6819999999997055,-0.2196264670827897,-3.4061003677631865,20.67069785322062
3.6829999999997054,-0.21663208053909527,-3.394604255826001,20.670658523377256
3.6839999999997053,-0.21364698228672452,-3.3832649337705774,20.670620636771105
3.684999999999705,-0.21067101396561433,-3.3720819037743444,20.670584338931413
3.685999999999705,-0.20770402067176696,-3.3610546740585017,20.670549764575163
3.686999999999705,-0.20474585106135484,-3.3501827587692503,20.670517037454324
3.687999999999705,-0.2017963574455893,-3.339465677869532,20.67048627027132
3.6889999999997047,-0.19885539587449017,-3.3289029570422946,20.67045756464766
3.6899999999997046,-0.19592282620978801,-3.3184941276054767,20.6704310111459
3.6909999999997045,-0.19299851218771388,-3.3082387264359276,20.670406689340048
3.6919999999997044,-0.19008232146893161,-3.2981362959009886,20.67038466792828
3.6929999999997043,-0.1871741256767286,-3.288186383798786,20.670365004883273
3.693999999999704,-0.18427380042308894,-3.2783885433078304,20.670347747636093
3.694999999999704,-0.18138122532268244,-3.2687423329377605,20.670332933290467
3.695999999999704,-0.17849628399493667,-3.2592473164908817,20.670320588862435
3.696999999999704,-0.1756188640518403,-3.2499030630280292,20.670310731541964
3.6979999999997037,-0.17274885707266185,-3.240709146836153,20.670303368973855
3.6989999999997036,-0.16988615856618983,-3.2316651474041844,20.670298499551443
3.6999999999997035,-0.16703066791766397,-3.2227706494001636,20.670296112726398
3.7009999999997034,-0.16418228832435067,-3.214025242654361,20.670296189325104
3.7019999999997033,-0.16134092671406453,-3.2054285221446923,20.670298701875534
3.702999999999703,-0.15850649365112648,-3.1969800879848798,20.670303614939343
3.703999999999703,-0.15567890322889175,-3.1886795454177452,20.67031088544144
3.704999999999703,-0.15285807294444229,-3.1805265048106146,20.670320463011052
3.705999999999703,-0.15004392356222188,-3.1725205816540045,20.67033229031516
3.7069999999997028,-0.1472363789639048,-3.1646613965645587,20.670346303396524
3.7079999999997026,-0.14443536597863652,-3.156948575290019,20.670362432007085
3.7089999999997025,-0.14164081420559907,-3.1493817487186937,20.670380599937218
3.7099999999997024,-0.1388526558197647,-3.1419605528934285,20.670400725346937
3.7109999999997023,-0.13607082536398407,-3.134684629026416,20.67042272108676
3.711999999999702,-0.13329525952965515,-3.1275536235216745,20.670446495019835
3.712999999999702,-0.13052589692344874,-3.1205671880004866,20.670471950337415
3.713999999999702,-0.1277626778248701,-3.1137249793293327,20.670498985868882
3.714999999999702,-0.12500554392987337,-3.107026659656158,20.67052749638905
3.7159999999997018,-0.12225443808676012,-3.100471896450093,20.67055737292234
3.7169999999997017,-0.11950930402249332,-3.0940603625445857,20.670588503039703
3.7179999999997015,-0.11677008606082187,-3.0877917361889993,20.670620771157274
3.7189999999997014,-0.11403672883454849,-3.0816657011067075,20.670654058827125
3.7199999999997013,-0.11130917699126486,-3.075681946554465,20.67068824502787
3.720999999999701,-0.10858737489543499,-3.0698401673926137,20.67072320645876
3.721999999999701,-0.10587126632909225,-3.0641400641616423,20.67075881782678
3.722999999999701,-0.10316079418962432,-3.058581343163537,20.670794952136042
3.723999999999701,-0.1004559001894122,-3.0531637165517083,20.670831480982965
3.7249999999997008,-0.0977565245588082,-3.0478869024274995,20.670868274853518
3.7259999999997007,-0.09506260575001846,-3.042750624945491,20.670905203419334
3.7269999999997006,-0.09237408014863613,-3.0377546144256207,20.670942135848307
3.7279999999997004,-0.08969088179330387,-3.032898607473886,20.670978941121255
3.7289999999997003,-0.08701294210372951,-3.0281823471112275,20.671015488352623
3.7299999999997,-0.08434018961884318,-3.023605582910396,20.671051647130575
3.7309999999997,-0.08167254974913601,-3.0191680711427304,20.671087287866353
3.7319999999997,-0.079009944542896,-3.0148695749330647,20.671122282162244
3.7329999999997,-0.07635229246733663,-3.010709864423478,20.67115650319589
3.7339999999997,-0.07369950820771581,-3.0066887169480907,20.671189826128828
3.7349999999996997,-0.0710515024856696,-3.002805917215367,20.67122212853978
3.7359999999996996,-0.06840818189831244,-2.999061257502331,20.671253290877285
3.7369999999996995,-0.0657694487758548,-2.995454537858609,20.67128319695293
3.7379999999996993,-0.06313520106484824,-2.9919855663198485,20.671311734463195
3.7389999999996992,-0.06050533223367713,-2.9886541591335702,20.671338795545545
3.739999999999699,-0.05787973120030471,-2.98546014099625,20.671364277379393
3.740999999999699,-0.055258282287856536,-2.9824033453018135,20.671388082828546
3.741999999999699,-0.0526408652040562,-2.979483614402291,20.67141012113399
3.742999999999699,-0.050027355044844846,-2.976700799881661,20.671430308653868
3.7439999999996987,-0.04741762232600502,-2.9740547628432594,20.671448569662772
3.7449999999996986,-0.044811533041120816,-2.9715453742106104,20.67146483720794
3.7459999999996985,-0.04220894874266834,-2.9691725150437076,20.67147905403115
3.7469999999996983,-0.03960972665080628,-2.966936076869474,20.671491173555026
3.7479999999996982,-0.03701371978842778,-2.964835962029963,20.671501160937066
3.748999999999698,-0.03442077713934302,-2.9628720840464204,20.671508994203194
3.749999999999698,-0.03183074383337671,-2.9610443680005982,20.67151466545233
3.750999999999698,-0.02924346135536522,-2.959352750936733,20.67151818213857
3.751999999999698,-0.026658767778217726,-2.957797182280931,20.67151956843859
3.7529999999996977,-0.024076498019814263,-2.9563776242819015,20.67151886669165
3.7539999999996976,-0.021496484125094903,-2.9550940524726936,20.671516138927302
3.7549999999996975,-0.01891855557117947,-2.953946456154845,20.671511468471206
3.7559999999996974,-0.016342539595750827,-2.9529348389050796,20.671504961621967
3.7569999999996972,-0.013768261551024397,-2.95205921910632,20.671496749408632
3.757999999999697,-0.011195545281617751,-2.951319630502735,20.671486989411658
3.758999999999697,-0.00862421352908932,-2.950716122779102,20.671475867641576
3.759999999999697,-0.006054088362118626,-2.95024876216756,20.671463600472563
3.760999999999697,-0.003484991637295362,-2.9499176320786353,20.671450436610193
3.7619999999996967,-0.0009315218538296505,-2.949721367364643,20.671430899060553
3.7629999999996966,0.0016204079918727618,-2.9496620652420527,20.67141093924173
3.7639999999996965,0.004216779077987107,-2.9497432686569143,20.671408428544968
3.7649999999996964,0.006841899925459263,-2.949961764405706,20.671416819646367
3.7659999999996963,0.009465361812842243,-2.950314713116728,20.671424506014212
3.766999999999696,0.01208730269569138,-2.9508023103541863,20.67143181479355
3.767999999999696,0.014707858564288093,-2.951424737634495,20.671439023034488
3.768999999999696,0.01732716426676896,-2.9521821639183177,20.671446361614937
3.769999999999696,0.01994535426904496,-2.9530747470257652,20.67145401904182
3.7709999999996957,0.022562563347818622,-2.954102634973303,20.671462145130157
3.7719999999996956,0.025178927219439373,-2.955265967236932,20.671470854532146
3.7729999999996955,0.027794583101321782,-2.956564875946217,20.671480230106354
3.7739999999996954,0.030409670205792223,-2.957999487009075,20.671490326111943
3.7749999999996953,0.03302433016917155,-2.95956992117193,20.671501171231167
3.775999999999695,0.035638707416598386,-2.9612762950171323,20.671512771411805
3.776999999999695,0.03825294946095461,-2.963118721902056,20.6715251125325
3.777999999999695,0.04086720714293086,-2.965097312840217,20.671538162878985
3.778999999999695,0.04348163481004677,-2.967212177328729,20.67155187545238
3.7799999999996947,0.0460963904372812,-2.9694634241247257,20.671566190106233
3.7809999999996946,0.04871163569671262,-2.971851161972013,20.671581035505902
3.7819999999996945,0.051327535972039096,-2.974375500281054,20.67159633094068
3.7829999999996944,0.05394426032613424,-2.977036549766976,20.671611987971303
3.7839999999996943,0.05656198142359675,-2.9798344230424814,20.671627911938813
3.784999999999694,0.059180875411128486,-2.982769235171835,20.67164400333073
3.785999999999694,0.0618011217622778,-2.9858411041894355,20.671660159016227
3.786999999999694,0.06442290308403859,-2.9890501515799555,20.6716762733655
3.787999999999694,0.06704640489507559,-2.992396502725497,20.671692239248486
3.7889999999996937,0.06967181537826102,-2.9958802873212083,20.671707948933168
3.7899999999996936,0.072299325108519,-2.9995016397595475,20.671723294881083
3.7909999999996935,0.07492912676138244,-3.003260699486816,20.671738170460767
3.7919999999996934,0.07756141480842663,-3.0071576113321807,20.67175247057262
3.7929999999996933,0.0801963851997384,-3.0111925258102863,20.671766092199878
3.793999999999693,0.0828342350368323,-3.015365599400283,20.671778934897542
3.794999999999693,0.08547516224344,-3.0196769948020736,20.671790901211367
3.795999999999693,0.08811936523399987,-3.024126881170571,20.67180189704876
3.796999999999693,0.09076704258304757,-3.0287154343285843,20.67181183199874
3.7979999999996927,0.09341839269970408,-3.0334428369630397,20.671820619606816
3.7989999999996926,0.09607361351148425,-3.0383092787995336,20.671828177613943
3.7999999999996925,0.09873290215450364,-3.0433149567618436,20.67183442815969
3.8009999999996924,0.10139645467978561,-3.048460075116,20.67183929795788
3.8019999999996923,0.10406446577159537,-3.0537448455981693,20.671842718447714
3.802999999999692,0.10673712848013174,-3.0591694875283917,20.67184462592224
3.803999999999692,0.10941463397766751,-3.0647342279110696,20.67184496163823
3.804999999999692,0.11209717132777999,-3.0704393015251603,20.67184367191542
3.805999999999692,0.11478492727856372,-3.076284950999919,20.671840708219563
3.8069999999996917,0.11747808607494466,-3.0822714268822513,20.671836027235862
3.8079999999996916,0.12017682929141146,-3.088398987694153,20.67182959093917
3.8089999999996915,0.1228813356915964,-3.0946678999801875,20.671821366655244
3.8099999999996914,0.1255917811036721,-3.1010784383469234,20.671811327118892
3.8109999999996913,0.12830833832227923,-3.10763088549604,20.67179945053185
3.811999999999691,0.131031177030268,-3.1143255322500036,20.671785720616327
3.812999999999691,0.1337604637420079,-3.1211626775700356,20.671770126671284
3.813999999999691,0.136496361769419,-3.1281426285709095,20.67175266362868
3.814999999999691,0.13923903120342523,-3.1352657005291,20.67173333210914
3.8159999999996908,0.14198862892006497,-3.142532216887073,20.671712138481357
3.8169999999996906,0.1447453086025466,-3.1499425092545357,20.67168909492292
3.8179999999996905,0.14750922077735096,-3.157496917403642,20.671664219482167
3.8189999999996904,0.15028051287100463,-3.1651957892635947,20.671637536140683
3.8199999999996903,0.1530593292802336,-3.1730394809123728,20.67160907487778
3.82099999999969,0.15584581145323137,-3.1810283565639716,20.671578871737943
3.82199999999969,0.15864009798539458,-3.1891627885565814,20.671546968894166
3.82299999999969,0.16144232472543668,-3.1974431573366493,20.67151341470995
3.82399999999969,0.16425262488909256,-3.2058698514423556,20.671478263804104
3.8249999999996898,0.16707112918305192,-3.214443267485029,20.671441577107885
3.8259999999996896,0.16989796593511525,-3.223163810129705,20.671403421919386
3.8269999999996895,0.1727332612288918,-3.232031892075021,20.67136387194914
3.8279999999996894,0.17557713904260538,-3.2410479340288454,20.671323007358914
3.8289999999996893,0.17842972139284408,-3.2502123646861936,20.671280914794366
3.829999999999689,0.18129112847779755,-3.2595256207023366,20.671237687400318
3.830999999999689,0.18416147882183045,-3.268988146665423,20.671193424822857
3.831999999999689,0.1870408894221138,-3.278600395067616,20.671148233195463
3.832999999999689,0.18992947589035128,-3.2883628262725226,20.671102225108356
3.8339999999996888,0.19282735259542483,-3.298275908480057,20.6710555195509
3.8349999999996887,0.19573463280191425,-3.3083401176875133,20.671008241832318
3.8359999999996885,0.19865142880667377,-3.31855593764862,20.67096052347552
3.8369999999996884,0.20157785206961168,-3.328923859825885,20.67091250207604
3.8379999999996883,0.2045140133410242,-3.3394443833401724,20.670864321129724
3.838999999999688,0.20746002278525028,-3.350118014911808,20.67081612982213
3.839999999999688,0.2104159900968797,-3.3609452687976447,20.67076808277607
3.840999999999688,0.21338202461305586,-3.3719266667206442,20.67072033975608
3.841999999999688,0.2163582354204902,-3.383062737789425,20.670673065323513
3.8429999999996878,0.21934473145679367,-3.3943540184129333,20.67062642844077
3.8439999999996877,0.222341621604648,-3.405801052201696,20.670580602021886
3.8449999999996876,0.2253490147828126,-3.4174043898599544,20.670535762424088
3.8459999999996874,0.22836702003131776,-3.429164589068581,20.670492088880643
3.8469999999996873,0.23139574659060216,-3.441082214352767,20.67044976286795
3.8479999999996872,0.23443530397619178,-3.4531578369391354,20.670408967410996
3.848999999999687,0.2374858020473529,-3.46539203460131,20.67036988631839
3.849999999999687,0.2405473510754934,-3.4777853914858707,20.67033270334901
3.850999999999687,0.24362006180481835,-3.490338497927508,20.670297601314832
3.851999999999687,0.24670404550988104,-3.5030519502532442,20.67026476110823
3.8529999999996867,0.24979941405072986,-3.5159263505637712,20.67023436066578
3.8539999999996866,0.2529062799250854,-3.528962306504037,20.670206573868228
3.8549999999996865,0.2560247563186685,-3.54216043102146,20.67018156936952
3.8559999999996863,0.2591549571503909,-3.555521342103677,20.6701595093786
3.8569999999996862,0.26229699711978544,-3.5690456625069595,20.67014054837867
3.857999999999686,0.26545099174874903,-3.5827340194712534,20.670124831804074
3.858999999999686,0.26861705742506053,-3.5965870444225407,20.67011249468049
3.859999999999686,0.27179531144328783,-3.6106053726640885,20.67010366023284
3.860999999999686,0.27498587204312513,-3.6247896430618005,20.670098438475595
3.8619999999996857,0.27818885845009145,-3.639140497722928,20.670096924801207
3.8629999999996856,0.28140439091253017,-3.65365858167102,20.67009919857363
3.8639999999996855,0.28463259073837316,-3.66834454251981,20.670105321745012
3.8649999999996854,0.2878735803302743,-3.6831990301509796,20.670115337518375
3.8659999999996852,0.29112748321981813,-3.698222696400002,20.670129269062222
3.866999999999685,0.2943944241014052,-3.713416194748348,20.670147118307263
3.867999999999685,0.29767452886066365,-3.728780180036927,20.670168864835414
3.868999999999685,0.30096792460467925,-3.744315308194789,20.670194464891292
3.869999999999685,0.3042747396884145,-3.7600222359923237,20.67022385053091
3.8709999999996847,0.307595103736984,-3.7759016208291616,20.67025692892473
3.8719999999996846,0.31092914766650237,-3.7919541205528895,20.670293581845765
3.8729999999996845,0.3142770037005056,-3.8081803933188336,20.670333665354523
3.8739999999996844,0.3176388053839738,-3.82458109749705,20.67037700969863
3.8749999999996843,0.32101468759143564,-3.841156891631748,20.670423419451602
3.875999999999684,0.32440478653286003,-3.8579084344525834,20.670472673899134
3.876999999999684,0.32780923975395876,-3.8748363849511476,20.670524527687977
3.877999999999684,0.3312281861334177,-3.891941402522676,20.67057871174761
3.878999999999684,0.334661765876057,-3.909224147174423,20.670634934491332
3.8799999999996837,0.2933326037007136,-2.922079246108355,20.643775793722423
3.8809999999996836,-0.014367913942759242,-2.2713892984443844,20.647765816845645
3.8819999999996835,-0.011164013129192761,-2.290488735755584,20.657680000787458
3.8829999999996834,-0.008457250939145462,-2.3093881313704827,20.6682708300394
3.8839999999996833,-0.006994319535749895,-2.3166040137625603,20.670935057460184
3.884999999999683,-0.006279329229798493,-2.3218377071574894,20.670996350322945
3.885999999999683,-0.006089111246405515,-2.3289702430914403,20.671057169841255
3.886999999999683,-0.006429180990391928,-2.338045570126357,20.671117120520897
3.887999999999683,-0.007304421124762352,-2.349087820994285,20.671175807069737
3.8889999999996827,-0.008719046222382842,-2.362102328803791,20.671232837966866
3.8899999999996826,-0.010676569152336557,-2.377076823607364,20.67128782913408
3.8909999999996825,-0.01317976989614704,-2.39398280014565,20.671340407695197
3.8919999999996824,-0.01623066740411628,-2.41277704969211,20.671390215782033
3.8929999999996823,-0.019830494993420725,-2.4334033510970725,20.671436914342525
3.893999999999682,-0.023979679675481584,-2.455794318290607,20.6714801869398
3.894999999999682,-0.02867782569005116,-2.4798734035332015,20.671519743492404
3.895999999999682,-0.03392370241269439,-2.5055570575521946,20.67155532392501
3.896999999999682,0.044631055008561876,-1.9039226645774363,20.671586701711973
3.8979999999996817,0.04072246240743277,-1.9171377227049429,20.671613687286083
3.8989999999996816,0.036329512599152,-1.9312754393446174,20.67163613128411
3.8999999999996815,0.03146560032386838,-1.9462097156456561,20.671653927627386
3.9009999999996814,0.026144670680508908,-1.9618223376309658,20.67166701641488
3.9019999999996813,0.020381015027994578,-1.9780070334004196,20.671675386631073
3.902999999999681,0.014189051794160922,-1.9946737638783172,20.671679078670664
3.903999999999681,0.007583092313298987,-2.011753251870498,20.671678186683145
3.904999999999681,0.0005770918446617902,-2.029201752928287,20.67167286075373
3.905999999999681,-0.0068156140631635415,-2.0470060699143056,20.671663308944368
3.9069999999996807,0.03710754262780892,-1.8674971961686975,20.67164979921816
3.9079999999996806,0.1548387273484869,-1.472947620425071,20.67163266128341
3.9089999999996805,0.2776868062211723,-1.1515496502633442,20.671612288400404
3.9099999999996804,0.40571584278015704,-0.9020482475060088,20.671589139196293
3.9109999999996803,0.5389640315613325,-0.7256205032689751,20.67156373954392
3.91199999999968,0.6553822123092815,-0.6864141308118121,20.671506752956695
3.91299999999968,-0.0035741937663672334,0.008269461457905336,10.217065915471025
3.91399999999968,-1.833681797721282,-0.4882634074611758,0.0
3.91499999999968,-1.6795691955432765,0.2813232489762463,0.0
3.9159999999996797,-1.526438817209927,0.9602927410579589,0.0
3.9169999999996796,-1.3744291968616977,1.5552446966028972,0.0
3.9179999999996795,-1.2237585466104477,2.0693024399847486,0.0
3.9189999999996794,-1.0747283650121833,2.50241191130387,0.0
3.9199999999996793,-0.927726621700789,2.851677262278904,0.0
3.920999999999679,-0.7832308152595627,3.1117361930819905,0.0
3.921999999999679,-0.6418108336695828,3.275182849362444,0.0
3.922999999999679,-0.5041311428690494,3.333049834398956,0.0
3.923999999999679,-0.3709514002070867,3.275363054284231,0.0
3.9249999999996787,-0.24312415945827587,3.091782844142199,0.0
3.9259999999996786,-0.12158795077995264,2.7723410146913228,0.0
3.9269999999996785,-0.05035102322343782,2.519660439897567,0.0
3.9279999999996784,0.29190670880677294,2.2848341730221358,0.5269916873163671
3.9289999999996783,0.289002316708719,2.277366137639632,0.5493810141384605
3.929999999999678,-0.0007376543999017523,2.218971248212003,0.5608900962331084
3.930999999999678,-0.0014584588976215762,2.21184267444486,0.5813731375222224
3.931999999999678,-0.0018286302113305689,2.205163654290036,0.6010247250383461
3.932999999999678,-0.001847339492153142,2.1989408051089185,0.6198444034624034
3.9339999999996778,-0.0015144892927240498,2.1931798187367297,0.637832405329664
3.9349999999996776,-0.0008307413392762098,2.187885473693739,0.6549896454686462
3.9359999999996775,0.00020246283463225094,2.1830616499091917,0.6713177148306023
3.9369999999996774,0.0015828883790792343,2.1787113459455334,0.6868188737925129
3.9379999999996773,0.0033075006654758182,2.174836698678596,0.7014960449977733
3.938999999999677,0.005372465737459855,2.1714390053556922,0.7153528058093702
3.939999999999677,0.007773157474019754,2.1685187479289545,0.7283933803968458
3.940999999999677,0.010504171213116094,2.1660756195304183,0.7406226314871447
3.941999999999677,0.013559343517352903,2.164108552919171,0.752046051821372
3.9429999999996768,0.01693177771531772,2.1626157507162835,0.7626697553037037
3.9439999999996767,0.02061387480055065,2.161594717211653,0.7725004678585474
3.9449999999996765,0.024597369225815527,2.161042291509773,0.7815455179927696
3.9459999999996764,0.26083958390485773,1.7636257748510977,0.7939871287223328
3.9469999999996763,0.6047539402758889,0.8912238182487585,0.7736484074472041
3.947999999999676,0.0,0.0,0.0
3.948999999999676,0.0,0.0,0.0
3.949999999999676,0.0,0.0,0.0
3.950999999999676,0.0,0.0,0.0
3.9519999999996758,0.0,0.0,0.0
3.9529999999996757,0.0,0.0,0.0
3.9539999999996756,0.0,0.0,0.0
3.9549999999996754,0.0,0.0,0.0
3.9559999999996753,0.0,0.0,0.0
3.956999999999675,0.0,0.0,0.0
3.957999999999675,0.0,0.0,0.0
3.958999999999675,0.0,0.0,0.0
3.959999999999675,0.0,0.0,0.0
3.960999999999675,0.0,0.0,0.0
3.9619999999996747,0.0,0.0,0.0
3.9629999999996746,0.0,0.0,0.0
3.9639999999996745,0.0,0.0,0.0
3.9649999999996743,0.0,0.0,0.0
3.9659999999996742,0.0,0.0,0.0
3.966999999999674,0.0,0.0,0.0
3.967999999999674,0.0,0.0,0.0
3.968999999999674,0.0,0.0,0.0
3.969999999999674,0.0,0.0,0.0
3.9709999999996737,0.0,0.0,0.0
3.9719999999996736,0.0,0.0,0.0
3.9729999999996735,0.0,0.0,0.0
3.9739999999996733,0.0,0.0,0.0
3.9749999999996732,0.0,0.0,0.0
3.975999999999673,0.0,0.0,0.0
3.976999999999673,0.0,0.0,0.0
3.977999999999673,0.0,0.0,0.0
3.978999999999673,0.0,0.0,0.0
3.9799999999996727,0.0,0.0,0.0
3.9809999999996726,0.0,0.0,0.0
3.9819999999996725,0.0,0.0,0.0
3.9829999999996724,0.0,0.0,0.0
3.9839999999996722,0.0,0.0,0.0
3.984999999999672,0.0,0.0,0.0
3.985999999999672,0.0,0.0,0.0
3.986999999999672,0.0,0.0,0.0
3.987999999999672,0.0,0.0,0.0
3.9889999999996717,0.0,0.0,0.0
3.9899999999996716,0.0,0.0,0.0
3.9909999999996715,0.0,0.0,0.0
3.9919999999996714,0.0,0.0,0.0
3.9929999999996713,0.0,0.0,0.0
3.993999999999671,0.0,0.0,0.0
3.994999999999671,0.0,0.0,0.0
3.995999999999671,0.0,0.0,0.0
3.996999999999671,0.0,0.0,0.0
3.9979999999996707,0.0,0.0,0.0
3.9989999999996706,0.0,0.0,0.0
3.9999999999996705,0.0,0.0,0.0
4.000999999999671,0.0,0.0,0.0
4.001999999999671,0.0,0.0,0.0
4.0029999999996715,0.0,0.0,0.0
4.003999999999672,0.0,0.0,0.0
4.004999999999672,0.0,0.0,0.0
4.0059999999996725,0.0,0.0,0.0
4.006999999999673,0.0,0.0,0.0
4.007999999999673,0.0,0.0,0.0
4.0089999999996735,0.0,0.0,0.0
4.009999999999674,0.0,0.0,0.0
4.010999999999674,0.0,0.0,0.0
4.0119999999996745,0.0,0.0,0.0
4.012999999999675,0.0,0.0,0.0
4.013999999999675,0.0,0.0,0.0
4.0149999999996755,0.0,0.0,0.0
4.015999999999676,0.0,0.0,0.0
4.016999999999676,0.0,0.0,0.0
4.0179999999996765,0.0,0.0,0.0
4.018999999999677,0.0,0.0,0.0
4.019999999999677,0.0,0.0,0.0
4.0209999999996775,0.0,0.0,0.0
4.021999999999678,0.0,0.0,0.0
4.022999999999678,0.0,0.0,0.0
4.0239999999996785,0.0,0.0,0.0
4.024999999999679,0.0,0.0,0.0
4.025999999999679,0.0,0.0,0.0
4.0269999999996795,0.0,0.0,0.0
4.02799999999968,0.0,0.0,0.0
4.02899999999968,0.0,0.0,0.0
4.0299999999996805,0.0,0.0,0.0
4.030999999999681,0.0,0.0,0.0
4.031999999999681,0.0,0.0,0.0
4.0329999999996815,0.0,0.0,0.0
4.033999999999682,0.0,0.0,0.0
4.034999999999682,0.0,0.0,0.0
4.0359999999996825,0.0,0.0,0.0
4.036999999999683,0.0,0.0,0.0
4.037999999999683,0.0,0.0,0.0
4.0389999999996835,0.0,0.0,0.0
4.039999999999684,0.0,0.0,0.0
4.040999999999684,0.0,0.0,0.0
4.0419999999996845,0.0,0.0,0.0
4.042999999999685,0.0,0.0,0.0
4.043999999999685,0.0,0.0,0.0
4.0449999999996855,0.0,0.0,0.0
4.045999999999686,0.0,0.0,0.0
4.046999999999686,0.0,0.0,0.0
4.0479999999996865,0.0,0.0,0.0
4.048999999999687,0.0,0.0,0.0
4.049999999999687,0.0,0.0,0.0
4.0509999999996875,0.0,0.0,0.0
4.051999999999688,0.0,0.0,0.0
4.052999999999688,0.0,0.0,0.0
4.0539999999996885,0.0,0.0,0.0
4.054999999999689,0.0,0.0,0.0
4.055999999999689,0.0,0.0,0.0
4.0569999999996895,0.0,0.0,0.0
4.05799999999969,0.0,0.0,0.0
4.05899999999969,0.0,0.0,0.0
4.0599999999996905,0.0,0.0,0.0
4.060999999999691,0.0,0.0,0.0
4.061999999999691,0.0,0.0,0.0
4.0629999999996915,0.0,0.0,0.0
4.063999999999692,0.0,0.0,0.0
4.064999999999692,0.0,0.0,0.0
4.0659999999996925,0.0,0.0,0.0
4.066999999999693,0.0,0.0,0.0
4.067999999999693,0.0,0.0,0.0
4.0689999999996935,0.0,0.0,0.0
4.069999999999694,0.0,0.0,0.0
4.070999999999694,0.0,0.0,0.0
4.0719999999996945,0.0,0.0,0.0
4.072999999999695,0.0,0.0,0.0
4.073999999999695,0.0,0.0,0.0
4.0749999999996955,0.0,0.0,0.0
4.075999999999696,0.0,0.0,0.0
4.076999999999696,0.0,0.0,0.0
4.0779999999996965,0.0,0.0,0.0
4.078999999999697,0.0,0.0,0.0
4.079999999999697,0.0,0.0,0.0
4.0809999999996975,0.0,0.0,0.0
4.081999999999698,0.0,0.0,0.0
4.082999999999698,0.0,0.0,0.0
4.0839999999996985,0.0,0.0,0.0
4.084999999999699,0.0,0.0,0.0
4.085999999999699,0.0,0.0,0.0
4.0869999999996995,0.0,0.0,0.0
4.0879999999997,0.0,0.0,0.0
4.0889999999997,0.0,0.0,0.0
4.0899999999997005,0.0,0.0,0.0
4.090999999999701,0.0,0.0,0.0
4.091999999999701,0.0,0.0,0.0
4.0929999999997015,0.0,0.0,0.0
4.093999999999702,0.0,0.0,0.0
4.094999999999702,0.0,0.0,0.0
4.0959999999997025,0.0,0.0,0.0
4.096999999999703,0.0,0.0,0.0
4.097999999999703,0.0,0.0,0.0
4.0989999999997035,0.0,0.0,0.0
4.099999999999704,0.0,0.0,0.0
4.100999999999704,0.0,0.0,0.0
4.1019999999997045,0.0,0.0,0.0
4.102999999999705,0.0,0.0,0.0
4.103999999999705,0.0,0.0,0.0
4.1049999999997056,0.0,0.0,0.0
4.105999999999706,0.0,0.0,0.0
4.106999999999706,0.0,0.0,0.0
4.1079999999997066,0.0,0.0,0.0
4.108999999999707,0.0,0.0,0.0
4.109999999999707,0.0,0.0,0.0
4.1109999999997076,0.0,0.0,0.0
4.111999999999708,0.0,0.0,0.0
4.112999999999708,0.0,0.0,0.0
4.113999999999709,0.0,0.0,0.0
4.114999999999709,0.0,0.0,0.0
4.115999999999709,0.0,0.0,0.0
4.11699999999971,0.0,0.0,0.0
4.11799999999971,0.0,0.0,0.0
4.11899999999971,0.0,0.0,0.0
4.119999999999711,0.0,0.0,0.0
4.120999999999711,0.0,0.0,0.0
4.121999999999711,0.0,0.0,0.0
4.122999999999712,0.0,0.0,0.0
4.123999999999712,0.0,0.0,0.0
4.124999999999712,0.0,0.0,0.0
4.125999999999713,0.0,0.0,0.0
4.126999999999713,0.0,0.0,0.0
4.127999999999713,0.0,0.0,0.0
4.128999999999714,0.0,0.0,0.0
4.129999999999714,0.0,0.0,0.0
4.130999999999714,0.0,0.0,0.0
4.131999999999715,0.0,0.0,0.0
4.132999999999715,0.0,0.0,0.0
4.133999999999715,0.0,0.0,0.0
4.134999999999716,0.0,0.0,0.0
4.135999999999716,0.0,0.0,0.0
4.136999999999716,0.0,0.0,0.0
4.137999999999717,0.0,0.0,0.0
4.138999999999717,0.0,0.0,0.0
4.139999999999717,0.0,0.0,0.0
4.140999999999718,0.0,0.0,0.0
4.141999999999718,0.0,0.0,0.0
4.142999999999718,0.0,0.0,0.0
4.143999999999719,0.0,0.0,0.0
4.144999999999719,0.0,0.0,0.0
4.145999999999719,0.0,0.0,0.0
4.14699999999972,0.0,0.0,0.0
4.14799999999972,0.0,0.0,0.0
4.14899999999972,0.0,0.0,0.0
4.149999999999721,0.0,0.0,0.0
4.150999999999721,0.0,0.0,0.0
4.151999999999721,0.0,0.0,0.0
4.152999999999722,0.0,0.0,0.0
4.153999999999722,0.0,0.0,0.0
4.154999999999722,0.0,0.0,0.0
4.155999999999723,0.0,0.0,0.0
4.156999999999723,0.0,0.0,0.0
4.157999999999723,0.0,0.0,0.0
4.158999999999724,0.0,0.0,0.0
4.159999999999724,0.0,0.0,0.0
4.160999999999724,0.0,0.0,0.0
4.161999999999725,0.0,0.0,0.0
4.162999999999725,0.0,0.0,0.0
4.163999999999725,0.0,0.0,0.0
4.164999999999726,0.0,0.0,0.0
4.165999999999726,0.0,0.0,0.0
4.166999999999726,0.0,0.0,0.0
4.167999999999727,0.0,0.0,0.0
4.168999999999727,0.0,0.0,0.0
4.169999999999727,0.0,0.0,0.0
4.170999999999728,0.0,0.0,0.0
4.171999999999728,0.0,0.0,0.0
4.172999999999728,0.0,0.0,0.0
4.173999999999729,0.0,0.0,0.0
4.174999999999729,0.0,0.0,0.0
4.175999999999729,0.0,0.0,0.0
4.17699999999973,0.0,0.0,0.0
4.17799999999973,0.0,0.0,0.0
4.17899999999973,0.0,0.0,0.0
4.179999999999731,0.6482360768189325,0.8164533096980958,0.8079234347436275
4.180999999999731,0.46155464708677213,1.6922925012057477,0.828770366539322
4.181999999999731,0.2978770344818864,2.109532999099817,0.8143548173149263
4.182999999999732,0.2981578928860872,2.109795469870159,0.8047179189900617
4.183999999999732,0.2989171767993359,2.1105312324222485,0.7943980457446821
4.184999999999732,0.3001646752390671,2.1117420779423854,0.7833872443348658
4.185999999999733,0.3019091980971685,2.1134291051508014,0.7716777884247287
4.186999999999733,0.30415853513092717,2.115592692043352,0.759262187075856
4.187999999999733,0.30691942169999553,2.118232468908837,0.746133195044319
4.188999999999734,0.3101975118173242,2.121347292821583,0.7322838249471172
4.189999999999734,0.31399735901752013,2.1249352237925607,0.7177073613268051
4.190999999999734,0.31832240548058416,2.1289935027401166,0.7023973766239978
4.191999999999735,0.32317497977023474,2.133518531421638,0.6863477490288471
4.192999999999735,0.3285563034678082,2.138505854439494,0.6695526821639483
4.193999999999735,0.3344665069042357,2.143950143410871,0.652006726514161
4.194999999999736,0.34090465410252957,2.149845183367506,0.6337048024897914
4.195999999999736,0.3478687769746679,2.156183861418308,0.6146422250052777
4.196999999999736,0.6491181054740531,2.1725186314697,0.6058187711831051
4.197999999999737,0.6586610298640527,2.178151947259063,0.5849921158988982
4.198999999999737,0.6687799559718373,2.184166567543933,0.5633850773375952
4.199999999999737,0.33194256058142135,2.3675415644474738,0.0
4.200999999999738,0.33248784543788457,2.331984823112027,0.0
4.201999999999738,0.3012470601766132,2.3791306751043124,0.0
4.202999999999738,0.19639795040860947,2.485131966183701,0.0
4.203999999999739,0.0708979126156758,2.462760493185842,0.0
4.204999999999739,-0.07311342908415308,2.3230919083825903,0.0
4.205999999999739,-0.23365592876257202,2.0766547061783824,0.0
4.20699999999974,-0.40897703432212773,1.732859469719899,0.0
4.20799999999974,-0.5976069480182433,1.2995155967165886,0.0
4.20899999999974,-0.7984042541903967,0.7824178838809734,0.0
4.209999999999741,-1.0105947860453932,0.18498698675079783,0.0
4.210999999999741,-1.2338056329168214,-0.4920485723141752,0.0
4.211999999999741,-1.4680952155243678,-1.2509363314459723,0.0
4.212999999999742,-1.6708691837934517,-2.00025447401417,0.0
4.213999999999742,0.001977271811199959,-0.008812736579422019,10.280338884585888
4.214999999999742,0.8459998512264933,0.916458368202572,20.670044398073173
4.215999999999743,0.6626781917059692,0.677248278191465,20.670067808119107
4.216999999999743,0.47604531713037734,0.3633493144122344,20.670090988938632
4.217999999999743,0.2867231695421423,-0.020255682014238996,20.67011453566115
4.218999999999744,0.0949438538462129,-0.47152115494863844,20.670138954852746
4.219999999999744,-0.09937268116589751,-0.9908148765393401,20.670164670087434
4.220999999999744,-0.29654147841429035,-1.5803880555613852,20.67019202712691
4.221999999999745,-0.40720675861255673,-1.941868358843681,20.670221298770567
4.222999999999745,-0.4007514914073005,-1.9272145476823508,20.670252689465002
4.223999999999745,-0.3946311841985367,-1.91282342550267,20.670286339720782
4.224999999999746,-0.3888614957724499,-1.8987329450404666,20.670322330389816
4.225999999999746,-0.3834613418569902,-1.8850055582025567,20.670360686846813
4.226999999999746,-0.37845206369851436,-1.871723282703446,20.670401383103282
4.227999999999747,-0.3738566343032549,-1.8589829835012939,20.670444345890687
4.228999999999747,-0.36969890332586963,-1.846891872704932,20.6704894587186
4.229999999999747,-0.5646072939493798,-2.4622876169271786,20.670536565926938
4.230999999999748,-0.5565214880727252,-2.436806242625027,20.67058547674442
4.231999999999748,-0.54904340857333,-2.4127091339764717,20.670635969347146
4.232999999999748,-0.5421820974458071,-2.390072606766661,20.670687794909238
4.233999999999749,-0.5359450151996152,-2.3689657794370103,20.670740681651775
4.234999999999749,-0.5303377723218918,-2.349448052811119,20.670794338860873
4.235999999999749,-0.5253638866617932,-2.3315667817858943,20.670848460867887
4.23699999999975,-0.5210245672622894,-2.31535514248172,20.67090273097579
4.23799999999975,-0.5173185252292768,-2.3008301995823226,20.670956825298596
4.23899999999975,-0.5142418122770351,-2.2879911800072854,20.671010416502924
4.239999999999751,-0.5117876876474036,-2.2768179605173002,20.671063177421225
4.240999999999751,-0.5099465141527719,-2.2672697783270777,20.671114784515595
4.241999999999751,-0.5087056841342017,-2.25928417515534,20.67116492116969
4.242999999999752,-0.5080495761416236,-2.2527761863277154,20.67121328078054
4.243999999999752,-0.507959543133346,-2.24763778743109,20.671259569636085
4.244999999999752,-0.5084139329537379,-2.2437376114769396,20.671303509554164
4.245999999999753,-0.5091466207095872,-2.236916302668517,20.669141441620507
4.246999999999753,-0.3042728379852565,-2.8942333354599614,20.666184055696753
4.247999999999753,-0.33512720066779206,-3.9292368392453927,20.671418735057173
4.248999999999754,-0.3316770413187035,-3.9116923155879606,20.67145088585687
4.249999999999754,-0.3282427944942559,-3.8943289700273507,20.671479603729814
4.250999999999754,-0.32482428397680774,-3.8771458694182166,20.671504744122778
4.251999999999755,-0.32142133237473225,-3.8601420994963807,20.67152618883835
4.252999999999755,-0.3180337610315934,-3.8433167647597966,20.671543846438357
4.253999999999755,-0.31466138996250487,-3.826668988278069,20.671557652373366
4.254999999999756,-0.3113040378132089,-3.8101979114487565,20.671567568849483
4.255999999999756,-0.3079615218416548,-3.793902693701111,20.67157358445069
4.256999999999756,-0.30463365792513863,-3.7777825121486766,20.671575713529514
4.257999999999757,-0.3013202605868488,-3.7618365612035634,20.671573995384442
4.258999999999757,-0.2980211430458679,-3.746064052153997,20.6715684932492
4.259999999999757,-0.2947361172915201,-3.730464212713138,20.671559293107226
4.260999999999758,-0.29146499416976046,-3.7150362865394753,20.671546502362
4.261999999999758,-0.2882075834937682,-3.6997795327424052,20.671530248380552
4.262999999999758,-0.2849636941693441,-3.684693225371784,20.671510676931707
4.263999999999759,-0.28173313433291736,-3.6697766529002775,20.671487950545576
4.264999999999759,-0.2785157115099012,-3.6550291176994603,20.67146224681491
4.265999999999759,-0.27531123277600683,-3.6404499355170983,20.671433756653478
4.26699999999976,-0.2721195049351962,-3.626038434959539,20.671402682539373
4.26799999999976,-0.2689403347059393,-3.6117939569802147,20.67136923675477
4.26899999999976,-0.26577352891046124,-3.597715854380198,20.67133363964558
4.269999999999761,-0.26261889467322225,-3.583803491321404,20.67129611791068
4.270999999999761,-0.25947623962084504,-3.570056242856441,20.67125690293351
4.271999999999761,-0.2563453720878389,-3.5564734944751177,20.671216229177478
4.272999999999762,-0.25322610131921436,-3.543054641673189,20.671174332644377
4.273999999999762,-0.25011823767481434,-3.529799089539587,20.671131449410183
4.274999999999762,-0.24702159283551134,-3.516706252364736,20.67108781424561
4.275999999999763,-0.24393598000044492,-3.5037755532733996,20.671043659326074
4.276999999999763,-0.24086121408643935,-3.491006423877506,20.67099921303226
4.277999999999763,-0.23779711192180822,-3.4783983039537922,20.67095469884821
4.278999999999764,-0.23474349243062903,-3.465950641141531,20.670910334357032
4.279999999999764,-0.23170017681952282,-3.453662890664254,20.67086633033421
4.280999999999764,-0.22866698875064012,-3.4415345150717584,20.67082288993589
4.281999999999765,-0.22564375450809465,-3.4295649840009768,20.6707802079835
4.282999999999765,-0.22263030316170473,-3.4177537739611363,20.670738470339792
4.283999999999765,-0.21962646671757707,-3.4061003681330293,20.67069785337653
4.284999999999766,-0.21663208026206215,-3.3946042561870335,20.6706585235251
4.285999999999766,-0.21364698209648547,-3.3832649341220415,20.67062063691083
4.286999999999766,-0.21067101386151335,-3.372081904116264,20.670584339063375
4.287999999999767,-0.20770402065229304,-3.36105467439059,20.67054976469785
4.288999999999767,-0.20474585112467208,-3.350182759090834,20.670517037567443
4.289999999999767,-0.20179635758959613,-3.3394656781804155,20.67048627037407
4.290999999999768,-0.19885539609752984,-3.328902957342174,20.670457564740097
4.291999999999768,-0.19592282650979864,-3.318494127894149,20.67043101122777
4.292999999999768,-0.19299851256257772,-3.3082387267129443,20.670406689410864
4.293999999999769,-0.19008232191602434,-3.298136296166506,20.67038466798858
4.294999999999769,-0.18717412619315332,-3.2881863840529286,20.67036500493282
4.295999999999769,-0.18427380100634977,-3.2783885435494273,20.670347747673688
4.29699999999977,-0.18138122597008546,-3.2687423331670855,20.670332933315763
4.29799999999977,-0.1784962847036341,-3.2592473167083,20.67032058887657
4.29899999999977,-0.17561886481912076,-3.249903063233271,20.670310731544657
4.299999999999771,-0.172748857895529,-3.2407091470289906,20.670303368964284
4.300999999999771,-0.16988615944049468,-3.2316651475844766,20.670298499530322
4.301999999999771,-0.1670306688408359,-3.2227706495684614,20.670296112692924
4.302999999999772,-0.16418228929265732,-3.2140252428105587,20.670296189279743
4.303999999999772,-0.16134092772358757,-3.205428522288596,20.670298701819416
4.304999999999772,-0.1585064946994984,-3.196980088116904,20.670303614871557
4.305999999999773,-0.15567890431153875,-3.1886795455381316,20.670310885362596
4.306999999999773,-0.15285807405778998,-3.1805265049193174,20.670320462921374
4.307999999999773,-0.15004392470352598,-3.172520581751302,20.67033229021479
4.308999999999774,-0.1472363801286611,-3.1646613966503536,20.670346303285672
4.309999999999774,-0.14443536716332495,-3.156948575364626,20.67036243188702
4.310999999999774,-0.14164081540701814,-3.1493817487828872,20.67038059980812
4.311999999999775,-0.13885265703405938,-3.1419605529469097,20.670400725207617
4.312999999999775,-0.13607082658740258,-3.134684629069726,20.670422720938884
4.313999999999775,-0.13329526075838735,-3.1275536235554724,20.670446494864937
4.314999999999776,-0.13052589815473345,-3.1205671880247876,20.6704719501744
4.315999999999776,-0.12776267905468894,-3.11372497934451,20.670498985698277
4.316999999999776,-0.1250055451545135,-3.1070266596625093,20.67052749621225
4.317999999999777,-0.12225443930370525,-3.100471896447678,20.670557372739772
4.318999999999777,-0.11950930522840295,-3.0940603625338428,20.670588502852304
4.319999999999777,-0.11677008725263291,-3.0877917361708094,20.67062077096464
4.320999999999778,-0.11403673000877598,-3.081665701081045,20.670654058630408
4.321999999999778,-0.11130917814529653,-3.075681946521509,20.670688244828142
4.322999999999778,-0.10858737602744109,-3.0698401673531,20.67072320625624
4.323999999999779,-0.10587126743590819,-3.0641400641156786,20.67075881762224
4.324999999999779,-0.10316079526877328,-3.0585813431116264,20.670794951929178
4.325999999999779,-0.10045590123995454,-3.05316371649427,20.670831480775817
4.32699999999978,-0.09775652557787412,-3.0478869023645854,20.670868274646054
4.32799999999978,-0.09506260673566125,-3.0427506248776126,20.670905203210932
4.32899999999978,-0.0923740810998332,-3.0377546143534047,20.670942135641248
4.329999999999781,-0.0896908827089562,-3.0328986073973754,20.670978940915806
4.330999999999781,-0.08701294298261153,-3.028182347030586,20.67101548814934
4.331999999999781,-0.0843401904605961,-3.0236055828261095,20.67105164692942
4.332999999999782,-0.08167255055305006,-3.019168071055059,20.671087287668158
4.333999999999782,-0.07900994530811167,-3.0148695748421908,20.671122281967538
4.334999999999782,-0.07635229319467107,-3.0107098643296815,20.671156503005136
4.335999999999783,-0.07369950889714813,-3.006688716851575,20.671189825942825
4.336999999999783,-0.07105150313756337,-3.00280591711638,20.671222128357826
4.337999999999783,-0.068408182513295,-2.999061257401175,20.671253290701337
4.338999999999784,-0.0657694493548896,-2.9954545377552364,20.67128319678312
4.339999999999784,-0.06313520160953395,-2.9919855662144252,20.671311734298456
4.340999999999784,-0.06050533274491329,-2.988654159026475,20.67133879538716
4.341999999999785,-0.057879731679866625,-2.985460140887362,20.671364277228044
4.342999999999785,-0.05525828273815117,-2.982403345191231,20.671388082683997
4.343999999999785,-0.05264086562627221,-2.9794836142902934,20.671410120996274
4.344999999999786,-0.050027355441591176,-2.976700799768164,20.671430308523895
4.345999999999786,-0.047417622700404505,-2.9740547627282896,20.671448569539624
4.346999999999786,-0.04481153339541147,-2.971545374094518,20.67146483709221
4.347999999999787,-0.04220894907913264,-2.9691725149263393,20.67147905392396
4.348999999999787,-0.03960972697287553,-2.966936076750865,20.671491173455145
4.349999999999787,-0.03701372009915145,-2.9648359619102678,20.6715011608444
4.350999999999788,-0.034420777440991604,-2.962872083925565,20.671508994119094
4.351999999999788,-0.03183074412934521,-2.9610443678788156,20.671514665376154
4.352999999999788,-0.029243461648752536,-2.9593527508141437,20.671518182070468
4.353999999999789,-0.026658768071727068,-2.957797182157566,20.671519568378166
4.354999999999789,-0.024076498316661643,-2.95637762415782,20.671518866638717
4.355999999999789,-0.021496484428185803,-2.9550940523479805,20.67151613888293
4.35699999999979,-0.018918555883563476,-2.9539464560298034,20.67151146843467
4.35799999999979,-0.016342539920042233,-2.9529348387799925,20.67150496159402
4.35899999999979,-0.013768261889273894,-2.9520592189809998,20.671496749388822
4.359999999999791,-0.011195545636070205,-2.9513196303776654,20.671486989398737
4.360999999999791,-0.008624213901336296,-2.9507161226548826,20.671475867636584
4.361999999999791,-0.006054088754119627,-2.950248762044549,20.671463600476883
4.362999999999792,-0.0034849920506238308,-2.949917631957335,20.671450436622585
4.363999999999792,-0.0009315222951674224,-2.9497213672457714,20.671430899084815
4.364999999999792,0.0016204075225790607,-2.9496620651265015,20.671410939278942
4.365999999999793,0.0042167786022741655,-2.949743268544535,20.671408428582097
4.366999999999793,0.00684189945788017,-2.9499617642954483,20.671416819676132
4.367999999999793,0.009465361352419509,-2.950314713008072,20.6714245060365
4.368999999999794,0.012087302241599991,-2.9508023102466994,20.671431814809104
4.369999999999794,0.014707858117038224,-2.9514247375278897,20.671439023045004
4.370999999999794,0.017327163826751722,-2.9521821638127346,20.671446361619523
4.371999999999795,0.019945353837105897,-2.9530747469210605,20.671454019041384
4.372999999999795,0.02256256292520551,-2.954102634869039,20.671462145126227
4.373999999999795,0.02517892680737465,-2.9552659671334593,20.671470854525626
4.374999999999796,0.02779458270059748,-2.956564875843921,20.671480230096982
4.375999999999796,0.030409669817649497,-2.957999486907757,20.671490326100137
4.376999999999796,0.03302432979606215,-2.9595699210718953,20.671501171217734
4.377999999999797,0.035638707059675354,-2.961276294918691,20.671512771398696
4.378999999999797,0.03825294912093949,-2.96311872180521,20.671525112519706
4.379999999999797,0.04086720682177476,-2.965097312745672,20.671538162866543
4.380999999999798,0.043481634508689845,-2.967212177236627,20.671551875441637
4.381999999999798,0.046096390156822084,-2.9694634240351685,20.671566190096975
4.382999999999798,0.04871163543851577,-2.97185116188528,20.671581035498612
4.383999999999799,0.05132753573664177,-2.9743755001977625,20.671596330935667
4.384999999999799,0.05394426011398523,-2.9770365496874533,20.671611987969726
4.385999999999799,0.05656198123472096,-2.9798344229665807,20.671627911941194
4.3869999999998,0.05918087524621425,-2.982769235099767,20.67164400333632
4.3879999999998,0.06180112162137695,-2.985841104121528,20.67166015902648
4.3889999999998,0.06442290296674086,-2.989050151516536,20.67167627337991
4.389999999999801,0.06704640480126729,-2.992396502666672,20.671692239267
4.390999999999801,0.06967181530730801,-2.995880287266849,20.671707948955667
4.391999999999801,0.07229932505946009,-2.9995016397098073,20.67172329490839
4.392999999999802,0.07492912673329909,-3.0032606994419586,20.671738170493025
4.393999999999802,0.07756141480026503,-3.0071576112921052,20.671752470608713
4.394999999999802,0.08019638520963238,-3.01119252577498,20.67176609224045
4.395999999999803,0.08283423506293162,-3.015365599369675,20.6717789349417
4.396999999999803,0.08547516228489185,-3.019676994776206,20.67179090126006
4.397999999999803,0.08811936528904911,-3.024126881149315,20.67180189710182
4.398999999999804,0.09076704264912555,-3.0287154343120744,20.671811832055518
4.399999999999804,0.09341839277525671,-3.033442836950929,20.671820619667276
4.400999999999804,0.0960736135936685,-3.038309278791334,20.671828177677526
4.401999999999805,0.09873290224150724,-3.04331495675766,20.671834428226514
4.402999999999805,0.10139645476918156,-3.0484600751159325,20.671839298027436
4.403999999999805,0.10406446586024229,-3.0537448456016314,20.671842718519187
4.404999999999806,0.10673712856616482,-3.0591694875349646,20.671844625995682
4.405999999999806,0.10941463405787342,-3.064734227921031,20.67184496171366
4.406999999999806,0.11209717140004864,-3.070439301537891,20.67184367199191
4.407999999999807,0.11478492734024945,-3.0762849510151895,20.67184070829716
4.408999999999807,0.11747808612262693,-3.082271426899829,20.671836027314512
4.409999999999807,0.12017682932346335,-3.0883989877137226,20.671829591017655
4.410999999999808,0.12288133570519957,-3.0946679000013892,20.671821366733617
4.411999999999808,0.12559178109589442,-3.101078438369546,20.671811327197346
4.412999999999808,0.12830833829062194,-3.1076308855200763,20.671799450608997
4.413999999999809,0.13103117697232164,-3.1143255322750534,20.671785720692366
4.414999999999809,0.13376046365565264,-3.1211626775956542,20.671770126746182
4.415999999999809,0.13649636165188886,-3.1281426285967013,20.671752663701916
4.41699999999981,0.13923903105262417,-3.1352657005549367,20.67173333218019
4.41799999999981,0.1419886287343748,-3.1425322169128247,20.67171213854989
4.41899999999981,0.14474530837933292,-3.149942509280023,20.671689094989887
4.419999999999811,0.14750922051438137,-3.157496917428694,20.6716642195465
4.420999999999811,0.15028051256689384,-3.165195789288081,20.671637536201857
4.421999999999811,0.15305932893331775,-3.1730394809358975,20.671609074936548
4.422999999999812,0.1558458110620381,-3.1810283565866637,20.67157887179416
4.423999999999812,0.1586400975484436,-3.189162788578443,20.67154696894743
4.424999999999812,0.16144232424133784,-3.1974431573575,20.67151341475952
4.425999999999813,0.1642526243565203,-3.205869851461988,20.671478263850805
4.426999999999813,0.16707112860148784,-3.2144432675034422,20.671441577152073
4.427999999999813,0.16989796530359522,-3.2231638101470703,20.671403421960164
4.428999999999814,0.17273326054608887,-3.2320318920913245,20.671363871986784
4.429999999999814,0.17557713830824062,-3.2410479340442455,20.671323007393838
4.430999999999814,0.17842972060696147,-3.250212364700662,20.671280914827214
4.431999999999815,0.18129112764012983,-3.2595256207157988,20.671237687431212
4.432999999999815,0.1841614779323252,-3.2689881466781614,20.671193424851324
4.433999999999815,0.1870408884805799,-3.278600395079978,20.671148233221757
4.434999999999816,0.18992947489704265,-3.2883628262846942,20.67110222513282
4.435999999999816,0.19282735155071218,-3.298275908492024,20.671055519574143
4.436999999999816,0.1957346317066323,-3.3083401176997205,20.671008241854054
4.437999999999817,0.19865142766157462,-3.3185559376615084,20.670960523495804
4.438999999999817,0.2015778508749763,-3.3289238598396604,20.670912502095817
4.439999999999817,0.20451401209861322,-3.3394443833550875,20.67086432114928
4.440999999999818,0.20746002149578344,-3.3501180149282748,20.670816129840937
4.441999999999818,0.21041598876150208,-3.3609452688160273,20.67076808279522
4.442999999999818,0.21338202323376382,-3.371926666741177,20.67072033977643
4.443999999999819,0.21635823399851756,-3.3830627378129576,20.670673065344566
4.444999999999819,0.21934472999355847,-3.3943540184397074,20.670626428463223
4.445999999999819,0.22234162010203148,-3.405801052231678,20.670580602044947
4.44699999999982,0.22534901324319706,-3.4174043898942106,20.670535762448225
4.44799999999982,0.2283670184575005,-3.429164589107438,20.670492088906997
4.44899999999982,0.23139574498433776,-3.4410822143962534,20.670449762896453
4.449999999999821,0.23443530233866722,-3.4531578369886273,20.670408967441787
4.450999999999821,0.23748580038188855,-3.465392034656733,20.670369886351004
4.451999999999821,0.24054734938453717,-3.4777853915473314,20.67033270338353
4.452999999999822,0.24362006009102766,-3.490338497996266,20.6702976013511
4.453999999999822,0.2467040437756151,-3.5030519503293975,20.67026476114641
4.454999999999822,0.24979941229898525,-3.5159263506475984,20.6702343607065
4.455999999999823,0.2529062781596937,-3.528962306596245,20.6702065739104
4.456999999999823,0.2560247545416359,-3.5421604311222827,20.670181569413597
4.457999999999823,0.2591549553647273,-3.5555213422136824,20.670159509424394
4.458999999999824,0.2622969953281775,-3.5690456626266416,20.67014054842527
4.459999999999824,0.26545098995506705,-3.582734019601106,20.670124831850686
4.460999999999824,0.2686170556319239,-3.5965870445626114,20.670112494727768
4.461999999999825,0.2717953096533103,-3.6106053728149843,20.670103660279896
4.462999999999825,0.27498587026020305,-3.624789643223409,20.670098438521826
4.463999999999825,0.27818885667748466,-3.639140497895619,20.67009692484634
4.464999999999826,0.2814043891534452,-3.653658581855181,20.6700991986156
4.465999999999826,0.2846325889947797,-3.668344542715474,20.670105321784384
4.466999999999826,0.2878735786058222,-3.6831990303585105,20.67011533755491
4.467999999999827,0.2911274815184148,-3.6982226966188083,20.670129269094637
4.468999999999827,0.2943944224244892,-3.713416194979516,20.670147118333226
4.4699999999998274,0.29767452721154924,-3.728780180280059,20.670168864854894
4.470999999999828,0.30096792298640007,-3.7443153084489986,20.670194464904903
4.471999999999828,0.304274738102944,-3.760022236258438,20.670223850535823
4.4729999999998284,0.30759510218752206,-3.7759016211067804,20.67025692892059
4.473999999999829,0.3109291461548404,-3.791954120841573,20.670293581832972
4.474999999999829,0.3142770022290673,-3.808180393618131,20.670333665331018
4.4759999999998294,0.317638803955075,-3.824581097807192,20.670377009663365
4.47699999999983,0.32101468620616186,-3.84115689195243,20.67042341940465
4.47799999999983,0.32440478519272237,-3.8579084347827983,20.67047267383929
4.4789999999998305,0.32780923846078114,-3.8748363852902368,20.67052452761431
4.479999999999831,0.33122818488837924,-3.8919414028699704,20.670578711660315
4.480999999999831,0.3346617646798256,-3.909224147529917,20.67063493438979
4.4819999999998315,0.2933295128421045,-2.922080054488692,20.643773971227624
4.482999999999832,-0.014372110364838618,-2.271391755377568,20.64776400165505
4.483999999999832,-0.011168217027610769,-2.290491194646205,20.6576781780744
4.4849999999998325,-0.008461462451208511,-2.3093905920788877,20.668269001417062
4.485999999999833,-0.006999074319084225,-2.3166092789329324,20.67093505728183
4.486999999999833,-0.006285055360972298,-2.3218432428375984,20.67099635012938
4.4879999999998335,-0.006095866659311798,-2.3289760888883473,20.671057169633798
4.488999999999834,-0.006437023761747859,-2.3380517661100657,20.671117120299037
4.489999999999834,-0.007313409464113574,-2.3490944076227063,20.67117580683442
4.4909999999998345,-0.008729238467458815,-2.3621093468528476,20.671232837718666
4.491999999999835,-0.010688023765155666,-2.377084314102041,20.67128782887413
4.492999999999835,-0.013192545459610523,-2.393990804298551,20.67134040742546
4.4939999999998355,-0.016244822620843216,-2.4127856088414976,20.671390215502637
4.494999999999836,-0.01984608868349283,-2.433412506648669,20.671436914055207
4.495999999999836,-0.023996770771712667,-2.4558041116617693,20.671480186646548
4.4969999999998365,-0.028696473231139358,-2.4798838760961233,20.67151974319448
4.497999999999837,-0.03394396553524453,-2.5055682505784045,20.67155532362337
4.498999999999837,0.04460713629800178,-1.9039394746501983,20.67158670140929
4.4999999999998375,0.040696604543581996,-1.9171556477621796,20.671613686984635
4.500999999999838,0.036301649570345165,-1.9312945316886034,20.671636130985654
4.501999999999838,0.03143566618321029,-1.9462300270645412,20.6716539273336
4.5029999999998385,0.02611259957627506,-1.961843919340684,20.671667016127795
4.503999999999839,0.02034674123785867,-1.978029935987739,20.67167538635333
4.504999999999839,0.014152509764386846,-1.9946980372474765,20.671679078404217
4.5059999999998395,0.007544216702823049,-2.0117789451952652,20.671678186429816
4.50699999999984,0.0005358175723269264,-2.029228914608721,20.671672860516207
4.50799999999984,-0.006859351767631756,-2.0470347475397164,20.67166330872518
4.5089999999998405,0.03699885291867967,-1.867583089202273,20.67164979901914
4.509999999999841,0.1545882289035258,-1.4731213698064565,20.67163266110655
4.510999999999841,0.2772889794708289,-1.1518156539225264,20.671612288248255
4.5119999999998415,0.405165298254278,-0.902410648802614,20.671589139069923
4.512999999999842,0.5382554854339369,-0.7260832331977274,20.67156373944586
4.513999999999842,0.6545416875762429,-0.6869610952429905,20.671506752900605
4.5149999999998425,-0.003573902750537242,0.008269474530640513,10.21706640449651
4.515999999999843,-1.831570832815237,-0.4869109575780559,0.0
4.516999999999843,-1.677632495277598,0.2825641379587829,0.0
4.5179999999998435,-1.524674783696088,0.9614219848745336,0.0
4.518999999999844,-1.3728359469200195,1.556262500327465,0.0
4.519999999999844,-1.2223339456337647,2.0702092502910636,0.0
4.5209999999998445,-1.0734700461405287,2.50320839858505,0.0
4.521999999999845,-0.9266319901151603,2.852364332737279,0.0
4.522999999999845,-0.7822970370362445,3.1123150313282957,0.0
4.5239999999998455,-0.6410348083176791,3.2756549921461056,0.0
4.524999999999846,-0.5035094589773111,3.33341727530762,0.0
4.525999999999846,-0.37048027394051997,3.2756283774723953,0.0
4.5269999999998465,-0.2427993567085327,3.0919493822509625,0.0
4.527999999999847,-0.12140469516834108,2.7724130220617287,0.0
4.528999999999847,-0.050261524330825515,2.519714973363696,0.0
4.5299999999998475,0.29191314232054116,2.284836544729335,0.5269934443337361
4.530999999999848,0.2890087381395658,2.2773685017976164,0.5493828010695712
4.531999999999848,-0.0007315148961801474,2.218971262299089,0.5608914580367553
4.5329999999998485,-0.0014523297471097383,2.2118426873732018,0.5813745236276577
4.533999999999849,-0.0018225118151354346,2.2051636657660216,0.6010261323379393
4.534999999999849,-0.0018412322257957622,2.198940814846203,0.6198458289283385
4.5359999999998495,-0.0015083935062715761,2.193179826456465,0.6378338460162299
4.53699999999985,-0.0008246573579735548,2.18788547912488,0.6549910985132072
4.53799999999985,0.00020853471008955987,2.1830616527892333,0.6713191774522259
4.5389999999998505,0.0015889478726380229,2.178711346021113,0.68682034329142
4.539999999999851,0.003313547525466802,2.1748366957052725,0.7014975187601704
4.540999999999851,0.005378499735672532,2.1714389990985077,0.7153542813049053
4.5419999999998515,0.007779178406212315,2.1685187381633986,0.7283948551779355
4.542999999999852,0.010510178898561805,2.1660756060417397,0.7406241031938554
4.543999999999852,0.013565337799002389,2.164108535503064,0.7520475181802395
4.5449999999998525,0.01693775845937727,2.162615729179204,0.7626712141271715
4.545999999999853,0.020619841895958887,2.1615946913702957,0.7725019170479256
4.546999999999853,0.024603322584546693,2.1610422611926046,0.7815469555335373
4.5479999999998535,0.2608448814918262,1.7636271047558556,0.7939888288210124
4.548999999999854,0.604757022887765,0.89122535134157,0.7736509225911039
4.549999999999854,0.0,0.0,0.0
4.5509999999998545,0.0,0.0,0.0
4.551999999999855,0.0,0.0,0.0
4.552999999999855,0.0,0.0,0.0
4.5539999999998555,0.0,0.0,0.0
4.554999999999856,0.0,0.0,0.0
4.555999999999856,0.0,0.0,0.0
4.5569999999998565,0.0,0.0,0.0
4.557999999999857,0.0,0.0,0.0
4.558999999999857,0.0,0.0,0.0
4.5599999999998575,0.0,0.0,0.0
4.560999999999858,0.0,0.0,0.0
4.561999999999858,0.0,0.0,0.0
4.5629999999998585,0.0,0.0,0.0
4.563999999999859,0.0,0.0,0.0
4.564999999999859,0.0,0.0,0.0
4.5659999999998595,0.0,0.0,0.0
4.56699999999986,0.0,0.0,0.0
4.56799999999986,0.0,0.0,0.0
4.5689999999998605,0.0,0.0,0.0
4.569999999999861,0.0,0.0,0.0
4.570999999999861,0.0,0.0,0.0
4.5719999999998615,0.0,0.0,0.0
4.572999999999862,0.0,0.0,0.0
4.573999999999862,0.0,0.0,0.0
4.5749999999998625,0.0,0.0,0.0
4.575999999999863,0.0,0.0,0.0
4.576999999999863,0.0,0.0,0.0
4.5779999999998635,0.0,0.0,0.0
4.578999999999864,0.0,0.0,0.0
4.579999999999864,0.0,0.0,0.0
4.5809999999998645,0.0,0.0,0.0
4.581999999999865,0.0,0.0,0.0
4.582999999999865,0.0,0.0,0.0
4.5839999999998655,0.0,0.0,0.0
4.584999999999866,0.0,0.0,0.0
4.585999999999866,0.0,0.0,0.0
4.5869999999998665,0.0,0.0,0.0
4.587999999999867,0.0,0.0,0.0
4.588999999999867,0.0,0.0,0.0
4.5899999999998675,0.0,0.0,0.0
4.590999999999868,0.0,0.0,0.0
4.591999999999868,0.0,0.0,0.0
4.5929999999998685,0.0,0.0,0.0
4.593999999999869,0.0,0.0,0.0
4.594999999999869,0.0,0.0,0.0
4.5959999999998695,0.0,0.0,0.0
4.59699999999987,0.0,0.0,0.0
4.59799999999987,0.0,0.0,0.0
4.5989999999998705,0.0,0.0,0.0
4.599999999999871,0.0,0.0,0.0
4.600999999999871,0.0,0.0,0.0
4.6019999999998715,0.0,0.0,0.0
4.602999999999872,0.0,0.0,0.0
4.603999999999872,0.0,0.0,0.0
4.6049999999998725,0.0,0.0,0.0
4.605999999999873,0.0,0.0,0.0
4.606999999999873,0.0,0.0,0.0
4.6079999999998735,0.0,0.0,0.0
4.608999999999874,0.0,0.0,0.0
4.609999999999874,0.0,0.0,0.0
4.6109999999998745,0.0,0.0,0.0
4.611999999999875,0.0,0.0,0.0
4.612999999999875,0.0,0.0,0.0
4.6139999999998755,0.0,0.0,0.0
4.614999999999876,0.0,0.0,0.0
4.615999999999876,0.0,0.0,0.0
4.6169999999998765,0.0,0.0,0.0
4.617999999999877,0.0,0.0,0.0
4.618999999999877,0.0,0.0,0.0
4.6199999999998775,0.0,0.0,0.0
4.620999999999878,0.0,0.0,0.0
4.621999999999878,0.0,0.0,0.0
4.6229999999998785,0.0,0.0,0.0
4.623999999999879,0.0,0.0,0.0
4.624999999999879,0.0,0.0,0.0
4.6259999999998795,0.0,0.0,0.0
4.62699999999988,0.0,0.0,0.0
4.62799999999988,0.0,0.0,0.0
4.6289999999998805,0.0,0.0,0.0
4.629999999999881,0.0,0.0,0.0
4.630999999999881,0.0,0.0,0.0
4.6319999999998815,0.0,0.0,0.0
4.632999999999882,0.0,0.0,0.0
4.633999999999882,0.0,0.0,0.0
4.6349999999998825,0.0,0.0,0.0
4.635999999999883,0.0,0.0,0.0
4.636999999999883,0.0,0.0,0.0
4.6379999999998835,0.0,0.0,0.0
4.638999999999884,0.0,0.0,0.0
4.639999999999884,0.0,0.0,0.0
4.6409999999998846,0.0,0.0,0.0
4.641999999999885,0.0,0.0,0.0
4.642999999999885,0.0,0.0,0.0
4.6439999999998856,0.0,0.0,0.0
4.644999999999886,0.0,0.0,0.0
4.645999999999886,0.0,0.0,0.0
4.6469999999998866,0.0,0.0,0.0
4.647999999999887,0.0,0.0,0.0
4.648999999999887,0.0,0.0,0.0
4.649999999999888,0.0,0.0,0.0
4.650999999999888,0.0,0.0,0.0
4.651999999999888,0.0,0.0,0.0
4.652999999999889,0.0,0.0,0.0
4.653999999999889,0.0,0.0,0.0
4.654999999999889,0.0,0.0,0.0
4.65599999999989,0.0,0.0,0.0
4.65699999999989,0.0,0.0,0.0
4.65799999999989,0.0,0.0,0.0
4.658999999999891,0.0,0.0,0.0
4.659999999999891,0.0,0.0,0.0
4.660999999999891,0.0,0.0,0.0
4.661999999999892,0.0,0.0,0.0
4.662999999999892,0.0,0.0,0.0
4.663999999999892,0.0,0.0,0.0
4.664999999999893,0.0,0.0,0.0
4.665999999999893,0.0,0.0,0.0
4.666999999999893,0.0,0.0,0.0
4.667999999999894,0.0,0.0,0.0
4.668999999999894,0.0,0.0,0.0
4.669999999999894,0.0,0.0,0.0
4.670999999999895,0.0,0.0,0.0
4.671999999999895,0.0,0.0,0.0
4.672999999999895,0.0,0.0,0.0
4.673999999999896,0.0,0.0,0.0
4.674999999999896,0.0,0.0,0.0
4.675999999999896,0.0,0.0,0.0
4.676999999999897,0.0,0.0,0.0
4.677999999999897,0.0,0.0,0.0
4.678999999999897,0.0,0.0,0.0
4.679999999999898,0.0,0.0,0.0
4.680999999999898,0.0,0.0,0.0
4.681999999999898,0.0,0.0,0.0
4.682999999999899,0.0,0.0,0.0
4.683999999999899,0.0,0.0,0.0
4.684999999999899,0.0,0.0,0.0
4.6859999999999,0.0,0.0,0.0
4.6869999999999,0.0,0.0,0.0
4.6879999999999,0.0,0.0,0.0
4.688999999999901,0.0,0.0,0.0
4.689999999999901,0.0,0.0,0.0
4.690999999999901,0.0,0.0,0.0
4.691999999999902,0.0,0.0,0.0
4.692999999999902,0.0,0.0,0.0
4.693999999999902,0.0,0.0,0.0
4.694999999999903,0.0,0.0,0.0
4.695999999999903,0.0,0.0,0.0
4.696999999999903,0.0,0.0,0.0
4.697999999999904,0.0,0.0,0.0
4.698999999999904,0.0,0.0,0.0
4.699999999999904,0.0,0.0,0.0
4.700999999999905,0.0,0.0,0.0
4.701999999999905,0.0,0.0,0.0
4.702999999999905,0.0,0.0,0.0
4.703999999999906,0.0,0.0,0.0
4.704999999999906,0.0,0.0,0.0
4.705999999999906,0.0,0.0,0.0
4.706999999999907,0.0,0.0,0.0
4.707999999999907,0.0,0.0,0.0
4.708999999999907,0.0,0.0,0.0
4.709999999999908,0.0,0.0,0.0
4.710999999999908,0.0,0.0,0.0
4.711999999999908,0.0,0.0,0.0
4.712999999999909,0.0,0.0,0.0
4.713999999999909,0.0,0.0,0.0
4.714999999999909,0.0,0.0,0.0
4.71599999999991,0.0,0.0,0.0
4.71699999999991,0.0,0.0,0.0
4.71799999999991,0.0,0.0,0.0
4.718999999999911,0.0,0.0,0.0
4.719999999999911,0.0,0.0,0.0
4.720999999999911,0.0,0.0,0.0
4.721999999999912,0.0,0.0,0.0
4.722999999999912,0.0,0.0,0.0
4.723999999999912,0.0,0.0,0.0
4.724999999999913,0.0,0.0,0.0
4.725999999999913,0.0,0.0,0.0
4.726999999999913,0.0,0.0,0.0
4.727999999999914,0.0,0.0,0.0
4.728999999999914,0.0,0.0,0.0
4.729999999999914,0.0,0.0,0.0
4.730999999999915,0.0,0.0,0.0
4.731999999999915,0.0,0.0,0.0
4.732999999999915,0.0,0.0,0.0
4.733999999999916,0.0,0.0,0.0
4.734999999999916,0.0,0.0,0.0
4.735999999999916,0.0,0.0,0.0
4.736999999999917,0.0,0.0,0.0
4.737999999999917,0.0,0.0,0.0
4.738999999999917,0.0,0.0,0.0
4.739999999999918,0.0,0.0,0.0
4.740999999999918,0.0,0.0,0.0
4.741999999999918,0.0,0.0,0.0
4.742999999999919,0.0,0.0,0.0
4.743999999999919,0.0,0.0,0.0
4.744999999999919,0.0,0.0,0.0
4.74599999999992,0.0,0.0,0.0
4.74699999999992,0.0,0.0,0.0
4.74799999999992,0.0,0.0,0.0
4.748999999999921,0.0,0.0,0.0
4.749999999999921,0.0,0.0,0.0
4.750999999999921,0.0,0.0,0.0
4.751999999999922,0.0,0.0,0.0
4.752999999999922,0.0,0.0,0.0
4.753999999999922,0.0,0.0,0.0
4.754999999999923,0.0,0.0,0.0
4.755999999999923,0.0,0.0,0.0
4.756999999999923,0.0,0.0,0.0
4.757999999999924,0.0,0.0,0.0
4.758999999999924,0.0,0.0,0.0
4.759999999999924,0.0,0.0,0.0
4.760999999999925,0.0,0.0,0.0
4.761999999999925,0.0,0.0,0.0
4.762999999999925,0.0,0.0,0.0
4.763999999999926,0.0,0.0,0.0
4.764999999999926,0.0,0.0,0.0
4.765999999999926,0.0,0.0,0.0
4.766999999999927,0.0,0.0,0.0
4.767999999999927,0.0,0.0,0.0
4.768999999999927,0.0,0.0,0.0
4.769999999999928,0.0,0.0,0.0
4.770999999999928,0.0,0.0,0.0
4.771999999999928,0.0,0.0,0.0
4.772999999999929,0.0,0.0,0.0
4.773999999999929,0.0,0.0,0.0
4.774999999999929,0.0,0.0,0.0
4.77599999999993,0.0,0.0,0.0
4.77699999999993,0.0,0.0,0.0
4.77799999999993,0.0,0.0,0.0
4.778999999999931,0.0,0.0,0.0
4.779999999999931,0.0,0.0,0.0
4.780999999999931,0.0,0.0,0.0
4.781999999999932,0.6482391179228113,0.8164543403470828,0.8079262294039493
4.782999999999932,0.4615597657439998,1.692293027128147,0.8287723670930847
4.783999999999932,0.29788249809865847,2.1095318566794745,0.8143565552231983
4.784999999999933,0.298163363597399,2.109794328734126,0.8047196622226019
4.785999999999933,0.29892265444415117,2.110530092529513,0.7943997919335452
4.786999999999933,0.3001701596333655,2.111740939243936,0.7833889910160666
4.787999999999934,0.3019146890335149,2.1134279675891765,0.7716795330423984
4.788999999999934,0.3041640323780028,2.115591555553129,0.7592639269817151
4.789999999999934,0.3069249250032173,2.1182313334169103,0.7461349274996656
4.790999999999935,0.31020302089894664,2.1213461582473796,0.7322855471239946
4.791999999999935,0.3140028735767959,2.124934090047958,0.7177090703089459
4.792999999999935,0.3183279251936154,2.128992369730534,0.7023990694064934
4.793999999999936,0.3231805042892615,2.1335173990457075,0.6863494225228621
4.794999999999936,0.32856183242265874,2.138504722588947,0.6695543331985447
4.795999999999936,0.33447203990115904,2.1439490119723446,0.6520083518320613
4.796999999999937,0.3409101907244674,2.1498440522214706,0.6337063987548419
4.797999999999937,0.34787431678112957,2.1561827304402295,0.6146437888004783
4.798999999999937,0.6491243203964541,2.172520017889112,0.605820726813981
4.799999999999938,0.6586672464581714,2.178153336049988,0.5849940324800871
4.800999999999938,0.6687861735096258,2.1841679585138705,0.5633869512708873
4.801999999999938,0.3320336944822667,2.3675796094613464,0.0
4.802999999999939,0.3325836999198931,2.3320251913719225,0.0
4.803999999999939,0.30140364296041167,2.379177073995525,0.0
4.804999999999939,0.19670180920743488,2.4852477881719013,0.0
4.80599999999994,0.07135308148511925,2.4629473900024705,0.0
4.80699999999994,-0.07250335953026484,2.3233510528583112,0.0
4.80799999999994,-0.2328877198826852,2.0769869131594314,0.0
4.808999999999941,-0.40804772937109224,1.7332652930365637,0.0
4.809999999999941,-0.5965138239241443,1.2999954002140637,0.0
4.810999999999941,-0.7971447944350641,0.7829718864898849,0.0
4.811999999999942,-1.0091666736040406,0.1856152824878663,0.0
4.812999999999942,-1.232206762116562,-0.4913460182352267,0.0
4.813999999999942,-1.4663237217386045,-1.2501597091508092,0.0
4.814999999999943,-1.6689659626611584,-1.9994220499249344,0.0
4.815999999999943,0.0019773197190769065,-0.008812736116733133,10.280339270178617
4.816999999999943,0.8448509932518226,0.9159519941311167,20.670044398617733
4.817999999999944,0.6617123593361245,0.6768206809946502,20.670067808657848
4.818999999999944,0.4752567256865472,0.3629975372627179,20.6700909894703
4.819999999999944,0.28610592125372664,-0.020534716774282202,20.67011453618499
4.820999999999945,0.09449191062336154,-0.47173067221447873,20.67013895536713
4.821999999999945,-0.09966553173976656,-0.9909582826792653,20.670164670592747
4.822999999999945,-0.2966816622513158,-1.5804689778798384,20.67019202762218
4.823999999999946,-0.4072540833380666,-1.9418890756712193,20.67022129925494
4.824999999999946,-0.4007961825035539,-1.9272341678898623,20.67025268993814
4.825999999999946,-0.3946733124667863,-1.912841984842754,20.670286340181768
4.826999999999947,-0.38890113292503936,-1.8987504800239037,20.670322330838502
4.827999999999947,-0.3834985604645629,-1.8850221060469745,20.670360687282216
4.828999999999947,-0.37848693713705434,-1.8717388812814084,20.670401383526986
4.829999999999948,-0.37388923670142904,-1.8589976712773908,20.670444346302457
4.830999999999948,-0.369729309510986,-1.8469056886725417,20.670489459116823
4.831999999999948,-0.5646329784789365,-2.4622963130334403,20.670536566312045
4.832999999999949,-0.5565453570820903,-2.436814419463401,20.670585477117847
4.833999999999949,-0.5490655304672678,-2.412716821148393,20.67063596970771
4.834999999999949,-0.5422025409873209,-2.3900798339697595,20.67068779525717
4.83599999999995,-0.5359638494654166,-2.368972576404462,20.670740681987812
4.83699999999995,-0.5303550666595824,-2.3494544492470615,20.67079433918444
4.83799999999995,-0.5253797106447408,-2.331572807306261,20.6708484611801
4.838999999999951,-0.5210389906456669,-2.315360826549864,20.670902731277305
4.839999999999951,-0.5173316179047664,-2.3008355714421223,20.67095682558994
4.840999999999951,-0.5142536442248316,-2.287996268619363,20.671010416783915
4.841999999999952,-0.5117983288849606,-2.276822794492881,20.67106317769249
4.842999999999952,-0.5099560346814841,-2.267274385852898,20.671114784778435
4.843999999999952,-0.5087141538800791,-2.2592885839247128,20.671164921423774
4.844999999999953,-0.5080570648898354,-2.252780423468927,20.671213281026816
4.845999999999953,-0.5079661204591419,-2.2476418794246324,20.671259569875357
4.846999999999953,-0.5084196681448709,-2.2437415840781374,20.67130350978622
4.847999999999954,-0.5091516169986386,-2.236917768476599,20.669140081576078
4.848999999999954,-0.30427633764710277,-2.8942333978661323,20.666182713286638
4.849999999999954,-0.33512719750492914,-3.929236839577004,20.671418735274706
4.850999999999955,-0.33167703820845656,-3.91169231592515,20.671450886070147
4.851999999999955,-0.32824279143810975,-3.8943289703710473,20.67147960393983
4.852999999999955,-0.3248242809759173,-3.8771458697677614,20.67150474433003
4.853999999999956,-0.3214213294292464,-3.8601420998527853,20.67152618904391
4.854999999999956,-0.3180337581434693,-3.843316765123089,20.67154384664236
4.855999999999956,-0.31466138713355873,-3.8266689886476386,20.671557652575558
4.856999999999957,-0.3113040350450235,-3.8101979118253846,20.67156756905038
4.857999999999957,-0.3079615191362789,-3.793902694084599,20.671573584651103
4.858999999999957,-0.304633655283213,-3.777782512538262,20.671575713730995
4.859999999999958,-0.3013202580097615,-3.7618365615987095,20.671573995585835
4.860999999999958,-0.29802114053687057,-3.746064052555436,20.67156849345077
4.861999999999958,-0.2947361148518557,-3.7304642131203347,20.671559293310146
4.862999999999959,-0.29146499180154956,-3.7150362869513804,20.671546502565874
4.863999999999959,-0.28820758119901313,-3.6997795331591137,20.67153024858478
4.864999999999959,-0.2849636919490157,-3.6846932257929437,20.671510677136776
4.86599999999996,-0.2817331321895056,-3.6697766533249148,20.671487950752436
4.86699999999996,-0.2785157094448021,-3.6550291181273016,20.671462247022212
4.86799999999996,-0.27531123079134867,-3.640449935947546,20.671433756861166
4.868999999999961,-0.2721195030328198,-3.62603843539173,20.67140268274731
4.869999999999961,-0.2689403328867388,-3.611793957414016,20.671369236963056
4.870999999999961,-0.2657735271763294,-3.5977158548150445,20.67133363985408
4.871999999999962,-0.2626188930251657,-3.5838034917564228,20.6712961181187
4.872999999999962,-0.2594762380604449,-3.570056243290482,20.671256903141362
4.873999999999962,-0.25634537061625545,-3.556473494908009,20.671216229384143
4.874999999999963,-0.2532260999363385,-3.5430546421043156,20.671174332848516
4.875999999999963,-0.25011823638236386,-3.5297990899684155,20.67113144961292
4.876999999999963,-0.24702159163387583,-3.5167062527909723,20.67108781444668
4.877999999999964,-0.2439359788900981,-3.5037755536955677,20.67104365952354
4.878999999999964,-0.24086121306830335,-3.4910064242950414,20.670999213226207
4.879999999999964,-0.2377971109949459,-3.47839830436615,20.670954699038674
4.880999999999965,-0.23474349159602037,-3.4659506415484485,20.670910334543628
4.881999999999965,-0.2317001760771195,-3.4536628910654303,20.670866330515786
4.882999999999965,-0.2286669880991253,-3.4415345154661283,20.670822890111598
4.883999999999966,-0.22564375394699232,-3.4295649843881684,20.670780208153275
4.884999999999966,-0.22263030269076559,-3.4177537743404294,20.67073847050275
4.885999999999966,-0.21962646633690786,-3.406100368503596,20.670697853531735
4.886999999999967,-0.21663207996953932,-3.394604256549222,20.670658523673062
4.887999999999967,-0.21364698189102377,-3.3832649344755845,20.670620637051044
4.888999999999967,-0.21067101374259778,-3.3720819044597876,20.670584339194335
4.889999999999968,-0.2077040206174036,-3.36105467472392,20.670549764819455
4.890999999999968,-0.2047458511726588,-3.350182759413821,20.670517037680437
4.891999999999968,-0.20179635771924676,-3.3394656784926315,20.670486270477596
4.892999999999969,-0.19885539630564408,-3.328902957643619,20.670457564832716
4.893999999999969,-0.19592282679474118,-3.3184941281843394,20.670431011310104
4.894999999999969,-0.1929985129223587,-3.3082387269918128,20.670406689482217
4.89599999999997,-0.1900823223479482,-3.2981362964334364,20.670384668048765
4.89699999999997,-0.18717412669509326,-3.2881863843077106,20.670365004981434
4.89799999999997,-0.18427380157537426,-3.278388543792558,20.67034774771122
4.898999999999971,-0.1813812266033892,-3.2687423333980563,20.670332933342124
4.899999999999971,-0.17849628539870702,-3.2592473169267926,20.670320588890593
4.900999999999971,-0.1756188655719928,-3.2499030634394668,20.670310731546966
4.901999999999972,-0.17274885870343326,-3.2407091472230656,20.67030336895468
4.902999999999972,-0.16988616030105924,-3.2316651477666185,20.670298499508217
4.903999999999972,-0.16703066974981573,-3.2227706497381545,20.670296112659333
4.904999999999973,-0.16418229024672687,-3.2140252429680283,20.670296189235486
4.905999999999973,-0.16134092871994093,-3.205428522434313,20.670298701763556
4.906999999999973,-0.15850649573389772,-3.1969800882505632,20.670303614803693
4.907999999999974,-0.1556789053806739,-3.188679545659762,20.67031088528335
4.908999999999974,-0.15285807515847563,-3.180526505029281,20.670320462831157
4.909999999999974,-0.1500439258313564,-3.1725205818496898,20.67033229011475
4.910999999999975,-0.1472363812802118,-3.164661396737745,20.67034630317532
4.911999999999975,-0.14443536833516615,-3.1569485754412088,20.67036243176599
4.912999999999975,-0.14164081659556924,-3.149381748848585,20.670380599678115
4.913999999999976,-0.13885265823530896,-3.1419605530023444,20.670400725069168
4.914999999999976,-0.13607082779719729,-3.1346846291149286,20.67042272079215
4.915999999999976,-0.1332952619744038,-3.1275536235904964,20.670446494709083
4.916999999999977,-0.13052589937315887,-3.1205671880502006,20.670471950011343
4.917999999999977,-0.12776268027204038,-3.1137249793609407,20.670498985528894
4.918999999999977,-0.12500554636707187,-3.107026659670129,20.670527496035724
4.919999999999978,-0.12225444050788456,-3.100471896446537,20.670557372557134
4.920999999999978,-0.11950930642181998,-3.094060362524716,20.670588502664614
4.921999999999978,-0.11677008843096506,-3.087791736154075,20.670620770772665
4.922999999999979,-0.11403673117088631,-3.0816657010566275,20.670654058433705
4.923999999999979,-0.11130917928846548,-3.0756819464900413,20.67068824462811
4.924999999999979,-0.10858737714698707,-3.0698401673149296,20.670723206053697
4.92599999999998,-0.10587126853007853,-3.0641400640713514,20.670758817416566
4.92699999999998,-0.10316079633592845,-3.0585813430613658,20.670794951722385
4.92799999999998,-0.10045590227787876,-3.053163716438103,20.670831480568406
4.928999999999981,-0.09775652658484957,-3.0478869023032202,20.670868274437424
4.929999999999981,-0.09506260771014502,-3.0427506248115486,20.67090520300314
4.930999999999981,-0.09237408204001035,-3.0377546142824468,20.6709421354345
4.931999999999982,-0.08969088361303038,-3.032898607322178,20.670978940710093
4.932999999999982,-0.08701294385001285,-3.028182346951623,20.671015487946132
4.933999999999982,-0.08434019129070044,-3.0236055827431847,20.671051646728614
4.934999999999983,-0.0816725513454237,-3.0191680709687683,20.671087287469728
4.935999999999983,-0.07900994606257941,-3.0148695747528533,20.671122281772536
4.936999999999983,-0.07635229391072001,-3.010709864237272,20.671156502814444
4.937999999999984,-0.07369950957523769,-3.0066887167562815,20.67118982575718
4.938999999999984,-0.07105150377856112,-3.0028059170186343,20.6712221281774
4.939999999999984,-0.06840818311748653,-2.9990612573013338,20.67125329052513
4.940999999999985,-0.06576944992324962,-2.9954545376532846,20.67128319661247
4.941999999999985,-0.06313520214277255,-2.9919855661104013,20.671311734134964
4.942999999999985,-0.06050533324487059,-2.9886541589205575,20.671338795229705
4.943999999999986,-0.05787973214900305,-2.9854601407798844,20.67136427707615
4.944999999999986,-0.05525828317790277,-2.9824033450821728,20.671388082539202
4.945999999999986,-0.052640866038506845,-2.97948361417962,20.671410120858873
4.946999999999987,-0.050027355827939074,-2.9767007996560775,20.67143030839307
4.947999999999987,-0.047417623064551384,-2.9740547626148794,20.671448569416505
4.948999999999987,-0.04481153373940519,-2.9715453739797617,20.671464836977094
4.949999999999988,-0.042208949405338925,-2.969172514810362,20.671479053815638
4.950999999999988,-0.03960972728444248,-2.9669360766337203,20.67149117335498
4.951999999999988,-0.03701372039856479,-2.964835961791926,20.67150116075291
4.952999999999989,-0.03442077773242236,-2.962872083806108,20.671508994035058
4.953999999999989,-0.03183074441570288,-2.9610443677584177,20.671514665300005
4.954999999999989,-0.029243461932078052,-2.9593527506930064,20.6715181820021
4.95599999999999,-0.026658768355511675,-2.9577971820355424,20.671519568317724
4.95699999999999,-0.02407649860442858,-2.9563776240349844,20.671518866586663
4.95799999999999,-0.021496484722050957,-2.9550940522247733,20.671516138839163
4.958999999999991,-0.018918556186377833,-2.9539464559060473,20.671511468398727
4.959999999999991,-0.0163425402346511,-2.952934838655803,20.671504961564587
4.960999999999991,-0.013768262218002647,-2.9520592188570802,20.671496749367286
4.961999999999992,-0.011195545980967565,-2.9513196302540425,20.671486989386967
4.962999999999992,-0.008624214264482476,-2.95071612253215,20.671475867633344
4.963999999999992,-0.00605408913695632,-2.9502487619230298,20.671463600480315
4.964999999999993,-0.0034849924529069543,-2.9499176318372204,20.671450436634096
4.965999999999993,-0.0009315227269669629,-2.9497213671279594,20.67143089910904
4.966999999999993,0.0016204070610049484,-2.9496620650124337,20.671410939315265
4.967999999999994,0.004216778135793943,-2.949743268433921,20.671408428619486
4.968999999999994,0.006841898998927849,-2.9499617641867513,20.671416819706188
4.969999999999994,0.009465360900350765,-2.9503147129008234,20.671424506059033
4.970999999999995,0.012087301796537248,-2.9508023101407357,20.671431814825205
4.971999999999995,0.01470785767901471,-2.9514247374228497,20.67143902305495
4.972999999999995,0.017327163396130565,-2.9521821637083523,20.671446361624163
4.973999999999996,0.01994535341376466,-2.9530747468174297,20.671454019041605
4.974999999999996,0.022562562510617654,-2.954102634766355,20.671462145122007
4.975999999999996,0.025178926403242242,-2.955265967031394,20.67147085451792
4.976999999999997,0.02779458230830724,-2.956564875742428,20.67148023008764
4.977999999999997,0.030409669439240096,-2.9579994868075716,20.671490326089174
4.978999999999997,0.033024329431505406,-2.959569920973082,20.67150117120525
4.979999999999998,0.035638706710546135,-2.961276294821462,20.67151277138587
4.980999999999998,0.03825294878963996,-2.963118721709874,20.671525112506274
4.981999999999998,0.04086720650848198,-2.9650973126524214,20.671538162853707
4.982999999999999,0.04348163421524423,-2.967212177145731,20.67155187543064
4.983999999999999,0.0460963898850847,-2.969463423946975,20.67156619008739
4.984999999999999,0.04871163518867197,-2.9718511618002434,20.671581035491624
4.986,0.051327535509051364,-2.974375500115998,20.671596330932022
4.987,0.05394425990940174,-2.9770365496089735,20.67161198796908
4.988,0.05656198105351459,-2.97983442289161,20.671627911942693
4.989000000000001,0.059180875089212534,-2.982769235028987,20.671644003341903
4.990000000000001,0.06180112148842959,-2.9858411040550616,20.6716601590359
4.991000000000001,0.06442290285692502,-2.9890501514543724,20.671676273393725
4.992000000000002,0.06704640471504898,-2.992396502609016,20.67169223928547
4.993000000000002,0.06967181524401374,-2.9958802872140167,20.671707948978167
4.994000000000002,0.07229932501768875,-2.9995016396616547,20.67172329493569
4.995000000000003,0.07492912671193266,-3.003260699398551,20.671738170524094
4.996000000000003,0.07756141479876574,-3.0071576112535254,20.67175247064421
4.997000000000003,0.080196385226857,-3.011192525740936,20.671766092281327
4.998000000000004,0.08283423509714155,-3.015365599340519,20.67177893498708
4.999000000000004,0.08547516233436428,-3.019676994751947,20.671790901308384
5.000000000000004,0.08811936535126366,-3.024126881129579,20.671801897154317
5.001000000000005,0.09076704272215783,-3.028715434296805,20.67181183211203
5.002000000000005,0.09341839285713338,-3.033442836940047,20.67182061972766
5.003000000000005,0.09607361368259108,-3.038309278784747,20.67182817774135
5.004000000000006,0.09873290233509713,-3.043314956755065,20.671834428292716
5.005000000000006,0.10139645486535101,-3.048460075116985,20.671839298096433
5.0060000000000064,0.10406446595590112,-3.0537448456063054,20.671842718590945
5.007000000000007,0.10673712865830325,-3.0591694875430075,20.671844626069365
5.008000000000007,0.10941463414526671,-3.064734227932254,20.671844961789304
5.0090000000000074,0.11209717147941858,-3.0704393015520157,20.67184367206927
5.010000000000008,0.11478492740842798,-3.07628495103178,20.67184070837467
5.011000000000008,0.11747808617772391,-3.082271426918828,20.67183602739252
5.0120000000000084,0.12017682936247043,-3.0883989877348275,20.67182959109614
5.013000000000009,0.12288133572489819,-3.094667900024141,20.67182136681192
5.014000000000009,0.1255917810944375,-3.10107843839348,20.67181132727519
5.0150000000000095,0.12830833826589289,-3.1076308855452948,20.67179945068661
5.01600000000001,0.13103117692106492,-3.1143255323012564,20.67178572076886
5.01700000000001,0.13376046357545485,-3.121162677622441,20.671770126821343
5.0180000000000105,0.13649636154066844,-3.1281426286238663,20.671752663775376
5.019000000000011,0.13923903090844109,-3.1352657005823437,20.671733332251396
5.020000000000011,0.1419886285547498,-3.1425322169402605,20.67171213861922
5.0210000000000115,0.14474530816224632,-3.14994250930717,20.67168909505651
5.022000000000012,0.14750922025820984,-3.157496917455405,20.671664219610772
5.023000000000012,0.15028051226979544,-3.165195789314074,20.671637536263827
5.0240000000000125,0.1530593285927657,-3.1730394809610845,20.67160907499523
5.025000000000013,0.15584581067676367,-3.1810283566109128,20.671578871849675
5.026000000000013,0.15864009711734658,-3.1891627886018714,20.671546968999984
5.0270000000000135,0.1614423237628612,-3.1974431573797935,20.67151341480968
5.028000000000014,0.16425262382999986,-3.205869851483051,20.671478263897527
5.029000000000014,0.16707112802586754,-3.214443267523486,20.671441577195907
5.0300000000000145,0.1698979646776972,-3.223163810165894,20.671403422001163
5.031000000000015,0.1727332598692527,-3.232031892108976,20.671363872024678
5.032000000000015,0.17557713758057514,-3.2410479340610543,20.671323007429528
5.0330000000000155,0.17842971982724493,-3.2502123647164254,20.671280914859697
5.034000000000016,0.18129112680804396,-3.2595256207305825,20.67123768746151
5.035000000000016,0.18416147704832456,-3.268988146692541,20.671193424879174
5.0360000000000165,0.18704088754495962,-3.2786003950939757,20.671148233248147
5.037000000000017,0.1899294739097993,-3.288362826298304,20.67110222515783
5.038000000000017,0.1928273505122602,-3.2982759085055617,20.671055519596408
5.0390000000000175,0.19573463061754898,-3.3083401177134046,20.671008241875235
5.040000000000018,0.19865142652186094,-3.3185559376757823,20.670960523516676
5.041000000000018,0.20157784968643858,-3.328923859854908,20.670912502115822
5.0420000000000185,0.2045140108621018,-3.3394443833714798,20.670864321168487
5.043000000000019,0.2074600202117399,-3.350118014946098,20.67081612986056
5.044000000000019,0.2104159874321323,-3.360945268835856,20.67076808281514
5.0450000000000195,0.21338202186037322,-3.37192666676332,20.670720339796425
5.04600000000002,0.2163582325822745,-3.3830627378378626,20.670673065365108
5.04700000000002,0.2193447285369597,-3.394354018467747,20.67062642848468
5.0480000000000205,0.22234161860610466,-3.405801052263346,20.670580602068505
5.049000000000021,0.22534901171000377,-3.4174043899298834,20.67053576247353
5.050000000000021,0.22836701688936092,-3.429164589147483,20.67049208893327
5.0510000000000215,0.23139574338257476,-3.441082214441792,20.67044976292425
5.052000000000022,0.2344353007068896,-3.4531578370398908,20.67040896747099
5.053000000000022,0.2374857987221616,-3.4653920347138887,20.670369886382353
5.0540000000000225,0.24054734769902272,-3.4777853916106647,20.670332703417692
5.055000000000023,0.24362005838262188,-3.4903384980663907,20.67029760138807
5.056000000000023,0.24670404204754523,-3.5030519504069204,20.670264761185404
5.0570000000000235,0.2497994105535896,-3.5159263507330367,20.670234360746754
5.058000000000024,0.25290627639873847,-3.528962306690148,20.67020657395301
5.059000000000024,0.25602475276945597,-3.542160431224782,20.670181569458215
5.0600000000000245,0.2591549535840384,-3.555521342325199,20.67015950946952
5.061000000000025,0.2622969935418018,-3.5690456627480094,20.670140548471373
5.062000000000025,0.2654509881660535,-3.582734019732536,20.670124831898512
5.0630000000000255,0.2686170538437559,-3.5965870447044352,20.670112494774983
5.064000000000026,0.27179530786969747,-3.6106053729669947,20.670103660326568
5.065000000000026,0.2749858684834119,-3.62478964338635,20.670098438568257
5.0660000000000265,0.27818885491022916,-3.6391404980701303,20.670096924890657
5.067000000000027,0.28140438739875046,-3.653658582040938,20.67009919865847
5.068000000000027,0.28463258725708196,-3.6683445429125223,20.670105321824575
5.0690000000000275,0.2878735768875287,-3.6831990305673292,20.67011533759075
5.070000000000028,0.29112747982107334,-3.698222696839982,20.67012926912614
5.071000000000028,0.2943944207527418,-3.7134161952120412,20.670147118360326
5.0720000000000285,0.29767452556795254,-3.7287801805242236,20.67016886487562
5.073000000000029,0.3009679213727663,-3.744315308705204,20.670194464917454
5.074000000000029,0.30427473652273607,-3.760022236525855,20.670223850541305
5.0750000000000295,0.3075951006429377,-3.7759016213858176,20.670256928917837
5.07600000000003,0.31092914464824,-3.791954121131962,20.670293581819724
5.07700000000003,0.3142770007626054,-3.80818039391957,20.670333665307197
5.0780000000000305,0.31763880253074317,-3.8245810981193227,20.670377009628705
5.079000000000031,0.3210146848259124,-3.8411568922743697,20.67042341935692
5.080000000000031,0.32440478385822613,-3.8579084351141697,20.67047267377881
5.0810000000000315,0.327809237172671,-3.8748363856308274,20.670524527541293
5.082000000000032,0.3312281836478818,-3.8919414032191666,20.670578711572603
5.083000000000032,0.3346617634884156,-3.909224147886696,20.670634934288245
5.0840000000000325,0.2933264228209458,-2.9220808626533077,20.643772149222723
5.085000000000033,-0.014376305649404696,-2.271394211657835,20.647762186950004
5.086000000000033,-0.011172419785828114,-2.2904936528828164,20.65767635584703
5.0870000000000335,-0.008465672821706467,-2.3093930521326724,20.66826717328155
5.088000000000034,-0.007003827521700784,-2.31661454255035,20.670935057103726
5.089000000000034,-0.006290779650473338,-2.3218487768954277,20.670996349936406
5.0900000000000345,-0.0061026199551653115,-2.3289819329822947,20.671057169425573
5.091000000000035,-0.006444864124971417,-2.3380579603000076,20.671117120076822
5.092000000000035,-0.007322395088948629,-2.3491009923564823,20.671175806599503
5.0930000000000355,-0.008739427676597016,-2.362116362893112,20.6712328374703
5.094000000000036,-0.010699475004764383,-2.377091802464218,20.67128782861417
5.095000000000036,-0.013205317297549451,-2.393998806183448,20.671340407155377
5.0960000000000365,-0.01625897374454062,-2.4127941655754332,20.67139021522269
5.097000000000037,-0.019861677897004985,-2.4334216596269043,20.671436913767693
5.098000000000037,-0.02401385699224169,-2.455813902290382,20.671480186353065
5.0990000000000375,-0.02871511548228913,-2.479894345735737,20.671519742895676
5.100000000000038,-0.033964222937775235,-2.50557944048993,20.67155532332206
5.101000000000038,0.044583224275319494,-1.9039562801041874,20.671586701107312
5.1020000000000385,0.040670753881603114,-1.9171735679060875,20.671613686682612
5.103000000000039,0.036273794274438664,-1.931313618810747,20.671636130686196
5.104000000000039,0.03140574032432631,-1.946250332940513,20.67165392703905
5.1050000000000395,0.02608053731963199,-1.9618654951725845,20.671667015840487
5.10600000000004,0.020312476877550726,-1.978052832348376,20.671675386075442
5.10700000000004,0.01411597776404546,-1.9947223040282895,20.671679078137508
5.1080000000000405,0.007505351738422442,-2.0118046315574194,20.67167818617691
5.109000000000041,0.0004945545793353795,-2.029256068939286,20.67167286027924
5.110000000000041,-0.006903077542213712,-2.0470634174155125,20.67166330850596
5.1110000000000415,0.036890202152127564,-1.8676689565754958,20.671649798819775
5.112000000000042,0.15433780435575764,-1.4732950759987635,20.671632660929205
5.113000000000042,0.276891263206587,-1.152081594697946,20.671612288095425
5.1140000000000425,0.4046149023998332,-0.902772965439631,20.67158913894394
5.115000000000043,0.5375471277445313,-0.7265458546157162,20.671563739348514
5.116000000000043,0.6537013851047392,-0.6875079294288096,20.671506752843445
5.1170000000000435,-0.0035736118095281502,0.008269487600046291,10.217066893389745
5.118000000000044,-1.8294604150662044,-0.4855588363437633,0.0
5.119000000000044,-1.6756963010795713,0.2838047157996382,0.0
5.1200000000000445,-1.5229112151915059,0.96255093643477,0.0
5.121000000000045,-1.3712431210367977,1.557280031914325,0.0
5.122000000000045,-1.2209097279671879,2.071115809668174,0.0
5.1230000000000455,-1.0722120700907516,2.5040046572534616,0.0
5.124000000000046,-0.9255376611401425,2.853051197997777,0.0
5.125000000000046,-0.7813635215091326,3.1128936889272683,0.0
5.1260000000000465,-0.6402590060946312,3.2761269800086588,0.0
5.127000000000047,-0.5028879590093042,3.333784588231165,0.0
5.128000000000047,-0.37000929281180184,3.2758936008564143,0.0
5.1290000000000475,-0.242474660770277,3.092115849891385,0.0
5.130000000000048,-0.12122150858835354,2.7724849892796772,0.0
5.131000000000048,-0.05017205014767906,2.519769491648942,0.0
5.1320000000000485,0.2919195741078262,2.2848389158097344,0.5269952008851284
5.133000000000049,0.2890151578469774,2.2773708653301803,0.549384587528218
5.134000000000049,-0.0007253770382093256,2.218971276388162,0.5608928194845947
5.1350000000000495,-0.001446202239247258,2.211842700304456,0.5813759093681253
5.13600000000005,-0.0018163950591745682,2.205163677245571,0.6010275392656445
5.13700000000005,-0.001835126596792038,2.198940824587219,0.6198472540192105
5.1380000000000505,-0.0015022993540019722,2.193179834180336,0.6378352863245661
5.139000000000051,-0.000818575007751979,2.1878854845606384,0.654992551176343
5.140000000000051,0.00021460495790827025,2.183061655674713,0.671320639688735
5.1410000000000515,0.0015950057418900954,2.1787113461028227,0.6868218124042862
5.142000000000052,0.0033195927639920455,2.174836692738801,0.7014989921350513
5.143000000000052,0.005384532115491026,2.1714389928492297,0.7153557564114728
5.1440000000000525,0.007785197723634174,2.168518728406459,0.7283963295713206
5.145000000000053,0.01051618497338147,2.1660755925626134,0.7406255745142954
5.146000000000053,0.013571330473826864,2.164108518097517,0.7520489841545825
5.1470000000000535,0.016943737599926775,2.162615707653436,0.7626726725688415
5.148000000000054,0.020625807391799297,2.1615946655420077,0.7725033658554432
5.149000000000054,0.024609274347245184,2.1610422308895525,0.7815483926956789
5.1500000000000545,0.2608501776568284,1.7636284343090964,0.7939905284723139
5.151000000000055,0.6047601046746259,0.8912268840274146,0.7736534370627615
5.152000000000055,0.0,0.0,0.0
5.1530000000000555,0.0,0.0,0.0
5.154000000000056,0.0,0.0,0.0
5.155000000000056,0.0,0.0,0.0
5.1560000000000565,0.0,0.0,0.0
5.157000000000057,0.0,0.0,0.0
5.158000000000057,0.0,0.0,0.0
5.1590000000000575,0.0,0.0,0.0
5.160000000000058,0.0,0.0,0.0
5.161000000000058,0.0,0.0,0.0
5.1620000000000585,0.0,0.0,0.0
5.163000000000059,0.0,0.0,0.0
5.164000000000059,0.0,0.0,0.0
5.1650000000000595,0.0,0.0,0.0
5.16600000000006,0.0,0.0,0.0
5.16700000000006,0.0,0.0,0.0
5.1680000000000605,0.0,0.0,0.0
5.169000000000061,0.0,0.0,0.0
5.170000000000061,0.0,0.0,0.0
5.1710000000000615,0.0,0.0,0.0
5.172000000000062,0.0,0.0,0.0
5.173000000000062,0.0,0.0,0.0
5.1740000000000625,0.0,0.0,0.0
5.175000000000063,0.0,0.0,0.0
5.176000000000063,0.0,0.0,0.0
5.1770000000000636,0.0,0.0,0.0
5.178000000000064,0.0,0.0,0.0
5.179000000000064,0.0,0.0,0.0
5.1800000000000646,0.0,0.0,0.0
5.181000000000065,0.0,0.0,0.0
5.182000000000065,0.0,0.0,0.0
5.1830000000000656,0.0,0.0,0.0
5.184000000000066,0.0,0.0,0.0
5.185000000000066,0.0,0.0,0.0
5.186000000000067,0.0,0.0,0.0
5.187000000000067,0.0,0.0,0.0
5.188000000000067,0.0,0.0,0.0
5.189000000000068,0.0,0.0,0.0
5.190000000000068,0.0,0.0,0.0
5.191000000000068,0.0,0.0,0.0
5.192000000000069,0.0,0.0,0.0
5.193000000000069,0.0,0.0,0.0
5.194000000000069,0.0,0.0,0.0
5.19500000000007,0.0,0.0,0.0
5.19600000000007,0.0,0.0,0.0
5.19700000000007,0.0,0.0,0.0
5.198000000000071,0.0,0.0,0.0
5.199000000000071,0.0,0.0,0.0
5.200000000000071,0.0,0.0,0.0
5.201000000000072,0.0,0.0,0.0
5.202000000000072,0.0,0.0,0.0
5.203000000000072,0.0,0.0,0.0
5.204000000000073,0.0,0.0,0.0
5.205000000000073,0.0,0.0,0.0
5.206000000000073,0.0,0.0,0.0
5.207000000000074,0.0,0.0,0.0
5.208000000000074,0.0,0.0,0.0
5.209000000000074,0.0,0.0,0.0
5.210000000000075,0.0,0.0,0.0
5.211000000000075,0.0,0.0,0.0
5.212000000000075,0.0,0.0,0.0
5.213000000000076,0.0,0.0,0.0
5.214000000000076,0.0,0.0,0.0
5.215000000000076,0.0,0.0,0.0
5.216000000000077,0.0,0.0,0.0
5.217000000000077,0.0,0.0,0.0
5.218000000000077,0.0,0.0,0.0
5.219000000000078,0.0,0.0,0.0
5.220000000000078,0.0,0.0,0.0
5.221000000000078,0.0,0.0,0.0
5.222000000000079,0.0,0.0,0.0
5.223000000000079,0.0,0.0,0.0
5.224000000000079,0.0,0.0,0.0
5.22500000000008,0.0,0.0,0.0
5.22600000000008,0.0,0.0,0.0
5.22700000000008,0.0,0.0,0.0
5.228000000000081,0.0,0.0,0.0
5.229000000000081,0.0,0.0,0.0
5.230000000000081,0.0,0.0,0.0
5.231000000000082,0.0,0.0,0.0
5.232000000000082,0.0,0.0,0.0
5.233000000000082,0.0,0.0,0.0
5.234000000000083,0.0,0.0,0.0
5.235000000000083,0.0,0.0,0.0
5.236000000000083,0.0,0.0,0.0
5.237000000000084,0.0,0.0,0.0
5.238000000000084,0.0,0.0,0.0
5.239000000000084,0.0,0.0,0.0
5.240000000000085,0.0,0.0,0.0
5.241000000000085,0.0,0.0,0.0
5.242000000000085,0.0,0.0,0.0
5.243000000000086,0.0,0.0,0.0
5.244000000000086,0.0,0.0,0.0
5.245000000000086,0.0,0.0,0.0
5.246000000000087,0.0,0.0,0.0
5.247000000000087,0.0,0.0,0.0
5.248000000000087,0.0,0.0,0.0
5.249000000000088,0.0,0.0,0.0
5.250000000000088,0.0,0.0,0.0
5.251000000000088,0.0,0.0,0.0
5.252000000000089,0.0,0.0,0.0
5.253000000000089,0.0,0.0,0.0
5.254000000000089,0.0,0.0,0.0
5.25500000000009,0.0,0.0,0.0
5.25600000000009,0.0,0.0,0.0
5.25700000000009,0.0,0.0,0.0
5.258000000000091,0.0,0.0,0.0
5.259000000000091,0.0,0.0,0.0
5.260000000000091,0.0,0.0,0.0
5.261000000000092,0.0,0.0,0.0
5.262000000000092,0.0,0.0,0.0
5.263000000000092,0.0,0.0,0.0
5.264000000000093,0.0,0.0,0.0
5.265000000000093,0.0,0.0,0.0
5.266000000000093,0.0,0.0,0.0
5.267000000000094,0.0,0.0,0.0
5.268000000000094,0.0,0.0,0.0
5.269000000000094,0.0,0.0,0.0
5.270000000000095,0.0,0.0,0.0
5.271000000000095,0.0,0.0,0.0
5.272000000000095,0.0,0.0,0.0
5.273000000000096,0.0,0.0,0.0
5.274000000000096,0.0,0.0,0.0
5.275000000000096,0.0,0.0,0.0
5.276000000000097,0.0,0.0,0.0
5.277000000000097,0.0,0.0,0.0
5.278000000000097,0.0,0.0,0.0
5.279000000000098,0.0,0.0,0.0
5.280000000000098,0.0,0.0,0.0
5.281000000000098,0.0,0.0,0.0
5.282000000000099,0.0,0.0,0.0
5.283000000000099,0.0,0.0,0.0
5.284000000000099,0.0,0.0,0.0
5.2850000000001,0.0,0.0,0.0
5.2860000000001,0.0,0.0,0.0
5.2870000000001,0.0,0.0,0.0
5.288000000000101,0.0,0.0,0.0
5.289000000000101,0.0,0.0,0.0
5.290000000000101,0.0,0.0,0.0
5.291000000000102,0.0,0.0,0.0
5.292000000000102,0.0,0.0,0.0
5.293000000000102,0.0,0.0,0.0
5.294000000000103,0.0,0.0,0.0
5.295000000000103,0.0,0.0,0.0
5.296000000000103,0.0,0.0,0.0
5.297000000000104,0.0,0.0,0.0
5.298000000000104,0.0,0.0,0.0
5.299000000000104,0.0,0.0,0.0
5.300000000000105,0.0,0.0,0.0
5.301000000000105,0.0,0.0,0.0
5.302000000000105,0.0,0.0,0.0
5.303000000000106,0.0,0.0,0.0
5.304000000000106,0.0,0.0,0.0
5.305000000000106,0.0,0.0,0.0
5.306000000000107,0.0,0.0,0.0
5.307000000000107,0.0,0.0,0.0
5.308000000000107,0.0,0.0,0.0
5.309000000000108,0.0,0.0,0.0
5.310000000000108,0.0,0.0,0.0
5.311000000000108,0.0,0.0,0.0
5.312000000000109,0.0,0.0,0.0
5.313000000000109,0.0,0.0,0.0
5.314000000000109,0.0,0.0,0.0
5.31500000000011,0.0,0.0,0.0
5.31600000000011,0.0,0.0,0.0
5.31700000000011,0.0,0.0,0.0
5.318000000000111,0.0,0.0,0.0
5.319000000000111,0.0,0.0,0.0
5.320000000000111,0.0,0.0,0.0
5.321000000000112,0.0,0.0,0.0
5.322000000000112,0.0,0.0,0.0
5.323000000000112,0.0,0.0,0.0
5.324000000000113,0.0,0.0,0.0
5.325000000000113,0.0,0.0,0.0
5.326000000000113,0.0,0.0,0.0
5.327000000000114,0.0,0.0,0.0
5.328000000000114,0.0,0.0,0.0
5.329000000000114,0.0,0.0,0.0
5.330000000000115,0.0,0.0,0.0
5.331000000000115,0.0,0.0,0.0
5.332000000000115,0.0,0.0,0.0
5.333000000000116,0.0,0.0,0.0
5.334000000000116,0.0,0.0,0.0
5.335000000000116,0.0,0.0,0.0
5.336000000000117,0.0,0.0,0.0
5.337000000000117,0.0,0.0,0.0
5.338000000000117,0.0,0.0,0.0
5.339000000000118,0.0,0.0,0.0
5.340000000000118,0.0,0.0,0.0
5.341000000000118,0.0,0.0,0.0
5.342000000000119,0.0,0.0,0.0
5.343000000000119,0.0,0.0,0.0
5.344000000000119,0.0,0.0,0.0
5.34500000000012,0.0,0.0,0.0
5.34600000000012,0.0,0.0,0.0
5.34700000000012,0.0,0.0,0.0
5.348000000000121,0.0,0.0,0.0
5.349000000000121,0.0,0.0,0.0
5.350000000000121,0.0,0.0,0.0
5.351000000000122,0.0,0.0,0.0
5.352000000000122,0.0,0.0,0.0
5.353000000000122,0.0,0.0,0.0
5.354000000000123,0.0,0.0,0.0
5.355000000000123,0.0,0.0,0.0
5.356000000000123,0.0,0.0,0.0
5.357000000000124,0.0,0.0,0.0
5.358000000000124,0.0,0.0,0.0
5.359000000000124,0.0,0.0,0.0
5.360000000000125,0.0,0.0,0.0
5.361000000000125,0.0,0.0,0.0
5.362000000000125,0.0,0.0,0.0
5.363000000000126,0.0,0.0,0.0
5.364000000000126,0.0,0.0,0.0
5.365000000000126,0.0,0.0,0.0
5.366000000000127,0.0,0.0,0.0
5.367000000000127,0.0,0.0,0.0
5.368000000000127,0.0,0.0,0.0
5.369000000000128,0.0,0.0,0.0
5.370000000000128,0.0,0.0,0.0
5.371000000000128,0.0,0.0,0.0
5.372000000000129,0.0,0.0,0.0
5.373000000000129,0.0,0.0,0.0
5.374000000000129,0.0,0.0,0.0
5.37500000000013,0.0,0.0,0.0
5.37600000000013,0.0,0.0,0.0
5.37700000000013,0.0,0.0,0.0
5.378000000000131,0.0,0.0,0.0
5.379000000000131,0.0,0.0,0.0
5.380000000000131,0.0,0.0,0.0
5.381000000000132,0.0,0.0,0.0
5.382000000000132,0.0,0.0,0.0
5.383000000000132,0.0,0.0,0.0
5.384000000000133,0.6482421582139088,0.8164553707217557,0.8079290233181258
5.385000000000133,0.4615648830286183,1.6922935529148582,0.8287743671189682
5.386000000000133,0.2978879602518676,2.1095307145711613,0.8143582926746163
5.387000000000134,0.29816883284291995,2.1097931879098524,0.8047214049967631
5.388000000000134,0.2989281306216061,2.1105289529482976,0.794401537662194
5.389000000000134,0.30017564255836116,2.11173980085655,0.7833907372371617
5.390000000000135,0.30192017849838704,2.11342683033829,0.7716812772009205
5.391000000000135,0.30416952815185516,2.1155904193733206,0.7592656664308322
5.392000000000135,0.30693042683197336,2.118230198235235,0.7461366595004605
5.393000000000136,0.31020852850494407,2.12134502398331,0.7322872688473725
5.394000000000136,0.3140083866588706,2.124932956613473,0.7177107788405683
5.395000000000136,0.31833344342764736,2.128991237030897,0.7024007617435101
5.396000000000137,0.3231860273284017,2.133516266979177,0.6863510955782025
5.397000000000137,0.32856735989642566,2.13850359104802,0.669555983798519
5.398000000000137,0.33447757141611173,2.1439478808433075,0.6520099767218722
5.399000000000138,0.3409157258634081,2.1498429213848573,0.6337079945999683
5.400000000000138,0.34787985510355435,2.15618159977154,0.6146453521841161
5.401000000000138,0.6491305336525477,2.1725214039447542,0.6058226819297916
5.402000000000139,0.6586734613853461,2.1781547244766326,0.5849959485567569
5.403000000000139,0.6687923893801831,2.1841693491189083,0.5633888247107626
5.404000000000139,0.33212480316815557,2.3676176438804495,0.0
5.40500000000014,0.33267952795464806,2.3320655484498043,0.0
5.40600000000014,0.3015601633049077,2.37922344812758,0.0
5.40700000000014,0.1970055674087191,2.4853635655534307,0.0
5.408000000000141,0.07180811128428902,2.4631342237627862,0.0
5.409000000000141,-0.07189346778872596,2.3236101172056967,0.0
5.410000000000141,-0.23211972780370604,2.0773190242662296,0.0
5.411000000000142,-0.40711868047385147,1.733671005957889,0.0
5.412000000000142,-0.5954209953436164,1.3004750799527365,0.0
5.413000000000142,-0.7958856698671144,0.7835257530673116,0.0
5.414000000000143,-1.0077389362509772,0.18624343092764306,0.0
5.415000000000143,-1.230608306418231,-0.4906436216224197,0.0
5.416000000000143,-1.4645526831546654,-1.2493832533871174,0.0
5.417000000000144,-1.667063226886771,-1.9985897970312507,0.0
5.418000000000144,0.001977367615326607,-0.00881273565455859,10.280339655668534
5.419000000000144,0.8437024307100526,0.9154457191846124,20.670044399163192
5.420000000000145,0.6607467763113087,0.6763931653759778,20.670067809196006
5.421000000000145,0.47446833926295545,0.36264582586325744,20.670090990001164
5.422000000000145,0.2854888354197614,-0.02081369995471416,20.670114536708407
5.423000000000146,0.0940400890625055,-0.47194015045254645,20.670138955882003
5.424000000000146,-0.09995829959495629,-0.99110166058535,20.670164671097922
5.425000000000146,-0.29682180045925904,-1.5805498810989107,20.67019202811661
5.426000000000147,-0.4073013951892081,-1.9419097869424105,20.67022129973894
5.427000000000147,-0.40084086142520514,-1.927253782831199,20.670252690410592
5.428000000000147,-0.3947154292417244,-1.9128605391979205,20.670286340642598
5.429000000000148,-0.38894075924613714,-1.8987680102929985,20.670322331287828
5.430000000000148,-0.3835357688839154,-1.885038649439244,20.670360687719157
5.431000000000148,-0.3785218010114757,-1.8717544756587525,20.67040138395084
5.432000000000149,-0.3739218301396001,-1.859012355092874,20.670444346713282
5.433000000000149,-0.3697597073207154,-1.8469195009101305,20.670489459515267
5.434000000000149,-0.5646586558796568,-2.4623050067666052,20.670536566698097
5.43500000000015,-0.5565692194485482,-2.436822594067669,20.670585477490008
5.43600000000015,-0.54908764618584,-2.4127245062174265,20.67063597006713
5.43700000000015,-0.5422229788027209,-2.390087059193531,20.670687795605453
5.438000000000151,-0.535982678436485,-2.368979371506832,20.670740682323583
5.439000000000151,-0.530372356115099,-2.3494608439248923,20.670794339507964
5.440000000000151,-0.5253955301398584,-2.3315788311677954,20.670848461492582
5.441000000000152,-0.5210534099172258,-2.3153665090492943,20.67090273157902
5.442000000000152,-0.5173447068259918,-2.3008409418165083,20.670956825880538
5.443000000000152,-0.5142654727570134,-2.2880013558213337,20.671010417064387
5.444000000000153,-0.5118089670271198,-2.2768276271230574,20.67106317796338
5.445000000000153,-0.5099655524159689,-2.2672789920930376,20.671114785040242
5.446000000000153,-0.5087226211142746,-2.2592929914638487,20.67116492167789
5.447000000000154,-0.5080645513911008,-2.2527846594241026,20.671213281273367
5.448000000000154,-0.5079726957845132,-2.247645970268844,20.671259570114504
5.449000000000154,-0.5084254015638261,-2.243745555558517,20.671303510019243
5.450000000000155,-0.5091566119418928,-2.2369192338972526,20.66913872189165
5.451000000000155,-0.3042798363674386,-2.894233460255162,20.66618137123068
5.452000000000155,-0.33512719434215754,-3.9292368399084956,20.671418735491788
5.453000000000156,-0.3316770350988774,-3.9116923162625548,20.671450886283594
5.454000000000156,-0.3282427883824628,-3.894328970714193,20.671479604149823
5.455000000000156,-0.32482427797512536,-3.8771458701175567,20.67150474453714
5.456000000000157,-0.32142132648465915,-3.860142100209277,20.671526189248254
5.457000000000157,-0.31803375525657585,-3.8433167654857323,20.671543846845296
5.458000000000157,-0.3146613843053109,-3.826668989017347,20.67155765277789
5.459000000000158,-0.31130403227693393,-3.8101979122017937,20.671567569252076
5.460000000000158,-0.3079615164302058,-3.793902694467422,20.671573584852382
5.461000000000158,-0.3046336526411654,-3.777782512927459,20.671575713931315
5.462000000000159,-0.3013202554338765,-3.7618365619946097,20.671573995787497
5.463000000000159,-0.298021138028715,-3.7460640529571414,20.671568493652895
5.464000000000159,-0.2947361124126628,-3.7304642135269517,20.671559293511883
5.46500000000016,-0.29146498943331567,-3.715036287363568,20.671546502768983
5.46600000000016,-0.28820757890462334,-3.6997795335759402,20.671530248789608
5.46700000000016,-0.284963689729848,-3.6846932262137964,20.671510677342134
5.468000000000161,-0.28173313004710737,-3.669776653749473,20.67148795095825
5.469000000000161,-0.2785157073809992,-3.6550291185546486,20.67146224722915
5.470000000000161,-0.27531122880721925,-3.640449936377874,20.671433757068534
5.471000000000162,-0.27211950113019334,-3.6260384358242326,20.67140268295524
5.472000000000162,-0.26894033106832904,-3.6117939578478113,20.671369237171366
5.473000000000162,-0.26577352544314237,-3.597715855249767,20.671333640062684
5.474000000000163,-0.26261889137760686,-3.58380349219099,20.671296118326627
5.475000000000163,-0.2594762365002189,-3.5700562437245136,20.671256903348493
5.476000000000163,-0.25634536914395356,-3.5564734953409394,20.671216229590996
5.477000000000164,-0.2532260985536866,-3.5430546425355605,20.67117433305448
5.478000000000164,-0.250118235090291,-3.5297990903972396,20.671131449816173
5.479000000000164,-0.24702159043290162,-3.516706253216289,20.67108781464718
5.480000000000165,-0.24393597778047627,-3.503775554117178,20.671043659721896
5.481000000000165,-0.240861212049449,-3.4910064247127393,20.670999213421275
5.482000000000165,-0.23779711006794663,-3.4783983047790885,20.670954699228997
5.483000000000166,-0.23474349076159357,-3.465950641955418,20.67091033472896
5.484000000000166,-0.23170017533428755,-3.453662891466016,20.67086633069617
5.485000000000166,-0.22866698744678593,-3.4415345158601216,20.670822890287234
5.486000000000167,-0.2256437533863603,-3.4295649847750296,20.670780208322384
5.487000000000167,-0.2226303022209748,-3.41775377471967,20.67073847066502
5.488000000000167,-0.2196264659560408,-3.4061003688744353,20.670697853687432
5.489000000000168,-0.21663207967781367,-3.3946042569112747,20.670658523820734
5.490000000000168,-0.21364698168597135,-3.3832649348285004,20.6706206371909
5.491000000000168,-0.2106710136225997,-3.3720819048031965,20.670584339325842
5.492000000000169,-0.20770402058278725,-3.3610546750572787,20.670549764941732
5.493000000000169,-0.20474585122109615,-3.35018275973679,20.670517037793022
5.494000000000169,-0.20179635784776345,-3.3394656788049426,20.670486270580724
5.49500000000017,-0.1988553965138281,-3.328902957944836,20.67045756492584
5.49600000000017,-0.19592282707997402,-3.3184941284745824,20.670431011392093
5.49700000000017,-0.19299851328155632,-3.308238727270462,20.670406689553545
5.498000000000171,-0.19008232278011816,-3.2981362967003127,20.6703846681095
5.499000000000171,-0.18717412719695198,-3.288186384562775,20.670365005030906
5.500000000000171,-0.18427380214400907,-3.2783885440355376,20.670347747748075
5.501000000000172,-0.18138122723647665,-3.2687423336290444,20.67033293336756
5.502000000000172,-0.17849628609277746,-3.25924731714572,20.67032058890461
5.503000000000172,-0.17561886632445514,-3.2499030636460655,20.67031073154869
5.504000000000173,-0.17274885951109648,-3.2407091474173315,20.67030336894497
5.505000000000173,-0.16988616116053817,-3.2316651479484393,20.670298499486922
5.506000000000173,-0.16703067065797528,-3.2227706499075595,20.670296112626097
5.507000000000174,-0.16418229120009226,-3.2140252431254335,20.670296189190086
5.508000000000174,-0.16134092971530353,-3.205428522579722,20.67029870170647
5.509000000000174,-0.1585064967678316,-3.1969800883840076,20.670303614735822
5.510000000000175,-0.15567890644906907,-3.1886795457814583,20.670310885204973
5.511000000000175,-0.15285807625815803,-3.1805265051392166,20.670320462741476
5.512000000000175,-0.15004392695853394,-3.1725205819481954,20.67033229001381
5.513000000000176,-0.14723638243079204,-3.16466139682485,20.670346303065035
5.514000000000176,-0.144435369506677,-3.156948575517406,20.670362431646183
5.515000000000176,-0.141640817782772,-3.1493817489143643,20.670380599548103
5.516000000000177,-0.13885265943534195,-3.1419605530574533,20.67040072493033
5.517000000000177,-0.13607082900770637,-3.134684629159722,20.67042272064489
5.518000000000177,-0.13329526318997362,-3.1275536236257357,20.670446494553676
5.519000000000178,-0.1305259005904131,-3.120567188075945,20.670471949847975
5.520000000000178,-0.12776268148786848,-3.113724979377162,20.670498985358922
5.521000000000178,-0.12500554757875557,-3.107026659677548,20.670527495859858
5.522000000000179,-0.12225444171159236,-3.1004718964457036,20.67055737237458
5.523000000000179,-0.1195093076136419,-3.0940603625156036,20.67058850247667
5.524000000000179,-0.1167700896096725,-3.0877917361370795,20.670620770580676
5.52500000000018,-0.11403673233209874,-3.0816657010323176,20.670654058237613
5.52600000000018,-0.11130918042931795,-3.0756819464586402,20.670688244428153
5.52700000000018,-0.10858737826602569,-3.069840167276739,20.670723205851232
5.528000000000181,-0.10587126962461241,-3.0641400640267635,20.67075881721216
5.529000000000181,-0.10316079740345308,-3.058581343010765,20.670794951515642
5.530000000000181,-0.10045590331529639,-3.053163716382191,20.670831480360455
5.531000000000182,-0.09775652759127273,-3.047886902242273,20.670868274229715
5.532000000000182,-0.09506260868405553,-3.042750624745169,20.67090520279564
5.533000000000182,-0.09237408297949112,-3.037754614211587,20.670942135227538
5.534000000000183,-0.08969088451674886,-3.0328986072471764,20.67097894050474
5.535000000000183,-0.08701294471729179,-3.0281823468723275,20.671015487742054
5.536000000000183,-0.08434019212034588,-3.0236055826604504,20.67105164652787
5.537000000000184,-0.08167255213723984,-3.0191680708826962,20.671087287272492
5.538000000000184,-0.07900994681689008,-3.0148695746633356,20.671122281578178
5.539000000000184,-0.07635229462645818,-3.0107098641448697,20.67115650262406
5.540000000000185,-0.07369951025270619,-3.00668871666136,20.67118982557096
5.541000000000185,-0.07105150441878316,-3.002805916921328,20.671222127995563
5.5420000000001854,-0.0684081837211189,-2.9990612572013937,20.671253290348993
5.543000000000186,-0.06576945049109884,-2.9954545375512516,20.67128319644244
5.544000000000186,-0.06313520267676526,-2.991985566006642,20.671311733970278
5.5450000000001864,-0.06050533374576064,-2.9886541588146995,20.67133879507172
5.546000000000187,-0.05787973261805432,-2.9854601406722674,20.671364276924887
5.547000000000187,-0.05525828361687596,-2.98240334497295,20.671388082395023
5.5480000000001874,-0.05264086645054719,-2.9794836140687986,20.67141012072097
5.549000000000188,-0.05002735621541435,-2.9767007995440524,20.671430308262277
5.550000000000188,-0.04741762342818104,-2.9740547625016203,20.671448569293734
5.5510000000001885,-0.044811534082886545,-2.9715453738650965,20.67146483686142
5.552000000000189,-0.04220894973147313,-2.9691725146943053,20.671479053708488
5.553000000000189,-0.03960972759614299,-2.966936076516601,20.671491173255134
5.5540000000001895,-0.03701372069926842,-2.964835961673689,20.671501160660604
5.55500000000019,-0.03442077802369625,-2.9628720836866553,20.671508993951043
5.55600000000019,-0.03183074470088826,-2.961044367638136,20.671514665223587
5.5570000000001905,-0.029243462215616772,-2.9593527505718775,20.67151818193374
5.558000000000191,-0.026658768639410843,-2.957797181913472,20.671519568257594
5.559000000000191,-0.024076498891632284,-2.956377623912199,20.671518866534363
5.5600000000001915,-0.021496485016131467,-2.9550940521013755,20.671516138794523
5.561000000000192,-0.01891855648901271,-2.953946455782254,20.671511468362215
5.562000000000192,-0.016342540549309843,-2.952934838531939,20.67150496153726
5.5630000000001925,-0.013768262547689272,-2.9520592187333223,20.671496749347792
5.564000000000193,-0.01119554632658161,-2.9513196301305262,20.671486989374074
5.565000000000193,-0.00862421462768407,-2.9507161224092746,20.671475867628658
5.5660000000001935,-0.0060540895199557646,-2.950248761801452,20.671463600484348
5.567000000000194,-0.003484992856858174,-2.9499176317172138,20.67145043664619
5.568000000000194,-0.0009315231586192532,-2.94972136701048,20.671430899133306
5.5690000000001945,0.001620406600725842,-2.949662064898493,20.671410939353024
5.570000000000195,0.004216777668567068,-2.94974326832305,20.671408428657173
5.571000000000195,0.006841898540149702,-2.9499617640778917,20.671416819735636
5.5720000000001955,0.009465360449037681,-2.950314712793743,20.671424506081287
5.573000000000196,0.012087301351504584,-2.950802310034943,20.671431814840453
5.574000000000196,0.014707857240192752,-2.951424737317834,20.67143902306433
5.5750000000001965,0.01732716296460935,-2.9521821636041636,20.671446361628792
5.576000000000197,0.019945352991146845,-2.9530747467140035,20.67145401904149
5.577000000000197,0.02256256209696894,-2.954102634663472,20.6714621451178
5.5780000000001975,0.02517892599939716,-2.9552659669293035,20.671470854511117
5.579000000000198,0.027794581915980686,-2.956564875641524,20.671480230077727
5.580000000000198,0.030409669059572167,-2.9579994867077346,20.671490326077667
5.5810000000001985,0.0330243290665359,-2.9595699208744257,20.67150117119305
5.582000000000199,0.03563870636154058,-2.961276294724395,20.67151277137276
5.583000000000199,0.03825294845818898,-2.9631187216147263,20.671525112493462
5.5840000000001995,0.040867206195984954,-2.9650973125591427,20.671538162841838
5.5850000000002,0.04348163392205308,-2.9672121770548197,20.67155187541963
5.5860000000002,0.046096389612439295,-2.969463423858847,20.671566190077844
5.5870000000002005,0.04871163493858219,-2.971851161715034,20.671581035484934
5.588000000000201,0.051327535281641995,-2.9743755000339784,20.6715963309275
5.589000000000201,0.05394425970509362,-2.9770365495306583,20.671611987967225
5.5900000000002015,0.05656198087308188,-2.9798344228171945,20.67162791194543
5.591000000000202,0.059180874932402414,-2.9827692349582797,20.67164400334749
5.592000000000202,0.06180112135515592,-2.9858411039885606,20.67166015904501
5.5930000000002025,0.06442290274794851,-2.9890501513922754,20.671676273407233
5.594000000000203,0.06704640462926806,-2.992396502551431,20.671692239303407
5.595000000000203,0.06967181518006402,-2.9958802871608885,20.671707949001267
5.5960000000002035,0.07229932497549636,-2.9995016396132717,20.6717232949627
5.597000000000204,0.07492912669146809,-3.0032606993550037,20.671738170555717
5.598000000000204,0.07756141479775704,-3.007157611214858,20.67175247068115
5.5990000000002045,0.08019638524405617,-3.011192525707269,20.671766092321857
5.600000000000205,0.08283423513136708,-3.015365599311485,20.67177893503158
5.601000000000205,0.08547516238261245,-3.0196769947273623,20.671790901357646
5.6020000000002055,0.08811936541328892,-3.0241268811097415,20.67180189720738
5.603000000000206,0.09076704279564264,-3.028715434281648,20.67181183216912
5.604000000000206,0.09341839293955613,-3.033442836929212,20.671820619788043
5.6050000000002065,0.09607361377199607,-3.0383092787780273,20.671828177804628
5.606000000000207,0.09873290242888927,-3.043314956752454,20.671834428359215
5.607000000000207,0.10139645496109728,-3.0484600751183857,20.67183929816558
5.6080000000002075,0.10406446605136532,-3.0537448456112353,20.671842718662376
5.609000000000208,0.10673712875110863,-3.0591694875512125,20.671844626142764
5.610000000000208,0.10941463423256567,-3.0647342279434455,20.671844961863727
5.6110000000002085,0.11209717155827073,-3.0704393015659974,20.671843672145418
5.612000000000209,0.11478492747689416,-3.0762849510484744,20.671840708452798
5.613000000000209,0.11747808623250615,-3.082271426937968,20.671836027470846
5.6140000000002095,0.1201768294009983,-3.0883989877557787,20.671829591174856
5.61500000000021,0.12288133574558624,-3.0946679000466464,20.671821366890484
5.61600000000021,0.12559178109389776,-3.1010784384178502,20.671811327353
5.6170000000002105,0.12830833824042465,-3.107630885570604,20.6717994507639
5.618000000000211,0.13103117686932947,-3.1143255323271495,20.671785720845147
5.619000000000211,0.1337604634961383,-3.1211626776492807,20.67177012689563
5.6200000000002115,0.13649636143025273,-3.1281426286511316,20.671752663847982
5.621000000000212,0.13923903076424438,-3.135265700609767,20.671733332322912
5.622000000000212,0.14198862837491907,-3.1425322169677283,20.671712138688523
5.6230000000002125,0.1447453079450975,-3.1499425093340903,20.67168909512344
5.624000000000213,0.1475092200011756,-3.1574969174817786,20.67166421967521
5.625000000000213,0.15028051197157516,-3.165195789340025,20.67163753632492
5.6260000000002135,0.15305932825244287,-3.173039480986251,20.67160907505395
5.627000000000214,0.15584581029215505,-3.1810283566352906,20.671578871905787
5.628000000000214,0.1586400966867691,-3.189162788625141,20.671546969052578
5.6290000000002145,0.1614423232853425,-3.1974431574019286,20.67151341485946
5.630000000000215,0.16425262330393023,-3.2058698515041293,20.671478263944465
5.631000000000215,0.16707112744963765,-3.214443267543211,20.67144157723978
5.6320000000002155,0.16989796405211732,-3.2231638101846394,20.67140342204243
5.633000000000216,0.17273325919300428,-3.2320318921267917,20.67136387206283
5.634000000000216,0.17557713685255708,-3.2410479340775926,20.671323007464682
5.6350000000002165,0.17842971904755725,-3.250212364732087,20.67128091489242
5.636000000000217,0.18129112597679886,-3.259525620745737,20.67123768749137
5.637000000000217,0.18416147616533127,-3.268988146706724,20.67119342490787
5.6380000000002175,0.18704088660989912,-3.2786003951077656,20.6711482332746
5.639000000000218,0.18992947292279824,-3.2883628263120257,20.671102225181322
5.640000000000218,0.19282734947365304,-3.298275908519384,20.671055519619284
5.6410000000002185,0.19573462952830814,-3.308340117727475,20.671008241897137
5.642000000000219,0.1986514253829434,-3.318555937689937,20.67096052353748
5.643000000000219,0.20157784849833738,-3.328923859870101,20.670912502135828
5.6440000000002195,0.20451400962549815,-3.3394443833879714,20.67086432118827
5.64500000000022,0.20746001892836835,-3.3501180149638943,20.670816129880144
5.64600000000022,0.21041598610264298,-3.3609452688555628,20.670768082834734
5.6470000000002205,0.2133820204865436,-3.3719266667858285,20.6707203398169
5.648000000000221,0.21635823116642064,-3.383062737862727,20.670673065386573
5.649000000000221,0.21934472707961714,-3.3943540184956396,20.67062642850648
5.6500000000002215,0.22234161710981354,-3.405801052295338,20.67058060209087
5.651000000000222,0.2253490101769815,-3.4174043899657716,20.67053576249816
5.652000000000222,0.22836701532038534,-3.429164589187864,20.67049208895925
5.6530000000002225,0.2313957417815526,-3.4410822144870394,20.67044976295242
5.654000000000223,0.23443529907575525,-3.453157837090427,20.67040896750199
5.655000000000223,0.23748579706258297,-3.465392034770425,20.670369886414804
5.6560000000002235,0.2405473460140645,-3.4777853916738497,20.670332703452107
5.657000000000224,0.24362005667460013,-3.4903384981367642,20.670297601424455
5.658000000000224,0.24670404031947088,-3.5030519504846405,20.670264761223457
5.6590000000002245,0.2497994088079241,-3.515926350818167,20.670234360787315
5.660000000000225,0.25290627463860543,-3.528962306783775,20.670206573995664
5.661000000000225,0.25602475099746963,-3.542160431327904,20.670181569502155
5.6620000000002255,0.2591549518038127,-3.55552134243731,20.670159509515127
5.663000000000226,0.2622969917559564,-3.569045662869361,20.670140548517836
5.664000000000226,0.26545098637760167,-3.5827340198638016,20.670124831945323
5.6650000000002265,0.26861705205704234,-3.5965870448458297,20.67011249482298
5.666000000000227,0.2717953060852518,-3.610605373119323,20.670103660373734
5.667000000000227,0.2749858667054427,-3.6247896435494464,20.670098438613774
5.6680000000002275,0.27818885314346947,-3.639140498244066,20.670096924935994
5.669000000000228,0.2814043856449739,-3.6536585822264076,20.670099198701315
5.670000000000228,0.28463258551939674,-3.6683445431098,20.670105321863822
5.6710000000002285,0.2878735751693904,-3.6831990307763744,20.670115337627067
5.672000000000229,0.2911274781253726,-3.698222697060372,20.670129269157872
5.673000000000229,0.2943944190811315,-3.713416195444567,20.670147118386232
5.6740000000002295,0.2976745239234361,-3.7287801807689873,20.670168864895842
5.67500000000023,0.30096791975957987,-3.7443153089613115,20.670194464930965
5.67600000000023,0.30427473494327467,-3.760022236793418,20.670223850546122
5.6770000000002305,0.30759509909848193,-3.7759016216650183,20.670256928913865
5.678000000000231,0.3109291431420573,-3.7919541214221617,20.670293581806515
5.679000000000231,0.31427699929674857,-3.8081803942208357,20.670333665283916
5.6800000000002315,0.31763880110620224,-3.8245810984312256,20.670377009593413
5.681000000000232,0.32101468344545186,-3.8411568925960884,20.67042341930949
5.682000000000232,0.3244047825234435,-3.8579084354456925,20.670472673718933
5.6830000000002325,0.32780923588477234,-3.87483638597144,20.67052452746796
5.684000000000233,0.3312281824078561,-3.891941403568403,20.670578711485497
5.685000000000233,0.3346617622975417,-3.9092241482434735,20.670634934185173
5.6860000000002335,0.29332333363332785,-2.9220816706004022,20.643770327702608
5.687000000000234,-0.014380499800503425,-2.2713966672837915,20.64776037272575
5.688000000000234,-0.01117662140897023,-2.290496110464768,20.657674534102046
5.6890000000002345,-0.008469882054363068,-2.3093955115314455,20.668265345631788
5.690000000000235,-0.007008579146674326,-2.3166198046193576,20.670935056925355
5.691000000000235,-0.006296502102814086,-2.3218543093361745,20.67099634974286
5.6920000000002355,-0.006109371137901151,-2.3289877753785158,20.671057169217853
5.693000000000236,-0.006452702084179696,-2.338064152699981,20.671117119854628
5.694000000000236,-0.007331378003954975,-2.349107575197279,20.67117580636371
5.6950000000002365,-0.008749613854255829,-2.362123376928161,20.67123283722257
5.696000000000237,-0.010710922875655296,-2.377099288695844,20.6712878283546
5.697000000000237,-0.013218085414201608,-2.394006805801086,20.67134040688512
5.6980000000002375,-0.016273120778891828,-2.412802719895638,20.671390214943287
5.699000000000238,-0.0198772626380824,-2.4334308100332263,20.671436913480186
5.700000000000238,-0.024030938341690976,-2.4558236901771173,20.671480186058727
5.7010000000002385,-0.028733752448365166,-2.479904812453011,20.67151974259731
5.702000000000239,-0.03398447462500654,-2.505590627287077,20.67155532302089
5.703000000000239,0.04455931893566732,-1.9039730809418642,20.67158670080475
5.7040000000002395,0.040644910415689295,-1.9171914831403631,20.671613686381075
5.70500000000024,0.03624594670642679,-1.9313327007159453,20.671636130387224
5.70600000000024,0.031375822741284275,-1.9462706332775093,20.671653926745595
5.7070000000002405,0.02604848390372505,-1.9618870651294142,20.671667015553755
5.708000000000241,0.02027822194144192,-1.9780757224852912,20.6716753857975
5.709000000000241,0.014079455788041824,-1.9947465642241076,20.671679077871183
5.7100000000002415,0.007466497414761578,-2.011830310960235,20.671678185923746
5.711000000000242,0.00045330286065421374,-2.029283215922823,20.671672860041806
5.712000000000242,-0.006946791391320602,-2.0470920795443455,20.671663308286444
5.7130000000002426,0.03678159028615502,-1.8677547984027623,20.67164979862028
5.714000000000243,0.15408745366448487,-1.4734687390872256,20.671632660752298
5.715000000000243,0.276493657391501,-1.152347472649331,20.67161228794267
5.7160000000002436,0.40406465517032114,-0.9031351974841519,20.671589138817776
5.717000000000244,0.5368389584365152,-0.727008367599395,20.671563739250782
5.718000000000244,0.6528613048553373,-0.6880546334101005,20.671506752786605
5.7190000000002446,-0.0035733209454380625,0.008269500665380774,10.217067382154635
5.720000000000245,-1.827350544425487,-0.4842070437385182,0.0
5.721000000000245,-1.6737606128820095,0.28504498255961686,0.0
5.722000000000246,-1.5211481116078758,0.963679595801219,0.0
5.723000000000246,-1.369650719143553,1.5582972913916935,0.0
5.724000000000246,-1.2194858935586346,2.0720221181627236,0.0
5.725000000000247,-1.0709544367832442,2.5048006873367763,0.0
5.726000000000247,-0.9244436347031588,2.853737858088781,0.0
5.727000000000247,-0.7804302686256241,3.113472165902394,0.0
5.728000000000248,-0.6394834269407799,3.276598812955404,0.0
5.729000000000248,-0.502266642923849,3.3341517731905865,0.0
5.730000000000248,-0.3695384567636272,3.2761587244004957,0.0
5.731000000000249,-0.24215007158998658,3.092282246995049,0.0
5.732000000000249,-0.1210383910111256,2.7725569163371944,0.0
5.733000000000249,-0.05008260066608959,2.519823994753976,0.0
5.73400000000025,0.29192600416787806,2.284841286261513,0.5269969569776709
5.73500000000025,0.2890215758305118,2.27737322823636,0.5493863735196101
5.73600000000025,-0.0007192408260472604,2.2189712904794154,0.5608941805767329
5.737000000000251,-0.0014400763747160665,2.2118427132377847,0.5813772947486124
5.738000000000251,-0.0018102799434455818,2.2051636887272843,0.6010289458283943
5.739000000000251,-0.0018290226050327388,2.198940834331164,0.6198486787386519
5.740000000000252,-0.0014962068359792259,2.1931798419073805,0.6378367262581438
5.741000000000252,-0.0008124942885045531,2.1878854900005167,0.654994003460328
5.742000000000252,0.00022067357780654068,2.1830616585648612,0.6713221015446956
5.743000000000253,0.0016010619863204706,2.1787113461898224,0.6868232811342392
5.744000000000253,0.0033256363813267643,2.17483668977847,0.7015004651260991
5.745000000000253,0.005390562878061049,2.1714389866068364,0.7153572311343872
5.746000000000254,0.007791215427108587,2.1685187186575634,0.7283978035804644
5.747000000000254,0.010522189437311681,2.166075579092409,0.7406270454516377
5.748000000000254,0.013577321541069855,2.1641085007016923,0.7520504497472619
5.749000000000255,0.016949715136803517,2.1626156861387478,0.7626741306300533
5.750000000000255,0.020631771287358346,2.1615946397256636,0.7725048142864382
5.751000000000255,0.024615224513491206,2.1610422005994847,0.7815498294854653
5.752000000000256,0.2608554724002393,1.7636297635111498,0.7939922276761342
5.753000000000256,0.6047631856361242,0.8912284163058246,0.7736559508664187
5.754000000000256,0.0,0.0,0.0
5.755000000000257,0.0,0.0,0.0
5.756000000000257,0.0,0.0,0.0
5.757000000000257,0.0,0.0,0.0
5.758000000000258,0.0,0.0,0.0
5.759000000000258,0.0,0.0,0.0
5.760000000000258,0.0,0.0,0.0
5.761000000000259,0.0,0.0,0.0
5.762000000000259,0.0,0.0,0.0
5.763000000000259,0.0,0.0,0.0
5.76400000000026,0.0,0.0,0.0
5.76500000000026,0.0,0.0,0.0
5.76600000000026,0.0,0.0,0.0
5.767000000000261,0.0,0.0,0.0
5.768000000000261,0.0,0.0,0.0
5.769000000000261,0.0,0.0,0.0
5.770000000000262,0.0,0.0,0.0
5.771000000000262,0.0,0.0,0.0
5.772000000000262,0.0,0.0,0.0
5.773000000000263,0.0,0.0,0.0
5.774000000000263,0.0,0.0,0.0
5.775000000000263,0.0,0.0,0.0
5.776000000000264,0.0,0.0,0.0
5.777000000000264,0.0,0.0,0.0
5.778000000000264,0.0,0.0,0.0
5.779000000000265,0.0,0.0,0.0
5.780000000000265,0.0,0.0,0.0
5.781000000000265,0.0,0.0,0.0
5.782000000000266,0.0,0.0,0.0
5.783000000000266,0.0,0.0,0.0
5.784000000000266,0.0,0.0,0.0
5.785000000000267,0.0,0.0,0.0
5.786000000000267,0.0,0.0,0.0
5.787000000000267,0.0,0.0,0.0
5.788000000000268,0.0,0.0,0.0
5.789000000000268,0.0,0.0,0.0
5.790000000000268,0.0,0.0,0.0
5.791000000000269,0.0,0.0,0.0
5.792000000000269,0.0,0.0,0.0
5.793000000000269,0.0,0.0,0.0
5.79400000000027,0.0,0.0,0.0
5.79500000000027,0.0,0.0,0.0
5.79600000000027,0.0,0.0,0.0
5.797000000000271,0.0,0.0,0.0
5.798000000000271,0.0,0.0,0.0
5.799000000000271,0.0,0.0,0.0
5.800000000000272,0.0,0.0,0.0
5.801000000000272,0.0,0.0,0.0
5.802000000000272,0.0,0.0,0.0
5.803000000000273,0.0,0.0,0.0
5.804000000000273,0.0,0.0,0.0
5.805000000000273,0.0,0.0,0.0
5.806000000000274,0.0,0.0,0.0
5.807000000000274,0.0,0.0,0.0
5.808000000000274,0.0,0.0,0.0
5.809000000000275,0.0,0.0,0.0
5.810000000000275,0.0,0.0,0.0
5.811000000000275,0.0,0.0,0.0
5.812000000000276,0.0,0.0,0.0
5.813000000000276,0.0,0.0,0.0
5.814000000000276,0.0,0.0,0.0
5.815000000000277,0.0,0.0,0.0
5.816000000000277,0.0,0.0,0.0
5.817000000000277,0.0,0.0,0.0
5.818000000000278,0.0,0.0,0.0
5.819000000000278,0.0,0.0,0.0
5.820000000000278,0.0,0.0,0.0
5.821000000000279,0.0,0.0,0.0
5.822000000000279,0.0,0.0,0.0
5.823000000000279,0.0,0.0,0.0
5.82400000000028,0.0,0.0,0.0
5.82500000000028,0.0,0.0,0.0
5.82600000000028,0.0,0.0,0.0
5.827000000000281,0.0,0.0,0.0
5.828000000000281,0.0,0.0,0.0
5.829000000000281,0.0,0.0,0.0
5.830000000000282,0.0,0.0,0.0
5.831000000000282,0.0,0.0,0.0
5.832000000000282,0.0,0.0,0.0
5.833000000000283,0.0,0.0,0.0
5.834000000000283,0.0,0.0,0.0
5.835000000000283,0.0,0.0,0.0
5.836000000000284,0.0,0.0,0.0
5.837000000000284,0.0,0.0,0.0
5.838000000000284,0.0,0.0,0.0
5.839000000000285,0.0,0.0,0.0
5.840000000000285,0.0,0.0,0.0
5.841000000000285,0.0,0.0,0.0
5.842000000000286,0.0,0.0,0.0
5.843000000000286,0.0,0.0,0.0
5.844000000000286,0.0,0.0,0.0
5.845000000000287,0.0,0.0,0.0
5.846000000000287,0.0,0.0,0.0
5.847000000000287,0.0,0.0,0.0
5.848000000000288,0.0,0.0,0.0
5.849000000000288,0.0,0.0,0.0
5.850000000000288,0.0,0.0,0.0
5.851000000000289,0.0,0.0,0.0
5.852000000000289,0.0,0.0,0.0
5.853000000000289,0.0,0.0,0.0
5.85400000000029,0.0,0.0,0.0
5.85500000000029,0.0,0.0,0.0
5.85600000000029,0.0,0.0,0.0
5.857000000000291,0.0,0.0,0.0
5.858000000000291,0.0,0.0,0.0
5.859000000000291,0.0,0.0,0.0
5.860000000000292,0.0,0.0,0.0
5.861000000000292,0.0,0.0,0.0
5.862000000000292,0.0,0.0,0.0
5.863000000000293,0.0,0.0,0.0
5.864000000000293,0.0,0.0,0.0
5.865000000000293,0.0,0.0,0.0
5.866000000000294,0.0,0.0,0.0
5.867000000000294,0.0,0.0,0.0
5.868000000000294,0.0,0.0,0.0
5.869000000000295,0.0,0.0,0.0
5.870000000000295,0.0,0.0,0.0
5.871000000000295,0.0,0.0,0.0
5.872000000000296,0.0,0.0,0.0
5.873000000000296,0.0,0.0,0.0
5.874000000000296,0.0,0.0,0.0
5.875000000000297,0.0,0.0,0.0
5.876000000000297,0.0,0.0,0.0
5.877000000000297,0.0,0.0,0.0
5.878000000000298,0.0,0.0,0.0
5.879000000000298,0.0,0.0,0.0
5.880000000000298,0.0,0.0,0.0
5.881000000000299,0.0,0.0,0.0
5.882000000000299,0.0,0.0,0.0
5.883000000000299,0.0,0.0,0.0
5.8840000000003,0.0,0.0,0.0
5.8850000000003,0.0,0.0,0.0
5.8860000000003,0.0,0.0,0.0
5.887000000000301,0.0,0.0,0.0
5.888000000000301,0.0,0.0,0.0
5.889000000000301,0.0,0.0,0.0
5.890000000000302,0.0,0.0,0.0
5.891000000000302,0.0,0.0,0.0
5.892000000000302,0.0,0.0,0.0
5.893000000000303,0.0,0.0,0.0
5.894000000000303,0.0,0.0,0.0
5.895000000000303,0.0,0.0,0.0
5.896000000000304,0.0,0.0,0.0
5.897000000000304,0.0,0.0,0.0
5.898000000000304,0.0,0.0,0.0
5.899000000000305,0.0,0.0,0.0
5.900000000000305,0.0,0.0,0.0
5.901000000000305,0.0,0.0,0.0
5.902000000000306,0.0,0.0,0.0
5.903000000000306,0.0,0.0,0.0
5.904000000000306,0.0,0.0,0.0
5.905000000000307,0.0,0.0,0.0
5.906000000000307,0.0,0.0,0.0
5.907000000000307,0.0,0.0,0.0
5.908000000000308,0.0,0.0,0.0
5.909000000000308,0.0,0.0,0.0
5.910000000000308,0.0,0.0,0.0
5.911000000000309,0.0,0.0,0.0
5.912000000000309,0.0,0.0,0.0
5.913000000000309,0.0,0.0,0.0
5.91400000000031,0.0,0.0,0.0
5.91500000000031,0.0,0.0,0.0
5.91600000000031,0.0,0.0,0.0
5.917000000000311,0.0,0.0,0.0
5.918000000000311,0.0,0.0,0.0
5.919000000000311,0.0,0.0,0.0
5.920000000000312,0.0,0.0,0.0
5.921000000000312,0.0,0.0,0.0
5.922000000000312,0.0,0.0,0.0
5.923000000000313,0.0,0.0,0.0
5.924000000000313,0.0,0.0,0.0
5.925000000000313,0.0,0.0,0.0
5.926000000000314,0.0,0.0,0.0
5.927000000000314,0.0,0.0,0.0
5.928000000000314,0.0,0.0,0.0
5.929000000000315,0.0,0.0,0.0
5.930000000000315,0.0,0.0,0.0
5.931000000000315,0.0,0.0,0.0
5.932000000000316,0.0,0.0,0.0
5.933000000000316,0.0,0.0,0.0
5.934000000000316,0.0,0.0,0.0
5.935000000000317,0.0,0.0,0.0
5.936000000000317,0.0,0.0,0.0
5.937000000000317,0.0,0.0,0.0
5.938000000000318,0.0,0.0,0.0
5.939000000000318,0.0,0.0,0.0
5.940000000000318,0.0,0.0,0.0
5.941000000000319,0.0,0.0,0.0
5.942000000000319,0.0,0.0,0.0
5.943000000000319,0.0,0.0,0.0
5.94400000000032,0.0,0.0,0.0
5.94500000000032,0.0,0.0,0.0
5.94600000000032,0.0,0.0,0.0
5.947000000000321,0.0,0.0,0.0
5.948000000000321,0.0,0.0,0.0
5.949000000000321,0.0,0.0,0.0
5.950000000000322,0.0,0.0,0.0
5.951000000000322,0.0,0.0,0.0
5.952000000000322,0.0,0.0,0.0
5.953000000000323,0.0,0.0,0.0
5.954000000000323,0.0,0.0,0.0
5.955000000000323,0.0,0.0,0.0
5.956000000000324,0.0,0.0,0.0
5.957000000000324,0.0,0.0,0.0
5.958000000000324,0.0,0.0,0.0
5.959000000000325,0.0,0.0,0.0
5.960000000000325,0.0,0.0,0.0
5.961000000000325,0.0,0.0,0.0
5.962000000000326,0.0,0.0,0.0
5.963000000000326,0.0,0.0,0.0
5.964000000000326,0.0,0.0,0.0
5.965000000000327,0.0,0.0,0.0
5.966000000000327,0.0,0.0,0.0
5.967000000000327,0.0,0.0,0.0
5.968000000000328,0.0,0.0,0.0
5.969000000000328,0.0,0.0,0.0
5.970000000000328,0.0,0.0,0.0
5.971000000000329,0.0,0.0,0.0
5.972000000000329,0.0,0.0,0.0
5.973000000000329,0.0,0.0,0.0
5.97400000000033,0.0,0.0,0.0
5.97500000000033,0.0,0.0,0.0
5.97600000000033,0.0,0.0,0.0
5.977000000000331,0.0,0.0,0.0
5.978000000000331,0.0,0.0,0.0
5.979000000000331,0.0,0.0,0.0
5.980000000000332,0.0,0.0,0.0
5.981000000000332,0.0,0.0,0.0
5.982000000000332,0.0,0.0,0.0
5.983000000000333,0.0,0.0,0.0
5.984000000000333,0.0,0.0,0.0
5.985000000000333,0.0,0.0,0.0
5.986000000000334,0.6482451976920092,0.8164564008219495,0.8079318164888676
5.987000000000334,0.4615699989399362,1.6922940785660656,0.8287763666149353
5.988000000000334,0.29789342094126814,2.1095295727744645,0.8143600296695483
5.989000000000335,0.2981743006228219,2.1097920473973333,0.8047231473117353
5.990000000000335,0.29893360533113655,2.1105278136785817,0.7944032829314088
5.991000000000335,0.3001811240139424,2.111738662780244,0.7833924829992754
5.992000000000336,0.3019256664923336,2.1134256933982347,0.7716830209004311
5.993000000000336,0.3041750224531816,2.115589283504393,0.7592674054207176
5.994000000000336,0.30693592718635976,2.1182290633639376,0.7461383910447679
5.995000000000337,0.31021403463477143,2.1213438900290553,0.7322889901191775
5.996000000000337,0.3140138982638787,2.124931823489029,0.7177124869220822
5.997000000000337,0.3183389601833877,2.1289901046408444,0.7024024536353537
5.998000000000338,0.32319154888756924,2.133515135222342,0.6863527681921138
5.999000000000338,0.3285728858893362,2.1385024598166,0.6695576339639765
6.000000000000338,0.3344831014489306,2.1439467500235514,0.6520116011847701
6.001000000000339,0.34092125951965135,2.149841790857674,0.6337095900246366
6.002000000000339,0.34788539194263723,2.1561804694118853,0.6146469151579836
6.003000000000339,0.6491367452418303,2.1725227896365915,0.6058246365306861
6.00400000000034,0.6586796746459148,2.1781561125391247,0.5849978641272688
6.00500000000034,0.6687986035839755,2.1841707393594048,0.5633906976555165
6.00600000000034,0.33221588664576707,2.3676556677067193,0.0
6.007000000000341,0.33277532955055145,2.33210589434913,0.0
6.008000000000341,0.30171662122233284,2.3792697975389103,0.0
6.009000000000341,0.1973092250451382,2.4854792983302474,0.0
6.010000000000342,0.07226300204867415,2.463320994475919,0.0
6.011000000000342,-0.07128375382814267,2.3238691014472086,0.0
6.012000000000342,-0.23135195250864887,2.0776510395170216,0.0
6.013000000000343,-0.40618988757457386,1.7340766085050516,0.0
6.014000000000343,-0.5943284622171352,1.3009546359604416,0.0
6.015000000000343,-0.7946268804433658,0.7840794836214728,0.0
6.016000000000344,-1.0063115738988393,0.18687143213076496,0.0
6.017000000000344,-1.229010265749235,-0.4899413824322014,0.0
6.018000000000344,-1.4627820997469951,-1.2486069641893902,0.0
6.019000000000345,-1.6651609764479862,-1.9977577153921011,0.0
6.020000000000345,0.001977415500455844,-0.008812735192950737,10.280340041054314
6.021000000000345,0.842554163565254,0.9149395433679484,20.670044399707184
6.022000000000346,0.6597814426036668,0.675965731349522,20.670067809734928
6.023000000000346,0.4736801578306268,0.36229418021820603,20.67009099053279
6.024000000000346,0.28487191201525097,-0.021092631556754782,20.67011453723204
6.025000000000347,0.0935883891516999,-0.47214958963825815,20.670138956396954
6.026000000000347,-0.10025098477374074,-0.991245010338708,20.670164671603054
6.027000000000347,-0.29696189306767096,-1.5806307652739895,20.670192028611716
6.028000000000348,-0.4073486941706434,-1.941930492659218,20.67022130022261
6.029000000000348,-0.40088552817548395,-1.927273392507893,20.670252690883068
6.030000000000348,-0.39475753452570267,-1.9128790885690332,20.67028634110388
6.031000000000349,-0.3889803747390362,-1.8987855358494972,20.670322331736156
6.032000000000349,-0.3835729671178105,-1.8850551883802122,20.67036068815542
6.033000000000349,-0.37855665532439536,-1.8717700658353982,20.670401384374596
6.03400000000035,-0.37395441462060713,-1.8590270349491478,20.670444347124135
6.03500000000035,-0.36979009675787083,-1.8469333094193616,20.670489459913398
6.03600000000035,-0.5646843261548313,-2.4623136981272467,20.67053656708294
6.037000000000351,-0.5565930751748974,-2.436830766438794,20.670585477862897
6.038000000000351,-0.549109755731302,-2.412732189184573,20.670635970427934
6.039000000000351,-0.5422434108937709,-2.3900942824380924,20.67068779595281
6.040000000000352,-0.5360015021143373,-2.368986164744874,20.670740682658856
6.041000000000352,-0.5303896406901151,-2.3494672368464022,20.67079433983191
6.042000000000352,-0.5254113451484846,-2.331584853370847,20.670848461804496
6.043000000000353,-0.5210678250784678,-2.3153721899805917,20.670902731879796
6.044000000000353,-0.5173577919935525,-2.3008463107058392,20.67095682617137
6.045000000000353,-0.5142772978739348,-2.2880064416134753,20.671010417345613
6.046000000000354,-0.5118196020746824,-2.2768324584115884,20.67106317823488
6.047000000000354,-0.5099750673578902,-2.2672835970504392,20.671114785302354
6.048000000000354,-0.5087310858385832,-2.2592973977690347,20.671164921931585
6.049000000000355,-0.5080720356469817,-2.2527888941902376,20.671213281519208
6.050000000000355,-0.5079792691108003,-2.247650059961677,20.671259570353087
6.051000000000355,-0.5084311332109783,-2.243749525918742,20.671303510251985
6.052000000000356,-0.5091616055392618,-2.2369206989300388,20.669137362564708
6.053000000000356,-0.30428333414659914,-2.8942335226270512,20.66618002953151
6.054000000000356,-0.3351271911796422,-3.929236840239497,20.6714187357086
6.055000000000357,-0.3316770319899247,-3.911692316599469,20.67145088649615
6.056000000000357,-0.3282427853274026,-3.8943289710574858,20.671479604359916
6.057000000000357,-0.324824274974831,-3.877145870467026,20.671504744744404
6.058000000000358,-0.321421323540914,-3.860142100565532,20.671526189453758
6.059000000000358,-0.3180337523698967,-3.8433167658491225,20.67154384704878
6.060000000000358,-0.31466138147777833,-3.8266689893870875,20.671557652979246
6.061000000000359,-0.31130402950990677,-3.810197912578209,20.671567569453252
6.062000000000359,-0.30796151372488967,-3.7939026948499066,20.671573585053643
6.063000000000359,-0.30463365000026266,-3.7777825133164846,20.671575714132167
6.06400000000036,-0.3013202528583139,-3.761836562389888,20.671573995988524
6.06500000000036,-0.29802113552062026,-3.746064053358113,20.671568493855062
6.06600000000036,-0.29473610997451155,-3.730464213934035,20.671559293714697
6.067000000000361,-0.29146498706636653,-3.7150362877756034,20.671546502972213
6.068000000000361,-0.28820757661023455,-3.6997795339923174,20.671530248993815
6.069000000000361,-0.28496368751042,-3.684693226634447,20.67151067754716
6.070000000000362,-0.28173312790497984,-3.6697766541739423,20.671487951164032
6.071000000000362,-0.27851570531722203,-3.655029118982581,20.671462247436274
6.072000000000362,-0.2753112268234845,-3.6404499368082206,20.671433757276425
6.073000000000363,-0.27211949922835577,-3.6260384362566125,20.671402683163684
6.074000000000363,-0.26894032924978506,-3.6117939582814342,20.671369237379878
6.075000000000363,-0.2657735237095209,-3.5977158556839415,20.67133364027074
6.076000000000364,-0.26261888973025793,-3.583803492625612,20.671296118535373
6.077000000000364,-0.2594762349400782,-3.5700562441586,20.671256903556483
6.0780000000003644,-0.256345367672319,-3.556473495773903,20.671216229797253
6.079000000000365,-0.25322609717135214,-3.5430546429667915,20.671174333259422
6.080000000000365,-0.2501182337981758,-3.5297990908255334,20.67113145001915
6.0810000000003654,-0.24702158923142845,-3.51670625364153,20.671087814847894
6.082000000000366,-0.24393597667034927,-3.503775554539221,20.67104365991982
6.083000000000366,-0.24086121103139385,-3.4910064251301414,20.670999213615097
6.0840000000003664,-0.23779710914182528,-3.4783983051914262,20.670954699418726
6.085000000000367,-0.23474348992722982,-3.465950642362495,20.670910334914566
6.086000000000367,-0.231700174591563,-3.4536628918665397,20.670866330877324
6.0870000000003675,-0.22866698679645706,-3.441534516253902,20.670822890462837
6.088000000000368,-0.2256437528263378,-3.4295649851620276,20.67078020849175
6.089000000000368,-0.22263030175025816,-3.4177537750987663,20.670738470828113
6.0900000000003685,-0.21962646557482207,-3.406100369245314,20.670697853843414
6.091000000000369,-0.21663207938459889,-3.3946042572732065,20.67065852396926
6.092000000000369,-0.21364698148131367,-3.3832649351813,20.6706206373304
6.0930000000003695,-0.2106710135040124,-3.372081905146474,20.670584339457204
6.09400000000037,-0.2077040205471795,-3.361054675390367,20.670549765064735
6.09500000000037,-0.204745851268324,-3.3501827600598277,20.670517037905668
6.0960000000003705,-0.2017963579771616,-3.3394656791172546,20.67048627068325
6.097000000000371,-0.1988553967213077,-3.328902958245835,20.670457565018626
6.098000000000371,-0.1959228273645498,-3.31849412876446,20.670431011474385
6.0990000000003715,-0.19299851364156267,-3.308238727549133,20.670406689625025
6.100000000000372,-0.19008232321132185,-3.2981362969671606,20.67038466816897
6.101000000000372,-0.187174127698262,-3.2881863848176214,20.670365005078878
6.1020000000003725,-0.18427380271293703,-3.278388544278437,20.67034774778614
6.103000000000373,-0.18138122786923067,-3.268742333859858,20.670332933393883
6.104000000000373,-0.17849628678688323,-3.259247317364339,20.67032058891886
6.1050000000003735,-0.17561886707703991,-3.249903063852365,20.670310731550664
6.106000000000374,-0.1727488603183705,-3.2407091476115193,20.670303368934942
6.107000000000374,-0.1698861620198297,-3.231665148130379,20.670298499466
6.1080000000003745,-0.16703067156628915,-3.222770650077093,20.670296112593384
6.109000000000375,-0.16418229215444052,-3.214025243282859,20.670296189145162
6.110000000000375,-0.16134093071135874,-3.205428522724972,20.67029870165001
6.1110000000003755,-0.15850649780160428,-3.196980088517294,20.67030361466833
6.112000000000376,-0.15567890751759836,-3.1886795459031543,20.670310885126316
6.113000000000376,-0.15285807735704746,-3.1805265052493255,20.670320462652274
6.1140000000003765,-0.1500439280851793,-3.1725205820466593,20.670332289914295
6.115000000000377,-0.14723638358166025,-3.1646613969124533,20.67034630295443
6.116000000000377,-0.14443537067721493,-3.156948575593903,20.67036243152553
6.1170000000003775,-0.1416408189700348,-3.1493817489796454,20.670380599418735
6.118000000000378,-0.13885266063561305,-3.141960553112469,20.670400724791882
6.119000000000378,-0.13607083021718458,-3.134684629204806,20.67042272049734
6.1200000000003785,-0.13329526440472556,-3.12755362366101,20.670446494398146
6.121000000000379,-0.13052590180722368,-3.12056718810161,20.67047194968552
6.122000000000379,-0.1277626827039116,-3.113724979393498,20.670498985189013
6.1230000000003795,-0.12500554879025702,-3.1070266596850393,20.670527495683096
6.12400000000038,-0.12225444291538387,-3.1004718964446325,20.670557372191993
6.12500000000038,-0.11950930880636007,-3.094060362506338,20.67058850228878
6.1260000000003805,-0.11677009078767339,-3.087791736120166,20.67062077038819
6.127000000000381,-0.11403673349320043,-3.081665701007985,20.67065405804162
6.128000000000381,-0.11130918157074865,-3.0756819464271983,20.67068824422848
6.1290000000003815,-0.10858737938458018,-3.069840167238701,20.670723205647608
6.130000000000382,-0.10587127071808189,-3.0641400639824847,20.67075881700685
6.131000000000382,-0.10316079846977277,-3.0585813429606086,20.670794951309773
6.1320000000003825,-0.10045590435248417,-3.053163716326108,20.670831480152835
6.133000000000383,-0.09775652859728828,-3.04788690218067,20.670868274021792
6.134000000000383,-0.09506260965699798,-3.042750624679025,20.670905202588216
6.1350000000003835,-0.0923740839182165,-3.037754614140793,20.670942135020287
6.136000000000384,-0.08969088542033893,-3.03289860717194,20.670978940299122
6.137000000000384,-0.08701294558408953,-3.028182346793288,20.671015487538888
6.1380000000003845,-0.08434019295008366,-3.023605582577697,20.67105164632652
6.139000000000385,-0.08167255292967093,-3.0191680707964292,20.67108728707439
6.140000000000385,-0.0790099475707833,-3.014869574573997,20.671122281383862
6.1410000000003855,-0.07635229534222535,-3.0107098640526804,20.671156502433124
6.142000000000386,-0.07369951093083671,-3.006688716566322,20.671189825384833
6.143000000000386,-0.0710515050590006,-3.002805916823514,20.671222127814943
6.1440000000003865,-0.06840818432492846,-2.999061257101524,20.671253290173738
6.145000000000387,-0.0657694510591959,-2.9954545374494694,20.671283196271872
6.146000000000387,-0.06313520320961383,-2.9919855659026457,20.67131173380571
6.1470000000003875,-0.06050533424571555,-2.9886541587088904,20.671338794913183
6.148000000000388,-0.057879733086163926,-2.9854601405647845,20.671364276773076
6.149000000000388,-0.05525828405618122,-2.9824033448640543,20.671388082250317
6.1500000000003885,-0.05264086686237196,-2.9794836139583114,20.671410120583655
6.151000000000389,-0.05002735660183319,-2.9767007994318737,20.671430308132393
6.152000000000389,-0.0474176237917836,-2.9740547623881928,20.671448569170998
6.1530000000003895,-0.044811534425865274,-2.971545373750341,20.671464836746395
6.15400000000039,-0.042208950058037834,-2.969172514578442,20.671479053600514
6.15500000000039,-0.03960972790768,-2.9669360763995103,20.671491173155324
6.1560000000003905,-0.03701372099872978,-2.9648359615554725,20.671501160568898
6.157000000000391,-0.03442077831541329,-2.9628720835675093,20.67150899386644
6.158000000000391,-0.031830744986463835,-2.9610443675177844,20.671514665147185
6.1590000000003915,-0.029243462498096034,-2.9593527504504062,20.671518181865718
6.160000000000392,-0.02665876892286842,-2.9577971817913533,20.671519568196928
6.161000000000392,-0.024076499178267652,-2.956377623789561,20.6715188664818
6.1620000000003925,-0.021496485309679125,-2.9550940519780475,20.671516138750217
6.163000000000393,-0.018918556792181115,-2.953946455658528,20.671511468326017
6.164000000000393,-0.016342540863668986,-2.9529348384079555,20.67150496150875
6.1650000000003935,-0.013768262875608187,-2.9520592186094117,20.671496749327474
6.166000000000394,-0.01119554667125338,-2.951319630007108,20.67148698936236
6.167000000000394,-0.008624214990739475,-2.9507161222863822,20.671475867624547
6.1680000000003945,-0.006054089902033148,-2.9502487616798296,20.671463600488075
6.169000000000395,-0.003484993260091697,-2.949917631597421,20.671450436658027
6.170000000000395,-0.0009315235904238245,-2.9497213668928612,20.671430899157876
6.1710000000003955,0.001620406140243516,-2.9496620647842637,20.671410939389652
6.172000000000396,0.004216777202476797,-2.9497432682121825,20.67140842869398
6.173000000000396,0.006841898081800635,-2.949961763969309,20.67141681976511
6.1740000000003965,0.00946535999713307,-2.9503147126866427,20.67142450610355
6.175000000000397,0.012087300906883577,-2.950802309928886,20.671431814855993
6.176000000000397,0.014707856802442992,-2.951424737212914,20.671439023074278
6.1770000000003975,0.017327162533805368,-2.9521821634999927,20.671446361633695
6.178000000000398,0.019945352567888618,-2.953074746610441,20.671454019041402
6.179000000000398,0.022562561683295207,-2.9541026345607593,20.67146214511419
6.1800000000003985,0.02517892559636139,-2.955265966827378,20.67147085450374
6.181000000000399,0.027794581524290457,-2.9565648755403826,20.67148023006779
6.182000000000399,0.030409668680909288,-2.957999486607685,20.671490326066134
6.1830000000003995,0.033024328702554506,-2.959569920775741,20.671501171180587
6.1840000000004,0.03563870601333936,-2.9612762946273046,20.67151277135966
6.1850000000004,0.03825294812694153,-2.96311872151937,20.671525112480694
6.1860000000004005,0.04086720588370486,-2.9650973124658657,20.671538162829346
6.187000000000401,0.04348163362973015,-2.9672121769641127,20.67155187540832
6.188000000000401,0.046096389340929925,-2.96946342377077,20.671566190068916
6.1890000000004015,0.04871163468831537,-2.9718511616299446,20.671581035477708
6.190000000000402,0.051327535053915935,-2.9743754999521426,20.67159633092333
6.191000000000402,0.05394425950072829,-2.977036549452028,20.671611987966003
6.1920000000004025,0.05656198069292735,-2.979834422742493,20.67162791194726
6.193000000000403,0.05918087477589326,-2.982769234887696,20.67164400335395
6.194000000000403,0.06180112122195067,-2.9858411039221338,20.671660159055282
6.1950000000004035,0.06442290263860799,-2.989050151330159,20.671676273421056
6.196000000000404,0.06704640454297679,-2.9923965024937185,20.671692239321917
6.197000000000404,0.06967181511642771,-2.9958802871079513,20.671707949023784
6.1980000000004045,0.07229932493427449,-2.9995016395652225,20.671723294989405
6.199000000000405,0.0749291266710618,-3.0032606993116344,20.671738170587666
6.200000000000405,0.07756141479648378,-3.0071576111760607,20.67175247071696
6.2010000000004055,0.08019638526111975,-3.0111925256733576,20.67176609236156
6.202000000000406,0.08283423516513569,-3.015365599282487,20.671778935076606
6.203000000000406,0.08547516243172884,-3.0196769947030795,20.6717909014069
6.2040000000004065,0.08811936547472857,-3.024126881089916,20.671801897259854
6.205000000000407,0.09076704286848115,-3.028715434266444,20.671811832225327
6.206000000000407,0.09341839302261586,-3.0334428369184163,20.67182061984817
6.2070000000004075,0.09607361386178627,-3.038309278771292,20.671828177868452
6.208000000000408,0.09873290252295025,-3.043314956749887,20.671834428425736
6.209000000000408,0.10139645505715274,-3.048460075119423,20.671839298234524
6.2100000000004085,0.10406446614703004,-3.0537448456158787,20.671842718734066
6.211000000000409,0.10673712884389343,-3.0591694875595743,20.671844626216433
6.212000000000409,0.10941463431934256,-3.064734227954698,20.671844961939442
6.2130000000004095,0.11209717163718816,-3.0704393015800733,20.67184367222152
6.21400000000041,0.11478492754488548,-3.076284951065161,20.67184070852969
6.21500000000041,0.11747808628734359,-3.0822714269568867,20.671836027549396
6.2160000000004105,0.12017682944038789,-3.0883989877767686,20.67182959125331
6.217000000000411,0.1228813357656018,-3.09466790006938,20.671821366968754
6.218000000000411,0.12559178109229402,-3.1010784384419257,20.671811327431087
6.2190000000004115,0.12830833821532955,-3.107630885595965,20.671799450840993
6.220000000000412,0.13103117681843202,-3.114325532353617,20.671785720920784
6.221000000000412,0.13376046341611408,-3.1211626776760273,20.67177012697007
6.2220000000004125,0.13649636131915982,-3.1281426286783685,20.671752663921428
6.223000000000413,0.13923903062033424,-3.135265700637241,20.671733332393895
6.224000000000413,0.14198862819592023,-3.142532216994814,20.67171213875751
6.2250000000004135,0.14474530772807445,-3.149942509361143,20.671689095190224
6.226000000000414,0.14750921974539513,-3.1574969175084777,20.671664219738922
6.227000000000414,0.15028051167508716,-3.165195789365903,20.671637536386623
6.2280000000004145,0.15305932791241827,-3.1730394810114912,20.671609075112865
6.229000000000415,0.15584580990705424,-3.1810283566594864,20.67157887196163
6.230000000000415,0.15864009625602515,-3.189162788648089,20.671546969105425
6.2310000000004155,0.16144232280799672,-3.197443157424315,20.67151341490866
6.232000000000416,0.16425262277781613,-3.205869851525316,20.671478263991467
6.233000000000416,0.16707112687409528,-3.2144432675631425,20.671441577283908
6.2340000000004165,0.1698979634264365,-3.223163810203677,20.671403422083408
6.235000000000417,0.1727332585170513,-3.2320318921444144,20.671363872101246
6.236000000000417,0.17557713612501258,-3.241047934094275,20.67132300749978
6.2370000000004175,0.1784297182684344,-3.2502123647478416,20.671280914925163
6.238000000000418,0.18129112514566872,-3.2595256207605283,20.671237687522137
6.239000000000418,0.18416147528188798,-3.268988146721177,20.671193424935343
6.2400000000004185,0.18704088567456062,-3.278600395121643,20.671148233299853
6.241000000000419,0.18992947193583506,-3.288362826325508,20.671102225206297
6.242000000000419,0.19282734843609944,-3.2982759085327107,20.671055519642458
6.2430000000004195,0.1957346284397628,-3.30834011774136,20.671008241918614
6.24400000000042,0.19865142424367263,-3.318555937704618,20.670960523557937
6.24500000000042,0.20157784731058,-3.328923859885141,20.670912502155897
6.2460000000004205,0.20451400838939826,-3.3394443834042633,20.67086432120776
6.247000000000421,0.20746001764541733,-3.350118014982117,20.670816129899656
6.248000000000421,0.2104159847745569,-3.3609452688755117,20.670768082854902
6.2490000000004216,0.2133820191139041,-3.3719266668075876,20.670720339836606
6.250000000000422,0.216358229750918,-3.383062737887575,20.670673065406568
6.251000000000422,0.21934472562326415,-3.394354018523956,20.67062642852819
6.2520000000004226,0.22234161561488547,-3.4058010523269244,20.670580602114313
6.253000000000423,0.22534900864485402,-3.417404390001524,20.670535762522768
6.254000000000423,0.22836701375340973,-3.429164589228125,20.670492088985867
6.2550000000004236,0.2313957401815956,-3.4410822145323667,20.670449762980482
6.256000000000424,0.2344352974445692,-3.453157837141326,20.67040896753142
6.257000000000424,0.237485795403315,-3.465392034827422,20.670369886447286
6.258000000000425,0.24054734432956393,-3.477785391737152,20.670332703486874
6.259000000000425,0.2436200549674482,-3.490338498206735,20.670297601460565
6.260000000000425,0.2467040385922708,-3.5030519505623663,20.670264761262295
6.261000000000426,0.24979940706306977,-3.5159263509037366,20.670234360828157
6.262000000000426,0.2529062728792699,-3.528962306877869,20.670206574037437
6.263000000000426,0.2560247492269412,-3.5421604314301547,20.670181569546063
6.264000000000427,0.25915495002435135,-3.555521342548734,20.670159509560783
6.265000000000427,0.2622969899712474,-3.5690456629905647,20.670140548564547
6.266000000000427,0.26545098459055017,-3.582734019994935,20.6701248319928
6.267000000000428,0.2686170502693668,-3.5965870449874933,20.670112494870086
6.268000000000428,0.27179530430247806,-3.610605373271232,20.67010366042092
6.269000000000428,0.27498586492987315,-3.624789643712681,20.67009843866046
6.270000000000429,0.2781888513764685,-3.6391404984187012,20.670096924980548
6.271000000000429,0.2814043838911731,-3.653658582412361,20.67009919874374
6.272000000000429,0.28463258378196155,-3.668344543306872,20.670105321903705
6.27300000000043,0.28787357345063713,-3.683199030984813,20.670115337662892
6.27400000000043,0.29112747642914794,-3.6982226972811603,20.670129269189285
6.27500000000043,0.29439441741075867,-3.7134161956771132,20.670147118412324
6.276000000000431,0.2976745222810234,-3.7287801810132652,20.67016886491572
6.277000000000431,0.3009679181479009,-3.744315309217405,20.670194464944156
6.278000000000431,0.3042747333641985,-3.7600222370610314,20.67022385055182
6.279000000000432,0.3075950975547955,-3.7759016219439063,20.670256928910494
6.280000000000432,0.31092914163640534,-3.7919541217123323,20.670293581793278
6.281000000000432,0.3142769978310739,-3.8081803945217674,20.67033366525968
6.282000000000433,0.31763879968265274,-3.8245810987428195,20.670377009558187
6.283000000000433,0.3210146820659233,-3.8411568929181303,20.670423419263315
6.284000000000433,0.32440478118938176,-3.8579084357771105,20.67047267365925
6.285000000000434,0.3278092345972834,-3.8748363863118778,20.67052452739398
6.286000000000434,0.33122818116862585,-3.8919414039168965,20.670578711398143
6.287000000000434,0.3346617611071112,-3.909224148600306,20.670634934083616
6.288000000000435,0.29332024527816497,-2.9220824783305117,20.64376850666775
6.289000000000435,-0.014384692818592046,-2.2713991222558856,20.647758558981575
6.290000000000435,-0.011180821897073291,-2.290498567392528,20.657672712841077
6.291000000000436,-0.008474090150118477,-2.309397970275358,20.668263518465626
6.292000000000436,-0.0070133291946546245,-2.316625065141209,20.67093505674705
6.293000000000436,-0.0063022227178204035,-2.321859840159921,20.6709963495503
6.294000000000437,-0.006116120208068662,-2.3289936160769833,20.67105716901063
6.295000000000437,-0.00646053763992465,-2.3380703433109282,20.671117119632854
6.296000000000437,-0.007340358209453203,-2.349114156146338,20.6711758061282
6.297000000000438,-0.008759797000701681,-2.3621303889581453,20.67123283697459
6.298000000000438,-0.010722367378824385,-2.377106772797512,20.67128782809503
6.299000000000438,-0.013230849811301043,-2.3940148031529724,20.67134040661516
6.300000000000439,-0.016287263725743684,-2.4128112718028114,20.671390214664335
6.301000000000439,-0.019892842908613526,-2.433439957868059,20.67143691319275
6.302000000000439,-0.02404801482205697,-2.455833475323101,20.67148018576546
6.30300000000044,-0.02875238413006919,-2.479915276248511,20.671519742298965
6.30400000000044,-0.03400472059775564,-2.505601810970533,20.671555322719747
6.30500000000044,0.04453542027658268,-1.9039898771656736,20.671586700502594
6.306000000000441,0.04061907414434475,-1.9172093934662127,20.67161368607891
6.307000000000441,0.036218106863342946,-1.9313517774049256,20.671636130088686
6.308000000000441,0.031345913431646916,-1.946290928075786,20.671653926451754
6.309000000000442,0.02601643932677679,-1.9619086292132062,20.67166701526658
6.310000000000442,0.020243976426043874,-1.9780986064010406,20.671675385519578
6.311000000000442,0.014042943832050275,-1.9947708178363688,20.67167907760462
6.312000000000443,0.007427653727885931,-2.0118559834043697,20.671678185671
6.313000000000443,0.0004120624129375361,-2.0293103555609884,20.67167285980447
6.314000000000443,-0.006990493319150172,-2.0471207339283004,20.671663308067032
6.315000000000444,0.03667301731682382,-1.8678406146552529,20.67164979842139
6.316000000000444,0.1538371768178589,-1.4736423590615895,20.67163266057536
6.317000000000444,0.2760961619917351,-1.1526132878284205,20.67161228779008
6.318000000000445,0.40351455654141827,-0.9034973449545287,20.671589138691687
6.319000000000445,0.5361309774957657,-0.7274707721295508,20.67156373915333
6.320000000000445,0.6520214467927813,-0.6886012072007857,20.671506752729826
6.321000000000446,-0.0035730301574062404,0.008269513726929084,10.217067870789931
6.322000000000446,-1.825241220810652,-0.48285557971875903,0.0
6.323000000000446,-1.6718254306224778,0.286284938251713,0.0
6.324000000000447,-1.5193854729083769,0.9648079629897861,0.0
6.325000000000447,-1.368058741194009,1.5593142787897918,0.0
6.326000000000447,-1.2180624423396114,2.072928175796151,0.0
6.327000000000448,-1.0696971461893672,2.5055964888804505,0.0
6.328000000000448,-0.9233499107597206,2.8544243130421334,0.0
6.329000000000448,-0.7794972783315945,3.1140504622760403,0.0
6.330000000000449,-0.638708070831487,3.277070491042004,0.0
6.331000000000449,-0.5016455106686166,3.33451883018279,0.0
6.332000000000449,-0.3690677657588747,3.276423748116465,0.0
6.33300000000045,-0.2418255891377106,3.0924485735808322,0.0
6.33400000000045,-0.12085534241232086,2.7726288032480344,0.0
6.33500000000045,-0.04999317588036405,2.519878482685768,0.0
6.336000000000451,0.2919324325016211,2.2848436560851515,0.5269987126118734
6.337000000000451,0.28902799209115376,2.2773755905164226,0.5493881590436756
6.338000000000451,-0.0007131062593380656,2.2189713045722708,0.5608955413157373
6.339000000000452,-0.0014339521532951904,2.21184272617311,0.5813786797688172
6.340000000000452,-0.0018041664675403158,2.2051637002115863,0.6010303520249407
6.341000000000452,-0.0018229202498588216,2.1989408440780016,0.6198501030872281
6.342000000000453,-0.0014901159521705527,2.193179849638162,0.6378381658158521
6.343000000000453,-0.0008064152005463239,2.187885495444317,0.6549954553668661
6.344000000000453,0.00022674056994365435,2.183061661459562,0.671323563020124
6.345000000000454,0.0016071166066239078,2.178711346282077,0.686824749482289
6.346000000000454,0.0033316783778428163,2.1748366868242863,0.701501937733232
6.347000000000454,0.005396592023071965,2.1714389803715735,0.7153587054723332
6.348000000000455,0.00779723151682466,2.168518708916381,0.72839927720597
6.349000000000455,0.010528192290817695,2.166075565630854,0.7406285160067116
6.350000000000455,0.013583311001551407,2.164108483315999,0.7520519149579639
6.351000000000456,0.016955691070632734,2.162615664635184,0.7626755883117551
6.352000000000456,0.020637733583552444,2.161594613921152,0.7725062623415695
6.353000000000456,0.024621173084218767,2.161042170322716,0.78155126590047
6.354000000000457,0.26086076572166605,1.7636310923612595,0.7939939264365234
6.355000000000457,0.6047662657721538,0.891229948176801,0.7736584640037636
6.356000000000457,0.0,0.0,0.0
6.357000000000458,0.0,0.0,0.0
6.358000000000458,0.0,0.0,0.0
6.359000000000458,0.0,0.0,0.0
6.360000000000459,0.0,0.0,0.0
6.361000000000459,0.0,0.0,0.0
6.362000000000459,0.0,0.0,0.0
6.36300000000046,0.0,0.0,0.0
6.36400000000046,0.0,0.0,0.0
6.36500000000046,0.0,0.0,0.0
6.366000000000461,0.0,0.0,0.0
6.367000000000461,0.0,0.0,0.0
6.368000000000461,0.0,0.0,0.0
6.369000000000462,0.0,0.0,0.0
6.370000000000462,0.0,0.0,0.0
6.371000000000462,0.0,0.0,0.0
6.372000000000463,0.0,0.0,0.0
6.373000000000463,0.0,0.0,0.0
6.374000000000463,0.0,0.0,0.0
6.375000000000464,0.0,0.0,0.0
6.376000000000464,0.0,0.0,0.0
6.377000000000464,0.0,0.0,0.0
6.378000000000465,0.0,0.0,0.0
6.379000000000465,0.0,0.0,0.0
6.380000000000465,0.0,0.0,0.0
6.381000000000466,0.0,0.0,0.0
6.382000000000466,0.0,0.0,0.0
6.383000000000466,0.0,0.0,0.0
6.384000000000467,0.0,0.0,0.0
6.385000000000467,0.0,0.0,0.0
6.386000000000467,0.0,0.0,0.0
6.387000000000468,0.0,0.0,0.0
6.388000000000468,0.0,0.0,0.0
6.389000000000468,0.0,0.0,0.0
6.390000000000469,0.0,0.0,0.0
6.391000000000469,0.0,0.0,0.0
6.392000000000469,0.0,0.0,0.0
6.39300000000047,0.0,0.0,0.0
6.39400000000047,0.0,0.0,0.0
6.39500000000047,0.0,0.0,0.0
6.396000000000471,0.0,0.0,0.0
6.397000000000471,0.0,0.0,0.0
6.398000000000471,0.0,0.0,0.0
6.399000000000472,0.0,0.0,0.0
6.400000000000472,0.0,0.0,0.0
6.401000000000472,0.0,0.0,0.0
6.402000000000473,0.0,0.0,0.0
6.403000000000473,0.0,0.0,0.0
6.404000000000473,0.0,0.0,0.0
6.405000000000474,0.0,0.0,0.0
6.406000000000474,0.0,0.0,0.0
6.407000000000474,0.0,0.0,0.0
6.408000000000475,0.0,0.0,0.0
6.409000000000475,0.0,0.0,0.0
6.410000000000475,0.0,0.0,0.0
6.411000000000476,0.0,0.0,0.0
6.412000000000476,0.0,0.0,0.0
6.413000000000476,0.0,0.0,0.0
6.414000000000477,0.0,0.0,0.0
6.415000000000477,0.0,0.0,0.0
6.416000000000477,0.0,0.0,0.0
6.417000000000478,0.0,0.0,0.0
6.418000000000478,0.0,0.0,0.0
6.419000000000478,0.0,0.0,0.0
6.420000000000479,0.0,0.0,0.0
6.421000000000479,0.0,0.0,0.0
6.422000000000479,0.0,0.0,0.0
6.42300000000048,0.0,0.0,0.0
6.42400000000048,0.0,0.0,0.0
6.42500000000048,0.0,0.0,0.0
6.426000000000481,0.0,0.0,0.0
6.427000000000481,0.0,0.0,0.0
6.428000000000481,0.0,0.0,0.0
6.429000000000482,0.0,0.0,0.0
6.430000000000482,0.0,0.0,0.0
6.431000000000482,0.0,0.0,0.0
6.432000000000483,0.0,0.0,0.0
6.433000000000483,0.0,0.0,0.0
6.434000000000483,0.0,0.0,0.0
6.435000000000484,0.0,0.0,0.0
6.436000000000484,0.0,0.0,0.0
6.437000000000484,0.0,0.0,0.0
6.438000000000485,0.0,0.0,0.0
6.439000000000485,0.0,0.0,0.0
6.440000000000485,0.0,0.0,0.0
6.441000000000486,0.0,0.0,0.0
6.442000000000486,0.0,0.0,0.0
6.443000000000486,0.0,0.0,0.0
6.444000000000487,0.0,0.0,0.0
6.445000000000487,0.0,0.0,0.0
6.446000000000487,0.0,0.0,0.0
6.447000000000488,0.0,0.0,0.0
6.448000000000488,0.0,0.0,0.0
6.449000000000488,0.0,0.0,0.0
6.450000000000489,0.0,0.0,0.0
6.451000000000489,0.0,0.0,0.0
6.452000000000489,0.0,0.0,0.0
6.45300000000049,0.0,0.0,0.0
6.45400000000049,0.0,0.0,0.0
6.45500000000049,0.0,0.0,0.0
6.456000000000491,0.0,0.0,0.0
6.457000000000491,0.0,0.0,0.0
6.458000000000491,0.0,0.0,0.0
6.459000000000492,0.0,0.0,0.0
6.460000000000492,0.0,0.0,0.0
6.461000000000492,0.0,0.0,0.0
6.462000000000493,0.0,0.0,0.0
6.463000000000493,0.0,0.0,0.0
6.464000000000493,0.0,0.0,0.0
6.465000000000494,0.0,0.0,0.0
6.466000000000494,0.0,0.0,0.0
6.467000000000494,0.0,0.0,0.0
6.468000000000495,0.0,0.0,0.0
6.469000000000495,0.0,0.0,0.0
6.470000000000495,0.0,0.0,0.0
6.471000000000496,0.0,0.0,0.0
6.472000000000496,0.0,0.0,0.0
6.473000000000496,0.0,0.0,0.0
6.474000000000497,0.0,0.0,0.0
6.475000000000497,0.0,0.0,0.0
6.476000000000497,0.0,0.0,0.0
6.477000000000498,0.0,0.0,0.0
6.478000000000498,0.0,0.0,0.0
6.479000000000498,0.0,0.0,0.0
6.480000000000499,0.0,0.0,0.0
6.481000000000499,0.0,0.0,0.0
6.482000000000499,0.0,0.0,0.0
6.4830000000005,0.0,0.0,0.0
6.4840000000005,0.0,0.0,0.0
6.4850000000005,0.0,0.0,0.0
6.486000000000501,0.0,0.0,0.0
6.487000000000501,0.0,0.0,0.0
6.488000000000501,0.0,0.0,0.0
6.489000000000502,0.0,0.0,0.0
6.490000000000502,0.0,0.0,0.0
6.491000000000502,0.0,0.0,0.0
6.492000000000503,0.0,0.0,0.0
6.493000000000503,0.0,0.0,0.0
6.494000000000503,0.0,0.0,0.0
6.495000000000504,0.0,0.0,0.0
6.496000000000504,0.0,0.0,0.0
6.497000000000504,0.0,0.0,0.0
6.498000000000505,0.0,0.0,0.0
6.499000000000505,0.0,0.0,0.0
6.500000000000505,0.0,0.0,0.0
6.501000000000506,0.0,0.0,0.0
6.502000000000506,0.0,0.0,0.0
6.503000000000506,0.0,0.0,0.0
6.504000000000507,0.0,0.0,0.0
6.505000000000507,0.0,0.0,0.0
6.506000000000507,0.0,0.0,0.0
6.507000000000508,0.0,0.0,0.0
6.508000000000508,0.0,0.0,0.0
6.509000000000508,0.0,0.0,0.0
6.510000000000509,0.0,0.0,0.0
6.511000000000509,0.0,0.0,0.0
6.512000000000509,0.0,0.0,0.0
6.51300000000051,0.0,0.0,0.0
6.51400000000051,0.0,0.0,0.0
6.51500000000051,0.0,0.0,0.0
6.516000000000511,0.0,0.0,0.0
6.517000000000511,0.0,0.0,0.0
6.518000000000511,0.0,0.0,0.0
6.519000000000512,0.0,0.0,0.0
6.520000000000512,0.0,0.0,0.0
6.521000000000512,0.0,0.0,0.0
6.522000000000513,0.0,0.0,0.0
6.523000000000513,0.0,0.0,0.0
6.524000000000513,0.0,0.0,0.0
6.525000000000514,0.0,0.0,0.0
6.526000000000514,0.0,0.0,0.0
6.527000000000514,0.0,0.0,0.0
6.528000000000515,0.0,0.0,0.0
6.529000000000515,0.0,0.0,0.0
6.530000000000515,0.0,0.0,0.0
6.531000000000516,0.0,0.0,0.0
6.532000000000516,0.0,0.0,0.0
6.533000000000516,0.0,0.0,0.0
6.534000000000517,0.0,0.0,0.0
6.535000000000517,0.0,0.0,0.0
6.536000000000517,0.0,0.0,0.0
6.537000000000518,0.0,0.0,0.0
6.538000000000518,0.0,0.0,0.0
6.539000000000518,0.0,0.0,0.0
6.540000000000519,0.0,0.0,0.0
6.541000000000519,0.0,0.0,0.0
6.542000000000519,0.0,0.0,0.0
6.54300000000052,0.0,0.0,0.0
6.54400000000052,0.0,0.0,0.0
6.54500000000052,0.0,0.0,0.0
6.546000000000521,0.0,0.0,0.0
6.547000000000521,0.0,0.0,0.0
6.548000000000521,0.0,0.0,0.0
6.549000000000522,0.0,0.0,0.0
6.550000000000522,0.0,0.0,0.0
6.551000000000522,0.0,0.0,0.0
6.552000000000523,0.0,0.0,0.0
6.553000000000523,0.0,0.0,0.0
6.554000000000523,0.0,0.0,0.0
6.555000000000524,0.0,0.0,0.0
6.556000000000524,0.0,0.0,0.0
6.557000000000524,0.0,0.0,0.0
6.558000000000525,0.0,0.0,0.0
6.559000000000525,0.0,0.0,0.0
6.560000000000525,0.0,0.0,0.0
6.561000000000526,0.0,0.0,0.0
6.562000000000526,0.0,0.0,0.0
6.563000000000526,0.0,0.0,0.0
6.564000000000527,0.0,0.0,0.0
6.565000000000527,0.0,0.0,0.0
6.566000000000527,0.0,0.0,0.0
6.567000000000528,0.0,0.0,0.0
6.568000000000528,0.0,0.0,0.0
6.569000000000528,0.0,0.0,0.0
6.570000000000529,0.0,0.0,0.0
6.571000000000529,0.0,0.0,0.0
6.572000000000529,0.0,0.0,0.0
6.57300000000053,0.0,0.0,0.0
6.57400000000053,0.0,0.0,0.0
6.57500000000053,0.0,0.0,0.0
6.576000000000531,0.0,0.0,0.0
6.577000000000531,0.0,0.0,0.0
6.578000000000531,0.0,0.0,0.0
6.579000000000532,0.0,0.0,0.0
6.580000000000532,0.0,0.0,0.0
6.581000000000532,0.0,0.0,0.0
6.582000000000533,0.0,0.0,0.0
6.583000000000533,0.0,0.0,0.0
6.584000000000533,0.0,0.0,0.0
6.585000000000534,0.0,0.0,0.0
6.586000000000534,0.0,0.0,0.0
6.587000000000534,0.0,0.0,0.0
6.588000000000535,0.6482482363575068,0.816457430647806,0.8079346089147785
6.589000000000535,0.461575113479109,1.6922946040817979,0.8287783655825631
6.590000000000535,0.29789888016718385,2.1095284312900016,0.8143617662066526
6.591000000000536,0.29817976693744686,2.1097909071961416,0.8047248891692526
6.592000000000536,0.2989390785738711,2.110526674720059,0.7944050277415888
6.593000000000536,0.3001866040007217,2.111737525015092,0.7833942283012977
6.594000000000537,0.3019311530157704,2.1134245567688126,0.7716847641411144
6.595000000000537,0.304180515282345,2.115588147945474,0.7592691439546554
6.596000000000537,0.30694142606717245,2.1182279288027948,0.7461401221336974
6.597000000000538,0.3102195392897111,2.1213427563851717,0.7322907109364809
6.598000000000538,0.3140194083917299,2.1249306906740575,0.7177141945555379
6.599000000000538,0.3183444754607694,2.1289889725603883,0.7024041450825108
6.600000000000539,0.32319706896765615,2.1335140037750575,0.68635444036576
6.601000000000539,0.3285784104015585,2.1385013288945864,0.6695592836950026
6.602000000000539,0.3344886300002926,2.1439456195129956,0.652013225221487
6.60300000000054,0.3409267916932093,2.149840660639398,0.633711185031614
6.60400000000054,0.347890927297806,2.1561793393615476,0.6146484777199009
6.60500000000054,0.6491429551654405,2.172524174965164,0.6058265906152167
6.606000000000541,0.658685886240266,2.1781575002374027,0.5849997791939137
6.607000000000541,0.66880481612167,2.1841721292350504,0.5633925701082649
6.608000000000541,0.33230694492285506,2.3676936809458207,0.0
6.609000000000542,0.33287110471347503,2.3321462290728117,0.0
6.610000000000542,0.3018730167477452,2.3793161222047923,0.0
6.611000000000542,0.19761278214544034,2.485594986513931,0.0
6.612000000000543,0.072717753810845,2.4635077021582026,0.0
6.613000000000543,-0.07067421761736695,2.3241280056016733,0.0
6.6140000000005434,-0.23058439394338529,2.0779829589274805,0.0
6.615000000000544,-0.4052613506423528,1.7344821006968494,0.0
6.616000000000544,-0.5932362245348362,1.301434068222881,0.0
6.6170000000005444,-0.7933684261322448,0.7846330781506463,0.0
6.618000000000545,-1.0048845865359735,0.18749928606348032,0.0
6.619000000000545,-1.2274126401219632,-0.4892393007555924,0.0
6.6200000000005454,-1.4610119714752992,-1.2478308415717247,0.0
6.621000000000546,-1.6632592112697697,-1.9969258049601564,0.0
6.622000000000546,0.0019774633732153584,-0.008812734731802916,10.28034042633714
6.6230000000005464,0.841406191793364,0.9144334667057592,20.67004440025152
6.624000000000547,0.6588163581876836,0.6755383789261629,20.670067810272368
6.625000000000547,0.47289218137110467,0.3619426003444586,20.670090991063912
6.6260000000005475,0.2842551510194327,-0.021371511576715463,20.670114537755644
6.627000000000548,0.09313681088061407,-0.4723589897500564,20.670138956911646
6.628000000000548,-0.10054358725996171,-0.9913883318457226,20.67016467210778
6.6290000000005485,-0.2971019400752914,-1.5807116303649673,20.670192029105483
6.630000000000549,-0.40739598028475976,-1.9419511928230146,20.670221300706473
6.631000000000549,-0.400930182758517,-1.92729299692204,20.670252691356147
6.6320000000005495,-0.3947996283229933,-1.912897632957588,20.670286341564694
6.63300000000055,-0.3890199794065412,-1.8988030566945266,20.670322332184845
6.63400000000055,-0.3836101551692902,-1.8850717228705025,20.67036068859086
6.6350000000005505,-0.37859150007815795,-1.871785651812797,20.670401384798197
6.636000000000551,-0.3739869901469615,-1.8590417108477786,20.670444347535316
6.637000000000551,-0.3698204778250433,-1.8469471142014395,20.670489460311465
6.6380000000005515,-0.5647099893059602,-2.462322387116188,20.670536567468616
6.639000000000552,-0.5566169242617125,-2.436838936577062,20.67058547823494
6.640000000000552,-0.5491318591049352,-2.4127398700499536,20.670635970787377
6.6410000000005525,-0.54226383726288,-2.3901015037039954,20.670687796300953
6.642000000000553,-0.5360203205006422,-2.3689929561191194,20.670740682994683
6.643000000000553,-0.5304069203861275,-2.3494736280104886,20.67079434015568
6.6440000000005535,-0.5254271556725227,-2.3315908739168854,20.67084846211732
6.645000000000554,-0.5210822361300064,-2.3153778693451006,20.670902732180885
6.646000000000554,-0.5173708734091261,-2.300851678110522,20.670956826461953
6.6470000000005545,-0.5142891195776342,-2.2880115259959295,20.67101041762595
6.648000000000555,-0.5118302340278325,-2.2768372883571093,20.671063178505708
6.649000000000555,-0.5099845795069697,-2.267288200724427,20.671114785565035
6.6500000000005555,-0.5087395480540773,-2.2593018028432343,20.671164922185945
6.651000000000556,-0.508079517658837,-2.252793127767923,20.671213281765617
6.652000000000556,-0.5079858404384774,-2.247654148503915,20.67125957059217
6.6530000000005565,-0.508436863086979,-2.2437534951594724,20.671303510484563
6.654000000000557,-0.5091665977912336,-2.2369221635750325,20.669136003594552
6.655000000000557,-0.30428683098506226,-2.8942335849817793,20.666178688186534
6.6560000000005575,-0.3351271880186576,-3.929236840570939,20.671418735925645
6.657000000000558,-0.3316770288814256,-3.911692316936683,20.671450886709827
6.658000000000558,-0.3282427822729459,-3.8943289714004052,20.67147960456935
6.6590000000005585,-0.32482427197614233,-3.8771458708165545,20.671504744951527
6.660000000000559,-0.32142132059772965,-3.8601421009215775,20.67152618965886
6.661000000000559,-0.31803374948399166,-3.8433167662115637,20.671543847251904
6.6620000000005595,-0.3146613786507807,-3.8266689897564845,20.671557653181562
6.66300000000056,-0.31130402674367547,-3.8101979129542967,20.671567569654933
6.66400000000056,-0.3079615110204899,-3.7939026952329287,20.67157358525456
6.6650000000005605,-0.30463364735955833,-3.777782513705818,20.671575714332924
6.666000000000561,-0.30132025028387976,-3.761836562785306,20.67157399618985
6.667000000000561,-0.2980211330133405,-3.7460640537594636,20.671568494056558
6.6680000000005615,-0.29473610753668317,-3.730464214340282,20.671559293916907
6.669000000000562,-0.29146498469984594,-3.715036288187476,20.671546503175293
6.670000000000562,-0.2882075743164443,-3.6997795344092275,20.67153024919768
6.6710000000005625,-0.2849636852916976,-3.684693227055259,20.671510677752387
6.672000000000563,-0.28173312576320453,-3.6697766545986195,20.671487951370658
6.673000000000563,-0.2785157032544474,-3.655029119410003,20.671462247643085
6.6740000000005635,-0.2753112248409464,-3.6404499372379684,20.67143375748426
6.675000000000564,-0.27211949732721075,-3.6260384366886207,20.671402683372115
6.676000000000564,-0.2689403274317129,-3.6117939587152077,20.67136923758831
6.6770000000005645,-0.26577352197594556,-3.5977158561181617,20.671333640479332
6.678000000000565,-0.2626188880833027,-3.5838034930597047,20.6712961187433
6.679000000000565,-0.2594762333802186,-3.5700562445925046,20.67125690376385
6.6800000000005655,-0.2563453662012305,-3.556473496206523,20.671216230003104
6.681000000000566,-0.2532260957900222,-3.5430546433975674,20.67117433346427
6.682000000000566,-0.2501182325063227,-3.5297990912542936,20.671131450222564
6.6830000000005665,-0.24702158803038354,-3.516706254067058,20.67108781504824
6.684000000000567,-0.2439359755605245,-3.5037755549606313,20.671043660117203
6.685000000000567,-0.24086121001369948,-3.4910064255473365,20.67099921380975
6.6860000000005675,-0.23779710821594785,-3.478398305603519,20.670954699609474
6.687000000000568,-0.23474348909274095,-3.4659506427694655,20.670910335100693
6.688000000000568,-0.2317001738487754,-3.4536628922676607,20.67086633105821
6.6890000000005685,-0.22866698614459738,-3.4415345166478346,20.670822890638007
6.690000000000569,-0.22564375226558592,-3.429564985548547,20.670780208660993
6.691000000000569,-0.22263030127988398,-3.417753775477543,20.670738470990905
6.6920000000005695,-0.21962646519400325,-3.4061003696159435,20.670697853999027
6.69300000000057,-0.21663207909296633,-3.3946042576352733,20.670658524116753
6.69400000000057,-0.21364698127567333,-3.3832649355340463,20.670620637470396
6.6950000000005705,-0.21067101338372932,-3.3720819054895848,20.67058433958801
6.696000000000571,-0.2077040205126433,-3.3610546757234685,20.670549765186305
6.697000000000571,-0.20474585131664075,-3.350182760382482,20.670517038018573
6.6980000000005715,-0.2017963581055552,-3.3394656794294226,20.670486270786256
6.699000000000572,-0.19885539692888393,-3.3289029585473338,20.670457565111015
6.700000000000572,-0.19592282764935004,-3.318494129054381,20.670431011556047
6.7010000000005725,-0.19299851400090723,-3.3082387278273595,20.670406689696293
6.702000000000573,-0.19008232364337554,-3.29813629723383,20.67038466822959
6.703000000000573,-0.18717412819998144,-3.2881863850727733,20.670365005127625
6.7040000000005735,-0.18427380328114445,-3.27838854452159,20.670347747823307
6.705000000000574,-0.18138122850155874,-3.2687423340905424,20.670332933419544
6.706000000000574,-0.1784962874808343,-3.2592473175829086,20.670320588932242
6.7070000000005745,-0.17561886782946334,-3.2499030640586515,20.6703107315532
6.708000000000575,-0.17274886112606425,-3.2407091478053767,20.6703033689261
6.709000000000575,-0.16988616287950725,-3.231665148312049,20.670298499444375
6.7100000000005755,-0.16703067247435383,-3.2227706502467504,20.67029611255976
6.711000000000576,-0.16418229310701205,-3.2140252434402594,20.670296189100355
6.712000000000576,-0.16134093170605096,-3.205428522870329,20.670298701593804
6.7130000000005765,-0.15850649883516613,-3.196980088650892,20.670303614600684
6.714000000000577,-0.15567890858575698,-3.1886795460246375,20.67031088504767
6.715000000000577,-0.15285807845655291,-3.1805265053591536,20.670320462562362
6.7160000000005775,-0.15004392921212917,-3.1725205821453755,20.67033228981366
6.717000000000578,-0.14723638473248343,-3.1646613969996444,20.670346302844095
6.718000000000578,-0.14443537184768473,-3.1569485756702074,20.670362431405096
6.7190000000005785,-0.14164082015668164,-3.1493817490453946,20.670380599288464
6.720000000000579,-0.13885266183528117,-3.1419605531677233,20.670400724652808
6.721000000000579,-0.13607083142627044,-3.13468462924976,20.670422720350384
6.7220000000005795,-0.13329526562024552,-3.127553623695845,20.670446494243066
6.72300000000058,-0.13052590302479336,-3.1205671881270405,20.670471949522216
6.72400000000058,-0.12776268391970397,-3.113724979409927,20.670498985018774
6.7250000000005805,-0.12500555000110827,-3.1070266596926,20.670527495506622
6.726000000000581,-0.12225444411847308,-3.100471896443692,20.670557372010336
6.727000000000581,-0.11950930999820983,-3.094060362497273,20.670588502102063
6.7280000000005815,-0.11677009196587548,-3.087791736103188,20.670620770196024
6.729000000000582,-0.11403673465477454,-3.0816657009836734,20.67065405784443
6.730000000000582,-0.1113091827114549,-3.075681946395741,20.6706882440286
6.7310000000005825,-0.10858738050302294,-3.06984016720062,20.670723205445515
6.732000000000583,-0.1058712718117836,-3.0641400639381877,20.67075881680184
6.733000000000583,-0.10316079953624605,-3.0585813429100783,20.670794951103076
6.7340000000005835,-0.10045590538931481,-3.0531637162700505,20.670831479945267
6.735000000000584,-0.09775652960304043,-3.04788690211961,20.6708682738139
6.736000000000584,-0.09506261063018173,-3.0427506246126934,20.670905202380517
6.7370000000005845,-0.0923740848568878,-3.03775461406976,20.670942134813956
6.738000000000585,-0.08969088632359937,-3.032898607096908,20.67097894009387
6.739000000000585,-0.08701294645081792,-3.0281823467142535,20.67101548733524
6.7400000000005855,-0.08434019377984475,-3.023605582495001,20.671051646125814
6.741000000000586,-0.08167255372147872,-3.019168070710233,20.671087286876382
6.742000000000586,-0.07900994832430794,-3.0148695744845213,20.671122281189625
6.7430000000005865,-0.07635229605741528,-3.0107098639603516,20.671156502243427
6.744000000000587,-0.0736995116082709,-3.0066887164713854,20.67118982519902
6.745000000000587,-0.07105150569919672,-3.002805916726209,20.671222127633776
6.7460000000005875,-0.0684081849279902,-2.999061257001881,20.67125328999711
6.747000000000588,-0.06576945162668749,-2.9954545373473422,20.671283196101342
6.748000000000588,-0.06313520374246664,-2.9919855657984478,20.671311733641712
6.7490000000005885,-0.06050533474568792,-2.9886541586031994,20.671338794755577
6.750000000000589,-0.05787973355546483,-2.9854601404575196,20.67136427662218
6.751000000000589,-0.05525828449558884,-2.9824033447548306,20.671388082105313
6.7520000000005895,-0.05264086727423223,-2.9794836138476066,20.67141012044607
6.75300000000059,-0.05002735698798058,-2.9767007993199077,20.671430308002265
6.75400000000059,-0.04741762415456993,-2.9740547622748634,20.67144856904799
6.7550000000005905,-0.04481153476922259,-2.9715453736358546,20.671464836631092
6.756000000000591,-0.042208950384063665,-2.9691725144625685,20.671479053493144
6.757000000000591,-0.039609728218911094,-2.9669360762823613,20.671491173055568
6.7580000000005915,-0.037013721298603405,-2.9648359614370867,20.67150116047663
6.759000000000592,-0.03442077860645805,-2.9628720834482154,20.67150899378249
6.760000000000592,-0.03183074527207279,-2.9610443673976627,20.671514665071413
6.7610000000005925,-0.029243462780823473,-2.959352750329348,20.671518181797406
6.762000000000593,-0.02665876920612764,-2.9577971816694486,20.671519568136564
6.763000000000593,-0.024076499465636697,-2.9563776236667225,20.671518866429533
6.7640000000005935,-0.02149648560303037,-2.9550940518547497,20.671516138705627
6.765000000000594,-0.018918557094761326,-2.953946455534827,20.671511468289548
6.766000000000594,-0.016342541177764736,-2.9529348382840963,20.671504961480842
6.7670000000005945,-0.013768263203974639,-2.952059218485781,20.67149674930741
6.768000000000595,-0.011195547016016362,-2.951319629883724,20.67148698934946
6.769000000000595,-0.008624215353443009,-2.9507161221636915,20.671475867619897
6.7700000000005955,-0.0060540902841665495,-2.9502487615581945,20.671463600491848
6.771000000000596,-0.0034849936628660247,-2.94991763147741,20.67145043667015
6.772000000000596,-0.0009315240222124294,-2.9497213667752566,20.671430899182454
6.7730000000005965,0.0016204056803336836,-2.949662064670215,20.671410939427133
6.774000000000597,0.004216776736117429,-2.9497432681014324,20.671408428730768
6.775000000000597,0.006841897623181971,-2.949961763860541,20.671416819793976
6.7760000000005975,0.009465359546058864,-2.950314712579565,20.671424506126424
6.777000000000598,0.012087300462190823,-2.950802309823122,20.671431814872143
6.778000000000598,0.01470785636438051,-2.951424737107793,20.671439023083927
6.7790000000005985,0.017327162102987348,-2.9521821633957446,20.67144636163776
6.780000000000599,0.019945352145467762,-2.953074746507062,20.671454019041313
6.781000000000599,0.022562561269856715,-2.95410263445787,20.67146214510999
6.7820000000005995,0.02517892519272169,-2.95526596672532,20.671470854496665
6.7830000000006,0.0277945811323057,-2.9565648754394207,20.671480230058485
6.7840000000006,0.03040966830189356,-2.957999486507698,20.671490326054318
6.7850000000006006,0.03302432833788474,-2.9595699206769384,20.67150117116816
6.786000000000601,0.035638705664839045,-2.9612762945301503,20.671512771346904
6.787000000000601,0.038252947795740996,-2.9631187214241876,20.67152511246763
6.7880000000006016,0.04086720557105422,-2.9650973123728113,20.67153816281748
6.789000000000602,0.04348163333699527,-2.9672121768734256,20.67155187539736
6.790000000000602,0.04609638906934074,-2.9694634236827224,20.671566190059394
6.7910000000006026,0.048711634438337745,-2.9718511615445595,20.671581035470734
6.792000000000603,0.05132753482677731,-2.9743754998702725,20.67159633091915
6.793000000000603,0.05394425929684277,-2.9770365493740085,20.671611987965054
6.794000000000604,0.05656198051200177,-2.9798344226679094,20.671627911949404
6.795000000000604,0.0591808746190043,-2.982769234817133,20.671644003359
6.796000000000604,0.06180112108897054,-2.9858411038557033,20.671660159064736
6.797000000000605,0.06442290252923748,-2.9890501512680325,20.671676273435484
6.798000000000605,0.06704640445667064,-2.992396502436163,20.671692239339794
6.799000000000605,0.06967181505327341,-2.995880287054965,20.67170794904601
6.800000000000606,0.07229932489283959,-2.999501639516856,20.671723295016438
6.801000000000606,0.07492912665027729,-3.0032606992681297,20.671738170619054
6.802000000000606,0.07756141479544902,-3.0071576111376137,20.67175247075303
6.803000000000607,0.08019638527789837,-3.011192525639501,20.671766092402446
6.804000000000607,0.08283423519899821,-3.015365599253246,20.67177893512109
6.805000000000607,0.08547516248068883,-3.0196769946788473,20.671790901455246
6.806000000000608,0.08811936553753234,-3.024126881070403,20.671801897313227
6.807000000000608,0.09076704294217991,-3.02871543425101,20.671811832282426
6.808000000000608,0.09341839310433794,-3.0334428369075437,20.67182061990824
6.809000000000609,0.096073613950646,-3.0383092787650807,20.671828177931946
6.810000000000609,0.098732902616546,-3.043314956747138,20.671834428492495
6.811000000000609,0.10139645515305411,-3.0484600751204693,20.67183929830407
6.81200000000061,0.10406446624273452,-3.0537448456208085,20.67184271880577
6.81300000000061,0.10673712893630453,-3.059169487567547,20.671844626289776
6.81400000000061,0.10941463440621302,-3.064734227965963,20.67184496201473
6.815000000000611,0.11209717171610735,-3.070439301594245,20.671843672299097
6.816000000000611,0.11478492761336764,-3.076284951081772,20.67184070860751
6.817000000000611,0.11747808634209152,-3.0822714269758653,20.671836027627062
6.818000000000612,0.12017682947898699,-3.0883989877975746,20.67182959133202
6.819000000000612,0.12288133578568343,-3.094667900091923,20.671821367047308
6.820000000000612,0.1255917810911876,-3.1010784384662333,20.671811327508923
6.821000000000613,0.12830833819111911,-3.1076308856213535,20.671799450917987
6.822000000000613,0.13103117676794274,-3.1143255323796577,20.67178572099695
6.823000000000613,0.1337604633367581,-3.1211626777029564,20.67177012704523
6.824000000000614,0.1364963612085904,-3.128142628705599,20.671752663994265
6.825000000000614,0.13923903047574465,-3.1352657006644122,20.67173333246531
6.826000000000614,0.14198862801617096,-3.142532217022265,20.671712138826514
6.827000000000615,0.14474530751210404,-3.1499425093881666,20.671689095256568
6.828000000000615,0.14750921948917617,-3.157496917534882,20.67166421980345
6.829000000000615,0.15028051137711274,-3.16519578939175,20.67163753644823
6.830000000000616,0.15305932757210816,-3.1730394810365046,20.67160907517149
6.831000000000616,0.1558458095226961,-3.18102835668384,20.671578872017143
6.832000000000616,0.15864009582574315,-3.1891627886716107,20.671546969158207
6.833000000000617,0.16144232232995853,-3.1974431574462665,20.671513414958685
6.834000000000617,0.16425262225168105,-3.205869851546224,20.671478264037837
6.835000000000617,0.16707112629956952,-3.2144432675830785,20.671441577327695
6.836000000000618,0.16989796280165564,-3.2231638102224114,20.671403422123788
6.837000000000618,0.17273325784071225,-3.232031892162351,20.67136387213823
6.838000000000618,0.17557713539750747,-3.241047934110962,20.67132300753547
6.839000000000619,0.17842971748907696,-3.250212364763529,20.671280914958235
6.840000000000619,0.18129112431477942,-3.2595256207754755,20.671237687552296
6.841000000000619,0.18416147439951117,-3.2689881467355573,20.671193424963718
6.84200000000062,0.1870408847398596,-3.278600395135442,20.671148233326274
6.84300000000062,0.1899294709496669,-3.2883628263388975,20.671102225230385
6.84400000000062,0.19282734739837626,-3.298275908546369,20.671055519664954
6.845000000000621,0.1957346273510293,-3.308340117754954,20.6710082419402
6.846000000000621,0.19865142310548356,-3.318555937718693,20.670960523578465
6.847000000000621,0.20157784612281054,-3.3289238599005846,20.670912502175277
6.848000000000622,0.20451400715385046,-3.339444383420728,20.67086432122721
6.849000000000622,0.20746001636320394,-3.350118015000088,20.67081612991947
6.850000000000622,0.21041598344645296,-3.360945268895505,20.670768082874204
6.851000000000623,0.21338201774137203,-3.3719266668297183,20.670720339856203
6.852000000000623,0.2163582283360704,-3.383062737912492,20.670673065428055
6.853000000000623,0.21934472416756948,-3.394354018551948,20.670626428550257
6.854000000000624,0.22234161411973352,-3.4058010523586058,20.67058060213755
6.855000000000624,0.225349007112618,-3.417404390037359,20.670535762547942
6.856000000000624,0.22836701218565714,-3.429164589268408,20.670492089012328
6.857000000000625,0.23139573858103668,-3.441082214577593,20.670449763008556
6.858000000000625,0.23443529581418449,-3.4531578371921356,20.67040896756209
6.859000000000625,0.23748579374510453,-3.465392034884238,20.670369886479733
6.860000000000626,0.24054734264581273,-3.4777853918003427,20.67033270352093
6.861000000000626,0.24362005326084105,-3.490338498276751,20.67029760149689
6.862000000000626,0.24670403686497538,-3.5030519506398834,20.670264761300402
6.863000000000627,0.24979940531843395,-3.515926350989238,20.67023436086892
6.864000000000627,0.252906271120601,-3.5289623069713025,20.6702065740803
6.865000000000627,0.25602474745663817,-3.5421604315328077,20.670181569590017
6.866000000000628,0.2591549482451609,-3.5555213426605974,20.670159509605757
6.867000000000628,0.2622969881862302,-3.5690456631118748,20.670140548610902
6.868000000000628,0.2654509828032252,-3.5827340201264235,20.670124832039576
6.869000000000629,0.268617048483049,-3.5965870451289113,20.670112494916907
6.870000000000629,0.2717953025195444,-3.6106053734231813,20.670103660468115
6.871000000000629,0.27498586315360696,-3.624789643875681,20.670098438706766
6.87200000000063,0.2781888496106064,-3.639140498592841,20.6700969250249
6.87300000000063,0.28140438213852653,-3.653658582597812,20.670099198785884
6.87400000000063,0.28463258204552544,-3.6683445435042477,20.67010532194317
6.875000000000631,0.2878735717337375,-3.683199031194005,20.67011533769951
6.876000000000631,0.29112747473419254,-3.6982226975014565,20.67012926922126
6.877000000000631,0.29439441574039515,-3.7134161959092324,20.670147118438493
6.878000000000632,0.29767452063853217,-3.7287801812571684,20.67016886493584
6.879000000000632,0.300967916535486,-3.7443153094731016,20.670194464956904
6.880000000000632,0.3042747317851784,-3.7600222373287995,20.670223850557203
6.881000000000633,0.30759509601199864,-3.7759016222227926,20.67025692890677
6.882000000000633,0.3109291401316905,-3.791954122002557,20.67029358177972
6.883000000000633,0.31427699636608,-3.808180394823059,20.670333665236715
6.884000000000634,0.31763879825933766,-3.824581099054425,20.670377009523506
6.885000000000634,0.32101468068647965,-3.8411568932394786,20.67042341921534
6.886000000000634,0.3244047798556621,-3.857908436108419,20.670472673599363
6.887000000000635,0.32780923331069706,-3.8748363866526097,20.67052452732063
6.888000000000635,0.3312281799290645,-3.8919414042662543,20.670578711309872
6.889000000000635,0.33466175991581126,-3.909224148957083,20.670634933981752
6.890000000000636,0.29331715775608025,-2.922083285843134,20.643766686117644
6.891000000000636,-0.014388884703019439,-2.271401576573968,20.647756745717565
6.892000000000636,-0.01118502124995259,-2.290501023665746,20.657670892061468
6.893000000000637,-0.008478297108825382,-2.3094004283645444,20.668261691783602
6.894000000000637,-0.007018077666215372,-2.3166303241164474,20.670935056569093
6.895000000000637,-0.006307941496356793,-2.3218653693656375,20.670996349356507
6.896000000000638,-0.006122867166500449,-2.3289994550780153,20.67105716880235
6.897000000000638,-0.006468370793630801,-2.338076532133473,20.67111711941196
6.898000000000638,-0.0073493357065057,-2.3491207352042185,20.671175805893064
6.899000000000639,-0.008769977117717515,-2.362137398982493,20.67123283672636
6.900000000000639,-0.010733808516130205,-2.3771142547694777,20.671287827835577
6.901000000000639,-0.013243610489410217,-2.39402279823992,20.671340406344513
6.90200000000064,-0.016301402586107683,-2.4128198212979255,20.671390214384893
6.90300000000064,-0.01990841870918727,-2.433449103132543,20.671436912905993
6.90400000000064,-0.024065086433146046,-2.4558432577290192,20.67148018547224
6.905000000000641,-0.02877101052919758,-2.4799257371233687,20.671519742001284
6.906000000000641,-0.034024960859103726,-2.50561299154129,20.671555322418392
6.907000000000641,0.04451152829631173,-1.9040066687758221,20.671586700199686
6.908000000000642,0.04059324506550163,-1.9172272988847108,20.671613685777785
6.909000000000642,0.0361902747436114,-1.931370848878725,20.671636129790443
6.910000000000642,0.03131601239307167,-1.9463112173383221,20.67165392615794
6.911000000000643,0.02598440358626757,-1.9619301874251858,20.67166701497976
6.912000000000643,0.020209740329638574,-1.978121484096009,20.671675385241443
6.913000000000643,0.014006441893920332,-1.9947950648673396,20.671679077338393
6.914000000000644,0.007388820675646075,-2.0118816488930573,20.671678185418315
6.915000000000644,0.0003708332329009044,-2.029337487856167,20.671672859567554
6.916000000000644,-0.007034183329647746,-2.0471493805693166,20.671663307847453
6.917000000000645,0.03656448323373669,-1.8679264053323343,20.67164979822171
6.918000000000645,0.1535869737993865,-1.4738159359401908,20.671632660399386
6.919000000000645,0.2756987770013473,-1.152879040206215,20.67161228763773
6.920000000000646,0.4029646064998872,-0.9038594078426789,20.671589138565672
6.921000000000646,0.5354231848994351,-0.7279330682159593,20.671563739055927
6.922000000000646,0.6511818108919198,-0.689147650806972,20.671506752673338
6.923000000000647,-0.0035727394464720747,0.008269526784761736,10.217068359294345
6.924000000000647,-1.8231324441874266,-0.48150444428319616,0.0
6.925000000000647,-1.6698907542549037,0.2875245829114501,0.0
6.926000000000648,-1.517623299042186,0.965936038037956,0.0
6.927000000000648,-1.366467187139083,1.5603309941447598,0.0
6.928000000000648,-1.2166393742734372,2.0738339826181456,0.0
6.929000000000649,-1.0684401982519702,2.5063920619223277,0.0
6.930000000000649,-0.922256489270644,2.8551105629089593,0.0
6.931000000000649,-0.7785645505996425,3.1146285781055605,0.0
6.93200000000065,-0.6379329377111769,3.2775420142807983,0.0
6.93300000000065,-0.5010245622220737,3.334885759275139,0.0
6.93400000000065,-0.3685972197836473,3.276688672080197,0.0
6.935000000000651,-0.24150121339487018,3.0926148297031486,0.0
6.936000000000651,-0.12067236275959314,2.772700649987469,0.0
6.937000000000651,-0.049903775782193835,2.5199329554439736,0.0
6.938000000000652,0.2919388591088383,2.2848460252809106,0.527000467785733
6.939000000000652,0.2890344066279069,2.277377952170369,0.5493899441006524
6.940000000000652,-0.0007069733381988332,2.2189713186671725,0.5608969016998426
6.941000000000653,-0.001427829574038528,2.2118427391109243,0.5813800644272309
6.942000000000653,-0.0017980546311903087,2.205163711698429,0.601031757854744
6.943000000000653,-0.0018168195317833152,2.1989408538275725,0.6198515270654454
6.944000000000654,-0.0014840267015345148,2.1931798573721486,0.6378396049993729
6.945000000000654,-0.0008003377426290502,2.1878855008921807,0.6549969068947397
6.946000000000654,0.00023280593489215066,2.183061664358806,0.6713250241152355
6.947000000000655,0.001613169602896313,2.1787113463797865,0.68682621744779
6.948000000000655,0.00333771875408425,2.174836683876257,0.7015034099568188
6.949000000000655,0.005402619551034168,2.171438974143388,0.7153601794260044
6.950000000000656,0.007803245992599931,2.1685186991832266,0.7284007504479004
6.951000000000656,0.010534193534541785,2.166075552178139,0.7406299861787526
6.952000000000656,0.013589298855610707,2.1641084659399468,0.7520533797876534
6.953000000000657,0.01696166540178627,2.1626156431421366,0.7626770456150447
6.954000000000657,0.020643694281035338,2.1615945881288905,0.772507710018758
6.955000000000657,0.02462712005937809,2.161042140059185,0.781552701942231
6.956000000000658,0.26086605762166387,1.7636324208599192,0.7939956247507585
6.957000000000658,0.6047693450832642,0.8912314796407359,0.7736609764725824
6.958000000000658,0.0,0.0,0.0
6.959000000000659,0.0,0.0,0.0
6.960000000000659,0.0,0.0,0.0
6.961000000000659,0.0,0.0,0.0
6.96200000000066,0.0,0.0,0.0
6.96300000000066,0.0,0.0,0.0
6.96400000000066,0.0,0.0,0.0
6.965000000000661,0.0,0.0,0.0
6.966000000000661,0.0,0.0,0.0
6.967000000000661,0.0,0.0,0.0
6.968000000000662,0.0,0.0,0.0
6.969000000000662,0.0,0.0,0.0
6.970000000000662,0.0,0.0,0.0
6.971000000000663,0.0,0.0,0.0
6.972000000000663,0.0,0.0,0.0
6.973000000000663,0.0,0.0,0.0
6.974000000000664,0.0,0.0,0.0
6.975000000000664,0.0,0.0,0.0
6.976000000000664,0.0,0.0,0.0
6.977000000000665,0.0,0.0,0.0
6.978000000000665,0.0,0.0,0.0
6.979000000000665,0.0,0.0,0.0
6.980000000000666,0.0,0.0,0.0
6.981000000000666,0.0,0.0,0.0
6.982000000000666,0.0,0.0,0.0
6.983000000000667,0.0,0.0,0.0
6.984000000000667,0.0,0.0,0.0
6.985000000000667,0.0,0.0,0.0
6.986000000000668,0.0,0.0,0.0
6.987000000000668,0.0,0.0,0.0
6.988000000000668,0.0,0.0,0.0
6.989000000000669,0.0,0.0,0.0
6.990000000000669,0.0,0.0,0.0
6.991000000000669,0.0,0.0,0.0
6.99200000000067,0.0,0.0,0.0
6.99300000000067,0.0,0.0,0.0
6.99400000000067,0.0,0.0,0.0
6.995000000000671,0.0,0.0,0.0
6.996000000000671,0.0,0.0,0.0
6.997000000000671,0.0,0.0,0.0
6.998000000000672,0.0,0.0,0.0
6.999000000000672,0.0,0.0,0.0
7.000000000000672,0.0,0.0,0.0
7.001000000000673,0.0,0.0,0.0
7.002000000000673,0.0,0.0,0.0
7.003000000000673,0.0,0.0,0.0
7.004000000000674,0.0,0.0,0.0
7.005000000000674,0.0,0.0,0.0
7.006000000000674,0.0,0.0,0.0
7.007000000000675,0.0,0.0,0.0
7.008000000000675,0.0,0.0,0.0
7.009000000000675,0.0,0.0,0.0
7.010000000000676,0.0,0.0,0.0
7.011000000000676,0.0,0.0,0.0
7.012000000000676,0.0,0.0,0.0
7.013000000000677,0.0,0.0,0.0
7.014000000000677,0.0,0.0,0.0
7.015000000000677,0.0,0.0,0.0
7.016000000000678,0.0,0.0,0.0
7.017000000000678,0.0,0.0,0.0
7.018000000000678,0.0,0.0,0.0
7.019000000000679,0.0,0.0,0.0
7.020000000000679,0.0,0.0,0.0
7.021000000000679,0.0,0.0,0.0
7.02200000000068,0.0,0.0,0.0
7.02300000000068,0.0,0.0,0.0
7.02400000000068,0.0,0.0,0.0
7.025000000000681,0.0,0.0,0.0
7.026000000000681,0.0,0.0,0.0
7.027000000000681,0.0,0.0,0.0
7.028000000000682,0.0,0.0,0.0
7.029000000000682,0.0,0.0,0.0
7.030000000000682,0.0,0.0,0.0
7.031000000000683,0.0,0.0,0.0
7.032000000000683,0.0,0.0,0.0
7.033000000000683,0.0,0.0,0.0
7.034000000000684,0.0,0.0,0.0
7.035000000000684,0.0,0.0,0.0
7.036000000000684,0.0,0.0,0.0
7.037000000000685,0.0,0.0,0.0
7.038000000000685,0.0,0.0,0.0
7.039000000000685,0.0,0.0,0.0
7.040000000000686,0.0,0.0,0.0
7.041000000000686,0.0,0.0,0.0
7.042000000000686,0.0,0.0,0.0
7.043000000000687,0.0,0.0,0.0
7.044000000000687,0.0,0.0,0.0
7.045000000000687,0.0,0.0,0.0
7.046000000000688,0.0,0.0,0.0
7.047000000000688,0.0,0.0,0.0
7.048000000000688,0.0,0.0,0.0
7.049000000000689,0.0,0.0,0.0
7.050000000000689,0.0,0.0,0.0
7.051000000000689,0.0,0.0,0.0
7.05200000000069,0.0,0.0,0.0
7.05300000000069,0.0,0.0,0.0
7.05400000000069,0.0,0.0,0.0
7.055000000000691,0.0,0.0,0.0
7.056000000000691,0.0,0.0,0.0
7.057000000000691,0.0,0.0,0.0
7.058000000000692,0.0,0.0,0.0
7.059000000000692,0.0,0.0,0.0
7.060000000000692,0.0,0.0,0.0
7.061000000000693,0.0,0.0,0.0
7.062000000000693,0.0,0.0,0.0
7.063000000000693,0.0,0.0,0.0
7.064000000000694,0.0,0.0,0.0
7.065000000000694,0.0,0.0,0.0
7.066000000000694,0.0,0.0,0.0
7.067000000000695,0.0,0.0,0.0
7.068000000000695,0.0,0.0,0.0
7.069000000000695,0.0,0.0,0.0
7.070000000000696,0.0,0.0,0.0
7.071000000000696,0.0,0.0,0.0
7.072000000000696,0.0,0.0,0.0
7.073000000000697,0.0,0.0,0.0
7.074000000000697,0.0,0.0,0.0
7.075000000000697,0.0,0.0,0.0
7.076000000000698,0.0,0.0,0.0
7.077000000000698,0.0,0.0,0.0
7.078000000000698,0.0,0.0,0.0
7.079000000000699,0.0,0.0,0.0
7.080000000000699,0.0,0.0,0.0
7.081000000000699,0.0,0.0,0.0
7.0820000000007,0.0,0.0,0.0
7.0830000000007,0.0,0.0,0.0
7.0840000000007,0.0,0.0,0.0
7.085000000000701,0.0,0.0,0.0
7.086000000000701,0.0,0.0,0.0
7.087000000000701,0.0,0.0,0.0
7.088000000000702,0.0,0.0,0.0
7.089000000000702,0.0,0.0,0.0
7.090000000000702,0.0,0.0,0.0
7.091000000000703,0.0,0.0,0.0
7.092000000000703,0.0,0.0,0.0
7.093000000000703,0.0,0.0,0.0
7.094000000000704,0.0,0.0,0.0
7.095000000000704,0.0,0.0,0.0
7.096000000000704,0.0,0.0,0.0
7.097000000000705,0.0,0.0,0.0
7.098000000000705,0.0,0.0,0.0
7.099000000000705,0.0,0.0,0.0
7.100000000000706,0.0,0.0,0.0
7.101000000000706,0.0,0.0,0.0
7.102000000000706,0.0,0.0,0.0
7.103000000000707,0.0,0.0,0.0
7.104000000000707,0.0,0.0,0.0
7.105000000000707,0.0,0.0,0.0
7.106000000000708,0.0,0.0,0.0
7.107000000000708,0.0,0.0,0.0
7.108000000000708,0.0,0.0,0.0
7.109000000000709,0.0,0.0,0.0
7.110000000000709,0.0,0.0,0.0
7.111000000000709,0.0,0.0,0.0
7.11200000000071,0.0,0.0,0.0
7.11300000000071,0.0,0.0,0.0
7.11400000000071,0.0,0.0,0.0
7.115000000000711,0.0,0.0,0.0
7.116000000000711,0.0,0.0,0.0
7.117000000000711,0.0,0.0,0.0
7.118000000000712,0.0,0.0,0.0
7.119000000000712,0.0,0.0,0.0
7.120000000000712,0.0,0.0,0.0
7.121000000000713,0.0,0.0,0.0
7.122000000000713,0.0,0.0,0.0
7.123000000000713,0.0,0.0,0.0
7.124000000000714,0.0,0.0,0.0
7.125000000000714,0.0,0.0,0.0
7.126000000000714,0.0,0.0,0.0
7.127000000000715,0.0,0.0,0.0
7.128000000000715,0.0,0.0,0.0
7.129000000000715,0.0,0.0,0.0
7.130000000000716,0.0,0.0,0.0
7.131000000000716,0.0,0.0,0.0
7.132000000000716,0.0,0.0,0.0
7.133000000000717,0.0,0.0,0.0
7.134000000000717,0.0,0.0,0.0
7.135000000000717,0.0,0.0,0.0
7.136000000000718,0.0,0.0,0.0
7.137000000000718,0.0,0.0,0.0
7.138000000000718,0.0,0.0,0.0
7.139000000000719,0.0,0.0,0.0
7.140000000000719,0.0,0.0,0.0
7.141000000000719,0.0,0.0,0.0
7.14200000000072,0.0,0.0,0.0
7.14300000000072,0.0,0.0,0.0
7.14400000000072,0.0,0.0,0.0
7.145000000000721,0.0,0.0,0.0
7.146000000000721,0.0,0.0,0.0
7.147000000000721,0.0,0.0,0.0
7.148000000000722,0.0,0.0,0.0
7.149000000000722,0.0,0.0,0.0
7.1500000000007224,0.0,0.0,0.0
7.151000000000723,0.0,0.0,0.0
7.152000000000723,0.0,0.0,0.0
7.1530000000007234,0.0,0.0,0.0
7.154000000000724,0.0,0.0,0.0
7.155000000000724,0.0,0.0,0.0
7.1560000000007244,0.0,0.0,0.0
7.157000000000725,0.0,0.0,0.0
7.158000000000725,0.0,0.0,0.0
7.1590000000007254,0.0,0.0,0.0
7.160000000000726,0.0,0.0,0.0
7.161000000000726,0.0,0.0,0.0
7.1620000000007265,0.0,0.0,0.0
7.163000000000727,0.0,0.0,0.0
7.164000000000727,0.0,0.0,0.0
7.1650000000007275,0.0,0.0,0.0
7.166000000000728,0.0,0.0,0.0
7.167000000000728,0.0,0.0,0.0
7.1680000000007285,0.0,0.0,0.0
7.169000000000729,0.0,0.0,0.0
7.170000000000729,0.0,0.0,0.0
7.1710000000007295,0.0,0.0,0.0
7.17200000000073,0.0,0.0,0.0
7.17300000000073,0.0,0.0,0.0
7.1740000000007305,0.0,0.0,0.0
7.175000000000731,0.0,0.0,0.0
7.176000000000731,0.0,0.0,0.0
7.1770000000007315,0.0,0.0,0.0
7.178000000000732,0.0,0.0,0.0
7.179000000000732,0.0,0.0,0.0
7.1800000000007325,0.0,0.0,0.0
7.181000000000733,0.0,0.0,0.0
7.182000000000733,0.0,0.0,0.0
7.1830000000007335,0.0,0.0,0.0
7.184000000000734,0.0,0.0,0.0
7.185000000000734,0.0,0.0,0.0
7.1860000000007345,0.0,0.0,0.0
7.187000000000735,0.0,0.0,0.0
7.188000000000735,0.0,0.0,0.0
7.1890000000007355,0.0,0.0,0.0
7.190000000000736,0.6482512742101841,0.8164584601994928,0.807937400596423
7.191000000000736,0.4615802266460437,1.6922951294620643,0.8287803640218421
7.1920000000007365,0.2979043379306283,2.109527290117252,0.8143635022871955
7.193000000000737,0.29818523178729683,2.1097897673064345,0.8047266305687466
7.194000000000737,0.298944550350145,2.110525536072802,0.7944067720917607
7.1950000000007375,0.30019208251931195,2.111736387560665,0.7833959731444806
7.196000000000738,0.30193663806912946,2.113423420450024,0.7716865069234976
7.197000000000738,0.30418600663964235,2.115587012697108,0.7592708820302003
7.1980000000007385,0.306946923474345,2.118226794551772,0.7461418527673367
7.199000000000739,0.31022504246936944,2.1213416230508613,0.7322924313025642
7.200000000000739,0.3140249170432076,2.124929558168978,0.7177159017386903
7.2010000000007395,0.31834998926011127,2.1289878407896268,0.7024058360837795
7.20200000000074,0.32320258756845033,2.1335128726368295,0.6863561121015241
7.20300000000074,0.3285839334341076,2.1385001982817853,0.6695609329924783
7.2040000000007405,0.3344941570704954,2.1439444893118917,0.6520148488290782
7.205000000000741,0.3409323223847297,2.1498395307303944,0.6337127796186488
7.206000000000741,0.3478964611709659,2.1561782096202755,0.614650039871678
7.2070000000007415,0.6491491634241586,2.172525559930258,0.6058285441848934
7.208000000000742,0.658692096168974,2.178158887571845,0.5850016937551619
7.209000000000742,0.6688110269929665,2.1841735187463103,0.5633944420665822
7.2100000000007425,0.3323979780062066,2.367731683597578,0.0
7.211000000000743,0.3329668534523674,2.332186552624501,0.0
7.212000000000743,0.3020293498903003,2.3793624221744025,0.0
7.2130000000007435,0.19791623871992836,2.485710630145816,0.0
7.214000000000744,0.07317236659372696,2.4636943468318577,0.0
7.215000000000744,-0.07006485910895743,2.324386829677488,0.0
7.2160000000007445,-0.22981705207712919,2.078314782516215,0.0
7.217000000000745,-0.4043330696310983,1.7348874825458003,0.0
7.218000000000745,-0.5921442822236026,1.30191337678316,0.0
7.2190000000007455,-0.7921103068734876,0.7851865366809756,0.0
7.220000000000746,-1.0034579740884317,0.18812699276015188,0.0
7.221000000000746,-1.225815429433188,-0.48853737650287954,0.0
7.2220000000007465,-1.4592422983244375,-1.2470548856004378,0.0
7.223000000000747,-1.6613579313666693,-1.9960940658713913,0.0
7.224000000000747,0.0019775112349045493,-0.008812734271379501,10.28034081151764
7.2250000000007475,0.8402585153572819,0.9139274892011402,20.670044400795298
7.226000000000748,0.657851523022253,0.675111108089216,20.670067810810707
7.227000000000748,0.4721044098573641,0.3615910862484837,20.670090991595572
7.2280000000007485,0.283638552420537,-0.021650339978249722,20.67011453827879
7.229000000000749,0.0926853542256309,-0.4725683507939227,20.670138957425426
7.230000000000749,-0.1008361070860269,-0.9915316251563389,20.670164672612522
7.2310000000007495,-0.29724194150127087,-1.5807924763970378,20.670192029601125
7.23200000000075,-0.4074432535358081,-1.9419718874353027,20.67022130119035
7.23300000000075,-0.4009748251767564,-1.92731259607427,20.670252691827795
7.2340000000007505,-0.3948417106364275,-1.9129161723654629,20.670286342024962
7.235000000000751,-0.38905957325169294,-1.8988205728293592,20.67032233263326
7.236000000000751,-0.3836473330409489,-1.8850882529117032,20.67036068902712
7.2370000000007515,-0.37862633527598055,-1.8718012335919134,20.670401385221595
7.238000000000752,-0.374019556721161,-1.8590563827888826,20.6704443479461
7.239000000000752,-0.36985085052453504,-1.84696091525721,20.67048946070917
7.2400000000007525,-0.5647356453347352,-2.4623310737337345,20.67053656785308
7.241000000000753,-0.5566407667121521,-2.436847104483398,20.670585478607588
7.242000000000753,-0.5491539563093055,-2.412747548814437,20.670635971147732
7.2430000000007535,-0.5422842579113282,-2.3901087229919513,20.670687796648146
7.244000000000754,-0.5360391335973216,-2.368999745630879,20.670740683330184
7.245000000000754,-0.5304241952043798,-2.349480017418667,20.67079434047959
7.2460000000007545,-0.5254429617124087,-2.331596892804395,20.67084846242936
7.247000000000755,-0.5210966430732656,-2.315383547143202,20.67090273248221
7.248000000000755,-0.5173839510731193,-2.300857044030632,20.670956826752125
7.2490000000007555,-0.5143009378681714,-2.2880166089685674,20.671010417906295
7.250000000000756,-0.5118408628891997,-2.2768421169600863,20.671063178777118
7.251000000000756,-0.5099940888656302,-2.2672928031143194,20.671114785826973
7.2520000000007565,-0.5087480077608467,-2.2593062066857947,20.67116492243958
7.253000000000757,-0.5080869974259576,-2.252797360160649,20.671213282011813
7.254000000000757,-0.5079924097678542,-2.2476582358975232,20.67125957083126
7.2550000000007575,-0.508442591192584,-2.2437574632798754,20.671303510717188
7.256000000000758,-0.509171588697799,-2.2369236278325277,20.66913464498238
7.257000000000758,-0.30429032688291857,-2.8942336473196293,20.666177347198307
7.2580000000007585,-0.33512718485856896,-3.9292368409020675,20.67141873614264
7.259000000000759,-0.3316770257747599,-3.9116923172733795,20.671450886922333
7.260000000000759,-0.32824277922024725,-3.8943289717440868,20.67147960477901
7.2610000000007595,-0.324824268977591,-3.87714587116639,20.671504745158735
7.26200000000076,-0.32142131765536,-3.8601421012772628,20.67152618986341
7.26300000000076,-0.3180337465990688,-3.8433167665738166,20.671543847455126
7.2640000000007605,-0.3146613758247341,-3.826668990125887,20.671557653383204
7.265000000000761,-0.31130402397805845,-3.810197913330515,20.671567569855405
7.266000000000761,-0.30796150831724,-3.793902695615766,20.671573585455413
7.2670000000007615,-0.30463364471987886,-3.777782514094797,20.671575714533972
7.268000000000762,-0.3013202477097108,-3.7618365631802355,20.67157399639082
7.269000000000762,-0.29802113050659934,-3.74606405416061,20.671568494258324
7.2700000000007625,-0.2947361050993469,-3.730464214747295,20.67155929411966
7.271000000000763,-0.2914649823343231,-3.7150362885991495,20.671546503378934
7.272000000000763,-0.28820757202405145,-3.6997795348252147,20.671530249401485
7.2730000000007635,-0.28496368307370973,-3.6846932274757385,20.671510677957222
7.274000000000764,-0.2817331236218027,-3.669776655022816,20.671487951576427
7.275000000000764,-0.2785157011913272,-3.655029119837673,20.671462247849664
7.2760000000007645,-0.2753112228581434,-3.640449937667953,20.671433757691428
7.277000000000765,-0.27211949542698044,-3.626038437120639,20.671402683579792
7.278000000000765,-0.26894032561511183,-3.611793959148585,20.67136923779674
7.2790000000007655,-0.26577352024409084,-3.59771585655218,20.67133364068789
7.280000000000766,-0.2626188864369834,-3.583803493494142,20.671296118951314
7.281000000000766,-0.2594762318210987,-3.5700562450264686,20.671256903971187
7.2820000000007665,-0.25634536473065705,-3.5564734966392146,20.671216230209833
7.283000000000767,-0.25322609440880317,-3.5430546438282375,20.671174333669132
7.284000000000767,-0.25011823121508314,-3.5297990916826083,20.671131450425072
7.2850000000007675,-0.24702158682991499,-3.516706254492419,20.67108781524881
7.286000000000768,-0.24393597445168458,-3.503775555382305,20.671043660315082
7.287000000000768,-0.24086120899559738,-3.4910064259645486,20.670999214004027
7.2880000000007685,-0.23779710728967396,-3.478398306015886,20.670954699799985
7.289000000000769,-0.23474348825870833,-3.465950643175848,20.670910335286514
7.290000000000769,-0.23170017310663538,-3.4536628926679946,20.670866331239292
7.2910000000007695,-0.22866698549359882,-3.4415345170418368,20.670822890813536
7.29200000000077,-0.2256437517053309,-3.4295649859352038,20.67078020882991
7.29300000000077,-0.22263030081001714,-3.417753775856423,20.670738471152976
7.2940000000007705,-0.21962646481310327,-3.4061003699862766,20.670697854154504
7.295000000000771,-0.2166320788003644,-3.3946042579969617,20.67065852426509
7.296000000000771,-0.21364698107082095,-3.3832649358867113,20.670620637610163
7.2970000000007715,-0.21067101326495002,-3.372081905832519,20.670584339719287
7.298000000000772,-0.2077040204779596,-3.361054676056608,20.670549765308927
7.299000000000772,-0.20474585136469434,-3.3501827607054295,20.67051703813138
7.3000000000007725,-0.20179635823423442,-3.3394656797415667,20.670486270888702
7.301000000000773,-0.1988553971372123,-3.3289029588482926,20.67045756520344
7.302000000000773,-0.19592282793433233,-3.318494129344105,20.670431011638193
7.3030000000007735,-0.19299851436005716,-3.3082387281058643,20.670406689767724
7.304000000000774,-0.1900823240749103,-3.2981362975006525,20.67038466829023
7.305000000000774,-0.18717412870099642,-3.288186385327496,20.67036500517693
7.3060000000007745,-0.18427380384921027,-3.278388544764198,20.670347747860625
7.307000000000775,-0.18138122913377758,-3.2687423343212405,20.670332933445255
7.308000000000775,-0.17849628817430097,-3.259247317801494,20.670320588946467
7.3090000000007755,-0.17561886858154224,-3.249903064264978,20.670310731555386
7.310000000000776,-0.17274886193324251,-3.240709147999529,20.6703033689161
7.311000000000776,-0.16988616373773086,-3.231665148493672,20.67029849942248
7.3120000000007765,-0.16703067338175517,-3.2227706504161713,20.67029611252676
7.313000000000777,-0.16418229406026102,-3.214025243597731,20.670296189055772
7.314000000000777,-0.1613409327007353,-3.2054285230156383,20.67029870153724
7.3150000000007775,-0.15850649986806378,-3.196980088784133,20.67030361453306
7.316000000000778,-0.1556789096536169,-3.1886795461461643,20.670310884968437
7.317000000000778,-0.15285807955569897,-3.1805265054689054,20.670320462472084
7.3180000000007785,-0.15004393033819144,-3.1725205822437865,20.67033228971364
7.319000000000779,-0.14723638588181492,-3.1646613970868662,20.670346302734096
7.320000000000779,-0.14443537301777537,-3.1569485757464286,20.67036243128528
7.3210000000007796,-0.14164082134379635,-3.1493817491111553,20.670380599159046
7.32200000000078,-0.13885266303507882,-3.1419605532227592,20.670400724514415
7.32300000000078,-0.13607083263496078,-3.1346846292946355,20.67042272020287
7.3240000000007806,-0.13329526683399595,-3.127553623731215,20.670446494087603
7.325000000000781,-0.1305259042413421,-3.1205671881525543,20.670471949359822
7.326000000000781,-0.12776268513526692,-3.113724979426339,20.670498984848866
7.3270000000007816,-0.12500555121163853,-3.1070266597004204,20.67052749533022
7.328000000000782,-0.12225444532115279,-3.100471896442812,20.670557371828135
7.329000000000782,-0.11950931119047159,-3.0940603624882055,20.67058850191393
7.330000000000783,-0.11677009314338688,-3.087791736086252,20.670620770003264
7.331000000000783,-0.11403673581416021,-3.0816657009592268,20.670654057648434
7.332000000000783,-0.1113091838517889,-3.075681946364542,20.67068824382902
7.333000000000784,-0.10858738162129292,-3.0698401671626248,20.670723205242844
7.334000000000784,-0.1058712729050384,-3.064140063893586,20.670758816597235
7.335000000000784,-0.1031608006024276,-3.0585813428598105,20.670794950897005
7.336000000000785,-0.10045590642662841,-3.053163716214263,20.670831479738034
7.337000000000785,-0.09775653060916101,-3.047886902058208,20.67086827360574
7.338000000000785,-0.09506261160329796,-3.0427506245465548,20.670905202173163
7.339000000000786,-0.09237408579519596,-3.0377546139990996,20.67094213460773
7.340000000000786,-0.08969088722639645,-3.032898607021683,20.670978939888347
7.341000000000786,-0.08701294731747364,-3.0281823466351128,20.67101548713183
7.342000000000787,-0.08434019460859662,-3.023605582412151,20.6710516459252
7.343000000000787,-0.08167255451237285,-3.0191680706239716,20.67108728667841
7.344000000000787,-0.07900994907722456,-3.014869574395209,20.67112228099509
7.345000000000788,-0.07635229677226432,-3.010709863868121,20.67115650205291
7.346000000000788,-0.07369951228516483,-3.0066887163763787,20.671189825013236
7.347000000000788,-0.07105150633904053,-3.002805916628687,20.671222127452623
7.348000000000789,-0.06840818553120165,-2.9990612569020105,20.671253289821365
7.349000000000789,-0.06576945219416341,-2.9954545372455117,20.671283195931473
7.350000000000789,-0.06313520427595923,-2.991985565694837,20.671311733477793
7.35100000000079,-0.060505335245678,-2.9886541584974564,20.671338794597975
7.35200000000079,-0.05787973402333152,-2.9854601403499723,20.671364276470463
7.35300000000079,-0.05525828493378129,-2.982403344645806,20.671388081960977
7.354000000000791,-0.0526408676855471,-2.979483613737172,20.671410120308586
7.355000000000791,-0.05002735737419495,-2.9767007992080217,20.671430307871585
7.356000000000791,-0.04741762451882259,-2.974054762161452,20.671448568924735
7.357000000000792,-0.04481153511287775,-2.971545373521071,20.671464836515533
7.358000000000792,-0.04220895070982504,-2.9691725143465986,20.671479053385823
7.359000000000792,-0.03960972853088278,-2.966936076165408,20.67149117295583
7.360000000000793,-0.037013721597893776,-2.9648359613190785,20.671501160384686
7.361000000000793,-0.03442077889714509,-2.962872083328998,20.671508993698247
7.362000000000793,-0.03183074555757116,-2.961044367277295,20.671514664995065
7.363000000000794,-0.029243463064277234,-2.95935275020806,20.671518181729443
7.364000000000794,-0.026658769490235323,-2.9577971815473854,20.671519568076512
7.365000000000794,-0.024076499753028016,-2.956377623544128,20.671518866377596
7.366000000000795,-0.021496485896452172,-2.955094051731555,20.671516138661957
7.367000000000795,-0.018918557397131622,-2.953946455411152,20.67151146825369
7.368000000000795,-0.016342541492215035,-2.952934838160221,20.67150496145239
7.369000000000796,-0.013768263532295107,-2.95205921836183,20.67149674928651
7.370000000000796,-0.011195547360509601,-2.9513196297603113,20.671486989337495
7.371000000000796,-0.00862421571602276,-2.9507161220410545,20.671475867615538
7.372000000000797,-0.006054090666295434,-2.950248761436531,20.67146360049533
7.373000000000797,-0.003484994065547156,-2.94991763135742,20.67145043668198
7.374000000000797,-0.0009315244537394796,-2.9497213666579816,20.67143089920644
7.375000000000798,0.0016204052200690308,-2.9496620645562963,20.671410939464355
7.376000000000798,0.004216776270302029,-2.949743267990504,20.67140842876874
7.377000000000798,0.006841897165177545,-2.949961763751883,20.671416819823726
7.378000000000799,0.00946535909472445,-2.9503147124724993,20.671424506148107
7.379000000000799,0.01208730001756806,-2.950802309717297,20.671431814887704
7.380000000000799,0.014707855926654835,-2.951424737002979,20.67143902309419
7.3810000000008,0.01732716167299577,-2.952182163291554,20.67144636164241
7.3820000000008,0.01994535172272832,-2.9530747464036384,20.671454019040944
7.3830000000008,0.02256256085586992,-2.954102634355155,20.671462145106116
7.384000000000801,0.02517892478998924,-2.9552659666234486,20.671470854489908
7.385000000000801,0.027794580740591816,-2.9565648753384255,20.67148023004915
7.386000000000801,0.03040966792314135,-2.9579994864077213,20.671490326043447
7.387000000000802,0.03302432797383604,-2.9595699205785015,20.671501171155693
7.388000000000802,0.03563870531660498,-2.9612762944330706,20.67151277133354
7.389000000000802,0.03825294746502445,-2.9631187213289545,20.67152511245456
7.390000000000803,0.04086720525844851,-2.965097312279797,20.671538162805316
7.391000000000803,0.04348163304370689,-2.9672121767825748,20.67155187538671
7.392000000000803,0.046096388797091506,-2.9694634235947057,20.671566190050772
7.393000000000804,0.04871163418831083,-2.9718511614597185,20.671581035463518
7.394000000000804,0.05132753459930545,-2.9743754997884984,20.671596330913825
7.395000000000804,0.0539442590929291,-2.977036549295468,20.67161198796297
7.396000000000805,0.05656198033101888,-2.979834422593293,20.671627911950992
7.397000000000805,0.05918087446200822,-2.9827692347463928,20.671644003365202
7.398000000000805,0.06180112095706419,-2.9858411037891983,20.671660159074747
7.399000000000806,0.0644229024202866,-2.9890501512062264,20.671676273449066
7.400000000000806,0.06704640437080096,-2.992396502378762,20.671692239358073
7.401000000000806,0.0696718149895093,-2.9958802870019916,20.671707949068885
7.402000000000807,0.07229932485105844,-2.999501639468601,20.67172329504377
7.403000000000807,0.0749291266295691,-3.003260699224597,20.67173817065039
7.404000000000807,0.07756141479455517,-3.007157611098828,20.671752470788814
7.405000000000808,0.08019638529556651,-3.0111925256057734,20.671766092442986
7.406000000000808,0.08283423523304728,-3.01536559922433,20.67177893516613
7.407000000000808,0.08547516252953857,-3.01967699465452,20.671790901504764
7.408000000000809,0.08811936559902947,-3.0241268810507047,20.671801897365718
7.409000000000809,0.09076704301536263,-3.028715434235851,20.67181183233864
7.410000000000809,0.0934183931867661,-3.0334428368965995,20.67182061996892
7.41100000000081,0.09607361404002762,-3.038309278758274,20.671828177995156
7.41200000000081,0.09873290271059222,-3.0433149567446742,20.67183442855866
7.41300000000081,0.101396455249093,-3.048460075121623,20.671839298373563
7.414000000000811,0.10406446633862498,-3.0537448456254324,20.67184271887747
7.415000000000811,0.10673712902908036,-3.0591694875757884,20.67184462636366
7.416000000000811,0.10941463449382796,-3.064734227977212,20.671844962089743
7.417000000000812,0.1120971717955273,-3.07043930160847,20.671843672375225
7.418000000000812,0.11478492768138465,-3.076284951098531,20.67184070868497
7.419000000000812,0.1174780863972529,-3.082271426994578,20.671836027704757
7.420000000000813,0.12017682951776298,-3.088398987818579,20.671829591409857
7.421000000000813,0.12288133580536593,-3.094667900114909,20.671821367125542
7.422000000000813,0.12559178108983246,-3.1010784384901697,20.671811327586674
7.423000000000814,0.12830833816610643,-3.10763088564641,20.671799450994964
7.424000000000814,0.13103117671678913,-3.1143255324060535,20.67178572107345
7.425000000000814,0.13376046325668364,-3.121162677729892,20.671770127120325
7.426000000000815,0.13649636109789187,-3.128142628732676,20.671752664067437
7.427000000000815,0.13923903033221138,-3.1352657006917064,20.67173333253621
7.428000000000815,0.14198862783660401,-3.1425322170496237,20.671712138896083
7.429000000000816,0.14474530729494525,-3.14994250941527,20.671689095323366
7.430000000000816,0.14750921923292729,-3.1574969175614136,20.671664219866994
7.431000000000816,0.15028051107931598,-3.1651957894176626,20.671637536509337
7.432000000000817,0.15305932723233073,-3.173039481061674,20.67160907523017
7.433000000000817,0.15584580913824017,-3.181028356708115,20.671578872073184
7.434000000000817,0.15864009539484566,-3.1891627886947087,20.671546969211043
7.435000000000818,0.16144232185265972,-3.1974431574681024,20.671513415008764
7.436000000000818,0.16425262172622107,-3.2058698515673356,20.671478264084485
7.437000000000818,0.16707112572442906,-3.214443267603258,20.67144157737092
7.438000000000819,0.1698979621765237,-3.2231638102411297,20.671403422165003
7.439000000000819,0.1727332571649695,-3.2320318921799043,20.671363872176688
7.440000000000819,0.1755771346700945,-3.2410479341278284,20.671323007570283
7.44100000000082,0.1784297167104017,-3.250212364779448,20.671280914991165
7.44200000000082,0.18129112348390225,-3.259525620790603,20.671237687582767
7.44300000000082,0.1841614735163708,-3.268988146749851,20.671193424991777
7.444000000000821,0.18704088380541847,-3.278600395149213,20.671148233352376
7.445000000000821,0.18992946996337384,-3.2883628263525724,20.671102225254447
7.446000000000821,0.1928273463608559,-3.2982759085600355,20.671055519687535
7.447000000000822,0.1957346262627869,-3.3083401177689393,20.671008241962042
7.448000000000822,0.19865142196747945,-3.31855593773309,20.67096052359947
7.449000000000822,0.2015778449360838,-3.3289238599156867,20.670912502195208
7.450000000000823,0.2045140059185701,-3.339444383437039,20.670864321246743
7.451000000000823,0.20746001508014922,-3.3501180150178667,20.670816129938395
7.452000000000823,0.21041598211779544,-3.3609452689153234,20.670768082893787
7.453000000000824,0.21338201636910997,-3.3719266668518557,20.670720339876738
7.454000000000824,0.21635822692151538,-3.383062737937262,20.670673065448554
7.455000000000824,0.21934472271198174,-3.3943540185801133,20.670626428572035
7.456000000000825,0.22234161262456975,-3.4058010523903266,20.670580602160445
7.457000000000825,0.2253490055806926,-3.4174043900730515,20.6705357625719
7.458000000000825,0.2283670106195679,-3.4291645893088365,20.670492089038262
7.459000000000826,0.23139573698279392,-3.4410822146229414,20.670449763036906
7.460000000000826,0.23443529418478162,-3.453157837242811,20.67040896759206
7.461000000000826,0.2374857920867699,-3.465392034940982,20.670369886511587
7.462000000000827,0.24054734096223565,-3.4777853918637733,20.67033270355562
7.463000000000827,0.24362005155409436,-3.4903384983472208,20.670297601533836
7.464000000000827,0.24670403513796937,-3.503051950717125,20.67026476133951
7.465000000000828,0.2497994035749776,-3.515926351074711,20.670234360909447
7.466000000000828,0.2529062693625741,-3.5289623070652087,20.670206574122595
7.467000000000828,0.2560247456863378,-3.542160431634868,20.67018156963389
7.468000000000829,0.25915494646617665,-3.5555213427723826,20.670159509651306
7.469000000000829,0.2622969864020937,-3.5690456632334246,20.670140548657564
7.470000000000829,0.2654509810168378,-3.5827340202572646,20.670124832086394
7.47100000000083,0.2686170466973841,-3.596587045270274,20.670112494963924
7.47200000000083,0.2717953007371154,-3.6106053735756425,20.67010366051491
7.47300000000083,0.2749858613778452,-3.624789644038522,20.670098438753122
7.474000000000831,0.2781888478453848,-3.6391404987670177,20.67009692506941
7.475000000000831,0.2814043803860097,-3.653658582783336,20.67009919882828
7.476000000000831,0.28463258030896793,-3.6683445437011013,20.67010532198331
7.477000000000832,0.28787357001711356,-3.6831990314028813,20.670115337734998
7.478000000000832,0.2911274730389278,-3.69822269772217,20.670129269252314
7.479000000000832,0.2943944140698874,-3.713416196141515,20.670147118465408
7.480000000000833,0.297674518996781,-3.7287801815010635,20.670168864956203
7.481000000000833,0.3009679149242799,-3.7443153097288953,20.670194464970347
7.482000000000833,0.30427473020695506,-3.760022237596126,20.67022385056234
7.483000000000834,0.3075950944691026,-3.775901622501787,20.67025692890339
7.484000000000834,0.3109291386264198,-3.7919541222926814,20.670293581767247
7.485000000000834,0.3142769949015144,-3.808180395123927,20.670333665212492
7.486000000000835,0.31763879683700647,-3.8245810993656724,20.670377009487872
7.487000000000835,0.3210146793077325,-3.8411568935612532,20.670423419168788
7.488000000000835,0.3244047785217581,-3.8579084364398204,20.67047267353919
7.489000000000836,0.3278092320232488,-3.8748363869924423,20.670524527247
7.490000000000836,0.3312281786902255,-3.891941404614741,20.670578711223108
7.491000000000836,0.33466175872617965,-3.9092241493134274,20.670634933879565
7.492000000000837,0.2933140710664925,-2.9220840931389995,20.64376486605361
7.493000000000837,-0.014393075455522,-2.2714040302389584,20.647754932935392
7.494000000000837,-0.011189219468086667,-2.2905034792849785,20.657669071764257
7.495000000000838,-0.008482502930513142,-2.3094028857988187,20.668259865584552
7.496000000000838,-0.007022824561850306,-2.3166355815452455,20.670935056391244
7.497000000000838,-0.006313658439290104,-2.3218708969551174,20.670996349163673
7.498000000000839,-0.006129612013731689,-2.3290052923813507,20.67105716859467
7.499000000000839,-0.006476201545023298,-2.3380827191672733,20.671117119189375
7.500000000000839,-0.007358310496016873,-2.3491273123717824,20.671175805657448
7.50100000000084,-0.008780154205948722,-2.362144407003278,20.671232836479085
7.50200000000084,-0.010745246287037921,-2.377121734613257,20.671287827576435
7.50300000000084,-0.01325636744953905,-2.394030791062595,20.671340406074947
7.504000000000841,-0.016315537361326217,-2.412828368381295,20.671390214105784
7.505000000000841,-0.01992399004146605,-2.433458245827001,20.671436912618752
7.506000000000841,-0.02408215317802856,-2.4558530373956495,20.671480185178424
7.507000000000842,-0.0287896316480558,-2.479936195078221,20.671519741703058
7.508000000000842,-0.03404519541035114,-2.505624169000494,20.671555322117385
7.509000000000842,0.044487642992856694,-1.9040234557752262,20.67158669989776
7.510000000000843,0.040567423176967085,-1.9172451993978363,20.671613685476785
7.511000000000843,0.036162450344425986,-1.9313899151389307,20.67163612949174
7.512000000000843,0.031286119622841474,-1.9463315010653193,20.67165392586395
7.513000000000844,0.02595237667927337,-1.9619517397671693,20.671667014692723
7.514000000000844,0.020175513649099967,-1.978144355573591,20.671675384964654
7.515000000000844,0.01396994997141092,-1.9948193053185022,20.671679077072323
7.516000000000845,0.007349998254883867,-2.0119073074271707,20.671678185165398
7.517000000000845,0.00032961531793666496,-2.0293646128096805,20.671672859330275
7.518000000000845,-0.007077861424886131,-2.047178019469805,20.671663307628208
7.519000000000846,0.03645598801124357,-1.8680121704944401,20.671649798022717
7.520000000000846,0.1533368445997766,-1.4739894697027278,20.67163266022167
7.521000000000846,0.2753015024050393,-1.1531447297750772,20.671612287485196
7.522000000000847,0.4024148050189458,-0.9042213861546373,20.671589138439522
7.523000000000847,0.5347155806179055,-0.728395255868882,20.671563738958362
7.524000000000847,0.6503423971243409,-0.6896939642376916,20.671506752617226
7.525000000000848,-0.0035724488112861986,0.008269539838939109,10.217068847669035
7.526000000000848,-1.821024214489562,-0.4801536374041362,0.0
7.527000000000848,-1.6679565837205295,0.2887639165519307,0.0
7.528000000000849,-1.5158615899314811,0.967063820983185,0.0
7.529000000000849,-1.3648760569157703,1.5613474375017597,0.0
7.530000000000849,-1.215216689323904,2.074739538661177,0.0
7.53100000000085,-1.067183592931316,2.507187406499958,0.0
7.53200000000085,-0.9211633701802284,2.8557966077098307,0.0
7.53300000000085,-0.7776320853754443,3.1152065134157554,0.0
7.534000000000851,-0.6371580275534983,3.278013382730432,0.0
7.535000000000851,-0.5004037975411065,3.335252560484156,0.0
7.536000000000851,-0.3681268187857023,3.27695349627503,0.0
7.537000000000852,-0.24117694433102224,3.0927810153805835,0.0
7.538000000000852,-0.12048945204656086,2.7727724566479877,0.0
7.539000000000852,-0.049814400365940065,2.5199874130366284,0.0
7.540000000000853,0.2919452839908177,2.2848483938489634,0.5270022225001281
7.541000000000853,0.28904081944304144,2.277380313198691,0.5493917286903365
7.542000000000853,-0.0007008420612877415,2.218971332763727,0.5608982617309136
7.543000000000854,-0.0014217086369684648,2.2118427520504134,0.5813814487265082
7.544000000000854,-0.0017919444340676908,2.2051637231874825,0.6010331633199091
7.545000000000854,-0.001810720449555661,2.198940863580333,0.6198529506720192
7.546000000000855,-0.0014779390841680754,2.1931798651098244,0.6378410438069329
7.547000000000855,-0.0007942619143625519,2.187885506343897,0.6549983580451494
7.548000000000855,0.0002388696733499826,2.1830616672629617,0.6713264848286304
7.549000000000856,0.0016192209757367529,2.1787113464827135,0.6868276850313441
7.550000000000856,0.0033437575098874545,2.174836680934162,0.7015048817983064
7.551000000000856,0.005408645462394347,2.171438967922012,0.7153616529971892
7.552000000000857,0.007809258855450036,2.1685186894577293,0.7284022233064722
7.553000000000857,0.010540193168602425,2.1660755387346207,0.7406314559660938
7.554000000000857,0.013595285104273736,2.164108448573808,0.7520548442361473
7.555000000000858,0.016967638130584304,2.1626156216601133,0.7626785025389576
7.556000000000858,0.020649653379642766,2.1615945623486628,0.7725091573191776
7.557000000000858,0.024633065440162423,2.1610421098087245,0.7815541376109789
7.558000000000859,0.2608713481011232,1.7636337490072416,0.7939973226207107
7.559000000000859,0.6047724235696957,0.89123301069748,0.7736634882747602
7.560000000000859,0.0,0.0,0.0
7.56100000000086,0.0,0.0,0.0
7.56200000000086,0.0,0.0,0.0
7.56300000000086,0.0,0.0,0.0
7.564000000000861,0.0,0.0,0.0
7.565000000000861,0.0,0.0,0.0
7.566000000000861,0.0,0.0,0.0
7.567000000000862,0.0,0.0,0.0
7.568000000000862,0.0,0.0,0.0
7.569000000000862,0.0,0.0,0.0
7.570000000000863,0.0,0.0,0.0
7.571000000000863,0.0,0.0,0.0
7.572000000000863,0.0,0.0,0.0
7.573000000000864,0.0,0.0,0.0
7.574000000000864,0.0,0.0,0.0
7.575000000000864,0.0,0.0,0.0
7.576000000000865,0.0,0.0,0.0
7.577000000000865,0.0,0.0,0.0
7.578000000000865,0.0,0.0,0.0
7.579000000000866,0.0,0.0,0.0
7.580000000000866,0.0,0.0,0.0
7.581000000000866,0.0,0.0,0.0
7.582000000000867,0.0,0.0,0.0
7.583000000000867,0.0,0.0,0.0
7.584000000000867,0.0,0.0,0.0
7.585000000000868,0.0,0.0,0.0
7.586000000000868,0.0,0.0,0.0
7.587000000000868,0.0,0.0,0.0
7.588000000000869,0.0,0.0,0.0
7.589000000000869,0.0,0.0,0.0
7.590000000000869,0.0,0.0,0.0
7.59100000000087,0.0,0.0,0.0
7.59200000000087,0.0,0.0,0.0
7.59300000000087,0.0,0.0,0.0
7.594000000000871,0.0,0.0,0.0
7.595000000000871,0.0,0.0,0.0
7.596000000000871,0.0,0.0,0.0
7.597000000000872,0.0,0.0,0.0
7.598000000000872,0.0,0.0,0.0
7.599000000000872,0.0,0.0,0.0
7.600000000000873,0.0,0.0,0.0
7.601000000000873,0.0,0.0,0.0
7.602000000000873,0.0,0.0,0.0
7.603000000000874,0.0,0.0,0.0
7.604000000000874,0.0,0.0,0.0
7.605000000000874,0.0,0.0,0.0
7.606000000000875,0.0,0.0,0.0
7.607000000000875,0.0,0.0,0.0
7.608000000000875,0.0,0.0,0.0
7.609000000000876,0.0,0.0,0.0
7.610000000000876,0.0,0.0,0.0
7.611000000000876,0.0,0.0,0.0
7.612000000000877,0.0,0.0,0.0
7.613000000000877,0.0,0.0,0.0
7.614000000000877,0.0,0.0,0.0
7.615000000000878,0.0,0.0,0.0
7.616000000000878,0.0,0.0,0.0
7.617000000000878,0.0,0.0,0.0
7.618000000000879,0.0,0.0,0.0
7.619000000000879,0.0,0.0,0.0
7.620000000000879,0.0,0.0,0.0
7.62100000000088,0.0,0.0,0.0
7.62200000000088,0.0,0.0,0.0
7.62300000000088,0.0,0.0,0.0
7.624000000000881,0.0,0.0,0.0
7.625000000000881,0.0,0.0,0.0
7.626000000000881,0.0,0.0,0.0
7.627000000000882,0.0,0.0,0.0
7.628000000000882,0.0,0.0,0.0
7.629000000000882,0.0,0.0,0.0
7.630000000000883,0.0,0.0,0.0
7.631000000000883,0.0,0.0,0.0
7.632000000000883,0.0,0.0,0.0
7.633000000000884,0.0,0.0,0.0
7.634000000000884,0.0,0.0,0.0
7.635000000000884,0.0,0.0,0.0
7.636000000000885,0.0,0.0,0.0
7.637000000000885,0.0,0.0,0.0
7.638000000000885,0.0,0.0,0.0
7.639000000000886,0.0,0.0,0.0
7.640000000000886,0.0,0.0,0.0
7.641000000000886,0.0,0.0,0.0
7.642000000000887,0.0,0.0,0.0
7.643000000000887,0.0,0.0,0.0
7.644000000000887,0.0,0.0,0.0
7.645000000000888,0.0,0.0,0.0
7.646000000000888,0.0,0.0,0.0
7.647000000000888,0.0,0.0,0.0
7.648000000000889,0.0,0.0,0.0
7.649000000000889,0.0,0.0,0.0
7.650000000000889,0.0,0.0,0.0
7.65100000000089,0.0,0.0,0.0
7.65200000000089,0.0,0.0,0.0
7.65300000000089,0.0,0.0,0.0
7.654000000000891,0.0,0.0,0.0
7.655000000000891,0.0,0.0,0.0
7.656000000000891,0.0,0.0,0.0
7.657000000000892,0.0,0.0,0.0
7.658000000000892,0.0,0.0,0.0
7.659000000000892,0.0,0.0,0.0
7.660000000000893,0.0,0.0,0.0
7.661000000000893,0.0,0.0,0.0
7.662000000000893,0.0,0.0,0.0
7.663000000000894,0.0,0.0,0.0
7.664000000000894,0.0,0.0,0.0
7.665000000000894,0.0,0.0,0.0
7.666000000000895,0.0,0.0,0.0
7.667000000000895,0.0,0.0,0.0
7.668000000000895,0.0,0.0,0.0
7.669000000000896,0.0,0.0,0.0
7.670000000000896,0.0,0.0,0.0
7.671000000000896,0.0,0.0,0.0
7.672000000000897,0.0,0.0,0.0
7.673000000000897,0.0,0.0,0.0
7.674000000000897,0.0,0.0,0.0
7.675000000000898,0.0,0.0,0.0
7.676000000000898,0.0,0.0,0.0
7.677000000000898,0.0,0.0,0.0
7.678000000000899,0.0,0.0,0.0
7.679000000000899,0.0,0.0,0.0
7.680000000000899,0.0,0.0,0.0
7.6810000000009,0.0,0.0,0.0
7.6820000000009,0.0,0.0,0.0
7.6830000000009,0.0,0.0,0.0
7.684000000000901,0.0,0.0,0.0
7.685000000000901,0.0,0.0,0.0
7.6860000000009014,0.0,0.0,0.0
7.687000000000902,0.0,0.0,0.0
7.688000000000902,0.0,0.0,0.0
7.6890000000009024,0.0,0.0,0.0
7.690000000000903,0.0,0.0,0.0
7.691000000000903,0.0,0.0,0.0
7.6920000000009034,0.0,0.0,0.0
7.693000000000904,0.0,0.0,0.0
7.694000000000904,0.0,0.0,0.0
7.6950000000009044,0.0,0.0,0.0
7.696000000000905,0.0,0.0,0.0
7.697000000000905,0.0,0.0,0.0
7.6980000000009055,0.0,0.0,0.0
7.699000000000906,0.0,0.0,0.0
7.700000000000906,0.0,0.0,0.0
7.7010000000009065,0.0,0.0,0.0
7.702000000000907,0.0,0.0,0.0
7.703000000000907,0.0,0.0,0.0
7.7040000000009075,0.0,0.0,0.0
7.705000000000908,0.0,0.0,0.0
7.706000000000908,0.0,0.0,0.0
7.7070000000009085,0.0,0.0,0.0
7.708000000000909,0.0,0.0,0.0
7.709000000000909,0.0,0.0,0.0
7.7100000000009095,0.0,0.0,0.0
7.71100000000091,0.0,0.0,0.0
7.71200000000091,0.0,0.0,0.0
7.7130000000009105,0.0,0.0,0.0
7.714000000000911,0.0,0.0,0.0
7.715000000000911,0.0,0.0,0.0
7.7160000000009115,0.0,0.0,0.0
7.717000000000912,0.0,0.0,0.0
7.718000000000912,0.0,0.0,0.0
7.7190000000009125,0.0,0.0,0.0
7.720000000000913,0.0,0.0,0.0
7.721000000000913,0.0,0.0,0.0
7.7220000000009135,0.0,0.0,0.0
7.723000000000914,0.0,0.0,0.0
7.724000000000914,0.0,0.0,0.0
7.7250000000009145,0.0,0.0,0.0
7.726000000000915,0.0,0.0,0.0
7.727000000000915,0.0,0.0,0.0
7.7280000000009155,0.0,0.0,0.0
7.729000000000916,0.0,0.0,0.0
7.730000000000916,0.0,0.0,0.0
7.7310000000009165,0.0,0.0,0.0
7.732000000000917,0.0,0.0,0.0
7.733000000000917,0.0,0.0,0.0
7.7340000000009175,0.0,0.0,0.0
7.735000000000918,0.0,0.0,0.0
7.736000000000918,0.0,0.0,0.0
7.7370000000009185,0.0,0.0,0.0
7.738000000000919,0.0,0.0,0.0
7.739000000000919,0.0,0.0,0.0
7.7400000000009195,0.0,0.0,0.0
7.74100000000092,0.0,0.0,0.0
7.74200000000092,0.0,0.0,0.0
7.7430000000009205,0.0,0.0,0.0
7.744000000000921,0.0,0.0,0.0
7.745000000000921,0.0,0.0,0.0
7.7460000000009215,0.0,0.0,0.0
7.747000000000922,0.0,0.0,0.0
7.748000000000922,0.0,0.0,0.0
7.7490000000009225,0.0,0.0,0.0
7.750000000000923,0.0,0.0,0.0
7.751000000000923,0.0,0.0,0.0
7.7520000000009235,0.0,0.0,0.0
7.753000000000924,0.0,0.0,0.0
7.754000000000924,0.0,0.0,0.0
7.7550000000009245,0.0,0.0,0.0
7.756000000000925,0.0,0.0,0.0
7.757000000000925,0.0,0.0,0.0
7.7580000000009255,0.0,0.0,0.0
7.759000000000926,0.0,0.0,0.0
7.760000000000926,0.0,0.0,0.0
7.7610000000009265,0.0,0.0,0.0
7.762000000000927,0.0,0.0,0.0
7.763000000000927,0.0,0.0,0.0
7.7640000000009275,0.0,0.0,0.0
7.765000000000928,0.0,0.0,0.0
7.766000000000928,0.0,0.0,0.0
7.7670000000009285,0.0,0.0,0.0
7.768000000000929,0.0,0.0,0.0
7.769000000000929,0.0,0.0,0.0
7.7700000000009295,0.0,0.0,0.0
7.77100000000093,0.0,0.0,0.0
7.77200000000093,0.0,0.0,0.0
7.7730000000009305,0.0,0.0,0.0
7.774000000000931,0.0,0.0,0.0
7.775000000000931,0.0,0.0,0.0
7.7760000000009315,0.0,0.0,0.0
7.777000000000932,0.0,0.0,0.0
7.778000000000932,0.0,0.0,0.0
7.7790000000009325,0.0,0.0,0.0
7.780000000000933,0.0,0.0,0.0
7.781000000000933,0.0,0.0,0.0
7.7820000000009335,0.0,0.0,0.0
7.783000000000934,0.0,0.0,0.0
7.784000000000934,0.0,0.0,0.0
7.7850000000009345,0.0,0.0,0.0
7.786000000000935,0.0,0.0,0.0
7.787000000000935,0.0,0.0,0.0
7.7880000000009355,0.0,0.0,0.0
7.789000000000936,0.0,0.0,0.0
7.790000000000936,0.0,0.0,0.0
7.7910000000009365,0.0,0.0,0.0
7.792000000000937,0.6482543112507118,0.8164594894769548,0.8079401915341
7.793000000000937,0.46158533844119487,1.6922956547066215,0.8287823619337926
7.7940000000009375,0.2979097942314236,2.109526149256055,0.8143652379114492
7.795000000000938,0.2981906951732045,2.1097886277283115,0.8047283715090755
7.796000000000938,0.2989500206603389,2.1105243977362065,0.7944085159849056
7.7970000000009385,0.30019755956995053,2.111735250416879,0.7833977175296196
7.798000000000939,0.30194212165270556,2.1134222844418447,0.7716882492475198
7.799000000000939,0.3041914965256247,2.115585877759102,0.7592726196483834
7.8000000000009395,0.3069524194085565,2.1182256606108876,0.7461435829444458
7.80100000000094,0.31023054417462603,2.1213404900264723,0.7322941512152837
7.80200000000094,0.3140304242192953,2.1249284259734855,0.7177176084731903
7.8030000000009405,0.31835550158287623,2.1289867093281436,0.7024075266409474
7.804000000000941,0.32320810469085504,2.1335117418082503,0.6863577833958133
7.805000000000941,0.32858945498652375,2.1384990679781333,0.6695625818565574
7.8060000000009415,0.3344996826599268,2.143943359419448,0.6520164720121303
7.807000000000942,0.34093785159471923,2.149838401130191,0.6337143737869347
7.808000000000942,0.34790199356122675,2.156177080188044,0.6146516016124108
7.8090000000009425,0.6491553700180163,2.1725269445322044,0.6058304972390038
7.810000000000943,0.6586983044325407,2.1781602745421775,0.5850036078124488
7.811000000000943,0.6688172361993057,2.1841749078928676,0.5633963135328637
7.8120000000009435,0.3324889859029136,2.367769675667031,0.0
7.813000000000944,0.3330625757737209,2.332226865006483,0.0
7.814000000000944,0.3021856206839381,2.3794086974282322,0.0
7.8150000000009445,0.1982195948110188,2.48582622921395,0.0
7.816000000000945,0.07362684042793019,2.4638809285130794,0.0
7.817000000000945,-0.06945567828882926,2.3246455737011775,0.0
7.8180000000009455,-0.22904992688169296,2.0786465102955276,0.0
7.819000000000946,-0.40340504452463183,1.7352927540610317,0.0
7.820000000000946,-0.5910526352687715,1.3023925616284613,0.0
7.8210000000009465,-0.7908525226441445,0.7857398592022209,0.0
7.822000000000947,-1.002031736555794,0.18875455217631476,0.0
7.823000000000947,-1.2242186336794123,-0.4878356097408485,0.0
7.8240000000009475,-1.4574730801495799,-1.2462790961127634,0.0
7.825000000000948,-1.6594571365950035,-1.995262497963493,0.0
7.826000000000948,0.001977559084689994,-0.008812733811128024,10.28034119659223
7.8270000000009485,0.8391111342248325,0.9134216108639812,20.670044401339783
7.828000000000949,0.6568869371002171,0.6746839189009144,20.670067811348705
7.829000000000949,0.4713168432560004,0.3612396379211793,20.670090992126017
7.8300000000009495,0.2830221161832454,-0.021929116791505,20.670114538801435
7.83100000000095,0.09223401917105958,-0.4727776727619042,20.670138957940065
7.83200000000095,-0.10112854425844138,-0.9916748902432388,20.670164673117718
7.8330000000009505,-0.297381897347066,-1.5808733033381646,20.67019203009528
7.834000000000951,-0.40749051392730784,-1.9419925764976391,20.67022130167404
7.835000000000951,-0.40101945543465,-1.92733218996646,20.670252692300316
7.8360000000009515,-0.3948837814691041,-1.9129347067928801,20.67028634248541
7.837000000000952,-0.3890991562778773,-1.8988380842554582,20.670322333081728
7.838000000000952,-0.3836845007363877,-1.8851047785057946,20.670360689463468
7.8390000000009525,-0.37866116092055907,-1.8718168111743991,20.670401385645135
7.840000000000953,-0.3740521143458541,-1.859071050773869,20.67044434835679
7.841000000000953,-0.36988121485801484,-1.8469747125870977,20.67048946110715
7.8420000000009535,-0.5647612942434345,-2.4623397579809945,20.67053656823842
7.843000000000954,-0.5566646025277715,-2.4368552701583828,20.670585478980026
7.844000000000954,-0.5491760473454562,-2.412755225478518,20.670635971507018
7.8450000000009545,-0.5423046728405264,-2.390115940302388,20.670687796995274
7.846000000000955,-0.5360579414051891,-2.3690065332796912,20.670740683665066
7.847000000000955,-0.5304414651467984,-2.34948640507063,20.670794340802743
7.8480000000009555,-0.5254587632705723,-2.3316029100347557,20.67084846274118
7.849000000000956,-0.5211110459098287,-2.315389223374467,20.670902732783354
7.850000000000956,-0.5173970249869546,-2.300862408468134,20.670956827043153
7.8510000000009565,-0.5143127527474062,-2.288021690531855,20.671010418186874
7.852000000000957,-0.5118514886588036,-2.2768469442206185,20.671063179047835
7.853000000000957,-0.5100035954335802,-2.267297404222631,20.671114786088665
7.8540000000009575,-0.5087564649599959,-2.2593106092970228,20.671164922693265
7.855000000000958,-0.5080944749494539,-2.2528015913659476,20.67121328225793
7.856000000000958,-0.5079989771000503,-2.247662322140887,20.67125957107003
7.8570000000009586,-0.508448317528496,-2.2437614302801236,20.671303510949365
7.858000000000959,-0.5091765782600235,-2.2369250917024823,20.66913328672721
7.859000000000959,-0.3042938218407031,-2.894233709639969,20.666176006563674
7.8600000000009596,-0.3351271816992655,-3.9292368412332,20.67141873635991
7.86100000000096,-0.3316770226679168,-3.91169231761035,20.67145088713599
7.86200000000096,-0.328242776166938,-3.8943289720864644,20.671479604988725
7.8630000000009606,-0.32482426597982117,-3.877145871515734,20.671504745365148
7.864000000000961,-0.3214213147145054,-3.860142101633511,20.67152619006783
7.865000000000961,-0.31803374371484655,-3.8433167669367596,20.67154384765786
7.866000000000962,-0.31466137299960895,-3.8266689904952575,20.671557653585708
7.867000000000962,-0.31130402121348755,-3.810197913706419,20.671567570057007
7.868000000000962,-0.30796150561401847,-3.793902695997933,20.671573585656006
7.869000000000963,-0.30463364208146626,-3.777782514483734,20.671575714734722
7.870000000000963,-0.3013202451366811,-3.76183656357569,20.67157399659144
7.871000000000963,-0.2980211280003454,-3.7460640545613852,20.671568494459773
7.872000000000964,-0.2947361026620994,-3.730464215153726,20.671559294321813
7.873000000000964,-0.2914649799688342,-3.7150362890105773,20.67154650358139
7.874000000000964,-0.2882075697324157,-3.6997795352413796,20.671530249605784
7.875000000000965,-0.2849636808566954,-3.6846932278963616,20.671510678162335
7.876000000000965,-0.2817331214810821,-3.669776655447006,20.671487951782066
7.877000000000965,-0.27851569912951807,-3.655029120264836,20.67146224805672
7.878000000000966,-0.2753112208762889,-3.6404499380979325,20.671433757899216
7.879000000000966,-0.2721194935265331,-3.626038437552671,20.67140268378777
7.880000000000966,-0.26894032379788857,-3.6117939595818846,20.671369238005067
7.881000000000967,-0.2657735185117681,-3.597715856986053,20.671333640896137
7.882000000000967,-0.2626188847917442,-3.5838034939283547,20.67129611915871
7.883000000000967,-0.2594762302629663,-3.5700562454603197,20.67125690417805
7.884000000000968,-0.25634536325963836,-3.5564734970716128,20.671216230416515
7.885000000000968,-0.25322609302733184,-3.5430546442588597,20.671174333874205
7.886000000000968,-0.25011822992513755,-3.5297990921107485,20.671131450628167
7.887000000000969,-0.2470215856296824,-3.5167062549176986,20.671087815449077
7.888000000000969,-0.24393597334141903,-3.5037755558039647,20.671043660512595
7.889000000000969,-0.24086120797828722,-3.4910064263817007,20.67099921419826
7.89000000000097,-0.23779710636440535,-3.4783983064278425,20.670954699989835
7.89100000000097,-0.23474348742507356,-3.4659506435822602,20.670910335472218
7.89200000000097,-0.23170017236415666,-3.4536628930685676,20.67086633141996
7.893000000000971,-0.2286669848425925,-3.441534517435696,20.67082289098829
7.894000000000971,-0.2256437511453231,-3.429564986321587,20.67078020899918
7.895000000000971,-0.2226303003400531,-3.4177537762350747,20.67073847131619
7.896000000000972,-0.21962646443271905,-3.406100370356816,20.670697854310035
7.897000000000972,-0.216632078507948,-3.3946042583586102,20.670658524412545
7.898000000000972,-0.21364698086583273,-3.38326493623926,20.670620637749693
7.899000000000973,-0.2106710131452741,-3.372081906175546,20.670584339849974
7.900000000000973,-0.2077040204431112,-3.3610546763895535,20.670549765430316
7.901000000000973,-0.20474585141296148,-3.350182761027846,20.670517038244117
7.902000000000974,-0.2017963583631267,-3.3394656800532148,20.670486270992008
7.903000000000974,-0.1988553973451629,-3.3289029591494734,20.670457565296367
7.904000000000974,-0.19592282821903098,-3.3184941296343355,20.670431011720257
7.905000000000975,-0.19299851471912,-3.308238728384123,20.670406689838877
7.906000000000975,-0.19008232450629176,-3.2981362977671185,20.670384668350273
7.907000000000975,-0.18717412920190496,-3.2881863855821782,20.670365005225968
7.908000000000976,-0.1842738044176483,-3.2783885450070285,20.670347747897956
7.909000000000976,-0.1813812297669275,-3.2687423345520505,20.67033293347083
7.910000000000976,-0.17849628886730476,-3.259247318019866,20.67032058896062
7.911000000000977,-0.17561886933224416,-3.2499030644710936,20.670310731557613
7.912000000000977,-0.1727488627409272,-3.2407091481932557,20.67030336890692
7.913000000000977,-0.16988616459816777,-3.2316651486753165,20.670298499401415
7.914000000000978,-0.16703067428883003,-3.2227706505859928,20.670296112493055
7.915000000000978,-0.16418229501315126,-3.214025243755025,20.67029618901087
7.916000000000978,-0.16134093369593266,-3.205428523160718,20.670298701481343
7.917000000000979,-0.15850650090068086,-3.1969800889174094,20.67030361446522
7.918000000000979,-0.15567891072059298,-3.1886795462677475,20.670310884889723
7.919000000000979,-0.15285808065359882,-3.180526505579104,20.670320462382627
7.92000000000098,-0.1500439314644331,-3.172520582342228,20.670332289613256
7.92100000000098,-0.14723638703223138,-3.164661397174173,20.670346302623788
7.92200000000098,-0.14443537418774202,-3.156948575822703,20.670362431164914
7.923000000000981,-0.1416408225299987,-3.149381749176434,20.670380599029695
7.924000000000981,-0.1388526642345685,-3.141960553277835,20.67040072437597
7.925000000000981,-0.1360708338435778,-3.1346846293396555,20.670422720055306
7.926000000000982,-0.1332952680484883,-3.1275536237662234,20.670446493932452
7.927000000000982,-0.13052590545752887,-3.1205671881782537,20.670471949196894
7.928000000000982,-0.12776268635048546,-3.113724979442774,20.6704989846787
7.929000000000983,-0.1250055524223565,-3.107026659707691,20.67052749515382
7.930000000000983,-0.12225444652313885,-3.100471896441754,20.670557371646268
7.931000000000983,-0.11950931238170165,-3.09406036247912,20.670588501726943
7.932000000000984,-0.11677009432139007,-3.0877917360694234,20.670620769811464
7.933000000000984,-0.11403673697517178,-3.081665700934953,20.67065405745248
7.934000000000984,-0.11130918499195153,-3.075681946333031,20.67068824362945
7.935000000000985,-0.10858738273868199,-3.069840167124483,20.67072320504024
7.936000000000985,-0.10587127399816745,-3.064140063849267,20.67075881639234
7.937000000000985,-0.10316080166835223,-3.0585813428094024,20.670794950690684
7.938000000000986,-0.1004559074629933,-3.053163716158272,20.670831479530865
7.939000000000986,-0.09775653161439277,-3.047886901997168,20.670868273398515
7.940000000000986,-0.09506261257542667,-3.0427506244803837,20.6709052019656
7.941000000000987,-0.09237408673338934,-3.0377546139283496,20.670942134400327
7.942000000000987,-0.08969088812915649,-3.032898606946753,20.67097893968314
7.943000000000987,-0.08701294818378413,-3.0281823465559694,20.671015486928273
7.944000000000988,-0.08434019543758547,-3.0236055823293753,20.67105164572404
7.945000000000988,-0.08167255530374934,-3.01916807053797,20.671087286481065
7.946000000000988,-0.07900994983126561,-3.0148695743059837,20.67112228080063
7.947000000000989,-0.07635229748818936,-3.010709863775896,20.671156501862423
7.948000000000989,-0.07369951296260019,-3.0066887162815616,20.6711898248278
7.949000000000989,-0.07105150697803903,-3.0028059165312984,20.671222127271854
7.95000000000099,-0.06840818613412022,-2.99906125680236,20.671253289645684
7.95100000000099,-0.06576945276165158,-2.9954545371436865,20.67128319576132
7.95200000000099,-0.0631352048082244,-2.9919855655909453,20.671311733313882
7.953000000000991,-0.0605053357456318,-2.9886541583917827,20.671338794440423
7.954000000000991,-0.057879734492334856,-2.985460140242612,20.671364276319665
7.955000000000991,-0.05525828537260266,-2.982403344536949,20.671388081816666
7.956000000000992,-0.05264086809601323,-2.9794836136266003,20.671410120171647
7.957000000000992,-0.05002735775983988,-2.976700799095986,20.67143030774211
7.958000000000992,-0.047417624882541504,-2.974054762048161,20.6714485688021
7.959000000000993,-0.04481153545627395,-2.9715453734065975,20.67146483640058
7.960000000000993,-0.042208951035353895,-2.9691725142308196,20.671479053277952
7.961000000000993,-0.03960972884284715,-2.9669360760482775,20.67149117285526
7.962000000000994,-0.03701372189814145,-2.9648359612009596,20.67150116029279
7.963000000000994,-0.03442077918824643,-2.9628720832097875,20.671508993614633
7.964000000000994,-0.03183074584302535,-2.961044367157088,20.67151466491877
7.965000000000995,-0.029243463346815823,-2.9593527500870014,20.671518181661206
7.966000000000995,-0.026658769773583307,-2.957797181425521,20.67151956801594
7.967000000000995,-0.0240765000393489,-2.956377623421451,20.671518866324806
7.968000000000996,-0.02149648618986988,-2.955094051608299,20.671516138617704
7.969000000000996,-0.01891855769949055,-2.9539464552876553,20.671511468216966
7.970000000000996,-0.016342541806170903,-2.9529348380364815,20.67150496142367
7.971000000000997,-0.013768263861329212,-2.9520592182380705,20.671496749266797
7.972000000000997,-0.011195547705549348,-2.9513196296369455,20.67148698932489
7.973000000000997,-0.008624216078575227,-2.950716121918574,20.671475867611186
7.974000000000998,-0.006054091048500569,-2.9502487613151045,20.6714636004994
7.975000000000998,-0.0034849944682610184,-2.949917631237655,20.67145043669352
7.976000000000998,-0.000931524884626847,-2.9497213665404933,20.67143089923097
7.977000000000999,0.001620404759873885,-2.949662064442334,20.671410939501257
7.978000000000999,0.004216775803903859,-2.9497432678798923,20.671408428805854
7.979000000000999,0.006841896707157444,-2.949961763643304,20.6714168198529
7.980000000001,0.00946535864367351,-2.9503147123655147,20.67142450617009
7.981000000001,0.01208729957233523,-2.950802309611424,20.67143181490355
7.982000000001,0.014707855488306262,-2.9514247368981694,20.67143902310328
7.983000000001001,0.01732716124218664,-2.9521821631874627,20.671446361646765
7.984000000001001,0.01994535130035515,-2.953074746300074,20.67145401904119
7.985000000001001,0.022562560442719898,-2.9541026342524264,20.67146214510224
7.986000000001002,0.0251789243866236,-2.955265966521541,20.671470854482862
7.987000000001002,0.027794580349448032,-2.9565648752373486,20.671480230039585
7.988000000001002,0.030409667544702694,-2.9579994863077532,20.671490326031673
7.989000000001003,0.03302432760978684,-2.9595699204796464,20.671501171142094
7.990000000001003,0.03563870496778922,-2.9612762943359976,20.67151277132049
7.991000000001003,0.03825294713344461,-2.9631187212337258,20.6715251124418
7.992000000001004,0.040867204946297045,-2.965097312186539,20.6715381627929
7.993000000001004,0.04348163275182472,-2.9672121766918598,20.671551875376082
7.994000000001004,0.04609638852608215,-2.9694634235065847,20.671566190041286
7.995000000001005,0.04871163393827595,-2.9718511613745515,20.67158103545687
7.996000000001005,0.05132753437202278,-2.9743754997066305,20.671596330909697
7.997000000001005,0.05394425888894595,-2.9770365492172526,20.671611987961768
7.998000000001006,0.05656198015100761,-2.979834422518721,20.671627911953745
7.999000000001006,0.05918087430561993,-2.982769234677169,20.671644003370808
8.000000000001005,0.061801120823341646,-2.9858411037254484,20.67166015908386
8.001000000001005,0.06442290231077033,-2.9890501511466545,20.671676273462595
8.002000000001004,0.06704640428517994,-2.99239650232378,20.67169223937627
8.003000000001004,0.06967181492624336,-2.9958802869517003,20.671707949091115
8.004000000001003,0.0722993248095011,-2.9995016394230376,20.671723295070763
8.005000000001003,0.07492912660827229,-3.0032606991839437,20.671738170682275
8.006000000001002,0.07756141479274169,-3.0071576110629277,20.67175247082512
8.007000000001002,0.08019638531252551,-3.0111925255745025,20.67176609248292
8.008000000001001,0.08283423526733935,-3.015365599197801,20.671778935210618
8.009000000001,0.08547516257889706,-3.019676994632847,20.671790901553702
8.010000000001,0.08811936566154818,-3.0241268810336015,20.671801897418717
8.011000000001,0.09076704308850832,-3.028715434223203,20.671811832395946
8.012000000000999,0.09341839326950066,-3.033442836888405,20.671820620028896
8.013000000000998,0.09607361412960465,-3.038309278754311,20.671828178058647
8.014000000000998,0.09873290280390458,-3.043314956744754,20.671834428625367
8.015000000000997,0.10139645534413273,-3.048460075125722,20.67183929844239
8.016000000000997,0.10406446643383087,-3.05374484563297,20.671842718949136
8.017000000000996,0.10673712912245585,-3.059169487586596,20.67184462643728
8.018000000000995,0.10941463458086487,-3.0647342279912877,20.671844962165004
8.019000000000995,0.11209717187427,-3.0704393016250893,20.671843672451832
8.020000000000994,0.1147849277495982,-3.0762849511178034,20.671840708762318
8.021000000000994,0.11747808645173743,-3.0822714270164497,20.671836027782874
8.022000000000993,0.12017682955672263,-3.08839898784227,20.671829591488446
8.023000000000993,0.12288133582612161,-3.0946679001401574,20.671821367203705
8.024000000000992,0.1255917810890547,-3.101078438517115,20.67181132766467
8.025000000000992,0.1283083381410176,-3.1076308856746118,20.671799451072463
8.026000000000991,0.13103117666596553,-3.114325532434912,20.67178572114897
8.02700000000099,0.13376046317722445,-3.1211626777593287,20.671770127194378
8.02800000000099,0.13649636098676476,-3.1281426287627707,20.671752664140378
8.02900000000099,0.13923903018870348,-3.135265700721838,20.67173333260729
8.030000000000989,0.14198862765831488,-3.142532217079573,20.67171213896469
8.031000000000988,0.1447453070782888,-3.149942509445104,20.67168909539005
8.032000000000988,0.14750921897674335,-3.1574969175907164,20.671664219931337
8.033000000000987,0.1502805107825944,-3.1651957894463063,20.671637536570802
8.034000000000987,0.15305932689227233,-3.1730394810897113,20.67160907528868
8.035000000000986,0.15584580875421725,-3.18102835673508,20.671578872128848
8.036000000000985,0.1586400949655133,-3.189162788720745,20.671546969263083
8.037000000000985,0.16144232137484685,-3.1974431574935336,20.671513415057795
8.038000000000984,0.16425262120056675,-3.205869851591361,20.671478264131558
8.039000000000984,0.16707112515054004,-3.214443267625974,20.671441577415035
8.040000000000983,0.16989796155106926,-3.2231638102628124,20.671403422205245
8.041000000000983,0.17273325648926258,-3.232031892200471,20.67136387221418
8.042000000000982,0.17557713394378735,-3.241047934147286,20.671323007605732
8.043000000000982,0.1784297159322029,-3.2502123647979495,20.67128091502343
8.044000000000981,0.1812911226542473,-3.259525620808417,20.671237687612578
8.04500000000098,0.18416147263412225,-3.2689881467671134,20.67119342501934
8.04600000000098,0.1870408828705471,-3.278600395165915,20.67114823337854
8.04700000000098,0.189929468977376,-3.2883628263691715,20.671102225279242
8.048000000000979,0.19282734532429782,-3.298275908576569,20.671055519710194
8.049000000000978,0.19573462517551724,-3.308340117785595,20.6710082419834
8.050000000000978,0.19865142082958093,-3.3185559377503573,20.6709605236201
8.051000000000977,0.20157784374870277,-3.3289238599337896,20.670912502215362
8.052000000000977,0.20451400468377526,-3.3394443834565033,20.670864321265995
8.053000000000976,0.2074600137987387,-3.350118015038856,20.67081612995745
8.054000000000975,0.21041598079045237,-3.3609452689381842,20.67076808291319
8.055000000000975,0.2133820149976671,-3.3719266668772105,20.670720339896747
8.056000000000974,0.21635822550752995,-3.38306273796515,20.670673065469224
8.057000000000974,0.21934472125688897,-3.3943540186110814,20.670626428593852
8.058000000000973,0.22234161113041737,-3.4058010524250175,20.670580602183712
8.059000000000973,0.2253490040496737,-3.417404390111746,20.67053576259633
8.060000000000972,0.22836700905373736,-3.429164589352178,20.670492089064584
8.061000000000972,0.23139573538309277,-3.441082214671405,20.670449763065037
8.062000000000971,0.23443529255466222,-3.4531578372968506,20.67040896762194
8.06300000000097,0.23748579042976375,-3.4653920350008987,20.670369886543263
8.06400000000097,0.24054733927937177,-3.4777853919298707,20.670332703589168
8.06500000000097,0.2436200498484706,-3.4903384984203383,20.670297601570002
8.066000000000969,0.2467040334127647,-3.5030519507981603,20.67026476137795
8.067000000000968,0.2497994018313116,-3.5159263511632712,20.67023436095002
8.068000000000968,0.2529062676038873,-3.528962307161951,20.67020657416496
8.069000000000967,0.25602474391688956,-3.542160431740678,20.670181569677904
8.070000000000967,0.2591549446887101,-3.5555213428871886,20.670159509696433
8.071000000000966,0.26229698461873674,-3.5690456633576484,20.670140548703124
8.072000000000966,0.2654509792303896,-3.582734020391679,20.670124832133602
8.073000000000965,0.2686170449119505,-3.5965870454149442,20.67011249501168
8.074000000000964,0.2717952989561465,-3.6106053737305563,20.670103660561786
8.075000000000964,0.2749858596034669,-3.624789644204859,20.670098438798725
8.076000000000963,0.2781888460803278,-3.639140498944289,20.670096925113885
8.077000000000963,0.2814043786343637,-3.6536585829717474,20.670099198871196
8.078000000000962,0.28463257857378677,-3.6683445439017324,20.670105322022273
8.079000000000962,0.28787356830033584,-3.683199031614886,20.67011533777048
8.080000000000961,0.29112747134494615,-3.6982226979457593,20.67012926928416
8.08100000000096,0.29439441240058434,-3.7134161963773917,20.67014711849187
8.08200000000096,0.2976745173548855,-3.7287801817485424,20.670168864976162
8.08300000000096,0.3009679133137685,-3.7443153099878024,20.670194464983027
8.084000000000959,0.30427472862953076,-3.760022237866834,20.67022385056789
8.085000000000958,0.30759509292682363,-3.7759016227841222,20.670256928899526
8.086000000000958,0.3109291371217884,-3.791954122586218,20.67029358175318
8.087000000000957,0.31427699343735443,-3.808180395428267,20.670333665188735
8.088000000000957,0.3176387954152684,-3.824581099680522,20.670377009453098
8.089000000000956,0.3210146779296724,-3.8411568938861063,20.67042341912155
8.090000000000956,0.32440477718879435,-3.8579084367743506,20.67047267347914
8.091000000000955,0.3278092307368862,-3.874836387336631,20.67052452717381
8.092000000000954,0.33122817745153055,-3.8919414049672243,20.67057871113567
8.093000000000954,0.3346617575366656,-3.9092241496732534,20.670634933777357
8.094000000000953,0.29331098520958016,-2.9220849002200726,20.643763046481347
8.095000000000953,-0.01439726507570991,-2.271406483252096,20.647753120639816
8.096000000000952,-0.011193416552147936,-2.290505934252097,20.657667251956255
8.097000000000952,-0.008486707615279039,-2.3094053425810213,20.668258039878253
8.098000000000951,-0.007027569882708931,-2.3166408374185266,20.67093505621354
8.09900000000095,-0.006319373547630805,-2.321876422921759,20.670996348970192
8.10000000000095,-0.006136354751481693,-2.3290111279820978,20.671057168386284
8.10100000000095,-0.0064840298966195725,-2.33808890440764,20.671117118967388
8.102000000000949,-0.007367282579435419,-2.3491338876443377,20.67117580542294
8.103000000000948,-0.008790328266783234,-2.362151413016041,20.671232836230804
8.104000000000948,-0.010756680694088618,-2.3771292123252947,20.67128782731676
8.105000000000947,-0.01326912069405864,-2.3940387816188373,20.671340405805473
8.106000000000947,-0.016329668053379764,-2.4128369130523195,20.67139021382662
8.107000000000946,-0.019939556907711778,-2.433467385951304,20.67143691233179
8.108000000000946,-0.02409921505797407,-2.4558628143234413,20.67148018488524
8.109000000000945,-0.028808247487950828,-2.479946650114169,20.67151974140461
8.110000000000944,-0.034065424252950054,-2.505635343349522,20.671555321816182
8.111000000000944,0.044463764365628614,-1.904040238158423,20.67158669959577
8.112000000000943,0.04054160847735754,-1.9172630950019824,20.671613685175
8.113000000000943,0.0361346336651039,-1.9314089761832858,20.671636129192926
8.114000000000942,0.03125623512035444,-1.9463517792556457,20.671653925569984
8.115000000000942,0.025920358604453568,-1.9619732862379675,20.671667014406303
8.116000000000941,0.020141296382149974,-1.9781672208315926,20.67167538468714
8.11700000000094,0.013933468061942702,-1.9948435391893242,20.67167907680588
8.11800000000094,0.007311186463794989,-2.0119329590073374,20.67167818491224
8.11900000000094,0.00028840866488782924,-2.0293917304230558,20.671672859093153
8.120000000000939,-0.007121527608289928,-2.0472066506305087,20.671663307409414
8.121000000000938,0.036347531696551943,-1.8680979099238595,20.671649797823555
8.122000000000938,0.15308678924377636,-1.4741629602261053,20.671632660044814
8.123000000000937,0.2749043382224809,-1.153410356429083,20.67161228733258
8.124000000000937,0.4018651521273856,-0.9045832797659892,20.67158913831343
8.125000000000936,0.5340081646743644,-0.7288573349822944,20.671563738860534
8.126000000000936,0.6495032055101766,-0.6902401474032596,20.671506752560326
8.127000000000935,-0.0035721582534214095,0.008269552889293055,10.217069335914598
8.128000000000934,-1.8189165317020857,-0.4788031591194457,0.0
8.129000000000934,-1.6660229190058984,0.2900029391675112,0.0
8.130000000000933,-1.5141003456005122,0.9681913117976535,0.0
8.131000000000933,-1.3632853505346043,1.5623636088627704,0.0
8.132000000000932,-1.2137943874637949,2.075644843957156,0.0
8.133000000000932,-1.065927330217546,2.5079825226675947,0.0
8.134000000000931,-0.9200705535036149,2.8564824475434367,0.0
8.13500000000093,-0.7766998826715625,3.1157842683120456,0.0
8.13600000000093,-0.6363833403573198,3.2784845964895593,0.0
8.13700000000093,-0.4997832166408189,3.335619233954698,0.0
8.138000000000929,-0.3676565627969579,3.27721822090178,0.0
8.139000000000928,-0.2408527819610431,3.092947130782644,0.0
8.140000000000928,-0.1203066102779693,2.772844223362255,0.0
8.141000000000927,-0.049725049625643704,2.5200418554771766,0.0
8.142000000000927,0.291951707147846,2.28485076179129,0.527003976748011
8.143000000000926,0.2890472305363123,2.2773826736032676,0.5493935128047269
8.144000000000926,-0.0006947124286725333,2.218971346864054,0.5608996213996902
8.145000000000925,-0.0014155893410369687,2.2118427649940644,0.5813828326576026
8.146000000000925,-0.0017858358754785746,2.205163734681374,0.601034568409289
8.147000000000924,-0.001804623002938788,2.1989408733379134,0.6198543739002328
8.148000000000923,-0.001471853098966156,2.193179872852357,0.637842482234281
8.149000000000923,-0.0007881877160911361,2.187885511801636,0.6549998088091458
8.150000000000922,0.0002449317851708462,2.1830616701736205,0.6713279451543193
8.151000000000922,0.0016252707261145104,2.1787113465930763,0.6868291522242023
8.152000000000921,0.0033497946464905413,2.1748366780004917,0.7015063532469283
8.15300000000092,0.0054146697576088485,2.1714389617095478,0.7153631261765006
8.15400000000092,0.007815270105625886,2.1685186797422986,0.7284036957733684
8.15500000000092,0.010546191193265579,2.1660755253016895,0.740632925364736
8.156000000000919,0.013601269746951548,2.1641084312194834,0.752056308295441
8.157000000000918,0.016973609257867443,2.1626156001911214,0.7626799590757521
8.158000000000918,0.020655610880069567,2.1615945365822418,0.7725106042373022
8.159000000000917,0.02463900922563418,2.1610420795733196,0.7815555728986815
8.160000000000917,0.2608766371602724,1.7636350768049869,0.7939990200363276
8.161000000000916,0.6047755012322316,0.8912345413480957,0.7736659994018629
8.162000000000916,0.0,0.0,0.0
8.163000000000915,0.0,0.0,0.0
8.164000000000915,0.0,0.0,0.0
8.165000000000914,0.0,0.0,0.0
8.166000000000913,0.0,0.0,0.0
8.167000000000913,0.0,0.0,0.0
8.168000000000912,0.0,0.0,0.0
8.169000000000912,0.0,0.0,0.0
8.170000000000911,0.0,0.0,0.0
8.17100000000091,0.0,0.0,0.0
8.17200000000091,0.0,0.0,0.0
8.17300000000091,0.0,0.0,0.0
8.174000000000909,0.0,0.0,0.0
8.175000000000908,0.0,0.0,0.0
8.176000000000908,0.0,0.0,0.0
8.177000000000907,0.0,0.0,0.0
8.178000000000907,0.0,0.0,0.0
8.179000000000906,0.0,0.0,0.0
8.180000000000906,0.0,0.0,0.0
8.181000000000905,0.0,0.0,0.0
8.182000000000905,0.0,0.0,0.0
8.183000000000904,0.0,0.0,0.0
8.184000000000903,0.0,0.0,0.0
8.185000000000903,0.0,0.0,0.0
8.186000000000902,0.0,0.0,0.0
8.187000000000902,0.0,0.0,0.0
8.188000000000901,0.0,0.0,0.0
8.1890000000009,0.0,0.0,0.0
8.1900000000009,0.0,0.0,0.0
8.1910000000009,0.0,0.0,0.0
8.192000000000899,0.0,0.0,0.0
8.193000000000898,0.0,0.0,0.0
8.194000000000898,0.0,0.0,0.0
8.195000000000897,0.0,0.0,0.0
8.196000000000897,0.0,0.0,0.0
8.197000000000896,0.0,0.0,0.0
8.198000000000896,0.0,0.0,0.0
8.199000000000895,0.0,0.0,0.0
8.200000000000895,0.0,0.0,0.0
8.201000000000894,0.0,0.0,0.0
8.202000000000893,0.0,0.0,0.0
8.203000000000893,0.0,0.0,0.0
8.204000000000892,0.0,0.0,0.0
8.205000000000892,0.0,0.0,0.0
8.206000000000891,0.0,0.0,0.0
8.20700000000089,0.0,0.0,0.0
8.20800000000089,0.0,0.0,0.0
8.20900000000089,0.0,0.0,0.0
8.210000000000889,0.0,0.0,0.0
8.211000000000888,0.0,0.0,0.0
8.212000000000888,0.0,0.0,0.0
8.213000000000887,0.0,0.0,0.0
8.214000000000887,0.0,0.0,0.0
8.215000000000886,0.0,0.0,0.0
8.216000000000886,0.0,0.0,0.0
8.217000000000885,0.0,0.0,0.0
8.218000000000885,0.0,0.0,0.0
8.219000000000884,0.0,0.0,0.0
8.220000000000883,0.0,0.0,0.0
8.221000000000883,0.0,0.0,0.0
8.222000000000882,0.0,0.0,0.0
8.223000000000882,0.0,0.0,0.0
8.224000000000881,0.0,0.0,0.0
8.22500000000088,0.0,0.0,0.0
8.22600000000088,0.0,0.0,0.0
8.22700000000088,0.0,0.0,0.0
8.228000000000879,0.0,0.0,0.0
8.229000000000879,0.0,0.0,0.0
8.230000000000878,0.0,0.0,0.0
8.231000000000877,0.0,0.0,0.0
8.232000000000877,0.0,0.0,0.0
8.233000000000876,0.0,0.0,0.0
8.234000000000876,0.0,0.0,0.0
8.235000000000875,0.0,0.0,0.0
8.236000000000875,0.0,0.0,0.0
8.237000000000874,0.0,0.0,0.0
8.238000000000874,0.0,0.0,0.0
8.239000000000873,0.0,0.0,0.0
8.240000000000872,0.0,0.0,0.0
8.241000000000872,0.0,0.0,0.0
8.242000000000871,0.0,0.0,0.0
8.24300000000087,0.0,0.0,0.0
8.24400000000087,0.0,0.0,0.0
8.24500000000087,0.0,0.0,0.0
8.246000000000869,0.0,0.0,0.0
8.247000000000869,0.0,0.0,0.0
8.248000000000868,0.0,0.0,0.0
8.249000000000867,0.0,0.0,0.0
8.250000000000867,0.0,0.0,0.0
8.251000000000866,0.0,0.0,0.0
8.252000000000866,0.0,0.0,0.0
8.253000000000865,0.0,0.0,0.0
8.254000000000865,0.0,0.0,0.0
8.255000000000864,0.0,0.0,0.0
8.256000000000864,0.0,0.0,0.0
8.257000000000863,0.0,0.0,0.0
8.258000000000862,0.0,0.0,0.0
8.259000000000862,0.0,0.0,0.0
8.260000000000861,0.0,0.0,0.0
8.26100000000086,0.0,0.0,0.0
8.26200000000086,0.0,0.0,0.0
8.26300000000086,0.0,0.0,0.0
8.264000000000859,0.0,0.0,0.0
8.265000000000859,0.0,0.0,0.0
8.266000000000858,0.0,0.0,0.0
8.267000000000857,0.0,0.0,0.0
8.268000000000857,0.0,0.0,0.0
8.269000000000856,0.0,0.0,0.0
8.270000000000856,0.0,0.0,0.0
8.271000000000855,0.0,0.0,0.0
8.272000000000855,0.0,0.0,0.0
8.273000000000854,0.0,0.0,0.0
8.274000000000854,0.0,0.0,0.0
8.275000000000853,0.0,0.0,0.0
8.276000000000852,0.0,0.0,0.0
8.277000000000852,0.0,0.0,0.0
8.278000000000851,0.0,0.0,0.0
8.27900000000085,0.0,0.0,0.0
8.28000000000085,0.0,0.0,0.0
8.28100000000085,0.0,0.0,0.0
8.28200000000085,0.0,0.0,0.0
8.283000000000849,0.0,0.0,0.0
8.284000000000848,0.0,0.0,0.0
8.285000000000847,0.0,0.0,0.0
8.286000000000847,0.0,0.0,0.0
8.287000000000846,0.0,0.0,0.0
8.288000000000846,0.0,0.0,0.0
8.289000000000845,0.0,0.0,0.0
8.290000000000845,0.0,0.0,0.0
8.291000000000844,0.0,0.0,0.0
8.292000000000844,0.0,0.0,0.0
8.293000000000843,0.0,0.0,0.0
8.294000000000842,0.0,0.0,0.0
8.295000000000842,0.0,0.0,0.0
8.296000000000841,0.0,0.0,0.0
8.29700000000084,0.0,0.0,0.0
8.29800000000084,0.0,0.0,0.0
8.29900000000084,0.0,0.0,0.0
8.30000000000084,0.0,0.0,0.0
8.301000000000839,0.0,0.0,0.0
8.302000000000838,0.0,0.0,0.0
8.303000000000837,0.0,0.0,0.0
8.304000000000837,0.0,0.0,0.0
8.305000000000836,0.0,0.0,0.0
8.306000000000836,0.0,0.0,0.0
8.307000000000835,0.0,0.0,0.0
8.308000000000835,0.0,0.0,0.0
8.309000000000834,0.0,0.0,0.0
8.310000000000834,0.0,0.0,0.0
8.311000000000833,0.0,0.0,0.0
8.312000000000833,0.0,0.0,0.0
8.313000000000832,0.0,0.0,0.0
8.314000000000831,0.0,0.0,0.0
8.31500000000083,0.0,0.0,0.0
8.31600000000083,0.0,0.0,0.0
8.31700000000083,0.0,0.0,0.0
8.31800000000083,0.0,0.0,0.0
8.319000000000829,0.0,0.0,0.0
8.320000000000828,0.0,0.0,0.0
8.321000000000828,0.0,0.0,0.0
8.322000000000827,0.0,0.0,0.0
8.323000000000826,0.0,0.0,0.0
8.324000000000826,0.0,0.0,0.0
8.325000000000825,0.0,0.0,0.0
8.326000000000825,0.0,0.0,0.0
8.327000000000824,0.0,0.0,0.0
8.328000000000824,0.0,0.0,0.0
8.329000000000823,0.0,0.0,0.0
8.330000000000823,0.0,0.0,0.0
8.331000000000822,0.0,0.0,0.0
8.332000000000821,0.0,0.0,0.0
8.33300000000082,0.0,0.0,0.0
8.33400000000082,0.0,0.0,0.0
8.33500000000082,0.0,0.0,0.0
8.33600000000082,0.0,0.0,0.0
8.337000000000819,0.0,0.0,0.0
8.338000000000818,0.0,0.0,0.0
8.339000000000818,0.0,0.0,0.0
8.340000000000817,0.0,0.0,0.0
8.341000000000816,0.0,0.0,0.0
8.342000000000816,0.0,0.0,0.0
8.343000000000815,0.0,0.0,0.0
8.344000000000815,0.0,0.0,0.0
8.345000000000814,0.0,0.0,0.0
8.346000000000814,0.0,0.0,0.0
8.347000000000813,0.0,0.0,0.0
8.348000000000813,0.0,0.0,0.0
8.349000000000812,0.0,0.0,0.0
8.350000000000811,0.0,0.0,0.0
8.35100000000081,0.0,0.0,0.0
8.35200000000081,0.0,0.0,0.0
8.35300000000081,0.0,0.0,0.0
8.35400000000081,0.0,0.0,0.0
8.355000000000809,0.0,0.0,0.0
8.356000000000808,0.0,0.0,0.0
8.357000000000808,0.0,0.0,0.0
8.358000000000807,0.0,0.0,0.0
8.359000000000806,0.0,0.0,0.0
8.360000000000806,0.0,0.0,0.0
8.361000000000805,0.0,0.0,0.0
8.362000000000805,0.0,0.0,0.0
8.363000000000804,0.0,0.0,0.0
8.364000000000804,0.0,0.0,0.0
8.365000000000803,0.0,0.0,0.0
8.366000000000803,0.0,0.0,0.0
8.367000000000802,0.0,0.0,0.0
8.368000000000801,0.0,0.0,0.0
8.369000000000801,0.0,0.0,0.0
8.3700000000008,0.0,0.0,0.0
8.3710000000008,0.0,0.0,0.0
8.3720000000008,0.0,0.0,0.0
8.373000000000799,0.0,0.0,0.0
8.374000000000798,0.0,0.0,0.0
8.375000000000798,0.0,0.0,0.0
8.376000000000797,0.0,0.0,0.0
8.377000000000796,0.0,0.0,0.0
8.378000000000796,0.0,0.0,0.0
8.379000000000795,0.0,0.0,0.0
8.380000000000795,0.0,0.0,0.0
8.381000000000794,0.0,0.0,0.0
8.382000000000794,0.0,0.0,0.0
8.383000000000793,0.0,0.0,0.0
8.384000000000793,0.0,0.0,0.0
8.385000000000792,0.0,0.0,0.0
8.386000000000791,0.0,0.0,0.0
8.387000000000791,0.0,0.0,0.0
8.38800000000079,0.0,0.0,0.0
8.38900000000079,0.0,0.0,0.0
8.39000000000079,0.0,0.0,0.0
8.391000000000789,0.0,0.0,0.0
8.392000000000788,0.0,0.0,0.0
8.393000000000788,0.0,0.0,0.0
8.394000000000787,0.6482573474799469,0.8164605184810759,0.8079429817205694
8.395000000000786,0.46159044886534684,1.6922961798174159,0.8287843593100588
8.396000000000786,0.29791524906997635,2.1095250087085677,0.8143669730709634
8.397000000000785,0.29819615709509384,2.109787488463329,0.8047301119842049
8.398000000000785,0.2989554895048792,2.1105232597127888,0.7944102594111511
8.399000000000784,0.300203035153064,2.111734113585995,0.783399461446564
8.400000000000784,0.3019476037675023,2.1134211487459904,0.7716899911045371
8.401000000000783,0.30419698494091585,2.1155847431331667,0.7592743568017225
8.402000000000783,0.30695791387058263,2.1182245269816953,0.7461453126598961
8.403000000000782,0.3102360444060033,2.12133935731373,0.7322958706673973
8.404000000000782,0.31403592991916307,2.124927294089314,0.7177193147511146
8.405000000000781,0.3183610124287571,2.1289855781779474,0.7024092167456562
8.40600000000078,0.3232136203355643,2.1335106112907374,0.6863594542426981
8.40700000000078,0.3285949750598779,2.138497937985413,0.6695642302789183
8.40800000000078,0.33450520676957674,2.143942229838157,0.6520180947591857
8.409000000000779,0.3409433793236732,2.149837271841167,0.6337159675271757
8.410000000000778,0.34790752446939205,2.1561759510663436,0.6146531629361798
8.411000000000778,0.6491615749477084,2.17252832877261,0.605832449770995
8.412000000000777,0.658704511032009,2.178161661150847,0.5850055213562317
8.413000000000777,0.6688234437409657,2.184176296677072,0.5633981844975091
8.414000000000776,0.33257996861924116,2.367807657164198,0.0
8.415000000000775,0.3331582716845842,2.332267166229476,0.0
8.416000000000775,0.3023418291094789,2.379454948086557,0.0
8.417000000000774,0.19852285040508338,2.4859417837993867,0.0
8.418000000000774,0.0740811753082734,2.464067447251752,0.0
8.419000000000773,-0.06884667516195353,2.324904237704099,0.0
8.420000000000773,-0.228283018358921,2.078978142285536,0.0
8.421000000000772,-0.4024772753070309,1.7356979152479672,0.0
8.422000000000772,-0.5899612836793477,1.3028716227401844,0.0
8.423000000000771,-0.7895950734600015,0.7862930456703925,0.0
8.42400000000077,-1.000605873930476,0.18938196427234377,0.0
8.42500000000077,-1.222622252861188,-0.48713400053464184,0.0
8.42600000000077,-1.4557043170623243,-1.2455034733860746,0.0
8.427000000000769,-1.6575568270312209,-1.9944311014654197,0.0
8.428000000000768,0.0019776069232205276,-0.008812733351915819,10.280341581566338
8.429000000000768,0.8379640484345532,0.9129158318590989,20.670044401883366
8.430000000000767,0.6559226004352563,0.6742568114664396,20.670067811887023
8.431000000000767,0.4705294816203565,0.3608882555612434,20.67009099265722
8.432000000000766,0.2824058423747055,-0.022207841776447967,20.670114539323993
8.433000000000765,0.09178280577144698,-0.47298695544206604,20.67013895845352
8.434000000000765,-0.10142089872536036,-0.9918181269037516,20.670164673621922
8.435000000000764,-0.29752180757297897,-1.5809541110239766,20.670192030589515
8.436000000000764,-0.40753776146131837,-1.9420132600091349,20.67022130215727
8.437000000000763,-0.401064073533216,-1.9273517785967236,20.670252692772344
8.438000000000763,-0.3949258408231904,-1.9129532362393014,20.67028634294548
8.439000000000762,-0.38913872848700093,-1.8988555909705522,20.670322333529697
8.440000000000762,-0.38372165825654747,-1.8851212996485367,20.670360689898843
8.441000000000761,-0.37869597701246005,-1.8718323845568188,20.670401386068114
8.44200000000076,-0.3740846630216186,-1.8590857147998174,20.670444348767077
8.44300000000076,-0.3699115708277175,-1.8469885061876385,20.670489461504367
8.44400000000076,-0.5647869360355777,-2.4623484398588293,20.670536568623476
8.445000000000759,-0.5566884317109972,-2.436863433602295,20.6705854793521
8.446000000000758,-0.5491981322169864,-2.4127629000421678,20.67063597186687
8.447000000000758,-0.5423250820537093,-2.39012315563491,20.67068779734271
8.448000000000757,-0.5360767439272821,-2.3690133190645866,20.67074068400006
8.449000000000757,-0.5304587302147861,-2.3494927909650443,20.670794341126246
8.450000000000756,-0.5254745603479738,-2.3316089256055523,20.670848463053048
8.451000000000755,-0.5211254446412575,-2.315394898035537,20.670902733083636
8.452000000000755,-0.5174100951529188,-2.3008677714168133,20.670956827333214
8.453000000000754,-0.5143245642166884,-2.288026770681907,20.671010418467556
8.454000000000754,-0.5118621113370774,-2.2768517701336797,20.67106317931909
8.455000000000753,-0.5100130992112837,-2.2673020040405776,20.671114786351225
8.456000000000753,-0.5087649196526072,-2.259315010668936,20.671164922946687
8.457000000000752,-0.5081019502314761,-2.2528058213729945,20.671213282503174
8.458000000000752,-0.5080055424353684,-2.247666407225079,20.671259571308653
8.459000000000751,-0.5084540420946266,-2.2437653961511628,20.67130351118123
8.46000000000075,-0.5091815664783045,-2.236926555187143,20.669131928837757
8.46100000000075,-0.30429731585801845,-2.8942337719459537,20.66617466629284
8.46200000000075,-0.33512717854113205,-3.929236841567921,20.671418736576225
8.463000000000749,-0.3316770195632168,-3.911692317950573,20.671450887348826
8.464000000000748,-0.3282427731161337,-3.894328972432903,20.671479605198478
8.465000000000748,-0.3248242629835637,-3.877145871868053,20.67150474557213
8.466000000000747,-0.32142131177342825,-3.860142101992609,20.671526190272758
8.467000000000747,-0.3180337408319207,-3.8433167673029014,20.671543847861237
8.468000000000746,-0.31466137017515294,-3.8266689908679368,20.67155765378744
8.469000000000745,-0.3113040184495937,-3.8101979140858164,20.671567570257864
8.470000000000745,-0.30796150291296615,-3.7939026963839533,20.671573585856397
8.471000000000744,-0.30463363944339716,-3.7777825148762054,20.67157571493498
8.472000000000744,-0.30132024256396284,-3.761836563974023,20.671573996793093
8.473000000000743,-0.29802112549532445,-3.7460640549653625,20.67156849466155
8.474000000000743,-0.2947361002266471,-3.730464215563328,20.671559294524048
8.475000000000742,-0.2914649776040021,-3.7150362894254445,20.671546503785166
8.476000000000742,-0.2882075674407432,-3.699779535660923,20.671530249809372
8.477000000000741,-0.28496367864084604,-3.684693228320035,20.67151067836702
8.47800000000074,-0.2817331193418505,-3.6697766558742666,20.67148795198814
8.47900000000074,-0.2785156970682525,-3.655029120695273,20.671462248263595
8.48000000000074,-0.2753112188951481,-3.640449938531267,20.671433758107025
8.481000000000739,-0.27211949162724675,-3.626038437987593,20.671402683995638
8.482000000000738,-0.26894032198156215,-3.6117939600181437,20.67136923821266
8.483000000000738,-0.2657735167806105,-3.597715857423536,20.671333641104034
8.484000000000737,-0.26261888314648013,-3.5838034943654637,20.671296119367447
8.485000000000737,-0.259476228704743,-3.570056245896656,20.671256904385356
8.486000000000736,-0.256345361791032,-3.5564734975074828,20.671216230622065
8.487000000000736,-0.25322609164806237,-3.5430546446929005,20.671174334078763
8.488000000000735,-0.2501182286336521,-3.5297990925420626,20.671131450830398
8.489000000000734,-0.2470215844296348,-3.516706255345915,20.671087815649706
8.490000000000734,-0.2439359722344821,-3.503775556228028,20.671043660710176
8.491000000000733,-0.24086120696224012,-3.4910064268017216,20.670999214391983
8.492000000000733,-0.23779710543893062,-3.478398306843159,20.670954700180282
8.493000000000732,-0.23474348659061894,-3.4659506439920547,20.670910335658007
8.494000000000732,-0.23170017162218562,-3.4536628934719285,20.670866331600457
8.495000000000731,-0.22866698419186096,-3.441534517832131,20.670822891163525
8.49600000000073,-0.2256437505860579,-3.4295649867111004,20.670780209167873
8.49700000000073,-0.22263029987111843,-3.4177537766167707,20.670738471478067
8.49800000000073,-0.21962646405249428,-3.406100370730094,20.670697854465274
8.499000000000729,-0.21663207821654296,-3.394604258723271,20.67065852456003
8.500000000000728,-0.2136469806608396,-3.383264936594607,20.670620637888902
8.501000000000728,-0.21067101302662622,-3.3720819065215544,20.670584339981584
8.502000000000727,-0.20770402040892944,-3.361054676725618,20.670549765552963
8.503000000000727,-0.20474585146084656,-3.3501827613534174,20.670517038356067
8.504000000000726,-0.20179635849240363,-3.339465680368395,20.670486271094163
8.505000000000726,-0.19885539755253048,-3.3289029594532,20.670457565388553
8.506000000000725,-0.19592282850281229,-3.318494129926641,20.670431011802552
8.507000000000724,-0.1929985150782595,-3.308238728665347,20.67040668990979
8.508000000000724,-0.19008232493776756,-3.2981362980366162,20.670384668409753
8.509000000000723,-0.18717412970365221,-3.2881863858398304,20.67036500527479
8.510000000000723,-0.18427380498576296,-3.278388545252645,20.67034774793538
8.511000000000722,-0.1813812303982079,-3.2687423347853595,20.670332933496347
8.512000000000722,-0.1784962895613491,-3.2592473182409236,20.67032058897415
8.513000000000721,-0.17561887008468285,-3.249903064680095,20.670310731559642
8.51400000000072,-0.17274886354688035,-3.240709148390176,20.67030336889669
8.51500000000072,-0.16988616545601762,-3.2316651488598884,20.670298499379363
8.51600000000072,-0.1670306751967282,-3.222770650757944,20.67029611245988
8.517000000000719,-0.16418229596562456,-3.2140252439151205,20.67029618896584
8.518000000000718,-0.16134093468921046,-3.205428523309097,20.670298701424972
8.519000000000718,-0.15850650193336913,-3.1969800890535787,20.670303614397774
8.520000000000717,-0.15567891178826457,-3.1886795463920268,20.670310884810412
8.521000000000717,-0.15285808175161464,-3.180526505691633,20.67032046229287
8.522000000000716,-0.1500439325901765,-3.172520582443407,20.670332289513105
8.523000000000716,-0.14723638818209886,-3.164661397264308,20.67034630251312
8.524000000000715,-0.14443537535719922,-3.1569485759018137,20.67036243104504
8.525000000000714,-0.14164082371624065,-3.149381749244823,20.670380598899627
8.526000000000714,-0.13885266543396238,-3.1419605533357275,20.67040072423687
8.527000000000713,-0.13607083505176748,-3.134684629387407,20.670422719908057
8.528000000000713,-0.13329526926206967,-3.1275536238041486,20.67044649377704
8.529000000000712,-0.1305259066731753,-3.1205671882065094,20.67047194903467
8.530000000000712,-0.12776268756479778,-3.1137249794618125,20.67049898450936
8.531000000000711,-0.1250055536323017,-3.1070266597181573,20.67052749497748
8.53200000000071,-0.12225444772534069,-3.1004718964436377,20.670557371464064
8.53300000000071,-0.11950931357267364,-3.0940603624726783,20.670588501539992
8.53400000000071,-0.11677009549816508,-3.0877917360552214,20.670620769619294
8.535000000000709,-0.11403673813529405,-3.081665700913428,20.670654057255653
8.536000000000708,-0.11130918613211474,-3.075681946304506,20.670688243429375
8.537000000000708,-0.10858738385622993,-3.069840167089176,20.67072320483791
8.538000000000707,-0.10587127509096125,-3.064140063807615,20.67075881618804
8.539000000000707,-0.10316080273317124,-3.058581342761771,20.670794950484098
8.540000000000706,-0.10045590849896929,-3.053163716104946,20.67083147932337
8.541000000000706,-0.09775653262005796,-3.047886901938565,20.670868273190393
8.542000000000705,-0.09506261354776446,-3.0427506244171045,20.670905201758348
8.543000000000704,-0.09237408767243235,-3.037754613860428,20.67094213419437
8.544000000000704,-0.08969088903219871,-3.0328986068743586,20.67097893947795
8.545000000000703,-0.0870129490488166,-3.028182346479765,20.671015486724997
8.546000000000703,-0.08434019626656356,-3.023605582249438,20.671051645522883
8.547000000000702,-0.08167255609490931,-3.0191680704544526,20.671087286282855
8.548000000000702,-0.07900995058322824,-3.014869574219316,20.671122280606788
8.549000000000701,-0.07635229820238484,-3.0107098636864915,20.671156501672556
8.5500000000007,-0.07369951363973926,-3.0066887161893368,20.67118982464151
8.5510000000007,-0.0710515076190627,-3.002805916436458,20.671222127090825
8.5520000000007,-0.06840818673790591,-2.999061256705286,20.67125328947035
8.553000000000699,-0.06576945332852754,-2.995454537044514,20.671283195591204
8.554000000000698,-0.06313520534113001,-2.991985565489782,20.67131173314916
8.555000000000698,-0.06050533624507792,-2.9886541582888775,20.671338794282335
8.556000000000697,-0.057879734960535334,-2.9854601401378607,20.671364276168603
8.557000000000697,-0.055258285811723123,-2.982403344430592,20.671388081672088
8.558000000000696,-0.05264086850769947,-2.9794836135188527,20.671410120033883
8.559000000000696,-0.05002735814640147,-2.9767007989866947,20.671430307611498
8.560000000000695,-0.04741762524570994,-2.9740547619374325,20.671448568679498
8.561000000000694,-0.044811535799772345,-2.971545373294529,20.67146483628538
8.562000000000694,-0.042208951361485475,-2.9691725141175964,20.671479053170387
8.563000000000693,-0.03960972915309975,-2.966936075933937,20.671491172755864
8.564000000000693,-0.03701372219758842,-2.9648359610854915,20.671501160200332
8.565000000000692,-0.03442077947913169,-2.9628720830933095,20.671508993530463
8.566000000000692,-0.03183074612794942,-2.961044367039575,20.671514664843045
8.567000000000691,-0.02924346363031971,-2.959352749968491,20.67151818159296
8.56800000000069,-0.026658770057906733,-2.957797181306253,20.671519567955933
8.56900000000069,-0.024076500326256897,-2.9563776233014734,20.671518866272613
8.57000000000069,-0.02149648648186457,-2.9550940514877695,20.671516138572564
8.571000000000689,-0.018918558001675315,-2.953946455166726,20.671511468180547
8.572000000000688,-0.01634254212100951,-2.952934837915307,20.6715049613958
8.573000000000688,-0.013768264188884896,-2.9520592181170215,20.671496749246494
8.574000000000687,-0.011195548048960433,-2.95131962951627,20.67148698931294
8.575000000000687,-0.008624216440553799,-2.9507161217985045,20.671475867607423
8.576000000000686,-0.00605409143096701,-2.950248761196253,20.671463600503458
8.577000000000686,-0.0034849948716081935,-2.949917631120341,20.671450436705328
8.578000000000685,-0.0009315253161319703,-2.9497213664256305,20.671430899254688
8.579000000000685,0.0016204043005643362,-2.9496620643310645,20.671410939537843
8.580000000000684,0.004216775338138731,-2.9497432677717947,20.671408428842923
8.581000000000683,0.006841896248303239,-2.9499617635372553,20.67141681988266
8.582000000000683,0.009465358192943925,-2.9503147122610596,20.671424506192636
8.583000000000682,0.012087299128592084,-2.950802309508259,20.671431814919114
8.584000000000682,0.014707855050320913,-2.9514247367959516,20.671439023113244
8.585000000000681,0.01732716081077272,-2.952182163086064,20.671446361651732
8.58600000000068,0.019945350878509627,-2.9530747461993805,20.671454019041413
8.58700000000068,0.022562560029609567,-2.9541026341522345,20.671462145098662
8.58800000000068,0.025178923983016473,-2.955265966422037,20.6714708544761
8.589000000000679,0.02779457995838862,-2.956564875138975,20.67148023002974
8.590000000000678,0.030409667166585948,-2.9579994862106482,20.671490326020503
8.591000000000678,0.033024327245744944,-2.9595699203839563,20.671501171130235
8.592000000000677,0.03563870462046977,-2.9612762942416997,20.671512771307164
8.593000000000677,0.0382529468030867,-2.963118721141072,20.67152511242848
8.594000000000676,0.040867204633667956,-2.9650973120960167,20.671538162780745
8.595000000000676,0.04348163245932023,-2.9672121766038755,20.671551875364816
8.596000000000675,0.04609638825446026,-2.969463423421308,20.671566190031804
8.597000000000675,0.04871163368852445,-2.97185116129213,20.6715810354494
8.598000000000674,0.051327534145022544,-2.9743754996274,20.67159633090524
8.599000000000673,0.053944258685001606,-2.977036549141599,20.671611987960546
8.600000000000673,0.05656197997056485,-2.9798344224468454,20.671627911955877
8.601000000000672,0.05918087414850508,-2.982769234608069,20.67164400337732
8.602000000000672,0.06180112069048098,-2.985841103659302,20.67166015909391
8.603000000000671,0.06442290220228698,-2.9890501510846557,20.671676273476727
8.60400000000067,0.06704640419917288,-2.9923965022660806,20.671692239394787
8.60500000000067,0.06967181486319382,-2.9958802868987906,20.671707949113657
8.60600000000067,0.07229932476779742,-2.999501639374876,20.67172329509781
8.607000000000669,0.07492912658770594,-3.0032606991405038,20.671738170713706
8.608000000000668,0.07756141479225129,-3.0071576110243052,20.67175247086096
8.609000000000668,0.08019638532969584,-3.0111925255406526,20.671766092523484
8.610000000000667,0.0828342353006048,-3.0153655991688844,20.671778935255364
8.611000000000667,0.08547516262719088,-3.019676994608427,20.67179090160202
8.612000000000666,0.08811936572395594,-3.0241268810138733,20.671801897471475
8.613000000000666,0.09076704316205855,-3.0287154342082574,20.671811832452445
8.614000000000665,0.09341839335200688,-3.0334428368777653,20.67182062008842
8.615000000000665,0.09607361421838828,-3.0383092787477053,20.67182817812185
8.616000000000664,0.09873290289763222,-3.043314956742053,20.67183442869211
8.617000000000663,0.10139645544110103,-3.048460075126866,20.67183929851189
8.618000000000663,0.10406446652940282,-3.053744845637869,20.67184271902022
8.619000000000662,0.10673712921376749,-3.0591694875947804,20.67184462651033
8.620000000000662,0.10941463466764512,-3.064734228002352,20.671844962240293
8.621000000000661,0.1120971719533565,-3.070439301639217,20.671843672528457
8.62200000000066,0.11478492781761147,-3.076284951134607,20.67184070884012
8.62300000000066,0.11747808650633636,-3.0822714270352884,20.671836027861694
8.62400000000066,0.12017682959520753,-3.0883989878630755,20.6718295915668
8.625000000000659,0.12288133584667194,-3.094667900162832,20.671821367281645
8.626000000000658,0.12559178108753274,-3.101078438541174,20.671811327742386
8.627000000000658,0.1283083381155677,-3.1076308856997965,20.671799451149695
8.628000000000657,0.1310311766149107,-3.1143255324610957,20.67178572122542
8.629000000000657,0.13376046309812822,-3.1211626777863435,20.671770127269163
8.630000000000656,0.13649636087609782,-3.1281426287899183,20.671752664213212
8.631000000000656,0.1392390300444176,-3.135265700749203,20.67173333267815
8.632000000000655,0.1419886274791872,-3.142532217106749,20.6717121390336
8.633000000000655,0.14474530686142598,-3.149942509471886,20.671689095456255
8.634000000000654,0.1475092187206498,-3.15749691761762,20.671664219995208
8.635000000000653,0.15028051048538993,-3.1651957894723606,20.67163753663246
8.636000000000653,0.1530593265523785,-3.1730394811146088,20.671609075347277
8.637000000000652,0.1558458083698263,-3.181028356759251,20.67157887218431
8.638000000000652,0.15864009453492245,-3.1891627887440896,20.67154696931647
8.639000000000651,0.16144232089834296,-3.197443157515748,20.671513415107803
8.64000000000065,0.16425262067604895,-3.20586985161232,20.67147826417788
8.64100000000065,0.16707112457459558,-3.2144432676456685,20.671441577458538
8.64200000000065,0.16989796092640563,-3.2231638102814535,20.671403422246158
8.643000000000649,0.17273325581486462,-3.232031892218114,20.671363872252204
8.644000000000648,0.17557713321742288,-3.2410479341642002,20.671323007640787
8.645000000000648,0.1784297151536881,-3.250212364813814,20.671280915056457
8.646000000000647,0.18129112182356577,-3.2595256208232626,20.67123768764325
8.647000000000647,0.18416147175218459,-3.2689881467814206,20.671193425047694
8.648000000000646,0.18704088193728313,-3.278600395180021,20.671148233404413
8.649000000000646,0.18992946799171628,-3.288362826382963,20.67110222530304
8.650000000000645,0.19282734428688128,-3.2982759085900617,20.671055519733564
8.651000000000645,0.19573462408743017,-3.3083401177993776,20.67100824200515
8.652000000000644,0.19865141969206726,-3.318555937764888,20.67096052364028
8.653000000000644,0.20157784256284314,-3.328923859949043,20.670912502235318
8.654000000000643,0.2045140034489565,-3.3394443834725793,20.670864321285677
8.655000000000642,0.20746001251714752,-3.350118015056661,20.670816129977275
8.656000000000642,0.21041597946395185,-3.360945268957981,20.67076808293281
8.657000000000641,0.21338201362662115,-3.371926666899279,20.670720339916684
8.65800000000064,0.2163582240930955,-3.383062737990115,20.670673065489993
8.65900000000064,0.21934471980143783,-3.3943540186391417,20.67062642861581
8.66000000000064,0.22234160963669303,-3.405801052456729,20.670580602207167
8.661000000000639,0.22534900251896597,-3.417404390147613,20.670535762620887
8.662000000000639,0.2283670074860935,-3.4291645893924754,20.670492089090732
8.663000000000638,0.23139573378391426,-3.4410822147166584,20.670449763093043
8.664000000000637,0.23443529092651577,-3.453157837347511,20.670408967651973
8.665000000000637,0.237485788772903,-3.465392035057576,20.67036988657592
8.666000000000636,0.2405473375970526,-3.4777853919931703,20.670332703623764
8.667000000000636,0.24362004814187901,-3.490338498490509,20.6702976016066
8.668000000000635,0.24670403168657984,-3.5030519508753057,20.670264761416167
8.669000000000635,0.24979940008893975,-3.5159263512486016,20.670234360989873
8.670000000000634,0.2529062658472223,-3.5289623072558873,20.670206574207135
8.671000000000634,0.25602474214802423,-3.542160431842995,20.670181569722065
8.672000000000633,0.25915494291029484,-3.555521342998527,20.670159509741715
8.673000000000632,0.26229698283549757,-3.569045663478593,20.670140548749764
8.674000000000632,0.26545097744527746,-3.5827340205229685,20.670124832180832
8.675000000000631,0.2686170431270172,-3.5965870455565696,20.670112495058977
8.67600000000063,0.27179529717441797,-3.610605373882661,20.670103660608603
8.67700000000063,0.274985857828436,-3.6247896443677163,20.670098438844615
8.67800000000063,0.2781888443155172,-3.6391404991182137,20.670096925158674
8.679000000000629,0.28140437688278447,-3.653658583157344,20.670099198913803
8.680000000000629,0.2846325768388226,-3.6683445440985847,20.67010532206261
8.681000000000628,0.28787356658426166,-3.6831990318236665,20.6701153378068
8.682000000000627,0.29112746964962033,-3.6982226981663713,20.670129269315517
8.683000000000627,0.2943944107319535,-3.713416196609302,20.670147118517654
8.684000000000626,0.2976745157142162,-3.7287801819926436,20.67016886499619
8.685000000000626,0.30096791170202586,-3.744315310243708,20.670194464996683
8.686000000000625,0.3042747270514732,-3.7600222381340993,20.67022385057266
8.687000000000625,0.30759509138555335,-3.775901623062695,20.670256928895746
8.688000000000624,0.3109291356181752,-3.7919541228760134,20.670293581740196
8.689000000000624,0.3142769919733135,-3.808180395729119,20.670333665165085
8.690000000000623,0.31763879399349493,-3.8245810999919128,20.670377009418353
8.691000000000622,0.32101467655113425,-3.841156894207578,20.67042341907441
8.692000000000622,0.32440477585601013,-3.857908437105043,20.670472673418896
8.693000000000621,0.3278092294517399,-3.874836387676579,20.670524527100188
8.69400000000062,0.33122817621342354,-3.8919414053159027,20.670578711048037
8.69500000000062,0.33466175634624995,-3.9092241500298046,20.67063493367577
8.69600000000062,0.2933079001848734,-2.922085707081812,20.643761227386513
8.69700000000062,-0.014401453562696342,-2.271408935609941,20.64775130881591
8.698000000000619,-0.01119761250166905,-2.2905083885636257,20.657665432624295
8.699000000000618,-0.008490911164857604,-2.3094077987069603,20.668256214647954
8.700000000000617,-0.00703231362878895,-2.3166460917545173,20.6709350560348
8.701000000000617,-0.006325086820627761,-2.321881947281324,20.67099634877773
8.702000000000616,-0.006143095378592478,-2.329016961894364,20.671057168179296
8.703000000000616,-0.006491855846758016,-2.338095087866825,20.671117118745485
8.704000000000615,-0.0073762519565268095,-2.3491404610318543,20.671175805187133
8.705000000000615,-0.008800499300640766,-2.3621584170301566,20.67123283598305
8.706000000000614,-0.010768111737913505,-2.3771366879132243,20.671287827057427
8.707000000000614,-0.013281870222847311,-2.3940467699138637,20.671340405535553
8.708000000000613,-0.01634379466167181,-2.4128454553148924,20.67139021354737
8.709000000000612,-0.01995511930765509,-2.4334765235086464,20.671436912044637
8.710000000000612,-0.024116272074206684,-2.455872588513785,20.671480184591914
8.711000000000611,-0.02882685805015823,-2.4799571022316433,20.671519741106643
8.71200000000061,-0.03408564738761683,-2.505646514587908,20.671555321515708
8.71300000000061,0.04443989241085637,-1.904057015937392,20.67158669929397
8.71400000000061,0.04051580096324093,-1.9172809857076665,20.671613684873577
8.71500000000061,0.03610682470138558,-1.9314280320207766,20.67163612889408
8.716000000000609,0.031226358880854573,-1.9463720519176428,20.671653925277038
8.717000000000608,0.02588834935770116,-1.9619948268446956,20.67166701412004
8.718000000000607,0.020107088525814987,-1.978190079876454,20.671675384408953
8.719000000000607,0.013896996161618838,-1.9948677664862478,20.671679076539643
8.720000000000606,0.007272385296761701,-2.011958603639236,20.671678184660145
8.721000000000606,0.0002472132693631182,-2.0294188407004423,20.671672858856386
8.722000000000605,-0.007165181884752292,-2.0472352740557596,20.671663307190336
8.723000000000605,0.036239114184059396,-1.8681836239787986,20.671649797624752
8.724000000000604,0.1528368076342349,-1.4743364077936008,20.671632659868184
8.725000000000604,0.27450728434846894,-1.1536759204427283,20.67161228718046
8.726000000000603,0.4013156477120247,-0.9049450889350674,20.67158913818763
8.727000000000602,0.5333009369639217,-0.7293193057554621,20.671563738762725
8.728000000000602,0.6486642359400355,-0.6907862004782341,20.671506752503763
8.729000000000601,-0.0035718677717114095,0.00826956593607999,10.217069824028691
8.7300000000006,-1.8168093956901608,-0.47745300930655254,0.0
8.7310000000006,-1.6640897599643527,0.29124165086408027,0.0
8.7320000000006,-1.5123395658836185,0.9693185106014042,0.0
8.7330000000006,-1.361695067840571,1.5633795083033766,0.0
8.734000000000599,-1.2123724685629251,2.076549898550308,0.0
8.735000000000598,-1.064671409989735,2.5087774104309917,0.0
8.736000000000598,-0.9189780391091968,2.8571680823688332,0.0
8.737000000000597,-0.7757679423608672,3.1163618427259285,0.0
8.738000000000596,-0.6356088760044365,3.2789556554622257,0.0
8.739000000000596,-0.49916281939525203,3.3359857795235577,0.0
8.740000000000595,-0.3671864516867054,3.2774828457144567,0.0
8.741000000000595,-0.24052872617272847,3.0931131756387686,0.0
8.742000000000594,-0.12012383735264233,2.772915949820603,0.0
8.743000000000594,-0.04963572355152087,2.520096282749474,0.0
8.744000000000593,0.29195812857979864,2.284853129104272,0.5270057305441016
8.745000000000593,0.28905363990767324,2.2773850333802006,0.5493952964605597
8.746000000000592,-0.0006885844397217277,2.218971360964487,0.5609009807223716
8.747000000000591,-0.0014094716860705526,2.2118427779379957,0.5813842162362916
8.74800000000059,-0.0017797289547279516,2.205163746175174,0.6010359731432628
8.74900000000059,-0.0017985271912067885,2.1989408830962627,0.6198557967661047
8.75000000000059,-0.001465768746551327,2.1931798805969698,0.6378439202919504
8.75100000000059,-0.0007821151469797685,2.187885517261382,0.6550012592035753
8.752000000000589,0.00025099227132637566,2.1830616730867747,0.6713294051079847
8.753000000000588,0.001631318853410794,2.1787113467068933,0.686830619042707
8.754000000000588,0.0033558301639121223,2.1748366750709094,0.7015078243208334
8.755000000000587,0.005420692437160505,2.1714389555020728,0.7153645989800488
8.756000000000586,0.007821279743582682,2.1685186700325705,0.7284051678652057
8.757000000000586,0.010552187609463574,2.166075511875514,0.7406343943887922
8.758000000000585,0.013607252784613798,2.1641084138731053,0.7520577719813053
8.759000000000585,0.016979578783550962,2.16261557873119,0.7626814152401737
8.760000000000584,0.020661566782996087,2.161594510825952,0.7725120507851524
8.761000000000584,0.024644951417683306,2.1610420493491964,0.7815570078202226
8.762000000000583,0.2608819247989663,1.7636364042497754,0.7940007170157566
8.763000000000583,0.6047785780698169,0.8912360715909966,0.7736685098699114
8.764000000000582,0.0,0.0,0.0
8.765000000000581,0.0,0.0,0.0
8.76600000000058,0.0,0.0,0.0
8.76700000000058,0.0,0.0,0.0
8.76800000000058,0.0,0.0,0.0
8.76900000000058,0.0,0.0,0.0
8.770000000000579,0.0,0.0,0.0
8.771000000000578,0.0,0.0,0.0
8.772000000000578,0.0,0.0,0.0
8.773000000000577,0.0,0.0,0.0
8.774000000000576,0.0,0.0,0.0
8.775000000000576,0.0,0.0,0.0
8.776000000000575,0.0,0.0,0.0
8.777000000000575,0.0,0.0,0.0
8.778000000000574,0.0,0.0,0.0
8.779000000000574,0.0,0.0,0.0
8.780000000000573,0.0,0.0,0.0
8.781000000000573,0.0,0.0,0.0
8.782000000000572,0.0,0.0,0.0
8.783000000000571,0.0,0.0,0.0
8.784000000000571,0.0,0.0,0.0
8.78500000000057,0.0,0.0,0.0
8.78600000000057,0.0,0.0,0.0
8.78700000000057,0.0,0.0,0.0
8.788000000000569,0.0,0.0,0.0
8.789000000000568,0.0,0.0,0.0
8.790000000000568,0.0,0.0,0.0
8.791000000000567,0.0,0.0,0.0
8.792000000000566,0.0,0.0,0.0
8.793000000000566,0.0,0.0,0.0
8.794000000000565,0.0,0.0,0.0
8.795000000000565,0.0,0.0,0.0
8.796000000000564,0.0,0.0,0.0
8.797000000000564,0.0,0.0,0.0
8.798000000000563,0.0,0.0,0.0
8.799000000000563,0.0,0.0,0.0
8.800000000000562,0.0,0.0,0.0
8.801000000000561,0.0,0.0,0.0
8.802000000000561,0.0,0.0,0.0
8.80300000000056,0.0,0.0,0.0
8.80400000000056,0.0,0.0,0.0
8.80500000000056,0.0,0.0,0.0
8.806000000000559,0.0,0.0,0.0
8.807000000000558,0.0,0.0,0.0
8.808000000000558,0.0,0.0,0.0
8.809000000000557,0.0,0.0,0.0
8.810000000000556,0.0,0.0,0.0
8.811000000000556,0.0,0.0,0.0
8.812000000000555,0.0,0.0,0.0
8.813000000000555,0.0,0.0,0.0
8.814000000000554,0.0,0.0,0.0
8.815000000000554,0.0,0.0,0.0
8.816000000000553,0.0,0.0,0.0
8.817000000000553,0.0,0.0,0.0
8.818000000000552,0.0,0.0,0.0
8.819000000000552,0.0,0.0,0.0
8.820000000000551,0.0,0.0,0.0
8.82100000000055,0.0,0.0,0.0
8.82200000000055,0.0,0.0,0.0
8.82300000000055,0.0,0.0,0.0
8.824000000000549,0.0,0.0,0.0
8.825000000000548,0.0,0.0,0.0
8.826000000000548,0.0,0.0,0.0
8.827000000000547,0.0,0.0,0.0
8.828000000000547,0.0,0.0,0.0
8.829000000000546,0.0,0.0,0.0
8.830000000000545,0.0,0.0,0.0
8.831000000000545,0.0,0.0,0.0
8.832000000000544,0.0,0.0,0.0
8.833000000000544,0.0,0.0,0.0
8.834000000000543,0.0,0.0,0.0
8.835000000000543,0.0,0.0,0.0
8.836000000000542,0.0,0.0,0.0
8.837000000000542,0.0,0.0,0.0
8.838000000000541,0.0,0.0,0.0
8.83900000000054,0.0,0.0,0.0
8.84000000000054,0.0,0.0,0.0
8.84100000000054,0.0,0.0,0.0
8.842000000000539,0.0,0.0,0.0
8.843000000000538,0.0,0.0,0.0
8.844000000000538,0.0,0.0,0.0
8.845000000000537,0.0,0.0,0.0
8.846000000000537,0.0,0.0,0.0
8.847000000000536,0.0,0.0,0.0
8.848000000000535,0.0,0.0,0.0
8.849000000000535,0.0,0.0,0.0
8.850000000000534,0.0,0.0,0.0
8.851000000000534,0.0,0.0,0.0
8.852000000000533,0.0,0.0,0.0
8.853000000000533,0.0,0.0,0.0
8.854000000000532,0.0,0.0,0.0
8.855000000000532,0.0,0.0,0.0
8.856000000000531,0.0,0.0,0.0
8.85700000000053,0.0,0.0,0.0
8.85800000000053,0.0,0.0,0.0
8.85900000000053,0.0,0.0,0.0
8.860000000000529,0.0,0.0,0.0
8.861000000000528,0.0,0.0,0.0
8.862000000000528,0.0,0.0,0.0
8.863000000000527,0.0,0.0,0.0
8.864000000000527,0.0,0.0,0.0
8.865000000000526,0.0,0.0,0.0
8.866000000000525,0.0,0.0,0.0
8.867000000000525,0.0,0.0,0.0
8.868000000000524,0.0,0.0,0.0
8.869000000000524,0.0,0.0,0.0
8.870000000000523,0.0,0.0,0.0
8.871000000000523,0.0,0.0,0.0
8.872000000000522,0.0,0.0,0.0
8.873000000000522,0.0,0.0,0.0
8.874000000000521,0.0,0.0,0.0
8.87500000000052,0.0,0.0,0.0
8.87600000000052,0.0,0.0,0.0
8.87700000000052,0.0,0.0,0.0
8.878000000000519,0.0,0.0,0.0
8.879000000000518,0.0,0.0,0.0
8.880000000000518,0.0,0.0,0.0
8.881000000000517,0.0,0.0,0.0
8.882000000000517,0.0,0.0,0.0
8.883000000000516,0.0,0.0,0.0
8.884000000000515,0.0,0.0,0.0
8.885000000000515,0.0,0.0,0.0
8.886000000000514,0.0,0.0,0.0
8.887000000000514,0.0,0.0,0.0
8.888000000000513,0.0,0.0,0.0
8.889000000000513,0.0,0.0,0.0
8.890000000000512,0.0,0.0,0.0
8.891000000000512,0.0,0.0,0.0
8.892000000000511,0.0,0.0,0.0
8.89300000000051,0.0,0.0,0.0
8.89400000000051,0.0,0.0,0.0
8.89500000000051,0.0,0.0,0.0
8.896000000000509,0.0,0.0,0.0
8.897000000000508,0.0,0.0,0.0
8.898000000000508,0.0,0.0,0.0
8.899000000000507,0.0,0.0,0.0
8.900000000000507,0.0,0.0,0.0
8.901000000000506,0.0,0.0,0.0
8.902000000000506,0.0,0.0,0.0
8.903000000000505,0.0,0.0,0.0
8.904000000000504,0.0,0.0,0.0
8.905000000000504,0.0,0.0,0.0
8.906000000000503,0.0,0.0,0.0
8.907000000000503,0.0,0.0,0.0
8.908000000000502,0.0,0.0,0.0
8.909000000000502,0.0,0.0,0.0
8.910000000000501,0.0,0.0,0.0
8.9110000000005,0.0,0.0,0.0
8.9120000000005,0.0,0.0,0.0
8.9130000000005,0.0,0.0,0.0
8.914000000000499,0.0,0.0,0.0
8.915000000000498,0.0,0.0,0.0
8.916000000000498,0.0,0.0,0.0
8.917000000000497,0.0,0.0,0.0
8.918000000000497,0.0,0.0,0.0
8.919000000000496,0.0,0.0,0.0
8.920000000000496,0.0,0.0,0.0
8.921000000000495,0.0,0.0,0.0
8.922000000000494,0.0,0.0,0.0
8.923000000000494,0.0,0.0,0.0
8.924000000000493,0.0,0.0,0.0
8.925000000000493,0.0,0.0,0.0
8.926000000000492,0.0,0.0,0.0
8.927000000000492,0.0,0.0,0.0
8.928000000000491,0.0,0.0,0.0
8.92900000000049,0.0,0.0,0.0
8.93000000000049,0.0,0.0,0.0
8.93100000000049,0.0,0.0,0.0
8.932000000000489,0.0,0.0,0.0
8.933000000000488,0.0,0.0,0.0
8.934000000000488,0.0,0.0,0.0
8.935000000000487,0.0,0.0,0.0
8.936000000000487,0.0,0.0,0.0
8.937000000000486,0.0,0.0,0.0
8.938000000000486,0.0,0.0,0.0
8.939000000000485,0.0,0.0,0.0
8.940000000000484,0.0,0.0,0.0
8.941000000000484,0.0,0.0,0.0
8.942000000000483,0.0,0.0,0.0
8.943000000000483,0.0,0.0,0.0
8.944000000000482,0.0,0.0,0.0
8.945000000000482,0.0,0.0,0.0
8.946000000000481,0.0,0.0,0.0
8.94700000000048,0.0,0.0,0.0
8.94800000000048,0.0,0.0,0.0
8.94900000000048,0.0,0.0,0.0
8.950000000000479,0.0,0.0,0.0
8.951000000000478,0.0,0.0,0.0
8.952000000000478,0.0,0.0,0.0
8.953000000000477,0.0,0.0,0.0
8.954000000000477,0.0,0.0,0.0
8.955000000000476,0.0,0.0,0.0
8.956000000000476,0.0,0.0,0.0
8.957000000000475,0.0,0.0,0.0
8.958000000000474,0.0,0.0,0.0
8.959000000000474,0.0,0.0,0.0
8.960000000000473,0.0,0.0,0.0
8.961000000000473,0.0,0.0,0.0
8.962000000000472,0.0,0.0,0.0
8.963000000000472,0.0,0.0,0.0
8.964000000000471,0.0,0.0,0.0
8.96500000000047,0.0,0.0,0.0
8.96600000000047,0.0,0.0,0.0
8.96700000000047,0.0,0.0,0.0
8.968000000000469,0.0,0.0,0.0
8.969000000000468,0.0,0.0,0.0
8.970000000000468,0.0,0.0,0.0
8.971000000000467,0.0,0.0,0.0
8.972000000000467,0.0,0.0,0.0
8.973000000000466,0.0,0.0,0.0
8.974000000000466,0.0,0.0,0.0
8.975000000000465,0.0,0.0,0.0
8.976000000000464,0.0,0.0,0.0
8.977000000000464,0.0,0.0,0.0
8.978000000000463,0.0,0.0,0.0
8.979000000000463,0.0,0.0,0.0
8.980000000000462,0.0,0.0,0.0
8.981000000000462,0.0,0.0,0.0
8.982000000000461,0.0,0.0,0.0
8.98300000000046,0.0,0.0,0.0
8.98400000000046,0.0,0.0,0.0
8.98500000000046,0.0,0.0,0.0
8.986000000000459,0.0,0.0,0.0
8.987000000000458,0.0,0.0,0.0
8.988000000000458,0.0,0.0,0.0
8.989000000000457,0.0,0.0,0.0
8.990000000000457,0.0,0.0,0.0
8.991000000000456,0.0,0.0,0.0
8.992000000000456,0.0,0.0,0.0
8.993000000000455,0.0,0.0,0.0
8.994000000000455,0.0,0.0,0.0
8.995000000000454,0.0,0.0,0.0
8.996000000000453,0.6482603828968083,0.8164615472103821,0.8079457711711306
8.997000000000453,0.4615955579183094,1.6922967047913158,0.8287863561653008
8.998000000000452,0.2979207024473565,2.1095238684704425,0.814368707782496
8.999000000000452,0.2980433428884427,2.1097434359286997,0.8054164964616191
