time_s,left_foot_z_m
0.0,0.0025023845513543336
0.001,0.0025035554283275654
0.002,0.002504692418925522
0.003,0.002505796454745853
0.004,0.0025068684414222484
0.005,0.002507909259444687
0.006,0.002508919764947406
0.007,0.002509900790465293
0.008,0.0025108531456618753
0.009000000000000001,0.0025117776180278856
0.010000000000000002,0.002512674973553456
0.011000000000000003,0.0025135459573747652
0.012000000000000004,0.002514391294395315
0.013000000000000005,0.002515211689884271
0.014000000000000005,0.0025160078300522117
0.015000000000000006,0.0025167803826048364
0.016000000000000007,0.002517529997277109
0.017000000000000008,0.002518257306346843
0.01800000000000001,0.002518962925130066
0.01900000000000001,0.0025196474524584282
0.02000000000000001,0.002520311471139486
0.02100000000000001,0.0025209555484007364
0.022000000000000013,0.002521580236318096
0.023000000000000013,0.002522186072229593
0.024000000000000014,0.002522773579134968
0.025000000000000015,0.0025233432660818414
0.026000000000000016,0.002523895628538785
0.027000000000000017,0.002524431148756792
0.028000000000000018,0.002524950296118385
0.02900000000000002,0.0025254535274762714
0.03000000000000002,0.00252594128748114
0.03100000000000002,0.0025264140088994066
0.03200000000000002,0.0025268721129212794
0.03300000000000002,0.0025273160094605174
0.03400000000000002,0.002527746097444366
0.035000000000000024,0.0025281627650959905
0.036000000000000025,0.002528566390208861
0.037000000000000026,0.002528957340413751
0.03800000000000003,0.0025293359734381814
0.03900000000000003,0.0025297026373597084
0.04000000000000003,0.0025300576708518867
0.04100000000000003,0.002530401403424646
0.04200000000000003,0.00253073415565868
0.04300000000000003,0.0025310562394335046
0.04400000000000003,0.0025313679581508916
0.04500000000000003,0.0025316696069523567
0.046000000000000034,0.002531961472931773
0.047000000000000035,0.002532243835343652
0.048000000000000036,0.0025325169658059303
0.04900000000000004,0.0025327811284987164
0.05000000000000004,0.002533036580358406
0.05100000000000004,0.00253328357126794
0.05200000000000004,0.002533522344242447
0.05300000000000004,0.0025337531356114176
0.05400000000000004,0.002533976175196479
0.05500000000000004,0.0025341916864856408
0.05600000000000004,0.002534399886803866
0.057000000000000044,0.0025346009874800193
0.058000000000000045,0.002534795194010172
0.059000000000000045,0.0025349827062174576
0.060000000000000046,0.0025351637184083745
0.06100000000000005,0.00253533841952603
0.06200000000000005,0.002535506993300112
0.06300000000000004,0.0025356696183930216
0.06400000000000004,0.002535826468543348
0.06500000000000004,0.0025359777127060452
0.06600000000000004,0.0025361235151893716
0.06700000000000005,0.002536264035788764
0.06800000000000005,0.0025363994299176344
0.06900000000000005,0.0025365298487350606
0.07000000000000005,0.0025366554392706915
0.07100000000000005,0.0025367763445462224
0.07200000000000005,0.002536892703694449
0.07300000000000005,0.0025370046520747265
0.07400000000000005,0.002537112321386304
0.07500000000000005,0.0025372158397780203
0.07600000000000005,0.0025373153319552845
0.07700000000000005,0.0025374109192848916
0.07800000000000006,0.0025375027198958067
0.07900000000000006,0.002537590848778165
0.08000000000000006,0.0025376754178789915
0.08100000000000006,0.0025377565361952223
0.08200000000000006,0.002537834309864019
0.08300000000000006,0.002537908842250497
0.08400000000000006,0.0025379802340324206
0.08500000000000006,0.002538048583282611
0.08600000000000006,0.0025381139855485055
0.08700000000000006,0.002538176533929192
0.08800000000000006,0.0025382363191495984
0.08900000000000007,0.00253829342963283
0.09000000000000007,0.002538347951569122
0.09100000000000007,0.0025383999689829392
0.09200000000000007,0.002538449563797375
0.09300000000000007,0.0025384968158961886
0.09400000000000007,0.0025385418031836082
0.09500000000000007,0.002538584601641549
0.09600000000000007,0.002538625285384767
0.09700000000000007,0.002538663926713706
0.09800000000000007,0.0025387005961651672
0.09900000000000007,0.0025387353625607317
0.10000000000000007,0.0025387682930534568
0.10100000000000008,0.0025387994531718243
0.10200000000000008,0.00253882890686246
0.10300000000000008,0.0025388567165303376
0.10400000000000008,0.00253888294307765
0.10500000000000008,0.0025389076459401173
0.10600000000000008,0.002538930883122223
0.10700000000000008,0.0025389527112303495
0.10800000000000008,0.0025389731855043687
0.10900000000000008,0.002538992359847527
0.11000000000000008,0.0025390102868553255
0.11100000000000008,0.0025390270178418974
0.11200000000000009,0.0025390426028659777
0.11300000000000009,0.002539057090755463
0.11400000000000009,0.0025390705291299526
0.11500000000000009,0.0025390829644228105
0.11600000000000009,0.002539094441902222
0.11700000000000009,0.0025391050056903994
0.11800000000000009,0.002539114698782985
0.11900000000000009,0.002539123563066556
0.12000000000000009,0.002539131639336098
0.1210000000000001,0.0025391389673111962
0.1220000000000001,0.0025391455856522277
0.1230000000000001,0.002539151531975599
0.1240000000000001,0.002539156842868668
0.12500000000000008,0.0025391615539046425
0.12600000000000008,0.002539165699656617
0.12700000000000009,0.002539169313712418
0.12800000000000009,0.002539172428688577
0.1290000000000001,0.0025391750762449386
0.1300000000000001,0.002539177287099438
0.1310000000000001,0.0025391790910429257
0.1320000000000001,0.002539180516955175
0.1330000000000001,0.002539181592820402
0.1340000000000001,0.0025391823457446075
0.1350000000000001,0.002539182801973277
0.1360000000000001,0.0025391829869100685
0.1370000000000001,0.002539182925136812
0.1380000000000001,0.0025391826404348727
0.1390000000000001,0.0025391821558078884
0.1400000000000001,0.002539181493506154
0.1410000000000001,0.002539180675053109
0.1420000000000001,0.0025391797212731895
0.1430000000000001,0.0025391786523224318
0.1440000000000001,0.0025391774877212905
0.1450000000000001,0.0025391762463898362
0.1460000000000001,0.0025391749466857384
0.1470000000000001,0.002539173606445101
0.1480000000000001,0.0025391722430269346
0.1490000000000001,0.0025391708733596384
0.1500000000000001,0.002539169513992582
0.1510000000000001,0.0025391681811505196
0.1520000000000001,0.002539166890527921
0.1530000000000001,0.002539165656937809
0.1540000000000001,0.002539164494486351
0.1550000000000001,0.002539163416881759
0.1560000000000001,0.0025391624374872905
0.1570000000000001,0.002539161569367985
0.1580000000000001,0.002539160825330622
0.1590000000000001,0.0025391602179588232
0.16000000000000011,0.0025391597596427055
0.16100000000000012,0.002539159462603236
0.16200000000000012,0.002539159338913431
0.16300000000000012,0.0025391594005147212
0.16400000000000012,0.002539159659230246
0.16500000000000012,0.002539160126774638
0.16600000000000012,0.002539160814761781
0.16700000000000012,0.0025391617347088682
0.16800000000000012,0.0025391628980395015
0.16900000000000012,0.0025391643160838084
0.17000000000000012,0.0025391660000778082
0.17100000000000012,0.00253916796116049
0.17200000000000013,0.002539170210370395
0.17300000000000013,0.002539172758640844
0.17400000000000013,0.002539175616794509
0.17500000000000013,0.002539178795537153
0.17600000000000013,0.002539182305451127
0.17700000000000013,0.0025391861569885772
0.17800000000000013,0.002539190360464117
0.17900000000000013,0.0025391949260481148
0.18000000000000013,0.0025391998637591326
0.18100000000000013,0.0025392051834573284
0.18200000000000013,0.002539210894837829
0.18300000000000013,0.0025392170074242312
0.18400000000000014,0.0025392235305628334
0.18500000000000014,0.002539230473417059
0.18600000000000014,0.0025392378449625615
0.18700000000000014,0.002539245653983148
0.18800000000000014,0.0025392539090666466
0.18900000000000014,0.0025392626186021804
0.19000000000000014,0.002539271790777408
0.19100000000000014,0.0025392814335774977
0.19200000000000014,0.0025392915547834266
0.19300000000000014,0.0025393021619725294
0.19400000000000014,0.00253931326251847
0.19500000000000015,0.002539324863593012
0.19600000000000015,0.002539336972167957
0.19700000000000015,0.002539349595018045
0.19800000000000015,0.0025393627387247375
0.19900000000000015,0.00253937640968023
0.20000000000000015,0.0025393906140932752
0.20100000000000015,0.002539405357994493
0.20200000000000015,0.002539420647243138
0.20300000000000015,0.002539436487534727
0.20400000000000015,0.0025394528844085752
0.20500000000000015,0.0025394698432568245
0.20600000000000016,0.0025394873693335533
0.20700000000000016,0.002539505467764748
0.20800000000000016,0.002539524143558878
0.20900000000000016,0.002539543401617616
0.21000000000000016,0.00253956324674795
0.21100000000000016,0.0025395836836736227
0.21200000000000016,0.002539604717048144
0.21300000000000016,0.0025396263514673133
0.21400000000000016,0.0025396485914828473
0.21500000000000016,0.0025396714416156922
0.21600000000000016,0.0025396949063701407
0.21700000000000016,0.0025397189902479703
0.21800000000000017,0.0025397436977626538
0.21900000000000017,0.002539769033454188
0.22000000000000017,0.0025397950019035477
0.22100000000000017,0.002539821607747607
0.22200000000000017,0.0025398488556936695
0.22300000000000017,0.0025398767505343776
0.22400000000000017,0.0025399052971624737
0.22500000000000017,0.002539934500585095
0.22600000000000017,0.0025399643659383964
0.22700000000000017,0.0025399948985017906
0.22800000000000017,0.0025400261037116165
0.22900000000000018,0.0025400579871748576
0.23000000000000018,0.0025400905546826905
0.23100000000000018,0.002540123812222718
0.23200000000000018,0.002540157765992087
0.23300000000000018,0.0025401924224087782
0.23400000000000018,0.0025402277881233504
0.23500000000000018,0.0025402638700295598
0.23600000000000018,0.0025403006752742867
0.23700000000000018,0.0025403382112674615
0.23800000000000018,0.002540376485690325
0.23900000000000018,0.002540415506503871
0.24000000000000019,0.002540455281955515
0.2410000000000002,0.0025404958205862485
0.2420000000000002,0.0025405371312354486
0.2430000000000002,0.0025405792230458885
0.2440000000000002,0.00254062210546787
0.2450000000000002,0.002540665788261523
0.2460000000000002,0.0025407102814991415
0.2470000000000002,0.002540755595566317
0.2480000000000002,0.0025408017411617106
0.2490000000000002,0.002540848729296521
0.25000000000000017,0.002540896571292719
0.25100000000000017,0.0025409452787802586
0.25200000000000017,0.002540994863693677
0.25300000000000017,0.0025410453382674683
0.25400000000000017,0.002541096715031041
0.25500000000000017,0.0025411490068025094
0.25600000000000017,0.0025412022266819087
0.2570000000000002,0.0025412563880436723
0.2580000000000002,0.0025413115045282916
0.2590000000000002,0.0025413675900338786
0.2600000000000002,0.002541424658706569
0.2610000000000002,0.002541482724931092
0.2620000000000002,0.0025415418033205503
0.2630000000000002,0.0025416019087063403
0.2640000000000002,0.0025416630561279803
0.2650000000000002,0.0025417252608223515
0.2660000000000002,0.002541788538213935
0.2670000000000002,0.002541852903904747
0.2680000000000002,0.0025419183736647734
0.2690000000000002,0.002541984963423196
0.2700000000000002,0.0025420526892600305
0.2710000000000002,0.0025421215673990354
0.2720000000000002,0.0025421916142013626
0.2730000000000002,0.0025422628461607283
0.2740000000000002,0.002542335279899669
0.2750000000000002,0.002542408932168047
0.2760000000000002,0.002542483819842647
0.2770000000000002,0.002542559959929469
0.2780000000000002,0.0025426373695679287
0.2790000000000002,0.0025427160660376827
0.2800000000000002,0.0025427960667679696
0.2810000000000002,0.002542877389350183
0.2820000000000002,0.002542960051553359
0.2830000000000002,0.002543044071342787
0.2840000000000002,0.002543129466903011
0.2850000000000002,0.0025432162566637953
0.2860000000000002,0.00254330445933083
0.2870000000000002,0.002543394093920154
0.2880000000000002,0.002543485179797654
0.2890000000000002,0.0025435777367230385
0.2900000000000002,0.0025436717848988308
0.2910000000000002,0.002543767345025042
0.2920000000000002,0.0025438644383587866
0.2930000000000002,0.0025439630867799407
0.2940000000000002,0.002544063312863068
0.2950000000000002,0.00254416513995525
0.2960000000000002,0.0025442685922607636
0.2970000000000002,0.002544373694932371
0.2980000000000002,0.002544480474170118
0.2990000000000002,0.002544588957326982
0.3000000000000002,0.0025446991730229754
0.3010000000000002,0.0025448111512667293
0.3020000000000002,0.002545067523155191
0.3030000000000002,0.0025454909842972766
0.3040000000000002,0.002546426513929171
0.3050000000000002,0.0025482049522296928
0.3060000000000002,0.002551143202752463
0.3070000000000002,0.0025555444336773196
0.3080000000000002,0.002561698277946972
0.3090000000000002,0.002569881032351659
0.3100000000000002,0.002580355855620862
0.3110000000000002,0.002593372965578846
0.3120000000000002,0.002609169835418028
0.3130000000000002,0.002627971389144647
0.3140000000000002,0.002649990196249029
0.3150000000000002,0.0026754266656524896
0.3160000000000002,0.0027044692389839933
0.3170000000000002,0.0027372945832387467
0.3180000000000002,0.0027740677828705235
0.31900000000000023,0.0028149425313720583
0.32000000000000023,0.0028600613223947885
0.32100000000000023,0.0029095556404629686
0.32200000000000023,0.002963546151333013
0.32300000000000023,0.0030221428920527635
0.32400000000000023,0.0030854454607712814
0.32500000000000023,0.0031535432063512503
0.32600000000000023,0.0032265154178340513
0.32700000000000023,0.0033044315138054184
0.32800000000000024,0.003387351231709912
0.32900000000000024,0.0034753248171571632
0.33000000000000024,0.003568393213264104
0.33100000000000024,0.0036665882500708583
0.33200000000000024,0.00376993283406845
0.33300000000000024,0.0038784411378703504
0.33400000000000024,0.003992118790058986
0.33500000000000024,0.004110963065232433
0.33600000000000024,0.004234963074274581
0.33700000000000024,0.004364099954867258
0.33800000000000024,0.004498347062259989
0.33900000000000025,0.00463767016030716
0.34000000000000025,0.004782027612781986
0.34100000000000025,0.004931370574970083
0.34200000000000025,0.0050856431855429984
0.34300000000000025,0.005244782758709619
0.34400000000000025,0.005408719976639234
0.34500000000000025,0.005577379082147289
0.34600000000000025,0.005750678071632903
0.34700000000000025,0.0059285288882549025
0.34800000000000025,0.0061108376153297395
0.34900000000000025,0.006297504669935339
0.35000000000000026,0.006488424996701714
0.35100000000000026,0.006683488261767713
0.35200000000000026,0.006882579046885072
0.35300000000000026,0.007085577043646915
0.35400000000000026,0.007292357247820083
0.35500000000000026,0.007502790153759847
0.35600000000000026,0.007716741948885081
0.35700000000000026,0.007934074708193455
0.35800000000000026,0.00815464658879591
0.35900000000000026,0.008378312024451093
0.36000000000000026,0.008604921920080048
0.36100000000000027,0.008834323846244677
0.36200000000000027,0.009066362233571816
0.36300000000000027,0.0093008785671079
0.36400000000000027,0.009537711580590094
0.36500000000000027,0.009776697450619924
0.36600000000000027,0.010017669990728013
0.36700000000000027,0.010260460845318918
0.36800000000000027,0.010504899683486946
0.36900000000000027,0.010750814392694673
0.3700000000000003,0.010998031272306641
0.3710000000000003,0.011246375226973387
0.3720000000000003,0.011495669959860143
0.3730000000000003,0.01174573816571714
0.3740000000000003,0.011996401723788568
0.3750000000000003,0.012247481890558486
0.3760000000000003,0.0124987994923332
0.3770000000000003,0.012750175117659225
0.3780000000000003,0.013001429309578524
0.3790000000000003,0.013252382757721351
0.3800000000000003,0.013502856490239822
0.3810000000000003,0.013752672065583282
0.3820000000000003,0.014001651764119945
0.3830000000000003,0.014249618779606552
0.3840000000000003,0.014496397410511688
0.3850000000000003,0.014741813251194898
0.3860000000000003,0.014985693382946863
0.3870000000000003,0.015227866564895644
0.3880000000000003,0.015468163424781876
0.3890000000000003,0.015706416649609894
0.3900000000000003,0.01594246117617769
0.3910000000000003,0.016176134381492055
0.3920000000000003,0.016407276273072258
0.3930000000000003,0.016635729679149093
0.3940000000000003,0.016861340438762307
0.3950000000000003,0.01708395759176235
0.3960000000000003,0.017303433568720508
0.3970000000000003,0.017519624380752545
0.3980000000000003,0.017732389809259945
0.3990000000000003,0.01794159359559329
0.4000000000000003,0.01814710363064207
0.4010000000000003,0.018348792144355384
0.4020000000000003,0.018546535895196295
0.4030000000000003,0.018740216359535565
0.4040000000000003,0.018929719920986902
0.4050000000000003,0.019114938059688287
0.4060000000000003,0.01929576754153193
0.4070000000000003,0.019472110607347798
0.4080000000000003,0.0196438751620419
0.4090000000000003,0.01981097496369376
0.4100000000000003,0.019973329812616653
0.4110000000000003,0.02013086574038167
0.4120000000000003,0.020283515198810505
0.4130000000000003,0.02043121724893894
0.4140000000000003,0.020573917749953735
0.4150000000000003,0.020711569548106358
0.4160000000000003,0.020844132665606238
0.4170000000000003,0.020971574489496325
0.4180000000000003,0.021093869960514516
0.4190000000000003,0.02121100176194341
0.4200000000000003,0.0213229605084527
0.4210000000000003,0.021429744934936316
0.4220000000000003,0.02153136208534978
0.4230000000000003,0.0216278275015504
0.4240000000000003,0.021719165412144997
0.4250000000000003,0.021805408921350355
0.4260000000000003,0.02188660019787047
0.4270000000000003,0.02196279066379688
0.4280000000000003,0.022034041183537703
0.4290000000000003,0.022100422252782186
0.4300000000000003,0.022162014187506865
0.4310000000000003,0.022218907313033
0.43200000000000033,0.02227120215314178
0.43300000000000033,0.022319009619257354
0.43400000000000033,0.02236245119970852
0.43500000000000033,0.02240165914907815
0.43600000000000033,0.022436776677653994
0.43700000000000033,0.022467958140992297
0.43800000000000033,0.022495369229609
0.43900000000000033,0.022519187158812737
0.44000000000000034,0.022539600858695483
0.44100000000000034,0.022556811164298987
0.44200000000000034,0.022571031005973186
0.44300000000000034,0.02258248559994778
0.44400000000000034,0.022591412639136173
0.44500000000000034,0.0225980624841935
0.44600000000000034,0.022602698354851236
0.44700000000000034,0.022605596521551516
0.44800000000000034,0.02260704649740535
0.44900000000000034,0.022607351230499798
0.45000000000000034,0.02260682729657909
0.45100000000000035,0.02260580509212544
0.45200000000000035,0.022604629027864767
0.45300000000000035,0.02260347642707887
0.45400000000000035,0.022602166638780424
0.45500000000000035,0.022600347394956748
0.45600000000000035,0.022597680967835293
0.45700000000000035,0.022593843970852207
0.45800000000000035,0.02258852715916705
0.45900000000000035,0.022581435229767174
0.46000000000000035,0.02257228662120552
0.46100000000000035,0.022560813313013357
0.46200000000000035,0.02254676062482755
0.46300000000000036,0.02252988701527027
0.46400000000000036,0.022509963880616796
0.46500000000000036,0.02248677535328452
0.46600000000000036,0.022460118100174883
0.46700000000000036,0.022429801120896604
0.46800000000000036,0.022395645545898145
0.46900000000000036,0.022357484434532622
0.47000000000000036,0.0223151625730792
0.47100000000000036,0.02226853627274087
0.47200000000000036,0.022217473167637385
0.47300000000000036,0.022161852012810346
0.47400000000000037,0.0221015624822559
0.47500000000000037,0.02203650496699755
0.47600000000000037,0.021966590373212573
0.47700000000000037,0.02189173992042135
0.47800000000000037,0.02181188493974997
0.47900000000000037,0.02172696667227278
0.48000000000000037,0.02163693606744377
0.48100000000000037,0.021541753581620825
0.4820000000000004,0.021441388976689416
0.4830000000000004,0.02133582111878897
0.4840000000000004,0.021225037777145954
0.4850000000000004,0.02110903542301635
0.4860000000000004,0.02098781902873975
0.4870000000000004,0.020861401866906902
0.4880000000000004,0.02072980530964203
0.4890000000000004,0.020593058628000725
0.4900000000000004,0.02045119879148439
0.4910000000000004,0.020304270267671357
0.4920000000000004,0.020152324821964752
0.4930000000000004,0.019995421317457136
0.4940000000000004,0.019833625514912752
0.4950000000000004,0.019667009872864794
0.4960000000000004,0.019495653347830634
0.4970000000000004,0.019319641194641718
0.4980000000000004,0.019139064766889896
0.4990000000000004,0.01895402131748885
0.5000000000000003,0.018764613799350786
0.5010000000000003,0.018570950666178213
0.5020000000000003,0.018373145673370304
0.5030000000000003,0.01817131767904461
0.5040000000000003,0.01796559044517318
0.5050000000000003,0.017756092438834373
0.5060000000000003,0.017542956633579077
0.5070000000000003,0.017326320310913447
0.5080000000000003,0.01710632486189745
0.5090000000000003,0.01688311558885941
0.5100000000000003,0.016656841507228584
0.5110000000000003,0.016427655147484926
0.5120000000000003,0.016195712357227346
0.5130000000000003,0.01596117210336135
0.5140000000000003,0.015724196274406438
0.5150000000000003,0.015484949482924011
0.5160000000000003,0.015243598868067205
0.5170000000000003,0.015000313898251995
0.5180000000000003,0.014755266173951391
0.5190000000000003,0.014508629230612309
0.5200000000000004,0.014260578341696716
0.5210000000000004,0.01401129032184506
0.5220000000000004,0.013760943330164255
0.5230000000000004,0.013509716673638511
0.5240000000000004,0.013257790610663109
0.5250000000000004,0.013005346154699393
0.5260000000000004,0.01275256487805107
0.5270000000000004,0.012499628715758514
0.5280000000000004,0.012246719769610316
0.5290000000000004,0.011994020112268446
0.5300000000000004,0.011741711591504549
0.5310000000000004,0.011489975634542494
0.5320000000000004,0.011238993052503948
0.5330000000000004,0.010988943844950631
0.5340000000000004,0.010740007004518194
0.5350000000000004,0.01049236032163408
0.5360000000000004,0.010246180189312427
0.5370000000000004,0.010001641408017202
0.5380000000000004,0.009758916990584537
0.5390000000000004,0.009518177967193307
0.5400000000000004,0.009279593190373338
0.5410000000000004,0.009043329140039025
0.5420000000000004,0.008809549728534545
0.5430000000000004,0.008578416105677562
0.5440000000000004,0.008350086463785829
0.5450000000000004,0.008124715842671035
0.5460000000000004,0.007902455934583316
0.5470000000000004,0.007683454889089454
0.5480000000000004,0.007467857117866024
0.5490000000000004,0.007255803099390203
0.5500000000000004,0.007047429183508341
0.5510000000000004,0.0068428673958641495
0.5520000000000004,0.006642245242166646
0.5530000000000004,0.006445685512279996
0.5540000000000004,0.006253306084115548
0.5550000000000004,0.006065219727309043
0.5560000000000004,0.005881533906665133
0.5570000000000004,0.005702350585354045
0.5580000000000004,0.005527766027844404
0.5590000000000004,0.005357870602560405
0.5600000000000004,0.005192748584251616
0.5610000000000004,0.005032477956065817
0.5620000000000004,0.004877130211319483
0.5630000000000004,0.004726770154960813
0.5640000000000004,0.004581455704724992
0.5650000000000004,0.004441237691983235
0.5660000000000004,0.00430615966229192
0.5670000000000004,0.004176257675649581
0.5680000000000004,0.004051560106474859
0.5690000000000004,0.003932087443321519
0.5700000000000004,0.003817852088349824
0.5710000000000004,0.0037088581565782666
0.5720000000000004,0.0036051012749419506
0.5730000000000004,0.003506568381188145
0.5740000000000004,0.0034132375226432893
0.5750000000000004,0.003325077654886488
0.5760000000000004,0.0032420484403707026
0.5770000000000004,0.0031641000470317773
0.5780000000000004,0.0030911729469294963
0.5790000000000004,0.0030231977149664524
0.5800000000000004,0.00296009482773045
0.5810000000000004,0.0029017744625082914
0.5820000000000004,0.002848136296517756
0.5830000000000004,0.002799069306406464
0.5840000000000004,0.002754451568062595
0.5850000000000004,0.0027141500567851654
0.5860000000000004,0.0026780204478563732
0.5870000000000004,0.002645906917560375
0.5880000000000004,0.0026176419446881823
0.5890000000000004,0.0025930461125669158
0.5900000000000004,0.0025719279116503055
0.5910000000000004,0.002554083542702857
0.5920000000000004,0.002539296720609669
0.5930000000000004,0.0025273384788393784
0.5940000000000004,0.002517966974587168
0.5950000000000004,0.00251092729462175
0.5960000000000004,0.002505951261858621
0.5970000000000004,0.002502757242680887
0.5980000000000004,0.00250104995502785
0.5990000000000004,0.0025005202772720447
0.6000000000000004,0.002500845057904603
0.6010000000000004,0.002501686926052453
0.6020000000000004,0.0025026941028505126
0.6030000000000004,0.0025038675403485852
0.6040000000000004,0.0025050068198376393
0.6050000000000004,0.0025061128931883857
0.6060000000000004,0.0025071866850921373
0.6070000000000004,0.002508229093937702
0.6080000000000004,0.0025092409926529696
0.6090000000000004,0.0025102232295126786
0.6100000000000004,0.002511176628914244
0.6110000000000004,0.0025121019921233376
0.6120000000000004,0.0025130000979900237
0.6130000000000004,0.0025138717036369204
0.6140000000000004,0.0025147175451219125
0.6150000000000004,0.0025155383380742018
0.6160000000000004,0.0025163347783073928
0.6170000000000004,0.002517107542409209
0.6180000000000004,0.0025178572883091666
0.6190000000000004,0.0025185846558255613
0.6200000000000004,0.0025192902671924942
0.6210000000000004,0.0025199747275675977
0.6220000000000004,0.0025206386255223166
0.6230000000000004,0.0025212825335140764
0.6240000000000004,0.0025219070083427123
0.6250000000000004,0.0025225125915905727
0.6260000000000004,0.0025230998100482377
0.6270000000000004,0.0025236691761255543
0.6280000000000004,0.002524221188249201
0.6290000000000004,0.002524756331247522
0.6300000000000004,0.0025252750767225003
0.6310000000000004,0.002525777883410671
0.6320000000000005,0.002526265197532091
0.6330000000000005,0.0025267374531291187
0.6340000000000005,0.0025271950723949263
0.6350000000000005,0.002527638465991928
0.6360000000000005,0.002528068033361419
0.6370000000000005,0.0025284841630240813
0.6380000000000005,0.0025288872328719444
0.6390000000000005,0.00252927761045231
0.6400000000000005,0.002529655653244249
0.6410000000000005,0.002530021708927254
0.6420000000000005,0.002530376115642611
0.6430000000000005,0.002530719202249041
0.6440000000000005,0.002531051288570226
0.6450000000000005,0.002531372685637495
0.6460000000000005,0.0025316836959254282
0.6470000000000005,0.002531984613582311
0.6480000000000005,0.0025322757246544446
0.6490000000000005,0.0025325573073055434
0.6500000000000005,0.0025328296320303798
0.6510000000000005,0.0025330929618638705
0.6520000000000005,0.002533347552584657
0.6530000000000005,0.0025335936529145044
0.6540000000000005,0.002533831504712692
0.6550000000000005,0.002534061343165854
0.6560000000000005,0.0025342833969737195
0.6570000000000005,0.0025344978885301073
0.6580000000000005,0.0025347050341005435
0.6590000000000005,0.00253490504399451
0.6600000000000005,0.0025350981227348843
0.6610000000000005,0.002535284469222958
0.6620000000000005,0.0025354642768994247
0.6630000000000005,0.0025356377339018007
0.6640000000000005,0.002535805023218058
0.6650000000000005,0.0025359663228367822
0.6660000000000005,0.0025361218058932815
0.6670000000000005,0.0025362716408126804
0.6680000000000005,0.0025364159914491174
0.6690000000000005,0.0025365550172214285
0.6700000000000005,0.0025366888732460367
0.6710000000000005,0.002536817710465534
0.6720000000000005,0.002536941675774909
0.6730000000000005,0.0025370609121435662
0.6740000000000005,0.002537175558734686
0.6750000000000005,0.002537285751021554
0.6760000000000005,0.0025373916208998176
0.6770000000000005,0.0025374932967975293
0.6780000000000005,0.002537590903781372
0.6790000000000005,0.0025376845636605264
0.6800000000000005,0.0025377743950866193
0.6810000000000005,0.002537860513651586
0.6820000000000005,0.002537943031981748
0.6830000000000005,0.0025380220598291807
0.6840000000000005,0.0025380977041606946
0.6850000000000005,0.00253817006924327
0.6860000000000005,0.0025382392567266203
0.6870000000000005,0.002538305365723626
0.6880000000000005,0.0025383684928874037
0.6890000000000005,0.0025384287324855606
0.6900000000000005,0.0025384861764724057
0.6910000000000005,0.0025385409145577964
0.6920000000000005,0.0025385930342736555
0.6930000000000005,0.0025386426210381695
0.6940000000000005,0.002538689758216972
0.6950000000000005,0.0025387345271820003
0.6960000000000005,0.0025387770073682335
0.6970000000000005,0.002538817276327522
0.6980000000000005,0.002538855409780473
0.6990000000000005,0.0025388914816659378
0.7000000000000005,0.0025389255641880652
0.7010000000000005,0.0025389577278614912
0.7020000000000005,0.002538988041554051
0.7030000000000005,0.002539016572527839
0.7040000000000005,0.0025390433864777746
0.7050000000000005,0.002539068547568652
0.7060000000000005,0.002539092118470032
0.7070000000000005,0.002539114160389426
0.7080000000000005,0.002539134733103618
0.7090000000000005,0.0025391538949883913
0.7100000000000005,0.0025391717030467144
0.7110000000000005,0.002539188212935268
0.7120000000000005,0.0025392034789893103
0.7130000000000005,0.0025392175542467213
0.7140000000000005,0.0025392304904699806
0.7150000000000005,0.0025392423381675744
0.7160000000000005,0.0025392531466137402
0.7170000000000005,0.002539262963867611
0.7180000000000005,0.0025392718367907643
0.7190000000000005,0.0025392798110646375
0.7200000000000005,0.0025392869312063533
0.7210000000000005,0.002539293240584318
0.7220000000000005,0.0025392987814330074
0.7230000000000005,0.0025393035948674605
0.7240000000000005,0.0025393077208968606
0.7250000000000005,0.002539311198438355
0.7260000000000005,0.0025393140653299576
0.7270000000000005,0.0025393163583441805
0.7280000000000005,0.00253931811320084
0.7290000000000005,0.0025393193645806417
0.7300000000000005,0.00253932014613829
0.7310000000000005,0.0025393204905163717
0.7320000000000005,0.002539320429359875
0.7330000000000005,0.002539319993330614
0.7340000000000005,0.00253931921212288
0.7350000000000005,0.002539318114479914
0.7360000000000005,0.0025393167282109254
0.7370000000000005,0.0025393150802097905
0.7380000000000005,0.002539313196474241
0.7390000000000005,0.0025393111021273854
0.7400000000000005,0.002539308821440031
0.7410000000000005,0.002539306377854777
0.7420000000000005,0.0025393037940124284
0.7430000000000005,0.002539301091779994
0.7440000000000005,0.00253929829228082
0.7450000000000006,0.002539295415927338
0.7460000000000006,0.002539292482456254
0.7470000000000006,0.0025392895109663215
0.7480000000000006,0.002539286519959029
0.7490000000000006,0.0025392835273822002
0.7500000000000006,0.002539280550677366
0.7510000000000006,0.00253927760682969
0.7520000000000006,0.002539274712422393
0.7530000000000006,0.0025392718836939575
0.7540000000000006,0.0025392691359576447
0.7550000000000006,0.0025392664828978798
0.7560000000000006,0.002539263937195356
0.7570000000000006,0.0025392615112355306
0.7580000000000006,0.00253925921715617
0.7590000000000006,0.002539257066887197
0.7600000000000006,0.002539255072184811
0.7610000000000006,0.0025392532446602833
0.7620000000000006,0.0025392515958031527
0.7630000000000006,0.0025392501370004768
0.7640000000000006,0.002539248879551481
0.7650000000000006,0.00253924783467881
0.7660000000000006,0.0025392470135363436
0.7670000000000006,0.0025392464272143284
0.7680000000000006,0.0025392460867415707
0.7690000000000006,0.0025392460030855407
0.7700000000000006,0.002539246187150842
0.7710000000000006,0.002539246649775874
0.7720000000000006,0.0025392474017275762
0.7730000000000006,0.0025392484536961163
0.7740000000000006,0.0025392498162875622
0.7750000000000006,0.0025392515000167946
0.7760000000000006,0.0025392535152989407
0.7770000000000006,0.002539255872441689
0.7780000000000006,0.002539258581636023
0.7790000000000006,0.0025392616529479606
0.7800000000000006,0.0025392650963101254
0.7810000000000006,0.0025392689215129743
0.7820000000000006,0.002539273138197129
0.7830000000000006,0.002539277755845684
0.7840000000000006,0.0025392827837768008
0.7850000000000006,0.0025392882311371483
0.7860000000000006,0.0025392941068959236
0.7870000000000006,0.002539300419839477
0.7880000000000006,0.0025393071785662323
0.7890000000000006,0.0025393143914832425
0.7900000000000006,0.002539322066802515
0.7910000000000006,0.002539330212538663
0.7920000000000006,0.002539338836507428
0.7930000000000006,0.002539347946324655
0.7940000000000006,0.0025393575494061064
0.7950000000000006,0.002539367652968829
0.7960000000000006,0.0025393782640321
0.7970000000000006,0.0025393893894201
0.7980000000000006,0.002539401035765349
0.7990000000000006,0.002539413209512398
0.8000000000000006,0.0025394259169227995
0.8010000000000006,0.0025394391640806944
0.8020000000000006,0.0025394529568989015
0.8030000000000006,0.002539467301126277
0.8040000000000006,0.0025394822023550173
0.8050000000000006,0.002539497666029414
0.8060000000000006,0.002539513697454643
0.8070000000000006,0.0025395303018064183
0.8080000000000006,0.0025395474841414696
0.8090000000000006,0.002539565249407953
0.8100000000000006,0.0025395836024569712
0.8110000000000006,0.002539602548054326
0.8120000000000006,0.0025396220908925488
0.8130000000000006,0.002539642235603736
0.8140000000000006,0.002539662986772627
0.8150000000000006,0.0025396843489495363
0.8160000000000006,0.002539706326664209
0.8170000000000006,0.0025397289244398318
0.8180000000000006,0.0025397521468068056
0.8190000000000006,0.002539775998317159
0.8200000000000006,0.0025398004835589655
0.8210000000000006,0.0025398256071703547
0.8220000000000006,0.0025398513738545403
0.8230000000000006,0.0025398777883937594
0.8240000000000006,0.0025399048556640526
0.8250000000000006,0.0025399325806491797
0.8260000000000006,0.0025399609684549664
0.8270000000000006,0.002539990024323084
0.8280000000000006,0.0025400197536446754
0.8290000000000006,0.0025400501619738947
0.8300000000000006,0.002540081255040686
0.8310000000000006,0.002540113038763482
0.8320000000000006,0.002540145519261374
0.8330000000000006,0.0025401787028658633
0.8340000000000006,0.002540212596131953
0.8350000000000006,0.0025402472058487433
0.8360000000000006,0.0025402825390495737
0.8370000000000006,0.00254031860302081
0.8380000000000006,0.002540355405311171
0.8390000000000006,0.002540392953739177
0.8400000000000006,0.002540431256400213
0.8410000000000006,0.002540470321673049
0.8420000000000006,0.002540510158225262
0.8430000000000006,0.002540550775017785
0.8440000000000006,0.002540592181308518
0.8450000000000006,0.00254063438665526
0.8460000000000006,0.002540677400917686
0.8470000000000006,0.0025407212342579352
0.8480000000000006,0.0025407658971409383
0.8490000000000006,0.002540811400333059
0.8500000000000006,0.0025408577549005454
0.8510000000000006,0.0025409049722061802
0.8520000000000006,0.002540953063905914
0.8530000000000006,0.002541002041943616
0.8540000000000006,0.002541051918545558
0.8550000000000006,0.00254110270621407
0.8560000000000006,0.002541154417719696
0.8570000000000007,0.0025412070660935163
0.8580000000000007,0.002541260664617597
0.8590000000000007,0.0025413152268158948
0.8600000000000007,0.0025413707664436215
0.8610000000000007,0.002541427297476799
0.8620000000000007,0.00254148483410057
0.8630000000000007,0.0025415433906979014
0.8640000000000007,0.0025416029818375215
0.8650000000000007,0.0025416636222621303
0.8660000000000007,0.00254172532687583
0.8670000000000007,0.00254178811073243
0.8680000000000007,0.00254185198902376
0.8690000000000007,0.0025419169770679664
0.8700000000000007,0.0025419830902988494
0.8710000000000007,0.0025420503442554476
0.8720000000000007,0.0025421187545727753
0.8730000000000007,0.002542188336973554
0.8740000000000007,0.002542259107260983
0.8750000000000007,0.002542331081312927
0.8760000000000007,0.0025424042750779273
0.8770000000000007,0.0025424787045727863
0.8780000000000007,0.0025425543858822834
0.8790000000000007,0.002542631335160913
0.8800000000000007,0.0025427095686373566
0.8810000000000007,0.0025427891026214636
0.8820000000000007,0.0025428699535137676
0.8830000000000007,0.0025429521378189587
0.8840000000000007,0.0025430356721616344
0.8850000000000007,0.0025431205733066446
0.8860000000000007,0.0025432068581822675
0.8870000000000007,0.0025432945439081388
0.8880000000000007,0.0025433836478271667
0.8890000000000007,0.0025434741875419165
0.8900000000000007,0.0025435661809560042
0.8910000000000007,0.002543659646319637
0.8920000000000007,0.002543754602281921
0.8930000000000007,0.0025438510679469638
0.8940000000000007,0.0025439490629367255
0.8950000000000007,0.0025440486074595446
0.8960000000000007,0.0025441497223849495
0.8970000000000007,0.0025442524293246838
0.8980000000000007,0.002544356750720858
0.8990000000000007,0.002544462709940864
0.9000000000000007,0.002544570331379444
0.9010000000000007,0.0025446796405689254
0.9020000000000007,0.002544790664296512
0.9030000000000007,0.002544903430730463
0.9040000000000007,0.0025451628828901986
0.9050000000000007,0.0025455893191456865
0.9060000000000007,0.002546527724257005
0.9070000000000007,0.002548308943482784
0.9080000000000007,0.0025512498850368687
0.9090000000000007,0.0025556537213623706
0.9100000000000007,0.0025618100892895145
0.9110000000000007,0.002569995289140606
0.9120000000000007,0.002580472482841111
0.9130000000000007,0.0025934918910930325
0.9140000000000007,0.0026092909896664185
0.9150000000000007,0.0026280947048616526
0.9160000000000007,0.0026501156081961026
0.9170000000000007,0.0026755541103667957
0.9180000000000007,0.0027045986545428113
0.9190000000000007,0.0027374259090382942
0.9200000000000007,0.0027742009594199785
0.9210000000000007,0.002815077500101886
0.9220000000000007,0.002860198025479238
0.9230000000000007,0.002909694020656238
0.9240000000000007,0.0029636861518198138
0.9250000000000007,0.0030222844563116483
0.9260000000000007,0.0030855885324519647
0.9270000000000007,0.0031536877291648904
0.9280000000000007,0.003226661335456231
0.9290000000000007,0.0033045787697924267
0.9300000000000007,0.0033874997694271908
0.9310000000000007,0.003475474579720257
0.9320000000000007,0.0035685441434914617
0.9330000000000007,0.003666740290448417
0.9340000000000007,0.003770085926725647
0.9350000000000007,0.0038785952245672314
0.9360000000000007,0.0039922738121836235
0.9370000000000007,0.004111118963808835
0.9380000000000007,0.004235119789979973
0.9390000000000007,0.004364257428058918
0.9400000000000007,0.0044985052330104094
0.9410000000000007,0.004637828968447444
0.9420000000000007,0.004782186997952902
0.9430000000000007,0.0049315304766795465
0.9440000000000007,0.005085803543230245
0.9450000000000007,0.00524494351181487
0.9460000000000007,0.005408881064678163
0.9470000000000007,0.005577540444790148
0.9480000000000007,0.005750839648787011
0.9490000000000007,0.005928690620150154
0.9500000000000007,0.006110999442606645
0.9510000000000007,0.006297666533734987
0.9520000000000007,0.006488586838756187
0.9530000000000007,0.006683650024491991
0.9540000000000007,0.0068827406734682725
0.9550000000000007,0.00708573847814313
0.9560000000000007,0.007292518435238642
0.9570000000000007,0.007502951040153312
0.9580000000000007,0.007716902481435972
0.9590000000000007,0.007934234835298315
0.9600000000000007,0.008154806260146821
0.9610000000000007,0.00837847119111388
0.9620000000000007,0.008605080534569626
0.9630000000000007,0.00883448186259643
0.9640000000000007,0.009066519607409222
0.9650000000000007,0.009301035255706414
0.9660000000000007,0.00953786754293668
0.9670000000000007,0.009776852647468165
0.9680000000000007,0.010017824384649175
0.9690000000000007,0.01026061440074847
0.9700000000000008,0.01050505236676657
0.9710000000000008,0.010750966172109612
0.9720000000000008,0.01099818211811892
0.9730000000000008,0.01124652511145035
0.9740000000000008,0.011495818857298522
0.9750000000000008,0.011745886052462857
0.9760000000000008,0.011996548578252414
0.9770000000000008,0.01224762769322732
0.9780000000000008,0.01249894422577736
0.9790000000000008,0.012750318766535595
0.9800000000000008,0.013001571860630029
0.9810000000000008,0.01325252419977295
0.9820000000000008,0.013502996814189927
0.9830000000000008,0.01375281126439308
0.9840000000000008,0.014001789832797977
0.9850000000000008,0.014249755715191388
0.9860000000000008,0.014496533212050515
0.9870000000000008,0.014741947919719493
0.9880000000000008,0.014985826921447218
0.9890000000000008,0.015227998978290025
0.9900000000000008,0.0154682947198852
0.9910000000000008,0.015706546835099297
0.9920000000000008,0.015942590262555678
0.9930000000000008,0.01617626238104746
0.9940000000000008,0.016407403199839812
0.9950000000000008,0.016635855548866
0.9960000000000008,0.01686146526882376
0.9970000000000008,0.017084081401174844
0.9980000000000008,0.017303556378053725
0.9990000000000008,0.017519746212089682
1.0000000000000007,0.017732510686146286
1.0010000000000006,0.01794171354298363
1.0020000000000004,0.018147222674846787
1.0030000000000003,0.018348910312984898
1.0040000000000002,0.018546653217104962
1.0050000000000001,0.018740332864763842
1.006,0.018929835640702664
1.007,0.019115053026127177
1.0079999999999998,0.019295881787936738
1.0089999999999997,0.019472224167906366
1.0099999999999996,0.019643988071825
1.0109999999999995,0.019811087258591778
1.0119999999999993,0.019973441529274896
1.0129999999999992,0.020130976916135773
1.0139999999999991,0.020283625871620588
1.014999999999999,0.020431327457323047
1.015999999999999,0.020574027532920716
1.0169999999999988,0.020711678945088033
1.0179999999999987,0.0208442417163891
1.0189999999999986,0.0209716832341523
1.0199999999999985,0.021093978439331473
1.0209999999999984,0.021211110015354875
1.0219999999999982,0.02132306857696712
1.0229999999999981,0.021429852859065963
1.023999999999998,0.02153146990553905
1.024999999999998,0.021627935258103845
1.0259999999999978,0.0217192731451546
1.0269999999999977,0.02180551667062261
1.0279999999999976,0.02188670800285332
1.0289999999999975,0.02196289856350614
1.0299999999999974,0.02203414921648325
1.0309999999999973,0.02210053045689362
1.0319999999999971,0.02216212260005962
1.032999999999997,0.02221901597057352
1.033999999999997,0.022271311091413205
1.0349999999999968,0.022319118873124856
1.0359999999999967,0.022362560803084318
1.0369999999999966,0.02240176913484721
1.0379999999999965,0.022436887077599152
1.0389999999999964,0.02246806898571973
1.0399999999999963,0.022495480548473952
1.0409999999999962,0.022519298979845233
1.041999999999996,0.022539713208526622
1.042999999999996,0.02255692406808705
1.0439999999999958,0.02257114448733092
1.0449999999999957,0.02258259968086966
1.0459999999999956,0.022591527339926025
1.0469999999999955,0.02259817782339347
1.0479999999999954,0.02260281434917079
1.0489999999999953,0.022605713185797703
1.0499999999999952,0.02260716384441385
1.050999999999995,0.022607469271067118
1.051999999999995,0.022606946039395677
1.0529999999999948,0.022605924543710562
1.0539999999999947,0.02260474919250246
1.0549999999999946,0.022603597307219413
1.0559999999999945,0.022602288235280273
1.0569999999999944,0.02260046970681996
1.0579999999999943,0.022597803992281264
1.0589999999999942,0.022593967703379694
1.059999999999994,0.022588651593613132
1.060999999999994,0.02258156035836236
1.0619999999999938,0.02257241243462487
1.0629999999999937,0.022560939800424215
1.0639999999999936,0.022546887773933794
1.0649999999999935,0.02253001481235343
1.0659999999999934,0.02251009231057475
1.0669999999999933,0.022486904399667246
1.0679999999999932,0.022460247745218348
1.068999999999993,0.02242993134555469
1.069999999999993,0.022395776329872503
1.0709999999999928,0.022357615756301734
1.0719999999999927,0.02231529440992596
1.0729999999999926,0.022268668600779272
1.0739999999999925,0.0222176059618387
1.0749999999999924,0.022161985247028955
1.0759999999999923,0.022101696129254556
1.0769999999999922,0.022036638998473336
1.077999999999992,0.02196672475982262
1.078999999999992,0.021891874631809194
1.0799999999999919,0.021812019944572235
1.0809999999999917,0.021727101938227245
1.0819999999999916,0.02163707156129757
1.0829999999999915,0.021541889269240402
1.0839999999999914,0.021441524823071004
1.0849999999999913,0.021335957088090773
1.0859999999999912,0.02122517383272144
1.086999999999991,0.021109171527449004
1.087999999999991,0.020987955143879175
1.0889999999999909,0.020861537953906308
1.0899999999999908,0.02072994132899722
1.0909999999999906,0.020593194539590624
1.0919999999999905,0.020451334554613086
1.0929999999999904,0.020304405841111005
1.0939999999999903,0.02015246016400043
1.0949999999999902,0.01999555638593284
1.09599999999999,0.019833760267278108
1.09699999999999,0.019667144266223666
1.0979999999999899,0.019495787338990107
1.0989999999999898,0.019319774740162367
1.0999999999999897,0.01913919782313668
1.1009999999999895,0.0189541538406829
1.1019999999999894,0.018764745745621543
1.1029999999999893,0.018571081991616133
1.1039999999999892,0.018373276334080132
1.104999999999989,0.018171447631198358
1.105999999999989,0.017965719645063695
1.1069999999999889,0.017756220842928487
1.1079999999999888,0.017543084198570834
1.1089999999999887,0.017326446993777195
1.1099999999999886,0.01710645061993995
1.1109999999999884,0.01688324037977236
1.1119999999999883,0.016656965289139902
1.1129999999999882,0.016427777879009592
1.113999999999988,0.016195833997517603
1.114999999999988,0.01596129261215594
1.115999999999988,0.015724315612079154
1.1169999999999878,0.015485067610531568
1.1179999999999877,0.015243715747395553
1.1189999999999876,0.015000429491862428
1.1199999999999875,0.014755380445225216
1.1209999999999873,0.014508742143795057
1.1219999999999872,0.014260689861940866
1.1229999999999871,0.01401140041525252
1.123999999999987,0.0137610519638275
1.124999999999987,0.013509823815681492
1.1259999999999868,0.013257896230280779
1.1269999999999867,0.013005450222197325
1.1279999999999866,0.012752667364884014
1.1289999999999865,0.012499729594568805
1.1299999999999863,0.012246819014265865
1.1309999999999862,0.011994117697900535
1.1319999999999861,0.011741807494545203
1.132999999999986,0.01149006983276235
1.133999999999986,0.011239085525049756
1.1349999999999858,0.010989034572383302
1.1359999999999857,0.010740095968850713
1.1369999999999856,0.010492447506370128
1.1379999999999855,0.010246265579485173
1.1389999999999854,0.010001724990228993
1.1399999999999852,0.00975899875304665
1.1409999999999851,0.009518257899766527
1.141999999999985,0.009279671284609187
1.142999999999985,0.009043405389221118
1.1439999999999848,0.008809624127720857
1.1449999999999847,0.008578488651742842
1.1459999999999846,0.008350157155464118
1.1469999999999845,0.008124784680598449
1.1479999999999844,0.007902522921340603
1.1489999999999843,0.007683520029244176
1.1499999999999841,0.0074679204180137515
1.150999999999984,0.007255864568194964
1.151999999999984,0.007047488831741576
1.1529999999999838,0.006842925236441269
1.1539999999999837,0.006642301290181715
1.1549999999999836,0.006445739785037326
1.1559999999999835,0.006253358601157423
1.1569999999999834,0.0060652705104395285
1.1579999999999833,0.005881582979969151
1.1589999999999832,0.005702397975210542
1.159999999999983,0.005527811762933564
1.160999999999983,0.005357914713864036
1.1619999999999828,0.005192791105045315
1.1629999999999827,0.0050325189219031785
1.1639999999999826,0.004877169660006911
1.1649999999999825,0.004726808126522389
1.1659999999999824,0.004581492241356941
1.1669999999999823,0.004441272837997265
1.1679999999999822,0.004306193464046544
1.168999999999982,0.0041762901814693665
1.169999999999982,0.004051591366557028
1.1709999999999818,0.003932117509629504
1.1719999999999817,0.0038178810144935196
1.1729999999999816,0.0037088859976809885
1.1739999999999815,0.003605128087493803
1.1749999999999814,0.0035065942228867247
1.1759999999999813,0.003413262452220414
1.1769999999999812,0.0033251017319234216
1.177999999999981,0.003242071725100465
1.178999999999981,0.0031641226001302425
1.1799999999999808,0.003091194829296179
1.1809999999999807,0.0030232189874949064
1.1819999999999806,0.0029601155510706467
1.1829999999999805,0.0029017946968208502
1.1839999999999804,0.0028481561012226285
1.1849999999999803,0.0027990887399254524
1.1859999999999802,0.0027544706875597368
1.18699999999998,0.002714168917903742
1.18799999999998,0.002678039104456343
1.1889999999999799,0.00264592542145628
1.1899999999999797,0.002617660345389551
1.1909999999999796,0.0025930644570229602
1.1919999999999795,0.002571946244000353
1.1929999999999794,0.0025541019040337953
1.1939999999999793,0.002539315148721785
1.1949999999999792,0.0025273570080226945
1.195999999999979,0.0025179856354088925
1.196999999999979,0.002510946113726247
1.1979999999999789,0.0025059702617815476
1.1989999999999787,0.0025027764416779112
1.1999999999999786,0.0025010693669196317
1.2009999999999785,0.002500539911305791
1.2019999999999784,0.002500864918633796
1.2029999999999783,0.002501707013234711
1.2039999999999782,0.002502714411365084
1.204999999999978,0.0025038879649230926
1.205999999999978,0.002505027345915043
1.2069999999999779,0.0025061335070782897
1.2079999999999778,0.0025072073739263283
1.2089999999999776,0.002508249845627312
1.2099999999999775,0.0025092617958477025
1.2109999999999774,0.002510244073561641
1.2119999999999773,0.0025111975038285238
1.2129999999999772,0.0025121228885400526
1.213999999999977,0.002513021007137777
1.214999999999977,0.002513892617303313
1.2159999999999769,0.002514738455621522
1.2169999999999768,0.002515559238218855
1.2179999999999767,0.0025163556613772183
1.2189999999999765,0.0025171284021249136
1.2199999999999764,0.0025178781188058483
1.2209999999999763,0.0025186054516273954
1.2219999999999762,0.002519311023188607
1.222999999999976,0.002519995438989526
1.223999999999976,0.002520659287921459
1.2249999999999759,0.0025213031427413074
1.2259999999999758,0.002521927560528315
1.2269999999999757,0.0025225330831253126
1.2279999999999756,0.002523120237565471
1.2289999999999754,0.0025236895364839397
1.2299999999999753,0.002524241478516716
1.2309999999999752,0.002524776548686051
1.2319999999999751,0.0025252952187730694
1.232999999999975,0.002525797947679948
1.233999999999975,0.002526285181779317
1.2349999999999748,0.002526757355253883
1.2359999999999747,0.002527214890425615
1.2369999999999746,0.002527658198074923
1.2379999999999745,0.0025280876777510307
1.2389999999999743,0.0025285037180728456
1.2399999999999742,0.002528906697022021
1.2409999999999741,0.002529296982226991
1.241999999999974,0.0025296749312403548
1.242999999999974,0.0025300408918078852
1.2439999999999738,0.002530395202130855
1.2449999999999737,0.0025307381911215433
1.2459999999999736,0.002531070178651843
1.2469999999999735,0.0025313914757959036
1.2479999999999734,0.002531702385066739
1.2489999999999732,0.0025320032006465633
1.2499999999999731,0.002532294208611976
1.250999999999973,0.0025325756871533954
1.251999999999973,0.0025328479067893463
1.2529999999999728,0.002533111130575496
1.2539999999999727,0.002533365614309141
1.2549999999999726,0.0025336116067283983
1.2559999999999725,0.002533849349707084
1.2569999999999724,0.0025340790784448806
1.2579999999999723,0.002534301021653331
1.2589999999999721,0.0025345154017369052
1.259999999999972,0.002534722434970941
1.260999999999972,0.002534922331674235
1.2619999999999718,0.0025351152963784818
1.2629999999999717,0.0025353015279934513
1.2639999999999716,0.0025354812199683587
1.2649999999999715,0.0025356545604490466
1.2659999999999714,0.0025358217324323307
1.2669999999999713,0.0025359829139157547
1.2679999999999712,0.00253613827804397
1.268999999999971,0.002536287993251972
1.269999999999971,0.002536432223404418
1.2709999999999708,0.002536571127931323
1.2719999999999707,0.0025367048619608853
1.2729999999999706,0.0025368335764485925
1.2739999999999705,0.002536957418302635
1.2749999999999704,0.002537076530506985
1.2759999999999703,0.002537191052240227
1.2769999999999702,0.002537301118991756
1.27799999999997,0.0025374068626743893
1.27899999999997,0.0025375084117343107
1.2799999999999698,0.0025376058912574863
1.2809999999999697,0.0025376994230729664
1.2819999999999696,0.0025377891258536213
1.2829999999999695,0.002537875115213299
1.2839999999999694,0.0025379575038011366
1.2849999999999693,0.0025380364013933288
1.2859999999999692,0.002538111914981281
1.286999999999969,0.0025381841488575606
1.287999999999969,0.002538253204698547
1.2889999999999688,0.0025383191816443253
1.2899999999999687,0.002538382176376079
1.2909999999999686,0.002538442283190317
1.2919999999999685,0.002538499594071049
1.2929999999999684,0.002538554198758265
1.2939999999999683,0.0025386061848148567
1.2949999999999682,0.0025386556376905643
1.295999999999968,0.002538702640783104
1.296999999999968,0.00253874727549706
1.2979999999999678,0.002538789621300542
1.2989999999999677,0.0025388297557790915
1.2999999999999676,0.0025388677546872747
1.3009999999999675,0.0025389036919983253
1.3019999999999674,0.002538937639951295
1.3029999999999673,0.002538969669095798
1.3039999999999672,0.0025389998483350065
1.304999999999967,0.0025390282449666776
1.305999999999967,0.0025390549247214893
1.3069999999999669,0.002539079951800232
1.3079999999999667,0.0025391033889084584
1.3089999999999666,0.002539125297289998
1.3099999999999665,0.002539145736757894
1.3109999999999664,0.002539164765724286
1.3119999999999663,0.0025391824412285442
1.3129999999999662,0.0025391988189637123
1.313999999999966,0.0025392139533013877
1.314999999999966,0.0025392278973157163
1.3159999999999659,0.0025392407028055133
1.3169999999999658,0.0025392524203153126
1.3179999999999656,0.002539263099155545
1.3189999999999655,0.002539272787421172
1.3199999999999654,0.0025392815320096317
1.3209999999999653,0.0025392893786379683
1.3219999999999652,0.0025392963718587867
1.322999999999965,0.0025393025550758293
1.323999999999965,0.0025393079705589086
1.3249999999999649,0.0025393126594578028
1.3259999999999648,0.0025393166618165597
1.3269999999999647,0.0025393200165868997
1.3279999999999645,0.0025393227616413196
1.3289999999999644,0.00253932493378636
1.3299999999999643,0.002539326568775986
1.3309999999999642,0.002539327701324621
1.331999999999964,0.0025393283651204725
1.332999999999964,0.0025393285928396944
1.3339999999999639,0.002539328416160346
1.3349999999999638,0.0025393278657772946
1.3359999999999637,0.0025393269714176943
1.3369999999999636,0.0025393257618574056
1.3379999999999634,0.00253932426493814
1.3389999999999633,0.002539322507585942
1.3399999999999632,0.0025393205158308306
1.340999999999963,0.002539318314827843
1.341999999999963,0.002539315928879588
1.342999999999963,0.0025393133814604375
1.3439999999999628,0.0025393106952426928
1.3449999999999627,0.0025393078921248195
1.3459999999999626,0.002539304993261403
1.3469999999999624,0.002539302019096225
1.3479999999999623,0.0025392989893969625
1.3489999999999622,0.002539295923293307
1.3499999999999621,0.0025392928393177007
1.350999999999962,0.002539289755448697
1.351999999999962,0.002539286689158503
1.3529999999999618,0.002539283657462879
1.3539999999999617,0.0025392806769753314
1.3549999999999616,0.0025392777639647937
1.3559999999999615,0.0025392749337447215
1.3569999999999613,0.0025392721999397717
1.3579999999999612,0.002539269575144474
1.3589999999999611,0.002539267071663999
1.359999999999961,0.0025392647015611072
1.360999999999961,0.0025392624766952775
1.3619999999999608,0.002539260408757616
1.3629999999999607,0.0025392585092983144
1.3639999999999606,0.002539256789750439
1.3649999999999605,0.002539255261448277
1.3659999999999604,0.0025392539356423986
1.3669999999999602,0.0025392528235100853
1.3679999999999601,0.002539251936163462
1.36899999999996,0.002539251284654088
1.36999999999996,0.0025392508799750683
1.3709999999999598,0.0025392507330611047
1.3719999999999597,0.002539250854786613
1.3729999999999596,0.0025392512559621605
1.3739999999999595,0.002539251947329551
1.3749999999999594,0.002539252939555505
1.3759999999999593,0.002539254243225212
1.3769999999999591,0.0025392558688340887
1.377999999999959,0.0025392578267801474
1.378999999999959,0.002539260127355024
1.3799999999999588,0.0025392627807356224
1.3809999999999587,0.0025392657969752937
1.3819999999999586,0.002539269185995084
1.3829999999999585,0.002539272957575514
1.3839999999999584,0.0025392771213481324
1.3849999999999583,0.002539281686788162
1.3859999999999582,0.0025392866632069563
1.386999999999958,0.0025392920597452177
1.387999999999958,0.0025392978853671574
1.3889999999999578,0.0025393041488546673
1.3899999999999577,0.00253931085880282
1.3909999999999576,0.0025393180236157123
1.3919999999999575,0.0025393256515031104
1.3929999999999574,0.0025393337504780768
1.3939999999999573,0.0025393423283551417
1.3949999999999572,0.002539351392749436
1.395999999999957,0.002539360951076767
1.396999999999957,0.0025393710105541013
1.3979999999999568,0.0025393815782012927
1.3989999999999567,0.002539392660843621
1.3999999999999566,0.0025394042651146163
1.4009999999999565,0.0025394163974603347
1.4019999999999564,0.0025394290641440435
1.4029999999999563,0.0025394422712516455
1.4039999999999562,0.0025394560246982077
1.404999999999956,0.0025394703302347235
1.405999999999956,0.002539485193455822
1.4069999999999558,0.0025395006198082708
1.4079999999999557,0.0025395166145999078
1.4089999999999556,0.002539533183009146
1.4099999999999555,0.0025395503300953692
1.4109999999999554,0.0025395680608096063
1.4119999999999553,0.002539586380005829
1.4129999999999552,0.002539605292452545
1.413999999999955,0.0025396248028452216
1.414999999999955,0.0025396449158188554
1.4159999999999549,0.002539665635960746
1.4169999999999547,0.0025396869678241916
1.4179999999999546,0.002539708915941595
1.4189999999999545,0.002539731484838735
1.4199999999999544,0.0025397546790486697
1.4209999999999543,0.0025397785031258495
1.4219999999999542,0.0025398029616606546
1.422999999999954,0.002539828059293602
1.423999999999954,0.0025398538007298382
1.4249999999999539,0.0025398801907539764
1.4259999999999537,0.0025399072342435595
1.4269999999999536,0.0025399349361842974
1.4279999999999535,0.0025399633016833824
1.4289999999999534,0.002539992335983926
1.4299999999999533,0.002540022044478278
1.4309999999999532,0.002540052432721509
1.431999999999953,0.0025400835064442566
1.432999999999953,0.0025401152715655365
1.4339999999999529,0.0025401477342048007
1.4349999999999528,0.002540180900693585
1.4359999999999526,0.0025402147775866746
1.4369999999999525,0.0025402493716726315
1.4379999999999524,0.0025402846899840632
1.4389999999999523,0.0025403207398063503
1.4399999999999522,0.002540357528686695
1.440999999999952,0.0025403950644420116
1.441999999999952,0.002540433355165652
1.4429999999999519,0.0025404724092339855
1.4439999999999518,0.0025405122353118446
1.4449999999999517,0.002540552842356974
1.4459999999999515,0.002540594239623887
1.4469999999999514,0.0025406364366663825
1.4479999999999513,0.0025406794433397925
1.4489999999999512,0.002540723269801457
1.449999999999951,0.002540767926511034
1.450999999999951,0.002540813424229321
1.4519999999999509,0.0025408597740162013
1.4529999999999508,0.002540906987227979
1.4539999999999507,0.002540955075513218
1.4549999999999506,0.0025410040508080933
1.4559999999999504,0.0025410539253308065
1.4569999999999503,0.0025411047115746245
1.4579999999999502,0.002541156422300874
1.4589999999999501,0.002541209070530577
1.45999999999995,0.0025412626695352665
1.46099999999995,0.0025413172328278034
1.4619999999999498,0.0025413727741514965
1.4629999999999497,0.002541429307469978
1.4639999999999496,0.0025414868469553417
1.4649999999999495,0.002541545406976854
1.4659999999999493,0.0025416050020889112
1.4669999999999492,0.002541665647018989
1.4679999999999491,0.0025417273566556813
1.468999999999949,0.0025417901460362824
1.469999999999949,0.0025418540303356156
1.4709999999999488,0.0025419190248540356
1.4719999999999487,0.002541985145006885
1.4729999999999486,0.0025420524063139785
1.4739999999999485,0.0025421208243906826
1.4749999999999484,0.0025421904149390863
1.4759999999999482,0.0025422611937413048
1.4769999999999481,0.002542333176653328
1.477999999999948,0.0025424063796011635
1.478999999999948,0.002542480818578486
1.4799999999999478,0.002542556509646257
1.4809999999999477,0.0025426334689346262
1.4819999999999476,0.0025427117126471423
1.4829999999999475,0.002542791257068064
1.4839999999999474,0.002542872118571817
1.4849999999999473,0.0025429543136362455
1.4859999999999471,0.0025430378588588293
1.486999999999947,0.0025431227709764546
1.487999999999947,0.002543209066889214
1.4889999999999468,0.002543296763687943
1.4899999999999467,0.0025433858786865216
1.4909999999999466,0.0025434764294578957
1.4919999999999465,0.00254356843387548
1.4929999999999464,0.0025436619101596517
1.4939999999999463,0.0025437568769284234
1.4949999999999461,0.0025438533532552224
1.495999999999946,0.0025439513587307457
1.496999999999946,0.0025440509135319193
1.4979999999999458,0.002544152038496613
1.4989999999999457,0.0025442547552047765
1.4999999999999456,0.0025443590860665423
1.5009999999999455,0.0025444650544170465
1.5019999999999454,0.0025445726846190196
1.5029999999999453,0.002544682002172397
1.5039999999999452,0.0025447930338321316
1.504999999999945,0.002544905807734116
1.505999999999945,0.0025451653264170725
1.5069999999999448,0.0025455918269116085
1.5079999999999447,0.0025465302941291602
1.5089999999999446,0.0025483115734681004
1.5099999999999445,0.0025512525732709276
1.5109999999999444,0.002555656466098403
1.5119999999999443,0.002561812888888553
1.5129999999999442,0.0025699981420614013
1.513999999999944,0.0025804753876309296
1.514999999999944,0.0025934948463786807
1.5159999999999438,0.002609293994145754
1.5169999999999437,0.0026280977572952363
1.5179999999999436,0.0026501187073994584
1.5189999999999435,0.0026755572552029996
1.5199999999999434,0.0027046018439149735
1.5209999999999433,0.0027374291418831853
1.5219999999999432,0.0027742042347012642
1.522999999999943,0.0028150808168041115
1.523999999999943,0.002860201382601839
1.5249999999999428,0.0029096974172083644
1.5259999999999427,0.0029636895868146856
1.5269999999999426,0.0030222879287622184
1.5279999999999425,0.0030855920413659366
1.5289999999999424,0.00315369127354085
1.5299999999999423,0.0032266649142797393
1.5309999999999422,0.003304582382032503
1.531999999999942,0.0033875034140331134
1.532999999999942,0.0034754782556188774
1.5339999999999419,0.0035685478495844566
1.5349999999999417,0.0036667440256104578
1.5359999999999416,0.003770089689802497
1.5369999999999415,0.0038785990143741234
1.5379999999999414,0.003992277627504315
1.5389999999999413,0.004111122803394637
1.5399999999999412,0.004235123652549577
1.540999999999941,0.004364261312297932
1.541999999999941,0.004498509137571403
1.5429999999999409,0.004637832891950827
1.5439999999999408,0.004782190938986991
1.5449999999999406,0.004931534433802086
1.5459999999999405,0.005085807514969232
1.5469999999999404,0.005244947496670198
1.5479999999999403,0.0054088850611233585
1.5489999999999402,0.005577544451273904
1.54999999999994,0.005750843663735648
1.55099999999994,0.00592869464196942
1.5519999999999399,0.006111003469684476
1.5529999999999398,0.006297670564443823
1.5539999999999397,0.006488590871455528
1.5549999999999395,0.0066836540575312825
1.5559999999999394,0.0068827447051893545
1.5569999999999393,0.007085742506883451
1.5579999999999392,0.007292522459333803
1.558999999999939,0.007502955057940207
1.559999999999939,0.007716906491255525
1.5609999999999389,0.007934238835498444
1.5619999999999388,0.008154810249085286
1.5629999999999387,0.0083784751671611
1.5639999999999386,0.00860508449611154
1.5649999999999384,0.008834485808037092
1.5659999999999383,0.0090665235351736
1.5669999999999382,0.009301039164242929
1.567999999999938,0.009537871430719512
1.568999999999938,0.009776856513000039
1.569999999999938,0.01001782822646325
1.5709999999999378,0.010260618217410825
1.5719999999999377,0.010505056156878072
1.5729999999999376,0.010750969934308088
1.5739999999999374,0.010998185851080713
1.5749999999999373,0.011246528813892306
1.5759999999999372,0.011495822527979448
1.5769999999999371,0.011745889690185127
1.577999999999937,0.011996552181863185
1.578999999999937,0.01224763126161988
1.5799999999999368,0.012498947757892023
1.5809999999999367,0.012750322261360934
1.5819999999999366,0.013001575317203612
1.5829999999999365,0.013252527617182076
1.5839999999999363,0.01350300019157246
1.5849999999999362,0.013752814600937517
1.5859999999999361,0.014001793127744383
1.586999999999936,0.01424975896783131
1.587999999999936,0.014496536421727206
1.5889999999999358,0.014741951085828278
1.5899999999999357,0.01498583004343508
1.5909999999999356,0.015228002055655741
1.5919999999999355,0.015468297752179165
1.5929999999999354,0.01570654982192298
1.5939999999999352,0.015942593203561423
1.5949999999999351,0.016176265275938052
1.595999999999935,0.016407406048367677
1.596999999999935,0.016635858350832873
1.5979999999999348,0.01686146802407977
1.5989999999999347,0.0170840841096178
1.5999999999999346,0.017303559039628276
1.6009999999999345,0.017519748826786335
1.6019999999999344,0.0177325132540005
1.6029999999999343,0.017941716064074846
1.6039999999999341,0.018147225149297265
1.604999999999934,0.01834891274095856
1.605999999999934,0.01854665559880616
1.6069999999999338,0.0187403352004362
1.6079999999999337,0.018929837930627906
1.6089999999999336,0.019115055270623516
1.6099999999999335,0.01929588398735787
1.6109999999999334,0.019472226322640035
1.6119999999999333,0.019643990182291383
1.6129999999999332,0.019811089325242184
1.613999999999933,0.019973443552590425
1.614999999999933,0.020130978896625767
1.6159999999999328,0.020283627809821216
1.6169999999999327,0.020431329353795692
1.6179999999999326,0.020574029388250627
1.6189999999999325,0.020711680759882847
1.6199999999999324,0.02084424349127728
1.6209999999999323,0.02097168496978187
1.6219999999999322,0.021093980136368207
1.622999999999932,0.02121111167448112
1.623999999999932,0.021323070198880453
1.6249999999999318,0.02142985444447762
1.6259999999999317,0.021531471455172597
1.6269999999999316,0.021627936772693687
1.6279999999999315,0.021719274625444873
1.6289999999999314,0.021805518117365946
1.6299999999999313,0.02188670941680939
1.6309999999999312,0.021962899945440546
1.631999999999931,0.022034150567166462
1.632999999999931,0.02210053177709973
1.6339999999999308,0.02216212389056537
1.6349999999999307,0.022219017232157356
1.6359999999999306,0.022271312324853923
1.6369999999999305,0.022319120079201137
1.6379999999999304,0.02236256198257377
1.6389999999999303,0.022401770288525316
1.6399999999999302,0.022436888206238736
1.64099999999993,0.02246807009009022
1.64199999999993,0.022495481629340675
1.6429999999999298,0.02251930003796876
1.6439999999999297,0.022539714244662404
1.6449999999999296,0.02255692508298484
1.6459999999999295,0.022571145481734264
1.6469999999999294,0.022582600655515365
1.6479999999999293,0.022591528295544325
1.6489999999999292,0.022598178760707112
1.649999999999929,0.022602815268895154
1.650999999999929,0.022605714088640344
1.6519999999999289,0.02260716473107461
1.6529999999999287,0.022607470142237615
1.6539999999999286,0.022606946895759733
1.6549999999999285,0.02260592538594331
1.6559999999999284,0.02260475002127115
1.6569999999999283,0.022603598123182925
1.6579999999999282,0.022602289039068725
1.658999999999928,0.022600470499013967
1.659999999999928,0.022597804773413742
1.6609999999999279,0.022593968473936882
1.6619999999999278,0.022588652354036093
1.6629999999999276,0.02258156110904811
1.6639999999999275,0.022572413175927744
1.6649999999999274,0.022560940532656823
1.6659999999999273,0.022546888497368363
1.6669999999999272,0.02253001552722296
1.667999999999927,0.022510093017073844
1.668999999999927,0.02248690509795359
1.6699999999999269,0.022460248435413423
1.6709999999999268,0.02242993202774509
1.6719999999999267,0.022395777004111043
1.6729999999999265,0.022357616422608285
1.6739999999999264,0.02231529506828877
1.6749999999999263,0.02226866925115601
1.6759999999999262,0.02221760660415749
1.676999999999926,0.02216198588118947
1.677999999999926,0.02210169675512943
1.6789999999999259,0.02203663961590887
1.6799999999999258,0.021966725368640347
1.6809999999999257,0.021891875231806884
1.6819999999999256,0.02181202053552527
1.6829999999999254,0.021727102519889643
1.6839999999999253,0.021637072133403372
1.6849999999999252,0.021541889831504887
1.6859999999999251,0.02144152537519215
1.686999999999925,0.021335957629750435
1.687999999999925,0.021225174363586667
1.6889999999999248,0.02110917204717333
1.6899999999999247,0.020987955652104068
1.6909999999999246,0.020861538450262583
1.6919999999999245,0.02072994181310632
1.6929999999999243,0.02059319501106608
1.6939999999999242,0.020451335013061664
1.6949999999999241,0.020304406286134467
1.695999999999924,0.020152460595196528
1.696999999999924,0.01999555680289694
1.6979999999999238,0.019833760669604364
1.6989999999999237,0.019667144653506483
1.6999999999999236,0.01949578771082533
1.7009999999999235,0.019319775096148635
1.7019999999999234,0.019139198162876785
1.7029999999999232,0.01895415416378484
1.7039999999999231,0.01876474605169995
1.704999999999923,0.018571082280293277
1.705999999999923,0.018373276604987047
1.7069999999999228,0.01817144788397613
1.7079999999999227,0.017965719879364447
1.7089999999999226,0.017756221058416212
1.7099999999999225,0.01754308439492268
1.7109999999999224,0.017326447170684045
1.7119999999999223,0.017106450777107783
1.7129999999999221,0.016883240516922596
1.713999999999922,0.016656965406010443
1.714999999999922,0.01642777797535549
1.7159999999999218,0.016195834073111766
1.7169999999999217,0.015961292666789806
1.7179999999999216,0.015724315645563237
1.7189999999999215,0.015485067622695893
1.7199999999999214,0.01524371573809042
1.7209999999999213,0.015000429460958406
1.7219999999999211,0.014755380392614044
1.722999999999921,0.014508742069389631
1.723999999999921,0.014260689765675703
1.7249999999999208,0.014011400297083872
1.7259999999999207,0.013761051823733793
1.7269999999999206,0.01350982365366335
1.7279999999999205,0.013257896046361066
1.7289999999999204,0.013005450016421616
1.7299999999999203,0.012752667137320345
1.7309999999999202,0.012499729345307867
1.73199999999992,0.012246818743421005
1.73299999999992,0.011994117405607706
1.7339999999999198,0.01174180718096312
1.7349999999999197,0.011490069498072332
1.7359999999999196,0.011239085169455675
1.7369999999999195,0.010989034196111518
1.7379999999999194,0.010740095572150062
1.7389999999999193,0.01049244708951192
1.7399999999999192,0.010246265142762924
1.740999999999919,0.01000172453395863
1.741999999999919,0.009758998277566093
1.7429999999999188,0.009518257405435798
1.7439999999999187,0.009279670771810383
1.7449999999999186,0.009043404858358313
1.7459999999999185,0.00880962357921991
1.7469999999999184,0.008578488086051404
1.7479999999999183,0.008350156573051638
1.7489999999999182,0.008124784081956035
1.749999999999918,0.007902522306980977
1.750999999999918,0.007683519399701591
1.7519999999999178,0.0074679197738439715
1.7529999999999177,0.007255863909975194
1.7539999999999176,0.007047488160070163
1.7549999999999175,0.00684292455193785
1.7559999999999174,0.006642300593487013
1.7569999999999173,0.006445739076812812
1.7579999999999172,0.006253357882085232
1.758999999999917,0.006065269781222439
1.759999999999917,0.0058815822413298
1.7609999999999169,0.0057023972278914745
1.7619999999999167,0.005527811007696649
1.7629999999999166,0.005357913951489837
1.7639999999999165,0.005192790336332756
1.7649999999999164,0.0050325181476686826
1.7659999999999163,0.00487716888108361
1.7669999999999162,0.004726807343759423
1.767999999999916,0.0045814914556182446
1.768999999999916,0.004441272050160393
1.7699999999999159,0.00430619267500168
1.7709999999999158,0.004176289392117567
1.7719999999999156,0.004051590577808968
1.7729999999999155,0.00393211672240356
1.7739999999999154,0.0038178802297140282
1.7749999999999153,0.003708885216276256
1.7759999999999152,0.003605127310393877
1.776999999999915,0.0035065934510210423
1.777999999999915,0.003413261686515602
1.7789999999999149,0.0033251009733004863
1.7799999999999148,0.003242070974472114
1.7809999999999147,0.0031641218583982125
1.7819999999999145,0.003091194097347899
1.7829999999999144,0.003023218266200875
1.7839999999999143,0.002960114841280871
1.7849999999999142,0.002901793999361836
1.785999999999914,0.0028481554168938127
1.786999999999914,0.002799088069496254
1.7879999999999139,0.0027544700317656684
1.7889999999999138,0.0027141682774433976
1.7899999999999137,0.002678038479987665
1.7909999999999136,0.0026459248135932596
1.7919999999999134,0.0026176597546988187
1.7929999999999133,0.002593063884020641
1.7939999999999132,0.0025719456891483833
1.794999999999913,0.002554101367737028
1.795999999999913,0.0025393146313248197
1.796999999999913,0.0025273565098068718
1.7979999999999128,0.00251798515658936
1.7989999999999127,0.002510945654449249
1.7999999999999126,0.0025059698221217667
1.8009999999999124,0.0025027760216360627
1.8019999999999123,0.0025010689664200884
1.8029999999999122,0.002500539530194544
1.8039999999999121,0.002500864556676162
1.804999999999912,0.002501706670113863
1.805999999999912,0.002502714086680232
1.8069999999999118,0.0025038876599014354
1.8079999999999117,0.002505027059851738
1.8089999999999116,0.0025061332392952093
1.8099999999999115,0.0025072071237709215
1.8109999999999113,0.00250824961247181
1.8119999999999112,0.002509261579087922
1.8129999999999111,0.00251024387261602
1.813999999999911,0.002511197318137273
1.814999999999911,0.0025121227175640866
1.8159999999999108,0.0025130208503581844
1.8169999999999107,0.002513892474220212
1.8179999999999106,0.0025147383257534683
1.8189999999999105,0.0025155591211019415
1.8199999999999104,0.0025163555565644175
1.8209999999999102,0.002517128309185407
1.8219999999999101,0.0025178780373241866
1.82299999999991,0.002518605381202965
1.82399999999991,0.0025193109634350785
1.8249999999999098,0.0025199953895339543
1.8259999999999097,0.002520659248404118
1.8269999999999096,0.0025213031128148017
1.8279999999999095,0.002521927539857173
1.8289999999999094,0.0025225330713854292
1.8299999999999093,0.002523120234443607
1.8309999999999091,0.002523689541677372
1.831999999999909,0.002524241491732672
1.832999999999909,0.0025247765696411115
1.8339999999999088,0.002525295247193197
1.8349999999999087,0.002525797983299695
1.8359999999999086,0.00252628522434167
1.8369999999999085,0.002526757404509694
1.8379999999999084,0.002527214946133449
1.8389999999999083,0.002527658260000662
1.8399999999999082,0.0025280877456675226
1.840999999999908,0.0025285037917597286
1.841999999999908,0.002528906776265126
1.8429999999999078,0.0025292970668185193
1.8439999999999077,0.0025296750209783843
1.8449999999999076,0.002530040986496014
1.8459999999999075,0.0025303953015781526
1.8469999999999074,0.002530738295142252
1.8479999999999073,0.002531070287065177
1.8489999999999072,0.002531391588425965
1.849999999999907,0.0025317025017421065
1.850999999999907,0.0025320033212004114
1.8519999999999068,0.0025322943328816155
1.8529999999999067,0.0025325758149802938
1.8539999999999066,0.002532848038018863
1.8549999999999065,0.0025331112650568977
1.8559999999999064,0.002533365751895382
1.8569999999999063,0.002533611747275965
1.8579999999999062,0.002533849493075953
1.858999999999906,0.002534079224498373
1.859999999999906,0.0025343011702579077
1.8609999999999058,0.0025345155527624168
1.8619999999999057,0.0025347225882900414
1.8629999999999056,0.0025349224871627253
1.8639999999999055,0.002535115453914955
1.8649999999999054,0.0025353016874594576
1.8659999999999053,0.002535481381247935
1.8669999999999052,0.0025356547234292905
1.867999999999905,0.0025358218970027713
1.868999999999905,0.0025359830799684367
1.8699999999999048,0.0025361384454735333
1.8709999999999047,0.0025362881619555404
1.8719999999999046,0.0025364323932814715
1.8729999999999045,0.0025365712988837594
1.8739999999999044,0.002536705033893003
1.8749999999999043,0.002536833749266724
1.8759999999999042,0.002536957591915679
1.876999999999904,0.0025370767048259538
1.877999999999904,0.002537191227178222
1.8789999999999039,0.0025373012944640908
1.8799999999999037,0.0025374070385985846
1.8809999999999036,0.0025375085880298374
1.8819999999999035,0.0025376060678459454
1.8829999999999034,0.0025376995998780613
1.8839999999999033,0.002537789302800946
1.8849999999999032,0.002537875292230464
1.885999999999903,0.002537957680817781
1.886999999999903,0.0025380365783408965
1.8879999999999029,0.0025381120917933563
1.8889999999999028,0.0025381843254693934
1.8899999999999026,0.0025382533810473923
1.8909999999999025,0.0025383193576692074
1.8919999999999024,0.0025383823520179274
1.8929999999999023,0.0025384424583918576
1.8939999999999022,0.0025384997687766496
1.894999999999902,0.0025385543729141667
1.895999999999902,0.0025386063583691214
1.8969999999999019,0.0025386558105928714
1.8979999999999018,0.0025387028129848777
1.8989999999999017,0.00253874744695139
1.8999999999999015,0.002538789791962197
1.9009999999999014,0.0025388299256044605
1.9019999999999013,0.0025388679236343775
1.9029999999999012,0.002538903860026944
1.903999999999901,0.0025389378070225198
1.904999999999901,0.0025389698351724783
1.9059999999999009,0.00253900001338149
1.9069999999999008,0.0025390284089488353
1.9079999999999007,0.0025390550876067154
1.9089999999999006,0.0025390801135573467
1.9099999999999004,0.002539103549507902
1.9109999999999003,0.002539125456703501
1.9119999999999002,0.002539145894958697
1.9129999999999001,0.0025391649226871073
1.9139999999999,0.0025391825969293923
1.9149999999999,0.0025391989733800392
1.9159999999998998,0.0025392141064120334
1.9169999999998997,0.002539228049100853
1.9179999999998996,0.002539240853246555
1.9189999999998995,0.002539252569395089
1.9199999999998993,0.0025392632468581276
1.9209999999998992,0.00253927293373191
1.9219999999998991,0.002539281676915195
1.922999999999899,0.0025392895221262486
1.923999999999899,0.002539296513918876
1.9249999999998988,0.0025393026956980515
1.9259999999998987,0.0025393081097347114
1.9269999999998986,0.0025393127971799663
1.9279999999998985,0.0025393167980790055
1.9289999999998984,0.0025393201513846317
1.9299999999998982,0.002539322894970504
1.9309999999998981,0.002539325065644346
1.931999999999898,0.002539326699161147
1.932999999999898,0.0025393278302365298
1.9339999999998978,0.002539328492559754
1.9349999999998977,0.002539328718808114
1.9359999999998976,0.002539328540660638
1.9369999999998975,0.002539327988813296
1.9379999999998974,0.0025393270929943423
1.9389999999998973,0.0025393258819806155
1.9399999999998971,0.0025393243836148716
1.940999999999897,0.002539322624824158
1.941999999999897,0.0025393206316395196
1.9429999999998968,0.002539318429217015
1.9439999999998967,0.0025393160418601783
1.9449999999998966,0.002539313493044471
1.9459999999998965,0.0025393108054431804
1.9469999999998964,0.0025393080009555244
1.9479999999998963,0.002539305100737365
1.9489999999998961,0.0025393021252331366
1.949999999999896,0.0025392990942116403
1.950999999999896,0.00253929602680349
1.9519999999998958,0.002539292941541982
1.9529999999998957,0.0025392898564067096
1.9539999999998956,0.002539286788870703
1.9549999999998955,0.002539283755950663
1.9559999999998954,0.002539280774261018
1.9569999999998953,0.0025392778600716037
1.9579999999998952,0.002539275028696133
1.958999999999895,0.0025392722937583913
1.959999999999895,0.002539269667851403
1.9609999999998948,0.002539267163279159
1.9619999999998947,0.0025392647921030354
1.9629999999998946,0.002539262566181734
1.9639999999998945,0.00253926049720498
1.9649999999998944,0.0025392585967221257
1.9659999999998943,0.002539256876165401
1.9669999999998942,0.002539255346868146
1.967999999999894,0.0025392540200801957
1.968999999999894,0.002539252906978342
1.9699999999998938,0.0025392520186740715
1.9709999999998937,0.0025392513662182287
1.9719999999998936,0.0025392509606034126
1.9729999999998935,0.0025392508127640503
1.9739999999998934,0.0025392509335740374
1.9749999999998933,0.0025392513338436153
1.9759999999998932,0.0025392520243141606
1.976999999999893,0.002539253015652339
1.977999999999893,0.002539254318442881
1.9789999999998928,0.0025392559431811797
1.9799999999998927,0.002539257900264859
1.9809999999998926,0.0025392601999856164
1.9819999999998925,0.0025392628525201834
1.9829999999998924,0.002539265867921754
1.9839999999998923,0.0025392692561113477
1.9849999999998922,0.0025392730268694215
1.985999999999892,0.0025392771898276358
1.986999999999892,0.002539281754461057
1.9879999999998919,0.0025392867300810217
1.9889999999998917,0.0025392921258283394
1.9899999999998916,0.0025392979506673324
1.9909999999998915,0.0025393042133798373
1.9919999999998914,0.0025393109225609924
1.9929999999998913,0.0025393180866151166
1.9939999999998912,0.002539325713751907
1.994999999999891,0.002539333811984585
1.995999999999891,0.0025393423891278133
1.9969999999998909,0.0025393514527968647
1.9979999999998908,0.0025393610104075537
1.9989999999998906,0.002539371069177024
1.9999999999998905,0.00253938163612542
2.0009999999998906,0.0025393927180779076
2.0019999999998905,0.0025394043216682045
2.0029999999998904,0.0025394164533426578
2.0039999999998903,0.0025394291193645835
2.00499999999989,0.0025394423258200544
2.00599999999989,0.0025394560786242866
2.00699999999989,0.002539470383528329
2.00799999999989,0.0025394852461271093
2.0089999999998898,0.0025395006718674958
2.0099999999998897,0.0025395166660573606
2.0109999999998895,0.0025395332338753705
2.0119999999998894,0.0025395503803810546
2.0129999999998893,0.0025395681105255564
2.013999999999889,0.0025395864291629586
2.014999999999889,0.00253960534106195
2.015999999999889,0.0025396248509181665
2.016999999999889,0.0025396449633666267
2.0179999999998888,0.0025396656829949
2.0189999999998887,0.0025396870143562025
2.0199999999998886,0.002539708961983283
2.0209999999998884,0.002539731530401858
2.0219999999998883,0.0025397547241452247
2.022999999999888,0.002539778547767855
2.023999999999888,0.0025398030058602604
2.024999999999888,0.002539828103063059
2.025999999999888,0.0025398538440816257
2.026999999999888,0.0025398802337003416
2.0279999999998877,0.0025399072767971383
2.0289999999998876,0.0025399349783575935
2.0299999999998875,0.002539963343489042
2.0309999999998873,0.002539992377434748
2.0319999999998872,0.0025400220855869883
2.032999999999887,0.0025400524735008922
2.033999999999887,0.002540083546907254
2.034999999999887,0.002540115311725051
2.035999999999887,0.0025401477740737213
2.0369999999998867,0.0025401809402848495
2.0379999999998866,0.0025402148169132964
2.0389999999998865,0.0025402494107476907
2.0399999999998863,0.0025402847288203793
2.0409999999998862,0.002540320778416965
2.041999999999886,0.0025403575670846466
2.042999999999886,0.002540395102640137
2.043999999999886,0.002540433393176774
2.044999999999886,0.0025404724470711876
2.0459999999998857,0.002540512272987825
2.0469999999998856,0.0025405528798845764
2.0479999999998855,0.0025405942770156884
2.0489999999998854,0.00254063647393514
2.0499999999998852,0.002540679480497989
2.050999999999885,0.002540723306861545
2.051999999999885,0.0025407679634853533
2.052999999999885,0.0025408134611301196
2.053999999999885,0.0025408598108556113
2.0549999999998847,0.0025409070240179354
2.0559999999998846,0.0025409551122656006
2.0569999999998845,0.002541004087534611
2.0579999999998844,0.002541053962042905
2.0589999999998843,0.0025411047482837117
2.059999999999884,0.002541156459018125
2.060999999999884,0.0025412091072669445
2.061999999999884,0.002541262706301537
2.062999999999884,0.0025413172696344584
2.0639999999998837,0.0025413728110090066
2.0649999999998836,0.002541429344388283
2.0659999999998835,0.0025414868839443126
2.0669999999998834,0.002541545444046077
2.0679999999998833,0.0025416050392476804
2.068999999999883,0.002541665684276346
2.069999999999883,0.0025417273940202267
2.070999999999883,0.0025417901835165235
2.071999999999883,0.0025418540679395876
2.0729999999998827,0.0025419190625894754
2.0739999999998826,0.0025419851828811756
2.0749999999998825,0.0025420524443342876
2.0759999999998824,0.0025421208625636404
2.0769999999998823,0.002542190453271035
2.077999999999882,0.002542261232238111
2.078999999999882,0.0025423332153205573
2.079999999999882,0.002542406418443933
2.080999999999882,0.002542480857601521
2.0819999999998817,0.0025425565488538596
2.0829999999998816,0.002542633508330564
2.0839999999998815,0.0025427117522349788
2.0849999999998814,0.002542791296850675
2.0859999999998813,0.002542872158551677
2.086999999999881,0.0025429543538154666
2.087999999999881,0.0025430378992388966
2.088999999999881,0.002543122811558402
2.089999999999881,0.0025432091076736975
2.0909999999998807,0.0025432968046751464
2.0919999999998806,0.0025433859198758686
2.0929999999998805,0.0025434764708486338
2.0939999999998804,0.0025435684754661833
2.0949999999998803,0.0025436619519483075
2.09599999999988,0.0025437569189126936
2.09699999999988,0.002543853395432137
2.09799999999988,0.002543951401096832
2.09899999999988,0.0025440509560832325
2.0999999999998797,0.0025441520812286046
2.1009999999998796,0.002544254798112419
2.1019999999998795,0.002544359129144278
2.1029999999998794,0.002544465097658842
2.1039999999998793,0.002544572728018276
2.104999999999879,0.0025446820457220506
2.105999999999879,0.0025447930775244175
2.106999999999879,0.0025449058515609572
2.107999999999879,0.002545165371467737
2.1089999999998787,0.002545591873143866
2.1099999999998786,0.0025465303415035494
2.1109999999998785,0.0025483116219477304
2.1119999999998784,0.0025512526228212984
2.1129999999998783,0.002555656516687207
2.113999999999878,0.002561812940485353
2.114999999999878,0.0025699981946377265
2.115999999999878,0.002580475441159788
2.116999999999878,0.00259349490083469
2.1179999999998778,0.0026092940495046762
2.1189999999998776,0.002628097813534118
2.1199999999998775,0.002650118764496251
2.1209999999998774,0.0026755573131365014
2.1219999999998773,0.002704601902664836
2.122999999999877,0.0027374292014295983
2.123999999999877,0.0027742042950250102
2.124999999999877,0.0028150808778862058
2.125999999999877,0.0028602014444236955
2.1269999999998768,0.0029096974797514323
2.1279999999998767,0.002963689650060733
2.1289999999998765,0.003022287992692718
2.1299999999998764,0.003085592105962577
2.1309999999998763,0.003153691338785014
2.131999999999876,0.0032266649801526368
2.132999999999876,0.0033045824485150865
2.133999999999876,0.003387503481106037
2.134999999999876,0.0034754783232622335
2.1359999999998758,0.0035685479177781226
2.1369999999998757,0.0036667440943338944
2.1379999999998756,0.00377008975903443
2.1389999999998754,0.003878599084093007
2.1399999999998753,0.003992277697688104
2.1409999999998752,0.00411112287402058
2.141999999999875,0.004235123723594497
2.142999999999875,0.0043642613837380495
2.143999999999875,0.004498509209382551
2.144999999999875,0.004637832964108156
2.1459999999998747,0.0047821910114652436
2.1469999999998746,0.004931534506575359
2.1479999999998745,0.005085807588011422
2.1489999999998743,0.005244947569954604
2.1499999999998742,0.005408885134622815
2.150999999999874,0.00557754452496103
2.151999999999874,0.005750843737582646
2.152999999999874,0.005928694715948292
2.153999999999874,0.006111003543766959
2.1549999999998737,0.006297670638601177
2.1559999999998736,0.0064885909456591714
2.1569999999998735,0.006683654131752315
2.1579999999998734,0.006882744779398944
2.1589999999998732,0.007085742581052705
2.159999999999873,0.0072925225334337235
2.160999999999873,0.007502955131942053
2.161999999999873,0.0077169065651304936
2.162999999999873,0.007934238909218003
2.1639999999998727,0.008154810322621074
2.1649999999998726,0.008378475240484982
2.1659999999998725,0.008605084569195683
2.1669999999998724,0.008834485880853997
2.1679999999998723,0.009066523607696206
2.168999999999872,0.009301039236444458
2.169999999999872,0.009537871502573798
2.170999999999872,0.009776856584481304
2.171999999999872,0.010017828297546251
2.1729999999998717,0.010260618288070872
2.1739999999998716,0.010505056227091136
2.1749999999998715,0.010750970004050474
2.1759999999998714,0.01099818592032984
2.1769999999998713,0.01124652888262579
2.177999999999871,0.011495822596175848
2.178999999999871,0.011745889757823591
2.179999999999871,0.011996552248923542
2.180999999999871,0.012247631328082799
2.1819999999998707,0.012498947823738879
2.1829999999998706,0.012750322326573867
2.1839999999998705,0.01300157538176553
2.1849999999998704,0.013252527681076605
2.1859999999998703,0.01350300025478407
2.18699999999987,0.013752814663451365
2.18799999999987,0.014001793189546564
2.18899999999987,0.014249759028908515
2.18999999999987,0.014496536482067154
2.1909999999998697,0.0147419511454192
2.1919999999998696,0.014985830102266146
2.1929999999998695,0.01522800211371688
2.1939999999998694,0.015468297809461025
2.1949999999998693,0.015706549878416992
2.195999999999869,0.015942593259259834
2.196999999999869,0.016176265330833724
2.197999999999869,0.016407406102454343
2.198999999999869,0.016635858404104913
2.1999999999998687,0.016861468076532223
2.2009999999998686,0.017084084161246522
2.2019999999998685,0.017303559090429722
2.2029999999998684,0.0175197488767576
2.2039999999998683,0.0177325133031394
2.204999999999868,0.017941716112379803
2.205999999999868,0.01814722519676728
2.206999999999868,0.018348912787593277
2.207999999999868,0.01854665564460587
2.2089999999998677,0.01874033524540171
2.2099999999998676,0.018929837974760527
2.2109999999998675,0.019115055313925183
2.2119999999998674,0.019295884029830963
2.2129999999998673,0.019472226364287512
2.213999999999867,0.019643990223116567
2.214999999999867,0.019811089365248988
2.215999999999867,0.0199734435917832
2.216999999999867,0.020130978935009217
2.2179999999998667,0.020283627847400426
2.2189999999998666,0.020431329390576305
2.2199999999998665,0.020574029424238527
2.2209999999998664,0.020711680795084453
2.2219999999998663,0.02084424352569924
2.222999999999866,0.020971685003431093
2.223999999999866,0.021093980169252034
2.224999999999866,0.021211111706607326
2.225999999999866,0.021323070230256765
2.2269999999998658,0.02142985447511233
2.2279999999998656,0.02153147148507415
2.2289999999998655,0.02162793680187075
2.2299999999998654,0.02171927465390651
2.2309999999998653,0.02180551814512135
2.231999999999865,0.021886709443868065
2.232999999999865,0.021962899971812062
2.233999999999865,0.02203415059286072
2.234999999999865,0.02210053180212685
2.2359999999998648,0.022162123914935473
2.2369999999998647,0.022219017255880977
2.2379999999998645,0.022271312347941698
2.2389999999998644,0.022319120101664
2.2399999999998643,0.022362562004422597
2.240999999999864,0.022401770309771342
2.241999999999864,0.022436888226893284
2.242999999999864,0.02246807011016483
2.243999999999864,0.02249548164884698
2.2449999999998638,0.02251930005691867
2.2459999999998637,0.022539714263068007
2.2469999999998636,0.022556925100858348
2.2479999999998634,0.022571145499087987
2.2489999999998633,0.022582600672362
2.249999999999863,0.022591528311896557
2.250999999999863,0.022598178776577903
2.251999999999863,0.02260281528429757
2.252999999999863,0.02260571410358784
2.253999999999863,0.022607164745580666
2.2549999999998627,0.022607470156316062
2.2559999999998626,0.022606946909424386
2.2569999999998624,0.022605925399208512
2.2579999999998623,0.022604750034151272
2.2589999999998622,0.02260359813569251
2.259999999999862,0.022602289051221656
2.260999999999862,0.02260047051082282
2.261999999999862,0.022597804784889985
2.262999999999862,0.022593968485090925
2.2639999999998617,0.022588652364877206
2.2649999999998616,0.02258156111958457
2.2659999999998615,0.022572413186166825
2.2669999999998613,0.022560940542604935
2.2679999999998612,0.022546888507030897
2.268999999999861,0.02253001553660451
2.269999999999861,0.022510093026178214
2.270999999999861,0.022486905106783722
2.271999999999861,0.02246024844397164
2.2729999999998607,0.02242993203603296
2.2739999999998606,0.022395777012129373
2.2749999999998605,0.022357616430357392
2.2759999999998604,0.022315295075768314
2.2769999999998602,0.022268669258365105
2.27799999999986,0.022217606611094717
2.27899999999986,0.02216198588785307
2.27999999999986,0.02210169676151688
2.28099999999986,0.022036639622017608
2.2819999999998597,0.02196672537446715
2.2829999999998596,0.021891875237348347
2.2839999999998595,0.02181202054077759
2.2849999999998594,0.021727102524848732
2.2859999999998593,0.021637072138064907
2.286999999999859,0.021541889835864345
2.287999999999859,0.021441525379244833
2.288999999999859,0.02133595763349138
2.289999999999859,0.021225174367010886
2.2909999999998587,0.021109172050275675
2.2919999999998586,0.020987955654879292
2.2929999999998585,0.020861538452705337
2.2939999999998584,0.02072994181521135
2.2949999999998583,0.020593195012828046
2.295999999999858,0.02045133501447533
2.296999999999858,0.0203044062871945
2.297999999999858,0.020152460595897717
2.298999999999858,0.01999555680323415
2.2999999999998577,0.01983376066957255
2.3009999999998576,0.01966714465310071
2.3019999999998575,0.01949578771004086
2.3029999999998574,0.01931977509498084
2.3039999999998573,0.019139198161321216
2.304999999999857,0.01895415416183724
2.305999999999857,0.01876474604935626
2.306999999999857,0.018571082277549715
2.307999999999857,0.018373276601840058
2.3089999999998567,0.018171447880422416
2.3099999999998566,0.01796571987540084
2.3109999999998565,0.01775622105403997
2.3119999999998564,0.017543084390131324
2.3129999999998563,0.0173264471654754
2.313999999999856,0.017106450771479882
2.314999999999856,0.0168832405108739
2.315999999999856,0.016656965399539793
2.316999999999856,0.016427777968461954
2.3179999999998557,0.016195834065794758
2.3189999999998556,0.015961292659049164
2.3199999999998555,0.015724315637399178
2.3209999999998554,0.01548506761410897
2.3219999999998553,0.015243715729081501
2.322999999999855,0.0150004294515289
2.323999999999855,0.014755380382765575
2.324999999999855,0.014508742059124453
2.325999999999855,0.014260689754996232
2.3269999999998547,0.014011400285993084
2.3279999999998546,0.013761051812234991
2.3289999999998545,0.013509823641760323
2.3299999999998544,0.01325789603405806
2.3309999999998543,0.013005450003723162
2.331999999999854,0.012752667124231558
2.332999999999854,0.012499729331834235
2.333999999999854,0.012246818729568378
2.334999999999854,0.011994117391382536
2.3359999999998537,0.011741807166372173
2.3369999999998536,0.011490069483122867
2.3379999999998535,0.011239085154155323
2.3389999999998534,0.010989034180468461
2.3399999999998533,0.010740095556172925
2.340999999999853,0.010492447073209552
2.341999999999853,0.010246265126144925
2.342999999999853,0.010001724517034787
2.343999999999853,0.009758998260346735
2.3449999999998528,0.009518257387931682
2.3459999999998526,0.009279670754032639
2.3469999999998525,0.009043404840318507
2.3479999999998524,0.008809623560930117
2.3489999999998523,0.008578488067523926
2.349999999999852,0.008350156554299257
2.350999999999852,0.00812478406299192
2.351999999999852,0.007902522287818632
2.352999999999852,0.007683519380354838
2.3539999999998518,0.0074679197543270695
2.3549999999998517,0.007255863890302694
2.3559999999998515,0.007047488140256845
2.3569999999998514,0.006842924531998917
2.3579999999998513,0.006642300573437759
2.358999999999851,0.006445739056668905
2.359999999999851,0.006253357861862534
2.360999999999851,0.00606526976093693
2.361999999999851,0.005881582220997668
2.3629999999998508,0.0057023972075290405
2.3639999999998507,0.005527810987320379
2.3649999999998506,0.005357913931116315
2.3659999999998504,0.005192790315978468
2.3669999999998503,0.005032518127350227
2.3679999999998502,0.004877168860817675
2.36899999999985,0.004726807323562364
2.36999999999985,0.00458149143550652
2.37099999999985,0.004441272030150316
2.37199999999985,0.004306192655109314
2.3729999999998497,0.0041762893723588865
2.3739999999998496,0.004051590558199571
2.3749999999998495,0.003932116702958829
2.3759999999998493,0.003817880210449119
2.3769999999998492,0.00370888519720583
2.377999999999849,0.00360512729153227
2.378999999999849,0.0035065934323821393
2.379999999999849,0.00341326166811292
2.380999999999849,0.0033251009551470007
2.3819999999998487,0.0032420709565801897
2.3829999999998486,0.003164121840779681
2.3839999999998485,0.0030911940800140564
2.3849999999998484,0.003023218249162324
2.3859999999998482,0.002960114824547659
2.386999999999848,0.0029017939829432265
2.387999999999848,0.002848155400798528
2.388999999999848,0.002799088053732166
2.389999999999848,0.0027544700163400007
2.3909999999998477,0.0027141682623624784
2.3919999999998476,0.0026780384652572153
2.3929999999998475,0.0026459247992181058
2.3939999999998474,0.0026176597406830718
2.3949999999998473,0.0025930638703674826
2.395999999999847,0.0025719456758603147
2.396999999999847,0.0025541013548155515
2.397999999999847,0.0025393146187708167
2.398999999999847,0.0025273564976202104
2.3999999999998467,0.002517985144769086
2.4009999999998466,0.0025109456429936103
2.4019999999998465,0.002505969811028186
2.4029999999998464,0.002502776010900983
2.4039999999998463,0.0025010689560392013
2.404999999999846,0.0025005395201625896
2.405999999999846,0.0025008645469871728
2.406999999999846,0.002501706660760855
2.407999999999846,0.0025027140776554234
2.4089999999998457,0.002503887651242171
2.4099999999998456,0.002505027051546708
2.4109999999998455,0.0025061332313334704
2.4119999999998454,0.00250720711614201
2.4129999999998453,0.00250824960516555
2.413999999999845,0.0025092615720943914
2.414999999999845,0.0025102438659256286
2.415999999999845,0.0025111973117408343
2.416999999999845,0.0025121227114527113
2.4179999999998447,0.0025130208445232165
2.4189999999998446,0.0025138924686533247
2.4199999999998445,0.002514738320446498
2.4209999999998444,0.00251555911604711
2.4219999999998443,0.0025163555517540813
2.422999999999844,0.002517128304612159
2.423999999999844,0.002517878032980956
2.424999999999844,0.0025186053770828096
2.425999999999844,0.002519310959531288
2.4269999999998437,0.002519995385839975
2.4279999999998436,0.002520659244913584
2.4289999999998435,0.0025213031095216373
2.4299999999998434,0.002521927536755314
2.4309999999998433,0.0025225330684691717
2.431999999999843,0.0025231202317073133
2.432999999999843,0.002523689539115574
2.433999999999843,0.0025242414893399713
2.434999999999843,0.0025247765674124116
2.4359999999998427,0.002525295245123481
2.4369999999998426,0.002525797981384057
2.4379999999998425,0.002526285222575305
2.4389999999998424,0.002526757402887988
2.4399999999998423,0.0025272149446519294
2.440999999999842,0.0025276582586549086
2.441999999999842,0.0025280877444532786
2.442999999999842,0.0025285037906727474
2.443999999999842,0.0025289067753014385
2.4449999999998417,0.002529297065974146
2.4459999999998416,0.002529675020249384
2.4469999999998415,0.002530040985878626
2.4479999999998414,0.0025303953010688343
2.4489999999998413,0.0025307382947373502
2.449999999999841,0.002531070286761229
2.450999999999841,0.002531391588219578
2.451999999999841,0.0025317025016300086
2.452999999999841,0.0025320033211792964
2.4539999999998408,0.002532294332948406
2.4549999999998406,0.002532575815131794
2.4559999999998405,0.0025328480382521834
2.4569999999998404,0.002533111265369096
2.4579999999998403,0.0025333657522835437
2.45899999999984,0.0025336117477373944
2.45999999999984,0.0025338494936079023
2.46099999999984,0.0025340792250982264
2.46199999999984,0.002534301170923032
2.4629999999998398,0.002534515553490293
2.4639999999998397,0.0025347225890782962
2.4649999999998395,0.002534922488008823
2.4659999999998394,0.0025351154548167443
2.4669999999998393,0.0025353016884145305
2.467999999999839,0.0025354813822541754
2.468999999999839,0.0025356547244845297
2.469999999999839,0.00253582189810481
2.470999999999839,0.002535983081115297
2.4719999999998388,0.0025361384466632275
2.4729999999998387,0.0025362881631861255
2.4739999999998386,0.0025364323945510497
2.4749999999998384,0.002536571300190485
2.4759999999998383,0.002536705035235051
2.476999999999838,0.0025368337506424324
2.477999999999838,0.002536957593323355
2.478999999999838,0.0025370767062638452
2.479999999999838,0.0025371912286448507
2.480999999999838,0.0025373012959578056
2.4819999999998377,0.0025374070401179283
2.4829999999998376,0.0025375085895733666
2.4839999999998374,0.0025376060694121613
2.4849999999998373,0.002537699601465597
2.4859999999998372,0.00253778930440849
2.486999999999837,0.0025378752938566666
2.487999999999837,0.0025379576824613864
2.488999999999837,0.002538036580000732
2.489999999999837,0.002538112093468145
2.4909999999998367,0.0025381843271580357
2.4919999999998366,0.002538253382748705
2.4929999999998365,0.0025383193593822295
2.4939999999998363,0.002538382353741448
2.4949999999998362,0.0025384424601249296
2.495999999999836,0.002538499770518267
2.496999999999836,0.0025385543746634168
2.497999999999836,0.0025386063601250397
2.498999999999836,0.0025386558123545767
2.4999999999998357,0.002538702814751395
2.5009999999998356,0.002538747448721984
2.5019999999998355,0.0025387897937360696
2.5029999999998354,0.0025388299273808243
2.5039999999998352,0.00253886792541249
2.504999999999835,0.0025389038618059898
2.505999999999835,0.002538937808801836
2.506999999999835,0.0025389698369513228
2.507999999999835,0.0025390000151593387
2.5089999999998347,0.0025390284107249146
2.5099999999998346,0.002539055089380432
2.5109999999998345,0.0025390801153281767
2.5119999999998344,0.0025391035512752867
2.5129999999998343,0.002539125458466844
2.513999999999834,0.002539145896717561
2.514999999999834,0.0025391649244408954
2.515999999999834,0.002539182598677695
2.516999999999834,0.00253919897512234
2.5179999999998337,0.002539214108147874
2.5189999999998336,0.0025392280508298483
2.5199999999998335,0.0025392408549682888
2.5209999999998334,0.0025392525711091865
2.5219999999998333,0.002539263248564242
2.522999999999833,0.002539272935429677
2.523999999999833,0.002539281678604243
2.524999999999833,0.0025392895238062624
2.525999999999833,0.0025392965155895293
2.5269999999998327,0.0025393026973591047
2.5279999999998326,0.002539308111385929
2.5289999999998325,0.0025393127988210806
2.5299999999998324,0.002539316799709767
2.5309999999998323,0.002539320153004832
2.531999999999832,0.0025393228965799493
2.532999999999832,0.0025393250672427897
2.533999999999832,0.0025393267007485128
2.534999999999832,0.0025393278318125434
2.5359999999998317,0.0025393284941243044
2.5369999999998316,0.0025393287203611115
2.5379999999998315,0.0025393285422019296
2.5389999999998314,0.002539327990342899
2.5399999999998313,0.0025393270945120484
2.540999999999831,0.002539325883486411
2.541999999999831,0.00253932438510868
2.542999999999831,0.0025393226263059412
2.543999999999831,0.002539320633109285
2.5449999999998307,0.002539318430674734
2.5459999999998306,0.0025393160433059073
2.5469999999998305,0.002539313494478137
2.5479999999998304,0.0025393108068648695
2.5489999999998303,0.0025393080023653723
2.54999999999983,0.002539305102135344
2.55099999999983,0.002539302126619382
2.55199999999983,0.00253929909558627
2.55299999999983,0.0025392960281665836
2.5539999999998297,0.0025392929428936853
2.5549999999998296,0.0025392898577471824
2.5559999999998295,0.002539286790200084
2.5569999999998294,0.0025392837572691222
2.5579999999998293,0.0025392807755688016
2.558999999999829,0.0025392778613687952
2.559999999999829,0.0025392750299829993
2.560999999999829,0.002539272295035245
2.561999999999829,0.0025392696691183547
2.5629999999998287,0.0025392671645365038
2.5639999999998286,0.0025392647933508705
2.5649999999998285,0.002539262567420212
2.5659999999998284,0.0025392604984343058
2.5669999999998283,0.0025392585979424377
2.567999999999828,0.0025392568773767686
2.568999999999828,0.0025392553480707986
2.569999999999828,0.002539254021274317
2.570999999999828,0.0025392529081639734
2.5719999999998278,0.0025392520198512965
2.5729999999998276,0.002539251367387231
2.5739999999998275,0.0025392509617643173
2.5749999999998274,0.0025392508139169025
2.5759999999998273,0.0025392509347189653
2.576999999999827,0.0025392513349807265
2.577999999999827,0.00253925202544366
2.578999999999827,0.0025392530167741845
2.579999999999827,0.0025392543195573124
2.5809999999998268,0.0025392559442881865
2.5819999999998267,0.0025392579013646145
2.5829999999998265,0.0025392602010782944
2.5839999999998264,0.0025392628536056727
2.5849999999998263,0.0025392658690003705
2.585999999999826,0.00253926925718315
2.586999999999826,0.0025392730279345486
2.587999999999826,0.002539277190886105
2.588999999999826,0.002539281755513108
2.5899999999998258,0.0025392867311267095
2.5909999999998257,0.0025392921268678065
2.5919999999998256,0.002539297951700638
2.5929999999998254,0.0025393042144071613
2.5939999999998253,0.002539310923582505
2.5949999999998252,0.00253931808763087
2.595999999999825,0.002539325714762102
2.596999999999825,0.002539333812989389
2.597999999999825,0.002539342390127333
2.598999999999825,0.002539351453791222
2.5999999999998247,0.002539361011396922
2.6009999999998246,0.0025393710701616078
2.6019999999998245,0.002539381637105296
2.6029999999998243,0.002539392719053308
2.6039999999998242,0.0025394043226393964
2.604999999999824,0.0025394164543096863
2.605999999999824,0.002539429120327688
2.606999999999824,0.0025394423267794154
2.607999999999824,0.002539456079580109
2.6089999999998237,0.002539470384480807
2.6099999999998236,0.0025394852470764194
2.6109999999998235,0.0025395006728138846
2.6119999999998234,0.0025395166670010294
2.6129999999998232,0.002539533234816569
2.613999999999823,0.002539550381319991
2.614999999999823,0.0025395681114625153
2.615999999999823,0.0025395864300981064
2.616999999999823,0.002539605341995557
2.6179999999998227,0.0025396248518504694
2.6189999999998226,0.0025396449642979026
2.6199999999998225,0.0025396656839253885
2.6209999999998224,0.0025396870152862155
2.6219999999998223,0.0025397089629130634
2.622999999999822,0.0025397315313317355
2.623999999999822,0.0025397547250754215
2.624999999999822,0.0025397785486986936
2.625999999999822,0.0025398030067920394
2.6269999999998217,0.0025398281039959794
2.6279999999998216,0.0025398538450160796
2.6289999999998215,0.002539880234636617
2.6299999999998214,0.002539907277735544
2.6309999999998213,0.002539934979298473
2.631999999999821,0.0025399633444327385
2.632999999999821,0.0025399923783815115
2.633999999999821,0.002540022086537169
2.634999999999821,0.0025400524744548375
2.6359999999998207,0.0025400835478652795
2.6369999999998206,0.002540115312687486
2.6379999999998205,0.002540147775041003
2.6389999999998204,0.002540180941257259
2.6399999999998203,0.0025402148178912017
2.64099999999982,0.002540249411731369
2.64199999999982,0.0025402847298101917
2.64299999999982,0.0025403207794133555
2.64399999999982,0.0025403575680878823
2.6449999999998197,0.0025403951036506653
2.6459999999998196,0.002540433394194963
2.6469999999998195,0.0025404724480973043
2.6479999999998194,0.002540512274022303
2.6489999999998193,0.002540552880927728
2.649999999999819,0.0025405942780679647
2.650999999999819,0.0025406364749967943
2.651999999999819,0.002540679481569417
2.652999999999819,0.002540723307943152
2.6539999999998187,0.0025407679645774554
2.6549999999998186,0.002540813462233057
2.6559999999998185,0.0025408598119697826
2.6569999999998184,0.002540907025143608
2.6579999999998183,0.00254095511340317
2.658999999999818,0.00254100408868441
2.659999999999818,0.0025410539632052843
2.660999999999818,0.0025411047494590354
2.661999999999818,0.002541156460206674
2.6629999999998177,0.002541209108469028
2.6639999999998176,0.0025412627075175782
2.6649999999998175,0.002541317270864686
2.6659999999998174,0.002541372812253643
2.6669999999998173,0.0025414293456477617
2.667999999999817,0.002541486885218873
2.668999999999817,0.002541545445336045
2.669999999999817,0.00254160504055332
2.670999999999817,0.002541665685597907
2.6719999999998167,0.0025417273953579934
2.6729999999998166,0.0025417901848707007
2.6739999999998165,0.0025418540693104563
2.6749999999998164,0.0025419190639773305
2.6759999999998163,0.002541985184286215
2.676999999999816,0.0025420524457566776
2.677999999999816,0.002542120864003617
2.678999999999816,0.002542190454728862
2.679999999999816,0.0025422612337139064
2.6809999999998158,0.002542333216814515
2.6819999999998156,0.002542406419956289
2.6829999999998155,0.0025424808591324247
2.6839999999998154,0.0025425565504034534
2.6849999999998153,0.002542633509899077
2.685999999999815,0.0025427117538224207
2.686999999999815,0.0025427912984572858
2.687999999999815,0.0025428721601776123
2.688999999999815,0.0025429543554607997
2.6899999999998148,0.0025430379009037454
2.6909999999998147,0.0025431228132429644
2.6919999999998145,0.0025432091093780355
2.6929999999998144,0.0025432968063993436
2.6939999999998143,0.0025433859216201574
2.694999999999814,0.0025434764726129447
2.695999999999814,0.00254356847725078
2.696999999999814,0.002543661953753232
2.697999999999814,0.002543756920738067
2.6989999999998138,0.0025438533972780113
2.6999999999998137,0.0025439514029633806
2.7009999999998136,0.0025440509579704937
2.7019999999998134,0.0025441520831367796
2.7029999999998133,0.002544254800041605
2.703999999999813,0.0025443591310946936
2.704999999999813,0.0025444650996305773
2.705999999999813,0.0025445727300114525
2.706999999999813,0.002544682047736821
2.707999999999813,0.0025447930795610453
2.7089999999998127,0.002544905853619578
2.7099999999998126,0.002545165373600146
2.7109999999998124,0.002545591875347336
2.7119999999998123,0.0025465303437754057
2.7129999999998122,0.0025483116242854195
2.713999999999812,0.0025512526252222632
2.714999999999812,0.002555656519149036
2.715999999999812,0.0025618129430055765
2.716999999999812,0.00256999819721394
2.7179999999998117,0.00258047544378966
2.7189999999998116,0.0025934949035157986
2.7199999999998115,0.002609294052234791
2.7209999999998113,0.0026280978163109175
2.7219999999998112,0.002650118767317449
2.722999999999811,0.002675557315999815
2.723999999999811,0.0027046019055681006
2.724999999999811,0.002737429204370527
2.725999999999811,0.002774204298001473
2.7269999999998107,0.002815080880895972
2.7279999999998106,0.0028602014474646865
2.7289999999998105,0.0029096974828215633
2.7299999999998104,0.002963689653157839
2.7309999999998102,0.003022287995814818
2.73199999999981,0.0030855921091076446
2.73299999999981,0.0031536913419510926
2.73399999999981,0.003226664983337839
2.73499999999981,0.0033045824517175526
2.7359999999998097,0.0033875034843238866
2.7369999999998096,0.003475478326493857
2.7379999999998095,0.003568547921021882
2.7389999999998094,0.003666744097588187
2.7399999999998093,0.0037700897622979235
2.740999999999809,0.0038785990873642026
2.741999999999809,0.0039922777009657184
2.742999999999809,0.004111122877303593
2.743999999999809,0.004235123726881777
2.7449999999998087,0.004364261387028716
2.7459999999998086,0.0044985092126757845
2.7469999999998085,0.004637832967403346
2.7479999999998084,0.00478219101476185
2.7489999999998083,0.00493153450987311
2.749999999999808,0.005085807591309943
2.750999999999808,0.005244947573253854
2.751999999999808,0.005408885137922904
2.752999999999808,0.005577544528262111
2.7539999999998077,0.0057508437408850255
2.7549999999998076,0.005928694719252538
2.7559999999998075,0.006111003547073536
2.7569999999998074,0.006297670641911071
2.7579999999998073,0.006488590948973194
2.758999999999807,0.0066836541350715345
2.759999999999807,0.006882744782724486
2.760999999999807,0.007085742584385872
2.761999999999807,0.007292522536776029
2.7629999999998067,0.007502955135294913
2.7639999999998066,0.007716906568495628
2.7649999999998065,0.00793423891259707
2.7659999999998064,0.00815481032601599
2.7669999999998063,0.008378475243897635
2.767999999999806,0.008605084572628013
2.768999999999806,0.008834485884308088
2.769999999999806,0.009066523611174139
2.770999999999806,0.00930103923994842
2.7719999999998057,0.009537871506105966
2.7729999999998056,0.00977685658804383
2.7739999999998055,0.010017828301141417
2.7749999999998054,0.010260618291700864
2.7759999999998053,0.010505056230758154
2.776999999999805,0.0107509700077568
2.777999999999805,0.010998185924077454
2.778999999999805,0.011246528886416994
2.779999999999805,0.011495822600012716
2.7809999999998047,0.011745889761708088
2.7819999999998046,0.011996552252857687
2.7829999999998045,0.012247631332068465
2.7839999999998044,0.012498947827777829
2.7849999999998043,0.012750322330667793
2.785999999999804,0.013001575385916148
2.786999999999804,0.013252527685285308
2.787999999999804,0.013503000259052232
2.788999999999804,0.013752814667780298
2.7899999999998037,0.014001793193937323
2.7909999999998036,0.014249759033362182
2.7919999999998035,0.014496536486584409
2.7929999999998034,0.014741951150000883
2.7939999999998033,0.014985830106912679
2.794999999999803,0.015228002118428653
2.795999999999803,0.01546829781423819
2.796999999999803,0.01570654988325962
2.797999999999803,0.015942593264167776
2.7989999999998028,0.016176265335806732
2.7999999999998026,0.016407406107491834
2.8009999999998025,0.01663585840920627
2.8019999999998024,0.016861468081696647
2.8029999999998023,0.017084084166472897
2.803999999999802,0.01730355909571695
2.804999999999802,0.017519748882104315
2.805999999999802,0.017732513308544084
2.806999999999802,0.01794171611784065
2.8079999999998018,0.018147225202282437
2.8089999999998017,0.018348912793160713
2.8099999999998015,0.018546655650223322
2.8109999999998014,0.018740335251066838
2.8119999999998013,0.018929837980470827
2.812999999999801,0.01911505531967802
2.813999999999801,0.019295884035623434
2.814999999999801,0.01947222637011678
2.815999999999801,0.019643990228979516
2.8169999999998008,0.019811089371142426
2.8179999999998007,0.01997344359770388
2.8189999999998006,0.020130978940953725
2.8199999999998004,0.02028362785336528
2.8209999999998003,0.02043132939655795
2.8219999999998002,0.020574029430233343
2.8229999999998,0.020711680801088705
2.8239999999998,0.02084424353170914
2.8249999999998,0.0209716850094429
2.8259999999998,0.021093980175261998
2.8269999999997997,0.021211111712611468
2.8279999999997996,0.02132307023625133
2.8289999999997995,0.0214298544810934
2.8299999999997993,0.02153147149103797
2.8309999999997992,0.021627936807813497
2.831999999999799,0.021719274659824428
2.832999999999799,0.02180551815101072
2.833999999999799,0.021886709449725213
2.834999999999799,0.021962899977633482
2.8359999999997987,0.022034150598642888
2.8369999999997986,0.02210053180786633
2.8379999999997985,0.022162123920629093
2.8389999999997984,0.02221901726152542
2.8399999999997982,0.022271312353534023
2.840999999999798,0.022319120107201197
2.841999999999798,0.022362562009901964
2.842999999999798,0.022401770315190292
2.843999999999798,0.02243688823224943
2.8449999999997977,0.022468070115455818
2.8459999999997976,0.022495481654070844
2.8469999999997975,0.02251930006207349
2.8479999999997974,0.022539714268152024
2.8489999999997973,0.022556925105870117
2.849999999999797,0.022571145504026342
2.850999999999797,0.022582600677225784
2.851999999999797,0.022591528316684983
2.852999999999797,0.02259817878129048
2.8539999999997967,0.022602815288933972
2.8549999999997966,0.022605714108147927
2.8559999999997965,0.022607164750064634
2.8569999999997964,0.022607470160724272
2.8579999999997963,0.022606946913757614
2.858999999999796,0.022605925403467703
2.859999999999796,0.022604750038337673
2.860999999999796,0.02260359813980748
2.861999999999796,0.022602289055266234
2.8629999999997957,0.022600470514798028
2.8639999999997956,0.022597804788796347
2.8649999999997955,0.022593968488928654
2.8659999999997954,0.022588652368646205
2.8669999999997953,0.022581561123284556
2.867999999999795,0.02257241318979733
2.868999999999795,0.02256094054616519
2.869999999999795,0.022546888510520023
2.870999999999795,0.022530015540021493
2.8719999999997947,0.02251009302952179
2.8729999999997946,0.02248690511005262
2.8739999999997945,0.022460248447164467
2.8749999999997944,0.02242993203914813
2.8759999999997943,0.022395777015165416
2.876999999999794,0.02235761643331266
2.877999999999794,0.02231529507864126
2.878999999999794,0.022268669261154048
2.879999999999794,0.022217606613797992
2.8809999999997937,0.022161985890469027
2.8819999999997936,0.022101696764044103
2.8829999999997935,0.02203663962445447
2.8839999999997934,0.021966725376812248
2.8849999999997933,0.021891875239600248
2.885999999999793,0.021812020542934983
2.886999999999793,0.021727102526910423
2.887999999999793,0.021637072140029856
2.888999999999793,0.021541889837731427
2.8899999999997927,0.021441525381013113
2.8909999999997926,0.021335957635160135
2.8919999999997925,0.021225174368579285
2.8929999999997924,0.021109172051743313
2.8939999999997923,0.020987955656245623
2.894999999999792,0.02086153845397011
2.895999999999792,0.020729941816374296
2.896999999999792,0.020593195013889128
2.897999999999792,0.02045133501543444
2.8989999999997917,0.0203044062880519
2.8999999999997916,0.020152460596653626
2.9009999999997915,0.019995556803888995
2.9019999999997914,0.01983376067012678
2.9029999999997913,0.01966714465355493
2.903999999999791,0.019495787710395673
2.904999999999791,0.0193197750952371
2.905999999999791,0.019139198161479687
2.906999999999791,0.018954154161898946
2.9079999999997908,0.018764746049322163
2.9089999999997906,0.018571082277420846
2.9099999999997905,0.01837327660161766
2.9109999999997904,0.018171447880107605
2.9119999999997903,0.01796571987499493
2.91299999999979,0.017756221053544304
2.91399999999979,0.017543084389547138
2.91499999999979,0.017326447164804186
2.91599999999979,0.017106450770723078
2.9169999999997898,0.016883240510032982
2.9179999999997897,0.016656965398616178
2.9189999999997895,0.016427777967457258
2.9199999999997894,0.016195834064710576
2.9209999999997893,0.01596129265788701
2.921999999999789,0.015724315636160675
2.922999999999789,0.015485067612795736
2.923999999999789,0.015243715727695277
2.924999999999789,0.015000429450071288
2.9259999999997888,0.0147553803812384
2.9269999999997887,0.014508742057529334
2.9279999999997885,0.014260689753334978
2.9289999999997884,0.014011400284267485
2.9299999999997883,0.013761051810446977
2.930999999999788,0.013509823639911628
2.931999999999788,0.013257896032150683
2.932999999999788,0.013005450001759115
2.933999999999788,0.012752667122212756
2.934999999999788,0.012499729329762801
2.9359999999997877,0.01224681872744647
2.9369999999997876,0.011994117389212355
2.9379999999997874,0.011741807164155925
2.9389999999997873,0.011490069480862897
2.9399999999997872,0.011239085151854067
2.940999999999787,0.010989034178128396
2.941999999999787,0.01074009555379659
2.942999999999787,0.010492447070799632
2.943999999999787,0.010246265123704197
2.9449999999997867,0.010001724514566039
2.9459999999997866,0.009758998257852841
2.9469999999997865,0.00951825738541575
2.9479999999997863,0.00927967075149768
2.9489999999997862,0.009043404837767693
2.949999999999786,0.008809623558366654
2.950999999999786,0.00857848806495122
2.951999999999786,0.008350156551720653
2.952999999999786,0.008124784060410901
2.9539999999997857,0.007902522285238682
2.9549999999997856,0.0076835193777794256
2.9559999999997855,0.007467919751759866
2.9569999999997854,0.0072558638877471965
2.9579999999997852,0.007047488137716641
2.958999999999785,0.006842924529477559
2.959999999999785,0.006642300570938807
2.960999999999785,0.006445739054195897
2.961999999999785,0.006253357859418912
2.9629999999997847,0.006065269758525997
2.9639999999997846,0.005881582218622741
2.9649999999997845,0.005702397205193194
2.9659999999997844,0.005527810985026582
2.9669999999997843,0.005357913928867385
2.967999999999784,0.005192790313777042
2.968999999999784,0.005032518125198698
2.969999999999784,0.004877168858718153
2.970999999999784,0.004726807321516882
2.9719999999997837,0.004581491433516667
2.9729999999997836,0.004441272028217515
2.9739999999997835,0.0043061926532346265
2.9749999999997834,0.004176289370543075
2.9759999999997833,0.004051590556443073
2.976999999999783,0.003932116701261777
2.977999999999783,0.0038178802088111793
2.978999999999783,0.0037088851956264407
2.979999999999783,0.0036051272900104944
2.9809999999997827,0.0035065934309166658
2.9819999999997826,0.0034132616667020554
2.9829999999997825,0.0033251009537887677
2.9839999999997824,0.0032420709552722013
2.9849999999997823,0.0031641218395192933
2.985999999999782,0.003091194078798362
2.986999999999782,0.0030232182479880756
2.987999999999782,0.0029601148234114014
2.988999999999782,0.002901793981841254
2.9899999999997817,0.0028481553997267567
2.9909999999997816,0.002799088052686631
2.9919999999997815,0.0027544700153164237
2.9929999999997814,0.0027141682613565817
2.9939999999997813,0.0026780384642645233
2.994999999999781,0.0026459247982341984
2.995999999999781,0.002617659739703501
2.996999999999781,0.0025930638693879675
2.997999999999781,0.002571945674876522
2.9989999999997807,0.0025541013538233973
2.9999999999997806,0.0025393146177663563
3.0009999999997805,0.0025273564965997176
3.0019999999997804,0.002517985143729206
3.0029999999997803,0.0025109456419311824
3.00399999999978,0.002505969809940351
3.00499999999978,0.0025027760097854415
3.00599999999978,0.0025010689548939473
3.00699999999978,0.0025005395189861106
3.0079999999997797,0.0025008645457783793
3.0089999999997796,0.0025017066595193205
3.0099999999997795,0.002502714076381137
3.0109999999997794,0.002503887649941427
3.0119999999997793,0.0025050270502217156
3.012999999999779,0.0025061332299863293
3.013999999999779,0.0025072071147746386
3.014999999999779,0.0025082496037797976
3.015999999999779,0.0025092615706920167
3.0169999999997787,0.0025102438645082867
3.0179999999997786,0.0025111973103100933
3.0189999999997785,0.0025121227100100806
3.0199999999997784,0.002513020843070004
3.0209999999997783,0.0025138924671907724
3.021999999999778,0.0025147383189759766
3.022999999999778,0.0025155591145696217
3.023999999999778,0.0025163555502707713
3.024999999999778,0.0025171283031240124
3.0259999999997778,0.0025178780314888266
3.0269999999997776,0.0025186053755877104
3.0279999999997775,0.0025193109580340274
3.0289999999997774,0.0025199953843412573
3.0299999999997773,0.002520659243414162
3.030999999999777,0.002521303108022146
3.031999999999777,0.002521927535256454
3.032999999999777,0.0025225330669713594
3.033999999999777,0.0025231202302111316
3.0349999999997768,0.002523689537621509
3.0359999999997767,0.002524241487848501
3.0369999999997765,0.0025247765659239113
3.0379999999997764,0.002525295243638287
3.0389999999997763,0.0025257979799026137
3.039999999999776,0.0025262852210978168
3.040999999999776,0.0025267574014148746
3.041999999999776,0.002527214943183302
3.042999999999776,0.0025276582571911524
3.0439999999997758,0.0025280877429945253
3.0449999999997757,0.0025285037892192747
3.0459999999997756,0.002528906773853378
3.0469999999997754,0.0025292970645316437
3.0479999999997753,0.0025296750188126237
3.0489999999997752,0.002530040984447833
3.049999999999775,0.0025303952996439984
3.050999999999775,0.0025307382933187073
3.051999999999775,0.0025310702853488173
3.052999999999775,0.0025313915868135257
3.0539999999997747,0.0025317025002303956
3.0549999999997746,0.0025320033197862093
3.0559999999997745,0.0025322943315618726
3.0569999999997743,0.002532575813752002
3.0579999999997742,0.002532848036879143
3.058999999999774,0.002533111264002897
3.059999999999774,0.002533365750924284
3.060999999999774,0.0025336117463851185
3.061999999999774,0.002533849492262718
3.0629999999997737,0.002534079223760137
3.0639999999997736,0.0025343011695922076
3.0649999999997735,0.0025345155521667474
3.0659999999997734,0.002534722587762075
3.0669999999997732,0.0025349224867000954
3.067999999999773,0.0025351154535155004
3.068999999999773,0.00253530168712085
3.069999999999773,0.0025354813809682214
3.070999999999773,0.0025356547232062918
3.0719999999997727,0.002535821896834465
3.0729999999997726,0.002535983079852852
3.0739999999997725,0.0025361384454088663
3.0749999999997724,0.002536288161939928
3.0759999999997722,0.0025364323933131233
3.076999999999772,0.002536571298960885
3.077999999999772,0.0025367050340139342
3.078999999999772,0.0025368337494298746
3.079999999999772,0.0025369575921194883
3.0809999999997717,0.002537076705068822
3.0819999999997716,0.0025371912274587335
3.0829999999997715,0.002537301294780768
3.0839999999997714,0.0025374070389500257
3.0849999999997713,0.002537508588414745
3.085999999999771,0.0025376060682630597
3.086999999999771,0.0025376996003260294
3.087999999999771,0.0025377893032786474
3.088999999999771,0.0025378752927366285
3.0899999999997707,0.0025379576813513403
3.0909999999997706,0.0025380365789007334
3.0919999999997705,0.0025381120923783293
3.0929999999997704,0.0025381843260785797
3.0939999999997703,0.0025382533816796747
3.09499999999977,0.002538319358323715
3.09599999999977,0.002538382352693689
3.09699999999977,0.00253844245908803
3.09799999999977,0.0025384997694922785
3.0989999999997697,0.0025385543736484995
3.0999999999997696,0.002538606359121301
3.1009999999997695,0.002538655811362131
3.1019999999997694,0.0025387028137703813
3.1029999999997693,0.0025387474477525096
3.103999999999769,0.0025387897927781067
3.104999999999769,0.0025388299264345188
3.105999999999769,0.002538867924477984
3.106999999999769,0.0025389038608833424
3.1079999999997687,0.0025389378078911756
3.1089999999997686,0.002538969836052743
3.1099999999997685,0.002539000014272836
3.1109999999997684,0.002539028409850614
3.1119999999997683,0.0025390550885183716
3.112999999999768,0.0025390801144784293
3.113999999999768,0.0025391035504378733
3.114999999999768,0.00253912545764182
3.115999999999768,0.0025391458959048846
3.1169999999997677,0.00253916492364073
3.1179999999997676,0.0025391825978899676
3.1189999999997675,0.0025391989743471025
3.1199999999997674,0.0025392141073851925
3.1209999999997673,0.002539228050079643
3.121999999999767,0.002539240854230622
3.122999999999767,0.0025392525703840027
3.123999999999767,0.0025392632478514685
3.124999999999767,0.0025392729347293343
3.1259999999997667,0.0025392816779163663
3.1269999999997666,0.0025392895231307853
3.1279999999997665,0.002539296514926504
3.1289999999997664,0.0025393026967084308
3.1299999999997663,0.002539308110747516
3.130999999999766,0.002539312798194894
3.131999999999766,0.002539316799095727
3.132999999999766,0.0025393201524028415
3.133999999999766,0.002539322895989904
3.1349999999997658,0.0025393250666647556
3.1359999999997656,0.0025393267001823476
3.1369999999997655,0.002539327831258143
3.1379999999997654,0.0025393284935816204
3.1389999999997653,0.0025393287198299634
3.139999999999765,0.0025393285416823105
3.140999999999765,0.0025393279898346076
3.141999999999765,0.0025393270940150467
3.142999999999765,0.002539325883000553
3.1439999999997648,0.002539324384633817
3.1449999999997647,0.002539322625842045
3.1459999999997645,0.00253932063265613
3.1469999999997644,0.00253931843023222
3.1479999999997643,0.0025393160428738917
3.148999999999764,0.002539313494056554
3.149999999999764,0.002539310806453497
3.150999999999764,0.002539308001964096
3.151999999999764,0.002539305101744039
3.1529999999997638,0.0025393021262378607
3.1539999999997637,0.00253929909521438
3.1549999999997635,0.0025392960278042345
3.1559999999997634,0.002539292942540655
3.1569999999997633,0.0025392898574033602
3.157999999999763,0.002539286789865286
3.158999999999763,0.002539283756943206
3.159999999999763,0.002539280775251597
3.160999999999763,0.0025392778610602747
3.161999999999763,0.002539275029682892
3.1629999999997627,0.002539272294743336
3.1639999999997626,0.002539269668834627
3.1649999999997624,0.0025392671642607972
3.1659999999997623,0.0025392647930830813
3.1669999999997622,0.0025392625671602047
3.167999999999762,0.002539260498181959
3.168999999999762,0.002539258597697703
3.169999999999762,0.002539256877139573
3.170999999999762,0.002539255347841097
3.1719999999997617,0.002539254021051974
3.1729999999997616,0.0025392529079489475
3.1739999999997615,0.0025392520196436015
3.1749999999997613,0.0025392513671867144
3.1759999999997612,0.002539250961570986
3.176999999999761,0.002539250813730687
3.177999999999761,0.002539250934539914
3.178999999999761,0.0025392513348087946
3.179999999999761,0.002539252025278684
3.1809999999997607,0.0025392530166162865
3.1819999999997606,0.002539254319406381
3.1829999999997605,0.0025392559441442877
3.1839999999997604,0.002539257901227703
3.1849999999997602,0.0025392602009482595
3.18599999999976,0.002539262853482667
3.18699999999976,0.0025392658688842586
3.18799999999976,0.0025392692570739804
3.18899999999976,0.0025392730278322555
3.1899999999997597,0.002539277190790744
3.1909999999997596,0.002539281755424592
3.1919999999997595,0.002539286731045136
3.1929999999997594,0.002539292126793196
3.1939999999997593,0.0025392979516329454
3.194999999999759,0.0025393042143463523
3.195999999999759,0.0025393109235286974
3.196999999999759,0.0025393180875839527
3.197999999999759,0.0025393257147222313
3.1989999999997587,0.002539333812956457
3.1999999999997586,0.002539342390101375
3.2009999999997585,0.002539351453772317
3.2019999999997584,0.0025393610113850565
3.2029999999997583,0.0025393710701567783
3.203999999999758,0.0025393816371075788
3.204999999999758,0.0025393927190627205
3.205999999999758,0.002539404322655897
3.206999999999758,0.0025394164543333687
3.2079999999997577,0.002539429120358601
3.2089999999997576,0.002539442326817576
3.2099999999997575,0.002539456079625503
3.2109999999997574,0.002539470384533584
3.2119999999997573,0.0025394852471365068
3.212999999999757,0.0025395006728814035
3.213999999999757,0.0025395166670760597
3.214999999999757,0.002539533234899083
3.215999999999757,0.002539550381410141
3.2169999999997567,0.002539568111560229
3.2179999999997566,0.0025395864302035116
3.2189999999997565,0.0025396053421087306
3.2199999999997564,0.0025396248519714906
3.2209999999997563,0.0025396449644268237
3.221999999999756,0.0025396656840622756
3.222999999999756,0.002539687015431155
3.223999999999756,0.0025397089630661354
3.224999999999756,0.002539731531492964
3.2259999999997557,0.0025397547252449214
3.2269999999997556,0.0025397785488765756
3.2279999999997555,0.0025398030069783348
3.2289999999997554,0.0025398281041909103
3.2299999999997553,0.002539853845219646
3.230999999999755,0.0025398802348488986
3.231999999999755,0.0025399072779566934
3.232999999999755,0.0025399349795286047
3.233999999999755,0.002539963344671964
3.2349999999997547,0.00253999237862991
3.2359999999997546,0.0025400220867948797
3.2369999999997545,0.0025400524747220057
3.2379999999997544,0.0025400835481420095
3.2389999999997543,0.0025401153129739097
3.239999999999754,0.0025401477753372106
3.240999999999754,0.002540180941563379
3.241999999999754,0.0025402148182073724
3.242999999999754,0.002540249412057733
3.2439999999997537,0.0025402847301469467
3.2449999999997536,0.0025403207797605604
3.2459999999997535,0.002540357568445742
3.2469999999997534,0.0025403951040191795
3.2479999999997533,0.002540433394574458
3.248999999999753,0.0025404724484878044
3.249999999999753,0.0025405122744240095
3.250999999999753,0.0025405528813407727
3.251999999999753,0.002540594278492469
3.2529999999997528,0.0025406364754329523
3.2539999999997526,0.0025406794820173363
3.2549999999997525,0.002540723308403013
3.2559999999997524,0.002540767965049446
3.2569999999997523,0.002540813462717246
3.257999999999752,0.002540859812466368
3.258999999999752,0.002540907025652836
3.259999999999752,0.002540955113925023
3.260999999999752,0.0025410040892191593
3.2619999999997518,0.0025410539637530302
3.2629999999997517,0.002541104750019906
3.2639999999997515,0.0025411564607808156
3.2649999999997514,0.0025412091090565823
3.2659999999997513,0.002541262708118667
3.266999999999751,0.0025413172714794617
3.267999999999751,0.0025413728128822893
3.268999999999751,0.0025414293462903657
3.269999999999751,0.002541486885875615
3.2709999999997508,0.0025415454460069424
3.2719999999997507,0.0025416050412386086
3.2729999999997506,0.0025416656862976353
3.2739999999997504,0.0025417273960723352
3.2749999999997503,0.002541790185599836
3.2759999999997502,0.0025418540700544168
3.27699999999975,0.0025419190647361367
3.27799999999975,0.002541985185060082
3.27899999999975,0.002542052446545675
3.27999999999975,0.002542120864807842
3.2809999999997497,0.0025421904555484806
3.2819999999997496,0.00254226123454903
3.2829999999997495,0.0025423332176651957
3.2839999999997493,0.0025424064208225752
3.2849999999997492,0.002542480860014483
3.285999999999749,0.0025425565513013566
3.286999999999749,0.002542633510812898
3.287999999999749,0.0025427117547523574
3.288999999999749,0.0025427912994033346
3.2899999999997487,0.002542872161139874
3.2909999999997486,0.0025429543564393954
3.2919999999997485,0.002543037901898828
3.2929999999997484,0.002543122814254579
3.2939999999997482,0.002543209110406265
3.294999999999748,0.002543296807444341
3.295999999999748,0.0025433859226820614
3.296999999999748,0.0025434764736918733
3.297999999999748,0.002543568478346841
3.2989999999997477,0.0025436619548665704
3.2999999999997476,0.002543756921868888
3.3009999999997475,0.002543853398426433
3.3019999999997474,0.0025439514041295658
3.3029999999997472,0.002544050959154713
3.303999999999747,0.0025441520843391685
3.304999999999747,0.002544254801262441
3.305999999999747,0.002544359132334091
3.306999999999747,0.002544465100888821
3.3079999999997467,0.002544572731288962
3.3089999999997466,0.0025446820490337627
3.3099999999997465,0.0025447930808777594
3.3109999999997464,0.00254490585495646
3.3119999999997463,0.0025451653749909535
3.312999999999746,0.0025455918767901056
3.313999999999746,0.0025465303452680485
3.314999999999746,0.002548311625825996
3.315999999999746,0.0025512526268088066
3.3169999999997457,0.002555656520779541
3.3179999999997456,0.0025618129446781032
3.3189999999997455,0.002569998198926525
3.3199999999997454,0.0025804754455403464
3.3209999999997453,0.00259349490530272
3.321999999999745,0.002609294054055907
3.322999999999745,0.0026280978181643447
3.323999999999745,0.002650118769201258
3.324999999999745,0.002675557317912098
3.3259999999997447,0.002704601907506883
3.3269999999997446,0.0027374292063339217
3.3279999999997445,0.0027742042999875684
3.3289999999997444,0.0028150808829029463
3.3299999999997443,0.0028602014494906285
3.330999999999744,0.002909697484864575
3.331999999999744,0.002963689655216206
3.332999999999744,0.00302228799788673
3.333999999999744,0.0030855921111913737
3.3349999999997437,0.0031536913440449593
3.3359999999997436,0.0032266649854402127
3.3369999999997435,0.0033045824538269347
3.3379999999997434,0.0033875034864388337
3.3389999999997433,0.0034754783286129118
3.339999999999743,0.003568547923143685
3.340999999999743,0.003666744099711565
3.341999999999743,0.0037700897644217107
3.342999999999743,0.0038785990894874417
3.3439999999997427,0.003992277703087528
3.3449999999997426,0.004111122879423126
3.3459999999997425,0.004235123728998411
3.3469999999997424,0.00436426138914197
3.3479999999997423,0.004498509214785257
3.348999999999742,0.004637832969508739
3.349999999999742,0.004782191016863155
3.350999999999742,0.004931534511970315
3.351999999999742,0.005085807593403331
3.3529999999997417,0.005244947575343814
3.3539999999997416,0.005408885140009895
3.3549999999997415,0.005577544530346826
3.3559999999997414,0.0057508437429682965
3.3569999999997413,0.005928694721335309
3.357999999999741,0.006111003549157071
3.358999999999741,0.006297670643996521
3.359999999999741,0.006488590951062058
3.360999999999741,0.006683654137165297
3.3619999999997408,0.006882744784824937
3.3629999999997406,0.007085742586494803
3.3639999999997405,0.007292522538895396
3.3649999999997404,0.007502955137426742
3.3659999999997403,0.007716906570642133
3.36699999999974,0.007934238914760569
3.36799999999974,0.008154810328198682
3.36899999999974,0.008378475246102059
3.36999999999974,0.008605084574856661
3.3709999999997398,0.008834485886563527
3.3719999999997397,0.009066523613458902
3.3729999999997395,0.009301039242265177
3.3739999999997394,0.00953787150845748
3.3749999999997393,0.009776856590432766
3.375999999999739,0.010017828303570418
3.376999999999739,0.010260618294172665
3.377999999999739,0.0105050562332753
3.378999999999739,0.010750970010322061
3.3799999999997388,0.010998185926693486
3.3809999999997387,0.011246528889086269
3.3819999999997385,0.011495822602737717
3.3829999999997384,0.011745889764491334
3.3839999999997383,0.011996552255701481
3.384999999999738,0.012247631334975036
3.385999999999738,0.012498947830749403
3.386999999999738,0.012750322333706404
3.387999999999738,0.013001575389023662
3.3889999999997378,0.013252527688463599
3.3899999999997377,0.013503000262302944
3.3909999999997376,0.013752814671105007
3.3919999999997374,0.014001793197337353
3.3929999999997373,0.014249759036838713
3.3939999999997372,0.014496536490138622
3.394999999999737,0.014741951153633644
3.395999999999737,0.014985830110624702
3.396999999999737,0.015228002122220474
3.397999999999737,0.015468297818110266
3.3989999999997367,0.015706549887212082
3.3999999999997366,0.01594259326820062
3.4009999999997365,0.01617626533991976
3.4019999999997363,0.01640740611168466
3.4029999999997362,0.016635858413478352
3.403999999999736,0.016861468086047174
3.404999999999736,0.01708408417090093
3.405999999999736,0.017303559100221327
3.406999999999736,0.017519748886683693
3.4079999999997357,0.017732513313196918
3.4089999999997356,0.01794171612256526
3.4099999999997355,0.018147225207076942
3.4109999999997354,0.018348912798023073
3.4119999999997352,0.018546655655151206
3.412999999999735,0.01874033525605788
3.413999999999735,0.018929837985522432
3.414999999999735,0.01911505532478737
3.415999999999735,0.01929588404078783
3.4169999999997347,0.01947222637533301
3.4179999999997346,0.019643990234244478
3.4189999999997345,0.019811089376452838
3.4199999999997344,0.019973443603056286
3.4209999999997343,0.020130978946344642
3.421999999999734,0.020283627858791065
3.422999999999734,0.020431329402014836
3.423999999999734,0.020574029435717567
3.424999999999734,0.02071168080659643
3.4259999999997337,0.020844243537236386
3.4269999999997336,0.02097168501498569
3.4279999999997335,0.021093980180816277
3.4289999999997334,0.021211111718173324
3.4299999999997333,0.021323070241816705
3.430999999999733,0.021429854486658212
3.431999999999733,0.02153147149659814
3.432999999999733,0.021627936813365077
3.433999999999733,0.021719274665363407
3.4349999999997327,0.021805518156533157
3.4359999999997326,0.021886709455227277
3.4369999999997325,0.021962899983111336
3.4379999999997324,0.02203415060409282
3.4389999999997323,0.022100531813284675
3.439999999999732,0.022162123926012425
3.440999999999732,0.022219017266870283
3.441999999999732,0.02227131235883717
3.442999999999732,0.022319120112459456
3.4439999999997317,0.022362562015112337
3.4449999999997316,0.022401770320350005
3.4459999999997315,0.022436888237355658
3.4469999999997314,0.022468070120506216
3.4479999999997313,0.02249548165906297
3.448999999999731,0.022519300067005248
3.449999999999731,0.02253971427302158
3.450999999999731,0.022556925110675773
3.451999999999731,0.022571145508766467
3.4529999999997307,0.02258260068189922
3.4539999999997306,0.022591528321290702
3.4549999999997305,0.022598178785827636
3.4559999999997304,0.02260281529340198
3.4569999999997303,0.022605714112546443
3.45799999999973,0.02260716475439361
3.45899999999973,0.02260747016498396
3.45999999999973,0.022606946917948442
3.46099999999973,0.022605925407590405
3.4619999999997297,0.022604750042393207
3.4629999999997296,0.022603598143796956
3.4639999999997295,0.022602289059190754
3.4649999999997294,0.02260047051865808
3.4659999999997293,0.022597804792592276
3.466999999999729,0.02259396849266053
3.467999999999729,0.022588652372313833
3.468999999999729,0.022581561126887542
3.469999999999729,0.02257241319333498
3.4709999999997287,0.022560940549636734
3.4719999999997286,0.022546888513924383
3.4729999999997285,0.022530015543357512
3.4739999999997284,0.02251009303278819
3.4749999999997283,0.022486905113247982
3.475999999999728,0.022460248450287372
3.476999999999728,0.022429932042196926
3.477999999999728,0.02239577701813856
3.478999999999728,0.022357616436208545
3.4799999999997278,0.02231529508145813
3.4809999999997276,0.022268669263890324
3.4819999999997275,0.022217606616452036
3.4829999999997274,0.022161985893039263
3.4839999999997273,0.02210169676652892
3.484999999999727,0.022036639626852414
3.485999999999727,0.021966725379121775
3.486999999999727,0.02189187524182014
3.487999999999727,0.021812020545063933
3.4889999999997268,0.02172710252894717
3.4899999999997267,0.021637072141973357
3.4909999999997265,0.021541889839580754
3.4919999999997264,0.02144152538276737
3.4929999999997263,0.021335957636818545
3.493999999999726,0.02122517437014139
3.494999999999726,0.021109172053208412
3.495999999999726,0.020987955657613536
3.496999999999726,0.02086153845524045
3.4979999999997258,0.02072994181754706
3.4989999999997257,0.020593195014964233
3.4999999999997256,0.020451335016412074
3.5009999999997254,0.020304406288932222
3.5019999999997253,0.020152460597437076
3.5029999999997252,0.01999555680457587
3.503999999999725,0.01983376067071775
3.504999999999725,0.019667144654050624
3.505999999999725,0.0194957877107969
3.506999999999725,0.019319775095544688
3.5079999999997247,0.019139198161694626
3.5089999999997246,0.018954154162022195
3.5099999999997245,0.01876474604935477
3.5109999999997243,0.018571082277364058
3.5119999999997242,0.018373276601472602
3.512999999999724,0.018171447879875652
3.513999999999724,0.01796571987467735
3.514999999999724,0.01775622105314246
3.515999999999724,0.01754308438906252
3.5169999999997237,0.017326447164238257
3.5179999999997236,0.017106450770077254
3.5189999999997235,0.016883240509308832
3.5199999999997234,0.016656965397815207
3.5209999999997232,0.016427777966581042
3.521999999999723,0.016195834063760704
3.522999999999723,0.015961292656865134
3.523999999999723,0.015724315635068382
3.524999999999723,0.015485067611634741
3.5259999999997227,0.015243715726467079
3.5269999999997226,0.015000429448777705
3.5279999999997225,0.01475538037988109
3.5289999999997224,0.014508742056109997
3.5299999999997222,0.014260689751855508
3.530999999999722,0.014011400282729576
3.531999999999722,0.013761051808852398
3.532999999999722,0.013509823638262211
3.533999999999722,0.013257896030448364
3.5349999999997217,0.013005450000005747
3.5359999999997216,0.012752667120410406
3.5369999999997215,0.012499729327913302
3.5379999999997214,0.012246818725552042
3.5389999999997213,0.011994117387274975
3.539999999999721,0.011741807162177889
3.540999999999721,0.01149006947884642
3.541999999999721,0.011239085149801466
3.542999999999721,0.010989034176042023
3.5439999999997207,0.010740095551678923
3.5449999999997206,0.010492447068653266
3.5459999999997205,0.010246265121531657
3.5469999999997204,0.010001724512370018
3.5479999999997203,0.009758998255636267
3.54899999999972,0.009518257383181301
3.54999999999972,0.009279670749248473
3.55099999999972,0.009043404835506613
3.55199999999972,0.008809623556096852
3.5529999999997197,0.00857848806267577
3.5539999999997196,0.008350156549442864
3.5549999999997195,0.008124784058133966
3.5559999999997194,0.007902522282965944
3.5569999999997193,0.007683519375514307
3.557999999999719,0.007467919749505655
3.558999999999719,0.0072558638855073285
3.559999999999719,0.007047488135494599
3.560999999999719,0.006842924527276556
3.5619999999997187,0.006642300568762291
3.5629999999997186,0.0064457390520471294
3.5639999999997185,0.0062533578573010715
3.5649999999997184,0.006065269756442192
3.5659999999997183,0.005881582216576024
3.566999999999718,0.005702397203186417
3.567999999999718,0.005527810983062584
3.568999999999718,0.005357913926948628
3.569999999999718,0.005192790311905948
3.5709999999997177,0.005032518123377447
3.5719999999997176,0.004877168856948666
3.5729999999997175,0.004726807319800859
3.5739999999997174,0.004581491431855475
3.5749999999997173,0.004441272026612278
3.575999999999717,0.004306192651686205
3.576999999999717,0.0041762893690519415
3.577999999999717,0.004051590555009477
3.578999999999717,0.003932116699885427
3.5799999999997167,0.0038178802074916654
3.5809999999997166,0.0037088851943628334
3.5819999999997165,0.003605127288801531
3.5829999999997164,0.003506593429760868
3.5839999999997163,0.003413261665597425
3.584999999999716,0.0033251009527330497
3.585999999999716,0.0032420709542628975
3.586999999999716,0.003164121838553531
3.587999999999716,0.0030911940778728733
3.5889999999997158,0.003023218247099446
3.5899999999997156,0.002960114822555794
3.5909999999997155,0.002901793981014783
3.5919999999997154,0.0028481553989253977
3.5929999999997153,0.0027990880519059395
3.593999999999715,0.002754470014552028
3.594999999999715,0.0027141682606038955
3.595999999999715,0.002678038463519012
3.596999999999715,0.0026459247974913343
3.5979999999997148,0.0026176597389586664
3.5989999999997146,0.002593063868636652
3.5999999999997145,0.0025719456741144196
3.6009999999997144,0.0025541013530462862
3.6019999999997143,0.002539314616970236
3.602999999999714,0.002527356495780838
3.603999999999714,0.002517985142884028
3.604999999999714,0.002510945641056625
3.605999999999714,0.002505969809033611
3.6069999999997138,0.002502776008844146
3.6079999999997137,0.0025010689539162433
3.6089999999997135,0.0025005395179704265
3.6099999999997134,0.0025008645447238756
3.6109999999997133,0.0025017066584255045
3.611999999999713,0.00250271407524821
3.612999999999713,0.002503887648775186
3.613999999999713,0.0025050270490246246
3.614999999999713,0.0025061332287605875
3.6159999999997128,0.002507207113522425
3.6169999999997127,0.0025082496025031834
3.6179999999997126,0.0025092615693930002
3.6189999999997124,0.0025102438631886513
3.6199999999997123,0.002511197308971612
3.6209999999997122,0.0025121227086543525
3.621999999999712,0.002513020841698587
3.622999999999712,0.0025138924658052106
3.623999999999712,0.0025147383175775292
3.624999999999712,0.0025155591131597217
3.6259999999997117,0.002516355548850595
3.6269999999997116,0.002517128301694701
3.6279999999997115,0.002517878030051511
3.6289999999997113,0.0025186053741433484
3.6299999999997112,0.0025193109565834725
3.630999999999711,0.0025199953828856057
3.631999999999711,0.002520659241954177
3.632999999999711,0.0025213031065585527
3.633999999999711,0.0025219275337899326
3.6349999999997107,0.0025225330655027633
3.6359999999997106,0.0025231202287409812
3.6369999999997105,0.0025236895361504252
3.6379999999997104,0.002524241486377043
3.6389999999997102,0.002524776564452519
3.63999999999971,0.0025252952421675363
3.64099999999971,0.002525797978432845
3.64199999999971,0.0025262852196295607
3.64299999999971,0.00252675739994836
3.6439999999997097,0.002527214941719015
3.6449999999997096,0.0025276582557293113
3.6459999999997095,0.002528087741535498
3.6469999999997094,0.0025285037877632657
3.6479999999997093,0.0025289067724007
3.648999999999709,0.0025292970630825286
3.649999999999709,0.0025296750173673214
3.650999999999709,0.002530040983006493
3.651999999999709,0.0025303952982069465
3.6529999999997087,0.0025307382918859644
3.6539999999997086,0.002531070283920637
3.6549999999997085,0.0025313915853900186
3.6559999999997084,0.0025317024988118185
3.6569999999997083,0.0025320033183726283
3.657999999999708,0.0025322943301535096
3.658999999999708,0.002532575812348878
3.659999999999708,0.002532848035481459
3.660999999999708,0.0025331112626107884
3.6619999999997077,0.002533365749537851
3.6629999999997076,0.0025336117450044868
3.6639999999997075,0.0025338494908879704
3.6649999999997074,0.002534079222391454
3.6659999999997073,0.0025343011682296447
3.666999999999707,0.002534515550810426
3.667999999999707,0.002534722586412158
3.668999999999707,0.0025349224853567186
3.669999999999707,0.0025351154521787364
3.6709999999997067,0.002535301685790886
3.6719999999997066,0.0025354813796450958
3.6729999999997065,0.0025356547218901987
3.6739999999997064,0.0025358218955255224
3.6749999999997063,0.002535983078551199
3.675999999999706,0.0025361384441145753
3.676999999999706,0.0025362881606532453
3.677999999999706,0.002536432392034056
3.678999999999706,0.002536571297689697
3.6799999999997057,0.0025367050327507502
3.6809999999997056,0.002536833748174809
3.6819999999997055,0.00253695759087259
3.6829999999997054,0.002537076703830389
3.6839999999997053,0.002537191226228839
3.684999999999705,0.002537301293559637
3.685999999999705,0.0025374070377377454
3.686999999999705,0.002537508587211499
3.687999999999705,0.002537606067068935
3.6889999999997047,0.0025376995991412445
3.6899999999997046,0.002537789302103289
3.6909999999997045,0.002537875291570922
3.6919999999997044,0.0025379576801953622
3.6929999999997043,0.0025380365777547473
3.693999999999704,0.002538112091242436
3.694999999999704,0.002538184324952921
3.695999999999704,0.002538253380564459
3.696999999999704,0.00253831935721905
3.6979999999997037,0.002538382351599689
3.6989999999997036,0.002538442458004782
3.6999999999997035,0.0025384997684200356
3.7009999999997034,0.002538554372587324
3.7019999999997033,0.0025386063580713665
3.702999999999703,0.0025386558103235625
3.703999999999703,0.002538702812743314
3.704999999999703,0.002538747446737006
3.705999999999703,0.0025387897917743506
3.7069999999997028,0.002538829925442604
3.7079999999997026,0.002538867923498049
3.7089999999997025,0.0025389038599154083
3.7099999999997024,0.0025389378069353916
3.7109999999997023,0.0025389698351091713
3.711999999999702,0.0025390000133415427
3.712999999999702,0.0025390284089316997
3.713999999999702,0.0025390550876119265
3.714999999999702,0.0025390801135844465
3.7159999999997018,0.0025391035495564603
3.7169999999997017,0.0025391254567730392
3.7179999999997015,0.00253914589504884
3.7189999999997014,0.0025391649227974045
3.7199999999997013,0.002539182597059434
3.720999999999701,0.0025391989735293642
3.721999999999701,0.0025392141065802287
3.722999999999701,0.0025392280492875056
3.723999999999701,0.0025392408534512835
3.7249999999997008,0.0025392525696175394
3.7259999999997007,0.002539263247097835
3.7269999999997006,0.002539272933988524
3.7279999999997004,0.0025392816771883757
3.7289999999997003,0.0025392895224155485
3.7299999999997,0.0025392965142239307
3.7309999999997,0.0025393026960185104
3.7319999999997,0.002539308110070349
3.7329999999997,0.0025393127975302417
3.7339999999997,0.002539316798443648
3.7349999999996997,0.00253932015176319
3.7359999999996996,0.002539322895362711
3.7369999999996995,0.002539325066049848
3.7379999999996993,0.002539326699579649
3.7389999999996992,0.0025393278306676467
3.739999999999699,0.0025393284930031804
3.740999999999699,0.0025393287192634756
3.741999999999699,0.0025393285411277194
3.742999999999699,0.002539327989291764
3.7439999999996987,0.002539327093483871
3.7449999999996986,0.002539325882480875
3.7459999999996985,0.0025393243841255637
3.7469999999996983,0.0025393226253449808
3.7479999999996982,0.002539320632170293
3.748999999999698,0.002539318429757402
3.749999999999698,0.002539316042410006
3.750999999999698,0.0025393134936034407
3.751999999999698,0.002539310806010983
3.7529999999996977,0.002539308001532032
3.7539999999996976,0.002539305101322227
3.7549999999996975,0.0025393021258262524
3.7559999999996974,0.0025392990948127775
3.7569999999996972,0.0025392960274124923
3.757999999999697,0.0025392929421585997
3.758999999999697,0.0025392898570308214
3.759999999999697,0.002539286789502146
3.760999999999697,0.0025392837565892945
3.7619999999996967,0.0025392807749067096
3.7629999999996966,0.002539277860724262
3.7639999999996965,0.0025392750293556227
3.7649999999996964,0.002539272294424636
3.7659999999996963,0.0025392696685244305
3.766999999999696,0.0025392671639588305
3.767999999999696,0.0025392647927893336
3.768999999999696,0.0025392625668745304
3.769999999999696,0.002539260497904313
3.7709999999996957,0.002539258597428009
3.7719999999996956,0.0025392568768776297
3.7729999999996955,0.0025392553475869044
3.7739999999996954,0.0025392540208054593
3.7749999999996953,0.002539252907710038
3.775999999999695,0.0025392520194121547
3.776999999999695,0.0025392513669627893
3.777999999999695,0.002539250961354541
3.778999999999695,0.002539250813521677
3.7799999999996947,0.002539250934338221
3.7809999999996946,0.002539251334614377
3.7819999999996945,0.0025392520250916394
3.7829999999996944,0.0025392530164364824
3.7839999999996943,0.002539254319233821
3.784999999999694,0.0025392559439789443
3.785999999999694,0.00253925790106959
3.786999999999694,0.0025392602007973317
3.787999999999694,0.0025392628533388965
3.7889999999996937,0.0025392658687476213
3.7899999999996936,0.002539269256944511
3.7909999999996935,0.0025392730277099644
3.7919999999996934,0.0025392771906756276
3.7929999999996933,0.0025392817553165983
3.793999999999693,0.0025392867309442617
3.794999999999693,0.0025392921266994654
3.795999999999693,0.0025392979515463134
3.796999999999693,0.0025393042142669263
3.7979999999996927,0.0025393109234563872
3.7989999999996926,0.002539318087518831
3.7999999999996925,0.0025393257146642256
3.8009999999996924,0.002539333812905699
3.8019999999996923,0.0025393423900577847
3.802999999999692,0.0025393514537359087
3.803999999999692,0.002539361011355889
3.804999999999692,0.002539371070134931
3.805999999999692,0.0025393816370929932
3.8069999999996917,0.002539392719055431
3.8079999999996916,0.0025394043226559908
3.8089999999996915,0.002539416454340866
3.8099999999996914,0.002539429120373426
3.8109999999996913,0.0025394423268398428
3.811999999999691,0.002539456079655226
3.812999999999691,0.002539470384570801
3.813999999999691,0.0025394852471813945
3.814999999999691,0.002539500672933799
3.8159999999996908,0.002539516667136088
3.8169999999996906,0.002539533234966841
3.8179999999996905,0.0025395503814855704
3.8189999999996904,0.002539568111643499
3.8199999999996903,0.002539586430294616
3.82099999999969,0.002539605342207766
3.82199999999969,0.002539624852078464
3.82299999999969,0.002539644964541829
3.82399999999969,0.0025396656841854028
3.8249999999996898,0.002539687015562446
3.8259999999996896,0.0025397089632056245
3.8269999999996895,0.002539731531640853
3.8279999999996894,0.0025397547254011887
3.8289999999996893,0.002539778549041364
3.829999999999689,0.0025398030071517586
3.830999999999689,0.002539828104372987
3.831999999999689,0.0025398538454104898
3.832999999999689,0.0025398802350487006
3.8339999999996888,0.0025399072781654396
3.8349999999996887,0.0025399349797464166
3.8359999999996885,0.002539963344898942
3.8369999999996884,0.002539992378866176
3.8379999999996883,0.0025400220870406
3.838999999999688,0.002540052474977194
3.839999999999688,0.002540083548406808
3.840999999999688,0.0025401153132484817
3.841999999999688,0.002540147775621577
3.8429999999996878,0.002540180941857831
3.8439999999996877,0.002540214818511962
3.8449999999996876,0.002540249412372606
3.8459999999996874,0.0025402847304722698
3.8469999999996873,0.002540320780096323
3.8479999999996872,0.0025403575687922043
3.848999999999687,0.0025403951043764875
3.849999999999687,0.0025404333949426983
3.850999999999687,0.0025404724488671537
3.851999999999687,0.0025405122748146
3.8529999999996867,0.00254055288174276
3.8539999999996866,0.002540594278906006
3.8549999999996865,0.002540636475858133
3.8559999999996863,0.0025406794824544207
3.8569999999996862,0.0025407233088520116
3.857999999999686,0.002540767965510598
3.858999999999686,0.002540813463190652
3.859999999999686,0.0025408598129521565
3.860999999999686,0.0025409070261511423
3.8619999999996857,0.002540955114436097
3.8629999999996856,0.002541004089743025
3.8639999999996855,0.0025410539642898647
3.8649999999996854,0.0025411047505698274
3.8659999999996852,0.0025411564613441046
3.866999999999685,0.0025412091096333293
3.867999999999685,0.0025412627087089447
3.868999999999685,0.002541317272083461
3.869999999999685,0.0025413728135000972
3.8709999999996847,0.002541429346922152
3.8719999999996846,0.0025414868865214733
3.8729999999996845,0.00254154544666706
3.8739999999996844,0.002541605041912944
3.8749999999996843,0.0025416656869864593
3.875999999999684,0.0025417273967757274
3.876999999999684,0.0025417901863178764
3.877999999999684,0.00254185407078723
3.878999999999684,0.0025419190654839344
3.8799999999996837,0.0025419851858228884
3.8809999999996836,0.002542052447323622
3.8819999999996835,0.002542120865601006
3.8829999999996834,0.0025421904563569277
3.8839999999996833,0.002542261235372909
3.884999999999683,0.0025423332185045555
3.885999999999683,0.0025424064216775476
3.886999999999683,0.0025424808608851476
3.887999999999683,0.0025425565521878593
3.8889999999996827,0.0025426335117152594
3.8899999999996826,0.002542711755670668
3.8909999999996825,0.0025427913003377364
3.8919999999996824,0.0025428721620905127
3.8929999999996823,0.0025429543574062817
3.893999999999682,0.0025430379028820727
3.894999999999682,0.002543122815254307
3.895999999999682,0.0025432091114226223
3.896999999999682,0.002543296808477386
3.8979999999996817,0.00254338592373193
3.8989999999996816,0.0025434764747587664
3.8999999999996815,0.0025435684794308036
3.9009999999996814,0.002543661955967773
3.9019999999996813,0.0025437569229875036
3.902999999999681,0.0025438533995626143
3.903999999999681,0.002543951405283483
3.904999999999681,0.0025440509603265535
3.905999999999681,0.002544152085529116
3.9069999999996807,0.0025442548024707003
3.9079999999996806,0.002544359133560964
3.9089999999996805,0.002544465102134602
3.9099999999996804,0.002544572732553759
3.9109999999996803,0.0025446820503179993
3.91199999999968,0.0025447930821817684
3.91299999999968,0.0025449058562804633
3.91399999999968,0.0025451653763686466
3.91499999999968,0.0025455918782193096
3.9159999999996797,0.0025465303467469592
3.9169999999996796,0.002548311627352421
3.9179999999996795,0.0025512526283809137
3.9189999999996794,0.0025556565223953075
3.9199999999996793,0.0025618129463356176
3.920999999999679,0.0025699982006238374
3.921999999999679,0.0025804754472754828
3.922999999999679,0.002593494907073751
3.923999999999679,0.0026092940558609737
3.9249999999996787,0.0026280978200014377
3.9259999999996786,0.0026501187710684763
3.9269999999996785,0.002675557319807502
3.9279999999996784,0.0027046019094286167
3.9289999999996783,0.002737429208279976
3.929999999999678,0.002774204301956091
3.930999999999678,0.002815080884892039
3.931999999999678,0.0028602014514985223
3.932999999999678,0.002909697486889365
3.9339999999996778,0.002963689657256033
3.9349999999996776,0.0030222879999399696
3.9359999999996775,0.0030855921132562844
3.9369999999996774,0.003153691346119862
3.9379999999996773,0.0032266649875234976
3.938999999999677,0.003304582455916978
3.939999999999677,0.00338750348853422
3.940999999999677,0.0034754783307122256
3.941999999999677,0.003568547925245677
3.9429999999996768,0.0036667441018149727
3.9439999999996767,0.0037700897665253544
3.9449999999996765,0.003878599091590454
3.9459999999996764,0.003992277705188854
3.9469999999996763,0.004111122881522142
3.947999999999676,0.004235123731094394
3.948999999999676,0.004364261391234421
3.949999999999676,0.004498509216873857
3.950999999999676,0.004637832971593175
3.9519999999996758,0.004782191018943387
3.9529999999996757,0.004931534514046418
3.9539999999996756,0.005085807595475507
3.9549999999996754,0.005244947577412465
3.9559999999996753,0.005408885142075534
3.956999999999675,0.005577544532410161
3.957999999999675,0.005750843745030147
3.958999999999675,0.0059286947233966394
3.959999999999675,0.006111003551218984
3.960999999999675,0.006297670646060398
3.9619999999996747,0.006488590953129279
3.9629999999996746,0.0066836541392375284
3.9639999999996745,0.006882744786903781
3.9649999999996743,0.007085742588582147
3.9659999999996742,0.007292522540993149
3.966999999999674,0.007502955139537026
3.967999999999674,0.007716906572767052
3.968999999999674,0.007934238916902446
3.969999999999674,0.008154810330359911
3.9709999999996737,0.008378475248285014
3.9719999999996736,0.008605084577063958
3.9729999999996735,0.00883448588879765
3.9739999999996733,0.009066523615722542
3.9749999999996732,0.009301039244560959
3.975999999999673,0.009537871510788005
3.976999999999673,0.009776856592800691
3.977999999999673,0.010017828305978575
3.978999999999673,0.010260618296623725
3.9799999999996727,0.010505056235771984
3.9809999999996726,0.010750970012867046
3.9819999999996725,0.010998185929289278
3.9829999999996724,0.011246528891735517
3.9839999999996722,0.011495822605442817
3.984999999999672,0.011745889767254804
3.985999999999672,0.01199655225852568
3.986999999999672,0.012247631337862233
3.987999999999672,0.012498947833701708
3.9889999999996717,0.012750322336725954
3.9899999999996716,0.013001575392112365
3.9909999999996715,0.013252527691623245
3.9919999999996714,0.013503000265535255
3.9929999999996713,0.01375281467441146
3.993999999999671,0.01400179320071937
3.994999999999671,0.014249759040297579
3.995999999999671,0.014496536493675341
3.996999999999671,0.014741951157249057
3.9979999999996707,0.014985830114319677
3.9989999999996706,0.01522800212599551
3.9999999999996705,0.01546829782196573
4.000999999999671,0.015706549891148128
4.001999999999671,0.01594259327221731
4.0029999999996715,0.016176265344016914
4.003999999999672,0.016407406115861882
4.004999999999672,0.016635858417735024
4.0059999999996725,0.016861468090382588
4.006999999999673,0.017084084175314138
4.007999999999673,0.017303559104711083
4.0089999999996735,0.017519748891248743
4.009999999999674,0.01773251331783573
4.010999999999674,0.017941716127276096
4.0119999999996745,0.018147225211857944
4.012999999999675,0.018348912802872035
4.013999999999675,0.01854665566006606
4.0149999999996755,0.018740335261036134
4.015999999999676,0.018929837990561492
4.016999999999676,0.0191150553298845
4.0179999999996765,0.019295884045940105
4.018999999999677,0.019472226380537416
4.019999999999677,0.0196439902394979
4.0209999999996775,0.019811089381751947
4.021999999999678,0.019973443608397645
4.022999999999678,0.020130978951724728
4.0239999999996785,0.020283627864206233
4.024999999999679,0.02043132940746143
4.025999999999679,0.020574029441191743
4.0269999999996795,0.020711680812094277
4.02799999999968,0.02084424354275402
4.02899999999968,0.020971685020519173
4.0299999999996805,0.02109398018636157
4.030999999999681,0.02121111172372634
4.031999999999681,0.021323070247373378
4.0329999999996815,0.021429854492214517
4.033999999999682,0.021531471502150103
4.034999999999682,0.021627936818908615
4.0359999999996825,0.021719274670894566
4.036999999999683,0.02180551816204799
4.037999999999683,0.021886709460721895
4.0389999999996835,0.021962899988581953
4.039999999999684,0.022034150609535737
4.040999999999684,0.022100531818696305
4.0419999999996845,0.022162123931389097
4.042999999999685,0.022219017272208694
4.043999999999685,0.022271312364133995
4.0449999999996855,0.02231912011771156
4.045999999999686,0.022362562020316785
4.046999999999686,0.022401770325503848
4.0479999999996865,0.022436888242456307
4.048999999999687,0.02246807012555114
4.049999999999687,0.02249548166404991
4.0509999999996875,0.022519300071932064
4.051999999999688,0.0225397142778863
4.052999999999688,0.022556925115476655
4.0539999999996885,0.022571145513502096
4.054999999999689,0.022582600686568255
4.055999999999689,0.022591528325892132
4.0569999999996895,0.02259817879036055
4.05799999999969,0.022602815297865952
4.05899999999969,0.022605714116941095
4.0599999999996905,0.022607164758718858
4.060999999999691,0.022607470169240015
4.061999999999691,0.022606946922135704
4.0629999999996915,0.022605925411709638
4.063999999999692,0.02260475004644541
4.064999999999692,0.022603598147783316
4.0659999999996925,0.022602289063112117
4.066999999999693,0.022600470522515168
4.067999999999693,0.022597804796385353
4.0689999999996935,0.022593968496389595
4.069999999999694,0.022588652375978777
4.070999999999694,0.022581561130487905
4.0719999999996945,0.02257241319687011
4.072999999999695,0.022560940553105736
4.073999999999695,0.02254688851732633
4.0749999999996955,0.02253001554669118
4.075999999999696,0.022510093036052295
4.076999999999696,0.022486905116441185
4.0779999999996965,0.02246024845340803
4.078999999999697,0.022429932045243683
4.079999999999697,0.022395777021109717
4.0809999999996975,0.022357616439102508
4.081999999999698,0.022315295084273212
4.082999999999698,0.02226866926662488
4.0839999999996985,0.022217606619104477
4.084999999999699,0.02216198589560793
4.085999999999699,0.022101696769012254
4.0869999999996995,0.022036639629248893
4.0879999999997,0.021966725381430068
4.0889999999997,0.021891875244038794
4.0899999999997005,0.021812020547191613
4.090999999999701,0.02172710253098282
4.091999999999701,0.02163707214391586
4.0929999999997015,0.0215418898414291
4.093999999999702,0.021441525384520814
4.094999999999702,0.02133595763847629
4.0959999999997025,0.02122517437170278
4.096999999999703,0.02110917205467306
4.097999999999703,0.02098795565898092
4.0989999999997035,0.02086153845651046
4.099999999999704,0.02072994181871951
4.100999999999704,0.02059319501603917
4.1019999999997045,0.020451335017389535
4.102999999999705,0.020304406289812504
4.103999999999705,0.020152460598220484
4.1049999999997056,0.01999555680526295
4.105999999999706,0.019833760671309042
4.106999999999706,0.019667144654546782
4.1079999999997066,0.01949578771119871
4.108999999999707,0.019319775095852913
4.109999999999707,0.019139198161910294
4.1109999999997076,0.01895415416214624
4.111999999999708,0.018764746049388388
4.112999999999708,0.018571082277308373
4.113999999999709,0.018373276601328863
4.114999999999709,0.018171447879645045
4.115999999999709,0.017965719874361324
4.11699999999971,0.017756221052742313
4.11799999999971,0.017543084388579655
4.11899999999971,0.017326447163674173
4.119999999999711,0.017106450769433457
4.120999999999711,0.016883240508586785
4.121999999999711,0.01665696539701652
4.122999999999712,0.016427777965707206
4.123999999999712,0.01619583406281335
4.124999999999712,0.01596129265584586
4.125999999999713,0.01572431563397883
4.126999999999713,0.015485067610476529
4.127999999999713,0.015243715725241948
4.128999999999714,0.015000429447487335
4.129999999999714,0.014755380378527062
4.130999999999714,0.014508742054694136
4.131999999999715,0.014260689750379467
4.132999999999715,0.014011400281195227
4.133999999999715,0.013761051807261497
4.134999999999716,0.013509823636616701
4.135999999999716,0.013257896028750035
4.136999999999716,0.0130054499982565
4.137999999999717,0.012752667118612171
4.138999999999717,0.01249972932606818
4.139999999999717,0.012246818723661991
4.140999999999718,0.011994117385342215
4.141999999999718,0.011741807160204565
4.142999999999718,0.011490069476834688
4.143999999999719,0.011239085147753687
4.144999999999719,0.010989034173960598
4.145999999999719,0.010740095549566293
4.14699999999972,0.010492447066511937
4.14799999999972,0.010246265119364314
4.14899999999972,0.010001724510179326
4.149999999999721,0.009758998253424966
4.150999999999721,0.009518257380952348
4.151999999999721,0.009279670747004684
4.152999999999722,0.009043404833251056
4.153999999999722,0.0088096235538326
4.154999999999722,0.008578488060406064
4.155999999999723,0.00835015654717082
4.156999999999723,0.008124784055862894
4.157999999999723,0.007902522280699181
4.158999999999724,0.007683519373255135
4.159999999999724,0.007467919747257523
4.160999999999724,0.007255863883273504
4.161999999999725,0.007047488133278539
4.162999999999725,0.006842924525081687
4.163999999999725,0.006642300566591847
4.164999999999726,0.006445739049904357
4.165999999999726,0.006253357855189261
4.166999999999726,0.006065269754364465
4.167999999999727,0.005881582214535379
4.168999999999727,0.005702397201185851
4.169999999999727,0.005527810981104692
4.170999999999728,0.005357913925036012
4.171999999999728,0.005192790310041051
4.172999999999728,0.005032518121562322
4.173999999999729,0.0048771688551853334
4.174999999999729,0.004726807318090935
4.175999999999729,0.004581491430200396
4.17699999999973,0.004441272025013203
4.17799999999973,0.004306192650143786
4.17899999999973,0.004176289367566782
4.179999999999731,0.004051590553581716
4.180999999999731,0.0039321166985149605
4.181999999999731,0.0038178802061779107
4.182999999999732,0.0037088851931048536
4.183999999999732,0.0036051272875982573
4.184999999999732,0.0035065934286106423
4.185999999999733,0.0034132616644984085
4.186999999999733,0.003325100951682841
4.187999999999733,0.003242070953259034
4.188999999999734,0.0031641218375930216
4.189999999999734,0.00309119407695254
4.190999999999734,0.0030232182462158197
4.191999999999735,0.00296011482170519
4.192999999999735,0.0029017939801932804
4.193999999999735,0.0028481553981287606
4.194999999999736,0.0027990880511299214
4.195999999999736,0.0027544700137921534
4.196999999999736,0.0027141682598557544
4.197999999999737,0.002678038462777914
4.198999999999737,0.0026459247967527653
4.199999999999737,0.0026176597382180818
4.200999999999738,0.002593063867889534
4.201999999999738,0.002571945673356356
4.202999999999738,0.002554101352273172
4.203999999999739,0.0025393146161779533
4.204999999999739,0.0025273564949656463
4.205999999999739,0.002517985142042472
4.20699999999974,0.002510945640185506
4.20799999999974,0.002505969808130254
4.20899999999974,0.0025027760079061323
4.209999999999741,0.002501068952941575
4.210999999999741,0.0025005395169577053
4.211999999999741,0.002500864543672165
4.212999999999742,0.002501706657334443
4.213999999999742,0.0025027140741178885
4.214999999999742,0.002503887647611478
4.215999999999743,0.002505027047829834
4.216999999999743,0.0025061332275371044
4.217999999999743,0.0025072071122723832
4.218999999999744,0.00250824960122863
4.219999999999744,0.002509261568095833
4.220999999999744,0.0025102438618708617
4.221999999999745,0.0025111973076348444
4.222999999999745,0.0025121227073003315
4.223999999999745,0.002513020840328853
4.224999999999746,0.0025138924644211857
4.225999999999746,0.002514738316180685
4.226999999999746,0.002515559111751265
4.227999999999747,0.002516355547431768
4.228999999999747,0.0025171283002667112
4.229999999999747,0.0025178780286154515
4.230999999999748,0.0025186053727001764
4.231999999999748,0.0025193109551342185
4.232999999999748,0.002519995381431047
4.233999999999749,0.0025206592404952467
4.234999999999749,0.0025213031050959622
4.235999999999749,0.0025219275323244833
4.23699999999975,0.002522533064035031
4.23799999999975,0.0025231202272717017
4.23899999999975,0.002523689534680098
4.239999999999751,0.00252424148490624
4.240999999999751,0.002524776562981841
4.241999999999751,0.0025252952406973894
4.242999999999752,0.0025257979769636695
4.243999999999752,0.0025262852181616793
4.244999999999752,0.002526757398482321
4.245999999999753,0.0025272149402550056
4.246999999999753,0.002527658254267734
4.247999999999753,0.002528087740076672
4.248999999999754,0.0025285037863075274
4.249999999999754,0.002528906770948261
4.250999999999754,0.002529297061633677
4.251999999999755,0.002529675015922231
4.252999999999755,0.0025300409815653506
4.253999999999755,0.002530395296769919
4.254999999999756,0.002530738290453312
4.255999999999756,0.002531070282492498
4.256999999999756,0.002531391583966612
4.257999999999757,0.0025317024973932033
4.258999999999757,0.0025320033169589987
4.259999999999757,0.002532294328744994
4.260999999999758,0.002532575810945667
4.261999999999758,0.0025328480340836464
4.262999999999758,0.00253311126121852
4.263999999999759,0.0025333657481512346
4.264999999999759,0.002533611743623612
4.265999999999759,0.002533849489513001
4.26699999999976,0.002534079221022452
4.26799999999976,0.002534301166866794
4.26899999999976,0.0025345155494538585
4.269999999999761,0.002534722585061898
4.270999999999761,0.0025349224840129914
4.271999999999761,0.0025351154508416116
4.272999999999762,0.0025353016844604885
4.273999999999762,0.002535481378321599
4.274999999999762,0.0025356547205736928
4.275999999999763,0.0025358218942161705
4.276999999999763,0.0025359830772491015
4.277999999999763,0.002536138442819892
4.278999999999764,0.002536288159366025
4.279999999999764,0.0025364323907545658
4.280999999999764,0.0025365712964180026
4.281999999999765,0.0025367050314869938
4.282999999999765,0.0025368337469191607
4.283999999999765,0.0025369575896252473
4.284999999999766,0.0025370767025914356
4.285999999999766,0.0025371912249984203
4.286999999999766,0.0025373012923378645
4.287999999999767,0.00253740703652491
4.288999999999767,0.0025375085860076356
4.289999999999767,0.0025376060658741997
4.290999999999768,0.002537699597955901
4.291999999999768,0.0025377893009273927
4.292999999999768,0.002537875290404664
4.293999999999769,0.0025379576790389193
4.294999999999769,0.002538036576608199
4.295999999999769,0.0025381120901059873
4.29699999999977,0.0025381843238266935
4.29799999999977,0.002538253379448588
4.29899999999977,0.002538319356113726
4.299999999999771,0.00253838235050503
4.300999999999771,0.002538442456920996
4.301999999999771,0.002538499767347182
4.302999999999772,0.0025385543715256073
4.303999999999772,0.002538606357020884
4.304999999999772,0.0025386558092843937
4.305999999999773,0.0025387028117156082
4.306999999999773,0.0025387474457209125
4.307999999999773,0.0025387897907699596
4.308999999999774,0.002538829924450054
4.309999999999774,0.0025388679225174515
4.310999999999774,0.0025389038589468844
4.311999999999775,0.0025389378059789552
4.312999999999775,0.002538969834164989
4.313999999999775,0.0025390000124096493
4.314999999999776,0.002539028408012206
4.315999999999776,0.002539055086704878
4.316999999999776,0.0025390801126899745
4.317999999999777,0.0025391035486745824
4.318999999999777,0.002539125455903856
4.319999999999777,0.00253914589419231
4.320999999999778,0.002539164921953562
4.321999999999778,0.00253918259622838
4.322999999999778,0.0025391989727110847
4.323999999999779,0.0025392141057747307
4.324999999999779,0.0025392280484948064
4.325999999999779,0.0025392408526714524
4.32699999999978,0.0025392525688504933
4.32799999999978,0.002539263246343678
4.32899999999978,0.0025392729332471588
4.329999999999781,0.002539281676459764
4.330999999999781,0.0025392895216997044
4.331999999999781,0.0025392965135208334
4.332999999999782,0.002539302695328139
4.333999999999782,0.0025393081093925338
4.334999999999782,0.0025393127968650966
4.335999999999783,0.002539316797791038
4.336999999999783,0.002539320151123084
4.337999999999783,0.002539322894734977
4.338999999999784,0.002539325065434462
4.339999999999784,0.0025393266989765517
4.340999999999784,0.0025393278300766854
4.341999999999785,0.002539328492424286
4.342999999999785,0.002539328718696568
4.343999999999785,0.0025393285405726287
4.344999999999786,0.0025393279887484417
4.345999999999786,0.0025393270929522233
4.346999999999786,0.0025393258819607425
4.347999999999787,0.0025393243836168734
4.348999999999787,0.0025393226248476043
4.349999999999787,0.0025393206316840465
4.350999999999788,0.002539318429282209
4.351999999999788,0.002539316041945662
4.352999999999788,0.002539313493149776
4.353999999999789,0.00253931080556798
4.354999999999789,0.0025393080010994995
4.355999999999789,0.0025393051009000717
4.35699999999979,0.0025393021254142556
4.35799999999979,0.002539299094410783
4.35899999999979,0.0025392960270203095
4.359999999999791,0.0025392929417761903
4.360999999999791,0.002539289856657894
4.361999999999791,0.0025392867891386207
4.362999999999792,0.002539283756234998
4.363999999999792,0.0025392807745614823
4.364999999999792,0.0025392778603879063
4.365999999999793,0.0025392750290279716
4.366999999999793,0.0025392722941056343
4.367999999999793,0.002539269668213818
4.368999999999794,0.002539267163656614
4.369999999999794,0.0025392647924952945
4.370999999999794,0.0025392625665885613
4.371999999999795,0.0025392604976263167
4.372999999999795,0.0025392585971578466
4.373999999999795,0.0025392568766153603
4.374999999999796,0.0025392553473323302
4.375999999999796,0.0025392540205585144
4.376999999999796,0.002539252907470771
4.377999999999797,0.0025392520191804234
4.378999999999797,0.0025392513667385763
4.379999999999797,0.0025392509611377526
4.380999999999798,0.002539250813312268
4.381999999999798,0.0025392509341362404
4.382999999999798,0.0025392513344196996
4.383999999999799,0.0025392520249042684
4.384999999999799,0.002539253016256411
4.385999999999799,0.0025392543190609802
4.3869999999998,0.002539255943813306
4.3879999999998,0.0025392579009111405
4.3889999999998,0.0025392602006460638
4.389999999999801,0.0025392628531948833
4.390999999999801,0.00253926586861071
4.391999999999801,0.0025392692568147884
4.392999999999802,0.002539273027587337
4.393999999999802,0.002539277190560102
4.394999999999802,0.002539281755208251
4.395999999999803,0.00253928673084303
4.396999999999803,0.0025392921266054053
4.397999999999803,0.0025392979514594592
4.398999999999804,0.0025393042141871533
4.399999999999804,0.0025393109233837925
4.400999999999804,0.0025393180874534703
4.401999999999805,0.0025393257146059875
4.402999999999805,0.002539333812854601
4.403999999999805,0.0025393423900139413
4.404999999999806,0.002539351453699306
4.405999999999806,0.0025393610113265373
4.406999999999806,0.002539371070112796
4.407999999999807,0.0025393816370781475
4.408999999999807,0.002539392719047927
4.409999999999807,0.002539404322655793
4.410999999999808,0.00253941645434802
4.411999999999808,0.002539429120387963
4.412999999999808,0.0025394423268618495
4.413999999999809,0.00253945607968473
4.414999999999809,0.0025394703846078233
4.415999999999809,0.002539485247225904
4.41699999999981,0.002539500672985945
4.41799999999981,0.0025395166671958805
4.41899999999981,0.0025395332350342976
4.419999999999811,0.002539550381560826
4.420999999999811,0.0025395681117265333
4.421999999999811,0.0025395864303855292
4.422999999999812,0.002539605342306621
4.423999999999812,0.0025396248521852537
4.424999999999812,0.0025396449646566503
4.425999999999813,0.0025396656843083357
4.426999999999813,0.002539687015693584
4.427999999999813,0.0025397089633450304
4.428999999999814,0.0025397315317885923
4.429999999999814,0.002539754725557373
4.430999999999814,0.0025397785492059996
4.431999999999815,0.0025398030073249846
4.432999999999815,0.002539828104554904
4.433999999999815,0.0025398538456011983
4.434999999999816,0.0025398802352482666
4.435999999999816,0.0025399072783740193
4.436999999999816,0.0025399349799639995
4.437999999999817,0.002539963345125757
4.438999999999817,0.002539992379102296
4.439999999999817,0.0025400220872860493
4.440999999999818,0.0025400524752322504
4.441999999999818,0.0025400835486714783
4.442999999999818,0.002540115313522936
4.443999999999819,0.002540147775905957
4.444999999999819,0.002540180942152217
4.445999999999819,0.0025402148188164546
4.44699999999982,0.0025402494126873613
4.44799999999982,0.002540284730797423
4.44899999999982,0.002540320780432051
4.449999999999821,0.002540357569138587
4.450999999999821,0.0025403951047337225
4.451999999999821,0.0025404333953108933
4.452999999999822,0.002540472449246472
4.453999999999822,0.0025405122752051278
4.454999999999822,0.0025405528821446505
4.455999999999823,0.0025405942793193907
4.456999999999823,0.002540636476283307
4.457999999999823,0.002540679482891335
4.458999999999824,0.0025407233093009546
4.459999999999824,0.0025407679659716145
4.460999999999824,0.002540813463663992
4.461999999999825,0.0025408598134378894
4.462999999999825,0.0025409070266494624
4.463999999999825,0.0025409551149470806
4.464999999999826,0.0025410040902668456
4.465999999999826,0.0025410539648267165
4.466999999999826,0.002541104751119856
4.467999999999827,0.002541156461907366
4.468999999999827,0.0025412091102099445
4.4699999999998274,0.0025412627092991566
4.470999999999828,0.002541317272687374
4.471999999999828,0.002541372814117787
4.4729999999998284,0.002541429347553817
4.473999999999829,0.0025414868871672276
4.474999999999829,0.002541545447327001
4.4759999999998294,0.002541605042587245
4.47699999999983,0.0025416656876752104
4.47799999999983,0.0025417273974789947
4.4789999999998305,0.0025417901870357987
4.479999999999831,0.0025418540715200257
4.480999999999831,0.002541919066231569
4.4819999999998315,0.0025419851865854624
4.482999999999832,0.002542052448101316
4.483999999999832,0.002542120866393934
4.4849999999998325,0.002542190457165125
4.485999999999833,0.002542261236196476
4.486999999999833,0.002542333219343721
4.4879999999998335,0.002542406422532322
4.488999999999834,0.0025424808617556284
4.489999999999834,0.0025425565530740636
4.4909999999998345,0.002542633512617385
4.491999999999835,0.0025427117565887947
4.492999999999835,0.0025427913012719267
4.4939999999998355,0.002542872163040808
4.494999999999836,0.0025429543583728766
4.495999999999836,0.002543037903865005
4.4969999999998365,0.0025431228162537227
4.497999999999837,0.0025432091124385874
4.498999999999837,0.0025432968095100844
4.4999999999998375,0.002543385924781403
4.500999999999838,0.002543476475825184
4.501999999999838,0.0025435684805142945
4.5029999999998385,0.002543661957068462
4.503999999999839,0.002543756924105557
4.504999999999839,0.002543853400698244
4.5059999999998395,0.0025439514064368417
4.50699999999984,0.002544050961497856
4.50799999999984,0.002544152086718543
4.5089999999998405,0.002544254803678505
4.509999999999841,0.0025443591347873197
4.510999999999841,0.0025444651033797658
4.5119999999998415,0.0025445727338180707
4.512999999999842,0.0025446820516016808
4.513999999999842,0.0025447930834851806
4.5149999999998425,0.002544905857603995
4.515999999999843,0.0025451653777457083
4.516999999999843,0.0025455918796480036
4.5179999999998435,0.0025465303482251865
4.518999999999844,0.0025483116288783254
4.519999999999844,0.0025512526299523407
4.5209999999998445,0.0025556565240104218
4.521999999999845,0.002561812947992421
4.522999999999845,0.0025699982023204004
4.5239999999998455,0.0025804754490099564
4.524999999999846,0.002593494908844106
4.525999999999846,0.002609294057665256
4.5269999999998465,0.002628097821837736
4.527999999999847,0.0026501187729348896
4.528999999999847,0.0026755573217020837
4.5299999999998475,0.0027046019113494794
4.530999999999848,0.002737429210225243
4.531999999999848,0.002774204303923826
4.5329999999998485,0.0028150808868803827
4.533999999999849,0.002860201453505528
4.534999999999849,0.0029096974889133605
4.5359999999998495,0.0029636896592951725
4.53699999999985,0.003022288001992439
4.53799999999985,0.0030855921153203902
4.5389999999998505,0.0031536913481938836
4.539999999999851,0.0032266649896058597
4.540999999999851,0.0033045824580062444
4.5419999999998515,0.003387503490628725
4.542999999999852,0.0034754783328107205
4.543999999999852,0.00356854792734676
4.5449999999998525,0.0036667441039174506
4.545999999999853,0.003770089768628193
4.546999999999853,0.0038785990936925294
4.5479999999998535,0.003992277707289396
4.548999999999854,0.0041111228836202204
4.549999999999854,0.004235123733189447
4.5509999999998545,0.004364261393325991
4.551999999999855,0.004498509218961555
4.552999999999855,0.004637832973676682
4.5539999999998555,0.004782191021022696
4.554999999999856,0.004931534516121598
4.555999999999856,0.0050858075975467945
4.5569999999998565,0.005244947579480158
4.557999999999857,0.005408885144140202
4.558999999999857,0.005577544534472519
4.5599999999998575,0.00575084374709095
4.560999999999858,0.005928694725456998
4.561999999999858,0.006111003553280009
4.5629999999998585,0.006297670648123366
4.563999999999859,0.006488590955195682
4.564999999999859,0.006683654141308795
4.5659999999998595,0.006882744788981765
4.56699999999986,0.007085742590668569
4.56799999999986,0.007292522543090076
4.5689999999998605,0.007502955141646457
4.569999999999861,0.0077169065748912205
4.570999999999861,0.007934238919043567
4.5719999999998615,0.00815481033252035
4.572999999999862,0.008378475250467206
4.573999999999862,0.008605084579270408
4.5749999999998625,0.00883448589103096
4.575999999999863,0.009066523617985295
4.576999999999863,0.009301039246855831
4.5779999999998635,0.009537871513117663
4.578999999999864,0.009776856595167922
4.579999999999864,0.010017828308385962
4.5809999999998645,0.010260618299074008
4.581999999999865,0.01050505623826789
4.582999999999865,0.010750970015411157
4.5839999999998655,0.010998185931884237
4.584999999999866,0.011246528894383837
4.585999999999866,0.01149582260814714
4.5869999999998665,0.011745889770017483
4.587999999999867,0.01199655226134897
4.588999999999867,0.012247631340748542
4.5899999999998675,0.012498947836653194
4.590999999999868,0.012750322339744581
4.591999999999868,0.013001575395200096
4.5929999999998685,0.013252527694781947
4.593999999999869,0.013503000268766524
4.594999999999869,0.01375281467771694
4.5959999999998695,0.014001793204100388
4.59699999999987,0.014249759043755333
4.59799999999987,0.014496536497210971
4.5989999999998705,0.014741951160863465
4.599999999999871,0.014985830118013514
4.600999999999871,0.015228002129769415
4.6019999999998715,0.015468297825820009
4.602999999999872,0.015706549895083036
4.603999999999872,0.015942593276232743
4.6049999999998725,0.016176265348112784
4.605999999999873,0.0164074061200378
4.606999999999873,0.01663585842199037
4.6079999999998735,0.016861468094716607
4.608999999999874,0.0170840841797259
4.609999999999874,0.01730355910919948
4.6109999999998745,0.017519748895812363
4.611999999999875,0.01773251332247308
4.612999999999875,0.017941716131985495
4.6139999999998755,0.018147225216637454
4.614999999999876,0.018348912807719636
4.615999999999876,0.018546655664979414
4.6169999999998765,0.01874033526601282
4.617999999999877,0.018929837995599004
4.618999999999877,0.019115055334980112
4.6199999999998775,0.01929588405109084
4.620999999999878,0.01947222638574033
4.621999999999878,0.019643990244749776
4.6229999999998785,0.019811089387049438
4.623999999999879,0.01997344361373738
4.624999999999879,0.020130978957103203
4.6259999999998795,0.020283627869619826
4.62699999999988,0.02043132941290636
4.62799999999988,0.020574029446664262
4.6289999999998805,0.02071168081759045
4.629999999999881,0.020844243548270074
4.630999999999881,0.02097168502605095
4.6319999999998815,0.02109398019190517
4.632999999999882,0.0212111117292777
4.633999999999882,0.021323070252928435
4.6349999999998825,0.02142985449776927
4.635999999999883,0.021531471507700448
4.636999999999883,0.021627936824450605
4.6379999999998835,0.021719274676424143
4.638999999999884,0.0218055181675613
4.639999999999884,0.021886709466215
4.6409999999998846,0.021962899994051127
4.641999999999885,0.022034150614977085
4.642999999999885,0.022100531824106318
4.6439999999998856,0.022162123936764283
4.644999999999886,0.022219017277545612
4.645999999999886,0.022271312369429412
4.6469999999998866,0.022319120122962263
4.647999999999887,0.022362562025519818
4.648999999999887,0.02240177033065635
4.649999999999888,0.022436888247555617
4.650999999999888,0.022468070130594715
4.651999999999888,0.022495481669035464
4.652999999999889,0.022519300076857485
4.653999999999889,0.022539714282749708
4.654999999999889,0.0225569251202763
4.65599999999989,0.02257114551823647
4.65699999999989,0.022582600691236104
4.65799999999989,0.022591528330492328
4.658999999999891,0.022598178794892357
4.659999999999891,0.02260281530232875
4.660999999999891,0.022605714121334566
4.661999999999892,0.022607164763042975
4.662999999999892,0.022607470173494952
4.663999999999892,0.02260694692632191
4.664999999999893,0.022605925415827816
4.665999999999893,0.022604750050496586
4.666999999999893,0.02260359815176858
4.667999999999894,0.02260228906703244
4.668999999999894,0.022600470526371125
4.669999999999894,0.022597804800177347
4.670999999999895,0.022593968500117724
4.671999999999895,0.022588652379642776
4.672999999999895,0.022581561134087318
4.673999999999896,0.02257241320040431
4.674999999999896,0.022560940556573907
4.675999999999896,0.022546888520727414
4.676999999999897,0.022530015550023992
4.677999999999897,0.02251009303931563
4.678999999999897,0.02248690511963356
4.679999999999898,0.022460248456528102
4.680999999999898,0.022429932048289747
4.681999999999898,0.02239577702408018
4.682999999999899,0.022357616441995763
4.683999999999899,0.022315295087087662
4.684999999999899,0.02226866926935877
4.6859999999999,0.02221760662175623
4.6869999999999,0.022161985898175918
4.6879999999999,0.02210169677149495
4.688999999999901,0.022036639631644796
4.689999999999901,0.02196672538373772
4.690999999999901,0.021891875246256888
4.691999999999902,0.02181202054931885
4.692999999999902,0.02172710253301801
4.693999999999902,0.021637072145857916
4.694999999999903,0.021541889843277102
4.695999999999903,0.02144152538627385
4.696999999999903,0.021335957640133636
4.697999999999904,0.02122517437326389
4.698999999999904,0.021109172056137333
4.699999999999904,0.020987955660348154
4.700999999999905,0.020861538457780257
4.701999999999905,0.02072994181989176
4.702999999999905,0.02059319501711386
4.703999999999906,0.020451335018366892
4.704999999999906,0.020304406290692703
4.705999999999906,0.0201524605990039
4.706999999999907,0.019995556805950027
4.707999999999907,0.019833760671900312
4.708999999999907,0.01966714465504294
4.709999999999908,0.019495787711600494
4.710999999999908,0.019319775096161222
4.711999999999908,0.019139198162126038
4.712999999999909,0.018954154162270503
4.713999999999909,0.018764746049422215
4.714999999999909,0.01857108227725289
4.71599999999991,0.01837327660118529
4.71699999999991,0.018171447879414715
4.71799999999991,0.0179657198740455
4.718999999999911,0.01775622105234243
4.719999999999911,0.01754308438809713
4.720999999999911,0.017326447163110402
4.721999999999912,0.017106450768789964
4.722999999999912,0.01688324050786509
4.723999999999912,0.01665696539621815
4.724999999999913,0.01642777796483378
4.725999999999913,0.016195834061866435
4.726999999999913,0.01596129265482709
4.727999999999914,0.015724315632889792
4.728999999999914,0.01548506760931885
4.729999999999914,0.01524371572401731
4.730999999999915,0.015000429446197408
4.731999999999915,0.014755380377173638
4.732999999999915,0.01450874205327888
4.733999999999916,0.014260689748904085
4.734999999999916,0.014011400279661516
4.735999999999916,0.013761051805671318
4.736999999999917,0.013509823634971815
4.737999999999917,0.01325789602705233
4.738999999999917,0.013005449996507934
4.739999999999918,0.012752667116814671
4.740999999999918,0.01249972932422378
4.741999999999918,0.012246818721772718
4.742999999999919,0.011994117383410205
4.743999999999919,0.011741807158231914
4.744999999999919,0.011490069474823707
4.74599999999992,0.011239085145706755
4.74699999999992,0.010989034171879998
4.74799999999992,0.010740095547454538
4.748999999999921,0.010492447064371545
4.749999999999921,0.010246265117197853
4.750999999999921,0.010001724507989543
4.751999999999922,0.009758998251214596
4.752999999999922,0.009518257378724297
4.753999999999922,0.009279670744761812
4.754999999999923,0.009043404830996513
4.755999999999923,0.008809623551569362
4.756999999999923,0.008578488058137275
4.757999999999924,0.008350156544899748
4.758999999999924,0.008124784053592765
4.759999999999924,0.007902522278433313
4.760999999999925,0.007683519370996907
4.761999999999925,0.007467919745010272
4.762999999999925,0.007255863881040679
4.763999999999926,0.007047488131063394
4.764999999999926,0.006842924522887692
4.765999999999926,0.006642300564422381
4.766999999999927,0.006445739047762619
4.767999999999927,0.006253357853078505
4.768999999999927,0.006065269752287779
4.769999999999928,0.005881582212495795
4.770999999999928,0.005702397199186221
4.771999999999928,0.005527810979147771
4.772999999999929,0.005357913923124374
4.773999999999929,0.005192790308176973
4.774999999999929,0.0050325181197481625
4.77599999999993,0.004877168853422868
4.77699999999993,0.004726807316381851
4.77799999999993,0.004581491428546129
4.778999999999931,0.004441272023414836
4.779999999999931,0.004306192648602172
4.780999999999931,0.0041762893660823724
4.781999999999932,0.004051590552154705
4.782999999999932,0.003932116697145174
4.783999999999932,0.0038178802048648153
4.784999999999933,0.003708885191847623
4.785999999999933,0.003605127286395629
4.786999999999933,0.003506593427461034
4.787999999999934,0.0034132616633998705
4.788999999999934,0.0033251009506332224
4.789999999999934,0.0032420709522556837
4.790999999999935,0.0031641218366330534
4.791999999999935,0.003091194076032741
4.792999999999935,0.0030232182453327552
4.793999999999936,0.0029601148208551475
4.794999999999936,0.0029017939793722636
4.795999999999936,0.0028481553973326926
4.796999999999937,0.0027990880503544827
4.797999999999937,0.0027544700130329065
4.798999999999937,0.0027141682591080747
4.799999999999938,0.0026780384620373812
4.800999999999938,0.002645924796014651
4.801999999999938,0.002617659737477903
4.802999999999939,0.00259306386714276
4.803999999999939,0.0025719456725987293
4.804999999999939,0.00255410135150037
4.80599999999994,0.0025393146153860416
4.80699999999994,0.002527356494150843
4.80799999999994,0.0025179851412013357
4.808999999999941,0.0025109456393148967
4.809999999999941,0.0025059698072273304
4.810999999999941,0.0025027760069685455
4.811999999999942,0.00250106895196741
4.812999999999942,0.0025005395159455775
4.813999999999942,0.002500864542621037
4.814999999999943,0.0025017066562438954
4.815999999999943,0.0025027140729881846
4.816999999999943,0.002503887646448339
4.817999999999944,0.002505027046635671
4.818999999999944,0.002506133226314211
4.819999999999944,0.0025072071110229972
4.820999999999945,0.002508249599954736
4.821999999999945,0.00250926156679945
4.822999999999945,0.002510243860553766
4.823999999999946,0.0025111973062988055
4.824999999999946,0.002512122705947001
4.825999999999946,0.002513020838959743
4.826999999999947,0.002513892463037872
4.827999999999947,0.0025147383147844614
4.828999999999947,0.002515559110343464
4.829999999999948,0.002516355546013628
4.830999999999948,0.002517128298839391
4.831999999999948,0.0025178780271799296
4.832999999999949,0.0025186053712576116
4.833999999999949,0.002519310953685485
4.834999999999949,0.0025199953799770573
4.83599999999995,0.00252065923903683
4.83699999999995,0.0025213031036339616
4.83799999999995,0.00252192753085953
4.838999999999951,0.002522533062567906
4.839999999999951,0.002523120225802908
4.840999999999951,0.0025236895332103083
4.841999999999952,0.0025242414834359857
4.842999999999952,0.0025247765615116907
4.843999999999952,0.002525295239227756
4.844999999999953,0.0025257979754949866
4.845999999999953,0.0025262852166943947
4.846999999999953,0.002526757397016806
4.847999999999954,0.002527214938791645
4.848999999999954,0.0025276582528068053
4.849999999999954,0.00252808773861846
4.850999999999955,0.0025285037848523165
4.851999999999955,0.0025289067694963044
4.852999999999955,0.0025292970601852316
4.853999999999956,0.0025296750144775393
4.854999999999956,0.002530040980124614
4.855999999999956,0.0025303952953333597
4.856999999999957,0.0025307382890210964
4.857999999999957,0.0025310702810648483
4.858999999999957,0.0025313915825436045
4.859999999999958,0.0025317024959750113
4.860999999999958,0.0025320033155457923
4.861999999999958,0.002532294327336891
4.862999999999959,0.0025325758095428794
4.863999999999959,0.0025328480326862364
4.864999999999959,0.002533111259826533
4.86599999999996,0.0025333657467649408
4.86699999999996,0.0025336117422430915
4.86799999999996,0.0025338494881383365
4.868999999999961,0.0025340792196538627
4.869999999999961,0.0025343011655043386
4.870999999999961,0.0025345155480976447
4.871999999999962,0.0025347225837121234
4.872999999999962,0.0025349224826697048
4.873999999999962,0.0025351154495049343
4.874999999999963,0.002535301683130594
4.875999999999963,0.0025354813769985357
4.876999999999963,0.002535654719257676
4.877999999999964,0.0025358218929072626
4.878999999999964,0.0025359830759475108
4.879999999999964,0.002536138441525667
4.880999999999965,0.0025362881580793355
4.881999999999965,0.002536432389475516
4.882999999999965,0.002536571295146759
4.883999999999966,0.002536705030223678
4.884999999999966,0.002536833745663953
4.885999999999966,0.002536957588378297
4.886999999999967,0.002537076701352857
4.887999999999967,0.002537191223768411
4.888999999999967,0.002537301291116619
4.889999999999968,0.002537407035312425
4.890999999999968,0.002537508584804192
4.891999999999968,0.002537606064679919
4.892999999999969,0.0025376995967709218
4.893999999999969,0.002537789299751861
4.894999999999969,0.002537875289238784
4.89599999999997,0.002537957677882799
4.89699999999997,0.0025380365754620222
4.89799999999997,0.0025381120889698787
4.898999999999971,0.002538184322700799
4.899999999999971,0.002538253378333081
4.900999999999971,0.0025383193550087453
4.901999999999972,0.0025383823494107838
4.902999999999972,0.0025384424558374946
4.903999999999972,0.002538499766274717
4.904999999999973,0.002538554370464196
4.905999999999973,0.0025386063559706754
4.906999999999973,0.002538655808245551
4.907999999999974,0.0025387028106882703
4.908999999999974,0.0025387474447051903
4.909999999999974,0.002538789789765978
4.910999999999975,0.002538829923457858
4.911999999999975,0.002538867921537142
4.912999999999975,0.0025389038579786034
4.913999999999976,0.002538937805022873
4.914999999999976,0.002538969833221081
4.915999999999976,0.002539000011478061
4.916999999999977,0.0025390284070929935
4.917999999999977,0.002539055085798183
4.918999999999977,0.00253908011179578
4.919999999999978,0.002539103547792968
4.920999999999978,0.00253912545503486
4.921999999999978,0.0025391458933359708
4.922999999999979,0.0025391649211099487
4.923999999999979,0.0025391825953975274
4.924999999999979,0.00253919897189301
4.92599999999998,0.002539214104969493
4.92699999999998,0.0025392280477023986
4.92799999999998,0.002539240851891878
4.928999999999981,0.0025392525680837177
4.929999999999981,0.0025392632455897464
4.930999999999981,0.002539272932506026
4.931999999999982,0.0025392816757314335
4.932999999999982,0.002539289520984103
4.933999999999982,0.002539296512817972
4.934999999999983,0.002539302694638
4.935999999999983,0.00253930810871502
4.936999999999983,0.002539312796200191
4.937999999999984,0.0025393167971386223
4.938999999999984,0.002539320150483186
4.939999999999984,0.0025393228941074583
4.940999999999985,0.002539325064819284
4.941999999999985,0.002539326698373579
4.942999999999985,0.002539327829485828
4.943999999999986,0.0025393284918455022
4.944999999999986,0.002539328718129799
4.945999999999986,0.002539328540017736
4.946999999999987,0.0025393279882052963
4.947999999999987,0.002539327092420711
4.948999999999987,0.002539325881440818
4.949999999999988,0.002539324383108294
4.950999999999988,0.0025393226243503424
4.951999999999988,0.002539320631197932
4.952999999999989,0.0025393184288071136
4.953999999999989,0.0025393160414814778
4.954999999999989,0.0025393134926964094
4.95599999999999,0.002539310805125136
4.95699999999999,0.0025393080006671023
4.95799999999999,0.002539305100478003
4.958999999999991,0.0025393021250023247
4.959999999999991,0.002539299094008903
4.960999999999991,0.0025392960266282967
4.961999999999992,0.0025392929413938017
4.962999999999992,0.0025392898562851818
4.963999999999992,0.002539286788775238
4.964999999999993,0.0025392837558808543
4.965999999999993,0.0025392807742163834
4.966999999999993,0.002539277860051734
4.967999999999994,0.002539275028700518
4.968999999999994,0.0025392722937867054
4.969999999999994,0.0025392696679033717
4.970999999999995,0.0025392671633544424
4.971999999999995,0.0025392647922012693
4.972999999999995,0.0025392625663026615
4.973999999999996,0.002539260497348376
4.974999999999996,0.0025392585968878126
4.975999999999996,0.0025392568763530805
4.976999999999997,0.002539255347077874
4.977999999999997,0.00253925402031175
4.978999999999997,0.002539252907231563
4.979999999999998,0.0025392520189487754
4.980999999999998,0.0025392513665144154
4.981999999999998,0.00253925096092103
4.982999999999999,0.00253925081310296
4.983999999999999,0.002539250933934277
4.984999999999999,0.002539251334225074
4.986,0.002539252024716939
4.987,0.0025392530160763607
4.988,0.0025392543188881463
4.989000000000001,0.002539255943647723
4.990000000000001,0.00253925790075276
4.991000000000001,0.002539260200494855
4.992000000000002,0.0025392628530508006
4.993000000000002,0.0025392658684738334
4.994000000000002,0.002539269256685045
4.995000000000003,0.0025392730274647543
4.996000000000003,0.0025392771904447116
4.997000000000003,0.002539281755099959
4.998000000000004,0.0025392867307419097
4.999000000000004,0.0025392921265114145
5.000000000000004,0.002539297951372626
5.001000000000005,0.002539304214107481
5.002000000000005,0.0025393109233112846
5.003000000000005,0.002539318087388071
5.004000000000006,0.0025393257145478326
5.005000000000006,0.002539333812803673
5.0060000000000064,0.002539342389970181
5.007000000000007,0.002539351453662759
5.008000000000007,0.0025393610112972136
5.0090000000000074,0.0025393710700907374
5.010000000000008,0.0025393816370634023
5.011000000000008,0.002539392719040433
5.0120000000000084,0.0025394043226556334
5.013000000000009,0.002539416454355216
5.014000000000009,0.0025394291204025796
5.0150000000000095,0.002539442326883891
5.01600000000001,0.002539456079714241
5.01700000000001,0.0025394703846447868
5.0180000000000105,0.0025394852472704343
5.019000000000011,0.0025395006730380594
5.020000000000011,0.002539516667255593
5.0210000000000115,0.0025395332351017333
5.022000000000012,0.0025395503816359917
5.023000000000012,0.0025395681118094322
5.0240000000000125,0.0025395864304763247
5.025000000000013,0.002539605342405226
5.026000000000013,0.002539624852291908
5.0270000000000135,0.0025396449647713884
5.028000000000014,0.0025396656844311576
5.029000000000014,0.002539687015824573
5.0300000000000145,0.002539708963484287
5.031000000000015,0.0025397315319362276
5.032000000000015,0.002539754725713446
5.0330000000000155,0.0025397785493705693
5.034000000000016,0.002539803007498082
5.035000000000016,0.002539828104736727
5.0360000000000165,0.002539853845791775
5.037000000000017,0.0025398802354476696
5.038000000000017,0.0025399072785824116
5.0390000000000175,0.002539934980181499
5.040000000000018,0.002539963345352444
5.041000000000018,0.0025399923793382496
5.0420000000000185,0.002540022087531464
5.043000000000019,0.0025400524754871645
5.044000000000019,0.002540083548936048
5.0450000000000195,0.0025401153137972372
5.04600000000002,0.0025401477761901187
5.04700000000002,0.0025401809424463948
5.0480000000000205,0.0025402148191208188
5.049000000000021,0.0025402494130019465
5.050000000000021,0.0025402847311224303
5.0510000000000215,0.0025403207807676124
5.052000000000022,0.002540357569484779
5.053000000000022,0.0025403951050907217
5.0540000000000225,0.00254043339567887
5.055000000000023,0.0025404724496255505
5.056000000000023,0.0025405122755954163
5.0570000000000235,0.002540552882546409
5.058000000000024,0.0025405942797326955
5.059000000000024,0.0025406364767081614
5.0600000000000245,0.002540679483328069
5.061000000000025,0.002540723309749634
5.062000000000025,0.0025407679664324265
5.0630000000000255,0.0025408134641370823
5.064000000000026,0.002540859813923383
5.065000000000026,0.002540907027147498
5.0660000000000265,0.0025409551154578734
5.067000000000027,0.002541004090790458
5.068000000000027,0.002541053965363284
5.0690000000000275,0.0025411047516695658
5.070000000000028,0.002541156462470273
5.071000000000028,0.0025412091107863757
5.0720000000000285,0.0025412627098890736
5.073000000000029,0.002541317273290964
5.074000000000029,0.0025413728147352273
5.0750000000000295,0.002541429348185152
5.07600000000003,0.002541486887812642
5.07700000000003,0.002541545447986588
5.0780000000000305,0.002541605043261126
5.079000000000031,0.002541665688363535
5.080000000000031,0.0025417273981818943
5.0810000000000315,0.0025417901877534017
5.082000000000032,0.0025418540722523288
5.083000000000032,0.002541919066978777
5.0840000000000325,0.0025419851873476652
5.085000000000033,0.0025420524488786247
5.086000000000033,0.0025421208671864842
5.0870000000000335,0.002542190457972965
5.088000000000034,0.002542261237019776
5.089000000000034,0.002542333220182425
5.0900000000000345,0.002542406423386656
5.091000000000035,0.0025424808626256026
5.092000000000035,0.0025425565539598655
5.0930000000000355,0.0025426335135190527
5.094000000000036,0.0025427117575064426
5.095000000000036,0.002542791302205652
5.0960000000000365,0.002542872163990753
5.097000000000037,0.002542954359339048
5.098000000000037,0.002543037904847556
5.0990000000000375,0.0025431228172527708
5.100000000000038,0.002543209113454209
5.101000000000038,0.002543296810542387
5.1020000000000385,0.0025433859258305776
5.103000000000039,0.002543476476891269
5.104000000000039,0.002543568481597515
5.1050000000000395,0.0025436619581689496
5.10600000000004,0.0025437569252233644
5.10700000000004,0.002543853401833659
5.1080000000000405,0.0025439514075899852
5.109000000000041,0.002544050962668843
5.110000000000041,0.002544152087907675
5.1110000000000415,0.0025442548048859176
5.112000000000042,0.002544359136013339
5.113000000000042,0.002544465104624593
5.1140000000000425,0.002544572735082056
5.115000000000043,0.0025446820528850812
5.116000000000043,0.0025447930847882876
5.1170000000000435,0.002544905858927155
5.118000000000044,0.0025451653791225062
5.119000000000044,0.0025455918810763124
5.1200000000000445,0.0025465303497030217
5.121000000000045,0.002548311630403706
5.122000000000045,0.002551252631523386
5.1230000000000455,0.0025556565256251024
5.124000000000046,0.0025618129496488597
5.125000000000046,0.0025699982040165506
5.1260000000000465,0.00258047545074392
5.127000000000047,0.0025934949106139783
5.128000000000047,0.0026092940594690597
5.1290000000000475,0.0026280978236736426
5.130000000000048,0.0026501187748008102
5.131000000000048,0.0026755573235962733
5.1320000000000485,0.0027046019132698357
5.133000000000049,0.002737429212170052
5.134000000000049,0.002774204305891058
5.1350000000000495,0.002815080888868223
5.13600000000005,0.0028602014555121694
5.13700000000005,0.002909697490936853
5.1380000000000505,0.002963689661333771
5.139000000000051,0.003022288004044367
5.140000000000051,0.003085592117383941
5.1410000000000515,0.00315369135026744
5.142000000000052,0.003226664991687715
5.143000000000052,0.003304582460094893
5.1440000000000525,0.0033875034927227238
5.145000000000053,0.0034754783349086465
5.146000000000053,0.0035685479294473438
5.1470000000000535,0.0036667441060193803
5.148000000000054,0.0037700897707304074
5.149000000000054,0.0038785990957940983
5.1500000000000545,0.003992277709389286
5.151000000000055,0.004111122885717779
5.152000000000055,0.004235123735284056
5.1530000000000555,0.00436426139541702
5.154000000000056,0.004498509221048663
5.155000000000056,0.004637832975759766
5.1560000000000565,0.004782191023101533
5.157000000000057,0.004931534518196293
5.158000000000057,0.0050858075996175825
5.1590000000000575,0.005244947581547359
5.160000000000058,0.005408885146204495
5.161000000000058,0.005577544536534376
5.1620000000000585,0.0057508437491513575
5.163000000000059,0.005928694727516906
5.164000000000059,0.006111003555340611
5.1650000000000595,0.006297670650185841
5.16600000000006,0.0064885909572615155
5.16700000000006,0.006683654143379597
5.1680000000000605,0.006882744791059221
5.169000000000061,0.007085742592754553
5.170000000000061,0.007292522545186461
5.1710000000000615,0.0075029551437553535
5.172000000000062,0.0077169065770148065
5.173000000000062,0.00793423892118409
5.1740000000000625,0.008154810334680192
5.175000000000063,0.008378475252648815
5.176000000000063,0.00860508458147631
5.1770000000000636,0.008834485893263716
5.178000000000064,0.0090665236202475
5.179000000000064,0.009301039249150128
5.1800000000000646,0.009537871515446758
5.181000000000065,0.009776856597534432
5.182000000000065,0.010017828310792745
5.1830000000000656,0.010260618301523639
5.184000000000066,0.010505056240763075
5.185000000000066,0.010750970017954553
5.186000000000067,0.01099818593447846
5.187000000000067,0.011246528897031483
5.188000000000067,0.011495822610850685
5.189000000000068,0.011745889772779322
5.190000000000068,0.011996552264171609
5.191000000000068,0.012247631343634102
5.192000000000069,0.012498947839603806
5.193000000000069,0.01275032234276241
5.194000000000069,0.013001575398287057
5.19500000000007,0.013252527697939845
5.19600000000007,0.013503000271997023
5.19700000000007,0.013752814681021554
5.198000000000071,0.014001793207480559
5.199000000000071,0.01424975904721227
5.200000000000071,0.01449653650074574
5.201000000000072,0.014741951164476949
5.202000000000072,0.014985830121706477
5.203000000000072,0.015228002133542355
5.204000000000073,0.015468297829673357
5.205000000000073,0.015706549899016917
5.206000000000073,0.015942593280247316
5.207000000000074,0.016176265352207696
5.208000000000074,0.01640740612421266
5.209000000000074,0.01663585842624473
5.210000000000075,0.016861468099049634
5.211000000000075,0.017084084184136643
5.212000000000075,0.017303559113686785
5.213000000000076,0.017519748900374922
5.214000000000076,0.017732513327109317
5.215000000000076,0.017941716136693757
5.216000000000077,0.01814722522141575
5.217000000000077,0.018348912812565996
5.218000000000077,0.018546655669891582
5.219000000000078,0.018740335270988374
5.220000000000078,0.018929838000635274
5.221000000000078,0.019115055340074474
5.222000000000079,0.01929588405624042
5.223000000000079,0.019472226390942024
5.224000000000079,0.019643990250000402
5.22500000000008,0.01981108939234575
5.22600000000008,0.019973443619075916
5.22700000000008,0.020130978962480395
5.228000000000081,0.020283627875032115
5.229000000000081,0.020431329418349985
5.230000000000081,0.020574029452135496
5.231000000000082,0.020711680823085422
5.232000000000082,0.020844243553784704
5.233000000000082,0.020971685031581463
5.234000000000083,0.02109398019744735
5.235000000000083,0.02121111173482767
5.236000000000083,0.02132307025848216
5.237000000000084,0.02142985450332261
5.238000000000084,0.021531471513249377
5.239000000000084,0.021627936829991104
5.240000000000085,0.021719274681952276
5.241000000000085,0.021805518173073142
5.242000000000085,0.021886709471706664
5.243000000000086,0.021962899999518767
5.244000000000086,0.022034150620417123
5.245000000000086,0.02210053182951499
5.246000000000087,0.022162123942138102
5.247000000000087,0.02221901728288119
5.248000000000087,0.02227131237472338
5.249000000000088,0.022319120128211585
5.250000000000088,0.022362562030721428
5.251000000000088,0.022401770335807487
5.252000000000089,0.02243688825265354
5.253000000000089,0.022468070135637
5.254000000000089,0.022495481674019706
5.25500000000009,0.022519300081781587
5.25600000000009,0.022539714287611742
5.25700000000009,0.022556925125074567
5.258000000000091,0.02257114552296948
5.259000000000091,0.02258260069590262
5.260000000000091,0.022591528335091274
5.261000000000092,0.022598178799422927
5.262000000000092,0.022602815306790328
5.263000000000092,0.022605714125726914
5.264000000000093,0.022607164767365927
5.265000000000093,0.022607470177748702
5.266000000000093,0.022606946930507008
5.267000000000094,0.022605925419944918
5.268000000000094,0.022604750054546673
5.269000000000094,0.02260359815575281
5.270000000000095,0.022602289070951805
5.271000000000095,0.0226004705302262
5.272000000000095,0.02259780480396844
5.273000000000096,0.02259396850384489
5.274000000000096,0.02258865238330584
5.275000000000096,0.02258156113768582
5.276000000000097,0.022572413203937602
5.277000000000097,0.02256094056004114
5.278000000000097,0.022546888524127527
5.279000000000098,0.02253001555335596
5.280000000000098,0.022510093042578047
5.281000000000098,0.022486905122825078
5.282000000000099,0.022460248459647156
5.283000000000099,0.022429932051334894
5.284000000000099,0.02239577702704979
5.2850000000001,0.022357616444888227
5.2860000000001,0.022315295089901245
5.2870000000001,0.02226866927209189
5.288000000000101,0.022217606624407256
5.289000000000101,0.02216198590074324
5.290000000000101,0.022101696773977032
5.291000000000102,0.02203663963404002
5.292000000000102,0.021966725386044744
5.293000000000102,0.021891875248474302
5.294000000000103,0.021812020551445446
5.295000000000103,0.021727102535052598
5.296000000000103,0.021637072147799412
5.297000000000104,0.021541889845124527
5.298000000000104,0.021441525388026385
5.299000000000104,0.02133595764179052
5.300000000000105,0.02122517437482447
5.301000000000105,0.021109172057601225
5.302000000000105,0.02098795566171483
5.303000000000106,0.020861538459049596
5.304000000000106,0.020729941821063635
5.305000000000106,0.02059319501818823
5.306000000000107,0.02045133501934389
5.307000000000107,0.02030440629157257
5.308000000000107,0.020152460599786988
5.309000000000108,0.019995556806636755
5.310000000000108,0.01983376067249127
5.311000000000108,0.019667144655538815
5.312000000000109,0.019495787712002062
5.313000000000109,0.019319775096469344
5.314000000000109,0.0191391981623416
5.31500000000011,0.01895415416239453
5.31600000000011,0.018764746049455848
5.31700000000011,0.01857108227719729
5.318000000000111,0.018373276601041634
5.319000000000111,0.01817144787918426
5.320000000000111,0.017965719873729684
5.321000000000112,0.017756221051942564
5.322000000000112,0.017543084387614656
5.323000000000112,0.01732644716254668
5.324000000000113,0.017106450768146556
5.325000000000113,0.016883240507143474
5.326000000000113,0.01665696539541993
5.327000000000114,0.01642777796396048
5.328000000000114,0.01619583406091958
5.329000000000114,0.01596129265380837
5.330000000000115,0.01572431563180085
5.331000000000115,0.015485067608161304
5.332000000000115,0.015243715722792886
5.333000000000116,0.015000429444907738
5.334000000000116,0.014755380375820401
5.335000000000116,0.014508742051863859
5.336000000000117,0.01426068974742905
5.337000000000117,0.014011400278128139
5.338000000000117,0.013761051804081458
5.339000000000118,0.013509823633327284
5.340000000000118,0.013257896025355022
5.341000000000118,0.01300544999475977
5.342000000000119,0.012752667115017609
5.343000000000119,0.012499729322379777
5.344000000000119,0.01224681871988386
5.34500000000012,0.011994117381478618
5.34600000000012,0.01174180715625981
5.34700000000012,0.011490069472813294
5.348000000000121,0.011239085143660246
5.349000000000121,0.010989034169799933
5.350000000000121,0.010740095545343269
5.351000000000122,0.01049244706223166
5.352000000000122,0.01024626511503194
5.353000000000122,0.010001724505800329
5.354000000000123,0.009758998249004842
5.355000000000123,0.00951825737649678
5.356000000000123,0.009279670742519584
5.357000000000124,0.009043404828742531
5.358000000000124,0.008809623549306665
5.359000000000124,0.008578488055869068
5.360000000000125,0.008350156542629238
5.361000000000125,0.008124784051323185
5.362000000000125,0.007902522276168084
5.363000000000126,0.007683519368739275
5.364000000000126,0.007467919742763646
5.365000000000126,0.007255863878808444
5.366000000000127,0.007047488128848908
5.367000000000127,0.0068429245206942865
5.368000000000127,0.00664230056225347
5.369000000000128,0.0064457390456213945
5.370000000000128,0.006253357850968214
5.371000000000128,0.006065269750211599
5.372000000000129,0.0058815822104567456
5.373000000000129,0.005702397197187056
5.374000000000129,0.00552781097719128
5.37500000000013,0.005357913921213209
5.37600000000013,0.005192790306313463
5.37700000000013,0.005032518117934412
5.378000000000131,0.004877168851660785
5.379000000000131,0.00472680731467319
5.380000000000131,0.0045814914268922785
5.381000000000132,0.004441272021816864
5.382000000000132,0.004306192647060954
5.383000000000132,0.004176289364598386
5.384000000000133,0.004051590550728047
5.385000000000133,0.003932116695775763
5.386000000000133,0.003817880203552032
5.387000000000134,0.0037088851905906772
5.388000000000134,0.0036051272851932784
5.389000000000134,0.0035065934263117313
5.390000000000135,0.0034132616623016795
5.391000000000135,0.0033251009495838535
5.392000000000135,0.0032420709512525625
5.393000000000136,0.0031641218356732864
5.394000000000136,0.0030911940751132128
5.395000000000136,0.003023218244449892
5.396000000000137,0.0029601148200052788
5.397000000000137,0.002901793978551427
5.398000000000137,0.0028481553965367286
5.399000000000138,0.0027990880495790543
5.400000000000138,0.002754470012273646
5.401000000000138,0.002714168258360513
5.402000000000139,0.002678038461296925
5.403000000000139,0.0026459247952766753
5.404000000000139,0.002617659736737825
5.40500000000014,0.0025930638663962044
5.40600000000014,0.0025719456718412
5.40700000000014,0.002554101350727759
5.408000000000141,0.0025393146145943207
5.409000000000141,0.002527356493336245
5.410000000000141,0.002517985140360359
5.411000000000142,0.002510945638444395
5.412000000000142,0.0025059698063245803
5.413000000000142,0.0025027760060310975
5.414000000000143,0.0025010689509934007
5.415000000000143,0.0025005395149335363
5.416000000000143,0.0025008645415700824
5.417000000000144,0.0025017066551536182
5.418000000000144,0.0025027140718586957
5.419000000000144,0.0025038876452854082
5.420000000000145,0.002505027045441737
5.421000000000145,0.002506133225091564
5.422000000000145,0.0025072071097737916
5.423000000000146,0.002508249598681102
5.424000000000146,0.002509261565503209
5.425000000000146,0.002510243859236875
5.426000000000147,0.0025111973049630025
5.427000000000147,0.0025121227045938506
5.428000000000147,0.002513020837590904
5.429000000000148,0.0025138924616547147
5.430000000000148,0.002514738313388408
5.431000000000148,0.0025155591089358643
5.432000000000149,0.002516355544595672
5.433000000000149,0.0025171282974122584
5.434000000000149,0.0025178780257447096
5.43500000000015,0.0025186053698152376
5.43600000000015,0.002519310952237029
5.43700000000015,0.0025199953785233695
5.438000000000151,0.002520659237578663
5.439000000000151,0.0025213031021722315
5.440000000000151,0.0025219275293948996
5.441000000000152,0.002522533061100965
5.442000000000152,0.0025231202243344575
5.443000000000152,0.002523689531740897
5.444000000000153,0.00252424148196613
5.445000000000153,0.0025247765600418352
5.446000000000153,0.0025252952377584
5.447000000000154,0.002525797974026609
5.448000000000154,0.0025262852152274293
5.449000000000154,0.0025267573955515647
5.450000000000155,0.0025272149373284716
5.451000000000155,0.002527658251346168
5.452000000000155,0.002528087737160546
5.453000000000156,0.002528503783397449
5.454000000000156,0.002528906768044681
5.455000000000156,0.0025292970587371157
5.456000000000157,0.002529675013033174
5.457000000000157,0.00253004097868428
5.458000000000157,0.002530395293897137
5.459000000000158,0.0025307382875892105
5.460000000000158,0.002531070279637466
5.461000000000158,0.0025313915811208745
5.462000000000159,0.002531702494557187
5.463000000000159,0.0025320033141329537
5.464000000000159,0.0025322943259292116
5.46500000000016,0.0025325758081404214
5.46600000000016,0.002532848031289177
5.46700000000016,0.0025331112584349967
5.468000000000161,0.002533365745379018
5.469000000000161,0.002533611740862942
5.470000000000161,0.0025338494867641233
5.471000000000162,0.002534079218285648
5.472000000000162,0.0025343011641422615
5.473000000000162,0.002534515546741851
5.474000000000163,0.0025347225823626647
5.475000000000163,0.0025349224813267374
5.476000000000163,0.0025351154481686074
5.477000000000164,0.0025353016818009944
5.478000000000164,0.0025354813756757917
5.479000000000164,0.002535654717941937
5.480000000000165,0.0025358218915986254
5.481000000000165,0.002535983074646121
5.482000000000165,0.00253613844023165
5.483000000000166,0.002536288156792906
5.484000000000166,0.002536432388196709
5.485000000000166,0.0025365712938758243
5.486000000000167,0.0025367050289606605
5.487000000000167,0.0025368337444090713
5.488000000000167,0.0025369575871316483
5.489000000000168,0.0025370767001146183
5.490000000000168,0.0025371912225387455
5.491000000000168,0.0025373012898955924
5.492000000000169,0.0025374070341002315
5.493000000000169,0.0025375085836010225
5.494000000000169,0.0025376060634859574
5.49500000000017,0.002537699595586234
5.49600000000017,0.0025377892985766794
5.49700000000017,0.002537875288073175
5.498000000000171,0.0025379576767269943
5.499000000000171,0.0025380365743161333
5.500000000000171,0.0025381120878340824
5.501000000000172,0.002538184321575241
5.502000000000172,0.002538253377217921
5.503000000000172,0.002538319353904122
5.504000000000173,0.0025383823483167804
5.505000000000173,0.002538442454754389
5.506000000000173,0.0025384997652024913
5.507000000000174,0.0025385543694030656
5.508000000000174,0.002538606354920772
5.509000000000174,0.002538655807207059
5.510000000000175,0.0025387028096612134
5.511000000000175,0.0025387474436897664
5.512000000000175,0.0025387897887622357
5.513000000000176,0.002538829922465999
5.514000000000176,0.0025388679205571793
5.515000000000176,0.002538903857010697
5.516000000000177,0.00253893780406704
5.517000000000177,0.0025389698322774747
5.518000000000177,0.002539000010546761
5.519000000000178,0.002539028406174086
5.520000000000178,0.0025390550848917483
5.521000000000178,0.0025390801109018216
5.522000000000179,0.0025391035469115968
5.523000000000179,0.0025391254541661107
5.524000000000179,0.00253914589247993
5.52500000000018,0.00253916492026662
5.52600000000018,0.002539182594566914
5.52700000000018,0.002539198971075237
5.528000000000181,0.0025392141041644736
5.529000000000181,0.0025392280469101955
5.530000000000181,0.002539240851112467
5.531000000000182,0.002539252567317206
5.532000000000182,0.002539263244835957
5.533000000000182,0.0025392729317651047
5.534000000000183,0.002539281675003297
5.535000000000183,0.0025392895202687622
5.536000000000183,0.0025392965121153153
5.537000000000184,0.0025393026939480347
5.538000000000184,0.0025393081080377043
5.539000000000184,0.0025393127955354484
5.540000000000185,0.002539316796486401
5.541000000000185,0.0025393201498434166
5.5420000000001854,0.002539322893480127
5.543000000000186,0.0025393250642042724
5.544000000000186,0.002539326697770756
5.5450000000001864,0.0025393278288952104
5.546000000000187,0.002539328491266944
5.547000000000187,0.0025393287175632037
5.5480000000001874,0.002539328539462992
5.549000000000188,0.0025393279876623175
5.550000000000188,0.0025393270918893825
5.5510000000001885,0.0025393258809209424
5.552000000000189,0.0025393243825998883
5.553000000000189,0.002539322623853254
5.5540000000001895,0.0025393206307119352
5.55500000000019,0.002539318428332195
5.55600000000019,0.002539316041017401
5.5570000000001905,0.0025393134922430532
5.558000000000191,0.002539310804682428
5.559000000000191,0.002539308000234882
5.5600000000001915,0.002539305100056049
5.561000000000192,0.0025393021245905256
5.562000000000192,0.002539299093607141
5.5630000000001925,0.0025392960262363637
5.564000000000193,0.0025392929410115624
5.565000000000193,0.0025392898559124
5.5660000000001935,0.0025392867884118826
5.567000000000194,0.0025392837555267
5.568000000000194,0.0025392807738713018
5.5690000000001945,0.0025392778597155066
5.570000000000195,0.002539275028373058
5.571000000000195,0.0025392722934678043
5.5720000000001955,0.0025392696675928736
5.573000000000196,0.0025392671630522466
5.574000000000196,0.0025392647919073204
5.5750000000001965,0.0025392625660168
5.576000000000197,0.0025392604970705043
5.577000000000197,0.002539258596617841
5.5780000000001975,0.002539256876090936
5.579000000000198,0.0025392553468234144
5.580000000000198,0.002539254020064975
5.5810000000001985,0.0025392529069923585
5.582000000000199,0.0025392520187171377
5.583000000000199,0.0025392513662901885
5.5840000000001995,0.002539250960704311
5.5850000000002,0.002539250812893634
5.5860000000002,0.0025392509337322684
5.5870000000002005,0.0025392513340304693
5.588000000000201,0.002539252024529551
5.589000000000201,0.002539253015896265
5.5900000000002015,0.0025392543187153123
5.591000000000202,0.002539255943482102
5.592000000000202,0.0025392579005943036
5.5930000000002025,0.002539260200343632
5.594000000000203,0.002539262852906801
5.595000000000203,0.002539265868336974
5.5960000000002035,0.0025392692565552877
5.597000000000204,0.0025392730273422065
5.598000000000204,0.0025392771903292415
5.5990000000002045,0.0025392817549916777
5.600000000000205,0.002539286730640765
5.601000000000205,0.002539292126417351
5.6020000000002055,0.0025392979512856816
5.603000000000206,0.0025393042140277045
5.604000000000206,0.002539310923238662
5.6050000000002065,0.0025393180873226028
5.606000000000207,0.0025393257144895424
5.607000000000207,0.0025393338127525436
5.6080000000002075,0.0025393423899262683
5.609000000000208,0.002539351453626118
5.610000000000208,0.0025393610112678412
5.6110000000002085,0.0025393710700686474
5.612000000000209,0.002539381637048546
5.613000000000209,0.002539392719032925
5.6140000000002095,0.0025394043226554634
5.61500000000021,0.0025394164543623837
5.61600000000021,0.0025394291204171443
5.6170000000002105,0.0025394423269058768
5.618000000000211,0.002539456079743655
5.619000000000211,0.0025394703846817364
5.6200000000002115,0.002539485247314923
5.621000000000212,0.002539500673090167
5.622000000000212,0.0025395166673153613
5.6230000000002125,0.0025395332351691446
5.624000000000213,0.0025395503817111052
5.625000000000213,0.002539568111892418
5.6260000000002135,0.0025395864305671027
5.627000000000214,0.00253960534250397
5.628000000000214,0.0025396248523985726
5.6290000000002145,0.002539644964886092
5.630000000000215,0.002539665684553976
5.631000000000215,0.002539687015955569
5.6320000000002155,0.002539708963623561
5.633000000000216,0.002539731532083738
5.634000000000216,0.002539754725869349
5.6350000000002165,0.0025397785495350315
5.636000000000217,0.0025398030076711313
5.637000000000217,0.002539828104918443
5.6380000000002175,0.0025398538459822893
5.639000000000218,0.002539880235647062
5.640000000000218,0.0025399072787907137
5.6410000000002185,0.0025399349803989293
5.642000000000219,0.002539963345579037
5.643000000000219,0.002539992379574165
5.6440000000002195,0.002540022087776754
5.64500000000022,0.002540052475741867
5.64600000000022,0.002540083549200458
5.6470000000002205,0.002540115314071379
5.648000000000221,0.0025401477764741276
5.649000000000221,0.0025401809427404477
5.6500000000002215,0.0025402148194248984
5.651000000000222,0.0025402494133164207
5.652000000000222,0.0025402847314472607
5.6530000000002225,0.0025403207811030316
5.654000000000223,0.00254035756983087
5.655000000000223,0.0025403951054476202
5.6560000000002235,0.0025404333960466624
5.657000000000224,0.0025404724500044454
5.658000000000224,0.0025405122759855625
5.6590000000002245,0.002540552882947935
5.660000000000225,0.0025405942801457228
5.661000000000225,0.0025406364771329466
5.6620000000002255,0.0025406794837646123
5.663000000000226,0.00254072331019815
5.664000000000226,0.002540767966893044
5.6650000000002265,0.0025408134646099437
5.666000000000227,0.002540859814408686
5.667000000000227,0.002540907027645336
5.6680000000002275,0.00254095511596834
5.669000000000228,0.0025410040913138796
5.670000000000228,0.002541053965899643
5.6710000000002285,0.002541104752219043
5.672000000000229,0.002541156463033059
5.673000000000229,0.002541209111362467
5.6740000000002295,0.0025412627104787373
5.67500000000023,0.002541317273894287
5.67600000000023,0.002541372815352407
5.6770000000002305,0.002541429348816314
5.678000000000231,0.002541486888457827
5.679000000000231,0.0025415454486459564
5.6800000000002315,0.0025416050439348685
5.681000000000232,0.002541665689051658
5.682000000000232,0.0025417273988845857
5.6830000000002325,0.0025417901884708
5.684000000000233,0.0025418540729844723
5.685000000000233,0.002541919067725818
5.6860000000002335,0.0025419851881097293
5.687000000000234,0.002542052449655812
5.688000000000234,0.0025421208679788365
5.6890000000002345,0.0025421904587806243
5.690000000000235,0.0025422612378427946
5.691000000000235,0.0025423332210209384
5.6920000000002355,0.0025424064242408166
5.693000000000236,0.0025424808634954485
5.694000000000236,0.0025425565548455077
5.6950000000002365,0.0025426335144205572
5.696000000000237,0.002542711758423938
5.697000000000237,0.0025427913031391275
5.6980000000002375,0.0025428721649403824
5.699000000000238,0.002542954360305001
5.700000000000238,0.002543037905829885
5.7010000000002385,0.002543122818251607
5.702000000000239,0.002543209114469598
5.703000000000239,0.0025432968115745407
5.7040000000002395,0.002543385926879485
5.70500000000024,0.0025434764779571108
5.70600000000024,0.0025435684826804264
5.7070000000002405,0.0025436619592690626
5.708000000000241,0.0025437569263408906
5.709000000000241,0.002543853402968685
5.7100000000002415,0.0025439514087427506
5.711000000000242,0.0025440509638395073
5.712000000000242,0.0025441520890964603
5.7130000000002426,0.002544254806093077
5.714000000000243,0.0025443591372390807
5.715000000000243,0.002544465105869167
5.7160000000002436,0.002544572736345674
5.717000000000244,0.0025446820541681105
5.718000000000244,0.0025447930860910337
5.7190000000002446,0.00254490586025001
5.720000000000245,0.0025451653804989156
5.721000000000245,0.002545591882504257
5.722000000000246,0.002546530351180524
5.723000000000246,0.002548311631928802
5.724000000000246,0.002551252633093991
5.725000000000247,0.0025556565272392903
5.726000000000247,0.002561812951304747
5.727000000000247,0.0025699982057122463
5.728000000000248,0.0025804754524773807
5.729000000000248,0.0025934949123833095
5.730000000000248,0.0026092940612723325
5.731000000000249,0.0026280978255089384
5.732000000000249,0.0026501187766663145
5.733000000000249,0.002675557325489887
5.73400000000025,0.0027046019151897686
5.73500000000025,0.0027374292141142224
5.73600000000025,0.002774204307857752
5.737000000000251,0.0028150808908555223
5.738000000000251,0.0028602014575181585
5.739000000000251,0.002909697492959794
5.740000000000252,0.0029636896633717796
5.741000000000252,0.003022288006095733
5.742000000000252,0.0030855921194469296
5.743000000000253,0.003153691352340421
5.744000000000253,0.0032266649937691197
5.745000000000253,0.0033045824621830214
5.746000000000254,0.003387503494816188
5.747000000000254,0.0034754783370059897
5.748000000000254,0.0035685479315473653
5.749000000000255,0.003666744108120845
5.750000000000255,0.0037700897728321567
5.751000000000255,0.0038785990978950566
5.752000000000256,0.003992277711488697
5.753000000000256,0.004111122887814844
5.754000000000256,0.004235123737378055
5.755000000000257,0.004364261397507514
5.756000000000257,0.004498509223135286
5.757000000000257,0.0046378329778421976
5.758000000000258,0.004782191025179752
5.759000000000258,0.004931534520270391
5.760000000000258,0.005085807601687788
5.761000000000259,0.00524494758361406
5.762000000000259,0.005408885148268129
5.763000000000259,0.005577544538595762
5.76400000000026,0.005750843751211272
5.76500000000026,0.005928694729576321
5.76600000000026,0.0061110035574006225
5.767000000000261,0.006297670652247851
5.768000000000261,0.0064885909593268565
5.769000000000261,0.006683654145449899
5.770000000000262,0.0068827447931361155
5.771000000000262,0.007085742594839989
5.772000000000262,0.007292522547282326
5.773000000000263,0.007502955145863778
5.774000000000263,0.007716906579137858
5.775000000000263,0.007934238923324156
5.776000000000264,0.008154810336839548
5.777000000000264,0.008378475254829966
5.778000000000264,0.008605084583681692
5.779000000000265,0.008834485895495896
5.780000000000265,0.009066523622509114
5.781000000000265,0.00930103925144387
5.782000000000266,0.00953787151777525
5.783000000000266,0.009776856599900456
5.784000000000266,0.010017828313198932
5.785000000000267,0.010260618303972756
5.786000000000267,0.010505056243257718
5.787000000000267,0.010750970020497401
5.788000000000268,0.01099818593707217
5.789000000000268,0.011246528899678566
5.790000000000268,0.011495822613553669
5.791000000000269,0.011745889775540634
5.792000000000269,0.011996552266993636
5.793000000000269,0.012247631346519058
5.79400000000027,0.012498947842553912
5.79500000000027,0.012750322345779656
5.79600000000027,0.013001575401373422
5.797000000000271,0.013252527701097083
5.798000000000271,0.013503000275226829
5.799000000000271,0.013752814684325473
5.800000000000272,0.014001793210860008
5.801000000000272,0.014249759050668456
5.802000000000272,0.01449653650427972
5.803000000000273,0.014741951168089608
5.804000000000273,0.014985830125398558
5.805000000000273,0.01522800213731449
5.806000000000274,0.015468297833525865
5.807000000000274,0.015706549902950027
5.808000000000274,0.015942593284260898
5.809000000000275,0.016176265356301615
5.810000000000275,0.016407406128386655
5.811000000000275,0.016635858430498134
5.812000000000276,0.016861468103381676
5.813000000000276,0.017084084188546386
5.814000000000276,0.017303559118173065
5.815000000000277,0.01751974890493644
5.816000000000277,0.017732513331744547
5.817000000000277,0.017941716141400922
5.818000000000278,0.018147225226193053
5.819000000000278,0.01834891281741126
5.820000000000278,0.018546655674802584
5.821000000000279,0.018740335275962756
5.822000000000279,0.01892983800567047
5.823000000000279,0.019115055345167685
5.82400000000028,0.01929588406138872
5.82500000000028,0.019472226396142406
5.82600000000028,0.019643990255249745
5.827000000000281,0.01981108939764071
5.828000000000281,0.019973443624413154
5.829000000000281,0.020130978967856338
5.830000000000282,0.02028362788044312
5.831000000000282,0.02043132942379232
5.832000000000282,0.020574029457605343
5.833000000000283,0.020711680828578972
5.834000000000283,0.020844243559298037
5.835000000000283,0.020971685037110575
5.836000000000284,0.02109398020298827
5.837000000000284,0.021211111740376307
5.838000000000284,0.02132307026403451
5.839000000000285,0.021429854508874614
5.840000000000285,0.02153147151879701
5.841000000000285,0.021627936835530395
5.842000000000286,0.021719274687479195
5.843000000000286,0.021805518178583665
5.844000000000286,0.02188670947719698
5.845000000000287,0.02196290000498515
5.846000000000287,0.02203415062585578
5.847000000000287,0.022100531834922346
5.848000000000288,0.022162123947510562
5.849000000000288,0.022219017288215452
5.850000000000288,0.022271312380016138
5.851000000000289,0.022319120133459637
5.852000000000289,0.02236256203592183
5.853000000000289,0.022401770340957375
5.85400000000029,0.022436888257750295
5.85500000000029,0.022468070140678004
5.85600000000029,0.022495481679002782
5.857000000000291,0.02251930008670453
5.858000000000291,0.0225397142924727
5.859000000000291,0.022556925129871723
5.860000000000292,0.022571145527701446
5.861000000000292,0.022582600700568035
5.862000000000292,0.022591528339689117
5.863000000000293,0.02259817880395243
5.864000000000293,0.02260281531125085
5.865000000000293,0.02260571413011816
5.866000000000294,0.022607164771687845
5.867000000000294,0.022607470182001516
5.868000000000294,0.022606946934691077
5.869000000000295,0.022605925424061014
5.870000000000295,0.022604750058595753
5.871000000000295,0.02260359815973604
5.872000000000296,0.02260228907487004
5.873000000000296,0.022600470534080222
5.874000000000296,0.022597804807758616
5.875000000000297,0.02259396850757118
5.876000000000297,0.022588652386967986
5.877000000000297,0.022581561141283464
5.878000000000298,0.02257241320747011
5.879000000000298,0.02256094056350759
5.880000000000298,0.022546888527526975
5.881000000000299,0.02253001555668717
5.882000000000299,0.022510093045839806
5.883000000000299,0.022486905126015908
5.8840000000003,0.022460248462765627
5.8850000000003,0.02242993205437943
5.8860000000003,0.022395777030018847
5.887000000000301,0.02235761644778004
5.888000000000301,0.022315295092714266
5.889000000000301,0.02226866927482446
5.890000000000302,0.02221760662705774
5.891000000000302,0.02216198590331006
5.892000000000302,0.022101696776458568
5.893000000000303,0.022036639636434853
5.894000000000303,0.021966725388351413
5.895000000000303,0.02189187525069139
5.896000000000304,0.021812020553571766
5.897000000000304,0.021727102537086887
5.898000000000304,0.02163707214974058
5.899000000000305,0.021541889846971744
5.900000000000305,0.0214415253897787
5.901000000000305,0.021335957643447256
5.902000000000306,0.021225174376384964
5.903000000000306,0.021109172059064957
5.904000000000306,0.020987955663081453
5.905000000000307,0.020861538460318914
5.906000000000307,0.02072994182223549
5.907000000000307,0.020593195019262635
5.908000000000308,0.02045133502032094
5.909000000000308,0.02030440629245244
5.910000000000308,0.020152460600570125
5.911000000000309,0.019995556807323595
5.912000000000309,0.01983376067308238
5.913000000000309,0.019667144656034863
5.91400000000031,0.019495787712403803
5.91500000000031,0.019319775096777646
5.91600000000031,0.01913919816255738
5.917000000000311,0.018954154162518805
5.918000000000311,0.01876474604948969
5.919000000000311,0.018571082277141895
5.920000000000312,0.01837327660089825
5.921000000000312,0.018171447878954132
5.922000000000312,0.017965719873414138
5.923000000000313,0.01775622105154296
5.924000000000313,0.01754308438713236
5.925000000000313,0.01732644716198329
5.926000000000314,0.017106450767503466
5.927000000000314,0.01688324050642228
5.928000000000314,0.0166569653946221
5.929000000000315,0.016427777963087593
5.930000000000315,0.01619583405997331
5.931000000000315,0.015961292652790268
5.932000000000316,0.015724315630712485
5.933000000000316,0.015485067607004382
5.934000000000316,0.015243715721569039
5.935000000000317,0.015000429443618672
5.936000000000317,0.014755380374467796
5.937000000000317,0.014508742050449407
5.938000000000318,0.014260689745954541
5.939000000000318,0.014011400276595441
5.940000000000318,0.013761051802492208
5.941000000000319,0.013509823631683432
5.942000000000319,0.013257896023658407
5.943000000000319,0.013005449993012293
5.94400000000032,0.01275266711322117
5.94500000000032,0.012499729320536529
5.94600000000032,0.01224681871799585
5.947000000000321,0.011994117379547815
5.948000000000321,0.011741807154288415
5.949000000000321,0.011490069470803617
5.950000000000322,0.011239085141614605
5.951000000000322,0.010989034167720638
5.952000000000322,0.01074009554323286
5.953000000000323,0.010492447060092572
5.954000000000323,0.010246265112866873
5.955000000000323,0.010001724503611864
5.956000000000324,0.009758998246795818
5.957000000000324,0.009518257374270096
5.958000000000324,0.009279670740278155
5.959000000000325,0.009043404826489326
5.960000000000325,0.008809623547044836
5.961000000000325,0.008578488053601688
5.962000000000326,0.00835015654035956
5.963000000000326,0.008124784049054458
5.964000000000326,0.007902522273903576
5.965000000000327,0.0076835193664824344
5.966000000000327,0.0074679197405177825
5.967000000000327,0.007255863876576944
5.968000000000328,0.0070474881266352
5.969000000000328,0.006842924518501735
5.970000000000328,0.00664230056008535
5.971000000000329,0.0064457390434810025
5.972000000000329,0.006253357848858804
5.973000000000329,0.00606526974813619
5.97400000000033,0.005881582208418369
5.97500000000033,0.005702397195188641
5.97600000000033,0.005527810975235574
5.977000000000331,0.005357913919302723
5.978000000000331,0.005192790304450558
5.979000000000331,0.005032518116121244
5.980000000000332,0.004877168849899416
5.981000000000332,0.0047268073129651325
5.982000000000332,0.004581491425238955
5.983000000000333,0.004441272020219468
5.984000000000333,0.004306192645520263
5.985000000000333,0.004176289363114906
5.986000000000334,0.004051590549301952
5.987000000000334,0.003932116694406837
5.988000000000334,0.003817880202239811
5.989000000000335,0.0037088851893342656
5.990000000000335,0.003605127283991441
5.991000000000335,0.0035065934251628586
5.992000000000336,0.003413261661203891
5.993000000000336,0.00332510094853488
5.994000000000336,0.0032420709502498785
5.995000000000337,0.0031641218347139566
5.996000000000337,0.0030911940741940036
5.997000000000337,0.0030232182435674312
5.998000000000338,0.002960114819155729
5.999000000000338,0.0029017939777309307
6.000000000000338,0.0028481553957410977
6.001000000000339,0.0027990880488040666
6.002000000000339,0.0027544700115148084
6.003000000000339,0.0027141682576132774
6.00400000000034,0.0026780384605567704
6.00500000000034,0.002645924794539029
6.00600000000034,0.0026176597359981388
6.007000000000341,0.0025930638656499715
6.008000000000341,0.002571945671084104
6.009000000000341,0.002554101349955526
6.010000000000342,0.002539314613802926
6.011000000000342,0.0025273564925220315
6.012000000000342,0.002517985139519806
6.013000000000343,0.0025109456375743446
6.014000000000343,0.002505969805422271
6.015000000000343,0.0025027760050941802
6.016000000000344,0.0025010689500199086
6.017000000000344,0.0025005395139220295
6.018000000000344,0.0025008645405196067
6.019000000000345,0.002501706654063778
6.020000000000345,0.0025027140707296926
6.021000000000345,0.0025038876441229665
6.022000000000346,0.002505027044248296
6.023000000000346,0.0025061332238694167
6.024000000000346,0.0025072071085251134
6.025000000000347,0.0025082495974079015
6.026000000000347,0.002509261564207471
6.027000000000347,0.0025102438579204557
6.028000000000348,0.0025111973036276228
6.029000000000348,0.002512122703241207
6.030000000000348,0.002513020836222523
6.031000000000349,0.002513892460272102
6.032000000000349,0.0025147383119928993
6.033000000000349,0.002515559107528806
6.03400000000035,0.0025163555431782537
6.03500000000035,0.0025171282959855837
6.03600000000035,0.002517878024310003
6.037000000000351,0.002518605368373436
6.038000000000351,0.002519310950789059
6.039000000000351,0.0025199953770701188
6.040000000000352,0.0025206592361210513
6.041000000000352,0.0025213031007109456
6.042000000000352,0.0025219275279307375
6.043000000000353,0.00252253305963461
6.044000000000353,0.002523120222866465
6.045000000000353,0.0025236895302718568
6.046000000000354,0.0025242414804966494
6.047000000000354,0.002524776558572382
6.048000000000354,0.002525295236289554
6.049000000000355,0.002525797972558745
6.050000000000355,0.002526285213760939
6.051000000000355,0.002526757394086806
6.052000000000356,0.0025272149358659193
6.053000000000356,0.0025276582498859786
6.054000000000356,0.0025280877357031183
6.055000000000357,0.002528503781942977
6.056000000000357,0.002528906766593522
6.057000000000357,0.002529297057289496
6.058000000000358,0.002529675011589294
6.059000000000358,0.0025300409772443105
6.060000000000358,0.0025303952924613585
6.061000000000359,0.002530738286157814
6.062000000000359,0.002531070278210569
6.063000000000359,0.0025313915796986858
6.06400000000036,0.002531702493139769
6.06500000000036,0.0025320033127205523
6.06600000000036,0.002532294324521872
6.067000000000361,0.002532575806738352
6.068000000000361,0.0025328480298924747
6.069000000000361,0.0025331112570438977
6.070000000000362,0.002533365743993543
6.071000000000362,0.0025336117394832644
6.072000000000362,0.002533849485390288
6.073000000000363,0.0025340792169178603
6.074000000000363,0.002534301162780535
6.075000000000363,0.0025345155453864003
6.076000000000364,0.0025347225810136258
6.077000000000364,0.0025349224799840926
6.0780000000003644,0.002535115446832579
6.079000000000365,0.0025353016804717347
6.080000000000365,0.002535481374353464
6.0810000000003654,0.0025356547166264856
6.082000000000366,0.002535821890290328
6.083000000000366,0.002535983073345075
6.0840000000003664,0.0025361384389380875
6.085000000000367,0.002536288155506782
6.086000000000367,0.0025364323869183567
6.0870000000003675,0.0025365712926052227
6.088000000000368,0.0025367050276980246
6.089000000000368,0.002536833743154509
6.0900000000003685,0.0025369575858853396
6.091000000000369,0.00253707669887664
6.092000000000369,0.002537191221309288
6.0930000000003695,0.002537301288674885
6.09400000000037,0.002537407032888371
6.09500000000037,0.002537508582398179
6.0960000000003705,0.0025376060622921796
6.097000000000371,0.0025376995944017787
6.098000000000371,0.002537789297401692
6.0990000000003715,0.002537875286907812
6.100000000000372,0.0025379576755713527
6.101000000000372,0.0025380365731704664
6.1020000000003725,0.0025381120866984457
6.103000000000373,0.002538184320449898
6.104000000000373,0.0025382533761028996
6.1050000000003735,0.0025383193527995923
6.106000000000374,0.002538382347222999
6.107000000000374,0.0025384424536713697
6.1080000000003745,0.002538499764130432
6.109000000000375,0.0025385543683420775
6.110000000000375,0.002538606353871025
6.1110000000003755,0.002538655806168643
6.112000000000376,0.0025387028086342397
6.113000000000376,0.002538747442674353
6.1140000000003765,0.0025387897877585594
6.115000000000377,0.0025388299214740943
6.116000000000377,0.002538867919577234
6.1170000000003775,0.0025389038560427873
6.118000000000378,0.002538937803111263
6.119000000000378,0.0025389698313338996
6.1200000000003785,0.002539000009615492
6.121000000000379,0.0025390284052551754
6.122000000000379,0.0025390550839852755
6.1230000000003795,0.002539080110007856
6.12400000000038,0.0025391035460302393
6.12500000000038,0.0025391254532973924
6.1260000000003805,0.002539145891623913
6.127000000000381,0.002539164919423322
6.128000000000381,0.002539182593736398
6.1290000000003815,0.0025391989702574155
6.130000000000382,0.002539214103359541
6.131000000000382,0.0025392280461180618
6.1320000000003825,0.0025392408503331805
6.133000000000383,0.002539252566550708
6.134000000000383,0.0025392632440823307
6.1350000000003835,0.0025392729310242425
6.136000000000384,0.0025392816742752303
6.137000000000384,0.0025392895195534212
6.1380000000003845,0.0025392965114127246
6.139000000000385,0.002539302693258111
6.140000000000385,0.0025393081073604266
6.1410000000003855,0.0025393127948707406
6.142000000000386,0.002539316795834294
6.143000000000386,0.0025393201492037235
6.1440000000003865,0.0025393228928528577
6.145000000000387,0.002539325063589261
6.146000000000387,0.0025393266971680817
6.1470000000003875,0.002539327828304676
6.148000000000388,0.0025393284906885076
6.149000000000388,0.0025393287169966916
6.1500000000003885,0.0025393285389084044
6.151000000000389,0.0025393279871194323
6.152000000000389,0.0025393270913581095
6.1530000000003895,0.0025393258804012504
6.15400000000039,0.002539324382091583
6.15500000000039,0.0025393226233561862
6.1560000000003905,0.002539320630226039
6.157000000000391,0.0025393184278572865
6.158000000000391,0.002539316040553404
6.1590000000003915,0.0025393134917898325
6.160000000000392,0.0025393108042398027
6.161000000000392,0.0025393079998026723
6.1620000000003925,0.0025393050996341954
6.163000000000393,0.002539302124178855
6.164000000000393,0.0025392990932054035
6.1650000000003935,0.0025392960258445348
6.166000000000394,0.0025392929406294305
6.167000000000394,0.002539289855539806
6.1680000000003945,0.0025392867880486766
6.169000000000395,0.0025392837551726673
6.170000000000395,0.002539280773526314
6.1710000000003955,0.002539277859379411
6.172000000000396,0.002539275028045674
6.173000000000396,0.0025392722931490315
6.1740000000003965,0.0025392696672825385
6.175000000000397,0.0025392671627502486
6.176000000000397,0.002539264791613493
6.1770000000003975,0.0025392625657310007
6.178000000000398,0.0025392604967926953
6.179000000000398,0.0025392585963479285
6.1800000000003985,0.0025392568758288263
6.181000000000399,0.0025392553465690137
6.182000000000399,0.002539254019818235
6.1830000000003995,0.0025392529067532407
6.1840000000004,0.0025392520184855417
6.1850000000004,0.0025392513660661836
6.1860000000004005,0.002539250960487637
6.187000000000401,0.0025392508126843814
6.188000000000401,0.00253925093353043
6.1890000000004015,0.002539251333835875
6.190000000000402,0.002539252024342336
6.191000000000402,0.002539253015716267
6.1920000000004025,0.0025392543185425373
6.193000000000403,0.0025392559433165644
6.194000000000403,0.002539257900435958
6.1950000000004035,0.002539260200192451
6.196000000000404,0.0025392628527627567
6.197000000000404,0.002539265868200115
6.1980000000004045,0.002539269256425579
6.199000000000405,0.0025392730272195997
6.200000000000405,0.0025392771902138303
6.2010000000004055,0.002539281754883379
6.202000000000406,0.0025392867305395993
6.203000000000406,0.0025392921263233635
6.2040000000004065,0.0025392979511988274
6.205000000000407,0.0025393042139480147
6.206000000000407,0.0025393109231661368
6.2070000000004075,0.0025393180872572522
6.208000000000408,0.0025393257144312904
6.209000000000408,0.002539333812701536
6.2100000000004085,0.002539342389882515
6.211000000000409,0.0025393514535895327
6.212000000000409,0.002539361011238469
6.2130000000004095,0.002539371070046585
6.21400000000041,0.002539381637033742
6.21500000000041,0.0025393927190253927
6.2160000000004105,0.00253940432265529
6.217000000000411,0.0025394164543695724
6.218000000000411,0.002539429120431723
6.2190000000004115,0.0025394423269278557
6.220000000000412,0.002539456079773114
6.221000000000412,0.0025394703847187346
6.2220000000004125,0.0025394852473594846
6.223000000000413,0.002539500673142278
6.224000000000413,0.002539516667375088
6.2250000000004135,0.0025395332352366393
6.226000000000414,0.0025395503817862777
6.227000000000414,0.002539568111975407
6.2280000000004145,0.002539586430657912
6.229000000000415,0.0025396053426026896
6.230000000000415,0.0025396248525052963
6.2310000000004155,0.002539644965000809
6.232000000000416,0.0025396656846767562
6.233000000000416,0.0025396870160865545
6.2340000000004165,0.002539708963762797
6.235000000000417,0.002539731532231297
6.236000000000417,0.0025397547260253353
6.2370000000004175,0.0025397785496994937
6.238000000000418,0.0025398030078442185
6.239000000000418,0.0025398281051001795
6.2400000000004185,0.0025398538461727654
6.241000000000419,0.002539880235846441
6.242000000000419,0.0025399072789990956
6.2430000000004195,0.0025399349806163457
6.24400000000042,0.0025399633458055813
6.24500000000042,0.0025399923798100424
6.2460000000004205,0.002540022088022023
6.247000000000421,0.0025400524759966805
6.248000000000421,0.002540083549464882
6.2490000000004216,0.0025401153143455382
6.250000000000422,0.0025401477767582163
6.251000000000422,0.002540180943034473
6.2520000000004226,0.002540214819729155
6.253000000000423,0.0025402494136308636
6.254000000000423,0.0025402847317720634
6.2550000000004236,0.0025403207814383502
6.256000000000424,0.002540357570176864
6.257000000000424,0.002540395105804439
6.258000000000425,0.0025404333964144515
6.259000000000425,0.002540472450383354
6.260000000000425,0.0025405122763756845
6.261000000000426,0.002540552883349402
6.262000000000426,0.002540594280558743
6.263000000000426,0.0025406364775576
6.264000000000427,0.002540679484201107
6.265000000000427,0.0025407233106466177
6.266000000000427,0.002540767967353575
6.267000000000428,0.00254081346508276
6.268000000000428,0.002540859814893926
6.269000000000428,0.002540907028143087
6.270000000000429,0.002540955116478831
6.271000000000429,0.0025410040918371866
6.272000000000429,0.0025410539664359327
6.27300000000043,0.002541104752768388
6.27400000000043,0.0025411564635957756
6.27500000000043,0.002541209111938548
6.276000000000431,0.0025412627110683837
6.277000000000431,0.0025413172744976065
6.278000000000431,0.0025413728159695143
6.279000000000432,0.0025414293494473023
6.280000000000432,0.0025414868891029258
6.281000000000432,0.0025415454493052693
6.282000000000433,0.0025416050446084686
6.283000000000433,0.0025416656897397187
6.284000000000433,0.002541727399587204
6.285000000000434,0.002541790189188004
6.286000000000434,0.002541854073716477
6.287000000000434,0.0025419190684727
6.288000000000435,0.0025419851888715747
6.289000000000435,0.002542052450432746
6.290000000000435,0.002542120868770984
6.291000000000436,0.002542190459588086
6.292000000000436,0.002542261238665647
6.293000000000436,0.002542333221859299
6.294000000000437,0.0025424064250946996
6.295000000000437,0.0025424808643650307
6.296000000000437,0.00254255655573081
6.297000000000438,0.002542633515321767
6.298000000000438,0.0025427117593410757
6.299000000000438,0.002542791304072426
6.300000000000439,0.002542872165889838
6.301000000000439,0.002542954361270621
6.302000000000439,0.002543037906811898
6.30300000000044,0.00254312281925001
6.30400000000044,0.00254320911548463
6.30500000000044,0.0025432968126062536
6.306000000000441,0.0025433859279280456
6.307000000000441,0.0025434764790226126
6.308000000000441,0.002543568483762977
6.309000000000442,0.0025436619603688704
6.310000000000442,0.002543756927458077
6.311000000000442,0.002543853404103364
6.312000000000443,0.0025439514098951344
6.313000000000443,0.002544050965009804
6.314000000000443,0.0025441520902849055
6.315000000000444,0.0025442548072998478
6.316000000000444,0.002544359138464368
6.317000000000444,0.0025444651071133417
6.318000000000445,0.002544572737608948
6.319000000000445,0.002544682055450751
6.320000000000445,0.0025447930873934155
6.321000000000446,0.0025449058615724385
6.322000000000446,0.00254516538187486
6.323000000000446,0.0025455918839317714
6.324000000000447,0.0025465303526575403
6.325000000000447,0.002548311633453381
6.326000000000447,0.0025512526346641584
6.327000000000448,0.0025556565288531383
6.328000000000448,0.0025618129529602456
6.329000000000448,0.002569998207407491
6.330000000000449,0.0025804754542104527
6.331000000000449,0.002593494914152235
6.332000000000449,0.0026092940630752827
6.33300000000045,0.0026280978273438386
6.33400000000045,0.002650118778531229
6.33500000000045,0.002675557327383008
6.336000000000451,0.0027046019171091326
6.337000000000451,0.0027374292160579974
6.338000000000451,0.002774204309823957
6.339000000000452,0.0028150808928422456
6.340000000000452,0.0028602014595235925
6.341000000000452,0.0029096974949821726
6.342000000000453,0.0029636896654093026
6.343000000000453,0.003022288008146537
6.344000000000453,0.003085592121509363
6.345000000000454,0.003153691354412784
6.346000000000454,0.0032266649958497887
6.347000000000454,0.0033045824642704974
6.348000000000455,0.0033875034969090417
6.349000000000455,0.0034754783391028263
6.350000000000455,0.003568547933646811
6.351000000000456,0.0036667441102216577
6.352000000000456,0.0037700897749332954
6.353000000000456,0.0038785990999955014
6.354000000000457,0.003992277713587553
6.355000000000457,0.004111122889911313
6.356000000000457,0.004235123739471464
6.357000000000458,0.0043642613995974605
6.358000000000458,0.004498509225221256
6.359000000000458,0.004637832979924088
6.360000000000459,0.004782191027257528
6.361000000000459,0.004931534522344003
6.362000000000459,0.0050858076037574515
6.36300000000046,0.0052449475856802055
6.36400000000046,0.005408885150331215
6.36500000000046,0.005577544540656565
6.366000000000461,0.005750843753270576
6.367000000000461,0.005928694731635119
6.368000000000461,0.006111003559460107
6.369000000000462,0.006297670654309237
6.370000000000462,0.006488590961391705
6.371000000000462,0.006683654147519681
6.372000000000463,0.0068827447952125725
6.373000000000463,0.007085742596924918
6.374000000000463,0.007292522549377678
6.375000000000464,0.007502955147971613
6.376000000000464,0.007716906581260452
6.377000000000464,0.00793423892546364
6.378000000000465,0.008154810338998411
6.379000000000465,0.008378475257010576
6.380000000000465,0.008605084585886547
6.381000000000466,0.008834485897727555
6.382000000000466,0.009066523624770291
6.383000000000466,0.009301039253737119
6.384000000000467,0.009537871520103235
6.385000000000467,0.009776856602265994
6.386000000000467,0.010017828315604604
6.387000000000468,0.010260618306421235
6.388000000000468,0.0105050562457518
6.389000000000468,0.010750970023039638
6.390000000000469,0.010998185939665214
6.391000000000469,0.011246528902325012
6.392000000000469,0.011495822616255945
6.39300000000047,0.011745889778301273
6.39400000000047,0.011996552269814872
6.39500000000047,0.012247631349403203
6.396000000000471,0.012498947845503115
6.397000000000471,0.012750322348796042
6.398000000000471,0.013001575404458884
6.399000000000472,0.01325252770425342
6.400000000000472,0.013503000278455808
6.401000000000472,0.013752814687628498
6.402000000000473,0.014001793214238459
6.403000000000473,0.014249759054123685
6.404000000000473,0.014496536507812706
6.405000000000474,0.014741951171701323
6.406000000000474,0.01498583012908973
6.407000000000474,0.015228002141085564
6.408000000000475,0.01546829783737727
6.409000000000475,0.015706549906882
6.410000000000475,0.01594259328827341
6.411000000000476,0.016176265360394522
6.412000000000476,0.016407406132559456
6.413000000000476,0.01663585843475033
6.414000000000477,0.01686146810771253
6.415000000000477,0.01708408419295488
6.416000000000477,0.017303559122658158
6.417000000000478,0.017519748909496702
6.418000000000478,0.01773251333637848
6.419000000000478,0.01794171614610681
6.420000000000479,0.01814722523096899
6.421000000000479,0.018348912822255217
6.422000000000479,0.018546655679712323
6.42300000000048,0.018740335280935758
6.42400000000048,0.018929838010704247
6.42500000000048,0.019115055350259404
6.426000000000481,0.01929588406653556
6.427000000000481,0.01947222640134133
6.428000000000481,0.019643990260497582
6.429000000000482,0.019811089402934225
6.430000000000482,0.019973443629748823
6.431000000000482,0.020130978973230684
6.432000000000483,0.02028362788585255
6.433000000000483,0.0204313294292331
6.434000000000483,0.020574029463073733
6.435000000000484,0.02071168083407105
6.436000000000484,0.020844243564809913
6.437000000000484,0.020971685042638168
6.438000000000485,0.021093980208527693
6.439000000000485,0.021211111745923404
6.440000000000485,0.021323070269585333
6.441000000000486,0.021429854514425084
6.442000000000486,0.021531471524343086
6.443000000000486,0.021627936841068014
6.444000000000487,0.02171927469300447
6.445000000000487,0.021805518184092675
6.446000000000487,0.021886709482685854
6.447000000000488,0.021962900010450002
6.448000000000488,0.022034150631292923
6.449000000000488,0.02210053184032819
6.450000000000489,0.022162123952881592
6.451000000000489,0.02221901729354818
6.452000000000489,0.022271312385307364
6.45300000000049,0.022319120138706232
6.45400000000049,0.022362562041120804
6.45500000000049,0.022401770346105854
6.456000000000491,0.022436888262845574
6.457000000000491,0.02246807014571761
6.458000000000491,0.02249548168398445
6.459000000000492,0.02251930009162615
6.460000000000492,0.022539714297332238
6.461000000000492,0.02255692513466758
6.462000000000493,0.02257114553243203
6.463000000000493,0.022582600705232117
6.464000000000493,0.022591528344285697
6.465000000000494,0.022598178808480626
6.466000000000494,0.022602815315710144
6.467000000000494,0.02260571413450823
6.468000000000495,0.022607164776008597
6.469000000000495,0.0226074701862531
6.470000000000495,0.022606946938873988
6.471000000000496,0.022605925428175987
6.472000000000496,0.022604750062643765
6.473000000000496,0.022603598163718222
6.474000000000497,0.02260228907878739
6.475000000000497,0.022600470537933272
6.476000000000497,0.022597804811547738
6.477000000000498,0.02259396851129645
6.478000000000498,0.02258865239062921
6.479000000000498,0.02258156114488017
6.480000000000499,0.022572413211001535
6.481000000000499,0.02256094056697306
6.482000000000499,0.022546888530925423
6.4830000000005,0.022530015560017387
6.4840000000005,0.02251009304910058
6.4850000000005,0.02248690512920585
6.486000000000501,0.022460248465883195
6.487000000000501,0.022429932057423094
6.488000000000501,0.02239577703298698
6.489000000000502,0.022357616450671067
6.490000000000502,0.022315295095526537
6.491000000000502,0.02226866927755628
6.492000000000503,0.022217606629707433
6.493000000000503,0.02216198590587609
6.494000000000503,0.022101696778939327
6.495000000000504,0.02203663963882891
6.496000000000504,0.021966725390657235
6.497000000000504,0.02189187525290774
6.498000000000505,0.021812020555697295
6.499000000000505,0.02172710253912049
6.500000000000505,0.02163707215168119
6.501000000000506,0.021541889848818246
6.502000000000506,0.02144152539153038
6.503000000000506,0.021335957645103334
6.504000000000507,0.021225174377944814
6.505000000000507,0.0211091720605281
6.506000000000507,0.020987955664447583
6.507000000000508,0.02086153846158769
6.508000000000508,0.020729941823406796
6.509000000000508,0.02059319502033649
6.510000000000509,0.020451335021297493
6.511000000000509,0.020304406293331974
6.512000000000509,0.020152460601352853
6.51300000000051,0.019995556808010094
6.51400000000051,0.019833760673673193
6.51500000000051,0.01966714465653059
6.516000000000511,0.01949578771280528
6.517000000000511,0.019319775097085712
6.518000000000511,0.019139198162773013
6.519000000000512,0.01895415416264297
6.520000000000512,0.01876474604952349
6.521000000000512,0.01857108227708649
6.522000000000513,0.01837327660075485
6.523000000000513,0.018171447878723983
6.524000000000513,0.0179657198730986
6.525000000000514,0.017756221051143377
6.526000000000514,0.017543084386650275
6.527000000000514,0.017326447161420032
6.528000000000515,0.017106450766860536
6.529000000000515,0.016883240505701225
6.530000000000515,0.016656965393824455
6.531000000000516,0.016427777962214923
6.532000000000516,0.016195834059027178
6.533000000000516,0.015961292651772277
6.534000000000517,0.01572431562962432
6.535000000000517,0.015485067605847655
6.536000000000517,0.015243715720345413
6.537000000000518,0.015000429442329842
6.538000000000518,0.014755380373115495
6.539000000000518,0.014508742049035288
6.540000000000519,0.014260689744480394
6.541000000000519,0.014011400275063021
6.542000000000519,0.013761051800903333
6.54300000000052,0.013509823630039948
6.54400000000052,0.013257896021962201
6.54500000000052,0.013005449991265294
6.546000000000521,0.012752667111425309
6.547000000000521,0.012499729318693711
6.548000000000521,0.012246818716108193
6.549000000000522,0.011994117377617505
6.550000000000522,0.011741807152317624
6.551000000000522,0.011490069468794467
6.552000000000523,0.011239085139569435
6.553000000000523,0.010989034165641932
6.554000000000523,0.010740095541122936
6.555000000000524,0.010492447057954032
6.556000000000524,0.010246265110702354
6.557000000000524,0.010001724501424086
6.558000000000525,0.009758998244587501
6.559000000000525,0.009518257372044078
6.560000000000525,0.009279670738037385
6.561000000000526,0.009043404824236753
6.562000000000526,0.008809623544783644
6.563000000000526,0.008578488051335029
6.564000000000527,0.008350156538090583
6.565000000000527,0.008124784046786473
6.566000000000527,0.007902522271639859
6.567000000000528,0.00768351936422635
6.568000000000528,0.007467919738272662
6.569000000000528,0.007255863874346201
6.570000000000529,0.007047488124422276
6.571000000000529,0.00684292451630987
6.572000000000529,0.006642300557917875
6.57300000000053,0.006445739041341311
6.57400000000053,0.006253357846750025
6.57500000000053,0.006065269746061502
6.576000000000531,0.005881582206380687
6.577000000000531,0.005702397193190947
6.578000000000531,0.005527810973280561
6.579000000000532,0.005357913917392924
6.580000000000532,0.00519279030258836
6.581000000000532,0.005032518114308875
6.582000000000533,0.004877168848138651
6.583000000000533,0.004726807311257783
6.584000000000533,0.004581491423586374
6.585000000000534,0.004441272018622704
6.586000000000534,0.00430619264398021
6.587000000000534,0.004176289361632016
6.588000000000535,0.0040515905478764255
6.589000000000535,0.003932116693038466
6.590000000000535,0.00381788020092811
6.591000000000536,0.0037088851880783813
6.592000000000536,0.0036051272827900827
6.593000000000536,0.003506593424014548
6.594000000000537,0.0034132616601066507
6.595000000000537,0.0033251009474864895
6.596000000000537,0.00324207094924768
6.597000000000538,0.003164121833755147
6.598000000000538,0.0030911940732753496
6.599000000000538,0.003023218242685456
6.600000000000539,0.002960114818306693
6.601000000000539,0.0029017939769109755
6.602000000000539,0.002848155394945942
6.60300000000054,0.0027990880480295403
6.60400000000054,0.00275447001075646
6.60500000000054,0.0027141682568665726
6.606000000000541,0.0026780384598170982
6.607000000000541,0.0026459247938018238
6.608000000000541,0.0026176597352589315
6.609000000000542,0.002593063864904162
6.610000000000542,0.002571945670327338
6.611000000000542,0.00255410134918364
6.612000000000543,0.0025393146130120205
6.613000000000543,0.002527356491708165
6.6140000000005434,0.0025179851386795925
6.615000000000544,0.0025109456367046687
6.616000000000544,0.0025059698045203603
6.6170000000005444,0.002502776004157631
6.618000000000545,0.0025010689490467357
6.619000000000545,0.002500539512910887
6.6200000000005454,0.002500864539469516
6.621000000000546,0.0025017066529743164
6.622000000000546,0.0025027140696010225
6.6230000000005464,0.0025038876429609135
6.624000000000547,0.0025050270430552884
6.625000000000547,0.0025061332226476683
6.6260000000005475,0.002507207107276848
6.627000000000548,0.0025082495961351765
6.628000000000548,0.002509261562912278
6.6290000000005485,0.002510243856604543
6.630000000000549,0.0025111973022927774
6.631000000000549,0.002512122701889042
6.6320000000005495,0.002513020834854683
6.63300000000055,0.0025138924588899957
6.63400000000055,0.002514738310597897
6.6350000000005505,0.002515559106122195
6.636000000000551,0.002516355541761328
6.637000000000551,0.0025171282945594883
6.6380000000005515,0.002517878022875765
6.639000000000552,0.002518605366932127
6.640000000000552,0.0025193109493416056
6.6410000000005525,0.002519995375617423
6.642000000000553,0.0025206592346639044
6.643000000000553,0.0025213030992501037
6.6440000000005535,0.002521927526467002
6.645000000000554,0.0025225330581686647
6.646000000000554,0.0025231202213989376
6.6470000000005545,0.0025236895288033127
6.648000000000555,0.002524241479027658
6.649000000000555,0.002524776557103498
6.6500000000005555,0.0025252952348211524
6.651000000000556,0.0025257979710913044
6.652000000000556,0.002526285212294855
6.6530000000005565,0.0025267573926225015
6.654000000000557,0.002527214934403676
6.655000000000557,0.0025276582484262122
6.6560000000005575,0.0025280877342460477
6.657000000000558,0.0025285037804889422
6.658000000000558,0.0025289067651428077
6.6590000000005585,0.002529297055842296
6.660000000000559,0.002529675010145817
6.661000000000559,0.002530040975804785
6.6620000000005595,0.0025303952910260066
6.66300000000056,0.0025307382847267676
6.66400000000056,0.0025310702767839983
6.6650000000005605,0.0025313915782768336
6.666000000000561,0.002531702491722791
6.667000000000561,0.0025320033113084735
6.6680000000005615,0.002532294323114994
6.669000000000562,0.00253257580533673
6.670000000000562,0.0025328480284962235
6.6710000000005625,0.002533111255653142
6.672000000000563,0.0025333657426084497
6.673000000000563,0.0025336117381039407
6.6740000000005635,0.0025338494840168105
6.675000000000564,0.002534079215550364
6.676000000000564,0.0025343011614192244
6.6770000000005645,0.0025345155440312933
6.678000000000565,0.0025347225796648713
6.679000000000565,0.0025349224786419093
6.6800000000005655,0.0025351154454970187
6.681000000000566,0.0025353016791429053
6.682000000000566,0.002535481373031428
6.6830000000005665,0.0025356547153114507
6.684000000000567,0.002535821888982444
6.685000000000567,0.0025359830720444593
6.6860000000005675,0.002536138437644827
6.687000000000568,0.002536288154221071
6.688000000000568,0.0025364323856402506
6.6890000000005685,0.0025365712913349957
6.690000000000569,0.0025367050264357045
6.691000000000569,0.0025368337419003004
6.6920000000005695,0.0025369575846393433
6.69300000000057,0.0025370766976390464
6.69400000000057,0.0025371912200802364
6.6950000000005705,0.0025373012874544895
6.696000000000571,0.002537407031676892
6.697000000000571,0.0025375085811956133
6.6980000000005715,0.0025376060610988287
6.699000000000572,0.0025376995932177154
6.700000000000572,0.002537789296227118
6.7010000000005725,0.002537875285742869
6.702000000000573,0.0025379576744162004
6.703000000000573,0.002538036572025233
6.7040000000005735,0.0025381120855633467
6.705000000000574,0.0025381843193249473
6.706000000000574,0.002538253374988371
6.7070000000005745,0.0025383193516956004
6.708000000000575,0.002538382346129589
6.709000000000575,0.002538442452588798
6.7100000000005755,0.0025384997630588275
6.711000000000576,0.0025385543672815473
6.712000000000576,0.002538606352821684
6.7130000000005765,0.0025386558051306053
6.714000000000577,0.0025387028076077622
6.715000000000577,0.0025387474416594218
6.7160000000005775,0.0025387897867553376
6.717000000000578,0.0025388299204827137
6.718000000000578,0.0025388679185977987
6.7190000000005785,0.002538903855075377
6.720000000000579,0.002538937802155982
6.721000000000579,0.002538969830390793
6.7220000000005795,0.002539000008684709
6.72300000000058,0.002539028404336778
6.72400000000058,0.0025390550830793127
6.7250000000005805,0.002539080109114463
6.726000000000581,0.0025391035451493953
6.727000000000581,0.002539125452429191
6.7280000000005815,0.00253914589076832
6.729000000000582,0.002539164918580472
6.730000000000582,0.0025391825929062875
6.7310000000005825,0.0025391989694400936
6.732000000000583,0.0025392141025549833
6.733000000000583,0.0025392280453263374
6.7340000000005835,0.0025392408495543035
6.735000000000584,0.0025392525657846644
6.736000000000584,0.0025392632433290374
6.7370000000005845,0.0025392729302837584
6.738000000000585,0.0025392816735475103
6.739000000000585,0.0025392895188385
6.7400000000005855,0.0025392965107105155
6.741000000000586,0.0025393026925685513
6.742000000000586,0.0025393081066835375
6.7430000000005865,0.002539312794206397
6.744000000000587,0.002539316795182451
6.745000000000587,0.002539320148564391
6.7460000000005875,0.00253932289222588
6.747000000000588,0.0025393250629746934
6.748000000000588,0.002539326696565685
6.7490000000005885,0.002539327827714429
6.750000000000589,0.0025393284901103173
6.751000000000589,0.002539328716430419
6.7520000000005895,0.002539328538353966
6.75300000000059,0.002539327986576769
6.75400000000059,0.002539327090827076
6.7550000000005905,0.0025393258798817354
6.756000000000591,0.0025393243815834965
6.757000000000591,0.0025393226228593267
6.7580000000005915,0.0025393206297403895
6.759000000000592,0.002539318427382628
6.760000000000592,0.002539316040089633
6.7610000000005925,0.0025393134913367713
6.762000000000593,0.0025393108037973545
6.763000000000593,0.0025393079993707088
6.7640000000005935,0.0025393050992124737
6.765000000000594,0.0025393021237672952
6.766000000000594,0.0025392990928039087
6.7670000000005945,0.002539296025452803
6.768000000000595,0.002539292940247427
6.769000000000595,0.002539289855167319
6.7700000000005955,0.0025392867876855574
6.771000000000596,0.0025392837548188045
6.772000000000596,0.0025392807731815063
6.7730000000005965,0.0025392778590435164
6.774000000000597,0.002539275027718488
6.775000000000597,0.002539272292830408
6.7760000000005975,0.0025392696669723387
6.777000000000598,0.0025392671624483477
6.778000000000598,0.002539264791319773
6.7790000000005985,0.0025392625654454062
6.780000000000599,0.0025392604965150944
6.781000000000599,0.002539258596078217
6.7820000000005995,0.0025392568755669316
6.7830000000006,0.002539255346314887
6.7840000000006,0.0025392540195717135
6.7850000000006006,0.0025392529065143
6.786000000000601,0.0025392520182541366
6.787000000000601,0.0025392513658422065
6.7880000000006016,0.002539250960271109
6.789000000000602,0.0025392508124752917
6.790000000000602,0.002539250933328654
6.7910000000006026,0.002539251333641454
6.792000000000603,0.0025392520241551593
6.793000000000603,0.0025392530155363656
6.794000000000604,0.0025392543183699115
6.795000000000604,0.0025392559431510787
6.796000000000604,0.0025392579002777235
6.797000000000605,0.00253926020004144
6.798000000000605,0.002539262852618872
6.799000000000605,0.0025392658680634048
6.800000000000606,0.002539269256296009
6.801000000000606,0.0025392730270971907
6.802000000000606,0.002539277190098582
6.803000000000607,0.002539281754775264
6.804000000000607,0.0025392867304386106
6.805000000000607,0.002539292126229494
6.806000000000608,0.002539297951112053
6.807000000000608,0.002539304213868457
6.808000000000608,0.002539310923093653
6.809000000000609,0.0025393180871919573
6.810000000000609,0.0025393257143732084
6.811000000000609,0.0025393338126505904
6.81200000000061,0.0025393423898387897
6.81300000000061,0.0025393514535529994
6.81400000000061,0.002539361011209107
6.815000000000611,0.00253937107002445
6.816000000000611,0.002539381637018903
6.817000000000611,0.00253939271901793
6.818000000000612,0.002539404322655082
6.819000000000612,0.002539416454376761
6.820000000000612,0.002539429120446319
6.821000000000613,0.00253944232694989
6.822000000000613,0.002539456079802594
6.823000000000613,0.002539470384755684
6.824000000000614,0.0025394852474040115
6.825000000000614,0.0025395006731943615
6.826000000000614,0.0025395166674347554
6.827000000000615,0.0025395332353039674
6.828000000000615,0.0025395503818613843
6.829000000000615,0.0025395681120582644
6.830000000000616,0.002539586430748607
6.831000000000616,0.0025396053427013086
6.832000000000616,0.002539624852611874
6.833000000000617,0.0025396449651154777
6.834000000000617,0.0025396656847995504
6.835000000000617,0.002539687016217519
6.836000000000618,0.0025397089639019634
6.837000000000618,0.0025397315323788874
6.838000000000618,0.0025397547261813286
6.839000000000619,0.0025397785498639663
6.840000000000619,0.0025398030080172537
6.841000000000619,0.0025398281052819265
6.84200000000062,0.002539853846363266
6.84300000000062,0.0025398802360457884
6.84400000000062,0.0025399072792074255
6.845000000000621,0.002539934980833724
6.846000000000621,0.0025399633460321397
6.847000000000621,0.002539992380045864
6.848000000000622,0.0025400220882672297
6.849000000000622,0.0025400524762514767
6.850000000000622,0.0025400835497292502
6.851000000000623,0.0025401153146197217
6.852000000000623,0.0025401477770422495
6.853000000000623,0.0025401809433285016
6.854000000000624,0.0025402148200332902
6.855000000000624,0.0025402494139452683
6.856000000000624,0.00254028473209688
6.857000000000625,0.002540320781773648
6.858000000000625,0.0025403575705228096
6.859000000000625,0.0025403951061612404
6.860000000000626,0.002540433396782161
6.861000000000626,0.002540472450762093
6.862000000000626,0.0025405122767657544
6.863000000000627,0.0025405528837507754
6.864000000000627,0.0025405942809717044
6.865000000000627,0.0025406364779821874
6.866000000000628,0.002540679484637494
6.867000000000628,0.0025407233110950056
6.868000000000628,0.0025407679678140817
6.869000000000629,0.002540813465555531
6.870000000000629,0.002540859815379024
6.871000000000629,0.002540907028640814
6.87200000000063,0.0025409551169892075
6.87300000000063,0.0025410040923603307
6.87400000000063,0.0025410539669721566
6.875000000000631,0.002541104753317803
6.876000000000631,0.002541156464158336
6.877000000000631,0.00254120911251458
6.878000000000632,0.002541262711657905
6.879000000000632,0.0025413172751007906
6.880000000000632,0.0025413728165865103
6.881000000000633,0.0025414293500782247
6.882000000000633,0.002541486889747882
6.883000000000633,0.002541545449964464
6.884000000000634,0.0025416050452819403
6.885000000000634,0.002541665690427613
6.886000000000634,0.0025417274002896076
6.887000000000635,0.00254179018990508
6.888000000000635,0.002541854074448381
6.889000000000635,0.002541919069219429
6.890000000000636,0.002541985189633361
6.891000000000636,0.0025420524512095345
6.892000000000636,0.0025421208695630103
6.893000000000637,0.002542190460395357
6.894000000000637,0.0025422612394883394
6.895000000000637,0.0025423332226974793
6.896000000000638,0.002542406425948468
6.897000000000638,0.0025424808652344706
6.898000000000638,0.0025425565566160185
6.899000000000639,0.002542633516222907
6.900000000000639,0.002542711760258127
6.901000000000639,0.0025427913050055685
6.90200000000064,0.0025428721668390893
6.90300000000064,0.0025429543622362064
6.90400000000064,0.0025430379077937652
6.905000000000641,0.0025431228202483294
6.906000000000641,0.0025432091164995264
6.907000000000641,0.002543296813637852
6.908000000000642,0.0025433859289764084
6.909000000000642,0.0025434764800879514
6.910000000000642,0.0025435684848454237
6.911000000000643,0.002543661961468463
6.912000000000643,0.002543756928575086
6.913000000000643,0.0025438534052378836
6.914000000000644,0.0025439514110473516
6.915000000000644,0.002544050966179951
6.916000000000644,0.0025441520914731217
6.917000000000645,0.002544254808506407
6.918000000000645,0.0025443591396894713
6.919000000000645,0.0025444651083572183
6.920000000000646,0.002544572738871924
6.921000000000646,0.002544682056733149
6.922000000000646,0.002544793088695485
6.923000000000647,0.0025449058628945476
6.924000000000647,0.002545165383250555
6.925000000000647,0.002545591885358932
6.926000000000648,0.002546530354134227
6.927000000000648,0.0025483116349775924
6.928000000000648,0.002551252636234
6.929000000000649,0.0025556565304665664
6.930000000000649,0.0025618129546153
6.931000000000649,0.0025699982091023157
6.93200000000065,0.002580475455943077
6.93300000000065,0.0025934949159207403
6.93400000000065,0.0026092940648776673
6.935000000000651,0.0026280978291782497
6.936000000000651,0.0026501187803957167
6.937000000000651,0.00267555732927564
6.938000000000652,0.0027046019190279935
6.939000000000652,0.002737429218001207
6.940000000000652,0.0027742043117895757
6.941000000000653,0.0028150808948284693
6.942000000000653,0.0028602014615285616
6.943000000000653,0.002909697497003993
6.944000000000654,0.002963689667446187
6.945000000000654,0.0030222880101967997
6.946000000000654,0.0030855921235712416
6.947000000000655,0.003153691356484606
6.948000000000655,0.003226664997929979
6.949000000000655,0.0033045824663575016
6.950000000000656,0.003387503499001354
6.951000000000656,0.003475478341199066
6.952000000000656,0.0035685479357456737
6.953000000000657,0.0036667441123219707
6.954000000000657,0.003770089777033893
6.955000000000657,0.003878599102095419
6.956000000000658,0.003992277715685805
6.957000000000658,0.004111122892007171
6.958000000000658,0.0042351237415644075
6.959000000000659,0.004364261401686845
6.960000000000659,0.004498509227306734
6.961000000000659,0.004637832982005458
6.96200000000066,0.004782191029334672
6.96300000000066,0.004931534524417074
6.96400000000066,0.005085807605826581
6.965000000000661,0.005244947587745845
6.966000000000661,0.005408885152393836
6.967000000000661,0.00557754454271682
6.968000000000662,0.005750843755329367
6.969000000000662,0.005928694733693396
6.970000000000662,0.00611100356151905
6.971000000000663,0.006297670656370109
6.972000000000663,0.006488590963455901
6.973000000000663,0.006683654149588859
6.974000000000664,0.006882744797288412
6.975000000000664,0.007085742599009216
6.976000000000664,0.007292522551472461
6.977000000000665,0.007502955150078962
6.978000000000665,0.0077169065833823935
6.979000000000665,0.007934238927602623
6.980000000000666,0.008154810341156657
6.981000000000666,0.008378475259190547
6.982000000000666,0.008605084588090783
6.983000000000667,0.00883448589995868
6.984000000000667,0.009066523627030781
6.985000000000667,0.009301039256029736
6.986000000000668,0.00953787152243065
6.987000000000668,0.009776856604630818
6.988000000000668,0.01001782831800959
6.989000000000669,0.01026061830886911
6.990000000000669,0.010505056248245194
6.991000000000669,0.010750970025581293
6.99200000000067,0.010998185942257682
6.99300000000067,0.011246528904970791
6.99400000000067,0.01149582261895761
6.995000000000671,0.011745889781061204
6.996000000000671,0.011996552272635484
6.997000000000671,0.012247631352286702
6.998000000000672,0.012498947848451729
6.999000000000672,0.012750322351811755
7.000000000000672,0.013001575407543646
7.001000000000673,0.01325252770740911
7.002000000000673,0.013503000281684004
7.003000000000673,0.013752814690930815
7.004000000000674,0.014001793217616264
7.005000000000674,0.014249759057578151
7.006000000000674,0.01449653651134497
7.007000000000675,0.014741951175312233
7.008000000000675,0.014985830132779994
7.009000000000675,0.015228002144855854
7.010000000000676,0.015468297841227878
7.011000000000676,0.01570654991081307
7.012000000000676,0.015942593292285007
7.013000000000677,0.016176265364486436
7.014000000000677,0.016407406136731334
7.015000000000677,0.016635858439001554
7.016000000000678,0.016861468112042387
7.017000000000678,0.017084084197362397
7.018000000000678,0.017303559127142217
7.019000000000679,0.017519748914055923
7.020000000000679,0.017732513341011315
7.021000000000679,0.01794171615081159
7.02200000000068,0.018147225235743802
7.02300000000068,0.01834891282709801
7.02400000000068,0.0185466556846208
7.025000000000681,0.0187403352859076
7.026000000000681,0.018929838015736777
7.027000000000681,0.019115055355350012
7.028000000000682,0.019295884071681264
7.029000000000682,0.019472226406539186
7.030000000000682,0.01964399026574431
7.031000000000683,0.019811089408226547
7.032000000000683,0.019973443635083382
7.033000000000683,0.020130978978603907
7.034000000000684,0.020283627891260828
7.035000000000684,0.020431329434672733
7.036000000000684,0.020574029468540846
7.037000000000685,0.020711680839561812
7.038000000000685,0.02084424357032042
7.039000000000685,0.020971685048164483
7.040000000000686,0.021093980214065694
7.041000000000686,0.02121111175146919
7.042000000000686,0.02132307027513476
7.043000000000687,0.021429854519974208
7.044000000000687,0.021531471529887866
7.045000000000687,0.02162793684660444
7.046000000000688,0.021719274698528433
7.047000000000688,0.021805518189600408
7.048000000000688,0.021886709488173436
7.049000000000689,0.021962900015913583
7.050000000000689,0.022034150636728846
7.051000000000689,0.022100531845732768
7.05200000000069,0.022162123958251415
7.05300000000069,0.022219017298879748
7.05400000000069,0.022271312390597375
7.055000000000691,0.02231912014395162
7.056000000000691,0.022362562046318507
7.057000000000691,0.022401770351253028
7.058000000000692,0.022436888267939617
7.059000000000692,0.022468070150756088
7.060000000000692,0.022495481688964883
7.061000000000693,0.022519300096546485
7.062000000000693,0.022539714302190615
7.063000000000693,0.02255692513946226
7.064000000000694,0.02257114553716149
7.065000000000694,0.02258260070989513
7.066000000000694,0.02259152834888114
7.067000000000695,0.022598178813007713
7.068000000000695,0.02260281532016835
7.069000000000695,0.022605714138897254
7.070000000000696,0.022607164780328273
7.071000000000696,0.022607470190503673
7.072000000000696,0.022606946943055928
7.073000000000697,0.022605925432289953
7.074000000000697,0.022604750066690833
7.075000000000697,0.022603598167699433
7.076000000000698,0.022602289082703696
7.077000000000698,0.022600470541785413
7.078000000000698,0.02259780481533593
7.079000000000699,0.022593968515020726
7.080000000000699,0.022588652394289428
7.081000000000699,0.022581561148475933
7.0820000000007,0.02257241321453214
7.0830000000007,0.022560940570437636
7.0840000000007,0.022546888534323017
7.085000000000701,0.02253001556334685
7.086000000000701,0.02251009305236055
7.087000000000701,0.02248690513239495
7.088000000000702,0.02246024846899998
7.089000000000702,0.02242993206046598
7.090000000000702,0.022395777035954405
7.091000000000703,0.022357616453561414
7.092000000000703,0.022315295098338017
7.093000000000703,0.02226866928028741
7.094000000000704,0.02221760663235653
7.095000000000704,0.022161985908441553
7.096000000000704,0.022101696781419607
7.097000000000705,0.02203663964122249
7.098000000000705,0.021966725392962703
7.099000000000705,0.021891875255123643
7.100000000000706,0.021812020557822456
7.101000000000706,0.02172710254115366
7.102000000000706,0.021637072153621352
7.103000000000707,0.021541889850664506
7.104000000000707,0.021441525393281716
7.105000000000707,0.02133595764675912
7.106000000000708,0.02122517437950444
7.107000000000708,0.021109172061991012
7.108000000000708,0.02098795566581345
7.109000000000709,0.02086153846285635
7.110000000000709,0.020729941824577998
7.111000000000709,0.02059319502141027
7.11200000000071,0.020451335022274003
7.11300000000071,0.020304406294211395
7.11400000000071,0.020152460602135602
7.115000000000711,0.0199955568086966
7.116000000000711,0.01983376067426399
7.117000000000711,0.019667144657026486
7.118000000000712,0.01949578771320689
7.119000000000712,0.01931977509739389
7.120000000000712,0.019139198162988674
7.121000000000713,0.01895415416276721
7.122000000000713,0.0187647460495574
7.123000000000713,0.018571082277031158
7.124000000000714,0.01837327660061156
7.125000000000714,0.01817144787849405
7.126000000000714,0.01796571987278322
7.127000000000715,0.01775622105074405
7.128000000000715,0.01754308438616836
7.129000000000715,0.017326447160857017
7.130000000000716,0.017106450766217918
7.131000000000716,0.016883240504980433
7.132000000000716,0.016656965393027155
7.133000000000717,0.01642777796134262
7.134000000000717,0.016195834058081483
7.135000000000717,0.015961292650754764
7.136000000000718,0.01572431562853665
7.137000000000718,0.015485067604691406
7.138000000000718,0.015243715719122329
7.139000000000719,0.015000429441041518
7.140000000000719,0.014755380371763688
7.141000000000719,0.014508742047621793
7.14200000000072,0.014260689743006837
7.14300000000072,0.014011400273531156
7.14400000000072,0.013761051799315138
7.145000000000721,0.013509823628397082
7.146000000000721,0.01325789602026662
7.147000000000721,0.01300544998951883
7.148000000000722,0.012752667109629995
7.149000000000722,0.012499729316851567
7.1500000000007224,0.012246818714221203
7.151000000000723,0.011994117375687792
7.152000000000723,0.011741807150347415
7.1530000000007234,0.011490069466785977
7.154000000000724,0.011239085137524994
7.155000000000724,0.010989034163563845
7.1560000000007244,0.010740095539013741
7.157000000000725,0.010492447055816229
7.158000000000725,0.010246265108538523
7.1590000000007254,0.010001724499236975
7.160000000000726,0.009758998242379864
7.161000000000726,0.009518257369818768
7.1620000000007265,0.009279670735797316
7.163000000000727,0.009043404821985034
7.164000000000727,0.008809623542523237
7.1650000000007275,0.008578488049069077
7.166000000000728,0.008350156535822328
7.167000000000728,0.008124784044519169
7.1680000000007285,0.007902522269376835
7.169000000000729,0.007683519361970967
7.170000000000729,0.007467919736028249
7.1710000000007295,0.007255863872116172
7.17200000000073,0.007047488122209941
7.17300000000073,0.006842924514118644
7.1740000000007305,0.00664230055575115
7.175000000000731,0.006445739039202293
7.176000000000731,0.0062533578446418644
7.1770000000007315,0.006065269743987377
7.178000000000732,0.005881582204343629
7.179000000000732,0.005702397191193864
7.1800000000007325,0.00552781097132609
7.181000000000733,0.005357913915483653
7.182000000000733,0.005192790300726724
7.1830000000007335,0.005032518112496928
7.184000000000734,0.004877168846378441
7.185000000000734,0.004726807309550919
7.1860000000007345,0.004581491421934238
7.187000000000735,0.0044412720170264736
7.188000000000735,0.00430619264244065
7.1890000000007355,0.004176289360149625
7.190000000000736,0.00405159054645135
7.191000000000736,0.003932116691670567
7.1920000000007365,0.0038178801996168812
7.193000000000737,0.0037088851868228787
7.194000000000737,0.0036051272815891475
7.1950000000007375,0.003506593422866598
7.196000000000738,0.003413261659009785
7.197000000000738,0.003325100946438425
7.1980000000007385,0.0032420709482458357
7.199000000000739,0.0031641218327965667
7.200000000000739,0.0030911940723569037
7.2010000000007395,0.0030232182418036546
7.20200000000074,0.0029601148174579345
7.20300000000074,0.0029017939760911104
7.2040000000007405,0.002848155394151026
7.205000000000741,0.002799088047255191
7.206000000000741,0.0027544700099982333
7.2070000000007415,0.00271416825612001
7.208000000000742,0.002678038459077582
7.209000000000742,0.002645924793064792
7.2100000000007425,0.0026176597345197623
7.211000000000743,0.00259306386415855
7.212000000000743,0.0025719456695708076
7.2130000000007435,0.0025541013484120037
7.214000000000744,0.00253931461222124
7.215000000000744,0.0025273564908945417
7.2160000000007445,0.0025179851378396394
7.217000000000745,0.002510945635835208
7.218000000000745,0.00250596980361854
7.2190000000007455,0.0025027760032212687
7.220000000000746,0.0025010689480738785
7.221000000000746,0.0025005395119000115
7.2220000000007465,0.0025008645384197066
7.223000000000747,0.002501706651885191
7.224000000000747,0.0025027140684727375
7.2250000000007475,0.0025038876417992073
7.226000000000748,0.0025050270418625273
7.227000000000748,0.0025061332214262426
7.2280000000007485,0.0025072071060288463
7.229000000000749,0.0025082495948627083
7.230000000000749,0.0025092615616173
7.2310000000007495,0.0025102438552889045
7.23200000000075,0.0025111973009581956
7.23300000000075,0.002512122700537224
7.2340000000007505,0.002513020833487086
7.235000000000751,0.0025138924575081496
7.236000000000751,0.0025147383092032245
7.2370000000007515,0.0025155591047159344
7.238000000000752,0.002516355540344739
7.239000000000752,0.0025171282931337295
7.2400000000007525,0.0025178780214418876
7.241000000000753,0.0025186053654911514
7.242000000000753,0.0025193109478944646
7.2430000000007535,0.0025199953741650433
7.244000000000754,0.002520659233207115
7.245000000000754,0.002521303097789737
7.2460000000007545,0.002521927525003676
7.247000000000755,0.0025225330567031426
7.248000000000755,0.002523120219931802
7.2490000000007555,0.00252368952733523
7.250000000000756,0.0025242414775591207
7.251000000000756,0.00252477655563493
7.2520000000007565,0.002525295233353122
7.253000000000757,0.0025257979696242314
7.254000000000757,0.0025262852108291697
7.2550000000007575,0.0025267573911585788
7.256000000000758,0.002527214932941866
7.257000000000758,0.0025276582469667477
7.2580000000007585,0.002528087732789383
7.259000000000759,0.002528503779035334
7.260000000000759,0.002528906763692485
7.2610000000007595,0.0025292970543954255
7.26200000000076,0.0025296750087027524
7.26300000000076,0.0025300409743657104
7.2640000000007605,0.0025303952895910538
7.265000000000761,0.0025307382832961724
7.266000000000761,0.0025310702753579273
7.2670000000007615,0.0025313915768554046
7.268000000000762,0.0025317024903061605
7.269000000000762,0.0025320033098968665
7.2700000000007625,0.002532294321708456
7.271000000000763,0.002532575803935455
7.272000000000763,0.002532848027100368
7.2730000000007635,0.002533111254262803
7.274000000000764,0.0025333657412237517
7.275000000000764,0.00253361173672503
7.2760000000007645,0.002533849482643801
7.277000000000765,0.0025340792141833636
7.278000000000765,0.0025343011600583616
7.2790000000007655,0.002534515542676672
7.280000000000766,0.0025347225783166408
7.281000000000766,0.002534922477300125
7.2820000000007665,0.0025351154441618402
7.283000000000767,0.0025353016778144506
7.284000000000767,0.002535481371709846
7.2850000000007675,0.002535654713996912
7.286000000000768,0.0025358218876750035
7.287000000000768,0.0025359830707442216
7.2880000000007685,0.002536138436351948
7.289000000000769,0.002536288152935752
7.290000000000769,0.0025364323843625886
7.2910000000007695,0.0025365712900651052
7.29200000000077,0.002536705025173825
7.29300000000077,0.0025368337406464422
7.2940000000007705,0.0025369575833937494
7.295000000000771,0.002537076696401897
7.296000000000771,0.002537191218851563
7.2970000000007715,0.002537301286234521
7.298000000000772,0.0025374070304657603
7.299000000000772,0.0025375085799935054
7.3000000000007725,0.0025376060599058663
7.301000000000773,0.002537699592034058
7.302000000000773,0.0025377892950529148
7.3030000000007735,0.002537875284578245
7.304000000000774,0.002537957673261367
7.305000000000774,0.0025380365708802394
7.3060000000007745,0.002538112084428435
7.307000000000775,0.002538184318200236
7.308000000000775,0.002538253373874061
7.3090000000007755,0.0025383193505918236
7.310000000000776,0.002538382345036453
7.311000000000776,0.0025384424515064417
7.3120000000007765,0.0025384997619874866
7.313000000000777,0.0025385543662212913
7.314000000000777,0.002538606351772641
7.3150000000007775,0.002538655804092897
7.316000000000778,0.002538702806581538
7.317000000000778,0.0025387474406447785
7.3180000000007785,0.0025387897857524593
7.319000000000779,0.0025388299194916038
7.320000000000779,0.0025388679176186132
7.3210000000007796,0.002538903854108175
7.32200000000078,0.0025389378012008884
7.32300000000078,0.0025389698294479776
7.3240000000007806,0.0025390000077541476
7.325000000000781,0.002539028403418568
7.326000000000781,0.0025390550821735476
7.3270000000007816,0.0025390801082211985
7.328000000000782,0.0025391035442687143
7.329000000000782,0.002539125451561111
7.330000000000783,0.00253914588991299
7.331000000000783,0.002539164917737837
7.332000000000783,0.0025391825920763854
7.333000000000784,0.0025391989686229938
7.334000000000784,0.002539214101750606
7.335000000000784,0.0025392280445348005
7.336000000000785,0.002539240848775534
7.337000000000785,0.002539252565018666
7.338000000000785,0.0025392632425759315
7.339000000000786,0.0025392729295433993
7.340000000000786,0.002539281672819957
7.341000000000786,0.0025392895181236795
7.342000000000787,0.0025392965100084278
7.343000000000787,0.0025393026918791133
7.344000000000787,0.002539308106006659
7.345000000000788,0.0025393127935421853
7.346000000000788,0.0025393167945307674
7.347000000000788,0.0025393201479251386
7.348000000000789,0.0025393228915990274
7.349000000000789,0.002539325062360088
7.350000000000789,0.0025393266959634064
7.35100000000079,0.0025393278271242485
7.35200000000079,0.0025393284895321895
7.35300000000079,0.0025393287158642468
7.354000000000791,0.002539328537799663
7.355000000000791,0.0025393279860342136
7.356000000000791,0.0025393270902962055
7.357000000000792,0.0025393258793623835
7.358000000000792,0.0025393243810755
7.359000000000792,0.0025393226223626685
7.360000000000793,0.0025393206292547814
7.361000000000793,0.0025393184269080424
7.362000000000793,0.0025393160396258996
7.363000000000794,0.0025393134908838003
7.364000000000794,0.002539310803354986
7.365000000000794,0.002539307998938742
7.366000000000795,0.002539305098790842
7.367000000000795,0.0025393021233557946
7.368000000000795,0.0025392990924024
7.369000000000796,0.002539296025061144
7.370000000000796,0.0025392929398654826
7.371000000000796,0.002539289854794971
7.372000000000797,0.002539286787322549
7.373000000000797,0.0025392837544649903
7.374000000000797,0.002539280772836737
7.375000000000798,0.0025392778587076566
7.376000000000798,0.0025392750273913432
7.377000000000798,0.00253927229251185
7.378000000000799,0.0025392696666622083
7.379000000000799,0.002539267162146454
7.380000000000799,0.002539264791026105
7.3810000000008,0.0025392625651597216
7.3820000000008,0.0025392604962374693
7.3830000000008,0.0025392585958084746
7.384000000000801,0.0025392568753049467
7.385000000000801,0.0025392553460605906
7.386000000000801,0.0025392540193251156
7.387000000000802,0.0025392529062752967
7.388000000000802,0.0025392520180227106
7.389000000000802,0.002539251365618212
7.390000000000803,0.002539250960054626
7.391000000000803,0.002539250812266105
7.392000000000803,0.002539250933126822
7.393000000000804,0.0025392513334469673
7.394000000000804,0.002539252023967955
7.395000000000804,0.0025392530153564435
7.396000000000805,0.002539254318197258
7.397000000000805,0.0025392559429857076
7.398000000000805,0.0025392579001194994
7.399000000000806,0.002539260199890307
7.400000000000806,0.002539262852474987
7.401000000000806,0.0025392658679266496
7.402000000000807,0.002539269256166439
7.403000000000807,0.002539273026974719
7.404000000000807,0.0025392771899832613
7.405000000000808,0.0025392817546670103
7.406000000000808,0.002539286730337563
7.407000000000808,0.0025392921261355415
7.408000000000809,0.002539297951025258
7.409000000000809,0.0025393042137887706
7.410000000000809,0.0025393109230211625
7.41100000000081,0.0025393180871265963
7.41200000000081,0.002539325714315057
7.41300000000081,0.0025393338125995583
7.414000000000811,0.0025393423897949324
7.415000000000811,0.002539351453516355
7.416000000000811,0.002539361011179766
7.417000000000812,0.0025393710700023636
7.418000000000812,0.002539381637004113
7.419000000000812,0.002539392719010391
7.420000000000813,0.0025394043226549673
7.421000000000813,0.0025394164543840123
7.422000000000813,0.0025394291204609183
7.423000000000814,0.0025394423269719316
7.424000000000814,0.0025394560798321086
7.425000000000814,0.002539470384792703
7.426000000000815,0.0025394852474484725
7.427000000000815,0.002539500673246431
7.428000000000815,0.002539516667494548
7.429000000000816,0.002539533235371351
7.430000000000816,0.0025395503819365464
7.431000000000816,0.0025395681121411426
7.432000000000817,0.00253958643083943
7.433000000000817,0.002539605342799959
7.434000000000817,0.00253962485271848
7.435000000000818,0.0025396449652301464
7.436000000000818,0.0025396656849223515
7.437000000000818,0.002539687016348456
7.438000000000819,0.00253970896404114
7.439000000000819,0.0025397315325263563
7.440000000000819,0.0025397547263372768
7.44100000000082,0.0025397785500284042
7.44200000000082,0.0025398030081902542
7.44300000000082,0.002539828105463552
7.444000000000821,0.0025398538465537107
7.445000000000821,0.002539880236245077
7.446000000000821,0.0025399072794156687
7.447000000000822,0.0025399349810510397
7.448000000000822,0.002539963346258632
7.449000000000822,0.0025399923802815923
7.450000000000823,0.0025400220885124017
7.451000000000823,0.0025400524765060856
7.452000000000823,0.0025400835499935076
7.453000000000824,0.002540115314893697
7.454000000000824,0.0025401477773261405
7.455000000000824,0.002540180943622402
7.456000000000825,0.0025402148203373075
7.457000000000825,0.002540249414259569
7.458000000000825,0.002540284732421575
7.459000000000826,0.0025403207821089284
7.460000000000826,0.0025403575708687516
7.461000000000826,0.0025403951065178856
7.462000000000827,0.0025404333971498286
7.463000000000827,0.0025404724511407864
7.464000000000827,0.0025405122771556612
7.465000000000828,0.0025405528841520864
7.466000000000828,0.0025405942813844645
7.467000000000828,0.0025406364784066465
7.468000000000829,0.002540679485073815
7.469000000000829,0.002540723311543241
7.470000000000829,0.002540767968274432
7.47100000000083,0.0025408134660280836
7.47200000000083,0.0025408598158640112
7.47300000000083,0.002540907029138312
7.474000000000831,0.0025409551174994174
7.475000000000831,0.002541004092883402
7.476000000000831,0.002541053967508162
7.477000000000832,0.00254110475386694
7.478000000000832,0.002541156464720754
7.479000000000832,0.0025412091130903695
7.480000000000833,0.0025412627122472255
7.481000000000833,0.002541317275703784
7.482000000000833,0.002541372817203246
7.483000000000834,0.0025414293507089285
7.484000000000834,0.002541486890392613
7.485000000000834,0.0025415454506233295
7.486000000000835,0.0025416050459551934
7.487000000000835,0.0025416656911152295
7.488000000000835,0.0025417274009918375
7.489000000000836,0.002541790190621944
7.490000000000836,0.002541854075179987
7.491000000000836,0.002541919069965929
7.492000000000837,0.002541985190394811
7.493000000000837,0.0025420524519861216
7.494000000000837,0.0025421208703547485
7.495000000000838,0.00254219046120243
7.496000000000838,0.002542261240310789
7.497000000000838,0.0025423332235353646
7.498000000000839,0.002542406426801945
7.499000000000839,0.0025424808661036503
7.500000000000839,0.002542556557500998
7.50100000000084,0.0025426335171236727
7.50200000000084,0.0025427117611748554
7.50300000000084,0.0025427913059383293
7.504000000000841,0.0025428721677880593
7.505000000000841,0.0025429543632013683
7.506000000000841,0.002543037908775317
7.507000000000842,0.0025431228212463818
7.508000000000842,0.0025432091175141315
7.509000000000842,0.002543296814669048
7.510000000000843,0.002543385930024504
7.511000000000843,0.0025434764811529224
7.512000000000843,0.00254356848592744
7.513000000000844,0.002543661962567726
7.514000000000844,0.002543756929691686
7.515000000000844,0.0025438534063720285
7.516000000000845,0.0025439514121992322
7.517000000000845,0.00254405096734971
7.518000000000845,0.002544152092660991
7.519000000000846,0.002544254809712581
7.520000000000846,0.002544359140914193
7.521000000000846,0.0025444651096008
7.522000000000847,0.0025445727401345562
7.523000000000847,0.0025446820580152067
7.524000000000847,0.0025447930899972007
7.525000000000848,0.002544905864216289
7.526000000000848,0.002545165384625875
7.527000000000848,0.0025455918867857835
7.528000000000849,0.0025465303556105566
7.529000000000849,0.0025483116365013977
7.530000000000849,0.002551252637803373
7.53100000000085,0.002555656532079606
7.53200000000085,0.002561812956270018
7.53300000000085,0.002569998210796714
7.534000000000851,0.0025804754576752645
7.535000000000851,0.002593494917688746
7.536000000000851,0.002609294066679632
7.537000000000852,0.0026280978310122133
7.538000000000852,0.0026501187822597742
7.539000000000852,0.0026755573311678382
7.540000000000853,0.0027046019209464207
7.541000000000853,0.002737429219943948
7.542000000000853,0.002774204313754792
7.543000000000854,0.002815080896814301
7.544000000000854,0.0028602014635330485
7.545000000000854,0.002909697499025296
7.546000000000855,0.0029636896694826415
7.547000000000855,0.0030222880122465906
7.548000000000855,0.003085592125632655
7.549000000000856,0.003153691358555956
7.550000000000856,0.003226665000009704
7.551000000000856,0.0033045824684439784
7.552000000000857,0.003387503501093167
7.553000000000857,0.0034754783432948133
7.554000000000857,0.00356854793784403
7.555000000000858,0.003666744114421687
7.556000000000858,0.003770089779133942
7.557000000000858,0.0038785991041947604
7.558000000000859,0.003992277717783571
7.559000000000859,0.004111122894102565
7.560000000000859,0.004235123743656713
7.56100000000086,0.004364261403775632
7.56200000000086,0.0044985092293917325
7.56300000000086,0.004637832984086342
7.564000000000861,0.004782191031411323
7.565000000000861,0.004931534526489589
7.566000000000861,0.005085807607895239
7.567000000000862,0.005244947589810929
7.568000000000862,0.005408885154455936
7.569000000000862,0.005577544544776623
7.570000000000863,0.005750843757387693
7.571000000000863,0.005928694735751236
7.572000000000863,0.006111003563577536
7.573000000000864,0.006297670658430621
7.574000000000864,0.006488590965519764
7.575000000000864,0.006683654151657649
7.576000000000865,0.00688274479936387
7.577000000000865,0.007085742601093188
7.578000000000865,0.007292522553566834
7.579000000000866,0.007502955152185804
7.580000000000866,0.007716906585503974
7.581000000000866,0.007934238929741072
7.582000000000867,0.008154810343314424
7.583000000000867,0.008378475261370116
7.584000000000867,0.00860508459029459
7.585000000000868,0.008834485902189305
7.586000000000868,0.009066523629290842
7.587000000000868,0.009301039258321889
7.588000000000869,0.009537871524757519
7.589000000000869,0.00977685660699517
7.590000000000869,0.010017828320414118
7.59100000000087,0.0102606183113165
7.59200000000087,0.010505056250738068
7.59300000000087,0.010750970028122316
7.594000000000871,0.010998185944849533
7.595000000000871,0.011246528907616002
7.596000000000871,0.011495822621658651
7.597000000000872,0.01174588978382056
7.598000000000872,0.011996552275455458
7.599000000000872,0.01224763135516957
7.600000000000873,0.012498947851399655
7.601000000000873,0.012750322354826801
7.602000000000873,0.013001575410627735
7.603000000000874,0.013252527710563997
7.604000000000874,0.013503000284911477
7.605000000000874,0.013752814694232396
7.606000000000875,0.014001793220993285
7.607000000000875,0.014249759061031847
7.608000000000875,0.014496536514876347
7.609000000000876,0.014741951178922269
7.610000000000876,0.014985830136469432
7.611000000000876,0.015228002148625186
7.612000000000877,0.015468297845077542
7.613000000000877,0.015706549914743212
7.614000000000877,0.015942593296295653
7.615000000000878,0.016176265368577372
7.616000000000878,0.01640740614090224
7.617000000000878,0.016635858443251807
7.618000000000879,0.016861468116371237
7.619000000000879,0.017084084201768907
7.620000000000879,0.017303559131625144
7.62100000000088,0.01751974891861406
7.62200000000088,0.017732513345643117
7.62300000000088,0.01794171615551529
7.624000000000881,0.018147225240517546
7.625000000000881,0.018348912831939693
7.626000000000881,0.018546655689528256
7.627000000000882,0.01874033529087831
7.628000000000882,0.018929838020768204
7.629000000000882,0.01911505536043938
7.630000000000883,0.01929588407682576
7.631000000000883,0.01947222641173566
7.632000000000883,0.019643990270989772
7.633000000000884,0.019811089413517606
7.634000000000884,0.019973443640416602
7.635000000000884,0.02013097898397577
7.636000000000885,0.02028362789666769
7.637000000000885,0.020431329440110925
7.638000000000885,0.020574029474006612
7.639000000000886,0.020711680845051268
7.640000000000886,0.020844243575829556
7.641000000000886,0.020971685053689425
7.642000000000887,0.021093980219602494
7.643000000000887,0.02121111175701372
7.644000000000887,0.02132307028068297
7.645000000000888,0.02142985452552202
7.646000000000888,0.02153147153543126
7.647000000000888,0.021627936852139457
7.648000000000889,0.021719274704051134
7.649000000000889,0.021805518195106767
7.650000000000889,0.021886709493659597
7.65100000000089,0.021962900021375853
7.65200000000089,0.022034150642163415
7.65300000000089,0.022100531851136078
7.654000000000891,0.02216212396361982
7.655000000000891,0.022219017304209943
7.656000000000891,0.022271312395886096
7.657000000000892,0.022319120149195737
7.658000000000892,0.022362562051514982
7.659000000000892,0.022401770356399064
7.660000000000893,0.02243688827303253
7.661000000000893,0.022468070155793295
7.662000000000893,0.02249548169394426
7.663000000000894,0.022519300101465772
7.664000000000894,0.022539714307047896
7.665000000000894,0.022556925144255863
7.666000000000895,0.022571145541889902
7.667000000000895,0.022582600714556984
7.668000000000895,0.022591528353475533
7.669000000000896,0.022598178817533753
7.670000000000896,0.022602815324625485
7.671000000000896,0.02260571414328512
7.672000000000897,0.022607164784646902
7.673000000000897,0.022607470194753253
7.674000000000897,0.022606946947236778
7.675000000000898,0.022605925436402975
7.676000000000898,0.02260475007073691
7.677000000000898,0.022603598171679673
7.678000000000899,0.022602289086619105
7.679000000000899,0.022600470545636575
7.680000000000899,0.02259780481912322
7.6810000000009,0.022593968518744192
7.6820000000009,0.022588652397948834
7.6830000000009,0.022581561152070828
7.684000000000901,0.022572413218061943
7.685000000000901,0.02256094057390149
7.6860000000009014,0.02254688853771985
7.687000000000902,0.022530015566675526
7.688000000000902,0.022510093055619775
7.6890000000009024,0.022486905135583372
7.690000000000903,0.022460248472116078
7.691000000000903,0.022429932063508254
7.6920000000009034,0.022395777038921164
7.693000000000904,0.022357616456451027
7.694000000000904,0.02231529510114897
7.6950000000009044,0.022268669283017954
7.696000000000905,0.022217606635005
7.697000000000905,0.02216198591100639
7.6980000000009055,0.022101696783899304
7.699000000000906,0.02203663964361545
7.700000000000906,0.021966725395267575
7.7010000000009065,0.02189187525733903
7.702000000000907,0.02181202055994705
7.703000000000907,0.021727102543186334
7.7040000000009075,0.02163707215556105
7.705000000000908,0.021541889852510133
7.706000000000908,0.02144152539503258
7.7070000000009085,0.02133595764841445
7.708000000000909,0.02122517438106359
7.709000000000909,0.021109172063453557
7.7100000000009095,0.020987955667178898
7.71100000000091,0.020861538464124516
7.71200000000091,0.02072994182574881
7.7130000000009105,0.020593195022483732
7.714000000000911,0.020451335023250146
7.715000000000911,0.02030440629509056
7.7160000000009115,0.020152460602918094
7.717000000000912,0.019995556809382836
7.718000000000912,0.019833760674854636
7.7190000000009125,0.01966714465752207
7.720000000000913,0.019495787713608242
7.721000000000913,0.019319775097701858
7.7220000000009135,0.0191391981632043
7.723000000000914,0.018954154162891396
7.724000000000914,0.01876474604959124
7.7250000000009145,0.018571082276975882
7.726000000000915,0.018373276600468315
7.727000000000915,0.01817144787826415
7.7280000000009155,0.01796571987246797
7.729000000000916,0.0177562210503448
7.730000000000916,0.01754308438568658
7.7310000000009165,0.01732644716029414
7.732000000000917,0.01710645076557541
7.733000000000917,0.016883240504259878
7.7340000000009175,0.016656965392229994
7.735000000000918,0.01642777796047045
7.736000000000918,0.016195834057135983
7.7370000000009185,0.015961292649737502
7.738000000000919,0.015724315627449158
7.739000000000919,0.01548506760353547
7.7400000000009195,0.015243715717899516
7.74100000000092,0.015000429439753556
7.74200000000092,0.014755380370412276
7.7430000000009205,0.014508742046208611
7.744000000000921,0.014260689741533675
7.745000000000921,0.014011400271999791
7.7460000000009215,0.013761051797727297
7.747000000000922,0.013509823626754645
7.748000000000922,0.013257896018571469
7.7490000000009225,0.013005449987772887
7.750000000000923,0.012752667107835167
7.751000000000923,0.012499729315009922
7.7520000000009235,0.012246818712334767
7.753000000000924,0.011994117373758661
7.754000000000924,0.011741807148377782
7.7550000000009245,0.011490069464778076
7.756000000000925,0.011239085135481205
7.757000000000925,0.010989034161486458
7.7580000000009255,0.010740095536905192
7.759000000000926,0.010492447053679133
7.760000000000926,0.010246265106375385
7.7610000000009265,0.010001724497050543
7.762000000000927,0.009758998240172852
7.763000000000927,0.009518257367594152
7.7640000000009275,0.009279670733557906
7.765000000000928,0.00904340481973389
7.766000000000928,0.008809623540263399
7.7670000000009285,0.008578488046803764
7.768000000000929,0.008350156533554753
7.769000000000929,0.008124784042252593
7.7700000000009295,0.007902522267114548
7.77100000000093,0.007683519359716243
7.77200000000093,0.00746791973378455
7.7730000000009305,0.007255863869886817
7.774000000000931,0.007047488119998328
7.775000000000931,0.006842924511928167
7.7760000000009315,0.006642300553585029
7.777000000000932,0.006445739037063872
7.778000000000932,0.006253357842534432
7.7790000000009325,0.006065269741913959
7.780000000000933,0.0058815822023072645
7.781000000000933,0.005702397189197392
7.7820000000009335,0.005527810969372306
7.783000000000934,0.0053579139135750825
7.784000000000934,0.005192790298865713
7.7850000000009345,0.005032518110685613
7.786000000000935,0.004877168844618737
7.787000000000935,0.004726807307844555
7.7880000000009355,0.004581491420282642
7.789000000000936,0.004441272015430722
7.790000000000936,0.004306192640901554
7.7910000000009365,0.004176289358667637
7.792000000000937,0.004051590545026705
7.793000000000937,0.0039321166903030225
7.7940000000009375,0.0038178801983059785
7.795000000000938,0.0037088851855677507
7.796000000000938,0.0036051272803885592
7.7970000000009385,0.003506593421718933
7.798000000000939,0.003413261657913211
7.799000000000939,0.0033251009453906175
7.8000000000009395,0.0032420709472442966
7.80100000000094,0.0031641218318382916
7.80200000000094,0.00309119407143877
7.8030000000009405,0.0030232182409221584
7.804000000000941,0.0029601148166093494
7.805000000000941,0.002901793975271509
7.8060000000009415,0.002848155393356311
7.807000000000942,0.0027990880464810533
7.808000000000942,0.002754470009240246
7.8090000000009425,0.002714168255373635
7.810000000000943,0.0026780384583382534
7.811000000000943,0.002645924792327954
7.8120000000009435,0.0026176597337808985
7.813000000000944,0.002593063863413035
7.814000000000944,0.002571945668814468
7.8150000000009445,0.0025541013476405756
7.816000000000945,0.0025393146114306396
7.817000000000945,0.0025273564900811056
7.8180000000009455,0.0025179851369998424
7.819000000000946,0.002510945634965976
7.820000000000946,0.0025059698027171326
7.8210000000009465,0.0025027760022851564
7.822000000000947,0.0025010689471012294
7.823000000000947,0.0025005395108893755
7.8240000000009475,0.00250086453737014
7.825000000000948,0.0025017066507962774
7.826000000000948,0.002502714067344744
7.8270000000009485,0.002503887640637782
7.828000000000949,0.002505027040670217
7.829000000000949,0.0025061332202052228
7.8300000000009495,0.0025072071047812818
7.83100000000095,0.0025082495935907258
7.83200000000095,0.0025092615603227834
7.8330000000009505,0.0025102438539736996
7.834000000000951,0.002511197299624072
7.835000000000951,0.0025121226991857877
7.8360000000009515,0.0025130208321199714
7.837000000000952,0.002513892456126727
7.838000000000952,0.002514738307808965
7.8390000000009525,0.0025155591033100694
7.840000000000953,0.0025163555389285178
7.841000000000953,0.0025171282917083107
7.8420000000009535,0.002517878020008326
7.843000000000954,0.0025186053640504982
7.844000000000954,0.0025193109464477365
7.8450000000009545,0.002519995372713045
7.846000000000955,0.0025206592317507277
7.847000000000955,0.0025213030963297037
7.8480000000009555,0.0025219275235407804
7.849000000000956,0.0025225330552379743
7.850000000000956,0.0025231202184650553
7.8510000000009565,0.0025236895258674667
7.852000000000957,0.002524241476090882
7.853000000000957,0.002524776554166809
7.8540000000009575,0.00252529523188557
7.855000000000958,0.0025257979681576302
7.856000000000958,0.00252628520936396
7.8570000000009586,0.002526757389695107
7.858000000000959,0.0025272149314805106
7.859000000000959,0.0025276582455078557
7.8600000000009596,0.002528087731333218
7.86100000000096,0.002528503777582146
7.86200000000096,0.002528906762242499
7.8630000000009606,0.0025292970529490685
7.864000000000961,0.0025296750072601043
7.865000000000961,0.002530040972927028
7.866000000000962,0.0025303952881565
7.867000000000962,0.0025307382818659484
7.868000000000962,0.0025310702739322587
7.869000000000963,0.0025313915754343608
7.870000000000963,0.002531702488889998
7.871000000000963,0.0025320033084857106
7.872000000000964,0.002532294320302414
7.873000000000964,0.0025325758025346867
7.874000000000964,0.00253284802570497
7.875000000000965,0.0025331112528729424
7.876000000000965,0.002533365739839522
7.877000000000965,0.0025336117353465214
7.878000000000966,0.0025338494812712047
7.879000000000966,0.0025340792128167484
7.880000000000966,0.002534301158697884
7.881000000000967,0.0025345155413224324
7.882000000000967,0.0025347225769687502
7.883000000000967,0.002534922475958757
7.884000000000968,0.002535115442827026
7.885000000000968,0.0025353016764863984
7.886000000000968,0.002535481370388677
7.887000000000969,0.0025356547126827583
7.888000000000969,0.002535821886367917
7.889000000000969,0.002535983069444407
7.89000000000097,0.002536138435059565
7.89100000000097,0.0025362881516508493
7.89200000000097,0.0025364323830853394
7.893000000000971,0.0025365712887956138
7.894000000000971,0.0025367050239122994
7.895000000000971,0.002536833739393063
7.896000000000972,0.002536957582148603
7.897000000000972,0.0025370766951650914
7.898000000000972,0.0025371912176233545
7.899000000000973,0.0025373012850149618
7.900000000000973,0.0025374070292550066
7.901000000000973,0.002537508578791741
7.902000000000974,0.0025376060587132543
7.903000000000974,0.0025376995908507893
7.904000000000974,0.002537789293879038
7.905000000000975,0.002537875283413961
7.906000000000975,0.0025379576721068706
7.907000000000975,0.0025380365697356896
7.908000000000976,0.0025381120832939467
7.909000000000976,0.0025381843170759893
7.910000000000976,0.002538253372760136
7.911000000000977,0.0025383193494883764
7.912000000000977,0.002538382343943671
7.913000000000977,0.0025384424504245155
7.914000000000978,0.002538499760916437
7.915000000000978,0.002538554365161358
7.916000000000978,0.0025386063507239244
7.917000000000979,0.0025386558030555464
7.918000000000979,0.0025387028055555982
7.919000000000979,0.002538747439630451
7.92000000000098,0.0025387897847497856
7.92100000000098,0.00253882991850074
7.92200000000098,0.0025388679166396637
7.923000000000981,0.002538903853141254
7.924000000000981,0.0025389378002460897
7.925000000000981,0.002538969828505329
7.926000000000982,0.0025390000068238675
7.927000000000982,0.0025390284025006427
7.928000000000982,0.0025390550812679977
7.929000000000983,0.0025390801073281732
7.930000000000983,0.0025391035433882277
7.931000000000983,0.002539125450693267
7.932000000000984,0.0025391458890577957
7.933000000000984,0.002539164916895386
7.934000000000984,0.0025391825912466255
7.935000000000985,0.002539198967805991
7.936000000000985,0.0025392141009464506
7.937000000000985,0.0025392280437434266
7.938000000000986,0.0025392408479969694
7.939000000000986,0.0025392525642528967
7.940000000000986,0.0025392632418229574
7.941000000000987,0.002539272928803238
7.942000000000987,0.0025392816720925283
7.943000000000987,0.0025392895174089873
7.944000000000988,0.0025392965093064615
7.945000000000988,0.002539302691189887
7.946000000000988,0.0025393081053301063
7.947000000000989,0.002539312792878126
7.948000000000989,0.0025393167938791983
7.949000000000989,0.002539320147286042
7.95000000000099,0.00253932289097231
7.95100000000099,0.002539325061745718
7.95200000000099,0.00253932669536118
7.953000000000991,0.002539327826534238
7.954000000000991,0.0025393284889541866
7.955000000000991,0.002539328715298158
7.956000000000992,0.0025393285372453944
7.957000000000992,0.0025393279854916857
7.958000000000992,0.002539327089765283
7.959000000000993,0.002539325878842962
7.960000000000993,0.0025393243805674898
7.961000000000993,0.0025393226218659165
7.962000000000994,0.0025393206287692496
7.963000000000994,0.002539318426433474
7.964000000000994,0.002539316039162208
7.965000000000995,0.002539313490430871
7.966000000000995,0.002539310802912583
7.967000000000995,0.002539307998506893
7.968000000000996,0.0025393050983692836
7.969000000000996,0.002539302122944471
7.970000000000996,0.002539299092000971
7.971000000000997,0.0025392960246696204
7.972000000000997,0.002539292939483625
7.973000000000997,0.002539289854422592
7.974000000000998,0.0025392867869595895
7.975000000000998,0.0025392837541112386
7.976000000000998,0.0025392807724920474
7.977000000000999,0.0025392778583717517
7.978000000000999,0.0025392750270642472
7.979000000000999,0.0025392722921933064
7.980000000001,0.0025392696663520987
7.981000000001,0.0025392671618446744
7.982000000001,0.0025392647907324824
7.983000000001001,0.0025392625648742867
7.984000000001001,0.0025392604959599135
7.985000000001001,0.002539258595538784
7.986000000001002,0.002539256875043097
7.987000000001002,0.0025392553458064362
7.988000000001002,0.002539254019078646
7.989000000001003,0.0025392529060364426
7.990000000001003,0.0025392520177913783
7.991000000001003,0.0025392513653943807
7.992000000001004,0.0025392509598382053
7.993000000001004,0.00253925081205714
7.994000000001004,0.0025392509329251814
7.995000000001005,0.0025392513332526227
7.996000000001005,0.0025392520237808892
7.997000000001005,0.002539253015176643
7.998000000001006,0.002539254318024646
7.999000000001006,0.002539255942820267
8.000000000001005,0.0025392578999613134
8.001000000001005,0.002539260199739324
8.002000000001004,0.002539262852331123
8.003000000001004,0.0025392658677899603
8.004000000001003,0.00253926925603689
8.005000000001003,0.002539273026852352
8.006000000001002,0.0025392771898679577
8.007000000001002,0.0025392817545589023
8.008000000001001,0.0025392867302365535
8.009000000001,0.0025392921260416826
8.010000000001,0.0025392979509385044
8.011000000001,0.0025393042137091676
8.012000000000999,0.0025393109229486684
8.013000000000998,0.0025393180870612944
8.014000000000998,0.002539325714256857
8.015000000000997,0.002539333812548606
8.016000000000997,0.0025393423897511723
8.017000000000996,0.002539351453479801
8.018000000000995,0.0025393610111504455
8.019000000000995,0.0025393710699802875
8.020000000000994,0.0025393816369893123
8.021000000000994,0.002539392719002845
8.022000000000993,0.0025394043226547418
8.023000000000993,0.0025394164543911073
8.024000000000992,0.002539429120475438
8.025000000000992,0.0025394423269938238
8.026000000000991,0.002539456079861512
8.02700000000099,0.0025394703848296007
8.02800000000099,0.002539485247492961
8.02900000000099,0.002539500673298476
8.030000000000989,0.002539516667554167
8.031000000000988,0.002539533235438707
8.032000000000988,0.002539550382011594
8.033000000000987,0.0025395681122240277
8.034000000000987,0.0025395864309301318
8.035000000000986,0.0025396053428985953
8.036000000000985,0.0025396248528250995
8.037000000000985,0.0025396449653447596
8.038000000000984,0.002539665685045031
8.039000000000984,0.0025396870164793132
8.040000000000983,0.0025397089641802754
8.041000000000983,0.0025397315326738633
8.042000000000982,0.002539754726493114
8.043000000000982,0.002539778550192724
8.044000000000981,0.002539803008363241
8.04500000000098,0.0025398281056451914
8.04600000000098,0.002539853846744062
8.04700000000098,0.0025398802364443272
8.048000000000979,0.002539907279623846
8.049000000000978,0.0025399349812682513
8.050000000000978,0.002539963346485069
8.051000000000977,0.0025399923805172683
8.052000000000977,0.002540022088757442
8.053000000000976,0.002540052476760663
8.054000000000975,0.002540083550257692
8.055000000000975,0.0025401153151676827
8.056000000000974,0.0025401477776099968
8.057000000000974,0.0025401809439162468
8.058000000000973,0.0025402148206412345
8.059000000000973,0.002540249414573755
8.060000000000972,0.0025402847327461314
8.061000000000972,0.0025403207824440006
8.062000000000971,0.002540357571214496
8.06300000000097,0.002540395106874451
8.06400000000097,0.0025404333975173297
8.06500000000097,0.002540472451519407
8.066000000000969,0.0025405122775454536
8.067000000000968,0.0025405528845532516
8.068000000000968,0.002540594281797124
8.069000000000967,0.002540636478830984
8.070000000000967,0.002540679485509907
8.071000000000966,0.0025407233119913095
8.072000000000966,0.0025407679687346196
8.073000000000965,0.0025408134665005147
8.074000000000964,0.002540859816348877
8.075000000000964,0.0025409070296356674
8.076000000000963,0.002540955118009478
8.077000000000963,0.0025410040934063065
8.078000000000962,0.0025410539680440387
8.079000000000962,0.002541104754415942
8.080000000000961,0.0025411564652829607
8.08100000000096,0.0025412091136659855
8.08200000000096,0.002541262712836414
8.08300000000096,0.0025413172763065935
8.084000000000959,0.0025413728178199334
8.085000000000958,0.0025414293513394484
8.086000000000958,0.002541486891037243
8.087000000000957,0.0025415454512821255
8.088000000000957,0.0025416050466282453
8.089000000000956,0.0025416656918027386
8.090000000000956,0.002541727401693842
8.091000000000955,0.002541790191338607
8.092000000000954,0.002541854075911402
8.093000000000954,0.0025419190707122313
8.094000000000953,0.002541985191156053
8.095000000000953,0.0025420524527624555
8.096000000000952,0.002542120871146223
8.097000000000952,0.0025421904620092257
8.098000000000951,0.0025422612411329475
8.09900000000095,0.0025423332243731077
8.10000000000095,0.002542406427655259
8.10100000000095,0.0025424808669725907
8.102000000000949,0.0025425565583857106
8.103000000000948,0.0025426335180242336
8.104000000000948,0.0025427117620913757
8.105000000000947,0.002542791306870903
8.106000000000947,0.002542872168736738
8.107000000000946,0.0025429543641663013
8.108000000000946,0.002543037909756553
8.109000000000945,0.002543122822244108
8.110000000000944,0.0025432091185284313
8.111000000000944,0.0025432968157000566
8.112000000000943,0.0025433859310722944
8.113000000000943,0.002543476482217623
8.114000000000942,0.0025435684870092207
8.115000000000942,0.002543661963666708
8.116000000000941,0.002543756930807991
8.11700000000094,0.002543853407505854
8.11800000000094,0.002543951413350745
8.11900000000094,0.0025440509685191078
8.120000000000939,0.0025441520938485444
8.121000000000938,0.0025442548109184428
8.122000000000938,0.002544359142138592
8.123000000000937,0.002544465110844031
8.124000000000937,0.002544572741396918
8.125000000000936,0.0025446820592968968
8.126000000000936,0.0025447930912986805
8.127000000000935,0.002544905865537829
8.128000000000934,0.0025451653860007924
8.129000000000934,0.0025455918882122015
8.130000000000933,0.00254653035708648
8.131000000000933,0.0025483116380248423
8.132000000000932,0.002551252639372368
8.133000000000932,0.0025556565336921667
8.134000000000931,0.002561812957924226
8.13500000000093,0.0025699982124906436
8.13600000000093,0.0025804754594069626
8.13700000000093,0.0025934949194563184
8.138000000000929,0.0026092940684810696
8.139000000000928,0.002628097832845653
8.140000000000928,0.0026501187841232766
8.141000000000927,0.0026755573330594813
8.142000000000927,0.0027046019228643345
8.143000000000926,0.0027374292218861652
8.144000000000926,0.002774204315719477
8.145000000000925,0.0028150808987994942
8.146000000000925,0.002860201465536994
8.147000000000924,0.0029096975010461518
8.148000000000923,0.0029636896715185823
8.149000000000923,0.0030222880142958333
8.150000000000922,0.0030855921276935414
8.151000000000922,0.0031536913606267647
8.152000000000921,0.003226665002088819
8.15300000000092,0.0033045824705299903
8.15400000000092,0.0033875035031844594
8.15500000000092,0.0034754783453900193
8.156000000000919,0.003568547939941838
8.157000000000918,0.003666744116520994
8.158000000000918,0.003770089781233464
8.159000000000917,0.0038785991062935676
8.160000000000917,0.003992277719880824
8.161000000000916,0.0041111228961975
8.162000000000916,0.0042351237457486784
8.163000000000915,0.004364261405864045
8.164000000000915,0.004498509231476225
8.165000000000914,0.004637832986166747
8.166000000000913,0.0047821910334876
8.167000000000913,0.004931534528561689
8.168000000000912,0.005085807609963418
8.169000000000912,0.005244947591875597
8.170000000000911,0.0054088851565176205
8.17100000000091,0.005577544546835983
8.17200000000091,0.005750843759445581
8.17300000000091,0.005928694737808632
8.174000000000909,0.006111003565635591
8.175000000000908,0.006297670660490612
8.176000000000908,0.006488590967583141
8.177000000000907,0.00668365415372596
8.178000000000907,0.006882744801438849
8.179000000000906,0.007085742603176633
8.180000000000906,0.00729252255566077
8.181000000000905,0.0075029551542922235
8.182000000000905,0.007716906587625104
8.183000000000904,0.007934238931879126
8.184000000000903,0.008154810345471823
8.185000000000903,0.008378475263549248
8.186000000000902,0.00860508459249798
8.187000000000902,0.008834485904419508
8.188000000000901,0.009066523631550458
8.1890000000009,0.009301039260613549
8.1900000000009,0.009537871527083963
8.1910000000009,0.009776856609359008
8.192000000000899,0.010017828322818133
8.193000000000898,0.010260618313763327
8.194000000000898,0.010505056253230463
8.195000000000897,0.01075097003066288
8.196000000000897,0.010998185947440835
8.197000000000896,0.01124652891026063
8.198000000000896,0.011495822624359137
8.199000000000895,0.011745889786579262
8.200000000000895,0.011996552278274772
8.201000000000894,0.012247631358051854
8.202000000000893,0.012498947854346965
8.203000000000893,0.012750322357841203
8.204000000000892,0.013001575413711136
8.205000000000892,0.013252527713718223
8.206000000000891,0.013503000288138181
8.20700000000089,0.01375281469753313
8.20800000000089,0.014001793224369431
8.20900000000089,0.014249759064484675
8.210000000000889,0.014496536518406926
8.211000000000888,0.014741951182531486
8.212000000000888,0.014985830140157988
8.213000000000887,0.015228002152393665
8.214000000000887,0.015468297848926268
8.215000000000886,0.01570654991867245
8.216000000000886,0.01594259330030537
8.217000000000885,0.016176265372667364
8.218000000000885,0.016407406145072155
8.219000000000884,0.016635858447501074
8.220000000000883,0.01686146812069899
8.221000000000883,0.017084084206174313
8.222000000000882,0.01730355913610706
8.223000000000882,0.01751974892317104
8.224000000000881,0.017732513350273663
8.22500000000088,0.017941716160217794
8.22600000000088,0.01814722524529002
8.22700000000088,0.018348912836780147
8.228000000000879,0.018546655694434318
8.229000000000879,0.018740335295847677
8.230000000000878,0.018929838025798257
8.231000000000877,0.0191150553655274
8.232000000000877,0.01929588408196886
8.233000000000876,0.019472226416930825
8.234000000000876,0.019643990276233737
8.235000000000875,0.0198110894188072
8.236000000000875,0.019973443645748316
8.237000000000874,0.020130978989346217
8.238000000000874,0.02028362790207317
8.239000000000873,0.02043132944554773
8.240000000000872,0.02057402947947088
8.241000000000872,0.020711680850539184
8.242000000000871,0.020844243581337234
8.24300000000087,0.020971685059212847
8.24400000000087,0.021093980225137657
8.24500000000087,0.02121111176255669
8.246000000000869,0.021323070286229623
8.247000000000869,0.021429854531068368
8.248000000000868,0.021531471540973186
8.249000000000867,0.021627936857672975
8.250000000000867,0.021719274709572252
8.251000000000866,0.02180551820061158
8.252000000000866,0.021886709499144306
8.253000000000865,0.02196290002683661
8.254000000000865,0.022034150647596507
8.255000000000864,0.02210053185653784
8.256000000000864,0.02216212396898682
8.257000000000863,0.02221901730953872
8.258000000000862,0.02227131240117343
8.259000000000862,0.02231912015443841
8.260000000000861,0.02236256205671005
8.26100000000086,0.0224017703615437
8.26200000000086,0.022436888278124012
8.26300000000086,0.022468070160829218
8.264000000000859,0.02249548169892216
8.265000000000859,0.022519300106383637
8.266000000000858,0.022539714311903776
8.267000000000857,0.022556925149048057
8.268000000000857,0.02257114554661696
8.269000000000856,0.022582600719217673
8.270000000000856,0.02259152835806868
8.271000000000855,0.02259817882205859
8.272000000000855,0.022602815329081476
8.273000000000854,0.0226057141476719
8.274000000000854,0.0226071647889644
8.275000000000853,0.022607470199001625
8.276000000000852,0.022606946951416546
8.277000000000852,0.022605925440514804
8.278000000000851,0.02260475007478179
8.27900000000085,0.022603598175658858
8.28000000000085,0.022602289090533426
8.28100000000085,0.02260047054948667
8.28200000000085,0.022597804822909476
8.283000000000849,0.02259396852246661
8.284000000000848,0.022588652401607283
8.285000000000847,0.022581561155664787
8.286000000000847,0.02257241322159078
8.287000000000846,0.02256094057736433
8.288000000000846,0.022546888541115744
8.289000000000845,0.022530015570003253
8.290000000000845,0.022510093058878064
8.291000000000844,0.02248690513877083
8.292000000000844,0.02246024847523124
8.293000000000843,0.02242993206654955
8.294000000000842,0.022395777041887076
8.295000000000842,0.022357616459339806
8.296000000000841,0.022315295103958986
8.29700000000084,0.022268669285747597
8.29800000000084,0.022217606637652695
8.29900000000084,0.022161985913570437
8.30000000000084,0.02210169678637819
8.301000000000839,0.022036639646007744
8.302000000000838,0.02196672539757165
8.303000000000837,0.02189187525955371
8.304000000000837,0.021812020562071002
8.305000000000836,0.02172710254521843
8.306000000000836,0.021637072157500097
8.307000000000835,0.02154188985435533
8.308000000000835,0.02144152539678297
8.309000000000834,0.0213359576500693
8.310000000000834,0.02122517438262231
8.311000000000833,0.021109172064915707
8.312000000000833,0.02098795566854409
8.313000000000832,0.020861538465392473
8.314000000000831,0.02072994182691943
8.31500000000083,0.020593195023556977
8.31600000000083,0.02045133502422617
8.31700000000083,0.02030440629596955
8.31800000000083,0.02015246060370046
8.319000000000829,0.019995556810068996
8.320000000000828,0.019833760675445164
8.321000000000828,0.019667144658017617
8.322000000000827,0.019495787714009602
8.323000000000826,0.019319775098009924
8.324000000000826,0.019139198163419906
8.325000000000825,0.01895415416301561
8.326000000000825,0.018764746049625164
8.327000000000824,0.018571082276920642
8.328000000000824,0.018373276600325145
8.329000000000823,0.018171447878034354
8.330000000000823,0.01796571987215289
8.331000000000822,0.01775622104994582
8.332000000000821,0.017543084385205042
8.33300000000082,0.017326447159731535
8.33400000000082,0.01710645076493323
8.33500000000082,0.016883240503539627
8.33600000000082,0.01665696539143325
8.337000000000819,0.01642777795959871
8.338000000000818,0.016195834056190822
8.339000000000818,0.01596129264872056
8.340000000000817,0.015724315626362145
8.341000000000816,0.015485067602379957
8.342000000000816,0.015243715716677118
8.343000000000815,0.01500042943846603
8.344000000000815,0.014755380369061294
8.345000000000814,0.014508742044795894
8.346000000000814,0.014260689740060978
8.347000000000813,0.01401140027046887
8.348000000000813,0.013761051796140011
8.349000000000812,0.01350982362511282
8.350000000000811,0.01325789601687688
8.35100000000081,0.013005449986027477
8.35200000000081,0.012752667106041025
8.35300000000081,0.012499729313168867
8.35400000000081,0.012246818710448956
8.355000000000809,0.01199411737183019
8.356000000000808,0.01174180714640874
8.357000000000808,0.011490069462770841
8.358000000000807,0.011239085133437923
8.359000000000806,0.010989034159409598
8.360000000000806,0.01074009553479724
8.361000000000805,0.01049244705154255
8.362000000000805,0.010246265104212886
8.363000000000804,0.010001724494864708
8.364000000000804,0.009758998237966589
8.365000000000803,0.009518257365370188
8.366000000000803,0.009279670731319238
8.367000000000802,0.009043404817483482
8.368000000000801,0.008809623538004387
8.369000000000801,0.008578488044539229
8.3700000000008,0.00835015653128788
8.3710000000008,0.008124784039986677
8.3720000000008,0.007902522264852926
8.373000000000799,0.0076835193574621985
8.374000000000798,0.007467919731541511
8.375000000000798,0.007255863867658197
8.376000000000797,0.007047488117787409
8.377000000000796,0.006842924509738349
8.378000000000796,0.006642300551419698
8.379000000000795,0.006445739034926193
8.380000000000795,0.006253357840427687
8.381000000000794,0.0060652697398411864
8.382000000000794,0.0058815822002715595
8.383000000000793,0.0057023971872015924
8.384000000000793,0.005527810967419132
8.385000000000792,0.005357913911667123
8.386000000000791,0.005192790297005333
8.387000000000791,0.005032518108874999
8.38800000000079,0.00487716884285979
8.38900000000079,0.004726807306138905
8.39000000000079,0.00458149141863172
8.391000000000789,0.004441272013835616
8.392000000000788,0.00430619263936307
8.393000000000788,0.004176289357186329
8.394000000000787,0.004051590543602657
8.395000000000786,0.0039321166889361575
8.396000000000786,0.0038178801969956724
8.397000000000785,0.0037088851843131293
8.398000000000785,0.0036051272791885122
8.399000000000784,0.003506593420571809
8.400000000000784,0.0034132616568170668
8.401000000000783,0.0033251009443432955
8.402000000000783,0.0032420709462430627
8.403000000000782,0.003164121830880419
8.404000000000782,0.003091194070521004
8.405000000000781,0.0030232182400410437
8.40600000000078,0.002960114815761146
8.40700000000078,0.0029017939744523658
8.40800000000078,0.002848155392561995
8.409000000000779,0.0027990880457072174
8.410000000000778,0.00275447000848255
8.411000000000778,0.002714168254627572
8.412000000000777,0.0026780384575991988
8.413000000000777,0.002645924791591453
8.414000000000776,0.002617659733042347
8.415000000000775,0.0025930638626679055
8.416000000000775,0.00257194566805842
8.417000000000774,0.002554101346869408
8.418000000000774,0.002539314610640428
8.419000000000773,0.002527356489268051
8.420000000000773,0.002517985136160493
8.421000000000772,0.0025109456340971156
8.422000000000772,0.0025059698018159784
8.423000000000771,0.0025027760013494604
8.42400000000077,0.0025010689461290037
8.42500000000077,0.002500539509879173
8.42600000000077,0.002500864536321059
8.427000000000769,0.0025017066497079014
8.428000000000768,0.0025027140662171876
8.429000000000768,0.0025038876394768775
8.430000000000767,0.002505027039478261
8.431000000000767,0.002506133218984595
8.432000000000766,0.0025072071035341613
8.433000000000765,0.0025082495923191422
8.434000000000765,0.0025092615590286763
8.435000000000764,0.002510243852658963
8.436000000000764,0.0025111972982904095
8.437000000000763,0.0025121226978348787
8.438000000000763,0.002513020830753318
8.439000000000762,0.002513892454745807
8.440000000000762,0.002514738306415191
8.441000000000761,0.002515559101904777
8.44200000000076,0.0025163555375128585
8.44300000000076,0.0025171282902834782
8.44400000000076,0.002517878018575375
8.445000000000759,0.002518605362610539
8.446000000000758,0.002519310945001567
8.447000000000758,0.0025199953712616296
8.448000000000757,0.0025206592302949096
8.449000000000757,0.0025213030948702322
8.450000000000756,0.002521927522078398
8.451000000000755,0.0025225330537733924
8.452000000000755,0.0025231202169988844
8.453000000000754,0.0025236895244002897
8.454000000000754,0.0025242414746232573
8.455000000000753,0.002524776552699212
8.456000000000753,0.0025252952304184416
8.457000000000752,0.0025257979666914766
8.458000000000752,0.0025262852078991906
8.459000000000751,0.0025267573882321107
8.46000000000075,0.0025272149300196826
8.46100000000075,0.002527658244049425
8.46200000000075,0.0025280877298775074
8.463000000000749,0.0025285037761294954
8.464000000000748,0.002528906760793103
8.465000000000748,0.0025292970515031245
8.466000000000747,0.0025296750058179246
8.467000000000747,0.0025300409714887895
8.468000000000746,0.0025303952867224318
8.469000000000745,0.0025307382804361823
8.470000000000745,0.002531070272507017
8.471000000000744,0.0025313915740138165
8.472000000000744,0.002531702487474221
8.473000000000743,0.002532003307074926
8.474000000000743,0.002532294318896712
8.475000000000742,0.0025325758011342445
8.476000000000742,0.0025328480243099055
8.477000000000741,0.002533111251483349
8.47800000000074,0.0025333657384556015
8.47900000000074,0.0025336117339683113
8.48000000000074,0.002533849479898872
8.481000000000739,0.002534079211450376
8.482000000000738,0.0025343011573376387
8.483000000000738,0.0025345155399684426
8.484000000000737,0.002534722575621127
8.485000000000737,0.0025349224746175555
8.486000000000736,0.0025351154414924824
8.487000000000736,0.002535301675158544
8.488000000000735,0.0025354813690677547
8.489000000000734,0.002535654711368785
8.490000000000734,0.002535821885061046
8.491000000000733,0.0025359830681448148
8.492000000000733,0.0025361384337673
8.493000000000732,0.002536288150366106
8.494000000000732,0.0025364323818083054
8.495000000000731,0.0025365712875264
8.49600000000073,0.0025367050226509785
8.49700000000073,0.0025368337381398084
8.49800000000073,0.0025369575809035955
8.499000000000729,0.00253707669392848
8.500000000000728,0.002537191216395302
8.501000000000728,0.0025373012837956004
8.502000000000727,0.0025374070280444784
8.503000000000727,0.0025375085775902126
8.504000000000726,0.002537606057520854
8.505000000000726,0.002537699589667649
8.506000000000725,0.002537789292705414
8.507000000000724,0.002537875282250003
8.508000000000724,0.0025379576709526376
8.509000000000723,0.0025380365685913724
8.510000000000723,0.0025381120821596805
8.511000000000722,0.002538184315951972
8.512000000000722,0.0025382533716464505
8.513000000000721,0.0025383193483852137
8.51400000000072,0.002538382342851246
8.51500000000072,0.0025384424493428495
8.51600000000072,0.0025384997598456895
8.517000000000719,0.002538554364101695
8.518000000000718,0.0025386063496754888
8.519000000000718,0.002538655802018383
8.520000000000717,0.00253870280452995
8.521000000000717,0.002538747438616356
8.522000000000716,0.0025387897837474242
8.523000000000716,0.0025388299175102304
8.524000000000715,0.0025388679156610507
8.525000000000714,0.002538903852174635
8.526000000000714,0.0025389377992915685
8.527000000000713,0.0025389698275630306
8.528000000000713,0.0025390000058937955
8.529000000000712,0.002539028401582953
8.530000000000712,0.002539055080362812
8.531000000000711,0.0025390801064354637
8.53200000000071,0.0025391035425080324
8.53300000000071,0.0025391254498256903
8.53400000000071,0.0025391458882028616
8.535000000000709,0.0025391649160531604
8.536000000000708,0.002539182590417143
8.537000000000708,0.0025391989669893006
8.538000000000707,0.002539214100142545
8.539000000000707,0.002539228042952313
8.540000000000706,0.002539240847218651
8.541000000000706,0.0025392525634874603
8.542000000000705,0.00253926324107024
8.543000000000704,0.0025392729280633644
8.544000000000704,0.002539281671365405
8.545000000000703,0.002539289516694583
8.546000000000703,0.002539296508604783
8.547000000000702,0.002539302690500893
8.548000000000702,0.0025393081046537445
8.549000000000701,0.0025393127922143342
8.5500000000007,0.0025393167932279345
8.5510000000007,0.0025393201466472164
8.5520000000007,0.0025393228903458076
8.553000000000699,0.002539325061131567
8.554000000000698,0.002539326694759269
8.555000000000698,0.0025393278259444145
8.556000000000697,0.0025393284883764577
8.557000000000697,0.0025393287147324334
8.558000000000696,0.0025393285366915284
8.559000000000696,0.002539327984949529
8.560000000000695,0.002539327089234749
8.561000000000694,0.0025393258783239954
8.562000000000694,0.0025393243800598576
8.563000000000693,0.0025393226213695566
8.564000000000693,0.0025393206282840093
8.565000000000692,0.0025393184259593186
8.566000000000692,0.002539316038698905
8.567000000000691,0.002539313489978271
8.56800000000069,0.0025393108024706554
8.56900000000069,0.0025393079980753387
8.57000000000069,0.002539305097948013
8.571000000000689,0.002539302122533303
8.572000000000688,0.0025392990915999065
8.573000000000688,0.002539296024278378
8.574000000000687,0.0025392929391020343
8.575000000000687,0.0025392898540505457
8.576000000000686,0.002539286786596859
8.577000000000686,0.002539283753757709
8.578000000000685,0.00253928077214758
8.579000000000685,0.002539277858036218
8.580000000000684,0.002539275026737335
8.581000000000683,0.002539272291874981
8.582000000000683,0.0025392696660422424
8.583000000000682,0.002539267161543072
8.584000000000682,0.0025392647904390886
8.585000000000681,0.0025392625645889212
8.58600000000068,0.0025392604956825243
8.58700000000068,0.0025392585952692774
8.58800000000068,0.0025392568747813864
8.589000000000679,0.002539255345552393
8.590000000000678,0.0025392540188322495
8.591000000000678,0.0025392529057976093
8.592000000000677,0.00253925201756006
8.593000000000677,0.0025392513651705945
8.594000000000676,0.002539250959621802
8.595000000000676,0.002539250811848165
8.596000000000675,0.002539250932723537
8.597000000000675,0.0025392513330583406
8.598000000000674,0.0025392520235938826
8.599000000000673,0.0025392530149968943
8.600000000000673,0.0025392543178521
8.601000000000672,0.0025392559426549617
8.602000000000672,0.0025392578998031656
8.603000000000671,0.002539260199588351
8.60400000000067,0.0025392628521873246
8.60500000000067,0.00253926586765333
8.60600000000067,0.0025392692559073476
8.607000000000669,0.002539273026729943
8.608000000000668,0.002539277189752699
8.609000000000668,0.0025392817544507874
8.610000000000667,0.0025392867301355544
8.611000000000667,0.0025392921259478167
8.612000000000666,0.0025392979508518133
8.613000000000666,0.0025393042136295785
8.614000000000665,0.0025393109228762784
8.615000000000665,0.0025393180869960237
8.616000000000664,0.0025393257141987924
8.617000000000663,0.002539333812497706
8.618000000000663,0.002539342389707426
8.619000000000662,0.0025393514534432955
8.620000000000662,0.0025393610111211704
8.621000000000661,0.0025393710699582288
8.62200000000066,0.002539381636974529
8.62300000000066,0.002539392718995382
8.62400000000066,0.0025394043226545857
8.625000000000659,0.0025394164543983376
8.626000000000658,0.00253942912049002
8.627000000000658,0.0025394423270158444
8.628000000000657,0.002539456079890954
8.629000000000657,0.002539470384866512
8.630000000000656,0.002539485247537443
8.631000000000656,0.0025395006733505386
8.632000000000655,0.0025395166676138795
8.633000000000655,0.0025395332355060453
8.634000000000654,0.002539550382086711
8.635000000000653,0.002539568112306871
8.636000000000653,0.002539586431020823
8.637000000000652,0.0025396053429972247
8.638000000000652,0.0025396248529316427
8.639000000000651,0.0025396449654593485
8.64000000000065,0.002539665685167683
8.64100000000065,0.0025396870166101565
8.64200000000065,0.0025397089643193933
8.643000000000649,0.002539731532821228
8.644000000000648,0.0025397547266489302
8.645000000000648,0.002539778550357058
8.646000000000647,0.002539803008536075
8.647000000000647,0.00253982810582672
8.648000000000646,0.0025398538469343715
8.649000000000646,0.0025398802366434665
8.650000000000645,0.0025399072798319468
8.651000000000645,0.002539934981485425
8.652000000000644,0.0025399633467113776
8.653000000000644,0.0025399923807529097
8.654000000000643,0.002540022089002475
8.655000000000642,0.0025400524770151714
8.656000000000642,0.0025400835505218593
8.657000000000641,0.0025401153154415435
8.65800000000064,0.0025401477778936622
8.65900000000064,0.0025401809442099424
8.66000000000064,0.002540214820945106
8.661000000000639,0.0025402494148877713
8.662000000000639,0.0025402847330705976
8.663000000000638,0.002540320782778986
8.664000000000637,0.002540357571560122
8.665000000000637,0.0025403951072308743
8.666000000000636,0.002540433397884675
8.667000000000636,0.0025404724518978267
8.668000000000635,0.002540512277935128
8.669000000000635,0.002540552884954299
8.670000000000634,0.0025405942822097176
8.671000000000634,0.002540636479255169
8.672000000000633,0.002540679485945895
8.673000000000632,0.0025407233124392567
8.674000000000632,0.0025407679691946544
8.675000000000631,0.0025408134669728036
8.67600000000063,0.002540859816833569
8.67700000000063,0.0025409070301328877
8.67800000000063,0.002540955118519383
8.679000000000629,0.002541004093929041
8.680000000000629,0.0025410539685797456
8.681000000000628,0.002541104754964687
8.682000000000627,0.002541156465844987
8.683000000000627,0.002541209114241407
8.684000000000626,0.002541262713425304
8.685000000000626,0.0025413172769091844
8.686000000000625,0.0025413728184362806
8.687000000000625,0.0025414293519697706
8.688000000000624,0.0025414868916816026
8.689000000000624,0.0025415454519406785
8.690000000000623,0.0025416050473010994
8.691000000000622,0.0025416656924900534
8.692000000000622,0.002541727402395638
8.693000000000621,0.0025417901920550684
8.69400000000062,0.00254185407664256
8.69500000000062,0.0025419190714582977
8.69600000000062,0.0025419851919171246
8.69700000000062,0.0025420524535386124
8.698000000000619,0.002542120871937635
8.699000000000618,0.0025421904628158826
8.700000000000617,0.0025422612419549843
8.701000000000617,0.0025423332252105697
8.702000000000616,0.00254240642850824
8.703000000000616,0.0025424808678413055
8.704000000000615,0.0025425565592701663
8.705000000000615,0.0025426335189246
8.706000000000614,0.002542711763007719
8.707000000000614,0.0025427913078032403
8.708000000000613,0.0025428721696852674
8.709000000000612,0.0025429543651310886
8.710000000000612,0.0025430379107377193
8.711000000000611,0.002543122823241678
8.71200000000061,0.0025432091195425367
8.71300000000061,0.002543296816730819
8.71400000000061,0.002543385932119814
8.71500000000061,0.0025434764832820735
8.716000000000609,0.0025435684880907097
8.717000000000608,0.0025436619647654507
8.718000000000607,0.002543756931924039
8.719000000000607,0.002543853408639496
8.720000000000606,0.0025439514145020256
8.721000000000606,0.002544050969688332
8.722000000000605,0.002544152095035758
8.723000000000605,0.0025442548121239576
8.724000000000604,0.0025443591433626962
8.725000000000604,0.0025444651120868564
8.726000000000603,0.002544572742658832
8.727000000000602,0.0025446820605782502
8.728000000000602,0.0025447930925996606
8.729000000000601,0.002544905866858859
8.7300000000006,0.0025451653873753664
8.7310000000006,0.002545591889638217
8.7320000000006,0.002546530358561911
8.7330000000006,0.0025483116395477665
8.734000000000599,0.0025512526409408633
8.735000000000598,0.002555656535304259
8.736000000000598,0.002561812959577931
8.737000000000597,0.002569998214184091
8.738000000000596,0.0025804754611381438
8.739000000000596,0.0025934949212233042
8.740000000000595,0.002609294070282011
8.741000000000595,0.0026280978346785583
8.742000000000594,0.0026501187859862864
8.743000000000594,0.002675557334950583
8.744000000000593,0.0027046019247816445
8.745000000000593,0.0027374292238278655
8.746000000000592,0.0027742043176836005
8.747000000000591,0.002815080900784195
8.74800000000059,0.0028602014675403534
8.74900000000059,0.0029096975030664107
8.75000000000059,0.0029636896735538917
8.75100000000059,0.003022288016344514
8.752000000000589,0.0030855921297537475
8.753000000000588,0.003153691362696935
8.754000000000588,0.0032266650041673853
8.755000000000587,0.0033045824726153014
8.756000000000586,0.003387503505275058
8.757000000000586,0.0034754783474846215
8.758000000000585,0.0035685479420390423
8.759000000000585,0.003666744118619586
8.760000000000584,0.003770089783332417
8.761000000000584,0.0038785991083917642
8.762000000000583,0.003992277721977425
8.763000000000583,0.0041111228982917206
8.764000000000582,0.0042351237478399015
8.765000000000581,0.004364261407951736
8.76600000000058,0.004498509233560058
8.76700000000058,0.0046378329882464445
8.76800000000058,0.0047821910355630645
8.76900000000058,0.004931534530633046
8.770000000000579,0.005085807612030896
8.771000000000578,0.0052449475939395016
8.772000000000578,0.005408885158578548
8.773000000000577,0.005577544548894593
8.774000000000576,0.005750843761502714
8.775000000000576,0.005928694739865334
8.776000000000575,0.006111003567692924
8.777000000000575,0.006297670662549867
8.778000000000574,0.006488590969645755
8.779000000000574,0.006683654155793611
8.780000000000573,0.006882744803513148
8.781000000000573,0.00708574260525939
8.782000000000572,0.007292522557753971
8.783000000000571,0.007502955156397928
8.784000000000571,0.007716906589745498
8.78500000000057,0.0079342389340165
8.78600000000057,0.008154810347628473
8.78700000000057,0.00837847526572763
8.788000000000569,0.008605084594700607
8.789000000000568,0.008834485906648919
8.790000000000568,0.009066523633809297
8.791000000000567,0.009301039262904473
8.792000000000566,0.009537871529409672
8.793000000000566,0.009776856611722125
8.794000000000565,0.010017828325221405
8.795000000000565,0.010260618316209405
8.796000000000564,0.010505056255722081
8.797000000000564,0.010750970033202606
8.798000000000563,0.010998185950031304
8.799000000000563,0.011246528912904473
8.800000000000562,0.011495822627058831
8.801000000000561,0.011745889789337216
8.802000000000561,0.01199655228109333
8.80300000000056,0.012247631360933223
8.80400000000056,0.012498947857293372
8.80500000000056,0.012750322360854681
8.806000000000559,0.013001575416793677
8.807000000000558,0.013252527716871625
8.808000000000558,0.013503000291364045
8.809000000000557,0.013752814700833067
8.810000000000556,0.014001793227744821
8.811000000000556,0.014249759067936685
8.812000000000555,0.01449653652193661
8.813000000000555,0.014741951186139787
8.814000000000554,0.014985830143845628
8.815000000000554,0.0152280021561612
8.816000000000553,0.015468297852774059
8.817000000000553,0.015706549922600677
8.818000000000552,0.015942593304314023
8.819000000000552,0.016176265376756295
8.820000000000551,0.01640740614924093
8.82100000000055,0.016635858451749162
8.82200000000055,0.016861468125025682
8.82300000000055,0.01708408421057859
8.824000000000549,0.017303559140587753
8.825000000000548,0.01751974892772687
8.826000000000548,0.017732513354903112
8.827000000000547,0.017941716164919068
8.828000000000547,0.018147225250061336
8.829000000000546,0.018348912841619325
8.830000000000545,0.018546655699339228
8.831000000000545,0.018740335300815883
8.832000000000544,0.018929838030827158
8.833000000000544,0.019115055370614198
8.834000000000543,0.019295884087110686
8.835000000000543,0.01947222642212474
8.836000000000542,0.019643990281476523
8.837000000000542,0.019811089424095492
8.838000000000541,0.01997344365107888
8.83900000000054,0.020130978994715373
8.84000000000054,0.020283627907477335
8.84100000000054,0.020431329450983186
8.842000000000539,0.020574029484933844
8.843000000000538,0.02071168085602583
8.844000000000538,0.02084424358684362
8.845000000000537,0.020971685064734936
8.846000000000537,0.021093980230671494
8.847000000000536,0.021211111768098208
8.848000000000535,0.021323070291774875
8.849000000000535,0.021429854536613197
8.850000000000534,0.021531471546513727
8.851000000000534,0.021627936863205126
8.852000000000533,0.02171927471509206
8.853000000000533,0.021805518206115114
8.854000000000532,0.021886709504627656
8.855000000000532,0.02196290003229598
8.856000000000531,0.02203415065302819
8.85700000000053,0.02210053186193827
8.85800000000053,0.022162123974352445
8.85900000000053,0.022219017314866148
8.860000000000529,0.02227131240645936
8.861000000000528,0.022319120159679712
8.862000000000528,0.022362562061903728
8.863000000000527,0.02240177036668696
8.864000000000527,0.022436888283214135
8.865000000000526,0.022468070165863732
8.866000000000525,0.022495481703898736
8.867000000000525,0.022519300111300232
8.868000000000524,0.02253971431675844
8.869000000000524,0.022556925153839023
8.870000000000523,0.022571145551342785
8.871000000000523,0.022582600723877036
8.872000000000522,0.022591528362660547
8.873000000000522,0.022598178826582188
8.874000000000521,0.02260281533353621
8.87500000000052,0.02260571415205742
8.87600000000052,0.022607164793280655
8.87700000000052,0.022607470203248853
8.878000000000519,0.02260694695559516
8.879000000000518,0.022605925444625516
8.880000000000518,0.02260475007882571
8.881000000000517,0.022603598179636974
8.882000000000517,0.022602289094446733
8.883000000000516,0.022600470553335757
8.884000000000515,0.02259780482669467
8.885000000000515,0.022593968526188023
8.886000000000514,0.02258865240526465
8.887000000000514,0.022581561159257697
8.888000000000513,0.022572413225118618
8.889000000000513,0.022560940580826208
8.890000000000512,0.022546888544510674
8.891000000000512,0.02253001557333012
8.892000000000511,0.02251009306213555
8.89300000000051,0.02248690514195749
8.89400000000051,0.022460248478345622
8.89500000000051,0.022429932069590104
8.896000000000509,0.02239577704485215
8.897000000000508,0.022357616462227906
8.898000000000508,0.022315295106768378
8.899000000000507,0.022268669288476595
8.900000000000507,0.02221760664029969
8.901000000000506,0.02216198591613385
8.902000000000506,0.022101696788856456
8.903000000000505,0.022036639648399324
8.904000000000504,0.02196672539987523
8.905000000000504,0.021891875261767814
8.906000000000503,0.021812020564194422
8.907000000000503,0.021727102547249993
8.908000000000502,0.0216370721594387
8.909000000000502,0.0215418898562
8.910000000000501,0.021441525398532876
8.9110000000005,0.021335957651723754
8.9120000000005,0.021225174384180596
8.9130000000005,0.021109172066377364
8.914000000000499,0.02098795566990884
8.915000000000498,0.020861538466659967
8.916000000000498,0.020729941828089564
8.917000000000497,0.02059319502462975
8.918000000000497,0.020451335025201772
8.919000000000496,0.020304406296848147
8.920000000000496,0.02015246060448242
8.921000000000495,0.019995556810754822
8.922000000000494,0.01983376067603533
8.923000000000494,0.019667144658512943
8.924000000000493,0.019495787714410767
8.925000000000493,0.019319775098317754
8.926000000000492,0.019139198163635338
8.927000000000492,0.01895415416313971
8.928000000000491,0.018764746049658963
8.92900000000049,0.01857108227686536
8.93000000000049,0.01837327660018192
8.93100000000049,0.018171447877804496
8.932000000000489,0.017965719871837788
8.933000000000488,0.017756221049546786
8.934000000000488,0.017543084384723524
8.935000000000487,0.017326447159168923
8.936000000000487,0.01710645076429109
8.937000000000486,0.016883240502819398
8.938000000000486,0.01665696539063647
8.939000000000485,0.016427777958727123
8.940000000000484,0.016195834055245807
8.941000000000484,0.015961292647703823
8.942000000000483,0.01572431562527521
8.943000000000483,0.01548506760122459
8.944000000000482,0.015243715715454915
8.945000000000482,0.015000429437178671
8.946000000000481,0.0147553803677105
8.94700000000048,0.014508742043383406
8.94800000000048,0.014260689738588565
8.94900000000048,0.01401140026893824
8.950000000000479,0.01376105179455299
8.951000000000478,0.013509823623471258
8.952000000000478,0.013257896015182652
8.953000000000477,0.013005449984282526
8.954000000000477,0.012752667104247238
8.955000000000476,0.012499729311328242
8.956000000000476,0.012246818708563534
8.957000000000475,0.011994117369902094
8.958000000000474,0.011741807144440203
8.959000000000474,0.011490069460764016
8.960000000000473,0.01123908513139521
8.961000000000473,0.010989034157333322
8.962000000000472,0.01074009553268987
8.963000000000472,0.01049244704940662
8.964000000000471,0.010246265102050942
8.96500000000047,0.010001724492679519
8.96600000000047,0.009758998235760867
8.96700000000047,0.009518257363146806
8.968000000000469,0.009279670729081126
8.969000000000468,0.009043404815233594
8.970000000000468,0.008809623535745839
8.971000000000467,0.008578488042275206
8.972000000000467,0.008350156529021636
8.973000000000466,0.00812478403772135
8.974000000000466,0.00790252226259186
8.975000000000465,0.007683519355208765
8.976000000000464,0.00746791972929909
8.977000000000464,0.0072558638654301386
8.978000000000463,0.007047488115577094
8.979000000000463,0.006842924507549149
8.980000000000462,0.006642300549254909
8.981000000000462,0.0064457390327891245
8.982000000000461,0.006253357838321413
8.98300000000046,0.0060652697377690246
8.98400000000046,0.005881582198236382
8.98500000000046,0.005702397185206293
8.986000000000459,0.005527810965466472
8.987000000000458,0.005357913909759704
8.988000000000458,0.005192790295145383
8.989000000000457,0.005032518107064801
8.990000000000457,0.004877168841101204
8.991000000000456,0.004726807304433658
8.992000000000456,0.004581491416981144
8.993000000000455,0.004441272012240885
8.994000000000455,0.004306192637824946
8.995000000000454,0.004176289355705354
8.996000000000453,0.004051590542178976
8.997000000000453,0.0039321166875695285
8.998000000000452,0.0038178801956856648
8.999000000000452,0.0037088851830588687
