time_s,force_x_N,force_y_N,force_z_N
0.0,-0.9356558596996178,-5.329260166043465,0.0
0.001,-0.7779189575281026,-5.210171376241709,0.0
0.002,-0.6177617985755046,-5.000280815555534,0.0
0.003,-0.45924775405835466,-4.716569825110842,0.0
0.004,-0.30264639696475387,-4.363890040950566,0.0
0.005,-0.14804253940528375,-3.9442062602469057,0.0
0.006,0.0046231251143905305,-3.4571028582892582,0.0
0.007,0.15551427041102223,-2.900296912000366,0.0
0.008,0.25415527682638905,-2.4831417107002416,0.0
0.009000000000000001,0.2486347677593622,-2.47702039698968,0.0
0.010000000000000002,0.24346032773089615,-2.4708821497978755,0.0
0.011000000000000003,0.23864518689516534,-2.4646937577154073,0.0
0.012000000000000004,0.23420413360133696,-2.4583971418048156,0.0
0.013000000000000005,0.23015303866317013,-2.4519141117214023,0.0
0.014000000000000005,0.22650840305694322,-2.445150905613881,0.0
0.015000000000000006,0.2232869294866239,-2.4380025127451765,0.0
0.016000000000000007,0.35706091745537455,-1.7785403874756485,0.0
0.017000000000000008,0.35122338903004247,-1.7852015850729277,0.0
0.01800000000000001,0.3459289226427996,-1.790742904099333,0.0
0.01900000000000001,0.3411819198039675,-1.7950871501320849,0.0
0.02000000000000001,0.3369857022479946,-1.7981628471026476,0.0
0.02100000000000001,0.33334241160508893,-1.7999066326776951,0.0
0.022000000000000013,0.33025292162498515,-1.8002654780001175,0.0
0.023000000000000013,0.32771676308327935,-1.7991987300723389,0.0
0.024000000000000014,0.3257320614753101,-1.796679973731062,0.0
0.025000000000000015,0.3242954875768178,-1.7926987086645578,0.0
0.026000000000000016,0.3234022209271554,-1.7872618353622554,0.0
0.027000000000000017,0.3230459262617321,-1.780394942261663,0.0
0.028000000000000018,0.32321874289309616,-1.7721433848293553,0.0
0.02900000000000002,0.32391128700666705,-1.7625731459500091,0.0
0.03000000000000002,0.32511266680120204,-1.7517714658519323,0.0
0.03100000000000002,0.32681051036395714,-1.7398472290466263,0.0
0.03200000000000002,0.3289910061189026,-1.7269310954977977,0.0
0.03300000000000002,0.05583951048009252,-1.049886426491083,0.0
0.03400000000000002,0.0,0.0,0.0
0.035000000000000024,0.0,0.0,0.0
0.036000000000000025,0.0,0.0,0.0
0.037000000000000026,0.0,0.0,0.0
0.03800000000000003,0.0,0.0,0.0
0.03900000000000003,0.0,0.0,0.0
0.04000000000000003,0.0,0.0,0.0
0.04100000000000003,0.0,0.0,0.0
0.04200000000000003,0.0,0.0,0.0
0.04300000000000003,0.0,0.0,0.0
0.04400000000000003,0.0,0.0,0.0
0.04500000000000003,0.0,0.0,0.0
0.046000000000000034,0.0,0.0,0.0
0.047000000000000035,0.0,0.0,0.0
0.048000000000000036,0.0,0.0,0.0
0.04900000000000004,0.0,0.0,0.0
0.05000000000000004,0.0,0.0,0.0
0.05100000000000004,0.0,0.0,0.0
0.05200000000000004,0.0,0.0,0.0
0.05300000000000004,0.0,0.0,0.0
0.05400000000000004,0.0,0.0,0.0
0.05500000000000004,0.0,0.0,0.0
0.05600000000000004,0.0,0.0,0.0
0.057000000000000044,0.0,0.0,0.0
0.058000000000000045,0.0,0.0,0.0
0.059000000000000045,0.0,0.0,0.0
0.060000000000000046,0.0,0.0,0.0
0.06100000000000005,0.0,0.0,0.0
0.06200000000000005,0.0,0.0,0.0
0.06300000000000004,0.0,0.0,0.0
0.06400000000000004,0.0,0.0,0.0
0.06500000000000004,0.0,0.0,0.0
0.06600000000000004,0.0,0.0,0.0
0.06700000000000005,0.0,0.0,0.0
0.06800000000000005,0.0,0.0,0.0
0.06900000000000005,0.0,0.0,0.0
0.07000000000000005,0.0,0.0,0.0
0.07100000000000005,0.0,0.0,0.0
0.07200000000000005,0.0,0.0,0.0
0.07300000000000005,0.0,0.0,0.0
0.07400000000000005,0.0,0.0,0.0
0.07500000000000005,0.0,0.0,0.0
0.07600000000000005,0.0,0.0,0.0
0.07700000000000005,0.0,0.0,0.0
0.07800000000000006,0.0,0.0,0.0
0.07900000000000006,0.0,0.0,0.0
0.08000000000000006,0.0,0.0,0.0
0.08100000000000006,0.0,0.0,0.0
0.08200000000000006,0.0,0.0,0.0
0.08300000000000006,0.0,0.0,0.0
0.08400000000000006,0.0,0.0,0.0
0.08500000000000006,0.0,0.0,0.0
0.08600000000000006,0.0,0.0,0.0
0.08700000000000006,0.0,0.0,0.0
0.08800000000000006,0.0,0.0,0.0
0.08900000000000007,0.0,0.0,0.0
0.09000000000000007,0.0,0.0,0.0
0.09100000000000007,0.0,0.0,0.0
0.09200000000000007,0.0,0.0,0.0
0.09300000000000007,0.0,0.0,0.0
0.09400000000000007,0.0,0.0,0.0
0.09500000000000007,0.0,0.0,0.0
0.09600000000000007,0.0,0.0,0.0
0.09700000000000007,0.0,0.0,0.0
0.09800000000000007,0.0,0.0,0.0
0.09900000000000007,0.0,0.0,0.0
0.10000000000000007,0.0,0.0,0.0
0.10100000000000008,0.0,0.0,0.0
0.10200000000000008,0.0,0.0,0.0
0.10300000000000008,0.0,0.0,0.0
0.10400000000000008,0.0,0.0,0.0
0.10500000000000008,0.0,0.0,0.0
0.10600000000000008,0.0,0.0,0.0
0.10700000000000008,0.0,0.0,0.0
0.10800000000000008,0.0,0.0,0.0
0.10900000000000008,0.0,0.0,0.0
0.11000000000000008,0.0,0.0,0.0
0.11100000000000008,0.0,0.0,0.0
0.11200000000000009,0.0,0.0,0.0
0.11300000000000009,0.0,0.0,0.0
0.11400000000000009,0.0,0.0,0.0
0.11500000000000009,0.0,0.0,0.0
0.11600000000000009,0.0,0.0,0.0
0.11700000000000009,0.0,0.0,0.0
0.11800000000000009,0.0,0.0,0.0
0.11900000000000009,0.0,0.0,0.0
0.12000000000000009,0.0,0.0,0.0
0.1210000000000001,0.0,0.0,0.0
0.1220000000000001,0.0,0.0,0.0
0.1230000000000001,0.0,0.0,0.0
0.1240000000000001,0.0,0.0,0.0
0.12500000000000008,0.0,0.0,0.0
0.12600000000000008,0.0,0.0,0.0
0.12700000000000009,0.0,0.0,0.0
0.12800000000000009,0.0,0.0,0.0
0.1290000000000001,0.0,0.0,0.0
0.1300000000000001,0.0,0.0,0.0
0.1310000000000001,0.0,0.0,0.0
0.1320000000000001,0.0,0.0,0.0
0.1330000000000001,0.0,0.0,0.0
0.1340000000000001,0.0,0.0,0.0
0.1350000000000001,0.0,0.0,0.0
0.1360000000000001,0.0,0.0,0.0
0.1370000000000001,0.0,0.0,0.0
0.1380000000000001,0.0,0.0,0.0
0.1390000000000001,0.0,0.0,0.0
0.1400000000000001,0.0,0.0,0.0
0.1410000000000001,0.0,0.0,0.0
0.1420000000000001,0.0,0.0,0.0
0.1430000000000001,0.0,0.0,0.0
0.1440000000000001,0.0,0.0,0.0
0.1450000000000001,0.0,0.0,0.0
0.1460000000000001,0.0,0.0,0.0
0.1470000000000001,0.0,0.0,0.0
0.1480000000000001,0.0,0.0,0.0
0.1490000000000001,0.0,0.0,0.0
0.1500000000000001,0.0,0.0,0.0
0.1510000000000001,0.0,0.0,0.0
0.1520000000000001,0.0,0.0,0.0
0.1530000000000001,0.0,0.0,0.0
0.1540000000000001,0.0,0.0,0.0
0.1550000000000001,0.0,0.0,0.0
0.1560000000000001,0.0,0.0,0.0
0.1570000000000001,0.0,0.0,0.0
0.1580000000000001,0.0,0.0,0.0
0.1590000000000001,0.0,0.0,0.0
0.16000000000000011,0.0,0.0,0.0
0.16100000000000012,0.0,0.0,0.0
0.16200000000000012,0.0,0.0,0.0
0.16300000000000012,0.0,0.0,0.0
0.16400000000000012,0.0,0.0,0.0
0.16500000000000012,0.0,0.0,0.0
0.16600000000000012,0.0,0.0,0.0
0.16700000000000012,0.0,0.0,0.0
0.16800000000000012,0.0,0.0,0.0
0.16900000000000012,0.0,0.0,0.0
0.17000000000000012,0.0,0.0,0.0
0.17100000000000012,0.0,0.0,0.0
0.17200000000000013,0.0,0.0,0.0
0.17300000000000013,0.0,0.0,0.0
0.17400000000000013,0.0,0.0,0.0
0.17500000000000013,0.0,0.0,0.0
0.17600000000000013,0.0,0.0,0.0
0.17700000000000013,0.0,0.0,0.0
0.17800000000000013,0.0,0.0,0.0
0.17900000000000013,0.0,0.0,0.0
0.18000000000000013,0.0,0.0,0.0
0.18100000000000013,0.0,0.0,0.0
0.18200000000000013,0.0,0.0,0.0
0.18300000000000013,0.0,0.0,0.0
0.18400000000000014,0.0,0.0,0.0
0.18500000000000014,0.0,0.0,0.0
0.18600000000000014,0.0,0.0,0.0
0.18700000000000014,0.0,0.0,0.0
0.18800000000000014,0.0,0.0,0.0
0.18900000000000014,0.0,0.0,0.0
0.19000000000000014,0.0,0.0,0.0
0.19100000000000014,0.0,0.0,0.0
0.19200000000000014,0.0,0.0,0.0
0.19300000000000014,0.0,0.0,0.0
0.19400000000000014,0.0,0.0,0.0
0.19500000000000015,0.0,0.0,0.0
0.19600000000000015,0.0,0.0,0.0
0.19700000000000015,0.0,0.0,0.0
0.19800000000000015,0.0,0.0,0.0
0.19900000000000015,0.0,0.0,0.0
0.20000000000000015,0.0,0.0,0.0
0.20100000000000015,0.0,0.0,0.0
0.20200000000000015,0.0,0.0,0.0
0.20300000000000015,0.0,0.0,0.0
0.20400000000000015,0.0,0.0,0.0
0.20500000000000015,0.0,0.0,0.0
0.20600000000000016,0.0,0.0,0.0
0.20700000000000016,0.0,0.0,0.0
0.20800000000000016,0.0,0.0,0.0
0.20900000000000016,0.0,0.0,0.0
0.21000000000000016,0.0,0.0,0.0
0.21100000000000016,0.0,0.0,0.0
0.21200000000000016,0.0,0.0,0.0
0.21300000000000016,0.0,0.0,0.0
0.21400000000000016,0.0,0.0,0.0
0.21500000000000016,0.0,0.0,0.0
0.21600000000000016,0.0,0.0,0.0
0.21700000000000016,0.0,0.0,0.0
0.21800000000000017,0.0,0.0,0.0
0.21900000000000017,0.0,0.0,0.0
0.22000000000000017,0.0,0.0,0.0
0.22100000000000017,0.0,0.0,0.0
0.22200000000000017,0.0,0.0,0.0
0.22300000000000017,0.0,0.0,0.0
0.22400000000000017,0.0,0.0,0.0
0.22500000000000017,0.0,0.0,0.0
0.22600000000000017,0.0,0.0,0.0
0.22700000000000017,0.0,0.0,0.0
0.22800000000000017,0.0,0.0,0.0
0.22900000000000018,0.0,0.0,0.0
0.23000000000000018,0.0,0.0,0.0
0.23100000000000018,0.0,0.0,0.0
0.23200000000000018,0.0,0.0,0.0
0.23300000000000018,0.0,0.0,0.0
0.23400000000000018,0.0,0.0,0.0
0.23500000000000018,0.0,0.0,0.0
0.23600000000000018,0.0,0.0,0.0
0.23700000000000018,0.0,0.0,0.0
0.23800000000000018,0.0,0.0,0.0
0.23900000000000018,0.0,0.0,0.0
0.24000000000000019,0.0,0.0,0.0
0.2410000000000002,0.0,0.0,0.0
0.2420000000000002,0.0,0.0,0.0
0.2430000000000002,0.0,0.0,0.0
0.2440000000000002,0.0,0.0,0.0
0.2450000000000002,0.0,0.0,0.0
0.2460000000000002,0.0,0.0,0.0
0.2470000000000002,0.0,0.0,0.0
0.2480000000000002,0.0,0.0,0.0
0.2490000000000002,0.0,0.0,0.0
0.25000000000000017,0.0,0.0,0.0
0.25100000000000017,0.0,0.0,0.0
0.25200000000000017,0.0,0.0,0.0
0.25300000000000017,0.0,0.0,0.0
0.25400000000000017,0.0,0.0,0.0
0.25500000000000017,0.0,0.0,0.0
0.25600000000000017,0.0,0.0,0.0
0.2570000000000002,0.0,0.0,0.0
0.2580000000000002,0.0,0.0,0.0
0.2590000000000002,0.0,0.0,0.0
0.2600000000000002,0.0,0.0,0.0
0.2610000000000002,0.0,0.0,0.0
0.2620000000000002,0.0,0.0,0.0
0.2630000000000002,0.0,0.0,0.0
0.2640000000000002,0.0,0.0,0.0
0.2650000000000002,0.0,0.0,0.0
0.2660000000000002,0.0,0.0,0.0
0.2670000000000002,0.0,0.0,0.0
0.2680000000000002,0.08510958022375116,-1.0133414084016952,0.01520257719801812
0.2690000000000002,0.396933086359558,-1.673249460100334,0.011636038002657579
0.2700000000000002,0.3962266203848003,-1.6721464745891748,0.0022005028813587425
0.2710000000000002,0.39665663378517574,-1.6830285248855208,0.0
0.2720000000000002,0.39777816796944976,-1.6960468496596983,0.0
0.2730000000000002,0.39941205507661004,-1.7075784114350308,0.0
0.2740000000000002,0.4015650616831744,-1.7175482346233715,0.0
0.2750000000000002,0.4042433000417246,-1.725902266629962,0.0
0.2760000000000002,0.40745219111209385,-1.7326066383721654,0.0
0.2770000000000002,0.411196429885155,-1.7376467184861208,0.0
0.2780000000000002,0.4154799536797974,-1.741025972631999,0.0
0.2790000000000002,0.4203059140070008,-1.7427646376309274,0.0
0.2800000000000002,0.4256766525033243,-1.742898218295288,0.0
0.2810000000000002,0.43159368133651843,-1.7414758128466228,0.0
0.2820000000000002,0.438057668381782,-1.7385582708311564,0.0
0.2830000000000002,0.44506842736195434,-1.734216185549482,0.0
0.2840000000000002,0.4526249130480722,-1.7285277212935013,0.0
0.2850000000000002,0.3745573543000634,-2.3535975553554582,0.0
0.2860000000000002,0.3806647322705732,-2.3605504680648197,0.0
0.2870000000000002,0.3872506225561969,-2.366836079818823,0.0
0.2880000000000002,0.39430212957320987,-2.3725751692652803,0.0
0.2890000000000002,0.401805816104006,-2.3778811079345266,0.0
0.2900000000000002,0.40974792179224667,-2.3828557792784895,0.0
0.2910000000000002,0.41811459691014036,-2.387585267963484,0.0
0.2920000000000002,0.42689215115132306,-2.392135316591711,0.0
0.2930000000000002,0.4360673171970683,-2.3965465481615356,0.0
0.2940000000000002,0.4456275288077623,-2.4008294540108945,0.0
0.2950000000000002,0.38801280565801377,-2.655975336453273,0.0
0.2960000000000002,0.2703022667036512,-3.063184931203986,0.0
0.2970000000000002,0.14779979846042146,-3.397814421116413,0.0
0.2980000000000002,0.020443832872514278,-3.661067477635557,0.0
0.2990000000000002,-0.1117918131899612,-3.85172176613753,0.0
0.3000000000000002,-0.2253213873215726,-3.9084483507838828,0.0
0.3010000000000002,0.04214429317999144,0.007210235759120324,10.452337418794299
0.3020000000000002,1.456167722958103,5.030767403703575,20.66972733359008
0.3030000000000002,1.300839929075908,4.2467776965462285,20.66975464863524
0.3040000000000002,1.1469671364558447,3.554160589483363,20.669781630686874
0.3050000000000002,0.9946624400697599,2.946361640741399,20.66980890021663
0.3060000000000002,0.8441335347114645,2.420307253301335,20.66983698543353
0.3070000000000002,0.6956850044681671,1.976099473352809,20.66986632812723
0.3080000000000002,0.54972003737665,1.6166744458066056,20.669897289088567
0.3090000000000002,0.40674184217461057,1.3474213399744261,20.669930153189505
0.3100000000000002,0.267354653196543,1.175753841887456,20.6699651342012
0.3110000000000002,0.13226378860321422,1.1106226365796887,20.670002379405794
0.3120000000000002,0.002273788164464746,1.1619552311771262,20.6700419740665
0.3130000000000002,-0.12171677079627227,1.3400098590535237,20.67008394578812
0.3140000000000002,-0.23872554479981167,1.6546341587365343,20.670128268815176
0.3150000000000002,-0.28514259544757764,1.801062538001676,20.67017486829073
0.3160000000000002,-0.6266030155986344,2.018904397133393,20.13821003269905
0.3170000000000002,-0.6203283083853708,2.005128323800965,20.115930750092293
0.3180000000000002,-0.328057820239882,2.044096769187634,20.10462521572654
0.31900000000000023,-0.3240016022725113,2.030388704168436,20.084266823335234
0.32000000000000023,-0.32031553897374193,2.016430921217757,20.064746045413834
0.32100000000000023,-0.3170003641315582,2.0022155591478445,20.046062527184368
0.32200000000000023,-0.31405607258476176,1.9877356927558694,20.028215228837055
0.32300000000000023,-0.3114818921896045,1.9729853218712607,20.011202434958093
0.32400000000000023,-0.30927626294799976,1.9579593578195111,19.99502176450083
0.32500000000000023,-0.30743682328596306,1.9426536073147294,19.97967018118555
0.32600000000000023,-0.30596040340511255,1.9270647538258427,19.96514400423953
0.32700000000000023,-0.3048430255770444,1.9111903364909097,19.9514389194031
0.32800000000000024,-0.30407991118440475,1.8950287266809822,19.938549990131328
0.32900000000000024,-0.30366549425443823,1.8785791023466702,19.926471668919785
0.33000000000000024,-0.3035934411725012,1.86184142031265,19.915197808735893
0.33100000000000024,-0.30385667620861523,1.84481638670605,19.9047216745138
0.33200000000000024,-0.30444741244083484,1.8275054257285877,19.895035954663495
0.33300000000000024,-0.30535718761371067,1.8099106470091149,19.886132772614552
0.33400000000000024,-0.5336262920699087,2.18729716719813,19.873740408315836
0.33500000000000024,-0.8651738221115199,3.039200558869032,19.894299716248824
0.33600000000000024,-0.2464762802279452,3.910859763041003,20.671247243405027
0.33700000000000024,-0.24362085208203155,3.893501384944784,20.6712779178059
0.33800000000000024,-0.24077730678324372,3.8763232352970363,20.671304870026514
0.33900000000000025,-0.23794549902235218,3.859324401928461,20.671327982495615
0.34000000000000025,-0.23512528148046385,3.8425039913563523,20.6713471654177
0.34100000000000025,-0.23231650477146104,3.8258611285807547,20.671362356859344
0.34200000000000025,-0.2295190174102757,3.809394956828669,20.671373522567222
0.34300000000000025,-0.22673266581016804,3.793104637238571,20.6713806555265
0.34400000000000025,-0.22395729430415656,3.776989348505822,20.671383775282173
0.34500000000000025,-0.2211927451929867,3.7610482864819232,20.671382927041233
0.34600000000000025,-0.21843885881707337,3.745280663741937,20.67137818057993
0.34700000000000025,-0.21569547365037778,3.7296857091207585,20.67136962897507
0.34800000000000025,-0.21296242641615493,3.7142626672311962,20.671357387185903
0.34900000000000025,-0.21023955222114665,3.699010797957726,20.67134159051153
0.35000000000000026,-0.2075266847080357,3.6839293759430802,20.671322392942216
0.35100000000000026,-0.2048236562230059,3.669017690066198,20.671299965434773
0.35200000000000026,-0.20213029799748483,3.6542750429182433,20.67127449413084
0.35300000000000026,-0.19944644034167425,3.6397007502740735,20.67124617853659
0.35400000000000026,-0.19677191284753803,3.6252941405816728,20.671215229693917
0.35500000000000026,-0.19410654460060073,3.6110545544512433,20.671181868352427
0.35600000000000026,-0.1914501643972102,3.5969813441552105,20.67114632316253
0.35700000000000026,-0.1888026009673638,3.5830738731539213,20.671108828910302
0.35800000000000026,-0.1861636831993536,3.5693315156257768,20.67106962480122
0.35900000000000026,-0.18353324036620222,3.5557536560252174,20.67102895280859
0.36000000000000026,-0.1809111023526242,3.542339688658217,20.6709870560945
0.36100000000000027,-0.17829709987859133,3.529089017276533,20.670944177517562
0.36200000000000027,-0.1756910647229546,3.5160010547009506,20.670900558224734
0.36300000000000027,-0.1730928299409129,3.5030752224625985,20.670856436344472
0.36400000000000027,-0.17050223007792908,3.490310950466437,20.670812045775556
0.36500000000000027,-0.16791910137760624,3.477707676680893,20.67076761507452
0.36600000000000027,-0.16534328198284243,3.4652648468486404,20.670723366450353
0.36700000000000027,-0.16277461213063305,3.452981914220004,20.670679514857063
0.36800000000000027,-0.1602129343374088,3.440858339307397,20.67063626718859
0.36900000000000027,-0.15765809357823457,3.4288935896566954,20.67059382157191
0.3700000000000003,-0.15510993745543544,3.417087139648629,20.67055236675686
0.3710000000000003,-0.1525683163587388,3.405438470307786,20.670512081595426
0.3720000000000003,-0.15003308361586676,3.393947069132878,20.670473134611456
0.3730000000000003,-0.14750409563295364,3.3826124299473577,20.6704356836538
0.3740000000000003,-0.1449812120253,3.3714340527612876,20.670399875623474
0.3750000000000003,-0.14246429573758235,3.360411443648786,20.67036584628
0.3760000000000003,-0.13995321315294973,3.349544114636501,20.670333720113504
0.3770000000000003,-0.13744783419211615,3.3388315836103857,20.67030361027821
0.3780000000000003,-0.1349480324009562,3.3282733742263417,20.670275618585507
0.3790000000000003,-0.13245368502695953,3.317869015835754,20.670249835546908
0.3800000000000003,-0.1299646730849986,3.307618043416028,20.67022634046728
0.3810000000000003,-0.1274808814095536,3.2975199975149962,20.670205201578735
0.3820000000000003,-0.12500219869782825,3.2875744241973734,20.67018647620936
0.3830000000000003,-0.12252851753859773,3.2777808749988253,20.670170210989287
0.3840000000000003,-0.12005973443014284,3.2681389068922044,20.670156442081684
0.3850000000000003,-0.11759574978553644,3.2586480822471913,20.67014519544128
0.3860000000000003,-0.11513646792387533,3.249307968807898,20.670136487092442
0.3870000000000003,-0.11268179705120929,3.240118139663309,20.670130323424317
0.3880000000000003,-0.1102316492262787,3.2310781732307987,20.670126701498077
0.3890000000000003,-0.10778594031390298,3.2221876532371425,20.67012560937023
0.3900000000000003,-0.10534458992459861,3.2134461687073212,20.670127026422783
0.3910000000000003,-0.1029075213398869,3.204853313950025,20.67013092369408
0.3920000000000003,-0.10047466142543726,3.19640868855339,20.67013726422538
0.3930000000000003,-0.09804594052950222,3.1881118973808498,20.670146003397825
0.3940000000000003,-0.09562129236597627,3.179962550566586,20.67015708927578
0.3950000000000003,-0.09320065388564558,3.1719602635191677,20.670170462952505
0.3960000000000003,-0.09078396513252329,3.1641046569219498,20.670186058885747
0.3970000000000003,-0.08837116908595277,3.1563953567441274,20.67020380523854
0.3980000000000003,-0.08596221148960836,3.148831994247587,20.670223624211335
0.3990000000000003,-0.08355704066682534,3.1414142059995527,20.670245432370923
0.4000000000000003,-0.08115560732262139,3.1341416338899677,20.670269140977986
0.4010000000000003,-0.07875786433329424,3.1270139251510045,20.670294656304335
0.4020000000000003,-0.07636376652349774,3.120030732379796,20.67032187994991
0.4030000000000003,-0.07397327043189739,3.1131917135669243,20.670350709151663
0.4040000000000003,-0.07158633406516568,3.106496532127097,20.67038103708896
0.4050000000000003,-0.0692029166433619,3.0999448569355583,20.670412753185758
0.4060000000000003,-0.0668229783344863,3.09353636236924,20.670445743404738
0.4070000000000003,-0.06444647998111339,3.087270728352182,20.670479890542122
0.4080000000000003,-0.062073382820589364,3.0811476404067366,20.670515074518992
0.4090000000000003,-0.05970364819785558,3.075166789710284,20.670551172667423
0.4100000000000003,-0.05733723727502359,3.069327873157525,20.67058806001768
0.4110000000000003,-0.05497411073640915,3.0636305934290577,20.6706256095857
0.4120000000000003,-0.05261422849150296,3.0580746590658436,20.670663692662153
0.4130000000000003,-0.05025754937901983,3.0526597845502947,20.670702179099823
0.4140000000000003,-0.047904030869483236,3.0473856903956804,20.670740937606837
0.4150000000000003,-0.04555362877254447,3.0422521032403615,20.670779836049356
0.4160000000000003,-0.04320629694837012,3.037258755949759,20.670818741752154
0.4170000000000003,-0.04086198702300482,3.032405387727381,20.670857521814387
0.4180000000000003,-0.03852064811335724,3.0276917442324867,20.670896043433572
0.4190000000000003,-0.036182226561071465,3.023117577705312,20.670934174241648
0.4200000000000003,-0.0338466656762309,3.0186826471019037,20.67097178265822
0.4210000000000003,-0.031513905494133285,3.014386718236663,20.67100873825267
0.4220000000000003,-0.02918388254554207,3.0102295639329077,20.67104491213865
0.4230000000000003,-0.026856529642928135,3.0062109641843966,20.671080177382578
0.4240000000000003,-0.024531775683553535,3.00233070632424,20.671114409432555
0.4250000000000003,-0.02220954546825291,2.9985885852047733,20.67114748658774
0.4260000000000003,-0.019889759542691707,2.994984403386586,20.671179290491143
0.4270000000000003,-0.017572334056799963,2.991517971338265,20.671209706655368
0.4280000000000003,-0.015257180645015467,2.9881891076470577,20.67123862503135
0.4290000000000003,-0.012944206330232078,2.9849976392392747,20.67126594061712
0.4300000000000003,-0.010633313448010995,2.981943401614359,20.67129155410914
0.4310000000000003,-0.008324399595892373,2.979026239089677,20.671315372606394
0.43200000000000033,-0.006017357604548579,2.9762460050565807,20.671337310366134
0.43300000000000033,-0.0037120755341106815,2.9736025622544844,20.671357289615823
0.43400000000000033,-0.001408436692372561,2.9710957830515667,20.671375241426347
0.43500000000000033,0.0008936803211554434,2.968725549747859,20.671391106649473
0.43600000000000033,0.003194401547943926,2.966491754881531,20.671404836926122
0.43700000000000033,0.005493857581654993,2.9643943015727956,20.671416395762
0.43800000000000033,0.007792183453830148,2.962433103850877,20.671425759680062
0.43900000000000033,0.010089518496215533,2.9606080870458626,20.671432919455277
0.44000000000000034,0.012386006179440301,2.95891918813453,20.671437881419884
0.44100000000000034,0.014681793938962073,2.957366356184238,20.671440668859557
0.44200000000000034,0.016977032961221994,2.9559495527368824,20.671441323486945
0.44300000000000034,0.019271877962637518,2.954668752272255,20.671439906998618
0.44400000000000034,0.021566486941537732,2.9535239426771227,20.671436502715636
0.44500000000000034,0.023861020903950703,2.9525151257145694,20.67143121729991
0.44600000000000034,0.026155643576203147,2.9516423175476234,20.67142418254527
0.44700000000000034,0.02845052108705204,2.9509055492683274,20.671415557241446
0.44800000000000034,0.030745821621167124,2.950304867476234,20.67140552909582
0.44900000000000034,0.033041715065337485,2.949840334826831,20.671394316704575
0.45000000000000034,0.035338372608293867,2.9495120306670515,20.67138217156648
0.45100000000000035,0.03762140176786488,2.9493187743543103,20.671363710753308
0.45200000000000035,0.039904695589939365,2.9492624758943293,20.671344796732477
0.45300000000000035,0.04223355497515513,2.9493460931502113,20.6713430381285
0.45400000000000035,0.04459248067860244,2.949566623401097,20.67135201190842
0.45500000000000035,0.04695150249563085,2.9499216131629282,20.67136030664465
0.45600000000000035,0.04931075765807691,2.9504112527550888,20.671368254358715
0.45700000000000035,0.0516703798243725,2.9510357192505126,20.671376136008455
0.45800000000000035,0.054030500004955684,2.951795177958786,20.671384185481926
0.45900000000000035,0.05639124742765489,2.9526897837048978,20.671392593472156
0.46000000000000035,0.05875275032803984,2.9537196821374607,20.67140151122431
0.46100000000000035,0.06111513667588042,2.954885010955067,20.671411054133976
0.46200000000000035,0.06347853482657229,2.9561859010032094,20.67142130517368
0.46300000000000036,0.06584307410480505,2.957622477368332,20.671432318156057
0.46400000000000036,0.0682088853195637,2.959194860390724,20.67144412081076
0.46500000000000036,0.07057610120841673,2.960903166608645,20.671456717681473
0.46600000000000036,0.07294485681927654,2.9627475096448848,20.671470092842505
0.46700000000000036,0.07531528982417512,2.9647280010670727,20.67148421242597
0.46800000000000036,0.07768754077483209,2.966844751149864,20.671499026974054
0.46900000000000036,0.08006175329614962,2.969097869638631,20.671514473618096
0.47000000000000036,0.08243807421888505,2.9714874664304602,20.671530478079866
0.47100000000000036,0.08481665366798552,2.974013652226631,20.6715469565169
0.47200000000000036,0.08719764508998651,2.976676539131006,20.671563817208053
0.47300000000000036,0.08958120523971047,2.9794762412312252,20.67158096208846
0.47400000000000037,0.09196749412024019,2.9824128751156422,20.671598288148225
0.47500000000000037,0.09435667488230592,2.9854865603794565,20.671615688698196
0.47600000000000037,0.09674891368763383,2.988697420070764,20.67163305450368
0.47700000000000037,0.09914437954051891,2.9920455811321744,20.671650274811487
0.47800000000000037,0.10154324408728144,2.9955311747893916,20.67166723826883
0.47900000000000037,0.10394568139309968,2.9991543369254714,20.67168383373611
0.48000000000000037,0.10635186769565053,3.0029152084213706,20.67169995101479
0.48100000000000037,0.10876198114135605,3.0068139354735877,20.67171548148786
0.4820000000000004,0.11117620150747598,3.0108506698860538,20.67173031868671
0.4830000000000004,0.11359470991260423,3.015025569338718,20.671744358787855
0.4840000000000004,0.11601768852042937,3.0193387976362374,20.67175750104332
0.4850000000000004,0.11844532023951615,3.023790524937283,20.671769648160765
0.4860000000000004,0.1208777884214669,3.0283809279591196,20.6717807066303
0.4870000000000004,0.12331527656206731,3.033110190170248,20.671790587006075
0.4880000000000004,0.1257579680058143,3.0379785019623,20.671799204149973
0.4890000000000004,0.128206045658402,3.042986060805788,20.6718064774398
0.4900000000000004,0.13065969170901326,3.048133071395398,20.671812330945798
0.4910000000000004,0.13311908736415035,3.0534197457704977,20.67181669358772
0.4920000000000004,0.1355844125943122,3.0588463034357574,20.671819499261417
0.4930000000000004,0.13805584589638897,3.0644129714576707,20.671820686951435
0.4940000000000004,0.1405335640729959,3.0701199845582323,20.67182020082802
0.4950000000000004,0.14301774202894535,3.075967585190142,20.671817990331803
0.4960000000000004,0.1455085525872164,3.081956023608541,20.67181401024689
0.4970000000000004,0.14800616632248875,3.0880855579282525,20.67180822076582
0.4980000000000004,0.1505107514168742,3.094356454175795,20.67180058755207
0.4990000000000004,0.15302247353497478,3.100768986333719,20.671791081795504
0.5000000000000003,0.15554149571769926,3.1073234363732354,20.671779680267136
0.5010000000000003,0.15806797829898755,3.114020094286275,20.671766365369557
0.5020000000000003,0.16060207884018496,3.1208592581073162,20.67175112519167
0.5030000000000003,0.1631439520846243,3.1278412339305532,20.67173395356309
0.5040000000000003,0.1656937499312221,3.134966335926947,20.671714850103953
0.5050000000000003,0.1682516214251848,3.142234886344795,20.67169382028458
0.5060000000000003,0.170817712767672,3.1496472155255333,20.671670875485272
0.5070000000000003,0.17339216734018237,3.1572036618960055,20.671646033051054
0.5080000000000003,0.17597512574371876,3.1649045719699416,20.671619316358594
0.5090000000000003,0.17856672585520528,3.1727503003462516,20.671590754876473
0.5100000000000003,0.1811671028929709,3.1807412096992493,20.671560384231473
0.5110000000000003,0.18377638949544917,3.1888776707719444,20.67152824627343
0.5120000000000003,0.18639471581252565,3.1971600623662653,20.671494389137308
0.5130000000000003,0.18902220960194427,3.205588771329758,20.671458867309408
0.5140000000000003,0.19165899633756567,3.214164192545695,20.67142174168675
0.5150000000000003,0.19430519932242873,3.222886728912613,20.671383079632307
0.5160000000000003,0.19696093980783758,3.231756791335215,20.67134295502657
0.5170000000000003,0.19962633711617173,3.240774798702091,20.67130144831108
0.5180000000000003,0.20230150876878383,3.24994117787287,20.671258646524677
0.5190000000000003,0.20498657061426684,3.259256363650138,20.671214643325733
0.5200000000000004,0.20768163695777275,3.2687207987639795,20.67116953900028
0.5210000000000004,0.21038682069206516,3.278334933847418,20.67112344046066
0.5220000000000004,0.21310223342706536,3.288099227406292,20.671076461218256
0.5230000000000004,0.21582798561715322,3.2980141457926493,20.67102872133941
0.5240000000000004,0.21856418668667743,3.308080163175873,20.67098034737736
0.5250000000000004,0.22131094515367522,3.3182977615017535,20.670931472272866
0.5260000000000004,0.2240683687479077,3.328667430453379,20.670882235231435
0.5270000000000004,0.2268365645265078,3.3391896674118016,20.670832781560645
0.5280000000000004,0.2296156389846118,3.3498649773971465,20.670783262471506
0.5290000000000004,0.23240569816168488,3.3606938730194997,20.67073383484398
0.5300000000000004,0.235206847741523,3.3716768744093315,20.67068466094064
0.5310000000000004,0.23801919314850295,3.3828145091542865,20.670635908078555
0.5320000000000004,0.24084283963854602,3.394107312210508,20.67058774824635
0.5330000000000004,0.24367789238287685,3.4055558258216934,20.67054035766629
0.5340000000000004,0.24652445654851363,3.4171605994142737,20.67049391630176
0.5350000000000004,0.24938263737332989,3.428922189488503,20.67044860729868
0.5360000000000004,0.25225254023449395,3.440841159499314,20.670404616364095
0.5370000000000004,0.2551342707138531,3.452918079718984,20.670362131077304
0.5380000000000004,0.25802793465808804,3.4651535270877503,20.67032134013544
0.5390000000000004,0.2609336382337091,3.477548085056924,20.670282432524203
0.5400000000000004,0.26385148797957925,3.490102343407216,20.670245596616375
0.5410000000000004,0.26678159085537345,3.50281689806161,20.67021101920343
0.5420000000000004,0.2697240542856889,3.5156923508734508,20.67017888445386
0.5430000000000004,0.272678986202294,3.528729309412597,20.670149372798317
0.5440000000000004,0.27564649508423145,3.541928386720656,20.67012265975072
0.5450000000000004,0.278626689994411,3.555290201062121,20.670098914671716
0.5460000000000004,0.28161968061566256,3.5688153756585734,20.67007829946129
0.5470000000000004,0.28462557728470017,3.582504538406397,20.670060967212613
0.5480000000000004,0.28764449102459366,3.596358321584489,20.670047060815694
0.5490000000000004,0.29067653357726897,3.610377361552196,20.670036711524553
0.5500000000000004,0.2937218174343599,3.6245622984336023,20.670030037509086
0.5510000000000004,0.29678045586815927,3.638913775798983,20.67002714238728
0.5520000000000004,0.29985256296191665,3.6534324403387473,20.670028113764282
0.5530000000000004,0.3029382536391836,3.668118941536477,20.670033021793856
0.5540000000000004,0.3060376436943528,3.6829739313443497,20.670041917768344
0.5550000000000004,0.30915084982127183,3.6979980638624284,20.670054832767363
0.5560000000000004,0.3122779896420411,3.7131919950285237,20.6700717763779
0.5570000000000004,0.31541918173584094,3.7285563823185157,20.67009273551181
0.5580000000000004,0.3185745456656903,3.7440918844690714,20.670117673337227
0.5590000000000004,0.3217442020053696,3.759799161221963,20.670146528341323
0.5600000000000004,0.3249282723650069,3.775678873094421,20.67017921356228
0.5610000000000004,0.32812687941455465,3.7917316811857518,20.670215615996362
0.5620000000000004,0.3313401469071735,3.807958247024885,20.670255596205628
0.5630000000000004,0.3345681996997172,3.824359232458278,20.67029898814943
0.5640000000000004,0.33781116377115694,3.8409352995890913,20.670345599257324
0.5650000000000004,0.341069166239798,3.8576871107767374,20.67039521075762
0.5660000000000004,0.34434233537877645,3.8746153286886056,20.670447578273084
0.5670000000000004,0.3476308006280462,3.8917206164246636,20.67050243270806
0.5680000000000004,-0.30114972911685156,3.0923904078145057,19.861980591121302
0.5690000000000004,-0.11180187676839735,2.234284757110896,19.84117680694383
0.5700000000000004,0.05481487477762427,1.8351896619899857,19.85566015149419
0.5710000000000004,0.05796519550226903,1.8527447168366016,19.865357960967017
0.5720000000000004,0.0606545768698598,1.8700073714076948,19.875741541875595
0.5730000000000004,0.06287338048205547,1.8869765008597505,19.88681845412431
0.5740000000000004,0.06461294464549903,1.9036516753386432,19.898596014702004
0.5750000000000004,0.06586562540052572,1.9200331890147382,19.91108129231879
0.5760000000000004,0.06662483083821974,1.936122087929367,19.924281100484027
0.5770000000000004,0.06688504814398344,1.9519201964525812,19.93820198894295
0.5780000000000004,0.06664186286080252,1.9674301421646685,19.952850233414516
0.5790000000000004,0.06589196993972221,1.9826553789964936,19.96823182359183
0.5800000000000004,0.06463317621625679,1.997600208484342,19.984352449386684
0.5810000000000004,0.06286439403393225,2.012269799020614,20.00121748544963
0.5820000000000004,0.060585625813462086,2.026670203003932,20.018831973995862
0.5830000000000004,0.05779793945047215,2.040808371822044,20.03720060601837
0.5840000000000004,0.05450343450343102,2.054692168622824,20.05632770099015
0.5850000000000004,-0.24294144345382296,2.0580677959832623,20.065207349676292
0.5860000000000004,-0.2487733800443493,2.0730274069335097,20.086093595554086
0.5870000000000004,-0.2551617187110913,2.0877971207666177,20.107757124901372
0.5880000000000004,0.08627273461947732,1.9250969631056691,20.67160041880538
0.5890000000000004,0.08951496812457403,1.9817549645318584,20.671620686263665
0.5900000000000004,0.12361043606712473,1.9592965277040206,20.67163623490318
0.5910000000000004,0.23320219340907902,1.8739174193565868,20.671647051044417
0.5920000000000004,0.36350729556749317,1.9174096553945192,20.671653174018378
0.5930000000000004,0.5123812776436019,2.0786739267988654,20.671654698636146
0.5940000000000004,0.677839644475408,2.3471572596016648,20.671651777486048
0.5950000000000004,0.8581258946462003,2.7134250918663234,20.671644623081583
0.5960000000000004,1.0517665709143795,3.1696456190154176,20.671633509889396
0.5970000000000004,1.2576167682313697,3.710004065904805,20.67161877627599
0.5980000000000004,1.4748988772848193,4.331062907482124,20.671600826410213
0.5990000000000004,1.703236468018405,5.03208039958081,20.67158013218152
0.6000000000000004,1.9426842408628109,5.815294929890172,20.671557235190303
0.6010000000000004,2.150003427097049,6.5886157284313,20.671506696692273
0.6020000000000004,0.004240195011631379,-0.007753515094103247,10.393109505149269
0.6030000000000004,-1.304293673111897,-5.527248395908286,0.0
0.6040000000000004,-1.1156260347893088,-5.262273872180236,0.0
0.6050000000000004,-0.9237367170954621,-4.922821255582299,0.0
0.6060000000000004,-0.7292450681284801,-4.513868035538969,0.0
0.6070000000000004,-0.5323814516580584,-4.03745361612201,0.0
0.6080000000000004,-0.33306496652749523,-3.4932042835905985,0.0
0.6090000000000004,-0.13098062288657952,-2.8788639829165996,0.0
0.6100000000000004,-0.02067824330995332,-2.5093636349632202,0.0
0.6110000000000004,-0.023211902852254433,-2.5013468638532412,0.0
0.6120000000000004,-0.025431379564212903,-2.4932756724668073,0.0
0.6130000000000004,-0.027320759040998392,-2.4851107610827974,0.0
0.6140000000000004,-0.028860885791992676,-2.47678835447479,0.0
0.6150000000000004,-0.030030193994305635,-2.4682251414249015,0.0
0.6160000000000004,-0.03080550045686639,-2.459322998319693,0.0
0.6170000000000004,-0.031162758828346453,-2.4499734932575743,0.0
0.6180000000000004,0.1667657751768958,-1.8142330268995828,0.0
0.6190000000000004,0.16244419898005297,-1.818680392238281,0.0
0.6200000000000004,0.15871121219703666,-1.821941549988521,0.0
0.6210000000000004,0.1555760114604462,-1.8239391657868944,0.0
0.6220000000000004,0.15304620775870292,-1.824603137988254,0.0
0.6230000000000004,0.15112755880548895,-1.823873118122997,0.0
0.6240000000000004,0.14982372733300625,-1.8217008390011014,0.0
0.6250000000000004,0.14913606583375338,-1.8180522470071288,0.0
0.6260000000000004,0.14906342832897035,-1.8129094338899518,0.0
0.6270000000000004,0.1496020097955004,-1.8062723619211671,0.0
0.6280000000000004,0.15074521394316043,-1.7981603748522703,0.0
0.6290000000000004,0.15248355008697398,-1.7886134856163052,0.0
0.6300000000000004,0.15480455989452144,-1.7776934303539267,0.0
0.6310000000000004,0.15769277480775723,-1.7654844771777134,0.0
0.6320000000000005,0.16112970493393725,-1.7520939771876918,0.0
0.6330000000000005,0.16509386014969274,-1.7376526447853835,0.0
0.6340000000000005,0.1692458311761412,-1.727533292814876,0.0028711463064376714
0.6350000000000005,-0.032818188377694034,-1.0518408648467792,0.005846770491731517
0.6360000000000005,0.0,0.0,0.0
0.6370000000000005,0.0,0.0,0.0
0.6380000000000005,0.0,0.0,0.0
0.6390000000000005,0.0,0.0,0.0
0.6400000000000005,0.0,0.0,0.0
0.6410000000000005,0.0,0.0,0.0
0.6420000000000005,0.0,0.0,0.0
0.6430000000000005,0.0,0.0,0.0
0.6440000000000005,0.0,0.0,0.0
0.6450000000000005,0.0,0.0,0.0
0.6460000000000005,0.0,0.0,0.0
0.6470000000000005,0.0,0.0,0.0
0.6480000000000005,0.0,0.0,0.0
0.6490000000000005,0.0,0.0,0.0
0.6500000000000005,0.0,0.0,0.0
0.6510000000000005,0.0,0.0,0.0
0.6520000000000005,0.0,0.0,0.0
0.6530000000000005,0.0,0.0,0.0
0.6540000000000005,0.0,0.0,0.0
0.6550000000000005,0.0,0.0,0.0
0.6560000000000005,0.0,0.0,0.0
0.6570000000000005,0.0,0.0,0.0
0.6580000000000005,0.0,0.0,0.0
0.6590000000000005,0.0,0.0,0.0
0.6600000000000005,0.0,0.0,0.0
0.6610000000000005,0.0,0.0,0.0
0.6620000000000005,0.0,0.0,0.0
0.6630000000000005,0.0,0.0,0.0
0.6640000000000005,0.0,0.0,0.0
0.6650000000000005,0.0,0.0,0.0
0.6660000000000005,0.0,0.0,0.0
0.6670000000000005,0.0,0.0,0.0
0.6680000000000005,0.0,0.0,0.0
0.6690000000000005,0.0,0.0,0.0
0.6700000000000005,0.0,0.0,0.0
0.6710000000000005,0.0,0.0,0.0
0.6720000000000005,0.0,0.0,0.0
0.6730000000000005,0.0,0.0,0.0
0.6740000000000005,0.0,0.0,0.0
0.6750000000000005,0.0,0.0,0.0
0.6760000000000005,0.0,0.0,0.0
0.6770000000000005,0.0,0.0,0.0
0.6780000000000005,0.0,0.0,0.0
0.6790000000000005,0.0,0.0,0.0
0.6800000000000005,0.0,0.0,0.0
0.6810000000000005,0.0,0.0,0.0
0.6820000000000005,0.0,0.0,0.0
0.6830000000000005,0.0,0.0,0.0
0.6840000000000005,0.0,0.0,0.0
0.6850000000000005,0.0,0.0,0.0
0.6860000000000005,0.0,0.0,0.0
0.6870000000000005,0.0,0.0,0.0
0.6880000000000005,0.0,0.0,0.0
0.6890000000000005,0.0,0.0,0.0
0.6900000000000005,0.0,0.0,0.0
0.6910000000000005,0.0,0.0,0.0
0.6920000000000005,0.0,0.0,0.0
0.6930000000000005,0.0,0.0,0.0
0.6940000000000005,0.0,0.0,0.0
0.6950000000000005,0.0,0.0,0.0
0.6960000000000005,0.0,0.0,0.0
0.6970000000000005,0.0,0.0,0.0
0.6980000000000005,0.0,0.0,0.0
0.6990000000000005,0.0,0.0,0.0
0.7000000000000005,0.0,0.0,0.0
0.7010000000000005,0.0,0.0,0.0
0.7020000000000005,0.0,0.0,0.0
0.7030000000000005,0.0,0.0,0.0
0.7040000000000005,0.0,0.0,0.0
0.7050000000000005,0.0,0.0,0.0
0.7060000000000005,0.0,0.0,0.0
0.7070000000000005,0.0,0.0,0.0
0.7080000000000005,0.0,0.0,0.0
0.7090000000000005,0.0,0.0,0.0
0.7100000000000005,0.0,0.0,0.0
0.7110000000000005,0.0,0.0,0.0
0.7120000000000005,0.0,0.0,0.0
0.7130000000000005,0.0,0.0,0.0
0.7140000000000005,0.0,0.0,0.0
0.7150000000000005,0.0,0.0,0.0
0.7160000000000005,0.0,0.0,0.0
0.7170000000000005,0.0,0.0,0.0
0.7180000000000005,0.0,0.0,0.0
0.7190000000000005,0.0,0.0,0.0
0.7200000000000005,0.0,0.0,0.0
0.7210000000000005,0.0,0.0,0.0
0.7220000000000005,0.0,0.0,0.0
0.7230000000000005,0.0,0.0,0.0
0.7240000000000005,0.0,0.0,0.0
0.7250000000000005,0.0,0.0,0.0
0.7260000000000005,0.0,0.0,0.0
0.7270000000000005,0.0,0.0,0.0
0.7280000000000005,0.0,0.0,0.0
0.7290000000000005,0.0,0.0,0.0
0.7300000000000005,0.0,0.0,0.0
0.7310000000000005,0.0,0.0,0.0
0.7320000000000005,0.0,0.0,0.0
0.7330000000000005,0.0,0.0,0.0
0.7340000000000005,0.0,0.0,0.0
0.7350000000000005,0.0,0.0,0.0
0.7360000000000005,0.0,0.0,0.0
0.7370000000000005,0.0,0.0,0.0
0.7380000000000005,0.0,0.0,0.0
0.7390000000000005,0.0,0.0,0.0
0.7400000000000005,0.0,0.0,0.0
0.7410000000000005,0.0,0.0,0.0
0.7420000000000005,0.0,0.0,0.0
0.7430000000000005,0.0,0.0,0.0
0.7440000000000005,0.0,0.0,0.0
0.7450000000000006,0.0,0.0,0.0
0.7460000000000006,0.0,0.0,0.0
0.7470000000000006,0.0,0.0,0.0
0.7480000000000006,0.0,0.0,0.0
0.7490000000000006,0.0,0.0,0.0
0.7500000000000006,0.0,0.0,0.0
0.7510000000000006,0.0,0.0,0.0
0.7520000000000006,0.0,0.0,0.0
0.7530000000000006,0.0,0.0,0.0
0.7540000000000006,0.0,0.0,0.0
0.7550000000000006,0.0,0.0,0.0
0.7560000000000006,0.0,0.0,0.0
0.7570000000000006,0.0,0.0,0.0
0.7580000000000006,0.0,0.0,0.0
0.7590000000000006,0.0,0.0,0.0
0.7600000000000006,0.0,0.0,0.0
0.7610000000000006,0.0,0.0,0.0
0.7620000000000006,0.0,0.0,0.0
0.7630000000000006,0.0,0.0,0.0
0.7640000000000006,0.0,0.0,0.0
0.7650000000000006,0.0,0.0,0.0
0.7660000000000006,0.0,0.0,0.0
0.7670000000000006,0.0,0.0,0.0
0.7680000000000006,0.0,0.0,0.0
0.7690000000000006,0.0,0.0,0.0
0.7700000000000006,0.0,0.0,0.0
0.7710000000000006,0.0,0.0,0.0
0.7720000000000006,0.0,0.0,0.0
0.7730000000000006,0.0,0.0,0.0
0.7740000000000006,0.0,0.0,0.0
0.7750000000000006,0.0,0.0,0.0
0.7760000000000006,0.0,0.0,0.0
0.7770000000000006,0.0,0.0,0.0
0.7780000000000006,0.0,0.0,0.0
0.7790000000000006,0.0,0.0,0.0
0.7800000000000006,0.0,0.0,0.0
0.7810000000000006,0.0,0.0,0.0
0.7820000000000006,0.0,0.0,0.0
0.7830000000000006,0.0,0.0,0.0
0.7840000000000006,0.0,0.0,0.0
0.7850000000000006,0.0,0.0,0.0
0.7860000000000006,0.0,0.0,0.0
0.7870000000000006,0.0,0.0,0.0
0.7880000000000006,0.0,0.0,0.0
0.7890000000000006,0.0,0.0,0.0
0.7900000000000006,0.0,0.0,0.0
0.7910000000000006,0.0,0.0,0.0
0.7920000000000006,0.0,0.0,0.0
0.7930000000000006,0.0,0.0,0.0
0.7940000000000006,0.0,0.0,0.0
0.7950000000000006,0.0,0.0,0.0
0.7960000000000006,0.0,0.0,0.0
0.7970000000000006,0.0,0.0,0.0
0.7980000000000006,0.0,0.0,0.0
0.7990000000000006,0.0,0.0,0.0
0.8000000000000006,0.0,0.0,0.0
0.8010000000000006,0.0,0.0,0.0
0.8020000000000006,0.0,0.0,0.0
0.8030000000000006,0.0,0.0,0.0
0.8040000000000006,0.0,0.0,0.0
0.8050000000000006,0.0,0.0,0.0
0.8060000000000006,0.0,0.0,0.0
0.8070000000000006,0.0,0.0,0.0
0.8080000000000006,0.0,0.0,0.0
0.8090000000000006,0.0,0.0,0.0
0.8100000000000006,0.0,0.0,0.0
0.8110000000000006,0.0,0.0,0.0
0.8120000000000006,0.0,0.0,0.0
0.8130000000000006,0.0,0.0,0.0
0.8140000000000006,0.0,0.0,0.0
0.8150000000000006,0.0,0.0,0.0
0.8160000000000006,0.0,0.0,0.0
0.8170000000000006,0.0,0.0,0.0
0.8180000000000006,0.0,0.0,0.0
0.8190000000000006,0.0,0.0,0.0
0.8200000000000006,0.0,0.0,0.0
0.8210000000000006,0.0,0.0,0.0
0.8220000000000006,0.0,0.0,0.0
0.8230000000000006,0.0,0.0,0.0
0.8240000000000006,0.0,0.0,0.0
0.8250000000000006,0.0,0.0,0.0
0.8260000000000006,0.0,0.0,0.0
0.8270000000000006,0.0,0.0,0.0
0.8280000000000006,0.0,0.0,0.0
0.8290000000000006,0.0,0.0,0.0
0.8300000000000006,0.0,0.0,0.0
0.8310000000000006,0.0,0.0,0.0
0.8320000000000006,0.0,0.0,0.0
0.8330000000000006,0.0,0.0,0.0
0.8340000000000006,0.0,0.0,0.0
0.8350000000000006,0.0,0.0,0.0
0.8360000000000006,0.0,0.0,0.0
0.8370000000000006,0.0,0.0,0.0
0.8380000000000006,0.0,0.0,0.0
0.8390000000000006,0.0,0.0,0.0
0.8400000000000006,0.0,0.0,0.0
0.8410000000000006,0.0,0.0,0.0
0.8420000000000006,0.0,0.0,0.0
0.8430000000000006,0.0,0.0,0.0
0.8440000000000006,0.0,0.0,0.0
0.8450000000000006,0.0,0.0,0.0
0.8460000000000006,0.0,0.0,0.0
0.8470000000000006,0.0,0.0,0.0
0.8480000000000006,0.0,0.0,0.0
0.8490000000000006,0.0,0.0,0.0
0.8500000000000006,0.0,0.0,0.0
0.8510000000000006,0.0,0.0,0.0
0.8520000000000006,0.0,0.0,0.0
0.8530000000000006,0.0,0.0,0.0
0.8540000000000006,0.0,0.0,0.0
0.8550000000000006,0.0,0.0,0.0
0.8560000000000006,0.0,0.0,0.0
0.8570000000000007,0.0,0.0,0.0
0.8580000000000007,0.0,0.0,0.0
0.8590000000000007,0.0,0.0,0.0
0.8600000000000007,0.0,0.0,0.0
0.8610000000000007,0.0,0.0,0.0
0.8620000000000007,0.0,0.0,0.0
0.8630000000000007,0.0,0.0,0.0
0.8640000000000007,0.0,0.0,0.0
0.8650000000000007,0.0,0.0,0.0
0.8660000000000007,0.0,0.0,0.0
0.8670000000000007,0.0,0.0,0.0
0.8680000000000007,0.0,0.0,0.0
0.8690000000000007,0.0,0.0,0.0
0.8700000000000007,0.045108710940917215,-1.0045119785276486,0.02700100932301914
0.8710000000000007,0.3563793708009052,-1.6729803580494749,0.023070666208961244
0.8720000000000007,0.35664752286606505,-1.6717007355769518,0.013215861469841945
0.8730000000000007,0.357427938501651,-1.6708015401000162,0.0026849047145845535
0.8740000000000007,0.35945698062680076,-1.6816611764947593,0.0
0.8750000000000007,0.3622552166627673,-1.6948052212317264,0.0
0.8760000000000007,0.3655935240313143,-1.706232376589858,0.0
0.8770000000000007,0.3694775677481524,-1.7158993301071799,0.0
0.8780000000000007,0.37391238138092175,-1.7237825998321366,0.0
0.8790000000000007,0.3789023316747872,-1.729877518990682,0.0
0.8800000000000007,0.3844510849228976,-1.7341970402691298,0.0
0.8810000000000007,0.39056157578284345,-1.736770368885514,0.0
0.8820000000000007,0.39723597914833775,-1.7376414315349482,0.0
0.8830000000000007,0.4044756855801931,-1.736867186116387,0.0
0.8840000000000007,0.41228128068213976,-1.7345157749717237,0.0
0.8850000000000007,0.42065252870278524,-1.7306645223624466,0.0
0.8860000000000007,0.4295883605339799,-1.7253977750491005,0.0
0.8870000000000007,0.3547786188745967,-2.3475812391783237,0.0
0.8880000000000007,0.36240872019780335,-2.3551684935651167,0.0
0.8890000000000007,0.37054049618914475,-2.3620247203797486,0.0
0.8900000000000007,0.37916071920171746,-2.368276911522204,0.0
0.8910000000000007,0.3882556133988217,-2.3740441990382193,0.0
0.8920000000000007,0.3978110591222648,-2.3794337984231557,0.0
0.8930000000000007,0.407812812375705,-2.3845367184009625,0.0
0.8940000000000007,0.4182467392985365,-2.3894232324182765,0.0
0.8950000000000007,0.4290990654829488,-2.394138108363284,0.0
0.8960000000000007,0.4403566399631641,-2.398695594628863,0.0
0.8970000000000007,0.39995976978782033,-2.6012059056563133,0.0
0.8980000000000007,0.2854030924972896,-3.0190250192746206,0.0
0.8990000000000007,0.1657214350230285,-3.363902230526476,0.0
0.9000000000000007,0.0408515743465922,-3.637092643304997,0.0
0.9010000000000007,-0.08924392572978831,-3.837419032746971,0.0
0.9020000000000007,-0.20234840682292102,-3.9004926444670236,0.0
0.9030000000000007,0.0036938496071740913,0.008151319029713833,10.455904258321615
0.9040000000000007,1.3865167638901603,5.111342373911036,20.670021111824518
0.9050000000000007,1.235560828912578,4.31716771084411,20.670047233312317
0.9060000000000007,1.085576753075257,3.6138497210589122,20.670072927960064
0.9070000000000007,0.9367046995230658,2.9947905380461606,20.67009881966475
0.9080000000000007,0.7891643992889006,2.456868580114735,20.67012544001495
0.9090000000000007,0.6432588276265161,2.0001396275949865,20.670153234146262
0.9100000000000007,0.4993774566323096,1.6275012268932478,20.67018256617637
0.9110000000000007,0.3579993833350401,1.3443173576266414,20.670213724292505
0.9120000000000007,0.21969626315310609,1.1579955410429896,20.670246925575995
0.9130000000000007,0.08513457329979043,1.0775048289413611,20.67028232062136
0.9140000000000007,-0.04492370033432638,1.112820946293076,20.670319998008594
0.9150000000000007,-0.169623291257782,1.2742851272727798,20.670359988670892
0.9160000000000007,-0.28802251965942693,1.571866990525367,20.670402270189623
0.9170000000000007,-0.35532219413926025,1.8004812551831897,20.670446771054458
0.9180000000000007,-0.6942632059088991,2.0136813735933727,20.143372030758982
0.9190000000000007,-0.6875827572373605,1.9999600684482457,20.121031580062876
0.9200000000000007,-0.3941213729850859,2.0374362701846493,20.10957332400163
0.9210000000000007,-0.3896625434654747,2.023778012435055,20.089142877191563
0.9220000000000007,-0.3855731962214788,2.009869842322637,20.069545346077714
0.9230000000000007,-0.3818539782001106,1.99570394890352,20.050780896698832
0.9240000000000007,-0.37850480757349947,1.981273455278847,20.032848988160563
0.9250000000000007,-0.37552484569927436,1.966572407700668,20.015748382329633
0.9260000000000007,-0.3729124762091257,1.951595762078789,19.999477154092016
0.9270000000000007,-0.3706652912107875,1.936339367897411,19.984032702044196
0.9280000000000007,-0.36878008453077393,1.9207999495862857,19.96941175952541
0.9290000000000007,-0.3672528518662921,1.9049750854241516,19.955610405925874
0.9300000000000007,-0.36607879765121293,1.888863184076369,19.94262407818886
0.9310000000000007,-0.3652523483836966,1.8724634589014157,19.930447582458218
0.9320000000000007,-0.3647671721047886,1.8557759001914935,19.91907510582658
0.9330000000000007,-0.36461620366075453,1.8388012455368867,19.908500228153095
0.9340000000000007,-0.3647916753365118,1.8215409485261582,19.898715933922674
0.9350000000000007,-0.3652851523995616,1.803997146018394,19.88971462413175
0.9360000000000007,-0.5979780675893023,2.1834291243796384,19.877312827317922
0.9370000000000007,-0.9383197381995481,3.037997102782306,19.897695003659354
0.9380000000000007,-0.32994368491053194,3.9116960508162038,20.671467806464783
0.9390000000000007,-0.326520808612095,3.8943319235170293,20.671495959289103
0.9400000000000007,-0.3231136400208925,3.877148067163148,20.671520404817212
0.9410000000000007,-0.3197220039672146,3.8601435698093383,20.671541027787825
0.9420000000000007,-0.3163457237151164,3.843317538143424,20.671557740595574
0.9430000000000007,-0.31298462089409895,3.82666909729528,20.671570483375724
0.9440000000000007,-0.3096385154571948,3.810197390568419,20.671579223814355
0.9450000000000007,-0.30630722566655777,3.7939015791407655,20.6715839567091
0.9460000000000007,-0.30299056810408587,3.777780841705294,20.67158470328737
0.9470000000000007,-0.2996883577070406,3.7618343740693945,20.671581510308684
0.9480000000000007,-0.2964004078267095,3.7460613887305954,20.671574448966854
0.9490000000000007,-0.293126530310424,3.7304611144126056,20.671563613628383
0.9500000000000007,-0.28986653560455977,3.715032795583511,20.671549120414475
0.9510000000000007,-0.2866202328762739,3.6997756919536187,20.671531105655184
0.9520000000000007,-0.2833874301536241,3.684689077964663,20.671509724249194
0.9530000000000007,-0.28016793448068,3.6697722422692323,20.671485147938565
0.9540000000000007,-0.27696155208850826,3.655024487204628,20.67145756353241
0.9550000000000007,-0.2737680885761833,3.6404451282787704,20.67142717108879
0.9560000000000007,-0.2705873491035362,3.626033493646446,20.671394182090673
0.9570000000000007,-0.2674191385928566,3.6117889236079463,20.67135881762509
0.9580000000000007,-0.264263261936037,3.5977107701138493,20.67132130657756
0.9590000000000007,-0.26111952420733076,3.5837983962862836,20.671281883874485
0.9600000000000007,-0.25798773088058624,3.5700511759532674,20.671240788771048
0.9610000000000007,-0.25486768804738347,3.5564684932096498,20.671198263204236
0.9620000000000007,-0.2517592026348865,3.5430497419905578,20.6711545502218
0.9630000000000007,-0.24866208262487532,3.5297943256726967,20.671109892491224
0.9640000000000007,-0.24557613726885563,3.516701656693158,20.67106453090144
0.9650000000000007,-0.24250117730150578,3.5037711561949436,20.671018703259204
0.9660000000000007,-0.2394370151481553,3.4910022536912493,20.670972643081775
0.9670000000000007,-0.23638346512775854,3.4783943867562357,20.67092657849023
0.9680000000000007,-0.23334034365144873,3.4659470007368327,20.670880731209834
0.9690000000000007,-0.23030746941178393,3.45365954848603,20.67083531566699
0.9700000000000008,-0.22728466356592492,3.4415314901179954,20.670790538186765
0.9710000000000008,-0.22427174991182142,3.4295622927847944,20.6707465962926
0.9720000000000008,-0.22126855505419485,3.4177514304701617,20.670703678097503
0.9730000000000008,-0.21827490856261988,3.406098383805329,20.670661961789076
0.9740000000000008,-0.21529064312076684,3.39460263989713,20.67062161520129
0.9750000000000008,-0.21231559466525596,3.383263692181572,20.670582795471006
0.9760000000000008,-0.20934960251528878,3.3720810402828647,20.670545648768567
0.9770000000000008,-0.20639250949119514,3.3610541898921156,20.67051031010483
0.9780000000000008,-0.20344416202456728,3.350182652657395,20.670476903209483
0.9790000000000008,-0.20050441025574628,3.3394659460892626,20.670445540462453
0.9800000000000008,-0.1975731081211336,3.3289035934724325,20.670416322890702
0.9810000000000008,-0.1946501134299723,3.3184951237878977,20.670389340214783
0.9820000000000008,-0.1917352879291343,3.3082400716514258,20.670364670939826
0.9830000000000008,-0.18882849735679486,3.298137977247393,20.670342382492187
0.9840000000000008,-0.18592961148452503,3.288188386285242,20.670322531391697
0.9850000000000008,-0.18303850414625344,3.2783908499477548,20.670305163456312
0.9860000000000008,-0.1801550532567262,3.2687449248561506,20.670290314034368
0.9870000000000008,-0.17727914081667961,3.2592501730354115,20.67027800826518
0.9880000000000008,-0.17441065290397262,3.2499061618848373,20.67026826135598
0.9890000000000008,-0.17154947965438794,3.2407124641537166,20.6702610788776
0.9900000000000008,-0.16869551522752602,3.231668657922569,20.670256457075375
0.9910000000000008,-0.1658486577589855,3.222774326584215,20.67025438318922
0.9920000000000008,-0.1630088092999955,3.214029058831045,20.67025483578564
0.9930000000000008,-0.16017587574322079,3.205432448643876,20.670257785092502
0.9940000000000008,-0.15734976673292067,3.196984095284847,20.670263193337586
0.9950000000000008,-0.15453039556301462,3.1886836032925885,20.670271015093192
0.9960000000000008,-0.15171767906024058,3.1805305824790935,20.670281197619175
0.9970000000000008,-0.14891153745210772,3.1725246479341536,20.670293681206445
0.9980000000000008,-0.1461118942219386,3.1646654200244484,20.670308399513466
0.9990000000000008,-0.14331867594928838,3.156952524403067,20.67032527990822
1.0000000000000007,-0.1405318121363237,3.149385592018433,20.670344243801935
1.0010000000000006,-0.13775123502014708,3.1419642591270076,20.670365206977138
1.0020000000000004,-0.1349768793723527,3.1346881673099887,20.67038807991499
1.0030000000000003,-0.13220868228505722,3.127556963492367,20.670412768115533
1.0040000000000002,-0.1294465829442668,3.120570299966971,20.670439172412877
1.0050000000000001,-0.1266905223918998,3.1137278344216264,20.670467189286803
1.006,-0.12394044327587639,3.1070292299712357,20.670496711168816
1.007,-0.1211962895900858,3.100474155193625,20.67052762674177
1.0079999999999998,-0.11845800640491266,3.094062284170972,20.67055982124052
1.0089999999999997,-0.11572553958854598,3.087793296535567,20.670593176745072
1.0099999999999996,-0.11299883552216718,3.0816668775207976,20.670627572470867
1.0109999999999995,-0.1102778408067814,3.0756827180183475,20.670662885057723
1.0119999999999993,-0.10756250196701292,3.0698405146409873,20.6706989888581
1.0129999999999992,-0.10485276515069844,3.0641399697906744,20.67073575622835
1.0139999999999991,-0.10214857582593428,3.0585807917342382,20.67077305781291
1.014999999999999,-0.09944987847769296,3.053162694684288,20.67081076283653
1.015999999999999,-0.09675661630527974,3.047885398888165,20.670848739401073
1.0169999999999988,-0.09406873092335685,3.042748630723318,20.670886854782474
1.0179999999999987,-0.09138616206549764,3.037752122799728,20.67092497573904
1.0189999999999986,-0.08870884729492476,3.0328956140702616,20.670962968826036
1.0199999999999985,-0.08603672172316121,3.028178849949537,20.671000700718672
1.0209999999999984,-0.08336971773629023,3.023601582439202,20.67103803855175
1.0219999999999982,-0.08070776473415125,3.0191635702620867,20.67107485027224
1.0229999999999981,-0.07805078888100972,3.014864579006246,20.671111005006185
1.023999999999998,-0.07539871287034765,3.0107043812754686,20.671146373448035
1.024999999999998,-0.07275145570620835,3.0066827568502825,20.671180828271698
1.0259999999999978,-0.07010893250040037,3.0027994928578123,20.6712142445661
1.0269999999999977,-0.06747105428935565,2.9990543839515507,20.671246500297602
1.0279999999999976,-0.06483772786941736,2.9954472325006534,20.67127747680501
1.0289999999999975,-0.0622088556536409,2.9919778487895545,20.67130705932865
1.0299999999999974,-0.05958433555020193,2.9886460512282893,20.67133513757789
1.0309999999999973,-0.056964060862668475,2.9854516665743773,20.6713616063388
1.0319999999999971,-0.05434792021421231,2.9823945301655925,20.671386366128168
1.032999999999997,-0.05173579749495616,2.979474486165074,20.67140932389553
1.033999999999997,-0.04912757183450367,2.976691387817766,20.671430393778955
1.0349999999999968,-0.046523117597701,2.974045097722552,20.67144949791721
1.0359999999999967,-0.043922304404759416,2.9715354881178087,20.67146656732359
1.0369999999999966,-0.041324997178890044,2.969162441174234,20.671481542822953
1.0379999999999965,-0.0387310562134644,2.9669258493188124,20.671494376055882
1.0389999999999964,-0.03614033726898924,2.964825615553906,20.671505030558393
1.0399999999999963,-0.03355269169105668,2.962861653805348,20.67151348291452
1.0409999999999962,-0.030967966551770587,2.961033889305588,20.671519723983863
1.041999999999996,-0.028386004817775756,2.959342258939813,20.671523760210672
1.042999999999996,-0.025806645538750672,2.9577867116833545,20.671525615021174
1.0439999999999958,-0.023229724058410284,2.9563672089969657,20.67152533029131
1.0449999999999957,-0.020655072255294726,2.955083725289313,20.67152296790661
1.0459999999999956,-0.018082518794926727,2.953936248359412,20.671518611400828
1.0469999999999955,-0.015511889418121427,2.9529247799085283,20.671512367669045
1.0479999999999954,-0.012943007237026904,2.952049336034463,20.671504368763298
1.0489999999999953,-0.010375693076639436,2.951309947767186,20.67149477375231
1.0499999999999952,-0.007809765816091385,2.9507066616404245,20.671483770639234
1.050999999999995,-0.005245042774731701,2.9502395402261072,20.671471578337584
1.051999999999995,-0.0026813401204890397,2.949908662859116,20.67145844868571
1.0529999999999948,-0.00013319901063368889,2.94971280734228,20.671438931035986
1.0539999999999947,0.002413427244846389,2.9496539215876965,20.67141894705393
1.0549999999999946,0.005004373046631372,2.949735094364769,20.671416328152667
1.0559999999999945,0.0076240085318204365,2.9499532816274723,20.671424593050414
1.0569999999999944,0.01024203813767599,2.9503059436850663,20.671432186873112
1.0579999999999943,0.012858607390626275,2.9507932705939766,20.67143944042707
1.0589999999999942,0.015473858507448313,2.951415439218124,20.671446633555874
1.059999999999994,0.018087931312038563,2.9521726146197125,20.671453999124292
1.060999999999994,0.020700964091247442,2.953064951426029,20.671461726897522
1.0619999999999938,0.023313094376135268,2.9540925951061467,20.671469967287035
1.0629999999999937,0.02592445965137813,2.955255683149545,20.671478834939293
1.0639999999999936,0.028535198005556595,2.9565543462516857,20.67148841217135
1.0649999999999935,0.031145448692768696,2.9579887093451482,20.671498752220838
1.0659999999999934,0.033755352648086046,2.9595588926246563,20.671509882326948
1.0669999999999933,0.036365052914788976,2.9612650124891218,20.671521806621357
1.0679999999999932,0.038974695017941485,2.9631071824576907,20.67153450884198
1.068999999999993,0.04158442726884459,2.9650855139807675,20.671547954862106
1.069999999999993,0.04419440100639349,2.967200117255288,20.67156209503341
1.0709999999999928,0.04680477078227341,2.9694511019322363,20.671576866358045
1.0719999999999927,0.0494156944836277,2.9718385778446645,20.671592194499315
1.0729999999999926,0.052027333407181686,2.9743626556294203,20.671607995613797
1.0739999999999925,0.054639852279024126,2.9770234473496657,20.67162417803236
1.0749999999999924,0.0572534192274361,2.979821067049272,20.67164064379843
1.0759999999999923,0.05986820571189355,2.9827556312948786,20.671657290058015
1.0769999999999922,0.062484386411028936,2.9858272596560482,20.671674010319002
1.077999999999992,0.06510213907603202,2.9890360751759317,20.671690695589312
1.078999999999992,0.06772164434750039,2.992382204794751,20.67170723539432
1.0799999999999919,0.07034308554636937,2.995865779743383,20.671723518689312
1.0809999999999917,0.07296664843698863,2.9994869359209133,20.671739434676724
1.0819999999999916,0.07559252097132685,3.0032458142264318,20.671754873523916
1.0829999999999915,0.0782208930122863,3.0071425608840627,20.67176972700122
1.0839999999999914,0.08085195604490991,3.0111773277282055,20.67178388904589
1.0849999999999913,0.08348590287695856,3.0153502724752457,20.671797256256603
1.0859999999999912,0.08612292733124605,3.019661558970938,20.671809728319218
1.086999999999991,0.0887632239352456,3.024111357417496,20.671821208381512
1.087999999999991,0.09140698760930377,3.028699844578682,20.671831603382508
1.0889999999999909,0.09405441335766795,3.0334272039718257,20.671840824325248
1.0899999999999908,0.09670569596426049,3.0382936260396605,20.671848786519348
1.0909999999999906,0.09936102969675176,3.043299308304711,20.67185540978965
1.0919999999999905,0.10202060801938728,3.048444455512765,20.671860618648953
1.0929999999999904,0.10468462331954242,3.053729279755771,20.671864342448806
1.0939999999999903,0.10735326664681111,3.0591540005900697,20.671866515509215
1.0949999999999902,0.11002672746963071,3.0647188451330862,20.671867077226864
1.09599999999999,0.11270519344682839,3.070424048153882,20.67186597217141
1.09699999999999,0.11538885021909095,3.0762698521550647,20.671863150168235
1.0979999999999899,0.11807788121925,3.0822565074329304,20.67185856636864
1.0989999999999898,0.1207724675022348,3.0883842721459587,20.671852181316613
1.0999999999999897,0.12347278759585834,3.0946534123605716,20.671843961010925
1.1009999999999895,0.12617901737209536,3.101064202092857,20.671833876955354
1.1019999999999894,0.1288913299391936,3.1076169233468818,20.67182190621375
1.1029999999999893,0.13160989555495917,3.1143118661425433,20.671808031466146
1.1039999999999892,0.13433488155945383,3.1211493285375127,20.67179224105703
1.104999999999989,0.1370664523277867,3.128129616648039,20.671774529049863
1.105999999999989,0.13980476924376717,3.135253044657361,20.67175489528138
1.1069999999999889,0.14254999069009955,3.1425199348293518,20.671733345417586
1.1079999999999888,0.14530227205685264,3.149930617509199,20.671709891013766
1.1089999999999887,0.14806176576729513,3.157485431127043,20.67168454957359
1.1099999999999886,0.15082862131876595,3.1651847221951357,20.67165734460998
1.1109999999999884,0.15360298533778405,3.1730288453073854,20.67162830571506
1.1119999999999883,0.15638500164919833,3.181018163126396,20.671597468618685
1.1129999999999882,0.15917481135713274,3.1891530463828985,20.671564875257314
1.113999999999988,0.16197255293639046,3.197433873859268,20.67153057384108
1.114999999999988,0.1647783623332657,3.205861032381449,20.67149461891327
1.115999999999988,0.16759237307601893,3.2144349168065673,20.671457071415652
1.1169999999999878,0.17041471639035422,3.223155930005987,20.67141799874464
1.1179999999999877,0.1732455213217179,3.2320244828516707,20.671377474804046
1.1189999999999876,0.17608491486282674,3.241040994197874,20.671335580047682
1.1199999999999875,0.1789330220824752,3.250205890865118,20.671292401516492
1.1209999999999873,0.18178996625914579,3.259519607618131,20.671248032864863
1.1219999999999872,0.18465586901413644,3.2689825871436824,20.671202574369545
1.1229999999999871,0.18753085044573936,3.278595280029549,20.67115613292397
1.123999999999987,0.19041502926231146,3.288358144737458,20.671108822018816
1.124999999999987,0.19330852291349743,3.2982716475726193,20.671060761696374
1.1259999999999868,0.19621144772122534,3.3083362626553026,20.67101207848059
1.1269999999999867,0.1991239190051033,3.318552471881503,20.670962905282934
1.1279999999999866,0.20204605120571273,3.3289207648849697,20.67091338127642
1.1289999999999865,0.20497795800409335,3.3394416389958224,20.67086365173502
1.1299999999999863,0.20791975243655259,3.3501155991832547,20.67081386783626
1.1309999999999862,0.21087154700393285,3.3609431580055116,20.670764186426325
1.1319999999999861,0.21383345377689977,3.37192483554486,20.67071476973191
1.132999999999986,0.21680558449533294,3.3830611593343747,20.670665785034274
1.133999999999986,0.21978805066326856,3.394352664281314,20.670617404285842
1.1349999999999858,0.22278096363749,3.4057998925779884,20.670569803670784
1.1359999999999857,0.22578443471071807,3.417403393599443,20.670523163111618
1.1369999999999856,0.2287985751911492,3.4291637237970463,20.67047766571011
1.1379999999999855,0.2318234964752861,3.4410814465738895,20.670433497124183
1.1389999999999854,0.2348593101164056,3.4531571321508636,20.670390844879865
1.1399999999999852,0.2379061278888912,3.465391357417957,20.670349897612198
1.1409999999999851,0.24096406184794716,3.4777847057732743,20.670310844232986
1.141999999999985,0.24403322438503494,3.4903377669465954,20.670273873031498
1.142999999999985,0.24711372828019762,3.5030511368037196,20.67023917070177
1.1439999999999848,0.25020568675125787,3.515925417144672,20.67020692129479
1.1449999999999847,0.25330921349920743,3.5289612154798533,20.670177305104826
1.1459999999999846,0.2564244227517918,3.5421591447885703,20.670150497488024
1.1469999999999845,0.2595514293049064,3.555519823271993,20.670126667616223
1.1479999999999844,0.2626903485621881,3.569043874080762,20.670105977173968
1.1489999999999843,0.265841296572745,3.5827319250388427,20.670088579003586
1.1499999999999841,0.26900439006776367,3.5965846083470296,20.670074615705293
1.150999999999984,0.2721797464962066,3.610602560277016,20.670064218204267
1.151999999999984,0.2753674840598279,3.624786420860687,20.67005750429385
1.1529999999999838,0.27856772174770583,3.63913683356634,20.67005457716717
1.1539999999999837,0.2817805793696806,3.653654444975359,20.67005552395427
1.1549999999999836,0.2850061775892243,3.668339904451841,20.670060414273816
1.1559999999999835,0.2882446379570851,3.6831938638172232,20.670069298826537
1.1569999999999834,0.29149608294286367,3.6982169770312794,20.670082208039126
1.1579999999999833,0.2947606359661066,3.7134098998781155,20.670099150781326
1.1589999999999832,0.2980384214278118,3.728773289667629,20.670120113182875
1.159999999999983,0.3013295647396035,3.7443078049582255,20.67014505756149
1.160999999999983,0.30463419235162803,3.7600141052985236,20.670173921490896
1.1619999999999828,0.30795243177954035,3.77589285099873,20.670206617026686
1.1629999999999827,0.3112844116302256,3.791944702939986,20.670243030118534
1.1639999999999826,0.31463026162401064,3.8081703224150942,20.670283020221476
1.1649999999999825,0.3179901126152842,3.824570371021764,20.670326420127452
1.1659999999999824,0.3213640966116813,3.841145510602246,20.670373036043962
1.1669999999999823,0.32475234678976506,3.857896403241284,20.67042264792685
1.1679999999999822,0.32815499750842037,3.874823711319209,20.670475010087525
1.168999999999982,0.33157218431958313,3.8919280976389246,20.670529852080524
1.169999999999982,-0.31326510375639494,3.0927480219439665,19.862656373287084
1.1709999999999818,-0.12314431644004617,2.234383192095084,19.841864280678152
1.1719999999999817,0.04398589772865304,1.8347883833743128,19.856339658294832
1.1729999999999816,0.047182549454008134,1.852345206429503,19.866038493673283
1.1739999999999815,0.049916008548036093,1.8696091461847506,19.876421125962082
1.1749999999999814,0.05217662889019932,1.8865790834555098,19.887495124188156
1.1759999999999813,0.053955744696812045,1.9032545949230242,19.899267820073543
1.1769999999999812,0.055245711537894385,1.9196359821409907,19.91174630267688
1.177999999999981,0.05603994061215707,1.935724299348073,19.924937411447978
1.178999999999981,0.056332925714322815,1.95152137988386,19.93884772760237
1.1799999999999808,0.05612026239093758,1.967029861019463,19.953483563744218
1.1809999999999807,0.05539865884905971,1.9822532070393617,19.968850951714792
1.1819999999999806,0.05416593825945591,1.99719573043239,19.984955628657147
1.1829999999999805,0.05242103217472937,2.0118626110677105,20.001803021297405
1.1839999999999804,0.05016396486376026,2.0262599132633574,20.019398228494264
1.1849999999999803,0.04739582844516614,2.040394600680314,20.0377460021406
1.1859999999999802,0.044118748784879494,2.054274548996591,20.056850726505406
1.18699999999998,-0.25341994657396155,2.0583436205675882,20.065714214556273
1.18799999999998,-0.2592412907305097,2.0733091505581442,20.086574852049537
1.1889999999999799,-0.2656211203688306,2.0880846593636866,20.108211466838178
1.1899999999999797,0.07540582403233456,1.925858554412987,20.67162375279041
1.1909999999999796,0.07865868391484877,1.982600928893294,20.67164357894319
1.1919999999999795,0.11396544297798453,1.9569327723759167,20.67165866390427
1.1929999999999794,0.22336254070980532,1.8728122720092686,20.67166899496771
1.1939999999999793,0.3534500726874349,1.9172748391978502,20.67167461260278
1.1949999999999792,0.5020862859804651,2.0792429118370954,20.671675612921682
1.195999999999979,0.66728936810803,2.34818669664973,20.671672149971243
1.196999999999979,0.8473054587481406,2.7146948321339366,20.671664437873982
1.1979999999999789,1.0406637038408053,3.1709575579627085,20.67165275285312
1.1989999999999787,1.2462217794671364,3.7111800213822885,20.67163743516941
1.1999999999999786,1.463204660000752,4.33194170960023,20.67161889102117
1.2009999999999785,1.6912385325870969,5.032514337881381,20.671597594456763
1.2019999999999784,1.9303807838109905,5.8151456762005225,20.671574089353925
1.2029999999999783,2.137797304202492,6.58822802754573,20.67152216867553
1.2039999999999782,-0.002748795001332044,-0.007665964371949023,10.392692141316841
1.204999999999978,-1.3106979060947055,-5.535708404251986,0.0
1.205999999999978,-1.122377592743976,-5.2719373359574355,0.0
1.2069999999999779,-0.9307976849860877,-4.933709987700531,0.0
1.2079999999999778,-0.7365804134353641,-4.526008648291805,0.0
1.2089999999999776,-0.5399583123575946,-4.0508784043793264,0.0
1.2099999999999775,-0.34085193673311975,-3.5079511593920834,0.0
1.2109999999999774,-0.1389470549957366,-2.8949755742920176,0.0
1.2119999999999773,-0.02396912889337193,-2.5106617702838596,0.0
1.2129999999999772,-0.02648509455438358,-2.5026733495357236,0.0
1.213999999999977,-0.028687169991527622,-2.4946329086044985,0.0
1.214999999999977,-0.03055948466536567,-2.4865012989226845,0.0
1.2159999999999769,-0.032082914444254006,-2.4782148653365503,0.0
1.2169999999999768,-0.03323591303257513,-2.469690381777973,0.0
1.2179999999999767,-0.033995305705263615,-2.4608297720034686,0.0
1.2189999999999765,-0.03433704436827595,-2.4515246117224296,0.0
1.2199999999999764,0.16436815250170084,-1.8149350922535616,0.0
1.2209999999999763,0.16005768512644963,-1.8194273013295559,0.0
1.2219999999999762,0.15633551785858538,-1.822736200398351,0.0
1.222999999999976,0.15321087964219643,-1.8247842754486094,0.0
1.223999999999976,0.15069141538825567,-1.8255012171867724,0.0
1.2249999999999759,0.14878291763741083,-1.8248264426957514,0.0
1.2259999999999758,0.14748908416466686,-1.822711425030645,0.0
1.2269999999999757,0.14681130205381118,-1.8191218272776069,0.0
1.2279999999999756,0.1467484588212702,-1.8140394363091978,0.0
1.2289999999999754,0.14729678122936982,-1.807463890115144,0.0
1.2299999999999753,0.14844970248377326,-1.7994141911104249,0.0
1.2309999999999752,0.15019775856236836,-1.7899299963388706,0.0
1.2319999999999751,0.15252851446109458,-1.7790726741359442,0.0
1.232999999999975,0.15542652116251623,-1.766926115649709,0.0
1.233999999999975,0.15887330412320438,-1.753597288724773,0.0
1.2349999999999748,0.1628473840304637,-1.7392165211597306,0.0
1.2359999999999747,0.16708101762899308,-1.7279569445711709,0.002211374652547513
1.2369999999999746,-0.03431263163579377,-1.052712927863631,0.005206893673780919
1.2379999999999745,0.0,0.0,0.0
1.2389999999999743,0.0,0.0,0.0
1.2399999999999742,0.0,0.0,0.0
1.2409999999999741,0.0,0.0,0.0
1.241999999999974,0.0,0.0,0.0
1.242999999999974,0.0,0.0,0.0
1.2439999999999738,0.0,0.0,0.0
1.2449999999999737,0.0,0.0,0.0
1.2459999999999736,0.0,0.0,0.0
1.2469999999999735,0.0,0.0,0.0
1.2479999999999734,0.0,0.0,0.0
1.2489999999999732,0.0,0.0,0.0
1.2499999999999731,0.0,0.0,0.0
1.250999999999973,0.0,0.0,0.0
1.251999999999973,0.0,0.0,0.0
1.2529999999999728,0.0,0.0,0.0
1.2539999999999727,0.0,0.0,0.0
1.2549999999999726,0.0,0.0,0.0
1.2559999999999725,0.0,0.0,0.0
1.2569999999999724,0.0,0.0,0.0
1.2579999999999723,0.0,0.0,0.0
1.2589999999999721,0.0,0.0,0.0
1.259999999999972,0.0,0.0,0.0
1.260999999999972,0.0,0.0,0.0
1.2619999999999718,0.0,0.0,0.0
1.2629999999999717,0.0,0.0,0.0
1.2639999999999716,0.0,0.0,0.0
1.2649999999999715,0.0,0.0,0.0
1.2659999999999714,0.0,0.0,0.0
1.2669999999999713,0.0,0.0,0.0
1.2679999999999712,0.0,0.0,0.0
1.268999999999971,0.0,0.0,0.0
1.269999999999971,0.0,0.0,0.0
1.2709999999999708,0.0,0.0,0.0
1.2719999999999707,0.0,0.0,0.0
1.2729999999999706,0.0,0.0,0.0
1.2739999999999705,0.0,0.0,0.0
1.2749999999999704,0.0,0.0,0.0
1.2759999999999703,0.0,0.0,0.0
1.2769999999999702,0.0,0.0,0.0
1.27799999999997,0.0,0.0,0.0
1.27899999999997,0.0,0.0,0.0
1.2799999999999698,0.0,0.0,0.0
1.2809999999999697,0.0,0.0,0.0
1.2819999999999696,0.0,0.0,0.0
1.2829999999999695,0.0,0.0,0.0
1.2839999999999694,0.0,0.0,0.0
1.2849999999999693,0.0,0.0,0.0
1.2859999999999692,0.0,0.0,0.0
1.286999999999969,0.0,0.0,0.0
1.287999999999969,0.0,0.0,0.0
1.2889999999999688,0.0,0.0,0.0
1.2899999999999687,0.0,0.0,0.0
1.2909999999999686,0.0,0.0,0.0
1.2919999999999685,0.0,0.0,0.0
1.2929999999999684,0.0,0.0,0.0
1.2939999999999683,0.0,0.0,0.0
1.2949999999999682,0.0,0.0,0.0
1.295999999999968,0.0,0.0,0.0
1.296999999999968,0.0,0.0,0.0
1.2979999999999678,0.0,0.0,0.0
1.2989999999999677,0.0,0.0,0.0
1.2999999999999676,0.0,0.0,0.0
1.3009999999999675,0.0,0.0,0.0
1.3019999999999674,0.0,0.0,0.0
1.3029999999999673,0.0,0.0,0.0
1.3039999999999672,0.0,0.0,0.0
1.304999999999967,0.0,0.0,0.0
1.305999999999967,0.0,0.0,0.0
1.3069999999999669,0.0,0.0,0.0
1.3079999999999667,0.0,0.0,0.0
1.3089999999999666,0.0,0.0,0.0
1.3099999999999665,0.0,0.0,0.0
1.3109999999999664,0.0,0.0,0.0
1.3119999999999663,0.0,0.0,0.0
1.3129999999999662,0.0,0.0,0.0
1.313999999999966,0.0,0.0,0.0
1.314999999999966,0.0,0.0,0.0
1.3159999999999659,0.0,0.0,0.0
1.3169999999999658,0.0,0.0,0.0
1.3179999999999656,0.0,0.0,0.0
1.3189999999999655,0.0,0.0,0.0
1.3199999999999654,0.0,0.0,0.0
1.3209999999999653,0.0,0.0,0.0
1.3219999999999652,0.0,0.0,0.0
1.322999999999965,0.0,0.0,0.0
1.323999999999965,0.0,0.0,0.0
1.3249999999999649,0.0,0.0,0.0
1.3259999999999648,0.0,0.0,0.0
1.3269999999999647,0.0,0.0,0.0
1.3279999999999645,0.0,0.0,0.0
1.3289999999999644,0.0,0.0,0.0
1.3299999999999643,0.0,0.0,0.0
1.3309999999999642,0.0,0.0,0.0
1.331999999999964,0.0,0.0,0.0
1.332999999999964,0.0,0.0,0.0
1.3339999999999639,0.0,0.0,0.0
1.3349999999999638,0.0,0.0,0.0
1.3359999999999637,0.0,0.0,0.0
1.3369999999999636,0.0,0.0,0.0
1.3379999999999634,0.0,0.0,0.0
1.3389999999999633,0.0,0.0,0.0
1.3399999999999632,0.0,0.0,0.0
1.340999999999963,0.0,0.0,0.0
1.341999999999963,0.0,0.0,0.0
1.342999999999963,0.0,0.0,0.0
1.3439999999999628,0.0,0.0,0.0
1.3449999999999627,0.0,0.0,0.0
1.3459999999999626,0.0,0.0,0.0
1.3469999999999624,0.0,0.0,0.0
1.3479999999999623,0.0,0.0,0.0
1.3489999999999622,0.0,0.0,0.0
1.3499999999999621,0.0,0.0,0.0
1.350999999999962,0.0,0.0,0.0
1.351999999999962,0.0,0.0,0.0
1.3529999999999618,0.0,0.0,0.0
1.3539999999999617,0.0,0.0,0.0
1.3549999999999616,0.0,0.0,0.0
1.3559999999999615,0.0,0.0,0.0
1.3569999999999613,0.0,0.0,0.0
1.3579999999999612,0.0,0.0,0.0
1.3589999999999611,0.0,0.0,0.0
1.359999999999961,0.0,0.0,0.0
1.360999999999961,0.0,0.0,0.0
1.3619999999999608,0.0,0.0,0.0
1.3629999999999607,0.0,0.0,0.0
1.3639999999999606,0.0,0.0,0.0
1.3649999999999605,0.0,0.0,0.0
1.3659999999999604,0.0,0.0,0.0
1.3669999999999602,0.0,0.0,0.0
1.3679999999999601,0.0,0.0,0.0
1.36899999999996,0.0,0.0,0.0
1.36999999999996,0.0,0.0,0.0
1.3709999999999598,0.0,0.0,0.0
1.3719999999999597,0.0,0.0,0.0
1.3729999999999596,0.0,0.0,0.0
1.3739999999999595,0.0,0.0,0.0
1.3749999999999594,0.0,0.0,0.0
1.3759999999999593,0.0,0.0,0.0
1.3769999999999591,0.0,0.0,0.0
1.377999999999959,0.0,0.0,0.0
1.378999999999959,0.0,0.0,0.0
1.3799999999999588,0.0,0.0,0.0
1.3809999999999587,0.0,0.0,0.0
1.3819999999999586,0.0,0.0,0.0
1.3829999999999585,0.0,0.0,0.0
1.3839999999999584,0.0,0.0,0.0
1.3849999999999583,0.0,0.0,0.0
1.3859999999999582,0.0,0.0,0.0
1.386999999999958,0.0,0.0,0.0
1.387999999999958,0.0,0.0,0.0
1.3889999999999578,0.0,0.0,0.0
1.3899999999999577,0.0,0.0,0.0
1.3909999999999576,0.0,0.0,0.0
1.3919999999999575,0.0,0.0,0.0
1.3929999999999574,0.0,0.0,0.0
1.3939999999999573,0.0,0.0,0.0
1.3949999999999572,0.0,0.0,0.0
1.395999999999957,0.0,0.0,0.0
1.396999999999957,0.0,0.0,0.0
1.3979999999999568,0.0,0.0,0.0
1.3989999999999567,0.0,0.0,0.0
1.3999999999999566,0.0,0.0,0.0
1.4009999999999565,0.0,0.0,0.0
1.4019999999999564,0.0,0.0,0.0
1.4029999999999563,0.0,0.0,0.0
1.4039999999999562,0.0,0.0,0.0
1.404999999999956,0.0,0.0,0.0
1.405999999999956,0.0,0.0,0.0
1.4069999999999558,0.0,0.0,0.0
1.4079999999999557,0.0,0.0,0.0
1.4089999999999556,0.0,0.0,0.0
1.4099999999999555,0.0,0.0,0.0
1.4109999999999554,0.0,0.0,0.0
1.4119999999999553,0.0,0.0,0.0
1.4129999999999552,0.0,0.0,0.0
1.413999999999955,0.0,0.0,0.0
1.414999999999955,0.0,0.0,0.0
1.4159999999999549,0.0,0.0,0.0
1.4169999999999547,0.0,0.0,0.0
1.4179999999999546,0.0,0.0,0.0
1.4189999999999545,0.0,0.0,0.0
1.4199999999999544,0.0,0.0,0.0
1.4209999999999543,0.0,0.0,0.0
1.4219999999999542,0.0,0.0,0.0
1.422999999999954,0.0,0.0,0.0
1.423999999999954,0.0,0.0,0.0
1.4249999999999539,0.0,0.0,0.0
1.4259999999999537,0.0,0.0,0.0
1.4269999999999536,0.0,0.0,0.0
1.4279999999999535,0.0,0.0,0.0
1.4289999999999534,0.0,0.0,0.0
1.4299999999999533,0.0,0.0,0.0
1.4309999999999532,0.0,0.0,0.0
1.431999999999953,0.0,0.0,0.0
1.432999999999953,0.0,0.0,0.0
1.4339999999999529,0.0,0.0,0.0
1.4349999999999528,0.0,0.0,0.0
1.4359999999999526,0.0,0.0,0.0
1.4369999999999525,0.0,0.0,0.0
1.4379999999999524,0.0,0.0,0.0
1.4389999999999523,0.0,0.0,0.0
1.4399999999999522,0.0,0.0,0.0
1.440999999999952,0.0,0.0,0.0
1.441999999999952,0.0,0.0,0.0
1.4429999999999519,0.0,0.0,0.0
1.4439999999999518,0.0,0.0,0.0
1.4449999999999517,0.0,0.0,0.0
1.4459999999999515,0.0,0.0,0.0
1.4469999999999514,0.0,0.0,0.0
1.4479999999999513,0.0,0.0,0.0
1.4489999999999512,0.0,0.0,0.0
1.449999999999951,0.0,0.0,0.0
1.450999999999951,0.0,0.0,0.0
1.4519999999999509,0.0,0.0,0.0
1.4529999999999508,0.0,0.0,0.0
1.4539999999999507,0.0,0.0,0.0
1.4549999999999506,0.0,0.0,0.0
1.4559999999999504,0.0,0.0,0.0
1.4569999999999503,0.0,0.0,0.0
1.4579999999999502,0.0,0.0,0.0
1.4589999999999501,0.0,0.0,0.0
1.45999999999995,0.0,0.0,0.0
1.46099999999995,0.0,0.0,0.0
1.4619999999999498,0.0,0.0,0.0
1.4629999999999497,0.0,0.0,0.0
1.4639999999999496,0.0,0.0,0.0
1.4649999999999495,0.0,0.0,0.0
1.4659999999999493,0.0,0.0,0.0
1.4669999999999492,0.0,0.0,0.0
1.4679999999999491,0.0,0.0,0.0
1.468999999999949,0.0,0.0,0.0
1.469999999999949,0.0,0.0,0.0
1.4709999999999488,0.0,0.0,0.0
1.4719999999999487,0.04476986061052496,-1.0046067248656165,0.026912390576842905
1.4729999999999486,0.35593150414185304,-1.6729466426546147,0.022981724707141167
1.4739999999999485,0.35620583745100237,-1.6716670973491183,0.01312785421177919
1.4749999999999484,0.35699251619176137,-1.6707679737335779,0.0025980228446102925
1.4759999999999482,0.359036024354465,-1.681741383786615,0.0
1.4769999999999481,0.36184148300937335,-1.694872187617656,0.0
1.477999999999948,0.36518713281204784,-1.7062866831381878,0.0
1.478999999999948,0.36907863883284553,-1.7159416050391139,0.0
1.4799999999999478,0.37352103462777725,-1.7238135097055864,0.0
1.4809999999999477,0.3785186868740096,-1.7298977600197372,0.0
1.4819999999999476,0.38407526174585915,-1.7342073298553584,0.0
1.4829999999999475,0.39019369373729584,-1.7367714374636583,0.0
1.4839999999999474,0.39687615753723393,-1.7376340148137452,0.0
1.4849999999999473,0.40412404346189046,-1.736852017785537,0.0
1.4859999999999471,0.4119379368336453,-1.7344935799541212,0.0
1.486999999999947,0.42031760158193027,-1.730636010663567,0.0
1.487999999999947,0.4292619682399676,-1.7253636362593352,0.0
1.4889999999999468,0.35441599870724927,-2.3476174268134646,0.0
1.4899999999999467,0.36205666606191433,-2.3551969119991076,0.0
1.4909999999999466,0.37019912883751926,-2.362045986062931,0.0
1.4919999999999465,0.37883016084854465,-2.3682916005643895,0.0
1.4929999999999464,0.38793598774217525,-2.3740528449352087,0.0
1.4939999999999463,0.39750249130193704,-2.379436890826349,0.0
1.4949999999999461,0.4075154288641111,-2.384534702921939,0.0
1.495999999999946,0.4179606677239528,-2.3894165114761963,0.0
1.496999999999946,0.4288244343794369,-2.3941270430866117,0.0
1.4979999999999458,0.4400935784478597,-2.398680507802939,0.0
1.4989999999999457,0.3998157401137574,-2.600969920883962,0.0
1.4999999999999456,0.2854411348034294,-3.0186253007174426,0.0
1.5009999999999455,0.16594702659908256,-3.3633481959298734,0.0
1.5019999999999454,0.041270072162698096,-3.6363937892877582,0.0
1.5029999999999453,-0.08862729579637912,-3.836585333938693,0.0
1.5039999999999452,-0.20159093563951466,-3.8996078516985353,0.0
1.504999999999945,0.0026769784574535473,0.008157592008968081,10.455949410859152
1.505999999999945,1.3830665215787357,5.110604530146251,20.670021385341702
1.5069999999999448,1.2323339477524065,4.316430793503695,20.67004754206534
1.5079999999999447,1.0825676981313965,3.6130926983577147,20.67007326934658
1.5089999999999446,0.9339076960934165,2.993990738647245,20.670099191160393
1.5099999999999445,0.7865734035091331,2.4560014964951566,20.670125839171792
1.5109999999999444,0.64086748810482,1.9991788437417757,20.67015365859144
1.5119999999999443,0.49717906748079777,1.6264184663154406,20.6701830136103
1.5129999999999442,0.35598682887566196,1.3430826499024668,20.67021419248989
1.513999999999944,0.21786195454842402,1.1565775077757294,20.67024741238384
1.514999999999944,0.08347037819010802,1.0758710925161585,20.670282823959873
1.5159999999999438,-0.0464265331654118,1.1109386666799423,20.670320515870447
1.5169999999999437,-0.17097420874168534,1.272121672995186,20.670360519120216
1.5179999999999436,-0.2892317374496049,1.5693907483066099,20.67040281136471
1.5189999999999435,-0.35700800570973146,1.8003609424484441,20.67044732116581
1.5199999999999434,-0.695793784748677,2.0135870148469817,20.143506725319554
1.5209999999999433,-0.6891032879308275,1.999866604950333,20.121166073750743
1.5219999999999432,-0.3955982182134866,2.037267283890214,20.10970564195954
1.522999999999943,-0.39112965401636707,2.0236103274732384,20.089274539041938
1.523999999999943,-0.3870306213042882,2.009703462976383,20.069676153583057
1.5249999999999428,-0.38330176535883465,1.9955388803065324,20.050910663911726
1.5259999999999427,-0.37994300281682236,1.9811097033415266,20.032977541000925
1.5269999999999426,-0.3769534936290924,1.966409979038311,20.0158755581794
1.5279999999999425,-0.3743316201477568,1.9514346639390265,19.99960280139551
1.5289999999999424,-0.3720749733262609,1.9361796080872997,19.984156679914317
1.5299999999999423,-0.37018034596049537,1.9206415364008371,19.969533937364936
1.5309999999999422,-0.3686437328380359,1.9048180275760933,19.9557306630569
1.531999999999942,-0.36746033760221414,1.888707490624559,19.942742303485044
1.532999999999942,-0.3666245860774286,1.8723091391815452,19.930563673991337
1.5339999999999419,-0.36613014574344005,1.8556229637466242,19.919188970513748
1.5349999999999417,-0.36596995099640384,1.8386497020490866,19.908611781412883
1.5359999999999416,-0.36613623377768756,1.8213908077483874,19.898825099335628
1.5369999999999415,-0.3666205591146277,1.8038484177085463,19.889821333109406
1.5379999999999414,-0.5993813173484086,2.183358179357756,19.87741907959843
1.5389999999999413,-0.9398360486490773,3.038031355529843,19.897796242204667
1.5399999999999412,-0.3316407464031741,3.9117043493810115,20.671468261483508
1.540999999999941,-0.328206435367278,3.894340159994158,20.671496402416622
1.541999999999941,-0.3247879088237582,3.877156242036108,20.6715208358985
1.5429999999999409,-0.321384990997835,3.860151683571189,20.671541446726476
1.5439999999999408,-0.317997504559969,3.84332559130371,20.671558147350286
1.5449999999999406,-0.3146252705580963,3.8266770903684346,20.671570877954608
1.5459999999999405,-0.3112681083764386,3.810205324080812,20.671579606276996
1.5469999999999404,-0.30792583571956555,3.7939094536253606,20.67158432716226
1.5479999999999403,-0.3045982686233586,3.77778865769983,20.67158506188072
1.5489999999999402,-0.30128522148940107,3.7618421321195683,20.671581857231317
1.54999999999994,-0.2979865071443868,3.746069089384264,20.671574784448346
1.55099999999994,-0.2947019369221806,3.730468758220127,20.671563937932465
1.5519999999999399,-0.2914313207641399,3.7150403830970617,20.671549433834628
1.5529999999999398,-0.2881744673422304,3.6997832237274224,20.67153140851552
1.5539999999999397,-0.2849311841987827,3.6846965545513513,20.671510016899244
1.5549999999999395,-0.28170127790032495,3.6697796642205276,20.671485430750643
1.5559999999999394,-0.27848455420843266,3.655031855073048,20.671457836897666
1.5569999999999393,-0.27528081826067563,3.6404524426098988,20.67142743541628
1.5579999999999392,-0.27208987476251423,3.626040754985979,20.67139443780496
1.558999999999939,-0.26891152818851083,3.6117961324968064,20.671359065160548
1.559999999999939,-0.2657455829891262,3.5977179270888655,20.671321546378223
1.5609999999999389,-0.26259184380413103,3.5838055018773503,20.671282116392028
1.5619999999999388,-0.2594501156779927,3.5700582306867545,20.671241014460918
1.5629999999999387,-0.2563202042772019,3.5564754976051063,20.671198482523852
1.5639999999999386,-0.2532019161101715,3.543056696560484,20.671154763627374
1.5649999999999384,-0.25009505874415083,3.5298012309234537,20.671110100439417
1.5659999999999383,-0.24699944102016502,3.516708513125195,20.67106473384635
1.5669999999999382,-0.24391487326612094,3.5037779642999567,20.67101890164745
1.567999999999938,-0.2408411675046267,3.491009013952862,20.670972837353588
1.568999999999938,-0.23777813765542533,3.4784010996527286,20.670926769079266
1.569999999999938,-0.23472559973299667,3.465953666736027,20.670880918539076
1.5709999999999378,-0.2316833720367697,3.453666168049267,20.67083550014896
1.5719999999999377,-0.22865127533346197,3.4415380636982036,20.670790720224055
1.5729999999999376,-0.2256291330327258,3.429568820826603,20.67074677627511
1.5739999999999374,-0.22261677135337266,3.4177579134099005,20.670703856401715
1.5749999999999373,-0.2196140194812699,3.4061048220715975,20.670662138778535
1.5759999999999372,-0.2166207097186259,3.3946090339120474,20.670621791226353
1.5769999999999371,-0.21363667762179261,3.3832700423567985,20.670582970864203
1.577999999999937,-0.21066176213173549,3.3720873470226707,20.670545823848773
1.578999999999937,-0.20769580569302093,3.3610604535931543,20.670510485178703
1.5799999999999368,-0.2047386543612788,3.350188873710522,20.67047707856606
1.5809999999999367,-0.20179015790313315,3.33947212487476,20.670445716376015
1.5819999999999366,-0.19885016988267523,3.3289097303646713,20.67041649961969
1.5829999999999365,-0.19591854773787531,3.318501219153518,20.670389518001222
1.5839999999999363,-0.192995152845171,3.308246125850019,20.67036485001209
1.5849999999999362,-0.19007985057346843,3.2981439906324113,20.670342563063997
1.5859999999999361,-0.18717251032597915,3.28819435920218,20.670322713660674
1.586999999999936,-0.1842730055694375,3.27839678273574,20.670305347604433
1.587999999999936,-0.18138121385185002,3.2687508178491953,20.670290500231715
1.5889999999999358,-0.17849701680792407,3.2592560265579777,20.67027819666638
1.5899999999999357,-0.17562030015074015,3.2499119762577493,20.670268452102185
1.5909999999999356,-0.17275095365160098,3.2407182396932512,20.670261272096475
1.5919999999999355,-0.16988887110585438,3.231674394936249,20.670256652881015
1.5929999999999354,-0.16703395028629586,3.2227800253759824,20.670254581684972
1.5939999999999352,-0.16418609288174935,3.214034719698361,20.6702550370619
1.5949999999999351,-0.16134520442216171,3.205438071880394,20.670257989227245
1.595999999999935,-0.158511194190595,3.1969896811780814,20.670263400398774
1.596999999999935,-0.15568397511997034,3.188689152125505,20.670271225138794
1.5979999999999348,-0.15286346367629733,3.1805360945313055,20.670281410696532
1.5989999999999347,-0.15004957972693944,3.1725301234792482,20.67029389735176
1.5999999999999346,-0.14724224639572014,3.164670859332716,20.67030861875574
1.6009999999999345,-0.14444138990323552,3.1569579277407627,20.670325502268476
1.6019999999999344,-0.14164693939289208,3.149390959647178,20.670344469291965
1.6029999999999343,-0.13885882674373562,3.1419695913059797,20.670365435602026
1.6039999999999341,-0.13607698636964116,3.134693464294017,20.67038831167182
1.604999999999934,-0.13330135500567764,3.1275622255330973,20.670413002995886
1.605999999999934,-0.13053187148175915,3.1205755273129085,20.670439410404096
1.6069999999999338,-0.1277684764840081,3.113733027318267,20.670467430368625
1.6079999999999337,-0.1250111123049179,3.1070343886611798,20.67049695531598
1.6089999999999336,-0.12225972258430408,3.1004792799166307,20.67052787392663
1.6099999999999335,-0.11951425203925503,3.094067375164013,20.67056007143191
1.6109999999999334,-0.1167746461853092,3.08779835403319,20.6705934299068
1.6119999999999333,-0.1140408510515364,3.0816719017551772,20.670627828563568
1.6129999999999332,-0.1113128128887861,3.07568770921952,20.670663144041388
1.613999999999933,-0.1085904778725505,3.069845473036824,20.67069925069161
1.614999999999933,-0.10587379180238893,3.0641448956070225,20.67073602086663
1.6159999999999328,-0.10316269979940491,3.0585856851946573,20.67077332520985
1.6169999999999327,-0.10045714600354981,3.0531675560106954,20.670811032948002
1.6179999999999326,-0.097757073270917,3.0478902283006177,20.670849012182057
1.6189999999999325,-0.0950624228739308,3.042753428440144,20.67088713018623
1.6199999999999324,-0.0923731342064044,3.0377568890375435,20.670925253720444
1.6209999999999323,-0.08968914449423976,3.032900349044257,20.67096324934099
1.6219999999999322,-0.08701038851290267,3.0281835538731237,20.67100098372254
1.622999999999932,-0.08433679831545171,3.0236062555242955,20.671038324003337
1.623999999999932,-0.08166830297115822,3.0191682127193995,20.67107513813128
1.6249999999999318,-0.07900482831646537,3.0148691910444976,20.671111295232365
1.6259999999999317,-0.0763462967198657,3.01070896310226,20.671146666004553
1.6269999999999316,-0.07369262686328688,3.006687308671609,20.671181123123745
1.6279999999999315,-0.07104373354002862,3.002804014878373,20.67121454167956
1.6289999999999314,-0.06839952747107267,2.999058876374401,20.671246799641537
1.6299999999999313,-0.06575991514127695,2.9954516955273576,20.671277778350728
1.6309999999999312,-0.06312479865564577,2.99198228262028,20.671307363048893
1.631999999999931,-0.060494075618379384,2.9886504560615688,20.67133544344847
1.632999999999931,-0.05786763903320491,2.985456042607453,20.67136191433732
1.6339999999999308,-0.05524537722763512,2.9823988775934396,20.671386676233126
1.6349999999999307,-0.05262717380128379,2.9794788051803778,20.67140963608733
1.6359999999999306,-0.05001290759668109,2.976695678613808,20.6714307080409
1.6369999999999305,-0.04740245269698562,2.974049360490085,20.671449814234293
1.6379999999999304,-0.0447956784461212,2.9715397230423832,20.671466885681106
1.6389999999999303,-0.04219244949513268,2.9691666484436894,20.671481863206196
1.6399999999999302,-0.03959262587170542,2.966930029116071,20.67149469845237
1.64099999999993,-0.03699606307554859,2.9648297680586353,20.671505354957176
1.64199999999993,-0.03440261219611784,2.9628657792038027,20.671513809302162
1.6429999999999298,-0.031812120056429194,2.9610379877697977,20.671520052347642
1.6439999999999297,-0.029224429379382855,2.9593463306434558,20.67152409053838
1.6449999999999296,-0.026639378974778083,2.9577907567997386,20.6715259472981
1.6459999999999295,-0.024056803958956152,2.9563712276964793,20.671525664502738
1.6469999999999294,-0.02147653598103716,2.9550877177323684,20.671523304035635
1.6479999999999293,-0.01889840348985672,2.953940214719239,20.67151894942745
1.6489999999999292,-0.016322232009315485,2.9529287203383774,20.671512707572084
1.649999999999929,-0.013747844452154823,2.9520532506924155,20.67150471051835
1.650999999999929,-0.011175061439644196,2.9513138368093905,20.671495117329513
1.6519999999999289,-0.008603701658103091,2.9507105252048405,20.67148411600651
1.6529999999999287,-0.006033582245436264,2.950243378482128,20.67147192545903
1.6539999999999286,-0.0034645191899471683,2.949912475933729,20.671458797518273
1.6549999999999285,-0.0009110443556892278,2.949716595570294,20.67143928405057
1.6559999999999284,0.0016408802598562033,2.9496576850799556,20.67141930428044
1.6569999999999283,0.004237061458752578,2.9497388326670944,20.671416681915083
1.6579999999999282,0.006861880072847271,2.949956994607419,20.671424938570233
1.658999999999928,0.009485059472353896,2.9503096316111623,20.67143252459258
1.659999999999928,0.012106745281016629,2.950796933715992,20.67143977075765
1.6609999999999279,0.01472707982384236,2.951419077778496,20.671446956879922
1.6619999999999278,0.01734620304659984,2.952176228844678,20.67145431579794
1.6629999999999276,0.019964253372108942,2.953068541534151,20.671462037252805
1.6639999999999275,0.022581368474220653,2.9540961613080867,20.671470271634355
1.6649999999999274,0.02519768599222516,2.955259225655908,20.67147913356996
1.6659999999999273,0.027813344175683596,2.956557865256933,20.67148870535652
1.6669999999999272,0.030428482450133743,2.957992205041034,20.671499040215686
1.667999999999927,0.03304324192640706,2.959562365194614,20.671510165370844
1.668999999999927,0.035657765828091215,2.9612684621227174,20.67152208494109
1.6699999999999269,0.038272199866923984,2.963110609329476,20.671534782652017
1.6709999999999268,0.0408866925449729,2.9650889182648825,20.671548224362894
1.6719999999999267,0.043501395394855535,2.967203499118284,20.67156236041538
1.6729999999999265,0.046116463163343724,2.9694544615443874,20.67157712780586
1.6739999999999264,0.048732053936873854,2.971841915369623,20.671592452186637
1.6749999999999263,0.051348329211691635,2.974365971230611,20.67160824970573
1.6759999999999262,0.05396545391477048,2.9770267411856253,20.671624428690087
1.676999999999926,0.056583596375503475,2.979824339279162,20.671640891175862
1.677999999999926,0.05920292825544493,2.9827588820733126,20.671657534302383
1.6789999999999259,0.06182362443502143,2.9858304891398575,20.671674251574665
1.6799999999999258,0.06444586286562526,2.9890392835188777,20.6716909339939
1.6809999999999257,0.06706982438896603,2.992385392148549,20.671707471081906
1.6819999999999256,0.06969569252487418,2.9958689462611687,20.671723751792015
1.6829999999999254,0.07232365323602608,2.999490081752242,20.671739665321212
1.6839999999999253,0.07495389467032965,3.0032489395230755,20.67175510183334
1.6849999999999252,0.07758660688563168,3.007145665793587,20.671769953096607
1.6859999999999251,0.08022198156055538,3.01118041239954,20.671784113046705
1.686999999999925,0.08286021169362812,3.015353337056297,20.6717974782769
1.687999999999925,0.08550149129729334,3.019664603609897,20.671809948471118
1.6889999999999248,0.08814601508552755,3.024114382260393,20.671821426775207
1.6899999999999247,0.09079397816378787,3.028702849771662,20.671831820124225
1.6909999999999246,0.09344557571930068,3.0334301896604643,20.671841039519123
1.6919999999999245,0.09610100271669353,3.038296592368738,20.671849000266416
1.6929999999999243,0.09876045360164198,3.04330225541878,20.67185562218847
1.6939999999999242,0.10142412201483353,3.0484473835544463,20.67186082979454
1.6949999999999241,0.1040922005172149,3.0537321888687075,20.67186455243347
1.695999999999924,0.1067648803310135,3.059156890915858,20.671866724421484
1.696999999999924,0.10944235109386113,3.064721716813324,20.671867285152317
1.6979999999999238,0.11212480063198882,3.0704269013308476,20.67186617919218
1.6989999999999237,0.11481241475217985,3.0762726869652397,20.67186335636294
1.6999999999999236,0.1175053770507759,3.0822593240176275,20.67185877181286
1.7009999999999235,0.1202038687445679,3.0883870706427388,20.67185238608235
1.7019999999999234,0.12290806852149672,3.0946561929056315,20.67184416516428
1.7029999999999232,0.1256181524113913,3.1010669648221665,20.671834080558977
1.7039999999999231,0.12833429367987037,3.1076196683953867,20.671822109329163
1.704999999999923,0.13105666273912675,3.114314593643712,20.67180823414798
1.705999999999923,0.13378542708255736,3.1211520386253824,20.671792443355752
1.7069999999999228,0.13652075123809482,3.1281323094520985,20.671774731012672
1.7079999999999227,0.13926279674006992,3.135255720309374,20.671755096950193
1.7089999999999226,0.1420117221203725,3.142522593458466,20.671733546831423
1.7099999999999225,0.1447676829176885,3.1499332592427436,20.67171009220651
1.7109999999999224,0.14753083170253944,3.157488056090756,20.671684750573267
1.7119999999999223,0.15030131811812453,3.165187330515778,20.671657545444596
1.7129999999999221,0.15307928893614076,3.173031437108307,20.671628506404673
1.713999999999922,0.1558648881257625,3.1810207385303784,20.67159766917921
1.714999999999922,0.15865825693470015,3.1891556055113597,20.671565075702595
1.7159999999999218,0.16145953397975177,3.197436416832147,20.671530774178983
1.7169999999999217,0.16426885534966118,3.2058635593182316,20.67149481914911
1.7179999999999216,0.1670863547135184,3.2144374278242367,20.671457271550928
1.7189999999999215,0.1699121634374876,3.223158425221186,20.67141819877645
1.7199999999999214,0.17274641070699204,3.2320269623786544,20.67137767472562
1.7209999999999213,0.17558922365387275,3.2410434581511254,20.6713357798492
1.7219999999999211,0.1784407274858495,3.2502083393571866,20.671292601186313
1.722999999999921,0.18130104561933535,3.2595220407595207,20.671248232386866
1.723999999999921,0.1841702998136725,3.268985005045124,20.671202773723948
1.7249999999999208,0.18704861030451525,3.2785976828004095,20.67115633209169
1.7259999999999207,0.18993609593644578,3.288360532483921,20.67110902097601
1.7269999999999206,0.19283287429612983,3.2982740204038237,20.67106096041718
1.7279999999999205,0.19573906184132284,3.3083386206751584,20.671012276938427
1.7289999999999204,0.19865477402720444,3.3185548151955118,20.670963103448038
1.7299999999999203,0.20158012542950132,3.3289230935974956,20.670913579118498
1.7309999999999202,0.2045152298642563,3.3394439532091837,20.670863849222886
1.73199999999992,0.2074602005022541,3.3501178989997697,20.67081406493869
1.73299999999992,0.21041514997838817,3.360945443527953,20.670764383109976
1.7339999999999198,0.21338019049714774,3.3719271068714534,20.670714965963022
1.7349999999999197,0.21635543393193757,3.3830634165669835,20.67066598077984
1.7359999999999196,0.21934099191977907,3.3943549075188457,20.67061759951344
1.7369999999999195,0.22233697595012814,3.4058021219175316,20.67056999834726
1.7379999999999194,0.2253434974487334,3.417405609141497,20.67052335720439
1.7389999999999193,0.22836066785518483,3.429165925638472,20.67047785918808
1.7399999999999192,0.23138859869804662,3.441083634811548,20.670433689956372
1.740999999999919,0.23442740166262865,3.453159306881844,20.670391037037234
1.741999999999919,0.23747718865405432,3.465393518739347,20.67035008906668
1.7429999999999188,0.24053807185846665,3.477786853780117,20.670311034957724
1.7439999999999187,0.243610163798607,3.490339901735524,20.67027406300098
1.7449999999999186,0.2466935773848462,3.5030532584708,20.67023935989168
1.7459999999999185,0.24978842596533468,3.5159275257850595,20.67020710968305
1.7469999999999184,0.25289482337076663,3.52896331118734,20.670177492669183
1.7479999999999183,0.25601288395901634,3.542161227660131,20.67015068420866
1.7489999999999182,0.25914272265626437,3.555521893401419,20.670126853475207
1.749999999999918,0.26228445499543795,3.5690459315636645,20.670106162153004
1.750999999999918,0.2654381971550066,3.5827339699706044,20.67008876308542
1.7519999999999178,0.2686040659956035,3.5965866408191687,20.670074798873323
1.7529999999999177,0.271782179096121,3.6106045803846882,20.670064400442108
1.7539999999999176,0.27497265478767474,3.6247884286974568,20.670057685585384
1.7549999999999175,0.27817561218820686,3.6391388292257716,20.670054757495617
1.7559999999999174,0.2813911712375443,3.65365642854988,20.67005570330049
1.7569999999999173,0.28461945272880484,3.668341876033992,20.67006059261924
1.7579999999999172,0.2878605783418422,3.6831958234987496,20.670069476149386
1.758999999999917,0.29111467067612296,3.698218924903472,20.6700823843142
1.759999999999917,0.29438185328137934,3.7134118360314687,20.67009932598182
1.7609999999999169,0.2976622506882265,3.7287752141911596,20.67012028727656
1.7619999999999167,0.30095598843821847,3.744309717941178,20.67014523051272
1.7629999999999166,0.30426319311182937,3.7600160068282094,20.670174093257657
1.7639999999999165,0.30758399235541845,3.775894741161551,20.67020678756201
1.7649999999999164,0.31091851490589306,3.7919465818201843,20.670243199370276
1.7659999999999163,0.3142668906140216,3.808172190097025,20.670283188126596
1.7669999999999162,0.31762925046525936,3.8245722275868275,20.670326586617136
1.767999999999916,0.3210057265976687,3.841147356130705,20.67037320104219
1.768999999999916,0.32439645231819725,3.8578982378119235,20.670422811347212
1.7699999999999159,0.3278015621164698,3.874825535008881,20.670475171833615
1.7709999999999158,0.3312211916753398,3.8919299105217533,20.670530012047948
1.7719999999999156,-0.3135691907580465,3.0927625635467484,19.862674395502225
1.7729999999999155,-0.12343068958921871,2.2343821958843058,19.841883179524295
1.7739999999999154,0.04371212099498125,1.834774881788861,19.856358120207787
1.7749999999999153,0.04691039149940481,1.8523317486447275,19.866056653152743
1.7759999999999152,0.04964545211161319,1.869595731538218,19.876438959811544
1.776999999999915,0.05190765669445746,1.8865657112876124,19.887512609219023
1.777999999999915,0.05368833946904063,1.9032412645779069,19.899284933136997
1.7789999999999149,0.05497985603055053,1.9196226929687292,19.911763020705475
1.7799999999999148,0.055775617623473946,1.93571105070662,19.924953711491312
1.7809999999999147,0.05607011810878724,1.9515081711395705,19.938863586857515
1.7819999999999145,0.05585895311771848,1.9670166915497298,19.953498959596896
1.7829999999999144,0.055138830959969486,1.9822400762336387,19.968865861772365
1.7839999999999143,0.053907574925478985,1.9971826376927209,19.984970030777905
1.7849999999999142,0.0521641167009676,2.0118495558102714,20.00181689362373
1.785999999999914,0.049908480701691946,2.026246894917833,20.019411549481028
1.786999999999914,0.04714175920361589,2.04038161868967,20.037758750579652
1.7879999999999139,0.043866078237457494,2.0542616028167213,20.056862881551623
1.7889999999999138,-0.2536748851294932,2.058344938927881,20.06572560261479
1.7899999999999137,-0.2594948567601507,2.0733104455958506,20.086585591696476
1.7909999999999136,-0.26587332991687007,2.0880859328880006,20.108221538380054
1.7919999999999134,0.0750622261577165,1.9258395580697028,20.67162383595651
1.7929999999999133,0.07831178967339501,1.982580770339608,20.67164365622954
1.7939999999999132,0.11358925359867575,1.9568296379487182,20.671658735131896
1.794999999999913,0.22283999442935698,1.872669487767765,20.67166905996806
1.795999999999913,0.35277617926074756,1.9170844894760712,20.671674671221414
1.796999999999913,0.5012565877867359,2.078998022470457,20.67167566501672
1.7979999999999128,0.6662998475413632,2.347881136862652,20.671672195414082
1.7989999999999127,0.8461524641211293,2.7143232129292496,20.67166447655168
1.7999999999999126,1.0393438948275295,3.170515133605578,20.671652784669234
1.8009999999999124,1.244732091997393,3.7106625980227452,20.671637460045396
1.8019999999999123,1.4615422898847585,4.331345563344968,20.67161890889371
1.8029999999999122,1.6894009368990215,5.031836143574315,20.671597605279594
1.8039999999999121,1.9283656994317822,5.814382447881766,20.67157409310007
1.804999999999912,2.1356508553798204,6.587405362354195,20.671522154107777
1.805999999999912,-0.0028923428053965958,-0.0076646689017283096,10.392683481385118
1.8069999999999118,-1.3096714237328202,-5.535380270446568,0.0
1.8079999999999117,-1.1215393935792581,-5.27171225323557,0.0
1.8089999999999116,-0.9301416292678918,-4.933585670187404,0.0
1.8099999999999115,-0.7361002871828863,-4.525982779151695,0.0
1.8109999999999113,-0.5396477985099256,-4.050948630279715,0.0
1.8119999999999112,-0.34070457742978644,-3.5081150574799707,0.0
1.8129999999999111,-0.1389562066811434,-2.895230595752123,0.0
1.813999999999911,-0.02397362223626713,-2.5106671031093093,0.0
1.814999999999911,-0.026491992915937818,-2.5026804130225275,0.0
1.8159999999999108,-0.02869640821680662,-2.494641721113915,0.0
1.8169999999999107,-0.03057099778699382,-2.4865118814179654,0.0
1.8179999999999106,-0.03209663757494679,-2.4782272407572896,0.0
1.8189999999999105,-0.033251781250734185,-2.469704574340496,0.0
1.8199999999999104,-0.03401325393581261,-2.4608458064366845,0.0
1.8209999999999102,-0.03435700725977181,-2.45154251245141,0.0
1.8219999999999101,0.16435577981724844,-1.8149390201894708,0.0
1.82299999999991,0.1600436599742427,-1.8194327746642711,0.0
1.82399999999991,0.15631989845014674,-1.822743254013006,0.0
1.8249999999999098,0.15319372492064662,-1.8247929403530518,0.0
1.8259999999999097,0.150672785052437,-1.8255115199116572,0.0
1.8269999999999096,0.1487628721643916,-1.8248384047174637,0.0
1.8279999999999095,0.14746768482715708,-1.822725062225463,0.0
1.8289999999999094,0.14678861093096865,-1.8191371493902455,0.0
1.8299999999999093,0.14672453880368155,-1.814056446473293,0.0
1.8309999999999091,0.14727169601623435,-1.8074825844202507,0.0
1.831999999999909,0.1484235165703846,-1.7994345582074547,0.0
1.832999999999909,0.15017053721757725,-1.7899520171052332,0.0
1.8339999999999088,0.15250032369374897,-1.779096321403913,0.0
1.8349999999999087,0.15539742767564024,-1.7669513539904567,0.0
1.8359999999999086,0.15884337525541492,-1.7536240742893527,0.0
1.8369999999999085,0.1628166876823841,-1.7392448016149884,0.0
1.8379999999999084,0.16705124983386627,-1.727962685908979,0.002198218385996958
1.8389999999999083,-0.03433419587363685,-1.0527300975518845,0.005194148381770096
1.8399999999999082,0.0,0.0,0.0
1.840999999999908,0.0,0.0,0.0
1.841999999999908,0.0,0.0,0.0
1.8429999999999078,0.0,0.0,0.0
1.8439999999999077,0.0,0.0,0.0
1.8449999999999076,0.0,0.0,0.0
1.8459999999999075,0.0,0.0,0.0
1.8469999999999074,0.0,0.0,0.0
1.8479999999999073,0.0,0.0,0.0
1.8489999999999072,0.0,0.0,0.0
1.849999999999907,0.0,0.0,0.0
1.850999999999907,0.0,0.0,0.0
1.8519999999999068,0.0,0.0,0.0
1.8529999999999067,0.0,0.0,0.0
1.8539999999999066,0.0,0.0,0.0
1.8549999999999065,0.0,0.0,0.0
1.8559999999999064,0.0,0.0,0.0
1.8569999999999063,0.0,0.0,0.0
1.8579999999999062,0.0,0.0,0.0
1.858999999999906,0.0,0.0,0.0
1.859999999999906,0.0,0.0,0.0
1.8609999999999058,0.0,0.0,0.0
1.8619999999999057,0.0,0.0,0.0
1.8629999999999056,0.0,0.0,0.0
1.8639999999999055,0.0,0.0,0.0
1.8649999999999054,0.0,0.0,0.0
1.8659999999999053,0.0,0.0,0.0
1.8669999999999052,0.0,0.0,0.0
1.867999999999905,0.0,0.0,0.0
1.868999999999905,0.0,0.0,0.0
1.8699999999999048,0.0,0.0,0.0
1.8709999999999047,0.0,0.0,0.0
1.8719999999999046,0.0,0.0,0.0
1.8729999999999045,0.0,0.0,0.0
1.8739999999999044,0.0,0.0,0.0
1.8749999999999043,0.0,0.0,0.0
1.8759999999999042,0.0,0.0,0.0
1.876999999999904,0.0,0.0,0.0
1.877999999999904,0.0,0.0,0.0
1.8789999999999039,0.0,0.0,0.0
1.8799999999999037,0.0,0.0,0.0
1.8809999999999036,0.0,0.0,0.0
1.8819999999999035,0.0,0.0,0.0
1.8829999999999034,0.0,0.0,0.0
1.8839999999999033,0.0,0.0,0.0
1.8849999999999032,0.0,0.0,0.0
1.885999999999903,0.0,0.0,0.0
1.886999999999903,0.0,0.0,0.0
1.8879999999999029,0.0,0.0,0.0
1.8889999999999028,0.0,0.0,0.0
1.8899999999999026,0.0,0.0,0.0
1.8909999999999025,0.0,0.0,0.0
1.8919999999999024,0.0,0.0,0.0
1.8929999999999023,0.0,0.0,0.0
1.8939999999999022,0.0,0.0,0.0
1.894999999999902,0.0,0.0,0.0
1.895999999999902,0.0,0.0,0.0
1.8969999999999019,0.0,0.0,0.0
1.8979999999999018,0.0,0.0,0.0
1.8989999999999017,0.0,0.0,0.0
1.8999999999999015,0.0,0.0,0.0
1.9009999999999014,0.0,0.0,0.0
1.9019999999999013,0.0,0.0,0.0
1.9029999999999012,0.0,0.0,0.0
1.903999999999901,0.0,0.0,0.0
1.904999999999901,0.0,0.0,0.0
1.9059999999999009,0.0,0.0,0.0
1.9069999999999008,0.0,0.0,0.0
1.9079999999999007,0.0,0.0,0.0
1.9089999999999006,0.0,0.0,0.0
1.9099999999999004,0.0,0.0,0.0
1.9109999999999003,0.0,0.0,0.0
1.9119999999999002,0.0,0.0,0.0
1.9129999999999001,0.0,0.0,0.0
1.9139999999999,0.0,0.0,0.0
1.9149999999999,0.0,0.0,0.0
1.9159999999998998,0.0,0.0,0.0
1.9169999999998997,0.0,0.0,0.0
1.9179999999998996,0.0,0.0,0.0
1.9189999999998995,0.0,0.0,0.0
1.9199999999998993,0.0,0.0,0.0
1.9209999999998992,0.0,0.0,0.0
1.9219999999998991,0.0,0.0,0.0
1.922999999999899,0.0,0.0,0.0
1.923999999999899,0.0,0.0,0.0
1.9249999999998988,0.0,0.0,0.0
1.9259999999998987,0.0,0.0,0.0
1.9269999999998986,0.0,0.0,0.0
1.9279999999998985,0.0,0.0,0.0
1.9289999999998984,0.0,0.0,0.0
1.9299999999998982,0.0,0.0,0.0
1.9309999999998981,0.0,0.0,0.0
1.931999999999898,0.0,0.0,0.0
1.932999999999898,0.0,0.0,0.0
1.9339999999998978,0.0,0.0,0.0
1.9349999999998977,0.0,0.0,0.0
1.9359999999998976,0.0,0.0,0.0
1.9369999999998975,0.0,0.0,0.0
1.9379999999998974,0.0,0.0,0.0
1.9389999999998973,0.0,0.0,0.0
1.9399999999998971,0.0,0.0,0.0
1.940999999999897,0.0,0.0,0.0
1.941999999999897,0.0,0.0,0.0
1.9429999999998968,0.0,0.0,0.0
1.9439999999998967,0.0,0.0,0.0
1.9449999999998966,0.0,0.0,0.0
1.9459999999998965,0.0,0.0,0.0
1.9469999999998964,0.0,0.0,0.0
1.9479999999998963,0.0,0.0,0.0
1.9489999999998961,0.0,0.0,0.0
1.949999999999896,0.0,0.0,0.0
1.950999999999896,0.0,0.0,0.0
1.9519999999998958,0.0,0.0,0.0
1.9529999999998957,0.0,0.0,0.0
1.9539999999998956,0.0,0.0,0.0
1.9549999999998955,0.0,0.0,0.0
1.9559999999998954,0.0,0.0,0.0
1.9569999999998953,0.0,0.0,0.0
1.9579999999998952,0.0,0.0,0.0
1.958999999999895,0.0,0.0,0.0
1.959999999999895,0.0,0.0,0.0
1.9609999999998948,0.0,0.0,0.0
1.9619999999998947,0.0,0.0,0.0
1.9629999999998946,0.0,0.0,0.0
1.9639999999998945,0.0,0.0,0.0
1.9649999999998944,0.0,0.0,0.0
1.9659999999998943,0.0,0.0,0.0
1.9669999999998942,0.0,0.0,0.0
1.967999999999894,0.0,0.0,0.0
1.968999999999894,0.0,0.0,0.0
1.9699999999998938,0.0,0.0,0.0
1.9709999999998937,0.0,0.0,0.0
1.9719999999998936,0.0,0.0,0.0
1.9729999999998935,0.0,0.0,0.0
1.9739999999998934,0.0,0.0,0.0
1.9749999999998933,0.0,0.0,0.0
1.9759999999998932,0.0,0.0,0.0
1.976999999999893,0.0,0.0,0.0
1.977999999999893,0.0,0.0,0.0
1.9789999999998928,0.0,0.0,0.0
1.9799999999998927,0.0,0.0,0.0
1.9809999999998926,0.0,0.0,0.0
1.9819999999998925,0.0,0.0,0.0
1.9829999999998924,0.0,0.0,0.0
1.9839999999998923,0.0,0.0,0.0
1.9849999999998922,0.0,0.0,0.0
1.985999999999892,0.0,0.0,0.0
1.986999999999892,0.0,0.0,0.0
1.9879999999998919,0.0,0.0,0.0
1.9889999999998917,0.0,0.0,0.0
1.9899999999998916,0.0,0.0,0.0
1.9909999999998915,0.0,0.0,0.0
1.9919999999998914,0.0,0.0,0.0
1.9929999999998913,0.0,0.0,0.0
1.9939999999998912,0.0,0.0,0.0
1.994999999999891,0.0,0.0,0.0
1.995999999999891,0.0,0.0,0.0
1.9969999999998909,0.0,0.0,0.0
1.9979999999998908,0.0,0.0,0.0
1.9989999999998906,0.0,0.0,0.0
1.9999999999998905,0.0,0.0,0.0
2.0009999999998906,0.0,0.0,0.0
2.0019999999998905,0.0,0.0,0.0
2.0029999999998904,0.0,0.0,0.0
2.0039999999998903,0.0,0.0,0.0
2.00499999999989,0.0,0.0,0.0
2.00599999999989,0.0,0.0,0.0
2.00699999999989,0.0,0.0,0.0
2.00799999999989,0.0,0.0,0.0
2.0089999999998898,0.0,0.0,0.0
2.0099999999998897,0.0,0.0,0.0
2.0109999999998895,0.0,0.0,0.0
2.0119999999998894,0.0,0.0,0.0
2.0129999999998893,0.0,0.0,0.0
2.013999999999889,0.0,0.0,0.0
2.014999999999889,0.0,0.0,0.0
2.015999999999889,0.0,0.0,0.0
2.016999999999889,0.0,0.0,0.0
2.0179999999998888,0.0,0.0,0.0
2.0189999999998887,0.0,0.0,0.0
2.0199999999998886,0.0,0.0,0.0
2.0209999999998884,0.0,0.0,0.0
2.0219999999998883,0.0,0.0,0.0
2.022999999999888,0.0,0.0,0.0
2.023999999999888,0.0,0.0,0.0
2.024999999999888,0.0,0.0,0.0
2.025999999999888,0.0,0.0,0.0
2.026999999999888,0.0,0.0,0.0
2.0279999999998877,0.0,0.0,0.0
2.0289999999998876,0.0,0.0,0.0
2.0299999999998875,0.0,0.0,0.0
2.0309999999998873,0.0,0.0,0.0
2.0319999999998872,0.0,0.0,0.0
2.032999999999887,0.0,0.0,0.0
2.033999999999887,0.0,0.0,0.0
2.034999999999887,0.0,0.0,0.0
2.035999999999887,0.0,0.0,0.0
2.0369999999998867,0.0,0.0,0.0
2.0379999999998866,0.0,0.0,0.0
2.0389999999998865,0.0,0.0,0.0
2.0399999999998863,0.0,0.0,0.0
2.0409999999998862,0.0,0.0,0.0
2.041999999999886,0.0,0.0,0.0
2.042999999999886,0.0,0.0,0.0
2.043999999999886,0.0,0.0,0.0
2.044999999999886,0.0,0.0,0.0
2.0459999999998857,0.0,0.0,0.0
2.0469999999998856,0.0,0.0,0.0
2.0479999999998855,0.0,0.0,0.0
2.0489999999998854,0.0,0.0,0.0
2.0499999999998852,0.0,0.0,0.0
2.050999999999885,0.0,0.0,0.0
2.051999999999885,0.0,0.0,0.0
2.052999999999885,0.0,0.0,0.0
2.053999999999885,0.0,0.0,0.0
2.0549999999998847,0.0,0.0,0.0
2.0559999999998846,0.0,0.0,0.0
2.0569999999998845,0.0,0.0,0.0
2.0579999999998844,0.0,0.0,0.0
2.0589999999998843,0.0,0.0,0.0
2.059999999999884,0.0,0.0,0.0
2.060999999999884,0.0,0.0,0.0
2.061999999999884,0.0,0.0,0.0
2.062999999999884,0.0,0.0,0.0
2.0639999999998837,0.0,0.0,0.0
2.0649999999998836,0.0,0.0,0.0
2.0659999999998835,0.0,0.0,0.0
2.0669999999998834,0.0,0.0,0.0
2.0679999999998833,0.0,0.0,0.0
2.068999999999883,0.0,0.0,0.0
2.069999999999883,0.0,0.0,0.0
2.070999999999883,0.0,0.0,0.0
2.071999999999883,0.0,0.0,0.0
2.0729999999998827,0.0,0.0,0.0
2.0739999999998826,0.04476831909667904,-1.004608412476801,0.02691166750784001
2.0749999999998825,0.3559288307085847,-1.6729435491816649,0.022981009036937474
2.0759999999998824,0.3562032403814095,-1.671664014267553,0.013127189773665771
2.0769999999998823,0.35698999546081756,-1.6707649007239125,0.0025974110804092175
2.077999999999882,0.3590343217068922,-1.6817387028240756,0.0
2.078999999999882,0.3618408116013241,-1.6948688753427814,0.0
2.079999999999882,0.36518755065854547,-1.706282721775604,0.0
2.080999999999882,0.36908020411670045,-1.7159369766841333,0.0
2.0819999999998817,0.3735238056858683,-1.7238081962420067,0.0
2.0829999999998816,0.37852272218643623,-1.7298917430326435,0.0
2.0839999999998815,0.3840806199287824,-1.7342005905601594,0.0
2.0849999999998814,0.3902004335356449,-1.736763956626746,0.0
2.0859999999998813,0.3968843378190852,-1.7376257726868005,0.0
2.086999999999881,0.4041337232130774,-1.736842994050829,0.0
2.087999999999881,0.41194917514997526,-1.7344837536722373,0.0
2.088999999999881,0.4203304576604364,-1.7306253602373944,0.0
2.089999999999881,0.429276501367729,-1.725352139409423,0.0
2.0909999999998807,0.35443317839361,-2.3476020406326104,0.0
2.0919999999998806,0.36207587308842737,-2.355180236042443,0.0
2.0929999999998805,0.3702204290380604,-2.362027985417801,0.0
2.0939999999998804,0.37885362004456613,-2.36827223962941,0.0
2.0949999999998803,0.3879616717129121,-2.3740320874625005,0.0
2.09599999999988,0.3975304657512094,-2.379414699972557,0.0
2.09699999999988,0.40754575938209636,-2.3845110413197563,0.0
2.09799999999988,0.4179934197427442,-2.3893913413262307,0.0
2.09899999999988,0.42885967312573836,-2.39410032626273,0.0
2.0999999999998797,0.44013136889090465,-2.398652205964141,0.0
2.1009999999998796,0.39991869936494095,-2.6008840887659117,0.0
2.1019999999998795,0.2856866818871869,-3.0184493395856347,0.0
2.1029999999998794,0.16634070680533863,-3.36307800257441,0.0
2.1039999999998793,0.041817300851866496,-3.636025508823024,0.0
2.104999999999879,-0.0879212088419627,-3.836115326862487,0.0
2.105999999999879,-0.20075255879716145,-3.899053782916874,0.0
2.106999999999879,0.002658032510391487,0.008157652077479906,10.455949652859763
2.107999999999879,1.3809298613355874,5.109258308425151,20.670021374061903
2.1089999999998787,1.230372471350631,4.315194558861368,20.670047531603377
2.1099999999998786,1.0807797550183653,3.6119661350080463,20.67007325965251
2.1109999999998785,0.9322913493567876,2.992973215612917,20.670099182184245
2.1119999999998784,0.7851264634419809,2.4550921109052624,20.67012583086472
2.1129999999998783,0.6395875310672168,1.9983764368961534,20.6701536509073
2.113999999999878,0.49606343993354196,1.6257216125618914,20.6701830065036
2.114999999999878,0.3550326359373173,1.3424896176587158,20.670214185916873
2.115999999999878,0.2170660323604273,1.1560861921188401,20.670247406303453
2.116999999999878,0.08282924937190111,1.075478919529373,20.67028281833119
2.1179999999998778,-0.04691672113054077,1.1106424716461287,20.670320510654708
2.1189999999998776,-0.17131776135835466,1.271917557236232,20.67036051428105
2.1199999999998775,-0.28943350510289545,1.5692739236407578,20.67040280686614
2.1209999999998774,-0.3571263137641753,1.800305025349231,20.670447316974307
2.1219999999998773,-0.6958275975257792,2.013583062345343,20.14350747042888
2.122999999999877,-0.6891369060736917,1.9998626749815434,20.12116678905338
2.123999999999877,-0.3956307310224358,2.0372641895907018,20.109706738364356
2.124999999999877,-0.3911619801571084,2.0236072581157662,20.08927560241201
2.125999999999877,-0.3870627614331035,2.0097004189503562,20.06967718315705
2.1269999999998768,-0.38333372012855305,1.9955358620084351,20.05091165907132
2.1279999999998767,-0.37997477287855125,1.9811067111740968,20.0329785012668
2.1289999999998765,-0.37698507963356287,1.9664070134082037,20.01587648320091
2.1299999999998764,-0.3743630227472555,1.9514317252537152,19.999603690937306
2.1309999999998763,-0.37210619317675586,1.936176696754587,19.984157533855246
2.131999999999876,-0.37021138372285395,1.9206386528273622,19.96953475569111
2.132999999999876,-0.3686745891799597,1.9048151721648083,19.95573144585146
2.133999999999876,-0.36749101320024563,1.8887046637738538,19.94274305092501
2.134999999999876,-0.36665508161805704,1.8723063412829792,19.930564386335696
2.1359999999998758,-0.36616046192491436,1.8556201951835898,19.9191896480988
2.1369999999998757,-0.3660000885306802,1.8386469631954336,19.908612424648467
2.1379999999998756,-0.3661661933913481,1.821388098967188,19.898825708696606
2.1389999999998754,-0.36665034155025594,1.8038457393500416,19.88982190912675
2.1399999999998753,-0.5994115900791995,2.1833556478012763,19.87741938933594
2.1409999999998752,-0.9398659535286045,3.038030634299882,19.89779566007932
2.141999999999875,-0.331670734293688,3.9117044712028246,20.67146825830869
2.142999999999875,-0.32823622158697674,3.8943402808966994,20.671496399144942
2.143999999999875,-0.3248174947298139,3.877156362027563,20.671520832527346
2.144999999999875,-0.32141437793637806,3.860151802660539,20.67154144325238
2.1459999999998747,-0.31802669386754445,3.8433257094973214,20.671558143770703
2.1469999999998746,-0.3146542635617564,3.8266772076750613,20.67157087426884
2.1479999999998745,-0.31129690639246377,3.810205440508298,20.67157960248464
2.1489999999998743,-0.30795444005526207,3.793909569182915,20.671584323263957
2.1499999999998742,-0.3046266805760922,3.777788772395411,20.67158505787721
2.150999999999874,-0.30131344234774815,3.7618422459604517,20.671581853125456
2.151999999999874,-0.298014538187779,3.746069202378976,20.67157478024164
2.152999999999874,-0.2947297794203436,3.7304688703768534,20.671563933627546
2.153999999999874,-0.29145897597882,3.7150404944237607,20.671549429436517
2.1549999999998737,-0.28820193652619963,3.699783334231938,20.671531404027192
2.1559999999998736,-0.28495846859558327,3.684696664242324,20.671510012325598
2.1569999999998735,-0.28172837874610934,3.669779773105688,20.671485426096222
2.1579999999998734,-0.27851147273067767,3.65503196315899,20.671457832167434
2.1589999999998732,-0.2753075556783955,3.640452549906172,20.67142743061661
2.159999999999873,-0.27211643228685034,3.626040861499291,20.671394432941504
2.160999999999873,-0.26893790702227705,3.6117962382345468,20.67135906023841
2.161999999999873,-0.2657717843278533,3.5977180320588786,20.671321541403497
2.162999999999873,-0.26261786883488014,3.583805606087026,20.671282111370587
2.1639999999998727,-0.2594759655799379,3.5700583341430274,20.671241009398553
2.1649999999998726,-0.2563458802229235,3.5564756003145703,20.671198477427584
2.1659999999998725,-0.2532274192637516,3.543056798530415,20.67115475850407
2.1669999999998724,-0.25012039026213984,3.529801332162151,20.671110095294374
2.1679999999998723,-0.24702460205215004,3.516708613638116,20.67106472868476
2.168999999999872,-0.24393986495410047,3.503778064092785,20.671018896476745
2.169999999999872,-0.2408659909829538,3.491009113033897,20.670972832178705
2.170999999999872,-0.2378027940514471,3.478401198026745,20.670926763905825
2.171999999999872,-0.23475009016698323,3.465953764410642,20.670880913373804
2.1729999999998717,-0.23170769762131727,3.4536662650299377,20.67083549499744
2.1739999999998716,-0.2286754371743882,3.441538159991069,20.670790715091172
2.1749999999998715,-0.22565313222818872,3.429568916437802,20.670746771165476
2.1759999999998714,-0.22264060899470905,3.417758008345345,20.670703851320972
2.1769999999998713,-0.2196376966534359,3.4061049163367443,20.670662133731337
2.177999999999871,-0.21664422749861956,3.394609127511899,20.670621786216863
2.178999999999871,-0.21366003708006076,3.3832701352978347,20.670582965897353
2.179999999999871,-0.21068496433200323,3.37208743930978,20.670545818929163
2.180999999999871,-0.20771885169135373,3.361060545231908,20.670510480310362
2.1819999999998707,-0.20476154520726197,3.350188964705012,20.6704770737525
2.1829999999998706,-0.20181289463948815,3.339472215231126,20.670445711620218
2.1839999999998705,-0.1988727535451602,3.3289098200879153,20.67041649492557
2.1849999999998704,-0.1959409793555551,3.3185013082480737,20.670389513372765
2.1859999999998703,-0.19301743344007605,3.3082462143205476,20.670364845451836
2.18699999999987,-0.1901019811610638,3.298144078484711,20.670342558574333
2.18799999999987,-0.18719449191490867,3.2881944464402295,20.67032270924482
2.18899999999987,-0.1842948391612964,3.2783968693646557,20.67030534326559
2.18999999999987,-0.1814029004423361,3.268750903871478,20.670290495971145
2.1909999999998697,-0.17851855738514644,3.2592561119809034,20.670278192486265
2.1919999999998696,-0.1756416956960578,3.2499120610847285,20.670268448005327
2.1929999999998695,-0.1727722051401912,3.24071832392724,20.670261268084733
2.1939999999998694,-0.1699099795065564,3.2316744785837273,20.67025664895577
2.1949999999998693,-0.1670549165606161,3.222780108440247,20.670254577848237
2.195999999999869,-0.1642069179846004,3.214034802184358,20.67025503331537
2.196999999999869,-0.1613658893024308,3.205438153791306,20.67025798557178
2.197999999999869,-0.15853173979007806,3.196989762518456,20.670263396836248
2.198999999999869,-0.15570438237429585,3.1886892328996623,20.670271221670006
2.1999999999998687,-0.1528837335144857,3.1805361747435086,20.67028140732263
2.2009999999998686,-0.15006971307143147,3.1725302031331353,20.670293894074288
2.2019999999998685,-0.1472622441625262,3.1646709384324367,20.670308615575543
2.2029999999998684,-0.1444612530017224,3.156958006290182,20.670325499186617
2.2039999999998683,-0.14166666872631595,3.1493910376507586,20.670344466309125
2.204999999999868,-0.13887842320898613,3.1419696687672456,20.670365432718867
2.205999999999868,-0.13609645085707456,3.134693541217544,20.67038830888961
2.206999999999868,-0.13332068839955724,3.1275623019226373,20.67041300031557
2.207999999999868,-0.13055107465967453,3.120575603172057,20.67043940782535
2.2089999999998677,-0.12778755031739303,3.1137331026511714,20.670467427892397
2.2099999999998676,-0.12503005765935046,3.107034463471659,20.670496952943342
2.2109999999998675,-0.12227854031888226,3.100479354208632,20.67052787165839
2.2119999999998674,-0.11953294300682771,3.0940674489414666,20.67056006926827
2.2129999999998673,-0.11679321123269402,3.0877984272998624,20.67059342784851
2.213999999999867,-0.1140592910199837,3.081671974515148,20.67062782661133
2.214999999999867,-0.11133112861279638,3.075687781476466,20.670663142195153
2.215999999999867,-0.10860867018110928,3.069845544794417,20.67069924895186
2.216999999999867,-0.10589186151828535,3.0641449668692133,20.67073601923466
2.2179999999998667,-0.10318064773949404,3.058585755965214,20.67077332368738
2.2189999999998666,-0.1004749729792535,3.053167626293591,20.670811031533788
2.2199999999998665,-0.09777478008756076,3.0478902980996136,20.67084901087572
2.2209999999998664,-0.09508001033122901,3.042753497758902,20.670887128990067
2.2219999999998663,-0.09239060309856773,3.0377569578798527,20.670925252634703
2.222999999999866,-0.08970649560929897,3.0329004174136953,20.6709632483657
2.223999999999866,-0.08702762263398381,3.028183621773467,20.671000982859074
2.224999999999866,-0.08435391622013352,3.023606322959195,20.671038323251732
2.225999999999866,-0.08168530543119235,3.0191682796925767,20.67107513749187
2.2269999999998658,-0.07902171609857211,3.0148692575596687,20.67111129470633
2.2279999999998656,-0.07636307058525599,3.0107090291629373,20.671146665592183
2.2289999999998655,-0.07370928756808695,3.0066873742815403,20.67118112282483
2.2299999999998654,-0.07106028183518577,3.0028040800410705,20.671214541495367
2.2309999999998653,-0.06841596410234155,2.999058941093405,20.671246799572423
2.231999999999865,-0.06577624084952485,2.99545175980613,20.67127777839669
2.232999999999865,-0.06314101417658907,2.9919823464623043,20.671307363210627
2.233999999999865,-0.06051018168290412,2.988650519470509,20.671335443726665
2.234999999999865,-0.057883636367648705,2.9854561055864863,20.671361914732277
2.2359999999998648,-0.05526126655311714,2.982398940145913,20.671386676744916
2.2369999999998647,-0.052642955834215854,2.9794788673108314,20.6714096367173
2.2379999999998645,-0.05002858304914071,2.976695740324004,20.671430708788343
2.2389999999998644,-0.04741802227630387,2.974049421782894,20.67144981509926
2.2399999999998643,-0.04481114285579224,2.9715397839230207,20.67146688666379
2.240999999999864,-0.04220780943308,2.9691667089160774,20.67148186430724
2.241999999999864,-0.039607882032328234,2.966930089180437,20.671494699672326
2.242999999999864,-0.03701121614813019,2.9648298277195835,20.671505356295356
2.243999999999864,-0.03441766286641723,2.9628658384668185,20.671513810759276
2.2449999999998638,-0.03182706900497578,2.961038046634471,20.671520053922954
2.2459999999998637,-0.02923927728397757,2.959346389113705,20.671524092231394
2.2469999999998636,-0.026654126508901754,2.957790814882628,20.671525949109807
2.2479999999998634,-0.024071451789950515,2.9563712853866377,20.671525666432277
2.2489999999998633,-0.021491084775334457,2.9550877750433244,20.671523306082584
2.249999999999863,-0.01891285390684061,2.953940271645422,20.67151895159199
2.250999999999863,-0.016336584709279123,2.952928776886381,20.671512709853715
2.251999999999863,-0.013762100085386919,2.9520533068682084,20.671504712916043
2.252999999999863,-0.011189220653704979,2.951313892610756,20.67149511984358
2.253999999999863,-0.008617765101007535,2.9507105806389973,20.671484118636123
2.2549999999998627,-0.006047550557923387,2.950243433549417,20.671471928203097
2.2559999999998626,-0.003478393008663261,2.949912530635629,20.671458800375476
2.2569999999998624,-0.000924824134017399,2.949716649928064,20.671439287088713
2.2579999999998623,0.001627193898002588,2.949657739080976,20.671419307500713
2.2589999999998622,0.004223467338761111,2.9497388863040896,20.67141668511293
2.259999999999862,0.006848377226106095,2.9499570478714077,20.671424941617673
2.260999999999862,0.009471647316331655,2.950309684492254,20.671432527499682
2.261999999999862,0.012093423227724998,2.950796986220837,20.67143977353436
2.262999999999862,0.01471384729438796,2.9514191299111303,20.671446959535025
2.2639999999998617,0.017333059463453537,2.952176280613628,20.67145431834077
2.2649999999998616,0.019951198157286854,2.9530685929418894,20.671462039692855
2.2659999999998615,0.02256840105565061,2.9540962123542727,20.671470273979487
2.2669999999998613,0.025184805801245602,2.9552592763461547,20.6714791358282
2.2679999999998612,0.02780055064431508,2.956557915596953,20.671488707535374
2.268999999999861,0.030415775015853797,2.9579922550290902,20.67149904232215
2.269999999999861,0.03303062002783008,2.959562414838473,20.67151016741173
2.270999999999861,0.03564522890792432,2.9612685114238673,20.671522086922593
2.271999999999861,0.038259747371512276,2.963110658288315,20.671534784581155
2.2729999999998607,0.04087432392248047,2.9650889668889135,20.671548226245147
2.2739999999998606,0.04348911009674339,2.9672035474090706,20.671562362256083
2.2749999999998605,0.046104260644483475,2.9694545095059652,20.671577129611073
2.2759999999998604,0.04871993365543403,2.971841963003328,20.671592453960642
2.2769999999998602,0.05133629062856926,2.974366018540991,20.67160825145342
2.27799999999986,0.05395349649370473,2.9770267881752943,20.671624430416035
2.27899999999986,0.05657171958364415,2.9798243859523836,20.671640892883936
2.27999999999986,0.059191131562783994,2.9827589284310534,20.67165753599647
2.28099999999986,0.061811907314108794,2.9858305351866647,20.6716742532586
2.2819999999998597,0.0644342247927625,2.989039329257025,20.67169093567182
2.2829999999998596,0.06705826484278532,2.992385437581163,20.671707472756417
2.2839999999998595,0.06968421098719091,2.9958689913904095,20.671723753465727
2.2849999999998594,0.07231224919144097,2.99949012658152,20.671739666997553
2.2859999999998593,0.07494256760656981,3.0032489840539256,20.671755103514613
2.286999999999859,0.07757535629323797,3.007145710029306,20.671769954785344
2.287999999999859,0.0802108069323424,3.0111804563424585,20.671784114744664
2.288999999999859,0.08284911252599159,3.015353380709371,20.67179747998631
2.289999999999859,0.085490467088988,3.019664646974263,20.671809950193378
2.2909999999998587,0.08813506533857662,3.0241144253387233,20.671821428511972
2.2919999999998586,0.09078310238260201,3.0287028925667414,20.671831821877248
2.2929999999998585,0.09343477341121798,3.03343023217451,20.67184104128912
2.2939999999998584,0.09609027339152476,3.0382966346040234,20.671849002055247
2.2949999999998583,0.09874979677238116,3.0433022973767265,20.671855623996294
2.295999999999858,0.10141353719694735,3.0484474252380664,20.671860831621835
2.296999999999858,0.10408168722935329,3.053732230279479,20.671864554281207
2.297999999999858,0.10675443809373064,3.059156932055828,20.671866726290254
2.298999999999858,0.1094319794310934,3.064721757684026,20.671867287042943
2.2999999999998577,0.11211449907062843,3.0704269419335333,20.671866181105113
2.3009999999998576,0.11480218282133592,3.0762727273031487,20.671863358297244
2.3019999999998575,0.11749521428239973,3.0822593640916693,20.671858773768783
2.3029999999998574,0.12019377467339609,3.08838711045496,20.671852388060177
2.3039999999998573,0.12289804268473858,3.0946562324584193,20.671844167163293
2.304999999999857,0.12560819434943937,3.1010670041164303,20.671834082579394
2.305999999999857,0.12832440293553304,3.107619707432832,20.671822111369877
2.306999999999857,0.1310468388582251,3.1143146324269537,20.671808236208967
2.307999999999857,0.13377566961321463,3.1211520771535106,20.671792445436942
2.3089999999998567,0.13651105973144695,3.128132347730002,20.671774733112873
2.3099999999998566,0.13925317075026555,3.1352557583377347,20.6717550990696
2.3109999999998565,0.14200216120377718,3.142522631237057,20.67173354896852
2.3119999999998564,0.1447581866337373,3.1499332967740656,20.67171009436062
2.3129999999998563,0.1475213996130833,3.157488093377765,20.67168475274497
2.313999999999856,0.15029194978811233,3.1651873675590423,20.67165754763117
2.314999999999856,0.15306998393347726,3.1730314739086225,20.671628508605373
2.315999999999856,0.15585564602056934,3.181020775091156,20.67159767139455
2.316999999999856,0.1586490773001401,3.189155641832599,20.67156507793121
2.3179999999998557,0.16145041639188662,3.197436452916463,20.67153077641947
2.3189999999998556,0.16425979938711066,3.205863595166875,20.67149482140056
2.3199999999998555,0.16707735995777284,3.2144374634387987,20.671457273812127
2.3209999999998554,0.16990322947270897,3.2231584606032584,20.67141820104732
2.3219999999998553,0.17273753712012763,3.232026997530056,20.671377677005232
2.322999999999855,0.17558041003482572,3.2410434930736756,20.671335782136627
2.323999999999855,0.17843197342708095,3.2502083740525904,20.671292603480257
2.324999999999855,0.18129235071609173,3.2595220752291425,20.671248234686274
2.325999999999855,0.18416166366458242,3.2689850392905555,20.67120277602882
2.3269999999998547,0.1870400325098842,3.278597716823697,20.671156334399914
2.3279999999998546,0.1899275760997341,3.2883605662884747,20.671109023287457
2.3289999999998545,0.19282441202429368,3.298274053988507,20.671060962731083
2.3299999999998544,0.19573065674322265,3.308338654043837,20.671012279252935
2.3309999999998543,0.19864642571474178,3.318554848349322,20.670963105763075
2.331999999999854,0.20157183351736307,3.3289231265387116,20.6709135814335
2.332999999999854,0.2045069939696873,3.3394439859396243,20.670863851536346
2.333999999999854,0.2074520202452419,3.350117931520799,20.670814067250383
2.334999999999854,0.2104070249819756,3.3609454758407082,20.670764385418515
2.3359999999998537,0.21337212038682196,3.371927138979572,20.670714968268253
2.3369999999998536,0.21634741833570104,3.3830634484713755,20.670665983081086
2.3379999999998535,0.21933303046861852,3.3943549392215573,20.670617601808495
2.3389999999998534,0.22232906827758825,3.405802153421746,20.67057000063619
2.3399999999998533,0.22533564319078891,3.4174056404474413,20.670523359487177
2.340999999999853,0.22835286665136323,3.429165956748193,20.670477861462814
2.341999999999853,0.23138085018969434,3.441083665728229,20.670433692222314
2.342999999999853,0.2344197054932664,3.453159337606621,20.670391039294984
2.343999999999853,0.237469544470855,3.46539354927404,20.67035009131376
2.3449999999998528,0.24053047931097638,3.4777868841283635,20.670311037192395
2.3459999999998526,0.24360262253830456,3.490339931897097,20.67027406522398
2.3469999999998525,0.2466860870665215,3.503053288448541,20.670239362101874
2.3479999999998524,0.2497809862456961,3.515927555580447,20.670207111878256
2.3489999999998523,0.25288743390926527,3.5289633408034433,20.670177494849742
2.349999999999852,0.2560055444178886,3.5421612570975185,20.670150686373347
2.350999999999852,0.2591354326999493,3.55552192266191,20.67012685562085
2.351999999999852,0.26227721429079054,3.5690459606498735,20.670106164280238
2.352999999999852,0.2654310053711413,3.5827339988825315,20.67008876519268
2.3539999999998518,0.26859692280481795,3.5965866695597697,20.670074800958886
2.3549999999998517,0.2717750841720772,3.610604608955896,20.670064402505332
2.3559999999998515,0.2749656078068199,3.624788457100067,20.67005768762264
2.3569999999998514,0.2781686128300862,3.639138857462058,20.670054759506684
2.3579999999998513,0.281384219182641,3.6536564566204106,20.670055705284078
2.358999999999851,0.2846125476604584,3.6683419039407,20.67006059457257
2.359999999999851,0.2878537199459501,3.6831958512433403,20.67006947807144
2.360999999999851,0.2911078586407072,3.6982189524860587,20.67008238620243
2.361999999999851,0.29437508729608197,3.713411863453757,20.67009932783401
2.3629999999998508,0.2976555304452262,3.728775241454059,20.670120289091788
2.3639999999998507,0.30094931363208843,3.7443097450453706,20.670145232287684
2.3649999999998506,0.3042565634388694,3.760016033774491,20.670174094990188
2.3659999999998504,0.307577407513989,3.775894767950831,20.670206789250834
2.3669999999998503,0.3109119745963085,3.7919466084537135,20.67024320101127
2.3679999999998502,0.31426039453890553,3.808172216574235,20.67028318971865
2.36899999999985,0.31762279832899054,3.8245722539089684,20.670326588158595
2.36999999999985,0.32099931810642346,3.8411473822978905,20.670373202528708
2.37099999999985,0.3243900871804186,3.8578982638232446,20.670422812776813
2.37199999999985,0.3277952400422208,3.874825560864565,20.670475173205723
2.3729999999998497,0.33121491237647405,3.891929936222482,20.670530013359453
2.3739999999998496,-0.31357772043591786,3.092761832273459,19.8626719860551
2.3749999999998495,-0.12344093718664609,2.234381654500748,19.841881566049878
2.3759999999998493,0.04370176431398255,1.8347757481751414,19.85635675571003
2.3769999999998492,0.04690005858091208,1.8523326145774521,19.86605527711938
2.377999999999849,0.04963514289236945,1.8695965970710284,19.876437574205205
2.378999999999849,0.051897371133504094,1.8865665764816362,19.887511216093166
2.379999999999849,0.0536780775478514,1.9032421295021922,19.899283534639558
2.380999999999849,0.05496961775397605,1.9196235576993934,19.911761619073733
2.3819999999998487,0.055765403019308615,1.935711915326952,19.924952309051807
2.3829999999998486,0.05605992722750554,1.951509035740235,19.938862186028647
2.3839999999998485,0.055848786033417946,1.9670175562272685,19.95349756288235
2.3849999999998484,0.05512868777032628,1.9822409410914053,19.9688644717645
2.3859999999998482,0.05389745575166771,1.9971835028405625,19.98496865015784
2.386999999999848,0.05215402168796685,2.011850421362855,20.001815525155003
2.387999999999848,0.04989841001876178,2.026247760995185,20.01941019600996
2.388999999999848,0.04713171304383883,2.040382485417636,20.03775741504055
2.389999999999848,0.04385605681887207,2.054262470324894,20.056861566959096
2.3909999999998477,-0.25368560963804965,2.0583435908513144,20.065723888993453
2.3919999999998476,-0.25950555519013946,2.0733090943306403,20.08658390453942
2.3929999999998475,-0.26588400176775245,2.088084578664352,20.108219880892122
2.3939999999998474,0.07496643194073645,1.9258018171390727,20.67162383567145
2.3949999999998473,0.07821129855179365,1.9825407225988525,20.67164365587066
2.395999999999847,0.11342846524691469,1.9567821110374646,20.671658734701527
2.396999999999847,0.22253180321881533,1.8725529947703556,20.671669059468584
2.397999999999847,0.3523165313027608,1.9168972722157935,20.671674670655587
2.398999999999847,0.5006418745204002,2.0787388097852917,20.671675664386843
2.3999999999998467,0.6655268141490294,2.3475490239435466,20.671672194723776
2.4009999999998466,0.8452181393241729,2.7139175642027045,20.671664475805215
2.4019999999998465,1.0382455425027097,3.170035511199794,20.671652783869437
2.4029999999998464,1.2434671839233644,3.7101087159264203,20.671637459194862
2.4039999999998463,1.4601084985338206,4.330717266436567,20.67161890799779
2.404999999999846,1.6877961470915863,5.031133410223585,20.671597604343063
2.405999999999846,1.9265880379950837,5.813605415309276,20.67157409212593
2.406999999999846,2.133741342489204,6.586572444900806,20.67152215300179
2.407999999999846,-0.0028949380978757454,-0.007664647549194538,10.39268294937717
2.4089999999998457,-1.308523479371352,-5.5348766501383135,0.0
2.4099999999998456,-1.1205747531395203,-5.271287911522309,0.0
2.4109999999998455,-0.9293544957985571,-4.933237655882127,0.0
2.4119999999998454,-0.7354847512615817,-4.525708022032386,0.0
2.4129999999998453,-0.5391978109551203,-4.050743914884643,0.0
2.413999999999845,-0.34041391519260633,-3.5079769887978616,0.0
2.414999999999845,-0.13881843347754347,-2.895155559162619,0.0
2.415999999999845,-0.02392711118461195,-2.5106468235099504,0.0
2.416999999999845,-0.026448114828550827,-2.5026612425778296,0.0
2.4179999999998447,-0.028655092311990378,-2.4946236250080913,0.0
2.4189999999998446,-0.030532172390757666,-2.486494824136808,0.0
2.4199999999998445,-0.032060230170986366,-2.478211186125657,0.0
2.4209999999998444,-0.033217718531177845,-2.469689485563772,0.0
2.4219999999998443,-0.033981461851409,-2.4608316461466084,0.0
2.422999999999844,-0.03432741107023216,-2.451529242754216,0.0
2.423999999999844,0.16438085655934231,-1.8149305330014918,0.0
2.424999999999844,0.1600669218131826,-1.8194248257773529,0.0
2.425999999999844,0.15634141367576052,-1.8227358149518653,0.0
2.4269999999998437,0.15321356218688328,-1.8247859824773012,0.0
2.4279999999998436,0.1506910133347557,-1.8255050144686717,0.0
2.4289999999998435,0.1487795607170818,-1.8248323228904346,0.0
2.4299999999998434,0.14748290314013185,-1.82271937518257,0.0
2.4309999999998433,0.14680242868707158,-1.8191318283438282,0.0
2.431999999999843,0.14673702583385959,-1.814051462730332,0.0
2.432999999999843,0.14728292225236683,-1.8074779094387676,0.0
2.433999999999843,0.1484335519960246,-1.7994301636565804,0.0
2.434999999999843,0.150179451814098,-1.789947874928957,0.0
2.4359999999998427,0.15250818738208044,-1.7790924038879923,0.0
2.4369999999998426,0.15540431025268045,-1.7669476338246937,0.0
2.4379999999998425,0.1588493463231142,-1.7536205246513124,0.0
2.4389999999998424,0.16282181657137756,-1.7392413962399962,0.0
2.4399999999998423,0.16705566752771042,-1.727961342085159,0.0021993202574941135
2.440999999999842,-0.03433111655833805,-1.0527303386509963,0.00519524025599935
2.441999999999842,0.0,0.0,0.0
2.442999999999842,0.0,0.0,0.0
2.443999999999842,0.0,0.0,0.0
2.4449999999998417,0.0,0.0,0.0
2.4459999999998416,0.0,0.0,0.0
2.4469999999998415,0.0,0.0,0.0
2.4479999999998414,0.0,0.0,0.0
2.4489999999998413,0.0,0.0,0.0
2.449999999999841,0.0,0.0,0.0
2.450999999999841,0.0,0.0,0.0
2.451999999999841,0.0,0.0,0.0
2.452999999999841,0.0,0.0,0.0
2.4539999999998408,0.0,0.0,0.0
2.4549999999998406,0.0,0.0,0.0
2.4559999999998405,0.0,0.0,0.0
2.4569999999998404,0.0,0.0,0.0
2.4579999999998403,0.0,0.0,0.0
2.45899999999984,0.0,0.0,0.0
2.45999999999984,0.0,0.0,0.0
2.46099999999984,0.0,0.0,0.0
2.46199999999984,0.0,0.0,0.0
2.4629999999998398,0.0,0.0,0.0
2.4639999999998397,0.0,0.0,0.0
2.4649999999998395,0.0,0.0,0.0
2.4659999999998394,0.0,0.0,0.0
2.4669999999998393,0.0,0.0,0.0
2.467999999999839,0.0,0.0,0.0
2.468999999999839,0.0,0.0,0.0
2.469999999999839,0.0,0.0,0.0
2.470999999999839,0.0,0.0,0.0
2.4719999999998388,0.0,0.0,0.0
2.4729999999998387,0.0,0.0,0.0
2.4739999999998386,0.0,0.0,0.0
2.4749999999998384,0.0,0.0,0.0
2.4759999999998383,0.0,0.0,0.0
2.476999999999838,0.0,0.0,0.0
2.477999999999838,0.0,0.0,0.0
2.478999999999838,0.0,0.0,0.0
2.479999999999838,0.0,0.0,0.0
2.480999999999838,0.0,0.0,0.0
2.4819999999998377,0.0,0.0,0.0
2.4829999999998376,0.0,0.0,0.0
2.4839999999998374,0.0,0.0,0.0
2.4849999999998373,0.0,0.0,0.0
2.4859999999998372,0.0,0.0,0.0
2.486999999999837,0.0,0.0,0.0
2.487999999999837,0.0,0.0,0.0
2.488999999999837,0.0,0.0,0.0
2.489999999999837,0.0,0.0,0.0
2.4909999999998367,0.0,0.0,0.0
2.4919999999998366,0.0,0.0,0.0
2.4929999999998365,0.0,0.0,0.0
2.4939999999998363,0.0,0.0,0.0
2.4949999999998362,0.0,0.0,0.0
2.495999999999836,0.0,0.0,0.0
2.496999999999836,0.0,0.0,0.0
2.497999999999836,0.0,0.0,0.0
2.498999999999836,0.0,0.0,0.0
2.4999999999998357,0.0,0.0,0.0
2.5009999999998356,0.0,0.0,0.0
2.5019999999998355,0.0,0.0,0.0
2.5029999999998354,0.0,0.0,0.0
2.5039999999998352,0.0,0.0,0.0
2.504999999999835,0.0,0.0,0.0
2.505999999999835,0.0,0.0,0.0
2.506999999999835,0.0,0.0,0.0
2.507999999999835,0.0,0.0,0.0
2.5089999999998347,0.0,0.0,0.0
2.5099999999998346,0.0,0.0,0.0
2.5109999999998345,0.0,0.0,0.0
2.5119999999998344,0.0,0.0,0.0
2.5129999999998343,0.0,0.0,0.0
2.513999999999834,0.0,0.0,0.0
2.514999999999834,0.0,0.0,0.0
2.515999999999834,0.0,0.0,0.0
2.516999999999834,0.0,0.0,0.0
2.5179999999998337,0.0,0.0,0.0
2.5189999999998336,0.0,0.0,0.0
2.5199999999998335,0.0,0.0,0.0
2.5209999999998334,0.0,0.0,0.0
2.5219999999998333,0.0,0.0,0.0
2.522999999999833,0.0,0.0,0.0
2.523999999999833,0.0,0.0,0.0
2.524999999999833,0.0,0.0,0.0
2.525999999999833,0.0,0.0,0.0
2.5269999999998327,0.0,0.0,0.0
2.5279999999998326,0.0,0.0,0.0
2.5289999999998325,0.0,0.0,0.0
2.5299999999998324,0.0,0.0,0.0
2.5309999999998323,0.0,0.0,0.0
2.531999999999832,0.0,0.0,0.0
2.532999999999832,0.0,0.0,0.0
2.533999999999832,0.0,0.0,0.0
2.534999999999832,0.0,0.0,0.0
2.5359999999998317,0.0,0.0,0.0
2.5369999999998316,0.0,0.0,0.0
2.5379999999998315,0.0,0.0,0.0
2.5389999999998314,0.0,0.0,0.0
2.5399999999998313,0.0,0.0,0.0
2.540999999999831,0.0,0.0,0.0
2.541999999999831,0.0,0.0,0.0
2.542999999999831,0.0,0.0,0.0
2.543999999999831,0.0,0.0,0.0
2.5449999999998307,0.0,0.0,0.0
2.5459999999998306,0.0,0.0,0.0
2.5469999999998305,0.0,0.0,0.0
2.5479999999998304,0.0,0.0,0.0
2.5489999999998303,0.0,0.0,0.0
2.54999999999983,0.0,0.0,0.0
2.55099999999983,0.0,0.0,0.0
2.55199999999983,0.0,0.0,0.0
2.55299999999983,0.0,0.0,0.0
2.5539999999998297,0.0,0.0,0.0
2.5549999999998296,0.0,0.0,0.0
2.5559999999998295,0.0,0.0,0.0
2.5569999999998294,0.0,0.0,0.0
2.5579999999998293,0.0,0.0,0.0
2.558999999999829,0.0,0.0,0.0
2.559999999999829,0.0,0.0,0.0
2.560999999999829,0.0,0.0,0.0
2.561999999999829,0.0,0.0,0.0
2.5629999999998287,0.0,0.0,0.0
2.5639999999998286,0.0,0.0,0.0
2.5649999999998285,0.0,0.0,0.0
2.5659999999998284,0.0,0.0,0.0
2.5669999999998283,0.0,0.0,0.0
2.567999999999828,0.0,0.0,0.0
2.568999999999828,0.0,0.0,0.0
2.569999999999828,0.0,0.0,0.0
2.570999999999828,0.0,0.0,0.0
2.5719999999998278,0.0,0.0,0.0
2.5729999999998276,0.0,0.0,0.0
2.5739999999998275,0.0,0.0,0.0
2.5749999999998274,0.0,0.0,0.0
2.5759999999998273,0.0,0.0,0.0
2.576999999999827,0.0,0.0,0.0
2.577999999999827,0.0,0.0,0.0
2.578999999999827,0.0,0.0,0.0
2.579999999999827,0.0,0.0,0.0
2.5809999999998268,0.0,0.0,0.0
2.5819999999998267,0.0,0.0,0.0
2.5829999999998265,0.0,0.0,0.0
2.5839999999998264,0.0,0.0,0.0
2.5849999999998263,0.0,0.0,0.0
2.585999999999826,0.0,0.0,0.0
2.586999999999826,0.0,0.0,0.0
2.587999999999826,0.0,0.0,0.0
2.588999999999826,0.0,0.0,0.0
2.5899999999998258,0.0,0.0,0.0
2.5909999999998257,0.0,0.0,0.0
2.5919999999998256,0.0,0.0,0.0
2.5929999999998254,0.0,0.0,0.0
2.5939999999998253,0.0,0.0,0.0
2.5949999999998252,0.0,0.0,0.0
2.595999999999825,0.0,0.0,0.0
2.596999999999825,0.0,0.0,0.0
2.597999999999825,0.0,0.0,0.0
2.598999999999825,0.0,0.0,0.0
2.5999999999998247,0.0,0.0,0.0
2.6009999999998246,0.0,0.0,0.0
2.6019999999998245,0.0,0.0,0.0
2.6029999999998243,0.0,0.0,0.0
2.6039999999998242,0.0,0.0,0.0
2.604999999999824,0.0,0.0,0.0
2.605999999999824,0.0,0.0,0.0
2.606999999999824,0.0,0.0,0.0
2.607999999999824,0.0,0.0,0.0
2.6089999999998237,0.0,0.0,0.0
2.6099999999998236,0.0,0.0,0.0
2.6109999999998235,0.0,0.0,0.0
2.6119999999998234,0.0,0.0,0.0
2.6129999999998232,0.0,0.0,0.0
2.613999999999823,0.0,0.0,0.0
2.614999999999823,0.0,0.0,0.0
2.615999999999823,0.0,0.0,0.0
2.616999999999823,0.0,0.0,0.0
2.6179999999998227,0.0,0.0,0.0
2.6189999999998226,0.0,0.0,0.0
2.6199999999998225,0.0,0.0,0.0
2.6209999999998224,0.0,0.0,0.0
2.6219999999998223,0.0,0.0,0.0
2.622999999999822,0.0,0.0,0.0
2.623999999999822,0.0,0.0,0.0
2.624999999999822,0.0,0.0,0.0
2.625999999999822,0.0,0.0,0.0
2.6269999999998217,0.0,0.0,0.0
2.6279999999998216,0.0,0.0,0.0
2.6289999999998215,0.0,0.0,0.0
2.6299999999998214,0.0,0.0,0.0
2.6309999999998213,0.0,0.0,0.0
2.631999999999821,0.0,0.0,0.0
2.632999999999821,0.0,0.0,0.0
2.633999999999821,0.0,0.0,0.0
2.634999999999821,0.0,0.0,0.0
2.6359999999998207,0.0,0.0,0.0
2.6369999999998206,0.0,0.0,0.0
2.6379999999998205,0.0,0.0,0.0
2.6389999999998204,0.0,0.0,0.0
2.6399999999998203,0.0,0.0,0.0
2.64099999999982,0.0,0.0,0.0
2.64199999999982,0.0,0.0,0.0
2.64299999999982,0.0,0.0,0.0
2.64399999999982,0.0,0.0,0.0
2.6449999999998197,0.0,0.0,0.0
2.6459999999998196,0.0,0.0,0.0
2.6469999999998195,0.0,0.0,0.0
2.6479999999998194,0.0,0.0,0.0
2.6489999999998193,0.0,0.0,0.0
2.649999999999819,0.0,0.0,0.0
2.650999999999819,0.0,0.0,0.0
2.651999999999819,0.0,0.0,0.0
2.652999999999819,0.0,0.0,0.0
2.6539999999998187,0.0,0.0,0.0
2.6549999999998186,0.0,0.0,0.0
2.6559999999998185,0.0,0.0,0.0
2.6569999999998184,0.0,0.0,0.0
2.6579999999998183,0.0,0.0,0.0
2.658999999999818,0.0,0.0,0.0
2.659999999999818,0.0,0.0,0.0
2.660999999999818,0.0,0.0,0.0
2.661999999999818,0.0,0.0,0.0
2.6629999999998177,0.0,0.0,0.0
2.6639999999998176,0.0,0.0,0.0
2.6649999999998175,0.0,0.0,0.0
2.6659999999998174,0.0,0.0,0.0
2.6669999999998173,0.0,0.0,0.0
2.667999999999817,0.0,0.0,0.0
2.668999999999817,0.0,0.0,0.0
2.669999999999817,0.0,0.0,0.0
2.670999999999817,0.0,0.0,0.0
2.6719999999998167,0.0,0.0,0.0
2.6729999999998166,0.0,0.0,0.0
2.6739999999998165,0.0,0.0,0.0
2.6749999999998164,0.0,0.0,0.0
2.6759999999998163,0.04477133617173233,-1.0046076495829903,0.026913444209365173
2.676999999999816,0.3559329147127821,-1.672941079441886,0.022982778728331495
2.677999999999816,0.356207332968299,-1.671661542824317,0.013128967824985578
2.678999999999816,0.35699409675991856,-1.6707624277064141,0.0025991959277191666
2.679999999999816,0.35903897245096583,-1.6817334816996712,0.0
2.6809999999998158,0.36184643536214,-1.694863376840365,0.0
2.6819999999998156,0.36519420541141245,-1.7062769066682655,0.0
2.6829999999998155,0.36908794798044575,-1.7159308052865514,0.0
2.6839999999998154,0.3735326969125752,-1.7238016284806834,0.0
2.6849999999998153,0.37853281915631465,-1.729884738518098,0.0
2.685999999999815,0.38409198114580867,-1.7341931086442783,0.0
2.686999999999815,0.39021311762503186,-1.7367559564693504,0.0
2.687999999999815,0.3968984035262534,-1.7376172133161394,0.0
2.688999999999815,0.40414922940054526,-1.7368338344147172,0.0
2.6899999999998148,0.41196618079226477,-1.734473952694819,0.0
2.6909999999998147,0.4203490218387568,-1.7306148768756122,0.0
2.6919999999998145,0.4292966832599317,-1.7253409327049858,0.0
2.6929999999998144,0.354457000294205,-2.3475852435780666,0.0
2.6939999999998143,0.3621016369621517,-2.35516231992085,0.0
2.694999999999814,0.37024820093629685,-2.3620088982016476,0.0
2.695999999999814,0.37888346595471023,-2.36825192978508,0.0
2.696999999999814,0.38799365752919207,-2.3740105040062707,0.0
2.697999999999814,0.39756465723911627,-2.3793917925276373,0.0
2.6989999999998138,0.40758222213888884,-2.3844867601706663,0.0
2.6999999999998137,0.418032219154567,-2.389365637467699,0.0
2.7009999999998136,0.42890087431983587,-2.3940731514417886,0.0
2.7019999999998134,0.44017503668408686,-2.39862351272124,0.0
2.7029999999998133,0.40002739916372143,-2.6007981314581574,0.0
2.703999999999813,0.28593730607191925,-3.01827543237374,0.0
2.704999999999813,0.16673878023684785,-3.3628117465057548,0.0
2.705999999999813,0.04236821820170947,-3.63566275956389,0.0
2.706999999999813,-0.08721215859616199,-3.835652152524702,0.0
2.707999999999813,-0.19991142534219836,-3.8985063119968117,0.0
2.7089999999998127,0.0026574108565973493,0.008157639478861011,10.455949175669287
2.7099999999998126,1.378816854949037,5.107904992337346,20.670021373905225
2.7109999999998124,1.228433865460329,4.313952828797831,20.670047531491257
2.7119999999998123,1.0790139507972552,3.6108360722306685,20.67007325957942
2.7129999999998122,0.9306964623679397,2.9919546111298807,20.670099182146224
2.713999999999812,0.7837003576066358,2.454184513373143,20.67012583085723
2.714999999999812,0.6383278378873363,1.99757917058953,20.670153650926437
2.715999999999812,0.4949675627859771,1.6250337654199178,20.670183006547237
2.716999999999812,0.3540977389850078,1.3419099988374015,20.670214185981436
2.7179999999998117,0.21628901311582782,1.1556132583707743,20.670247406385304
2.7189999999998116,0.08220669427321885,1.0751106706773346,20.670282818429197
2.7199999999998115,-0.047388598209682026,1.1103763169152225,20.670320510766544
2.7209999999998113,-0.17164319705456232,1.2717501574978725,20.67036051440373
2.7219999999998112,-0.289617278626525,1.5692010182515768,20.670402806997927
2.722999999999811,-0.3572163793854417,1.8002504231543708,20.67044731711326
2.723999999999811,-0.6958345055570332,2.0135806618826644,20.143505755785537
2.724999999999811,-0.6891437989040388,1.9998602823056468,20.121165044486542
2.725999999999811,-0.3956373273605006,2.0372641222211527,20.109705418501772
2.7269999999998107,-0.3911685631251114,2.0236071923017795,20.08927425808699
2.7279999999998106,-0.38706933064393,2.0097003549916685,20.069675817411696
2.7289999999998105,-0.3833402752204004,1.9955358001977768,20.05091027487172
2.7299999999998104,-0.3799813135148369,1.9811066517962392,20.032977101499792
2.7309999999998102,-0.37699160550305655,1.9664069567394404,20.01587507067342
2.73199999999981,-0.3743695335631762,1.951431671562565,19.999602268381782
2.73299999999981,-0.3721126886769382,1.9361766463004715,19.984156103923844
2.73399999999981,-0.37021786366969256,1.9206386058601672,19.969533320954444
2.73499999999981,-0.3686810533601058,1.9048151289249229,19.95573000879947
2.7359999999998097,-0.36749746142419754,1.8887046244914556,19.942741613964888
2.7369999999998096,-0.3666615137203816,1.8723063061780598,19.930562951793107
2.7379999999998095,-0.36616687776444484,1.855620164465443,19.919188218214785
2.7389999999998094,-0.36600648798922875,1.8386469370625371,19.908611001580983
2.7399999999998093,-0.3661725763740499,1.8213880776071396,19.898824294520352
2.740999999999809,-0.36665670798613703,1.8038457229393408,19.889820505829874
2.741999999999809,-0.599417319805421,2.1833542964743273,19.877417723206655
2.742999999999809,-0.9398694977746679,3.0380291148724607,19.897793176925614
2.743999999999809,-0.3316712478449304,3.911704473491909,20.671468258487153
2.7449999999998087,-0.3282367317000734,3.89434028319306,20.671496399324937
2.7459999999998086,-0.3248180014320994,3.877156364330631,20.67152083270886
2.7469999999998085,-0.32141488125617457,3.8601518049713377,20.67154144343494
2.7479999999998084,-0.31802719383238554,3.8433257118166466,20.67155814395383
2.7489999999998083,-0.3146547601990548,3.826677210002458,20.671570874453277
2.749999999999808,-0.3112973997304138,3.8102054428435395,20.671579602670054
2.750999999999808,-0.30795493012158204,3.793909571526342,20.67158432344975
2.751999999999808,-0.3046271673987988,3.7777887747462273,20.67158505806311
2.752999999999808,-0.30131392595444595,3.761842248318203,20.671581853310826
2.7539999999998077,-0.29801501860612234,3.7460692047440034,20.671574780427317
2.7549999999998076,-0.294730256677866,3.730468872747906,20.671563933811992
2.7559999999998075,-0.29145945010317575,3.7150404968006114,20.671549429618928
2.7569999999998074,-0.2882024075445244,3.69978333661345,20.67153140420813
2.7579999999998073,-0.284958936534629,3.684696666627133,20.671510012503745
2.758999999999807,-0.28172884363264217,3.6697797754937937,20.671485426271396
2.759999999999807,-0.2785119345912719,3.655031965549483,20.67145783233886
2.760999999999807,-0.275308014538723,3.6404525522976883,20.671427430782966
2.761999999999807,-0.27211688817243385,3.626040863890694,20.67139443310066
2.7629999999998067,-0.26893835995880977,3.6117962406251536,20.671359060391104
2.7639999999998066,-0.26577223434009056,3.5977180344472117,20.67132154154937
2.7649999999998065,-0.2626183159474351,3.5838056084716072,20.671282111507878
2.7659999999998064,-0.25947640981721065,3.570058336523971,20.67124100952683
2.7669999999998063,-0.2563463216079498,3.556475602690057,20.671198477544834
2.767999999999806,-0.2532278578197662,3.5430568009004446,20.67115475860976
2.768999999999806,-0.25012082601232066,3.5298013345231993,20.671110095387895
2.769999999999806,-0.24702503501842443,3.5167086159896144,20.671064728765703
2.770999999999806,-0.24394029515785576,3.503778066435075,20.671018896542755
2.7719999999998057,-0.2408664184452789,3.491009115364591,20.670972832229552
2.7729999999998056,-0.23780321879320354,3.4784012003451608,20.670926763941466
2.7739999999998055,-0.2347505122084499,3.4659537667146196,20.67088091339171
2.7749999999998054,-0.23170811698207672,3.453666267319022,20.670835494996854
2.7759999999998053,-0.22867585387346878,3.441538162265374,20.670790715072208
2.776999999999805,-0.2256535462842777,3.429568918695054,20.670746771127526
2.777999999999805,-0.22264102042578315,3.4177580105842935,20.670703851262488
2.778999999999805,-0.21963810547670448,3.4061049185570482,20.67066213365182
2.779999999999805,-0.21664463373140563,3.394609129712876,20.670621786114914
2.7809999999998047,-0.2136604407388205,3.383270137477325,20.670582965773686
2.7819999999998046,-0.21068536543226912,3.3720874414674427,20.670545818783964
2.7829999999998045,-0.20771925024897087,3.361060547367174,20.670510480141463
2.7839999999998044,-0.20476194123730806,3.3501889668173135,20.670477073559454
2.7849999999998043,-0.20181328815641564,3.3394722173194396,20.670445711403456
2.785999999999804,-0.1988731445628389,3.328909822150081,20.6704164946843
2.786999999999804,-0.19594136788741423,3.3185013102854555,20.67038951310703
2.787999999999804,-0.1930178194993175,3.3082462163316677,20.67036484516234
2.788999999999804,-0.19010236476019315,3.2981440804685462,20.670342558260263
2.7899999999998037,-0.18719487306618987,3.28819444839678,20.67032270890531
2.7909999999998036,-0.18429521787639658,3.278396871292898,20.670305342902264
2.7919999999998035,-0.18140327673212653,3.2687509057716397,20.670290495584048
2.7929999999998034,-0.17851893126115215,3.259256113852075,20.670278192075727
2.7939999999998033,-0.1756420671689085,3.2499120629266827,20.670268447571527
2.794999999999803,-0.1727725742198487,3.2407183257406587,20.670261267627446
2.795999999999803,-0.16991034620272671,3.2316744803667916,20.67025664847685
2.796999999999803,-0.16705528088287735,3.2227801101938667,20.670254577347613
2.797999999999803,-0.1642072799420191,3.2140348039073956,20.670255032793293
2.7989999999998028,-0.16136624890421558,3.2054381554843303,20.670257985030148
2.7999999999998026,-0.15853209704529547,3.196989764181069,20.670263396274574
2.8009999999998025,-0.15570473729106027,3.1886892345318643,20.670271221090058
2.8019999999998024,-0.15288408610058468,3.180536176344958,20.670281406725806
2.8029999999998023,-0.15007006333520678,3.1725302047045147,20.67029389346081
2.803999999999802,-0.14726259211199277,3.164670939973689,20.670308614947324
2.804999999999802,-0.14446159864484542,3.1569580078013075,20.670325498544578
2.805999999999802,-0.14166701207035715,3.149391039132041,20.670344465654175
2.806999999999802,-0.13887876426134227,3.1419696702190265,20.670365432052222
2.8079999999998018,-0.13609678962559357,3.1346935426395106,20.670388308213298
2.8089999999998017,-0.13332102489130904,3.127562303315429,20.67041299963097
2.8099999999998015,-0.13055140888234007,3.120575604536107,20.670439407133657
2.8109999999998014,-0.1277878822784646,3.1137331039866014,20.670467427195213
2.8119999999998013,-0.1250303873665513,3.1070344647789554,20.670496952241905
2.812999999999801,-0.12227886777993857,3.1004793554880594,20.670527870954167
2.813999999999801,-0.11953326822916165,3.09406745019359,20.670560068562864
2.814999999999801,-0.11679353422444604,3.087798428525162,20.670593427143555
2.815999999999801,-0.11405961178916403,3.081671975713683,20.670627825908753
2.8169999999998008,-0.11133144716798762,3.07568778264904,20.670663141496362
2.8179999999998007,-0.10860898653048867,3.069845545941645,20.670699248258316
2.8189999999998006,-0.10589217567096983,3.0641449679913304,20.67073601854765
2.8199999999998004,-0.10318095970496188,3.0585857570629185,20.670773323008106
2.8209999999998003,-0.10047528276668241,3.053167627367322,20.67081103086437
2.8219999999998002,-0.09777508770673846,3.0478902991500085,20.670849010217392
2.8229999999998,-0.095080315792338,3.04275349878637,20.670887128344592
2.8239999999998,-0.09239090641246774,3.037756958884849,20.67092525200364
2.8249999999998,-0.08970679678705239,3.0329004183969692,20.670963247749057
2.8259999999998,-0.08702792168638974,3.0281836227354875,20.67100098225916
2.8269999999997997,-0.08435421315966184,3.0236063239005384,20.671038322670203
2.8279999999997996,-0.08168560027029975,3.0191682806135884,20.671075136928994
2.8289999999997995,-0.07902200884965971,3.014869258461102,20.67111129416306
2.8299999999997993,-0.07636336126182199,3.0107090300451986,20.671146665069607
2.8309999999997992,-0.07370957618378471,3.0066873751450616,20.67118112232418
2.831999999999799,-0.0710605684044224,3.0028040808864973,20.671214541017427
2.832999999999799,-0.06841624863983903,2.9990589419212066,20.67124679911781
2.833999999999799,-0.06577652337014746,2.995451760616842,20.67127777796675
2.834999999999799,-0.06314129469636028,2.9919823472562763,20.671307362806047
2.8359999999997987,-0.060510460218104356,2.98865052024827,20.671335443346827
2.8369999999997986,-0.05788391293444306,2.9854561063486145,20.671361914377286
2.8379999999997985,-0.0552615411691022,2.982398940892864,20.67138667641671
2.8389999999997984,-0.05264322851641623,2.97947886804279,20.67140963641568
2.8399999999997982,-0.050028853815376806,2.9766957410415387,20.6714307085131
2.840999999999798,-0.04741829114487928,2.9740494224869565,20.671449814851307
2.841999999999798,-0.04481140984466947,2.971539784612361,20.67146688644204
2.842999999999798,-0.04220807456113107,2.9691667095920593,20.671481864112224
2.843999999999798,-0.03960814531831147,2.966930089844709,20.671494699504613
2.8449999999997977,-0.03701147761125867,2.964829828372501,20.67150535615376
2.8459999999997976,-0.03441792252556297,2.9628658391063,20.671513810643866
2.8469999999997975,-0.03182732688037504,2.9610380472633615,20.671520053833675
2.8479999999997974,-0.02923953339336549,2.9593463897362042,20.671524092168696
2.8489999999997973,-0.026654380872059846,2.9577908154921744,20.671525949072702
2.849999999999797,-0.024071704425750795,2.9563712859874727,20.67152566642043
2.850999999999797,-0.02149133570196682,2.9550877756402656,20.671523306096127
2.851999999999797,-0.018913103142494947,2.9539402722253385,20.671518951628762
2.852999999999797,-0.01633683227146321,2.9529287774649333,20.671512709915355
2.8539999999997967,-0.013762345991381153,2.952053307443009,20.671504713001923
2.8549999999997966,-0.011189464923518244,2.951313893176575,20.671495119952382
2.8559999999997965,-0.008618007747372758,2.9507105812045893,20.67148411876832
2.8569999999997964,-0.0060477915958472295,2.9502434341142134,20.671471928358677
2.8579999999997963,-0.0034786324536071334,2.9499125311963326,20.671458800553793
2.858999999999796,-0.0009250620096281637,2.949716650480468,20.6714392873012
2.859999999999796,0.0016269575789920054,2.94965773963861,20.671419307749026
2.860999999999796,0.004223232599997573,2.9497388868733196,20.67141668536071
2.861999999999796,0.006848144082596264,2.9499570484283595,20.67142494184018
2.8629999999997957,0.009471415755342605,2.950309685049774,20.671432527699245
2.8639999999997956,0.012093193241071276,2.950796986769433,20.671439773712134
2.8649999999997955,0.014713618868881895,2.9514191304635347,20.671446959694606
2.8659999999997954,0.017332832590909675,2.9521762811492067,20.67145431848343
2.8669999999997953,0.01995097283133873,2.953068593471869,20.67146203982124
2.867999999999795,0.02256817726947702,2.9540962128810406,20.671470274095636
2.868999999999795,0.025184583548480077,2.9552592768603176,20.671479135933502
2.869999999999795,0.027800329918818534,2.9565579161108033,20.671488707633262
2.870999999999795,0.03041555581035027,2.95799225553888,20.671499042414013
2.8719999999997947,0.03303040233595311,2.959562415340656,20.671510167498994
2.8729999999997946,0.03564501272376219,2.9612685119203945,20.671522087008746
2.8739999999997945,0.03825953268938065,2.9631106587818863,20.671534784666783
2.8749999999997944,0.04087411073555813,2.9650889673798986,20.67154822633245
2.8759999999997943,0.04348889839820913,2.9672035478942007,20.671562362346748
2.876999999999794,0.04610405042774346,2.9694545099886795,20.671577129705817
2.877999999999794,0.048719724912757556,2.9718419634839393,20.671592454062882
2.878999999999794,0.051336083352907735,2.974366019020522,20.67160825156314
2.879999999999794,0.05395329067732746,2.9770267886532906,20.67162443053396
2.8809999999997937,0.05657151521791093,2.979824386428845,20.67164089301225
2.8819999999997936,0.059190928638656715,2.982758928909334,20.671657536135612
2.8829999999997935,0.06181170582271989,2.985830535666423,20.671674253409257
2.8839999999997934,0.06443402472439175,2.989039329736329,20.671690935834228
2.8849999999997933,0.06705806618771248,2.992385438062229,20.671707472931818
2.885999999999793,0.069684013734161,2.9958689918727828,20.6717237536544
2.886999999999793,0.07231205333016533,2.9994901270657124,20.671739667198366
2.887999999999793,0.07494237312528185,3.003248984540278,20.67175510372884
2.888999999999793,0.0775751631801711,3.0071457105191257,20.67176995501341
2.8899999999997927,0.08021061517584371,3.011180456835291,20.67178411498579
2.8909999999997926,0.08284892211361239,3.0153533812053297,20.67179748024008
2.8919999999997925,0.08549027800748377,3.0196646474736326,20.671809950459703
2.8929999999997924,0.08813487757487337,3.024114425842356,20.671821428791095
2.8939999999997923,0.09078291592373944,3.0287028930734436,20.671831822167377
2.894999999999792,0.0934345882430705,3.0334302326850207,20.67184104159
2.895999999999792,0.09609008950027942,3.0382966351172627,20.671849002365782
2.896999999999792,0.0987496141438271,3.0433022978937174,20.671855624316287
2.897999999999792,0.10141335581715794,3.04844742575807,20.671860831950944
2.8989999999997917,0.10408150708391872,3.053732230802666,20.671864554617432
2.8999999999997916,0.10675425916841164,3.0591569325822547,20.67186672663271
2.9009999999997915,0.10943180171113909,3.0647217582135795,20.67186728739062
2.9019999999997914,0.11211432254131637,3.070426942465815,20.67186618145723
2.9029999999997913,0.11480200746828473,3.0762727278380453,20.671863358652825
2.903999999999791,0.11749504009108591,3.0822593646286123,20.67185877412606
2.904999999999791,0.12019360162929615,3.088387110994063,20.67185238841849
2.905999999999791,0.12289787077367009,3.0946562329988865,20.671844167522153
2.906999999999791,0.1256080235574757,3.101067004658262,20.671834082937643
2.9079999999997908,0.12832423324837805,3.1076197079760277,20.671822111725852
2.9089999999997906,0.13104667026163952,3.114314632970718,20.671808236561386
2.9099999999997905,0.1337755020940108,3.1211520776990938,20.67179244578518
2.9109999999997904,0.13651089327623822,3.128132348274903,20.671774733456154
2.9119999999997903,0.13925300534532425,3.1352557588824084,20.671755099406226
2.91299999999979,0.14200199683645565,3.142522631781958,20.67173354929831
2.91399999999979,0.1447580232917005,3.149933297319194,20.671710094683288
2.91499999999979,0.14752123728391098,3.1574880939220975,20.671684753058734
2.91599999999979,0.15029178845949787,3.1651873681031475,20.67165754793533
2.9169999999997898,0.15306982359399512,3.1730314744520456,20.671628508899694
2.9179999999997897,0.15585548665922033,3.1810207756333284,20.671597671678224
2.9189999999997895,0.15864891890544186,3.189155642374203,20.671565078203976
2.9199999999997894,0.1614502589535789,3.1974364534576125,20.671530776680953
2.9209999999997893,0.1642596428947911,3.2058635957067736,20.671494821649958
2.921999999999789,0.16707720440172125,3.2144374639783564,20.671457274049853
2.922999999999789,0.16990307484377354,3.223158461141338,20.671418201272562
2.923999999999789,0.1727373834096113,3.2320269980685907,20.671377677217688
2.924999999999789,0.1755802572339462,3.2410434936120964,20.67133578233659
2.9259999999997888,0.17843182152728332,3.250208374590329,20.67129260366744
2.9269999999997887,0.1812921997102137,3.2595220757668812,20.671248234860922
2.9279999999997885,0.18416151354492172,3.2689850398285216,20.671202776191695
2.9289999999997884,0.187039883269847,3.278597717363482,20.671156334550314
2.9299999999997883,0.189927427733096,3.2883605668280325,20.67110902342592
2.930999999999788,0.1928242645244893,3.298274054529884,20.671060962858142
2.931999999999788,0.19573051010479503,3.3083386545881694,20.671012279368405
2.932999999999788,0.19864627993237605,3.318554848896156,20.67096310586821
2.933999999999788,0.20157168858619912,3.3289231270875916,20.67091358152818
2.934999999999788,0.2045068498855187,3.3394439864928245,20.67086385162136
2.9359999999997877,0.20745187700426015,3.3501179320783194,20.670814067325203
2.9369999999997876,0.21040688257987483,3.360945476402776,20.670764385484034
2.9379999999997874,0.21337197882044734,3.3719271395468695,20.670714968325832
2.9389999999997873,0.21634727760277883,3.3830634490445846,20.67066598313064
2.9399999999997872,0.21933289056612182,3.394354939802497,20.67061760185069
2.940999999999787,0.22232892920371228,3.4058021540104164,20.670570000671756
2.941999999999787,0.2253355049437289,3.4174056410438425,20.670523359516242
2.942999999999787,0.22835272922874594,3.4291659573541438,20.670477861485562
2.943999999999787,0.2313807135911503,3.4410836663432747,20.670433692239502
2.9449999999997867,0.2344195697179572,3.4531593382323535,20.670391039306264
2.9459999999997866,0.23746940951811268,3.4653935499100044,20.670350091320277
2.9469999999997865,0.24053034518061622,3.477786884777288,20.67031103719511
2.9479999999997863,0.24360248923034078,3.490339932558527,20.670274065221488
2.9489999999997862,0.2466859545809399,3.5030532891225903,20.670239362094982
2.949999999999786,0.24978085458297983,3.515927556268821,20.670207111867125
2.950999999999786,0.2528873030707359,3.528963341506369,20.670177494833826
2.951999999999786,0.25600541440417146,3.542161257815792,20.670150686352546
2.952999999999786,0.2591353035120818,3.5555219233972366,20.67012685559561
2.9539999999997857,0.2622770859299095,3.5690459614005476,20.670106164249543
2.9549999999997856,0.2654308778389236,3.5827339996502587,20.67008876515615
2.9559999999997855,0.26859679610284104,3.596586670345687,20.67007480091657
2.9569999999997854,0.2717749583021032,3.6106046097593207,20.670064402455438
2.9579999999997852,0.27496548277035515,3.624788457921454,20.670057687566583
2.958999999999785,0.2781684886288076,3.6391388583018625,20.670054759441996
2.959999999999785,0.28138409581853807,3.6536564574794284,20.670055705208984
2.960999999999785,0.28461242513526486,3.668341904818135,20.67006059448747
2.961999999999785,0.287853598261556,3.6831958521396473,20.670069477974323
2.9629999999997847,0.29110773779834886,3.698218953401806,20.670082386092723
2.9639999999997846,0.29437496729750734,3.7134118643876945,20.67009932771066
2.9649999999997845,0.29765541129211215,3.7287752424068685,20.67012028895321
2.9659999999997844,0.30094919532515974,3.744309746017052,20.670145232133486
2.9669999999997843,0.30425644597927004,3.760016034764135,20.670174094818112
2.967999999999784,0.3075772909024366,3.7758947689579827,20.670206789058895
2.968999999999784,0.31091185883348516,3.7919466094778045,20.670243200799305
2.969999999999784,0.3142602796253513,3.8081722176140147,20.670283189486057
2.970999999999784,0.31762268426396645,3.8245722549638685,20.670326587903432
2.9719999999997837,0.3209992048894037,3.841147383368593,20.670373202249785
2.9729999999997836,0.3243899748106287,3.857898264908158,20.670422812474026
2.9739999999997835,0.32779512851807624,3.8748255619614156,20.670475172877396
2.9749999999997834,0.3312148016956442,3.891929937330815,20.670530013004132
2.9759999999997833,-0.31358086116104134,3.092760806766761,19.862669195524614
2.976999999999783,-0.12344615075373785,2.2343811286025503,19.841879570264517
2.977999999999783,0.04369620972674053,1.8347768874091175,19.856355022513046
2.978999999999783,0.04689449754737188,1.8523337525487356,19.866053538458445
2.979999999999783,0.0496295755696555,1.8695977338192105,19.876435832444475
2.9809999999997827,0.05189179770201494,1.886567712054592,19.887509473691548
2.9819999999997826,0.053672498210875455,1.9032432639554955,19.899281794148074
2.9829999999997825,0.0549640327370413,1.91962469109651,19.91175988313621
2.9839999999997824,0.05575981257121351,1.935713047739363,19.924950580405092
2.9849999999997823,0.056054331619781836,1.951510167246536,19.938860467498237
2.985999999999782,0.05584318555979208,1.9670186869132578,19.953495857382695
2.986999999999782,0.0551230827474692,1.9822420710496473,19.96886278229602
2.987999999999782,0.053891846518938566,1.9971846321701254,19.98496697980679
2.988999999999782,0.05214840860724385,2.0118515501692564,20.001813877092992
2.9899999999997817,0.04989279347454355,2.026248889389885,20.019408573492566
2.9909999999997816,0.0471260934439417,2.0403836135169318,20.03775582140195
2.9919999999997815,0.04385043459426783,2.0542635982507242,20.05686000561549
2.9929999999997814,-0.25369190793074514,2.058342204611397,20.06572193538945
2.9939999999997813,-0.2595118546093802,2.0733077056726508,20.086581989805712
2.994999999999781,-0.26589030159590465,2.088083187778127,20.108218008625173
2.995999999999781,0.07487514318315427,1.9257637468417461,20.671623835035497
2.996999999999781,0.07811528605428783,1.9825003275719983,20.671643655255114
2.997999999999781,0.11327162635536836,1.9567356204286535,20.67165873411105
2.9989999999997807,0.22222757432791723,1.872437030671818,20.67166905890725
2.9999999999997806,0.351860877067954,1.9167101852219917,20.671674670127743
3.0009999999997805,0.5000312031975697,2.0784794294368307,20.671675663897982
3.0019999999997804,0.6647578860723878,2.34721653769469,20.67167219427815
3.0029999999997803,0.8442879967985624,2.7135114204229467,20.67166447540798
3.00399999999978,1.0371514615365882,3.1695553481245504,20.6716527835259
3.00499999999978,1.242206647142079,3.709554316638487,20.67163745890955
3.00599999999978,1.4586791881939434,4.330088538961959,20.671618907774704
3.00699999999978,1.6861959568972564,5.030430391449471,20.671597604186914
3.0079999999997797,1.9248151028496923,5.81282829756357,20.67157409204313
3.0089999999997796,2.131836589417881,6.5857395100617335,20.671522153080396
3.0099999999997795,-0.002895036146986607,-0.007664647323520229,10.392682560620894
3.0109999999997794,-1.3073737650413555,-5.53437003407098,0.0
3.0119999999997793,-1.1196082044535354,-5.270860132368471,0.0
3.012999999999779,-0.9285653227075932,-4.932885751883293,0.0
3.013999999999779,-0.7348670506247506,-4.525428910781617,0.0
3.014999999999779,-0.5387455392609193,-4.050534366799538,0.0
3.015999999999779,-0.34012085452251944,-3.507833592857856,0.0
3.0169999999997787,-0.13867815223673405,-2.895074683205407,0.0
3.0179999999997786,-0.023879757661147916,-2.510626098580575,0.0
3.0189999999997785,-0.026403397080356855,-2.50264161529412,0.0
3.0199999999997784,-0.028612939480400036,-2.4946050596086997,0.0
3.0209999999997783,-0.030492512705675823,-2.48647728410213,0.0
3.021999999999778,-0.03202299100403244,-2.4781946342320524,0.0
3.022999999999778,-0.033182826447632076,-2.4696738839328956,0.0
3.023999999999778,-0.0339488426633282,-2.4608169563029216,0.0
3.024999999999778,-0.03429698989059489,-2.451515425695372,0.0
3.0259999999997778,0.1644065557979437,-1.8149218339253563,0.0
3.0269999999997776,0.16009080403997733,-1.819416646687888,0.0
3.0279999999997775,0.15636354734961252,-1.8227281262455617,0.0
3.0289999999997774,0.15323401612534268,-1.8247787544527527,0.0
3.0299999999997773,0.1507098566696921,-1.825498217389661,0.0
3.030999999999777,0.14879686285046442,-1.8248259270452163,0.0
3.031999999999777,0.14749873370063268,-1.822713350947121,0.0
3.032999999999777,0.14681685748540654,-1.8191261462449528,0.0
3.033999999999777,0.1467501228166331,-1.8140460935111054,0.0
3.0349999999997768,0.14729475745489878,-1.8074728241234512,0.0
3.0359999999997767,0.14844419549157842,-1.799425333620622,0.0
3.0369999999997765,0.15018897365916453,-1.789943271964681,0.0
3.0379999999997764,0.15251665755747365,-1.7790880002781009,0.0
3.0389999999997763,0.1554117985991473,-1.7669434024214183,0.0
3.039999999999776,0.15885592247152894,-1.7536164389441038,0.0
3.040999999999776,0.16282754986405815,-1.7392374304488718,0.0
3.041999999999776,0.1670606610942686,-1.7279598775449505,0.002200677110077588
3.042999999999776,-0.03432761816760248,-1.0527302817448663,0.0051965795965551445
3.0439999999997758,0.0,0.0,0.0
3.0449999999997757,0.0,0.0,0.0
3.0459999999997756,0.0,0.0,0.0
3.0469999999997754,0.0,0.0,0.0
3.0479999999997753,0.0,0.0,0.0
3.0489999999997752,0.0,0.0,0.0
3.049999999999775,0.0,0.0,0.0
3.050999999999775,0.0,0.0,0.0
3.051999999999775,0.0,0.0,0.0
3.052999999999775,0.0,0.0,0.0
3.0539999999997747,0.0,0.0,0.0
3.0549999999997746,0.0,0.0,0.0
3.0559999999997745,0.0,0.0,0.0
3.0569999999997743,0.0,0.0,0.0
3.0579999999997742,0.0,0.0,0.0
3.058999999999774,0.0,0.0,0.0
3.059999999999774,0.0,0.0,0.0
3.060999999999774,0.0,0.0,0.0
3.061999999999774,0.0,0.0,0.0
3.0629999999997737,0.0,0.0,0.0
3.0639999999997736,0.0,0.0,0.0
3.0649999999997735,0.0,0.0,0.0
3.0659999999997734,0.0,0.0,0.0
3.0669999999997732,0.0,0.0,0.0
3.067999999999773,0.0,0.0,0.0
3.068999999999773,0.0,0.0,0.0
3.069999999999773,0.0,0.0,0.0
3.070999999999773,0.0,0.0,0.0
3.0719999999997727,0.0,0.0,0.0
3.0729999999997726,0.0,0.0,0.0
3.0739999999997725,0.0,0.0,0.0
3.0749999999997724,0.0,0.0,0.0
3.0759999999997722,0.0,0.0,0.0
3.076999999999772,0.0,0.0,0.0
3.077999999999772,0.0,0.0,0.0
3.078999999999772,0.0,0.0,0.0
3.079999999999772,0.0,0.0,0.0
3.0809999999997717,0.0,0.0,0.0
3.0819999999997716,0.0,0.0,0.0
3.0829999999997715,0.0,0.0,0.0
3.0839999999997714,0.0,0.0,0.0
3.0849999999997713,0.0,0.0,0.0
3.085999999999771,0.0,0.0,0.0
3.086999999999771,0.0,0.0,0.0
3.087999999999771,0.0,0.0,0.0
3.088999999999771,0.0,0.0,0.0
3.0899999999997707,0.0,0.0,0.0
3.0909999999997706,0.0,0.0,0.0
3.0919999999997705,0.0,0.0,0.0
3.0929999999997704,0.0,0.0,0.0
3.0939999999997703,0.0,0.0,0.0
3.09499999999977,0.0,0.0,0.0
3.09599999999977,0.0,0.0,0.0
3.09699999999977,0.0,0.0,0.0
3.09799999999977,0.0,0.0,0.0
3.0989999999997697,0.0,0.0,0.0
3.0999999999997696,0.0,0.0,0.0
3.1009999999997695,0.0,0.0,0.0
3.1019999999997694,0.0,0.0,0.0
3.1029999999997693,0.0,0.0,0.0
3.103999999999769,0.0,0.0,0.0
3.104999999999769,0.0,0.0,0.0
3.105999999999769,0.0,0.0,0.0
3.106999999999769,0.0,0.0,0.0
3.1079999999997687,0.0,0.0,0.0
3.1089999999997686,0.0,0.0,0.0
3.1099999999997685,0.0,0.0,0.0
3.1109999999997684,0.0,0.0,0.0
3.1119999999997683,0.0,0.0,0.0
3.112999999999768,0.0,0.0,0.0
3.113999999999768,0.0,0.0,0.0
3.114999999999768,0.0,0.0,0.0
3.115999999999768,0.0,0.0,0.0
3.1169999999997677,0.0,0.0,0.0
3.1179999999997676,0.0,0.0,0.0
3.1189999999997675,0.0,0.0,0.0
3.1199999999997674,0.0,0.0,0.0
3.1209999999997673,0.0,0.0,0.0
3.121999999999767,0.0,0.0,0.0
3.122999999999767,0.0,0.0,0.0
3.123999999999767,0.0,0.0,0.0
3.124999999999767,0.0,0.0,0.0
3.1259999999997667,0.0,0.0,0.0
3.1269999999997666,0.0,0.0,0.0
3.1279999999997665,0.0,0.0,0.0
3.1289999999997664,0.0,0.0,0.0
3.1299999999997663,0.0,0.0,0.0
3.130999999999766,0.0,0.0,0.0
3.131999999999766,0.0,0.0,0.0
3.132999999999766,0.0,0.0,0.0
3.133999999999766,0.0,0.0,0.0
3.1349999999997658,0.0,0.0,0.0
3.1359999999997656,0.0,0.0,0.0
3.1369999999997655,0.0,0.0,0.0
3.1379999999997654,0.0,0.0,0.0
3.1389999999997653,0.0,0.0,0.0
3.139999999999765,0.0,0.0,0.0
3.140999999999765,0.0,0.0,0.0
3.141999999999765,0.0,0.0,0.0
3.142999999999765,0.0,0.0,0.0
3.1439999999997648,0.0,0.0,0.0
3.1449999999997647,0.0,0.0,0.0
3.1459999999997645,0.0,0.0,0.0
3.1469999999997644,0.0,0.0,0.0
3.1479999999997643,0.0,0.0,0.0
3.148999999999764,0.0,0.0,0.0
3.149999999999764,0.0,0.0,0.0
3.150999999999764,0.0,0.0,0.0
3.151999999999764,0.0,0.0,0.0
3.1529999999997638,0.0,0.0,0.0
3.1539999999997637,0.0,0.0,0.0
3.1549999999997635,0.0,0.0,0.0
3.1559999999997634,0.0,0.0,0.0
3.1569999999997633,0.0,0.0,0.0
3.157999999999763,0.0,0.0,0.0
3.158999999999763,0.0,0.0,0.0
3.159999999999763,0.0,0.0,0.0
3.160999999999763,0.0,0.0,0.0
3.161999999999763,0.0,0.0,0.0
3.1629999999997627,0.0,0.0,0.0
3.1639999999997626,0.0,0.0,0.0
3.1649999999997624,0.0,0.0,0.0
3.1659999999997623,0.0,0.0,0.0
3.1669999999997622,0.0,0.0,0.0
3.167999999999762,0.0,0.0,0.0
3.168999999999762,0.0,0.0,0.0
3.169999999999762,0.0,0.0,0.0
3.170999999999762,0.0,0.0,0.0
3.1719999999997617,0.0,0.0,0.0
3.1729999999997616,0.0,0.0,0.0
3.1739999999997615,0.0,0.0,0.0
3.1749999999997613,0.0,0.0,0.0
3.1759999999997612,0.0,0.0,0.0
3.176999999999761,0.0,0.0,0.0
3.177999999999761,0.0,0.0,0.0
3.178999999999761,0.0,0.0,0.0
3.179999999999761,0.0,0.0,0.0
3.1809999999997607,0.0,0.0,0.0
3.1819999999997606,0.0,0.0,0.0
3.1829999999997605,0.0,0.0,0.0
3.1839999999997604,0.0,0.0,0.0
3.1849999999997602,0.0,0.0,0.0
3.18599999999976,0.0,0.0,0.0
3.18699999999976,0.0,0.0,0.0
3.18799999999976,0.0,0.0,0.0
3.18899999999976,0.0,0.0,0.0
3.1899999999997597,0.0,0.0,0.0
3.1909999999997596,0.0,0.0,0.0
3.1919999999997595,0.0,0.0,0.0
3.1929999999997594,0.0,0.0,0.0
3.1939999999997593,0.0,0.0,0.0
3.194999999999759,0.0,0.0,0.0
3.195999999999759,0.0,0.0,0.0
3.196999999999759,0.0,0.0,0.0
3.197999999999759,0.0,0.0,0.0
3.1989999999997587,0.0,0.0,0.0
3.1999999999997586,0.0,0.0,0.0
3.2009999999997585,0.0,0.0,0.0
3.2019999999997584,0.0,0.0,0.0
3.2029999999997583,0.0,0.0,0.0
3.203999999999758,0.0,0.0,0.0
3.204999999999758,0.0,0.0,0.0
3.205999999999758,0.0,0.0,0.0
3.206999999999758,0.0,0.0,0.0
3.2079999999997577,0.0,0.0,0.0
3.2089999999997576,0.0,0.0,0.0
3.2099999999997575,0.0,0.0,0.0
3.2109999999997574,0.0,0.0,0.0
3.2119999999997573,0.0,0.0,0.0
3.212999999999757,0.0,0.0,0.0
3.213999999999757,0.0,0.0,0.0
3.214999999999757,0.0,0.0,0.0
3.215999999999757,0.0,0.0,0.0
3.2169999999997567,0.0,0.0,0.0
3.2179999999997566,0.0,0.0,0.0
3.2189999999997565,0.0,0.0,0.0
3.2199999999997564,0.0,0.0,0.0
3.2209999999997563,0.0,0.0,0.0
3.221999999999756,0.0,0.0,0.0
3.222999999999756,0.0,0.0,0.0
3.223999999999756,0.0,0.0,0.0
3.224999999999756,0.0,0.0,0.0
3.2259999999997557,0.0,0.0,0.0
3.2269999999997556,0.0,0.0,0.0
3.2279999999997555,0.0,0.0,0.0
3.2289999999997554,0.0,0.0,0.0
3.2299999999997553,0.0,0.0,0.0
3.230999999999755,0.0,0.0,0.0
3.231999999999755,0.0,0.0,0.0
3.232999999999755,0.0,0.0,0.0
3.233999999999755,0.0,0.0,0.0
3.2349999999997547,0.0,0.0,0.0
3.2359999999997546,0.0,0.0,0.0
3.2369999999997545,0.0,0.0,0.0
3.2379999999997544,0.0,0.0,0.0
3.2389999999997543,0.0,0.0,0.0
3.239999999999754,0.0,0.0,0.0
3.240999999999754,0.0,0.0,0.0
3.241999999999754,0.0,0.0,0.0
3.242999999999754,0.0,0.0,0.0
3.2439999999997537,0.0,0.0,0.0
3.2449999999997536,0.0,0.0,0.0
3.2459999999997535,0.0,0.0,0.0
3.2469999999997534,0.0,0.0,0.0
3.2479999999997533,0.0,0.0,0.0
3.248999999999753,0.0,0.0,0.0
3.249999999999753,0.0,0.0,0.0
3.250999999999753,0.0,0.0,0.0
3.251999999999753,0.0,0.0,0.0
3.2529999999997528,0.0,0.0,0.0
3.2539999999997526,0.0,0.0,0.0
3.2549999999997525,0.0,0.0,0.0
3.2559999999997524,0.0,0.0,0.0
3.2569999999997523,0.0,0.0,0.0
3.257999999999752,0.0,0.0,0.0
3.258999999999752,0.0,0.0,0.0
3.259999999999752,0.0,0.0,0.0
3.260999999999752,0.0,0.0,0.0
3.2619999999997518,0.0,0.0,0.0
3.2629999999997517,0.0,0.0,0.0
3.2639999999997515,0.0,0.0,0.0
3.2649999999997514,0.0,0.0,0.0
3.2659999999997513,0.0,0.0,0.0
3.266999999999751,0.0,0.0,0.0
3.267999999999751,0.0,0.0,0.0
3.268999999999751,0.0,0.0,0.0
3.269999999999751,0.0,0.0,0.0
3.2709999999997508,0.0,0.0,0.0
3.2719999999997507,0.0,0.0,0.0
3.2729999999997506,0.0,0.0,0.0
3.2739999999997504,0.0,0.0,0.0
3.2749999999997503,0.0,0.0,0.0
3.2759999999997502,0.0,0.0,0.0
3.27699999999975,0.0,0.0,0.0
3.27799999999975,0.044774426278157475,-1.004606841925416,0.02691526673492083
3.27899999999975,0.3559371103514707,-1.6729386213756094,0.02298459392938822
3.27999999999975,0.35621153615476364,-1.671659082809719,0.013130790553380168
3.2809999999997497,0.35699830763127127,-1.6707599658816221,0.0026010245694144192
3.2819999999997496,0.35904372760740977,-1.6817282146594061,0.0
3.2829999999997495,0.36185216244970225,-1.69485783903642,0.0
3.2839999999997493,0.36520096239319944,-1.7062710584792462,0.0
3.2849999999997492,0.36909579296210404,-1.7159246066263938,0.0
3.285999999999749,0.3735416881334696,-1.7237950388743104,0.0
3.286999999999749,0.37854301498296816,-1.7298777171733448,0.0
3.287999999999749,0.3841034400683059,-1.7341856145200252,0.0
3.288999999999749,0.390225898255233,-1.736747948337193,0.0
3.2899999999997487,0.39691256459540547,-1.7376086498202703,0.0
3.2909999999997486,0.40416482975629425,-1.7368246741310367,0.0
3.2919999999997485,0.4119832793954956,-1.734464154189537,0.0
3.2929999999997484,0.420367677756429,-1.7306043987588766,0.0
3.2939999999997482,0.42931695565604105,-1.7253297336864377,0.0
3.294999999999748,0.3544809299125332,-2.3475684250354387,0.0
3.295999999999748,0.36212750679946887,-2.355144385732414,0.0
3.296999999999748,0.3702760770349312,-2.3619897960406018,0.0
3.297999999999748,0.3789134142922512,-2.3682316078376093,0.0
3.2989999999997477,0.38802574398837597,-2.373988911033238,0.0
3.2999999999997476,0.39759894757310715,-2.379368877918127,0.0
3.3009999999997475,0.4076187819322703,-2.3844624739953373,0.0
3.3019999999997474,0.41807111377968614,-2.3893399305283536,0.0
3.3029999999997472,0.42894216888892117,-2.394045975314602,0.0
3.303999999999747,0.4402187959980336,-2.398594819792934,0.0
3.304999999999747,0.40013616442115146,-2.600712187641565,0.0
3.305999999999747,0.28618795016269283,-3.0181015963397,0.0
3.306999999999747,0.16713682598747268,-3.3625456161613188,0.0
3.3079999999997467,0.04291905828792658,-3.635300187450247,0.0
3.3089999999997466,-0.08650323717152925,-3.8351892035571886,0.0
3.3099999999997465,-0.1990704576106016,-3.8979590848980195,0.0
3.3109999999997464,0.0026571075485286033,0.00815762575592563,10.45594868645082
3.3119999999997463,1.3767047940609798,5.106551888252493,20.67002137399507
3.312999999999746,1.2264961515551263,4.312711320083071,20.670047531611132
3.313999999999746,1.077248985892364,3.6097062457364792,20.670073259725
3.314999999999746,0.9291023630042596,2.9909362640654606,20.670099182313983
3.315999999999746,0.7822749887744613,2.4532772012092288,20.67012583104432
3.3169999999997457,0.6370688322138051,1.9967822249674363,20.670153651130246
3.3179999999997456,0.49387232489128974,1.6243462821850052,20.670183006764823
3.3189999999997455,0.35316343429248026,1.3413307954858507,20.670214186210316
3.3199999999997454,0.21551254044898788,1.1551408003569854,20.670247406623517
3.3209999999997453,0.0815846414856159,1.0747429666543278,20.670282818674455
3.321999999999745,-0.04786001578755547,1.1101107850051042,20.670320511017405
3.322999999999745,-0.17196821447984886,1.2715834672270039,20.670360514659432
3.323999999999745,-0.2898006734152015,1.5691289172286895,20.670402807257126
3.324999999999745,-0.3573059319909799,1.8001958591207106,20.670447317375196
3.3259999999997447,-0.6958409464651101,2.0135782886428633,20.143503998865715
3.3269999999997446,-0.6891502277257733,1.9998579165984491,20.121163257636272
3.3279999999997445,-0.3956434739039788,2.0372641073633275,20.109704056992868
3.3289999999997444,-0.3911746993046241,2.023607178593293,20.08927287226188
3.3299999999997443,-0.38707545605368043,2.0097003427302838,20.06967441037678
3.330999999999744,-0.3833463894806957,1.995535789674677,20.050908849656476
3.331999999999744,-0.37998741627147614,1.9811066432937112,20.032975661048507
3.332999999999744,-0.3769976964276063,1.9664069505315926,20.015873617849767
3.333999999999744,-0.37437561235240335,1.9514316679156196,19.999600805970246
3.3349999999997437,-0.37211875505209296,1.9361766454707432,19.98415463462159
3.3359999999997436,-0.37022391737707766,1.9206386080946873,19.969531847376313
3.3369999999997435,-0.36868709417058476,1.9048151344611712,19.95572853347841
3.3379999999997434,-0.3675034891330897,1.888704633556853,19.94274013934789
3.3389999999997433,-0.36666752814691683,1.8723063189893154,19.930561480240293
3.339999999999743,-0.36617287875207627,1.8556201812290865,19.919186752002584
3.340999999999743,-0.36601247540522464,1.838646957973944,19.908609542897477
3.341999999999743,-0.3661785501090746,1.8213881028505252,19.89882284546554
3.342999999999743,-0.3666626679542863,1.8038457526882103,19.889819068418568
3.3439999999997427,-0.5994226240161389,2.1833529657457285,19.877416023093502
3.3449999999997426,-0.9398725863816189,3.038027581471923,19.89779066130358
3.3459999999997425,-0.3316712531541981,3.9117044738029563,20.671468258761674
3.3469999999997424,-0.3282367369876411,3.8943402835267307,20.671496399601704
3.3479999999997423,-0.3248180067030546,3.8771563646872664,20.671520832988072
3.348999999999742,-0.32141488651567585,3.8601518053508244,20.671541443717523
3.349999999999742,-0.3180271990852148,3.843325712219439,20.67155814423883
3.350999999999742,-0.3146547654504701,3.8266772104277607,20.671570874739963
3.351999999999742,-0.31129740498616343,3.810205443292489,20.671579602959703
3.3529999999997417,-0.30795493538792584,3.793909571997233,20.671584323741897
3.3539999999997416,-0.30462717268155615,3.7777887752395145,20.671585058357437
3.3549999999997415,-0.3013139312594575,3.761842248832977,20.671581853605744
3.3559999999997414,-0.2980150239399464,3.7460692052791273,20.671574780722324
3.3569999999997413,-0.29473026204690456,3.73046887330338,20.67156393410848
3.357999999999741,-0.2914594555127792,3.715040497375753,20.67154942991549
3.358999999999741,-0.28820241300091,3.699783337207009,20.6715314045032
3.359999999999741,-0.28495894204413474,3.684696667239109,20.67151001279703
3.360999999999741,-0.2817288492006895,3.6697797761215725,20.671485426562118
3.3619999999997408,-0.27851194022346704,3.655031966192837,20.671457832626135
3.3629999999997406,-0.27530802024094925,3.640452552955253,20.671427431066245
3.3639999999997405,-0.27211689394989946,3.62604086456156,20.671394433379657
3.3649999999997404,-0.2689383658161546,3.6117962413077294,20.67135906066384
3.3659999999997403,-0.2657722402821605,3.597718035140929,20.671321541814297
3.36699999999974,-0.2626183219790619,3.5838056091753288,20.671282111764917
3.36799999999974,-0.259476415942288,3.5700583372346273,20.671241009775063
3.36899999999974,-0.2563463278298599,3.556475603407648,20.671198477782603
3.36999999999974,-0.2532278641428718,3.543056801623152,20.67115475883618
3.3709999999997398,-0.25012083243898076,3.5298013352505677,20.671110095602202
3.3719999999997397,-0.24702504155118277,3.5167086167200523,20.67106472896611
3.3729999999997395,-0.24394030180029347,3.503778067167218,20.671018896728906
3.3739999999997394,-0.24086642519903023,3.4910091160969614,20.670972832399848
3.3749999999997393,-0.23780322565926326,3.4784012010767356,20.670926764094425
3.375999999999739,-0.23475051918789802,3.46595376744483,20.670880913527792
3.376999999999739,-0.23170812407607855,3.4536662680460495,20.670835495114737
3.377999999999739,-0.2286758610819959,3.441538162986035,20.67079071517003
3.378999999999739,-0.2256535536074864,3.429568919410599,20.670746771204552
3.3799999999997388,-0.2226410278634603,3.4177580112932446,20.67070385131842
3.3809999999997387,-0.21963811302805425,3.4061049192567907,20.670662133685333
3.3819999999997385,-0.21664464139500694,3.394609130402955,20.6706217861259
3.3829999999997384,-0.21366044851274069,3.383270138158423,20.67058296576107
3.3839999999997383,-0.21068537331461812,3.372087442137854,20.67054581874647
3.384999999999738,-0.20771925823706283,3.3610605480247386,20.670510480079344
3.385999999999738,-0.2047619493285282,3.350188967461463,20.670477073472213
3.386999999999738,-0.20181329634725387,3.3394722179496057,20.670445711290782
3.387999999999738,-0.19887315284979934,3.3289098227654677,20.670416494545567
3.3889999999997378,-0.19594137626651786,3.3185013108852672,20.67038951294255
3.3899999999997377,-0.1930178279663579,3.3082462169151086,20.670364844971584
3.3909999999997376,-0.19010237331006863,3.2981440810350477,20.6703425580425
3.3919999999997374,-0.1871948816939124,3.288194448944978,20.67032270866164
3.3929999999997373,-0.18429522657726238,3.278396871823361,20.6703053426321
3.3939999999997372,-0.18140328550026652,3.268750906283799,20.670290495287936
3.394999999999737,-0.1785189400901004,3.2592561143442254,20.67027819175417
3.395999999999737,-0.17564207605279591,3.2499120633995062,20.67026844722401
3.396999999999737,-0.17277258315263566,3.2407183261930186,20.670261267255597
3.397999999999737,-0.169910355177052,3.2316744807989153,20.670256648080308
3.3989999999997367,-0.1670552898919908,3.222780110604617,20.67025457692708
3.3999999999997366,-0.1642072889795969,3.2140348042976257,20.67025503234958
3.4009999999997365,-0.16136625796204385,3.2054381558534146,20.670257984563865
3.4019999999997363,-0.15853210611599877,3.1969897645287233,20.670263395788005
3.4029999999997362,-0.1557047463675758,3.188689234858032,20.670271220582748
3.403999999999736,-0.15288409517506807,3.1805361766498095,20.670281406198924
3.404999999999736,-0.15007007239974257,3.1725302049873676,20.67029389291615
3.405999999999736,-0.14726260115887158,3.1646709402349984,20.67030861438502
3.406999999999736,-0.14446160766651417,3.1569580080412436,20.670325497965827
3.4079999999997357,-0.14166702105883644,3.1493910393506894,20.67034446506045
3.4089999999997356,-0.13887877320853903,3.141969670416472,20.670365431445724
3.4099999999997355,-0.13609679852407197,3.1346935428158247,20.6703883075948
3.4109999999997354,-0.13332103373368298,3.1275623034707962,20.67041299900157
3.4119999999997352,-0.1305514176608984,3.1205756046711812,20.67043940649505
3.412999999999735,-0.12778789098569288,3.113733104101468,20.670467426548953
3.413999999999735,-0.125030395995156,3.1070344648737835,20.670496951589946
3.414999999999735,-0.12227887632303697,3.1004793555631234,20.67052787029752
3.415999999999735,-0.11953327668025382,3.0940674502492103,20.67056006790282
3.4169999999997347,-0.11679354257705489,3.087798428561778,20.670593426482206
3.4179999999997346,-0.11405962003677392,3.08167197573195,20.670627825247468
3.4189999999997345,-0.11133145530404381,3.075687782649443,20.670663140836652
3.4199999999997344,-0.10860899455034782,3.0698455459242555,20.670699247601718
3.4209999999997343,-0.10589218356972704,3.0641449679566977,20.67073601789588
3.421999999999734,-0.1031809674769688,3.0585857570115524,20.670773322362745
3.422999999999734,-0.1004752904076888,3.053167627299607,20.670811030227206
3.423999999999734,-0.09777509521315356,3.047890299066425,20.670849009589894
3.424999999999734,-0.09508032316096805,3.0427534986875506,20.670887127727163
3.4259999999997337,-0.0923909136398726,3.0377569587712903,20.670925251397982
3.4269999999997336,-0.08970680387111311,3.0329004182690236,20.670963247157147
3.4279999999997335,-0.08702792862575354,3.028183622593767,20.67100098168224
3.4289999999997334,-0.08435421995251835,3.0236063237453443,20.6710383221088
3.4299999999997333,-0.0816856069159056,3.019168280445538,20.67107513638382
3.430999999999733,-0.07902201534787126,3.0148692582805987,20.67111129363609
3.431999999999733,-0.0763633676130363,3.0107090298526975,20.671146664562297
3.432999999999733,-0.07370958238910748,3.0066873749411656,20.67118112183745
3.433999999999733,-0.07106057446507179,3.0028040806715284,20.671214540551652
3.4349999999997327,-0.06841625455840857,2.9990589416956452,20.671246798673707
3.4359999999997326,-0.06577652914935375,2.9954517603811963,20.671277777544177
3.4369999999997325,-0.06314130033935901,2.9919823470109983,20.671307362406267
3.4379999999997324,-0.060510465728903284,2.988650519993585,20.6713354429714
3.4389999999997323,-0.057883918317003236,2.9854561060849463,20.671361914026345
3.439999999999732,-0.055261546428113206,2.9823989406214224,20.671386676089668
3.440999999999732,-0.052643233657903465,2.979478867762367,20.671409636112458
3.441999999999732,-0.05002885884510988,2.976695740754735,20.67143070823573
3.442999999999732,-0.04741829606882675,2.9740494221931897,20.67144981459849
3.4439999999997317,-0.0448114146691978,2.971539784311375,20.671466886214194
3.4449999999997316,-0.04220807929380044,2.9691667092848775,20.671481863909857
3.4459999999997315,-0.03960814996617046,2.9669300895291997,20.671494699326672
3.4469999999997314,-0.0370114821810148,2.964829828053979,20.671505356001298
3.4479999999997313,-0.03441792702597013,2.962865838779898,20.671513810515776
3.448999999999731,-0.03182733131779969,2.9610380469345436,20.671520053730376
3.449999999999731,-0.029239537776447833,2.9593463894027963,20.671524092089218
3.450999999999731,-0.026654385208530584,2.957790815153132,20.671525949016505
3.451999999999731,-0.024071708724022756,2.956371285654626,20.671525666387634
3.4529999999997307,-0.02149133996749697,2.955087775293748,20.671523306086016
3.4539999999997306,-0.018913107386197225,2.953940271886836,20.67151895164267
3.4549999999997305,-0.01633683649561135,2.9529287771246686,20.671512709950694
3.4559999999997304,-0.013762350205524854,2.9520533070980264,20.67150471305946
3.4569999999997303,-0.011189469132204977,2.9513138928305125,20.671495120031253
3.45799999999973,-0.008618011955604743,2.950710580860914,20.671484118868836
3.45899999999973,-0.006047795808626688,2.9502434337755403,20.671471928481314
3.45999999999973,-0.0034786366732078022,2.9499125308623206,20.67145880069772
3.46099999999973,-0.0009250662556041789,2.9497166501550964,20.671439287476975
3.4619999999997297,0.0016269533057311492,2.9496577393256302,20.67141930795831
3.4629999999997296,0.004223228348564589,2.949738886559203,20.671416685568424
3.4639999999997295,0.006848139877092763,2.949957048119927,20.67142494202408
3.4649999999997294,0.009471411597132828,2.950309684743047,20.671432527862308
3.4659999999997293,0.01209318912924573,2.9507969864703796,20.6714397738572
3.466999999999729,0.014713614805259567,2.951419130155614,20.671446959822024
3.467999999999729,0.017332828575945314,2.952176280847425,20.671454318595295
3.468999999999729,0.01995096886776082,2.953068593168325,20.671462039919792
3.469999999999729,0.02256817335910455,2.954096212573745,20.671470274182973
3.4709999999997287,0.02518457969404153,2.9552592765613213,20.671479136012284
3.4719999999997286,0.027800326122815022,2.956557915801042,20.671488707704405
3.4729999999997285,0.030415552078011387,2.9579922552299927,20.67149904248057
3.4739999999997284,0.03303039866977997,2.9595624150354922,20.671510167563298
3.4749999999997283,0.03564500912739277,2.9612685116142075,20.671522087071175
3.475999999999728,0.03825952916554343,2.9631106584773477,20.67153478473019
3.476999999999728,0.0408741072869816,2.965088967075303,20.671548226398123
3.477999999999728,0.043488895028417573,2.967203547592675,20.67156236241696
3.478999999999728,0.04610404713901062,2.9694545096896263,20.67157712978204
3.4799999999997278,0.04871972170656136,2.971841963187785,20.67159245414456
3.4809999999997276,0.05133608023118086,2.9743660187277214,20.67160825165356
3.4819999999997275,0.05395328764086571,2.9770267883661745,20.671624430633983
3.4829999999997274,0.056571512267510116,2.9798243861474134,20.67164089312189
3.4839999999997273,0.059190925775112646,2.982758928632279,20.671657536257058
3.484999999999727,0.06181170304546413,2.9858305353934043,20.67167425354234
3.485999999999727,0.0644340220325148,2.9890393294696196,20.671690935979015
3.486999999999727,0.06705806357979327,2.9923854378020565,20.671707473089334
3.487999999999727,0.06968401120911949,2.9958689916213075,20.67172375382544
3.4889999999997268,0.0723120508852162,2.999490126820888,20.671739667383346
3.4899999999997267,0.07494237075803767,3.0032489843030703,20.671755103927026
3.4909999999997265,0.07757516088713601,3.007145710289649,20.671769955224683
3.4919999999997264,0.0802106129533513,3.0111804566136584,20.67178411521013
3.4929999999997263,0.08284891995828048,3.0153533809919395,20.671797480476922
3.493999999999726,0.08549027591445224,3.019664647268712,20.671809950709257
3.494999999999726,0.08813487553942423,3.0241144256449957,20.671821429052272
3.495999999999726,0.09078291394038729,3.0287028928843824,20.671831822440012
3.496999999999726,0.09343458630672785,3.0334302325043154,20.67184104187276
3.4979999999997258,0.09609008760531879,3.038296634945368,20.67184900265854
3.4989999999997257,0.09874961228479151,3.0433022977296673,20.671855624618452
3.4999999999997256,0.10141335398753881,3.048447425601921,20.67186083226045
3.5009999999997254,0.10408150527712223,3.053732230654532,20.67186455493447
3.5019999999997253,0.10675425737835553,3.059156932441681,20.671866726955642
3.5029999999997252,0.10943179993100216,3.0647217580799975,20.6718672877183
3.503999999999725,0.11211432076487426,3.0704269423393953,20.671866181789014
3.504999999999725,0.11480200568843202,3.0762727277185604,20.671863358987654
3.505999999999725,0.11749503830122876,3.0822593645159486,20.67185877446353
3.506999999999725,0.12019359982340916,3.0883871108874246,20.67185238875637
3.5079999999997247,0.12289786894464783,3.0946562328983873,20.67184416785891
3.5089999999997246,0.12560802169849694,3.1010670045640154,20.67183408327283
3.5099999999997245,0.12832423135350268,3.1076197078868972,20.67182211205848
3.5109999999997243,0.13104666832464318,3.114314632886476,20.671808236890172
3.5119999999997242,0.13377550010829964,3.121152077619854,20.671792446109283
3.512999999999724,0.1365108912363553,3.128132348200211,20.67177473377465
3.513999999999724,0.13925300324567047,3.1352557588119225,20.671755099718148
3.514999999999724,0.1420019946713751,3.142522631715792,20.671733549603285
3.515999999999724,0.14475802105562252,3.1499332972562115,20.67171009497948
3.5169999999997237,0.14752123497208913,3.1574880938633214,20.671684753345648
3.5179999999997236,0.1502917860675268,3.1651873680478957,20.671657548212735
3.5189999999997235,0.15306982111718526,3.173031474400318,20.6716285091665
3.5199999999997234,0.1558554840934221,3.181020775584898,20.671597671933952
3.5209999999997232,0.15864891624721622,3.189155642328842,20.671565078448225
3.521999999999723,0.16145025619937314,3.197436453414639,20.67153077691314
3.522999999999723,0.16425964004159255,3.205863595666983,20.6714948218699
3.523999999999723,0.16707720144688665,3.214437463942204,20.671457274257566
3.524999999999723,0.16990307178488706,3.223158461109051,20.671418201467652
3.5259999999997227,0.17273738024445606,3.232026998039373,20.671377677399697
3.5269999999997226,0.17558025396104426,3.241043493585039,20.67133578250563
3.5279999999997225,0.17843181814581044,3.2502083745680466,20.671292603823332
3.5289999999997224,0.18129219621906145,3.2595220757482366,20.67124823500427
3.5299999999997222,0.18416150994363534,3.2689850398151066,20.67120277632159
3.530999999999722,0.1870398795580286,3.278597717352568,20.671156334667486
3.531999999999722,0.18992742391097295,3.2883605668230302,20.671109023531763
3.532999999999722,0.1928242605927153,3.298274054530566,20.671060962951803
3.533999999999722,0.19573050606470588,3.308338654592717,20.671012279450764
3.5349999999997217,0.19864627578542127,3.318554848907752,20.670963105938963
3.5359999999997216,0.2015716843339419,3.328923127106691,20.670913581587964
3.5369999999997215,0.20450684553034648,3.3394439865178356,20.67086385167167
3.5379999999997214,0.20745187254827613,3.3501179321119707,20.670814067365924
3.5389999999997213,0.21040687802604907,3.36094547644484,20.670764385515444
3.539999999999721,0.21337197417220466,3.3719271395973465,20.67071496834908
3.540999999999721,0.21634727286291877,3.3830634491052933,20.67066598314559
3.541999999999721,0.2193328857386092,3.394354939872983,20.670617601857693
3.542999999999721,0.22232892429305195,3.405802154091589,20.670570000671354
3.5439999999997207,0.22533549995414148,3.417405641137748,20.670523359509243
3.5449999999997206,0.22835272416524788,3.4291659574601,20.67047786147268
3.5459999999997205,0.23138070845867276,3.441083666463328,20.67043369222182
3.5469999999997204,0.23441956452137447,3.4531593383649124,20.67039103928334
3.5479999999997203,0.2374694042631944,3.4653935500584794,20.67035009129223
3.54899999999972,0.24053033987335937,3.477786884939178,20.67031103716241
3.54999999999972,0.2436024838763018,3.4903399327365605,20.670274065184216
3.55099999999972,0.24668594918661313,3.503053289318359,20.670239362053284
3.55199999999972,0.24978084915483123,3.5159275564823247,20.670207111821426
3.5529999999997197,0.2528872976153309,3.5289633417371533,20.670177494783978
3.5539999999997196,0.25600540892861545,3.54216125806488,20.670150686298022
3.5549999999997195,0.25913529802322444,3.5555219236644007,20.670126855536985
3.5559999999997194,0.26227708043479936,3.5690459616885164,20.670106164185874
3.5569999999997193,0.26543087234443874,3.5827339999582364,20.67008876508629
3.557999999999719,0.2685967906163853,3.5965866706746965,20.67007480084085
3.558999999999719,0.27177495283098096,3.610604610108794,20.67006440237346
3.559999999999719,0.2749654773219703,3.6247884582930965,20.670057687476984
3.560999999999719,0.27816848321066345,3.6391388586939684,20.670054759343934
3.5619999999997187,0.28138409043788215,3.653656457893362,20.670055705102286
3.5629999999997186,0.28461241979928786,3.6683419052549198,20.67006059437092
3.5639999999997185,0.2878535929773207,3.683195852597578,20.670069477846475
3.5649999999997184,0.29110773257295364,3.6982189538819057,20.670082385952757
3.5659999999997183,0.2943749621380789,3.7134118648901904,20.67009932755746
3.566999999999718,0.2976554062047754,3.7287752429311922,20.670120288784947
3.567999999999718,0.3009491903171977,3.7443097465620667,20.670145231948684
3.568999999999718,0.3042564410569639,3.7600160353302954,20.6701740946161
3.569999999999718,0.3075772860713002,3.7758947695443794,20.670206788838982
3.5709999999997177,0.3109118540995084,3.7919466100844375,20.670243200559938
3.5719999999997176,0.31426027499338716,3.808172218240202,20.67028318922523
3.5729999999997175,0.3176226797392161,3.8245722556083592,20.670326587620387
3.5739999999997174,0.32099920047672725,3.841147384030137,20.67037320194416
3.5749999999997173,0.32438997051356466,3.8578982655863,20.67042281214453
3.575999999999717,0.32779512434005653,3.8748255626555874,20.67047517252256
3.576999999999717,0.3312147976401931,3.8919299380389702,20.670530012624447
3.577999999999717,-0.31358390760646687,3.0927597763728807,19.862666399084834
3.578999999999717,-0.12345127565103944,2.2343806031292632,19.84187756833732
3.5799999999997167,0.04369073987417637,1.8347780311058353,19.856353283345292
3.5809999999997166,0.04688902072236967,1.8523348949689091,19.86605179393524
3.5819999999997165,0.049624091933208214,1.8695988750023185,19.87643408493701
3.5829999999997164,0.05188630743794426,1.8865688520477983,19.88750772566394
3.5839999999997163,0.05366700152569871,1.903244402814202,19.899280048157998
3.584999999999716,0.054958529860079125,1.9196258288843597,19.911758141835804
3.585999999999716,0.055754303754345216,1.9357141845270902,19.924948846535546
3.586999999999716,0.05604881713814709,1.9515113031123623,19.938858743890684
3.587999999999716,0.055837665710980436,1.96701982194267,19.953494146957233
3.5889999999997158,0.0551175578511409,1.9822432053353785,19.96886108806187
3.5899999999997156,0.05388631691783841,1.9971857658108196,19.98496530485637
3.5909999999997155,0.05214287466660872,2.0118526832697348,20.001812224601714
3.5919999999997154,0.049887255582305154,2.026250022061418,20.019406946721592
3.5929999999997153,0.0471205520112116,2.040384745876245,20.03775422369477
3.593999999999715,0.04384489005542735,2.0542647304190185,20.056858440392155
3.594999999999715,-0.2536981278947221,2.0583408180995106,20.06571997812211
3.595999999999715,-0.2595180761803538,2.0733063167580896,20.086580071614474
3.596999999999715,-0.2658965240526809,2.0880817966504757,20.108216133115327
3.5979999999997148,0.074783957257474,1.9257256812573906,20.671623834398165
3.5989999999997146,0.07801937712614623,1.9824599375326026,20.671643654638753
3.5999999999997145,0.11311491728891977,1.9566891721340003,20.671658733520655
3.6009999999997144,0.2219235129608001,1.872321119654321,20.67166905834848
3.6019999999997143,0.35140542869405594,1.9165231625494328,20.6716746696047
3.602999999999714,0.4994207766449063,2.0782201250171983,20.67167566341501
3.603999999999714,0.6639892421816012,2.346884139282545,20.67167219384075
3.604999999999714,0.8433581783536443,2.71310537663258,20.671664475020556
3.605999999999714,1.0360577449891977,3.1690752973802585,20.67165278319341
3.6069999999997138,1.2409465155215726,3.7090000421453286,20.671637458636695
3.6079999999997137,1.4572503240830126,4.329459948772286,20.671618907566284
3.6089999999997135,1.6845962543186896,5.029727522430747,20.671597604048234
3.6099999999997134,1.9230426970032617,5.812051342030312,20.671574091978798
3.6109999999997133,2.1299323959139738,6.584906743204158,20.671522153182348
3.611999999999713,-0.002895091101427355,-0.00766464745708222,10.392682174435269
3.612999999999713,-1.3062243109370122,-5.533863463786389,0.0
3.613999999999713,-1.1186418682755166,-5.27043237409275,0.0
3.614999999999713,-0.9277763162668597,-4.932533845394797,0.0
3.6159999999997128,-0.7342494726279991,-4.5251497751186935,0.0
3.6169999999997127,-0.5382933480304707,-4.0503247737206305,0.0
3.6179999999997126,-0.3398278340076354,-3.507690132685557,0.0
3.6189999999997124,-0.13853787277049517,-2.8949937251861693,0.0
3.6199999999997123,-0.023832402431557126,-2.5106053714420398,0.0
3.6209999999997122,-0.026358676984404646,-2.5026219853169405,0.0
3.621999999999712,-0.02857078367672524,-2.4945864910248416,0.0
3.622999999999712,-0.030452849441635017,-2.486459740385598,0.0
3.623999999999712,-0.03198574766703959,-2.4781780781464677,0.0
3.624999999999712,-0.03314792961944623,-2.4696582775898657,0.0
3.6259999999997117,-0.03391621817360603,-2.4608022612230878,0.0
3.6269999999997116,-0.03426656286889759,-2.4515016028662844,0.0
3.6279999999997115,0.1644322586483896,-1.8149131335476185,0.0
3.6289999999997113,0.16011469032070502,-1.8194084658424052,0.0
3.6299999999997112,0.1563856855046178,-1.8227204353172324,0.0
3.630999999999711,0.1532544749574297,-1.8247715237315734,0.0
3.631999999999711,0.150728705295233,-1.8254914171285617,0.0
3.632999999999711,0.14881417065634067,-1.8248195275243475,0.0
3.633999999999711,0.14751457029967752,-1.8227073225381412,0.0
3.6349999999997107,0.14683129267202058,-1.8191204594707007,0.0
3.6359999999997106,0.14676322652158424,-1.8140407191124384,0.0
3.6369999999997105,0.14730659969717913,-1.8074677331253812,0.0
3.6379999999997104,0.14845484632756215,-1.7994204973992984,0.0
3.6389999999997102,0.1501985031283593,-1.7899386623195999,0.0
3.63999999999971,0.15252513562364284,-1.7790835894992547,0.0
3.64099999999971,0.15541929508606464,-1.7669391633670055,0.0
3.64199999999971,0.15886250699195203,-1.7536123451239984,0.0
3.64299999999971,0.1628332917425396,-1.7392334560932647,0.0
3.6439999999997097,0.16706566317478413,-1.7279584113184216,0.002202038019575275
3.6449999999997096,-0.03432411353013082,-1.05273021972045,0.005197922866657405
3.6459999999997095,0.0,0.0,0.0
3.6469999999997094,0.0,0.0,0.0
3.6479999999997093,0.0,0.0,0.0
3.648999999999709,0.0,0.0,0.0
3.649999999999709,0.0,0.0,0.0
3.650999999999709,0.0,0.0,0.0
3.651999999999709,0.0,0.0,0.0
3.6529999999997087,0.0,0.0,0.0
3.6539999999997086,0.0,0.0,0.0
3.6549999999997085,0.0,0.0,0.0
3.6559999999997084,0.0,0.0,0.0
3.6569999999997083,0.0,0.0,0.0
3.657999999999708,0.0,0.0,0.0
3.658999999999708,0.0,0.0,0.0
3.659999999999708,0.0,0.0,0.0
3.660999999999708,0.0,0.0,0.0
3.6619999999997077,0.0,0.0,0.0
3.6629999999997076,0.0,0.0,0.0
3.6639999999997075,0.0,0.0,0.0
3.6649999999997074,0.0,0.0,0.0
3.6659999999997073,0.0,0.0,0.0
3.666999999999707,0.0,0.0,0.0
3.667999999999707,0.0,0.0,0.0
3.668999999999707,0.0,0.0,0.0
3.669999999999707,0.0,0.0,0.0
3.6709999999997067,0.0,0.0,0.0
3.6719999999997066,0.0,0.0,0.0
3.6729999999997065,0.0,0.0,0.0
3.6739999999997064,0.0,0.0,0.0
3.6749999999997063,0.0,0.0,0.0
3.675999999999706,0.0,0.0,0.0
3.676999999999706,0.0,0.0,0.0
3.677999999999706,0.0,0.0,0.0
3.678999999999706,0.0,0.0,0.0
3.6799999999997057,0.0,0.0,0.0
3.6809999999997056,0.0,0.0,0.0
3.6819999999997055,0.0,0.0,0.0
3.6829999999997054,0.0,0.0,0.0
3.6839999999997053,0.0,0.0,0.0
3.684999999999705,0.0,0.0,0.0
3.685999999999705,0.0,0.0,0.0
3.686999999999705,0.0,0.0,0.0
3.687999999999705,0.0,0.0,0.0
3.6889999999997047,0.0,0.0,0.0
3.6899999999997046,0.0,0.0,0.0
3.6909999999997045,0.0,0.0,0.0
3.6919999999997044,0.0,0.0,0.0
3.6929999999997043,0.0,0.0,0.0
3.693999999999704,0.0,0.0,0.0
3.694999999999704,0.0,0.0,0.0
3.695999999999704,0.0,0.0,0.0
3.696999999999704,0.0,0.0,0.0
3.6979999999997037,0.0,0.0,0.0
3.6989999999997036,0.0,0.0,0.0
3.6999999999997035,0.0,0.0,0.0
3.7009999999997034,0.0,0.0,0.0
3.7019999999997033,0.0,0.0,0.0
3.702999999999703,0.0,0.0,0.0
3.703999999999703,0.0,0.0,0.0
3.704999999999703,0.0,0.0,0.0
3.705999999999703,0.0,0.0,0.0
3.7069999999997028,0.0,0.0,0.0
3.7079999999997026,0.0,0.0,0.0
3.7089999999997025,0.0,0.0,0.0
3.7099999999997024,0.0,0.0,0.0
3.7109999999997023,0.0,0.0,0.0
3.711999999999702,0.0,0.0,0.0
3.712999999999702,0.0,0.0,0.0
3.713999999999702,0.0,0.0,0.0
3.714999999999702,0.0,0.0,0.0
3.7159999999997018,0.0,0.0,0.0
3.7169999999997017,0.0,0.0,0.0
3.7179999999997015,0.0,0.0,0.0
3.7189999999997014,0.0,0.0,0.0
3.7199999999997013,0.0,0.0,0.0
3.720999999999701,0.0,0.0,0.0
3.721999999999701,0.0,0.0,0.0
3.722999999999701,0.0,0.0,0.0
3.723999999999701,0.0,0.0,0.0
3.7249999999997008,0.0,0.0,0.0
3.7259999999997007,0.0,0.0,0.0
3.7269999999997006,0.0,0.0,0.0
3.7279999999997004,0.0,0.0,0.0
3.7289999999997003,0.0,0.0,0.0
3.7299999999997,0.0,0.0,0.0
3.7309999999997,0.0,0.0,0.0
3.7319999999997,0.0,0.0,0.0
3.7329999999997,0.0,0.0,0.0
3.7339999999997,0.0,0.0,0.0
3.7349999999996997,0.0,0.0,0.0
3.7359999999996996,0.0,0.0,0.0
3.7369999999996995,0.0,0.0,0.0
3.7379999999996993,0.0,0.0,0.0
3.7389999999996992,0.0,0.0,0.0
3.739999999999699,0.0,0.0,0.0
3.740999999999699,0.0,0.0,0.0
3.741999999999699,0.0,0.0,0.0
3.742999999999699,0.0,0.0,0.0
3.7439999999996987,0.0,0.0,0.0
3.7449999999996986,0.0,0.0,0.0
3.7459999999996985,0.0,0.0,0.0
3.7469999999996983,0.0,0.0,0.0
3.7479999999996982,0.0,0.0,0.0
3.748999999999698,0.0,0.0,0.0
3.749999999999698,0.0,0.0,0.0
3.750999999999698,0.0,0.0,0.0
3.751999999999698,0.0,0.0,0.0
3.7529999999996977,0.0,0.0,0.0
3.7539999999996976,0.0,0.0,0.0
3.7549999999996975,0.0,0.0,0.0
3.7559999999996974,0.0,0.0,0.0
3.7569999999996972,0.0,0.0,0.0
3.757999999999697,0.0,0.0,0.0
3.758999999999697,0.0,0.0,0.0
3.759999999999697,0.0,0.0,0.0
3.760999999999697,0.0,0.0,0.0
3.7619999999996967,0.0,0.0,0.0
3.7629999999996966,0.0,0.0,0.0
3.7639999999996965,0.0,0.0,0.0
3.7649999999996964,0.0,0.0,0.0
3.7659999999996963,0.0,0.0,0.0
3.766999999999696,0.0,0.0,0.0
3.767999999999696,0.0,0.0,0.0
3.768999999999696,0.0,0.0,0.0
3.769999999999696,0.0,0.0,0.0
3.7709999999996957,0.0,0.0,0.0
3.7719999999996956,0.0,0.0,0.0
3.7729999999996955,0.0,0.0,0.0
3.7739999999996954,0.0,0.0,0.0
3.7749999999996953,0.0,0.0,0.0
3.775999999999695,0.0,0.0,0.0
3.776999999999695,0.0,0.0,0.0
3.777999999999695,0.0,0.0,0.0
3.778999999999695,0.0,0.0,0.0
3.7799999999996947,0.0,0.0,0.0
3.7809999999996946,0.0,0.0,0.0
3.7819999999996945,0.0,0.0,0.0
3.7829999999996944,0.0,0.0,0.0
3.7839999999996943,0.0,0.0,0.0
3.784999999999694,0.0,0.0,0.0
3.785999999999694,0.0,0.0,0.0
3.786999999999694,0.0,0.0,0.0
3.787999999999694,0.0,0.0,0.0
3.7889999999996937,0.0,0.0,0.0
3.7899999999996936,0.0,0.0,0.0
3.7909999999996935,0.0,0.0,0.0
3.7919999999996934,0.0,0.0,0.0
3.7929999999996933,0.0,0.0,0.0
3.793999999999693,0.0,0.0,0.0
3.794999999999693,0.0,0.0,0.0
3.795999999999693,0.0,0.0,0.0
3.796999999999693,0.0,0.0,0.0
3.7979999999996927,0.0,0.0,0.0
3.7989999999996926,0.0,0.0,0.0
3.7999999999996925,0.0,0.0,0.0
3.8009999999996924,0.0,0.0,0.0
3.8019999999996923,0.0,0.0,0.0
3.802999999999692,0.0,0.0,0.0
3.803999999999692,0.0,0.0,0.0
3.804999999999692,0.0,0.0,0.0
3.805999999999692,0.0,0.0,0.0
3.8069999999996917,0.0,0.0,0.0
3.8079999999996916,0.0,0.0,0.0
3.8089999999996915,0.0,0.0,0.0
3.8099999999996914,0.0,0.0,0.0
3.8109999999996913,0.0,0.0,0.0
3.811999999999691,0.0,0.0,0.0
3.812999999999691,0.0,0.0,0.0
3.813999999999691,0.0,0.0,0.0
3.814999999999691,0.0,0.0,0.0
3.8159999999996908,0.0,0.0,0.0
3.8169999999996906,0.0,0.0,0.0
3.8179999999996905,0.0,0.0,0.0
3.8189999999996904,0.0,0.0,0.0
3.8199999999996903,0.0,0.0,0.0
3.82099999999969,0.0,0.0,0.0
3.82199999999969,0.0,0.0,0.0
3.82299999999969,0.0,0.0,0.0
3.82399999999969,0.0,0.0,0.0
3.8249999999996898,0.0,0.0,0.0
3.8259999999996896,0.0,0.0,0.0
3.8269999999996895,0.0,0.0,0.0
3.8279999999996894,0.0,0.0,0.0
3.8289999999996893,0.0,0.0,0.0
3.829999999999689,0.0,0.0,0.0
3.830999999999689,0.0,0.0,0.0
3.831999999999689,0.0,0.0,0.0
3.832999999999689,0.0,0.0,0.0
3.8339999999996888,0.0,0.0,0.0
3.8349999999996887,0.0,0.0,0.0
3.8359999999996885,0.0,0.0,0.0
3.8369999999996884,0.0,0.0,0.0
3.8379999999996883,0.0,0.0,0.0
3.838999999999688,0.0,0.0,0.0
3.839999999999688,0.0,0.0,0.0
3.840999999999688,0.0,0.0,0.0
3.841999999999688,0.0,0.0,0.0
3.8429999999996878,0.0,0.0,0.0
3.8439999999996877,0.0,0.0,0.0
3.8449999999996876,0.0,0.0,0.0
3.8459999999996874,0.0,0.0,0.0
3.8469999999996873,0.0,0.0,0.0
3.8479999999996872,0.0,0.0,0.0
3.848999999999687,0.0,0.0,0.0
3.849999999999687,0.0,0.0,0.0
3.850999999999687,0.0,0.0,0.0
3.851999999999687,0.0,0.0,0.0
3.8529999999996867,0.0,0.0,0.0
3.8539999999996866,0.0,0.0,0.0
3.8549999999996865,0.0,0.0,0.0
3.8559999999996863,0.0,0.0,0.0
3.8569999999996862,0.0,0.0,0.0
3.857999999999686,0.0,0.0,0.0
3.858999999999686,0.0,0.0,0.0
3.859999999999686,0.0,0.0,0.0
3.860999999999686,0.0,0.0,0.0
3.8619999999996857,0.0,0.0,0.0
3.8629999999996856,0.0,0.0,0.0
3.8639999999996855,0.0,0.0,0.0
3.8649999999996854,0.0,0.0,0.0
3.8659999999996852,0.0,0.0,0.0
3.866999999999685,0.0,0.0,0.0
3.867999999999685,0.0,0.0,0.0
3.868999999999685,0.0,0.0,0.0
3.869999999999685,0.0,0.0,0.0
3.8709999999996847,0.0,0.0,0.0
3.8719999999996846,0.0,0.0,0.0
3.8729999999996845,0.0,0.0,0.0
3.8739999999996844,0.0,0.0,0.0
3.8749999999996843,0.0,0.0,0.0
3.875999999999684,0.0,0.0,0.0
3.876999999999684,0.0,0.0,0.0
3.877999999999684,0.0,0.0,0.0
3.878999999999684,0.0,0.0,0.0
3.8799999999996837,0.04477751680199162,-1.0046060337039269,0.02691708957983051
3.8809999999996836,0.3559413067778584,-1.6729361641539537,0.0229864094500296
3.8819999999996835,0.35621574010936796,-1.6716566236355639,0.01313261358572836
3.8829999999996834,0.3570025192519358,-1.6707575048938401,0.00260285349634225
3.8839999999996833,0.35904848299125436,-1.6817229483426712,0.0
3.884999999999683,0.3618578894901745,-1.6948523021389463,0.0
3.885999999999683,0.3652077190389602,-1.706265211384415,0.0
3.886999999999683,0.3691036373036301,-1.7159184092500948,0.0
3.887999999999683,0.3735506783941261,-1.723788450746785,0.0
3.8889999999996827,0.378553209514019,-1.7298706975074416,0.0
3.8899999999996826,0.384114897344761,-1.7341781222772972,0.0
3.8909999999996825,0.39023867687343045,-1.736739942293595,0.0
3.8919999999996824,0.3969267232711794,-1.7376000886245018,0.0
3.8929999999996823,0.40418042732211745,-1.736815516364183,0.0
3.893999999999682,0.4120003747963471,-1.7344543584218033,0.0
3.894999999999682,0.42038633004385195,-1.7305939236051362,0.0
3.895999999999682,0.4293372239784195,-1.7253185378619922,0.0
3.896999999999682,0.35450485480491967,-2.3475516106575385,0.0
3.8979999999996817,0.36215337137602316,-2.3551264560570067,0.0
3.8989999999996816,0.37030394732075,-2.361970698750233,0.0
3.8999999999996815,0.37894335624808756,-2.368211291127845,0.0
3.9009999999996814,0.38805782347985873,-2.3739673236725283,0.0
3.9019999999996813,0.3976332303364788,-2.3793459693042904,0.0
3.902999999999681,0.40765533353515515,-2.384438194208607,0.0
3.903999999999681,0.41810999957717654,-2.3893142303800614,0.0
3.904999999999681,0.42898345397647675,-2.3940188063894503,0.0
3.905999999999681,0.44026254516009117,-2.3985661344872398,0.0
3.9069999999996807,0.40024489255252116,-2.6006262691456605,0.0
3.9079999999996806,0.28643852197632474,-3.017927803901609,0.0
3.9089999999996805,0.1675347626753307,-3.3622795497270626,0.0
3.9099999999996804,0.04346975093317404,-3.6349377015212028,0.0
3.9109999999996803,-0.08579450315590958,-3.8347263650383017,0.0
3.91199999999968,-0.19822971118471716,-3.897411989968127,0.0
3.91299999999968,0.0026568097879445807,0.008157612018130018,10.455948197155458
3.91399999999968,1.3745932872722233,5.105199110880623,20.67002137408912
3.91499999999968,1.2245589504293681,4.311470121021639,20.670047531734646
3.9159999999996797,1.0754844924981877,3.6085767106032556,20.670073259874062
3.9169999999996796,0.9275086940207719,2.989918188982873,20.670099182485547
3.9179999999996795,0.7808500094037923,2.452370140651043,20.670125831235538
3.9189999999996794,0.6358101753498239,1.9959855096443295,20.670153651337394
3.9199999999996793,0.49277739544930743,1.623659006984342,20.67018300698449
3.920999999999679,0.352229398019069,1.340751776938646,20.670214186441896
3.921999999999679,0.214736296526296,1.1546685028922994,20.670247406864235
3.922999999999679,0.0809627781414151,1.0743753978991455,20.67028281892239
3.923999999999679,-0.04833128279407865,1.1098453620342967,20.67032051127167
3.9249999999996787,-0.1722931197178862,1.2714168585630992,20.670360514918002
3.9259999999996786,-0.2899839938293316,1.5690568696198013,20.670402807518578
3.9269999999996785,-0.357395451490561,1.8001413106755613,20.670447317638697
3.9279999999996784,-0.6958473776549988,2.0135759164879294,20.1435022416729
3.9289999999996783,-0.6891566468858595,1.9998555519697012,20.121161470520917
3.929999999999678,-0.3956496111067359,2.037264093405639,20.109702695115434
3.930999999999678,-0.391180826197823,2.0236071657779227,20.089271486077944
3.931999999999678,-0.3870815722311135,2.0097003313552557,20.06967300299504
3.932999999999678,-0.3833524945624648,1.995535780029795,20.050907424101418
3.9339999999996778,-0.3799935099036451,1.981106635661558,20.032974220266237
3.9349999999996776,-0.3770037782811389,1.966406945186935,20.01587216470625
3.9359999999996775,-0.3743816821235611,1.951431665123716,19.99959934324619
3.9369999999996774,-0.37212481246229634,1.9361766454879663,19.984153165017382
3.9379999999996773,-0.3702299621725596,1.9206386111685325,19.969530373508995
3.938999999999677,-0.3686931261219318,1.9048151408289664,19.9557270578789
3.939999999999677,-0.3675095080351874,1.8887046434451986,19.94273866446142
3.940999999999677,-0.36667353381899515,1.8723063326151865,19.9305600084281
3.941999999999677,-0.36617887103721813,1.8556201987986822,19.91918528554058
3.9429999999996768,-0.3660184541702151,1.8386469796825748,19.908608083973498
3.9439999999996767,-0.36618451524482387,1.8213881288826275,19.89882139618114
3.9449999999996765,-0.3666686193745249,1.8038457832169321,19.8898176307874
3.9459999999996764,-0.5994279195241895,2.1833516357159395,19.877414322833495
3.9469999999996763,-0.9398756663581027,3.0380260482304706,19.897788145780254
3.947999999999676,-0.33167124974266216,3.9117044740810343,20.67146825903756
3.948999999999676,-0.32823673361390604,3.8943402838266366,20.671496399880876
3.949999999999676,-0.3248180033707726,3.8771563650103644,20.671520833269437
3.950999999999676,-0.3214148832290107,3.860151805697683,20.671541444001356
3.9519999999996758,-0.318027195849389,3.8433257125889213,20.671558144525697
3.9529999999996757,-0.31465476227079847,3.8266772108210034,20.671570875029882
3.9539999999996756,-0.311297401867769,3.81020544370881,20.67157960325183
3.9549999999996754,-0.30795493233606663,3.793909572436405,20.67158432403527
3.9559999999996753,-0.3046271697020728,3.777788775701083,20.671585058652166
3.956999999999675,-0.30131392835838255,3.7618422493163735,20.67158185390315
3.957999999999675,-0.2980150211224526,3.746069205783556,20.67157478102061
3.958999999999675,-0.2947302593184986,3.730468873828613,20.671563934406333
3.959999999999675,-0.291459452879856,3.715040497920313,20.671549430213073
3.960999999999675,-0.28820241046891937,3.699783337770441,20.671531404800657
3.9619999999996747,-0.28495893961858343,3.6846966678190256,20.67151001309275
3.9629999999996746,-0.2817288468874395,3.669779776719338,20.6714854268552
3.9639999999996745,-0.2785119380274992,3.655031966806291,20.671457832916367
3.9649999999996743,-0.2753080181670384,3.6404525535833727,20.671427431352157
3.9659999999996742,-0.2721168920037087,3.626040865202981,20.671394433660122
3.966999999999674,-0.26893836400245164,3.611796241961315,20.671359060937995
3.967999999999674,-0.2657722386047965,3.5977180358046326,20.671321542082232
3.968999999999674,-0.26261832044204425,3.5838056098494917,20.671282112024436
3.969999999999674,-0.25947641454926895,3.570058337917203,20.671241010024424
3.9709999999996737,-0.2563463265853443,3.556475604097159,20.671198478023054
3.9719999999996736,-0.25322786304899125,3.543056802318006,20.671154759065068
3.9729999999996735,-0.25012083149898956,3.5298013359505376,20.671110095817994
3.9739999999996733,-0.24702504076800835,3.5167086174228643,20.671064729168567
3.9749999999996732,-0.24394030117431953,3.5037780678716217,20.671018896916888
3.975999999999673,-0.2408664247326726,3.4910091168019335,20.6709728325731
3.976999999999673,-0.23780322535421305,3.478401201781139,20.670926764251178
3.977999999999673,-0.23475051904507893,3.465953768147074,20.670880913665556
3.978999999999673,-0.23170812409541952,3.4536662687445414,20.670835495233717
3.9799999999996727,-0.22867586126400852,3.441538163680775,20.67079071526962
3.9809999999996726,-0.2256535539519149,3.429568920099541,20.670746771283447
3.9819999999996725,-0.22264102836925304,3.4177580119753657,20.670703851375976
3.9829999999996724,-0.2196381136937191,3.4061049199317495,20.670662133721194
3.9839999999996722,-0.2166446422188102,3.3946091310685915,20.670621786138597
3.984999999999672,-0.21366044949310492,3.3832701388131454,20.670582965749823
3.985999999999672,-0.2106853744494117,3.372087442781549,20.67054581871136
3.986999999999672,-0.20771925952325887,3.3610605486568375,20.67051048001898
3.987999999999672,-0.20476195076237502,3.3501889680806016,20.670477073387012
3.9889999999996717,-0.20181329792553981,3.3394722185548744,20.67044571117996
3.9899999999996716,-0.1988731545689859,3.3289098233565255,20.670416494409746
3.9909999999996715,-0.1959413781219581,3.3185013114608637,20.670389512779707
3.9919999999996714,-0.1930178299527654,3.308246217473993,20.670364844781325
3.9929999999996713,-0.19010237542360642,3.2981440815772203,20.670342557827205
3.993999999999671,-0.1871948839290951,3.28819444946987,20.670322708420056
3.994999999999671,-0.18429522892790828,3.2783968723302905,20.670305342363818
3.995999999999671,-0.18140328796064864,3.268750906771402,20.67029049499362
3.996999999999671,-0.17851894265412227,3.2592561148135246,20.67027819143413
3.9979999999996707,-0.17564207871420479,3.2499120638487966,20.67026844687791
3.9989999999996706,-0.17277258590389977,3.2407183266218453,20.67026126688418
3.9999999999996705,-0.1699103580117196,3.2316744812072784,20.670256647685143
4.000999999999671,-0.16705529280332598,3.222780110991323,20.67025457650824
4.001999999999671,-0.16420729195961314,3.214034804663754,20.67025503190816
4.0029999999996715,-0.16136626100345097,3.2054381561982837,20.67025798410024
4.003999999999672,-0.15853210921079608,3.196989764852333,20.670263395301852
4.004999999999672,-0.1557047495080326,3.188689235160666,20.67027122007643
4.0059999999996725,-0.15288409835348205,3.1805361769305023,20.67028140567327
4.006999999999673,-0.15007007560815566,3.1725302052473126,20.670293892371944
4.007999999999673,-0.14726260438935412,3.1646709404733997,20.670308613823543
4.0089999999996735,-0.1444616109107031,3.1569580082581297,20.670325497388415
4.009999999999674,-0.14166702430887312,3.1493910395462024,20.670344464469
4.010999999999674,-0.13887877645622382,3.141969670591095,20.670365430840334
4.0119999999996745,-0.13609680176119454,3.134693542969586,20.67038830697757
4.012999999999675,-0.13332103695271513,3.127562303604023,20.670412998373664
4.013999999999675,-0.1305514208541858,3.1205756047836957,20.67043940585743
4.0149999999996755,-0.1277878941454589,3.1137331041937886,20.67046742590339
4.015999999999676,-0.125030399113608,3.1070344649462807,20.670496950938322
4.016999999999676,-0.12227887939279404,3.1004793556162085,20.67052786964172
4.0179999999996765,-0.11953327969449819,3.094067450283248,20.670560067244278
4.018999999999677,-0.11679354552897471,3.087798428577014,20.670593425821814
4.019999999999677,-0.11405962291993212,3.081671975728807,20.670627824587136
4.0209999999996775,-0.11133145811308966,3.0756877826281905,20.670663140178153
4.021999999999678,-0.10860899727873233,3.069845545885612,20.670699246945944
4.022999999999678,-0.10589218621160425,3.0641449679009973,20.67073601724499
4.0239999999996785,-0.10318097002795694,3.0585857569392525,20.67077332171819
4.024999999999679,-0.10047529286345806,3.0531676272113595,20.670811029589974
4.025999999999679,-0.09777509756961264,3.0478902989623626,20.670849008961753
4.0269999999996795,-0.09508032541384034,3.042753498568178,20.67088712711041
4.02799999999968,-0.0923909157860988,3.0377569586373196,20.6709252507933
4.02899999999968,-0.0897068059085546,3.032900418120801,20.67096324656574
4.0299999999996805,-0.08702793055174624,3.0281836224318,20.67100098110521
4.030999999999681,-0.08435422176552841,3.023606323570246,20.671038321547496
4.031999999999681,-0.08168560861556397,3.0191682802575803,20.671075135840184
4.0329999999996815,-0.07902201693338248,3.014869258080423,20.671111293110563
4.033999999999682,-0.07636336908462146,3.0107090296407897,20.671146664055314
4.034999999999682,-0.07370958374760922,3.0066873747177008,20.671181121350475
4.0359999999996825,-0.07106057571184697,3.0028040804371994,20.67121454008581
4.036999999999683,-0.06841625569529007,2.9990589414509214,20.67124679822981
4.037999999999683,-0.06577653017911053,2.995451760126472,20.67127777712272
4.0389999999996835,-0.06314130126489725,2.991982346746687,20.671307362007617
4.039999999999684,-0.06051046655344372,2.9886505197201583,20.671335442596067
4.040999999999684,-0.05788391904542323,2.9854561058028253,20.67136191367525
4.0419999999996845,-0.055261547065043715,2.982398940330384,20.67138667576321
4.042999999999685,-0.052643234207920386,2.979478867464266,20.671409635810555
4.043999999999685,-0.0500288593139544,2.976695740449088,20.671430707958073
4.0449999999996855,-0.04741829646292217,2.9740494218784193,20.671449814345742
4.045999999999686,-0.04481141499456953,2.9715397839930233,20.671466885986995
4.046999999999686,-0.04220807955721284,2.9691667089574025,20.67148186370721
4.0479999999996865,-0.039608150174785806,2.966930089199522,20.67149469914923
4.048999999999687,-0.037011482342222735,2.9648298277168124,20.671505355848026
4.049999999999687,-0.03441792714647818,2.96286583843807,20.671513810387175
4.0509999999996875,-0.0318273314067028,2.9610380465864132,20.671520053625844
4.051999999999688,-0.029239537840339835,2.9593463890537492,20.671524092009278
4.052999999999688,-0.02665438525536956,2.9577908147982015,20.671525948960145
4.0539999999996885,-0.024071708760402544,2.956371285295745,20.671525666354675
4.054999999999689,-0.021491340000693526,2.955087774934981,20.671523306076594
4.055999999999689,-0.018913107423486508,2.953940271525198,20.67151895165545
4.0569999999996895,-0.016336836544269318,2.9529287767605865,20.671512709985308
4.05799999999969,-0.013762350272372714,2.9520533067313295,20.671504713116352
4.05899999999969,-0.011189469220425963,2.9513138924743316,20.67149512011153
4.0599999999996905,-0.00861801207292956,2.950710580506666,20.67148411897025
4.060999999999691,-0.006047795957329072,2.9502434334211785,20.67147192860343
4.061999999999691,-0.0034786368587447214,2.949912530510346,20.671458800840476
4.0629999999996915,-0.0009250664934370434,2.9497166498065326,20.671439287651392
4.063999999999692,0.0016269530156023393,2.9496577389878667,20.67141930816591
4.064999999999692,0.0042232280493408325,2.9497388862390608,20.671416685775547
4.0659999999996925,0.006848139601061121,2.9499570477992165,20.671424942208773
4.066999999999693,0.009471411341564817,2.950309684423246,20.671432528025747
4.067999999999693,0.012093188893686602,2.9507969861455763,20.671439774000334
4.0689999999996935,0.014713614592437807,2.9514191298345054,20.67144695994802
4.069999999999694,0.017332828385406174,2.9521762805267713,20.671454318706864
4.070999999999694,0.019950968702232785,2.9530685928454545,20.671462040018092
4.0719999999996945,0.022568173220861354,2.9540962122495955,20.6714702742698
4.072999999999695,0.025184579586493783,2.955259276235296,20.671479136090582
4.073999999999695,0.027800326050737567,2.9565579154786903,20.671488707775488
4.0749999999996955,0.030415552043905336,2.957992254910412,20.671499042547204
4.075999999999696,0.033030398676828554,2.9595624147121242,20.671510167627204
4.076999999999696,0.03564500917946134,2.961268511292161,20.67152208713393
4.0779999999996965,0.03825952926536047,2.963110658157717,20.67153478479306
4.078999999999697,0.040874107438412466,2.965088966756099,20.67154822646391
4.079999999999697,0.043488895233281255,2.967203547278473,20.67156236248676
4.0809999999996975,0.046104047400831405,2.9694545093776696,20.67157712985673
4.081999999999698,0.048719722027726675,2.9718419628800348,20.671592454226897
4.082999999999698,0.05133608061282757,2.9743660184230976,20.67160825174402
4.0839999999996985,0.05395328808481281,2.9770267880652455,20.67162443073361
4.084999999999699,0.05657151277432604,2.9798243858508044,20.67164089323134
4.085999999999699,0.05919092634479739,2.9827589283406724,20.671657536377467
4.0869999999996995,0.06181170367847244,2.985830535107823,20.671674253674723
4.0879999999997,0.06443402272788035,2.9890393291911437,20.671690936124648
4.0889999999997,0.06705806433649286,2.992385437529947,20.671707473247714
4.0899999999997005,0.06968401202590258,2.995868991354712,20.67172375399597
4.090999999999701,0.07231205175969535,2.9994901265625913,20.671739667567266
4.091999999999701,0.0749423716870865,3.0032489840525614,20.671755104125005
4.0929999999997015,0.0775751618686229,3.0071457100461885,20.671769955435785
4.093999999999702,0.08021061398360985,3.011180456378611,20.67178411543432
4.094999999999702,0.08284892103284847,3.01535338076485,20.671797480714126
4.0959999999997025,0.08549027703000434,3.019664647050149,20.671809950958355
4.096999999999703,0.08813487669067399,3.0241144254345613,20.671821429313013
4.097999999999703,0.09078291512261671,3.028702892682645,20.671831822712104
4.0989999999997035,0.09343458751487788,3.033430232310536,20.671841042155606
4.099999999999704,0.09609008883359138,3.038296634759945,20.67184900295139
4.100999999999704,0.09874961352727496,3.043302297552202,20.67185562492012
4.1019999999997045,0.1014133552389751,3.048447425432471,20.671860832569998
4.102999999999705,0.10408150653077541,3.0537322304932104,20.67186455525068
4.103999999999705,0.10675425862774546,3.0591569322879195,20.671866727278683
4.1049999999997056,0.109431801170075,3.0647217579339667,20.671867288046336
4.105999999999706,0.11211432198697935,3.07042694220047,20.671866182120315
4.106999999999706,0.11480200688731657,3.0762727275867974,20.671863359322217
4.1079999999997066,0.11749503947029893,3.0822593643907794,20.6718587747995
4.108999999999707,0.12019360095573006,3.088387110768849,20.671852389093374
4.109999999999707,0.12289787003396668,3.094656232785269,20.671844168195967
4.1109999999997076,0.1256080227387315,3.101067004456695,20.671834083607408
4.111999999999708,0.12832423233825807,3.1076197077854886,20.67182211239075
4.112999999999708,0.13104666924772346,3.1143146327904105,20.671808237218805
4.113999999999709,0.13377550096430468,3.121152077528677,20.671792446433084
4.114999999999709,0.13651089201837863,3.128132348113695,20.671774734093088
4.115999999999709,0.13925300394842566,3.1352557587296133,20.67175510002971
4.11699999999971,0.14200199528988833,3.1425226316380304,20.671733549907028
4.11799999999971,0.14475802158460738,3.1499332971824288,20.671710095274484
4.11899999999971,0.1475212354068276,3.1574880937932903,20.671684753631673
4.119999999999711,0.1502917864033293,3.165187367981048,20.671657548489463
4.120999999999711,0.15306982134984537,3.1730314743365398,20.67162850943312
4.121999999999711,0.15585548421876183,3.1810207755244164,20.671597672189822
4.122999999999712,0.15864891626191024,3.1891556422724534,20.671565078692083
4.123999999999712,0.16145025610015296,3.197436453361206,20.67153077714469
4.124999999999712,0.16425963982558756,3.205863595616961,20.671494822089706
4.125999999999713,0.1670772011113968,3.214437463894683,20.671457274464483
4.126999999999713,0.16990307132726912,3.223158461064827,20.67141820166131
4.127999999999713,0.17273737966345948,3.232026997998787,20.671377677581027
4.128999999999714,0.1755802532549069,3.241043493548432,20.671335782673935
4.129999999999714,0.17843181731331015,3.2502083745339405,20.671292603978657
4.130999999999714,0.18129219525980034,3.2595220757184507,20.67124823514682
4.131999999999715,0.18416150885713023,3.2689850397896407,20.671202776451516
4.132999999999715,0.18703987834410896,3.2785977173314222,20.671156334785135
4.133999999999715,0.18992742257006512,3.2883605668068867,20.67110902363653
4.134999999999716,0.19282425912609824,3.2982740545198794,20.671060963044855
4.135999999999716,0.19573050447309015,3.308338654588624,20.67101227953264
4.136999999999716,0.19864627407008584,3.318554848909571,20.670963106009516
4.137999999999717,0.2015716824971321,3.328923127115104,20.670913581648257
4.138999999999717,0.2045068435739381,3.339443986533297,20.670863851720824
4.139999999999717,0.20745187047495506,3.350117932134708,20.670814067405427
4.140999999999718,0.21040687583864326,3.360945476475763,20.670764385546544
4.141999999999718,0.21337197187382628,3.371927139638501,20.670714968370884
4.142999999999718,0.21634727045776003,3.383063449155543,20.670665983159353
4.143999999999719,0.21933288323066336,3.394354939933919,20.670617601864706
4.144999999999719,0.22232892168605645,3.405802154163439,20.670570000671546
4.145999999999719,0.22533549725247326,3.417405641220512,20.670523359502685
4.14699999999972,0.22835272137373863,3.429165957555824,20.670477861460178
4.14799999999972,0.23138070558265156,3.4410836665713305,20.670433692203368
4.14899999999972,0.2344195615668241,3.453159338487694,20.670391039259876
4.149999999999721,0.2374694012350318,3.465393550195131,20.67035009126343
4.150999999999721,0.24053033677765256,3.477786885092428,20.67031103712896
4.151999999999721,0.24360248071978674,3.4903399329050444,20.670274065147165
4.152999999999722,0.24668594597480364,3.503053289503441,20.67023936201135
4.153999999999722,0.24978084589456273,3.5159275566842325,20.670207111775056
4.154999999999722,0.2528872943134388,3.528963341957706,20.670177494733636
4.155999999999723,0.25600540559163676,3.542161258304077,20.670150686243492
4.156999999999723,0.25913529465822194,3.5555219239233793,20.67012685547757
4.157999999999723,0.26227707704907743,3.569045961967163,20.670106164120863
4.158999999999724,0.26543086894582757,3.5827340002568917,20.670088765016864
4.159999999999724,0.2685967872119477,3.5965866709933607,20.670074800765093
4.160999999999724,0.2717749494276944,3.610604610448945,20.670064402291356
4.161999999999725,0.2749654739274945,3.624788458654507,20.670057687387434
4.162999999999725,0.27816847983255855,3.6391388590772067,20.670054759245637
4.163999999999725,0.2813840870831399,3.653656458298542,20.670055704995605
4.164999999999726,0.28461241647551105,3.6683419056815865,20.670060594253798
4.165999999999726,0.2878535896917782,3.6831958530468683,20.670069477717824
4.166999999999726,0.2911077293327864,3.698218954353365,20.67008238581241
4.167999999999727,0.29437495895028576,3.71341186538325,20.670099327403456
4.168999999999727,0.29765540307682414,3.7287752434455115,20.670120288615987
4.169999999999727,0.30094918725522746,3.7443097470983275,20.670145231764018
4.170999999999728,0.30425643806683667,3.7600160358871335,20.670174094413905
4.171999999999728,0.3075772831599295,3.7758947701223633,20.670206788618117
4.172999999999728,0.31091185127215226,3.791946610681748,20.670243200319668
4.173999999999729,0.31426027225546704,3.808172218857294,20.670283188964067
4.174999999999729,0.3176226770957342,3.824572256243755,20.67032658733693
4.175999999999729,0.3209991979321458,3.8411473846832678,20.6703732016379
4.17699999999973,0.3243899680723672,3.857898266256143,20.67042281181469
4.17799999999973,0.3277951220054902,3.8748255633405506,20.670475172168874
4.17899999999973,0.33121479541553356,3.8919299387380306,20.67053001224532
4.179999999999731,-0.3135869516320037,3.0927587461634913,19.862663603273134
4.180999999999731,-0.12345639767413966,2.23438007779561,19.84187556682126
4.181999999999731,0.04368527291738308,1.834779174571441,19.85635154452008
4.182999999999732,0.04688354678599115,1.8523360371581978,19.866050049759462
4.183999999999732,0.049618611178298785,1.8696000159544224,19.876432337779228
4.184999999999732,0.05188082004776107,1.8865699918101595,19.887505977988265
4.185999999999733,0.05366150770704815,1.9032455414422353,19.89927830252215
4.186999999999733,0.0549530298426528,1.9196269664412307,19.911756400889534
4.187999999999733,0.05574879779020081,1.9357153210837326,19.924947113020586
4.188999999999734,0.05604330550180042,1.9515124387471272,19.938857020637993
4.189999999999734,0.055832148699893315,1.9670209567411532,19.953492436887235
4.190999999999734,0.05511203578541655,1.9822443393895866,19.96885939417977
4.191999999999735,0.05388079014023461,1.9971868992199,19.984963630254516
4.192999999999735,0.05213734354196818,2.0118538161389408,20.001810572458727
4.193999999999735,0.04988172049883884,2.026251154501235,20.01940532029505
4.194999999999736,0.04711501337979567,2.0403858780031445,20.037752626324263
4.195999999999736,0.04383934831013093,2.054265862354906,20.056856875501754
4.196999999999736,-0.25370434487432086,2.058339431940123,20.065718021296707
4.197999999999737,-0.2595242947747606,2.073304928196809,20.08657815385803
4.198999999999737,-0.2659027435408889,2.088080405876477,20.10821425803071
4.199999999999737,0.07469279789318767,1.9256876261743654,20.67162383376001
4.200999999999738,0.07792349598363689,1.9824195585757436,20.671643654022635
4.201999999999738,0.11295827184097047,1.9566427489774108,20.671658732931245
4.202999999999738,0.22161955336236916,1.8722052534673836,20.671669057789888
4.203999999999739,0.3509501205694584,1.9163362030120963,20.671674669081483
4.204999999999739,0.49881052909948975,2.0779609006934425,20.671675662932813
4.205999999999739,0.6632208163013391,2.346551836638512,20.671672193404117
4.20699999999974,0.8424286171692859,2.7126994430713243,20.671664474633623
4.20799999999974,1.0349643251776373,3.1685953701894505,20.67165278286138
4.20899999999974,1.2396867203391337,3.7084459034749226,20.671637458364664
4.209999999999741,1.4558218363373627,4.328831505679993,20.671618907359065
4.210999999999741,1.6829969681508667,5.029024810707451,20.67159760391047
4.211999999999741,1.9212707476962594,5.811274552892147,20.671574091914742
4.212999999999742,2.1280286891006126,6.584074147384596,20.67152215328501
4.213999999999742,-0.00289514530348502,-0.0076646475964453524,10.392681788394654
4.214999999999742,-1.305075151693446,-5.533356991612846,0.0
4.215999999999743,-1.117675780840486,-5.270004696267047,0.0
4.216999999999743,-0.9269875142014699,-4.932182003372156,0.0
4.217999999999743,-0.7336320563930662,-4.524870689573086,0.0
4.218999999999744,-0.5378412777528674,-4.050115218103802,0.0
4.219999999999744,-0.3395348954838021,-3.507546699069949,0.0
4.220999999999744,-0.1383976381766672,-2.8949127844401277,0.0
4.221999999999745,-0.023785059833644852,-2.5105846497265585,0.0
4.222999999999745,-0.02631396882156016,-2.5026023604687664,0.0
4.223999999999745,-0.02852863912575026,-2.494567927284654,0.0
4.224999999999746,-0.030413196767874143,-2.486442201236366,0.0
4.225999999999746,-0.031948514277587596,-2.4781615263627756,0.0
4.226999999999746,-0.03311304211603139,-2.4696426752952694,0.0
4.227999999999747,-0.033883602404516544,-2.460787569944052,0.0
4.228999999999747,-0.03423614398341122,-2.4514877836010696,0.0
4.229999999999747,0.16445795454901493,-1.8149044354790793,0.0
4.230999999999748,0.1601385701370194,-1.8194002871616113,0.0
4.231999999999748,0.15640781766266768,-1.8227127464168338,0.0
4.232999999999748,0.1532749282413477,-1.8247642949078342,0.0
4.233999999999749,0.15074754880338212,-1.8254846186435827,0.0
4.234999999999749,0.14883147375716763,-1.824813129666599,0.0
4.235999999999749,0.14753040258752467,-1.8227012956848867,0.0
4.23699999999975,0.14684572392310946,-1.8191147741537448,0.0
4.23799999999975,0.14677632664842552,-1.8140353460815004,0.0
4.23899999999975,0.14731843870003808,-1.8074626434120027,0.0
4.239999999999751,0.14846549424394553,-1.799415662388828,0.0
4.240999999999751,0.15020802997962945,-1.7899340538172397,0.0
4.241999999999751,0.1525336113553168,-1.779079179802175,0.0
4.242999999999752,0.15542678950293226,-1.76693492534348,0.0
4.243999999999752,0.15886908968814104,-1.7536082522881076,0.0
4.244999999999752,0.16283903202434424,-1.739229482684193,0.0
4.245999999999753,0.16707066407623686,-1.7279569454436365,0.0022033986494071896
4.246999999999753,-0.03432060971213778,-1.0527301576245378,0.005199265858102569
4.247999999999753,0.0,0.0,0.0
4.248999999999754,0.0,0.0,0.0
4.249999999999754,0.0,0.0,0.0
4.250999999999754,0.0,0.0,0.0
4.251999999999755,0.0,0.0,0.0
4.252999999999755,0.0,0.0,0.0
4.253999999999755,0.0,0.0,0.0
4.254999999999756,0.0,0.0,0.0
4.255999999999756,0.0,0.0,0.0
4.256999999999756,0.0,0.0,0.0
4.257999999999757,0.0,0.0,0.0
4.258999999999757,0.0,0.0,0.0
4.259999999999757,0.0,0.0,0.0
4.260999999999758,0.0,0.0,0.0
4.261999999999758,0.0,0.0,0.0
4.262999999999758,0.0,0.0,0.0
4.263999999999759,0.0,0.0,0.0
4.264999999999759,0.0,0.0,0.0
4.265999999999759,0.0,0.0,0.0
4.26699999999976,0.0,0.0,0.0
4.26799999999976,0.0,0.0,0.0
4.26899999999976,0.0,0.0,0.0
4.269999999999761,0.0,0.0,0.0
4.270999999999761,0.0,0.0,0.0
4.271999999999761,0.0,0.0,0.0
4.272999999999762,0.0,0.0,0.0
4.273999999999762,0.0,0.0,0.0
4.274999999999762,0.0,0.0,0.0
4.275999999999763,0.0,0.0,0.0
4.276999999999763,0.0,0.0,0.0
4.277999999999763,0.0,0.0,0.0
4.278999999999764,0.0,0.0,0.0
4.279999999999764,0.0,0.0,0.0
4.280999999999764,0.0,0.0,0.0
4.281999999999765,0.0,0.0,0.0
4.282999999999765,0.0,0.0,0.0
4.283999999999765,0.0,0.0,0.0
4.284999999999766,0.0,0.0,0.0
4.285999999999766,0.0,0.0,0.0
4.286999999999766,0.0,0.0,0.0
4.287999999999767,0.0,0.0,0.0
4.288999999999767,0.0,0.0,0.0
4.289999999999767,0.0,0.0,0.0
4.290999999999768,0.0,0.0,0.0
4.291999999999768,0.0,0.0,0.0
4.292999999999768,0.0,0.0,0.0
4.293999999999769,0.0,0.0,0.0
4.294999999999769,0.0,0.0,0.0
4.295999999999769,0.0,0.0,0.0
4.29699999999977,0.0,0.0,0.0
4.29799999999977,0.0,0.0,0.0
4.29899999999977,0.0,0.0,0.0
4.299999999999771,0.0,0.0,0.0
4.300999999999771,0.0,0.0,0.0
4.301999999999771,0.0,0.0,0.0
4.302999999999772,0.0,0.0,0.0
4.303999999999772,0.0,0.0,0.0
4.304999999999772,0.0,0.0,0.0
4.305999999999773,0.0,0.0,0.0
4.306999999999773,0.0,0.0,0.0
4.307999999999773,0.0,0.0,0.0
4.308999999999774,0.0,0.0,0.0
4.309999999999774,0.0,0.0,0.0
4.310999999999774,0.0,0.0,0.0
4.311999999999775,0.0,0.0,0.0
4.312999999999775,0.0,0.0,0.0
4.313999999999775,0.0,0.0,0.0
4.314999999999776,0.0,0.0,0.0
4.315999999999776,0.0,0.0,0.0
4.316999999999776,0.0,0.0,0.0
4.317999999999777,0.0,0.0,0.0
4.318999999999777,0.0,0.0,0.0
4.319999999999777,0.0,0.0,0.0
4.320999999999778,0.0,0.0,0.0
4.321999999999778,0.0,0.0,0.0
4.322999999999778,0.0,0.0,0.0
4.323999999999779,0.0,0.0,0.0
4.324999999999779,0.0,0.0,0.0
4.325999999999779,0.0,0.0,0.0
4.32699999999978,0.0,0.0,0.0
4.32799999999978,0.0,0.0,0.0
4.32899999999978,0.0,0.0,0.0
4.329999999999781,0.0,0.0,0.0
4.330999999999781,0.0,0.0,0.0
4.331999999999781,0.0,0.0,0.0
4.332999999999782,0.0,0.0,0.0
4.333999999999782,0.0,0.0,0.0
4.334999999999782,0.0,0.0,0.0
4.335999999999783,0.0,0.0,0.0
4.336999999999783,0.0,0.0,0.0
4.337999999999783,0.0,0.0,0.0
4.338999999999784,0.0,0.0,0.0
4.339999999999784,0.0,0.0,0.0
4.340999999999784,0.0,0.0,0.0
4.341999999999785,0.0,0.0,0.0
4.342999999999785,0.0,0.0,0.0
4.343999999999785,0.0,0.0,0.0
4.344999999999786,0.0,0.0,0.0
4.345999999999786,0.0,0.0,0.0
4.346999999999786,0.0,0.0,0.0
4.347999999999787,0.0,0.0,0.0
4.348999999999787,0.0,0.0,0.0
4.349999999999787,0.0,0.0,0.0
4.350999999999788,0.0,0.0,0.0
4.351999999999788,0.0,0.0,0.0
4.352999999999788,0.0,0.0,0.0
4.353999999999789,0.0,0.0,0.0
4.354999999999789,0.0,0.0,0.0
4.355999999999789,0.0,0.0,0.0
4.35699999999979,0.0,0.0,0.0
4.35799999999979,0.0,0.0,0.0
4.35899999999979,0.0,0.0,0.0
4.359999999999791,0.0,0.0,0.0
4.360999999999791,0.0,0.0,0.0
4.361999999999791,0.0,0.0,0.0
4.362999999999792,0.0,0.0,0.0
4.363999999999792,0.0,0.0,0.0
4.364999999999792,0.0,0.0,0.0
4.365999999999793,0.0,0.0,0.0
4.366999999999793,0.0,0.0,0.0
4.367999999999793,0.0,0.0,0.0
4.368999999999794,0.0,0.0,0.0
4.369999999999794,0.0,0.0,0.0
4.370999999999794,0.0,0.0,0.0
4.371999999999795,0.0,0.0,0.0
4.372999999999795,0.0,0.0,0.0
4.373999999999795,0.0,0.0,0.0
4.374999999999796,0.0,0.0,0.0
4.375999999999796,0.0,0.0,0.0
4.376999999999796,0.0,0.0,0.0
4.377999999999797,0.0,0.0,0.0
4.378999999999797,0.0,0.0,0.0
4.379999999999797,0.0,0.0,0.0
4.380999999999798,0.0,0.0,0.0
4.381999999999798,0.0,0.0,0.0
4.382999999999798,0.0,0.0,0.0
4.383999999999799,0.0,0.0,0.0
4.384999999999799,0.0,0.0,0.0
4.385999999999799,0.0,0.0,0.0
4.3869999999998,0.0,0.0,0.0
4.3879999999998,0.0,0.0,0.0
4.3889999999998,0.0,0.0,0.0
4.389999999999801,0.0,0.0,0.0
4.390999999999801,0.0,0.0,0.0
4.391999999999801,0.0,0.0,0.0
4.392999999999802,0.0,0.0,0.0
4.393999999999802,0.0,0.0,0.0
4.394999999999802,0.0,0.0,0.0
4.395999999999803,0.0,0.0,0.0
4.396999999999803,0.0,0.0,0.0
4.397999999999803,0.0,0.0,0.0
4.398999999999804,0.0,0.0,0.0
4.399999999999804,0.0,0.0,0.0
4.400999999999804,0.0,0.0,0.0
4.401999999999805,0.0,0.0,0.0
4.402999999999805,0.0,0.0,0.0
4.403999999999805,0.0,0.0,0.0
4.404999999999806,0.0,0.0,0.0
4.405999999999806,0.0,0.0,0.0
4.406999999999806,0.0,0.0,0.0
4.407999999999807,0.0,0.0,0.0
4.408999999999807,0.0,0.0,0.0
4.409999999999807,0.0,0.0,0.0
4.410999999999808,0.0,0.0,0.0
4.411999999999808,0.0,0.0,0.0
4.412999999999808,0.0,0.0,0.0
4.413999999999809,0.0,0.0,0.0
4.414999999999809,0.0,0.0,0.0
4.415999999999809,0.0,0.0,0.0
4.41699999999981,0.0,0.0,0.0
4.41799999999981,0.0,0.0,0.0
4.41899999999981,0.0,0.0,0.0
4.419999999999811,0.0,0.0,0.0
4.420999999999811,0.0,0.0,0.0
4.421999999999811,0.0,0.0,0.0
4.422999999999812,0.0,0.0,0.0
4.423999999999812,0.0,0.0,0.0
4.424999999999812,0.0,0.0,0.0
4.425999999999813,0.0,0.0,0.0
4.426999999999813,0.0,0.0,0.0
4.427999999999813,0.0,0.0,0.0
4.428999999999814,0.0,0.0,0.0
4.429999999999814,0.0,0.0,0.0
4.430999999999814,0.0,0.0,0.0
4.431999999999815,0.0,0.0,0.0
4.432999999999815,0.0,0.0,0.0
4.433999999999815,0.0,0.0,0.0
4.434999999999816,0.0,0.0,0.0
4.435999999999816,0.0,0.0,0.0
4.436999999999816,0.0,0.0,0.0
4.437999999999817,0.0,0.0,0.0
4.438999999999817,0.0,0.0,0.0
4.439999999999817,0.0,0.0,0.0
4.440999999999818,0.0,0.0,0.0
4.441999999999818,0.0,0.0,0.0
4.442999999999818,0.0,0.0,0.0
4.443999999999819,0.0,0.0,0.0
4.444999999999819,0.0,0.0,0.0
4.445999999999819,0.0,0.0,0.0
4.44699999999982,0.0,0.0,0.0
4.44799999999982,0.0,0.0,0.0
4.44899999999982,0.0,0.0,0.0
4.449999999999821,0.0,0.0,0.0
4.450999999999821,0.0,0.0,0.0
4.451999999999821,0.0,0.0,0.0
4.452999999999822,0.0,0.0,0.0
4.453999999999822,0.0,0.0,0.0
4.454999999999822,0.0,0.0,0.0
4.455999999999823,0.0,0.0,0.0
4.456999999999823,0.0,0.0,0.0
4.457999999999823,0.0,0.0,0.0
4.458999999999824,0.0,0.0,0.0
4.459999999999824,0.0,0.0,0.0
4.460999999999824,0.0,0.0,0.0
4.461999999999825,0.0,0.0,0.0
4.462999999999825,0.0,0.0,0.0
4.463999999999825,0.0,0.0,0.0
4.464999999999826,0.0,0.0,0.0
4.465999999999826,0.0,0.0,0.0
4.466999999999826,0.0,0.0,0.0
4.467999999999827,0.0,0.0,0.0
4.468999999999827,0.0,0.0,0.0
4.4699999999998274,0.0,0.0,0.0
4.470999999999828,0.0,0.0,0.0
4.471999999999828,0.0,0.0,0.0
4.4729999999998284,0.0,0.0,0.0
4.473999999999829,0.0,0.0,0.0
4.474999999999829,0.0,0.0,0.0
4.4759999999998294,0.0,0.0,0.0
4.47699999999983,0.0,0.0,0.0
4.47799999999983,0.0,0.0,0.0
4.4789999999998305,0.0,0.0,0.0
4.479999999999831,0.0,0.0,0.0
4.480999999999831,0.0,0.0,0.0
4.4819999999998315,0.04478060651386133,-1.004605225685883,0.02691891195722883
4.482999999999832,0.3559455021031561,-1.67293370758886,0.022988224508627243
4.483999999999832,0.3562199429604874,-1.6716541651189125,0.013134436151645213
4.4849999999998325,0.3570067297667151,-1.670755044563925,0.0026046819554585137
4.485999999999833,0.35905323682712453,-1.6817176835536576,0.0
4.486999999999833,0.3618636147222838,-1.6948467668425184,0.0
4.4879999999998335,0.3652144736001945,-1.7062593659723193,0.0
4.488999999999834,0.36911147926906823,-1.7159122136510938,0.0
4.489999999999834,0.3735596659726446,-1.7237818645019838,0.0
4.4909999999998345,0.3785634010411481,-1.7298636798390752,0.0
4.491999999999835,0.38412635127964434,-1.7341706321590586,0.0
4.492999999999835,0.3902514517973583,-1.7367319385114184,0.0
4.4939999999998355,0.39694087788430976,-1.7375915298385072,0.0
4.494999999999836,0.40419602044123937,-1.7368063611672335,0.0
4.495999999999836,0.41201746535137973,-1.734444565394826,0.0
4.4969999999998365,0.42040497707080055,-1.7305834513739957,0.0
4.497999999999837,0.42935748660993145,-1.7253073451533663,0.0
4.498999999999837,0.3545287730448185,-2.347534800886929,0.0
4.4999999999998375,0.3621792287860127,-2.355108531283885,0.0
4.500999999999838,0.3703318099082964,-2.3619516066704023,0.0
4.501999999999838,0.37897328995644003,-2.3681909799513954,0.0
4.5029999999998385,0.38808989415773343,-2.373945742181097,0.0
4.503999999999839,0.3976675037029882,-2.3793230669090812,0.0
4.504999999999839,0.40769187514064203,-2.3844139210037936,0.0
4.5059999999998395,0.4181488747599139,-2.389288537189498,0.0
4.50699999999984,0.4290247278149652,-2.3939916448104963,0.0
4.50799999999984,0.4403062824216453,-2.398537456928598,0.0
4.5089999999998405,0.40035358180705005,-2.6005403761415264,0.0
4.509999999999841,0.28668901995406854,-3.017754054510472,0.0
4.510999999999841,0.16793258894459495,-3.362013546016254,0.0
4.5119999999998415,0.04402029496337753,-3.6345753001288372,0.0
4.512999999999842,-0.0850859575387165,-3.834263634968261,0.0
4.513999999999842,-0.19738918698937818,-3.896865025238755,0.0
4.5149999999998425,0.002656512199636675,0.008157598283677434,10.455947707985557
4.515999999999843,1.3724823277867495,5.103846662097798,20.670021374182372
4.516999999999843,1.2226222554929418,4.310229233035248,20.670047531858106
4.5179999999998435,1.0737204642170353,3.6074474676851374,20.670073260023536
4.518999999999844,0.9259154492121233,2.9889003860659074,20.670099182657378
4.519999999999844,0.7794254134593969,2.451463331067007,20.670125831426144
4.5209999999998445,0.6345518614107049,1.9951890230065548,20.670153651544144
4.521999999999845,0.49168276869796157,1.6229719370959224,20.670183007205136
4.522999999999845,0.35129562453387975,1.340172939195602,20.670214186673448
4.5239999999998455,0.21396027581939986,1.1541963605508414,20.670247407105183
4.524999999999846,0.0803410988059556,1.0740079573769856,20.670282819171
4.525999999999846,-0.04880240458834556,1.109580039182572,20.67032051152594
4.5269999999998465,-0.1726179180749983,1.2712503207457688,20.67036051517591
4.527999999999847,-0.290167245121777,1.5689848625019296,20.67040280778002
4.528999999999847,-0.35748494613167,1.8000867774275817,20.6704473179027
4.5299999999998475,-0.6958538069804312,2.013573544967892,20.14350048492075
4.530999999999848,-0.6891630641861346,1.999853187974298,20.121159683855947
4.531999999999848,-0.39565574653178875,2.037264079461152,20.109701333577767
4.5329999999998485,-0.39118695131671577,2.02360715297486,20.08927010023813
4.533999999999849,-0.38708768663812276,2.009700319991539,20.069671595961054
4.534999999999849,-0.38335859787771,1.9955357703960508,20.050905998900433
4.5359999999998495,-0.3799996017727286,1.9811066280403542,20.03297277984391
4.53699999999985,-0.377009858375672,1.9664069398522532,20.01587071192589
4.53799999999985,-0.3743877501402082,1.9514316623409318,19.99959788088827
4.5389999999998505,-0.3721308681221799,1.9361766455137863,19.98415169578088
4.539999999999851,-0.37023600522159406,1.9206386142498348,19.96952890000947
4.540999999999851,-0.3686991563307648,1.9048151472028148,19.955725582646892
4.5419999999998515,-0.3675155251991943,1.8887046533389387,19.942737189943415
4.542999999999852,-0.3666795377576689,1.8723063462454634,19.930558536984794
4.543999999999852,-0.3661848615934195,1.8556202163715962,19.91918381944639
4.5449999999998525,-0.3660244312110499,1.8386470013934586,19.908606625416667
4.545999999999853,-0.3661904786607054,1.8213881549154456,19.898819947259483
4.546999999999853,-0.36667456907927903,1.8038458137451887,19.889816193515976
4.5479999999998535,-0.5994332134856165,2.1833503060432946,19.877412623006236
4.548999999999854,-0.939878745375277,3.038024515390495,19.897785630910576
4.549999999999854,-0.3316712461821396,3.9117044743558154,20.671468259314096
4.5509999999998545,-0.32823673009206544,3.894340284124837,20.671496400159533
4.551999999999855,-0.32481799989179194,3.877156365331416,20.67152083355106
4.552999999999855,-0.32141487979665584,3.8601518060419266,20.671541444285626
4.5539999999998555,-0.31802719246886824,3.8433257129569256,20.671558144812693
4.554999999999856,-0.31465475894712824,3.8266772112119725,20.671570875319066
4.555999999999856,-0.31129739860677574,3.8102054441224027,20.671579603543414
4.5569999999998565,-0.30795492914295863,3.793909572872508,20.671584324329093
4.557999999999857,-0.30462716658180966,3.7777887761596958,20.67158505894808
4.558999999999857,-0.30131392531674805,3.7618422497969277,20.67158185419989
4.5599999999998575,-0.29801501816559295,3.746069206285256,20.671574781317837
4.560999999999858,-0.29473025645233264,3.730468874351004,20.671563934704515
4.561999999999858,-0.2914594501098975,3.7150404984618035,20.671549430511185
4.5629999999998585,-0.2882024078009735,3.6997833383311445,20.67153140509763
4.563999999999859,-0.2849589370576382,3.6846966683983737,20.671510013387476
4.564999999999859,-0.28172884443946344,3.6697797773144885,20.671485427148284
4.5659999999998595,-0.2785119356978356,3.655031967417017,20.671457833206123
4.56699999999986,-0.2753080159607606,3.640452554209105,20.67142743163721
4.56799999999986,-0.27211688992572647,3.626040865841219,20.671394433940545
4.5689999999998605,-0.26893836205701405,3.611796242612513,20.671359061212776
4.569999999999861,-0.26577223679687734,3.597718036467313,20.671321542349386
4.570999999999861,-0.26261831877556574,3.583805610520926,20.67128211228383
4.5719999999998615,-0.25947641302811064,3.570058338597164,20.67124101027536
4.572999999999862,-0.2563463252127036,3.5564756047845094,20.67119847826301
4.573999999999862,-0.25322786182827883,3.5430568030110408,20.671154759293664
4.5749999999998625,-0.25012083043253597,3.5298013366476653,20.671110096034262
4.575999999999863,-0.2470250398581726,3.5167086181234026,20.671064729371494
4.576999999999863,-0.24394030042414272,3.5037780685740927,20.671018897105196
4.5779999999998635,-0.24086642414307846,3.491009117504518,20.67097283274513
4.578999999999864,-0.2378032249264379,3.4784012024831554,20.670926764406225
4.579999999999864,-0.23475051877996123,3.4659537688471573,20.670880913803515
4.5809999999998645,-0.23170812399376928,3.453666269441328,20.670835495353302
4.581999999999865,-0.22867586132549889,3.4415381643730143,20.67079071536932
4.582999999999865,-0.22565355417609112,3.4295689207853,20.670746771362708
4.5839999999998655,-0.22264102875523406,3.4177580126556677,20.670703851434364
4.584999999999866,-0.219638114240567,3.406104920603866,20.6706621337565
4.585999999999866,-0.21664464292503283,3.3946091317321816,20.6706217861512
4.5869999999998665,-0.2136604503564996,3.383270139466731,20.670582965739335
4.587999999999867,-0.2106853754674347,3.3720874434234247,20.670545818675947
4.588999999999867,-0.20771926069348012,3.36106054928689,20.67051047995963
4.5899999999998675,-0.20476195208198078,3.3501889686978075,20.67047707330207
4.590999999999868,-0.20181329939028103,3.3394722191580968,20.670445711068993
4.591999999999868,-0.19887315617472723,3.328909823944855,20.670416494272686
4.5929999999998685,-0.19594137986463522,3.3185013120343,20.670389512617177
4.593999999999869,-0.19301783182822874,3.308246218031286,20.670364844592996
4.594999999999869,-0.19010237742639902,3.2981440821172328,20.67034255761144
4.5959999999998695,-0.18719488605366053,3.288194449992602,20.670322708177956
4.59699999999987,-0.18429523116907376,3.2783968728346053,20.67030534209596
4.59799999999987,-0.18140329031213298,3.2687509072576404,20.670290494699294
4.5989999999998705,-0.1785189451098006,3.2592561152800954,20.670278191114043
4.599999999999871,-0.17564208126756853,3.2499120642956996,20.670268446533086
4.600999999999871,-0.17277258854880984,3.240718327049649,20.670261266514338
4.6019999999998715,-0.16991036074077215,3.2316744816148457,20.670256647290486
4.602999999999872,-0.1670552956088187,3.2227801113792793,20.67025457608957
4.603999999999872,-0.1642072948348101,3.214034805030849,20.670255031466496
4.6049999999998725,-0.16136626394055043,3.205438156544119,20.670257983636255
4.605999999999873,-0.1585321122025931,3.19698976517725,20.670263394816608
4.606999999999873,-0.15570475254624228,3.1886892354639826,20.670271219570743
4.6079999999998735,-0.15288410143037368,3.180536177212673,20.67028140514803
4.608999999999874,-0.15007007871558642,3.1725302055079965,20.670293891828376
4.609999999999874,-0.14726260751913856,3.164670940712597,20.67030861326267
4.6109999999998745,-0.14446161405508917,3.1569580084759252,20.670325496810815
4.611999999999875,-0.1416670274592775,3.1493910397430795,20.670344463876727
4.612999999999875,-0.13887877960529948,3.1419696707666276,20.670365430235222
4.6139999999998755,-0.13609680490073472,3.1346935431242855,20.67038830635987
4.614999999999876,-0.13332104007486478,3.1275623037379177,20.670412997745636
4.615999999999876,-0.13055142395063513,3.1205756048973257,20.67043940522079
4.6169999999998765,-0.12778789720841904,3.113733104287476,20.670467425258803
4.617999999999877,-0.12503040213633776,3.107034465019917,20.670496950287422
4.618999999999877,-0.12227888236788094,3.100479355670322,20.6705278689867
4.6199999999998775,-0.11953328261488187,3.0940674503181427,20.670560066585594
4.620999999999878,-0.11679354838781852,3.0877984285931883,20.670593425161442
4.621999999999878,-0.11405962571114023,3.08167197572672,20.670627823926896
4.6229999999998785,-0.11133146083011239,3.075687782608112,20.670663139519217
4.623999999999879,-0.10860899991535944,3.069845545848033,20.67069924629064
4.624999999999879,-0.1058921887627764,3.064144967846402,20.670736016594837
4.6259999999998795,-0.10318097248895962,3.0585857568680233,20.670773321073824
4.62699999999988,-0.10047529522968612,3.053167627123917,20.67081102895342
4.62799999999988,-0.09777509983641845,3.047890298859339,20.67084900833487
4.6289999999998805,-0.09508032757784969,3.042753498449987,20.670887126493003
4.629999999999881,-0.09239091784493397,3.0377569585043425,20.67092525018824
4.630999999999881,-0.08970680785864929,3.032900417973715,20.67096324597448
4.6319999999998815,-0.08702793239119966,3.0281836222708756,20.67100098052859
4.632999999999882,-0.08435422349305363,3.0236063233960673,20.671038320986924
4.633999999999882,-0.08168561022938442,3.0191682800708364,20.67107513529611
4.6349999999998825,-0.07902201843386981,3.014869257881248,20.671111292584634
4.635999999999883,-0.0763633704720298,3.0107090294296843,20.671146663548747
4.636999999999883,-0.07370958502248573,3.0066873744953986,20.671181120863913
4.6379999999998835,-0.07106057687592951,3.002804080204064,20.671214539619537
4.638999999999884,-0.06841625675020778,2.9990589412071906,20.671246797785507
4.639999999999884,-0.0657765311269417,2.995451759872709,20.67127777670138
4.6409999999998846,-0.06314130210902665,2.991982346483411,20.671307361609635
4.641999999999885,-0.06051046729761822,2.988650519447825,20.671335442221192
4.642999999999885,-0.057883919693992425,2.9854561055216777,20.67136191332309
4.6439999999998856,-0.05526154762259239,2.982398940041463,20.671386675436096
4.644999999999886,-0.052643234678924955,2.97947886716652,20.67140963550846
4.645999999999886,-0.05002885970469606,2.9766957401430147,20.671430707680663
4.6469999999998866,-0.047418296779540015,2.9740494215676563,20.67144981409304
4.647999999999887,-0.044811415243543706,2.9715397836730233,20.671466885759088
4.648999999999887,-0.04220807974388663,2.9691667086339635,20.67148186350524
4.649999999999888,-0.039608150306776224,2.9669300888698444,20.671494698971554
4.650999999999888,-0.03701148242828367,2.964829827380683,20.671505355695178
4.651999999999888,-0.03441792719195291,2.962865838099745,20.671513810259114
4.652999999999889,-0.031827331420117844,2.961038046242816,20.671520053521633
4.653999999999889,-0.029239537829198525,2.9593463887043256,20.67152409192907
4.654999999999889,-0.026654385227175226,2.9577908144475487,20.671525948903735
4.65599999999989,-0.024071708722658514,2.956371284938683,20.671525666322104
4.65699999999989,-0.02149133996249475,2.9550877745793116,20.671523306066796
4.65799999999989,-0.018913107388470962,2.9539402711693583,20.671518951668247
4.658999999999891,-0.016336836522441445,2.9529287764020182,20.6715127100218
4.659999999999891,-0.013762350266006251,2.9520533063744665,20.671504713174293
4.660999999999891,-0.011189469238615857,2.9513138921212203,20.671495120190635
4.661999999999892,-0.008618012118859042,2.95071058015003,20.671484119070776
4.662999999999892,-0.006047796035545616,2.9502434330712504,20.671471928725
4.663999999999892,-0.003478636972431559,2.949912530164738,20.671458800983565
4.664999999999893,-0.0009250666598745738,2.9497166494777503,20.671439287828402
4.665999999999893,0.0016269527927761374,2.9496577386586296,20.671419308374276
4.666999999999893,0.004223227819238673,2.949738885911188,20.671416685982386
4.667999999999894,0.006848139392786834,2.9499570474793018,20.67142494239343
4.668999999999894,0.009471411154208909,2.9503096840959415,20.671432528187953
4.669999999999894,0.012093188726339577,2.9507969858308343,20.671439774144158
4.670999999999895,0.014713614444644918,2.9514191295110663,20.671446960074004
4.671999999999895,0.017332828259441158,2.952176280207482,20.67145431881795
4.672999999999895,0.01995096860173362,2.9530685925292346,20.67146204011614
4.673999999999896,0.022568173148556525,2.9540962119297944,20.671470274357034
4.674999999999896,0.025184579543520158,2.955259275918934,20.671479136168983
4.675999999999896,0.027800326042097367,2.956557915159401,20.671488707847097
4.676999999999897,0.030415552072099672,2.957992254589861,20.671499042613704
4.677999999999897,0.03303039874663227,2.959562414392167,20.671510167690066
4.678999999999897,0.03564500929405767,2.961268510976282,20.67152208719619
4.679999999999898,0.03825952942725053,2.9631106578396498,20.671534784856306
4.680999999999898,0.0408741076514616,2.965088966442437,20.671548226529474
4.681999999999898,0.04348889550021795,2.9672035469637876,20.671562362556504
4.682999999999899,0.04610404772347465,2.9694545090661677,20.671577129932288
4.683999999999899,0.048719722409146016,2.9718419625714887,20.671592454308858
4.684999999999899,0.051336081054842,2.9743660181188716,20.671608251834453
4.6859999999999,0.05395328858810444,2.977026787764487,20.671624430833155
4.6869999999999,0.05657151333980437,2.979824385555162,20.671640893341348
4.6879999999999,0.0591909269730877,2.9827589280509414,20.67165753649878
4.688999999999901,0.06181170436946104,2.9858305348233216,20.67167425380744
4.689999999999901,0.06443402348145355,2.989039328913748,20.671690936269403
4.690999999999901,0.06705806515128643,2.992385437258008,20.671707473405455
4.691999999999902,0.06968401289969961,2.9958689910901626,20.67172375416714
4.692999999999902,0.07231205269056318,2.999490126305318,20.671739667751783
4.693999999999902,0.07494237267229664,3.0032489838023366,20.671755104322337
4.694999999999903,0.07757516290558897,3.0071457098040355,20.67176995564663
4.695999999999903,0.0802106150697739,3.011180456144814,20.67178411565846
4.696999999999903,0.08284892216332196,3.0153533805391817,20.671797480950435
4.697999999999904,0.08549027820012611,3.0196646468330073,20.671809951207113
4.698999999999904,0.08813487789640817,3.0241144252254344,20.671821429574017
4.699999999999904,0.09078291635887581,3.0287028924814194,20.671831822984185
4.700999999999905,0.09343458877660282,3.033430232117894,20.671841042438427
4.701999999999905,0.09609009011569469,3.0382966345757154,20.671849003243842
4.702999999999905,0.09874961482307754,3.043302297376897,20.67185562522119
4.703999999999906,0.10141335654233785,3.048447425265124,20.671860832879588
4.704999999999906,0.10408150783646875,3.053732230333253,20.671864555567463
4.705999999999906,0.10675425992880605,3.05915693213592,20.671866727601245
4.706999999999907,0.10943180246064799,3.0647217577891297,20.671867288373956
4.707999999999907,0.11211432326055615,3.0704269420631363,20.671866182451907
4.708999999999907,0.11480200813693386,3.0762727274557164,20.671863359656356
4.709999999999908,0.11749504068944816,3.0822593642662923,20.67185877513565
4.710999999999908,0.12019360213798791,3.0883871106511833,20.67185238942999
4.711999999999908,0.12289787117336459,3.094656232673856,20.671844168531113
4.712999999999909,0.12560802382870406,3.1010670043516484,20.67183408394188
4.713999999999909,0.1283242333717567,3.1076197076856715,20.67182211272293
4.714999999999909,0.1310466702192059,3.114314632695482,20.671808237547353
4.71599999999991,0.13377550186768872,3.121152077438637,20.671792446756697
4.71699999999991,0.13651089284832096,3.128132348028089,20.67177473441058
4.71799999999991,0.13925300469932722,3.1352557586486682,20.671755100341688
4.718999999999911,0.14200199595586582,3.1425226315607233,20.671733550210917
4.719999999999911,0.14475802216102807,3.1499332971091007,20.67171009557023
4.720999999999911,0.14752123588883137,3.157488093724055,20.67168475391866
4.721999999999912,0.15029178678591393,3.1651873679149958,20.67165754876606
4.722999999999912,0.1530698216286055,3.173031474274808,20.671628509699403
4.723999999999912,0.15585548439040053,3.1810207754655266,20.67159767244477
4.724999999999913,0.1586489163224769,3.189155642216406,20.671565078935267
4.725999999999913,0.16145025604632224,3.1974364533083417,20.671530777376592
4.726999999999913,0.16425963965482993,3.2058635955673935,20.67149482230927
4.727999999999914,0.1670772008208985,3.214437463849322,20.67145727467105
4.728999999999914,0.16990307091501222,3.2231584610218533,20.671418201855452
4.729999999999914,0.1727373791269713,3.232026997958883,20.671377677762187
4.730999999999915,0.17558025259290844,3.2410434935129615,20.671335782842142
4.731999999999915,0.1784318165251193,3.250208374501881,20.671292604134184
4.732999999999915,0.18129219434428023,3.2595220756909384,20.671248235288992
4.733999999999916,0.18416150781391138,3.2689850397650844,20.671202776581033
4.734999999999916,0.18703987717358928,3.278597717312323,20.671156334902594
4.735999999999916,0.18992742127218776,3.2883605667927895,20.671109023741085
4.736999999999917,0.19282425770163059,3.2982740545101024,20.671060963137148
4.737999999999917,0.1957305029232259,3.308338654584986,20.671012279614033
4.738999999999917,0.19864627239678612,3.3185548489118446,20.67096310608016
4.739999999999918,0.2015716807017327,3.328923127124426,20.67091358170787
4.740999999999918,0.20450684165868438,3.3394439865501226,20.670863851770797
4.741999999999918,0.207451868443016,3.350117932159492,20.670814067446027
4.742999999999919,0.2104068736926905,3.360945476509187,20.67076438557685
4.743999999999919,0.21337196961715676,3.3719271396805652,20.67071496839278
4.744999999999919,0.21634726809334381,3.3830634492069294,20.670665983174178
4.74599999999992,0.21933288076257895,3.394354939994855,20.670617601870894
4.74699999999992,0.2223289191190645,3.405802154235971,20.670570000670743
4.74799999999992,0.22533549459132018,3.4174056413055496,20.67052335949522
4.748999999999921,0.22835271862288664,3.4291659576526854,20.67047786144672
4.749999999999921,0.23138070274671918,3.4410836666813793,20.670433692185405
4.750999999999921,0.2344195586512967,3.453159338611613,20.670391039235746
4.751999999999922,0.23746939824613378,3.465393550334511,20.670350091234592
4.752999999999922,0.2405303337211251,3.47778688524636,20.670311037096063
4.753999999999922,0.24360247760131415,3.49033993307512,20.67027406510934
4.754999999999923,0.2466859428012782,3.5030532896898876,20.670239361969642
4.755999999999923,0.2497808426724788,3.5159275568879593,20.670207111729088
4.756999999999923,0.2528872910486797,3.52896334217985,20.670177494682815
4.757999999999924,0.2560054022922884,3.5421612585449793,20.670150686188112
4.758999999999924,0.2591352913310345,3.555521924183722,20.67012685541769
4.759999999999924,0.2622770737010143,3.5690459622460367,20.670106164056577
4.760999999999925,0.2654308655839941,3.582734000556684,20.6700887649471
4.761999999999925,0.2685967838433214,3.59658667131373,20.670074800689356
4.762999999999925,0.27177494606060293,3.610604610790233,20.670064402208464
4.763999999999926,0.27496547056914267,3.624788459017168,20.670057687296882
4.764999999999926,0.27816847649009446,3.6391388594623777,20.670054759147327
4.765999999999926,0.2813840837643795,3.653656458705427,20.670055704888302
4.766999999999927,0.28461241318787245,3.668341906110186,20.67006059413655
4.767999999999927,0.2878535864418055,3.683195853497523,20.670069477589735
4.768999999999927,0.2911077261277555,3.698218954825279,20.67008238567152
4.769999999999928,0.2943749557978492,3.713411865877788,20.670099327248714
4.770999999999928,0.29765539998322765,3.728775243962218,20.670120288446867
4.771999999999928,0.30094918422693695,3.744309747635157,20.670145231579234
4.772999999999929,0.3042564351111494,3.7600160364461317,20.670174094212516
4.773999999999929,0.30757728028225273,3.775894770701484,20.670206788398104
4.774999999999929,0.3109118484781632,3.7919466112813325,20.67024320007951
4.77599999999993,0.314260269550914,3.8081722194752956,20.670283188703078
4.77699999999993,0.317622674485186,3.8245722568810834,20.67032658705417
4.77799999999993,0.3209991954203204,3.8411473853371945,20.670373201332314
4.778999999999931,0.32438996566355627,3.8578982669264406,20.670422811484674
4.779999999999931,0.32779511970360886,3.8748255640274465,20.67047517181393
4.780999999999931,0.33121479322313974,3.8919299394390237,20.670530011865484
4.781999999999932,-0.31358999481635796,3.0927577162278337,19.86266080820708
4.782999999999932,-0.12346151829767459,2.2343795525984897,19.841873565836497
4.783999999999932,0.043679807449905475,1.834780317727034,19.856349806154878
4.784999999999933,0.046878074340944445,1.8523371790375927,19.866048306043417
4.785999999999933,0.04961313191601416,1.8696011565968942,19.8764305910818
4.786999999999933,0.051875334152163485,1.8865711312633027,19.887504230774155
4.787999999999934,0.05365601538489808,1.903246679761365,19.899276557348177
4.788999999999934,0.05494753132301994,1.9196281036895315,19.91175466040371
4.789999999999934,0.05574329332508571,1.9357164573320707,19.92494537996399
4.790999999999935,0.056037795365928705,1.9515135740738312,19.93885529784182
4.791999999999935,0.055826633190800376,1.9670220912314484,19.953490727268214
4.792999999999935,0.055106515222990766,1.9822454731360257,19.968857700744987
4.793999999999936,0.05387526486640579,1.9971880323214557,19.98496195609664
4.794999999999936,0.05213181392218613,2.0118549487002375,20.001808920750882
4.795999999999936,0.049876186921099616,2.026252286633598,20.019403694297374
4.796999999999937,0.04710947625477377,2.0403870098227888,20.037751029377507
4.797999999999937,0.04383380807205719,2.0542669939834672,20.05685531102618
4.798999999999937,-0.25371056016430393,2.058338046144894,20.06571606498953
4.799999999999938,-0.25953051167922114,2.0733035400002313,20.08657623660904
4.800999999999938,-0.2659089613391905,2.0880790154679394,20.108212383442922
4.801999999999938,0.07460166377431723,1.9256495816853887,20.671623833122524
4.802999999999939,0.07782764131837774,1.9823791908007755,20.67164365340696
4.803999999999939,0.11280168890132863,1.956596350527478,20.67165873234177
4.804999999999939,0.22131569442745835,1.8720894318729449,20.671669057231533
4.80599999999994,0.3504949515778385,1.9161493065379145,20.671674668558868
4.80699999999994,0.49820045943030117,2.077701756505034,20.671675662449857
4.80799999999994,0.6624526073070153,2.3462196298861624,20.671672192966703
4.808999999999941,0.8414993120994181,2.7122936199199543,20.671664474246747
4.809999999999941,1.0338712009558537,3.1681155667903536,20.671652782528927
4.810999999999941,1.2384272604450273,3.707891900893907,20.671637458091915
4.811999999999942,1.4543937237427529,4.328203209895314,20.67161890715173
4.812999999999942,1.6813980971816902,5.028322256502268,20.67159760377235
4.813999999999942,1.9194992537266433,5.810497930387925,20.671574091850605
4.814999999999943,2.126125467771618,6.583241722864283,20.671522153387393
4.815999999999943,-0.0028951994794353536,-0.0076646477353275845,10.392681402458967
4.816999999999943,-1.303926287932985,-5.5328506186102455,0.0
4.817999999999944,-1.1167099427986267,-5.269577100071647,0.0
4.818999999999944,-0.9261989171999848,-4.931830227159775,0.0
4.819999999999944,-0.733014802662074,-4.524591655689565,0.0
4.820999999999945,-0.5373893292007128,-4.049905701657753,0.0
4.821999999999945,-0.339242039693093,-3.5074032936958828,0.0
4.822999999999945,-0.13825744923408798,-2.8948318628380125,0.0
4.823999999999946,-0.023737730110742913,-2.510563933568931,0.0
4.824999999999946,-0.0262692728337705,-2.5025827408879278,0.0
4.825999999999946,-0.028486506068678072,-2.4945493685315006,0.0
4.826999999999947,-0.030373554926013707,-2.486424666803221,0.0
4.827999999999947,-0.031911291077282994,-2.4781449790358665,0.0
4.828999999999947,-0.03307816417714989,-2.4696270772041102,0.0
4.829999999999948,-0.033850995595163684,-2.4607728826270714,0.0
4.830999999999948,-0.0342057334729326,-2.451473968067695,0.0
4.831999999999948,0.1644836433219838,-1.814895739785436,0.0
4.832999999999949,0.1601624433113625,-1.8193921107161894,0.0
4.833999999999949,0.15642994364598412,-1.8227050596203216,0.0
4.834999999999949,0.153295375799911,-1.8247570680650997,0.0
4.83599999999995,0.15076638701755748,-1.8254778220235197,0.0
4.83699999999995,0.14884877197680466,-1.824806733568102,0.0
4.83799999999995,0.14754623038866183,-1.8226952704933361,0.0
4.838999999999951,0.1468601510636065,-1.819109090407082,0.0
4.839999999999951,0.14678942302176765,-1.8140299745380255,0.0
4.840999999999951,0.14733027428802822,-1.8074575551130978,0.0
4.841999999999952,0.1484761390661977,-1.7994108287238726,0.0
4.842999999999952,0.15021755403826534,-1.7899294466011764,0.0
4.843999999999952,0.15254208457692062,-1.7790747713431805,0.0
4.844999999999953,0.15543428167442946,-1.7669306885141798,0.0
4.845999999999953,0.15887567038547423,-1.7536041606091104,0.0
4.846999999999953,0.16284477053541005,-1.7392255104004228,0.0
4.847999999999954,0.1670756636337029,-1.727955479956669,0.0022047589205642366
4.848999999999954,-0.03431710683439762,-1.0527300955447254,0.005200608490501015
4.849999999999954,0.0,0.0,0.0
4.850999999999955,0.0,0.0,0.0
4.851999999999955,0.0,0.0,0.0
4.852999999999955,0.0,0.0,0.0
4.853999999999956,0.0,0.0,0.0
4.854999999999956,0.0,0.0,0.0
4.855999999999956,0.0,0.0,0.0
4.856999999999957,0.0,0.0,0.0
4.857999999999957,0.0,0.0,0.0
4.858999999999957,0.0,0.0,0.0
4.859999999999958,0.0,0.0,0.0
4.860999999999958,0.0,0.0,0.0
4.861999999999958,0.0,0.0,0.0
4.862999999999959,0.0,0.0,0.0
4.863999999999959,0.0,0.0,0.0
4.864999999999959,0.0,0.0,0.0
4.86599999999996,0.0,0.0,0.0
4.86699999999996,0.0,0.0,0.0
4.86799999999996,0.0,0.0,0.0
4.868999999999961,0.0,0.0,0.0
4.869999999999961,0.0,0.0,0.0
4.870999999999961,0.0,0.0,0.0
4.871999999999962,0.0,0.0,0.0
4.872999999999962,0.0,0.0,0.0
4.873999999999962,0.0,0.0,0.0
4.874999999999963,0.0,0.0,0.0
4.875999999999963,0.0,0.0,0.0
4.876999999999963,0.0,0.0,0.0
4.877999999999964,0.0,0.0,0.0
4.878999999999964,0.0,0.0,0.0
4.879999999999964,0.0,0.0,0.0
4.880999999999965,0.0,0.0,0.0
4.881999999999965,0.0,0.0,0.0
4.882999999999965,0.0,0.0,0.0
4.883999999999966,0.0,0.0,0.0
4.884999999999966,0.0,0.0,0.0
4.885999999999966,0.0,0.0,0.0
4.886999999999967,0.0,0.0,0.0
4.887999999999967,0.0,0.0,0.0
4.888999999999967,0.0,0.0,0.0
4.889999999999968,0.0,0.0,0.0
4.890999999999968,0.0,0.0,0.0
4.891999999999968,0.0,0.0,0.0
4.892999999999969,0.0,0.0,0.0
4.893999999999969,0.0,0.0,0.0
4.894999999999969,0.0,0.0,0.0
4.89599999999997,0.0,0.0,0.0
4.89699999999997,0.0,0.0,0.0
4.89799999999997,0.0,0.0,0.0
4.898999999999971,0.0,0.0,0.0
4.899999999999971,0.0,0.0,0.0
4.900999999999971,0.0,0.0,0.0
4.901999999999972,0.0,0.0,0.0
4.902999999999972,0.0,0.0,0.0
4.903999999999972,0.0,0.0,0.0
4.904999999999973,0.0,0.0,0.0
4.905999999999973,0.0,0.0,0.0
4.906999999999973,0.0,0.0,0.0
4.907999999999974,0.0,0.0,0.0
4.908999999999974,0.0,0.0,0.0
4.909999999999974,0.0,0.0,0.0
4.910999999999975,0.0,0.0,0.0
4.911999999999975,0.0,0.0,0.0
4.912999999999975,0.0,0.0,0.0
4.913999999999976,0.0,0.0,0.0
4.914999999999976,0.0,0.0,0.0
4.915999999999976,0.0,0.0,0.0
4.916999999999977,0.0,0.0,0.0
4.917999999999977,0.0,0.0,0.0
4.918999999999977,0.0,0.0,0.0
4.919999999999978,0.0,0.0,0.0
4.920999999999978,0.0,0.0,0.0
4.921999999999978,0.0,0.0,0.0
4.922999999999979,0.0,0.0,0.0
4.923999999999979,0.0,0.0,0.0
4.924999999999979,0.0,0.0,0.0
4.92599999999998,0.0,0.0,0.0
4.92699999999998,0.0,0.0,0.0
4.92799999999998,0.0,0.0,0.0
4.928999999999981,0.0,0.0,0.0
4.929999999999981,0.0,0.0,0.0
4.930999999999981,0.0,0.0,0.0
4.931999999999982,0.0,0.0,0.0
4.932999999999982,0.0,0.0,0.0
4.933999999999982,0.0,0.0,0.0
4.934999999999983,0.0,0.0,0.0
4.935999999999983,0.0,0.0,0.0
4.936999999999983,0.0,0.0,0.0
4.937999999999984,0.0,0.0,0.0
4.938999999999984,0.0,0.0,0.0
4.939999999999984,0.0,0.0,0.0
4.940999999999985,0.0,0.0,0.0
4.941999999999985,0.0,0.0,0.0
4.942999999999985,0.0,0.0,0.0
4.943999999999986,0.0,0.0,0.0
4.944999999999986,0.0,0.0,0.0
4.945999999999986,0.0,0.0,0.0
4.946999999999987,0.0,0.0,0.0
4.947999999999987,0.0,0.0,0.0
4.948999999999987,0.0,0.0,0.0
4.949999999999988,0.0,0.0,0.0
4.950999999999988,0.0,0.0,0.0
4.951999999999988,0.0,0.0,0.0
4.952999999999989,0.0,0.0,0.0
4.953999999999989,0.0,0.0,0.0
4.954999999999989,0.0,0.0,0.0
4.95599999999999,0.0,0.0,0.0
4.95699999999999,0.0,0.0,0.0
4.95799999999999,0.0,0.0,0.0
4.958999999999991,0.0,0.0,0.0
4.959999999999991,0.0,0.0,0.0
4.960999999999991,0.0,0.0,0.0
4.961999999999992,0.0,0.0,0.0
4.962999999999992,0.0,0.0,0.0
4.963999999999992,0.0,0.0,0.0
4.964999999999993,0.0,0.0,0.0
4.965999999999993,0.0,0.0,0.0
4.966999999999993,0.0,0.0,0.0
4.967999999999994,0.0,0.0,0.0
4.968999999999994,0.0,0.0,0.0
4.969999999999994,0.0,0.0,0.0
4.970999999999995,0.0,0.0,0.0
4.971999999999995,0.0,0.0,0.0
4.972999999999995,0.0,0.0,0.0
4.973999999999996,0.0,0.0,0.0
4.974999999999996,0.0,0.0,0.0
4.975999999999996,0.0,0.0,0.0
4.976999999999997,0.0,0.0,0.0
4.977999999999997,0.0,0.0,0.0
4.978999999999997,0.0,0.0,0.0
4.979999999999998,0.0,0.0,0.0
4.980999999999998,0.0,0.0,0.0
4.981999999999998,0.0,0.0,0.0
4.982999999999999,0.0,0.0,0.0
4.983999999999999,0.0,0.0,0.0
4.984999999999999,0.0,0.0,0.0
4.986,0.0,0.0,0.0
4.987,0.0,0.0,0.0
4.988,0.0,0.0,0.0
4.989000000000001,0.0,0.0,0.0
4.990000000000001,0.0,0.0,0.0
4.991000000000001,0.0,0.0,0.0
4.992000000000002,0.0,0.0,0.0
4.993000000000002,0.0,0.0,0.0
4.994000000000002,0.0,0.0,0.0
4.995000000000003,0.0,0.0,0.0
4.996000000000003,0.0,0.0,0.0
4.997000000000003,0.0,0.0,0.0
4.998000000000004,0.0,0.0,0.0
4.999000000000004,0.0,0.0,0.0
5.000000000000004,0.0,0.0,0.0
5.001000000000005,0.0,0.0,0.0
5.002000000000005,0.0,0.0,0.0
5.003000000000005,0.0,0.0,0.0
5.004000000000006,0.0,0.0,0.0
5.005000000000006,0.0,0.0,0.0
5.0060000000000064,0.0,0.0,0.0
5.007000000000007,0.0,0.0,0.0
5.008000000000007,0.0,0.0,0.0
5.0090000000000074,0.0,0.0,0.0
5.010000000000008,0.0,0.0,0.0
5.011000000000008,0.0,0.0,0.0
5.0120000000000084,0.0,0.0,0.0
5.013000000000009,0.0,0.0,0.0
5.014000000000009,0.0,0.0,0.0
5.0150000000000095,0.0,0.0,0.0
5.01600000000001,0.0,0.0,0.0
5.01700000000001,0.0,0.0,0.0
5.0180000000000105,0.0,0.0,0.0
5.019000000000011,0.0,0.0,0.0
5.020000000000011,0.0,0.0,0.0
5.0210000000000115,0.0,0.0,0.0
5.022000000000012,0.0,0.0,0.0
5.023000000000012,0.0,0.0,0.0
5.0240000000000125,0.0,0.0,0.0
5.025000000000013,0.0,0.0,0.0
5.026000000000013,0.0,0.0,0.0
5.0270000000000135,0.0,0.0,0.0
5.028000000000014,0.0,0.0,0.0
5.029000000000014,0.0,0.0,0.0
5.0300000000000145,0.0,0.0,0.0
5.031000000000015,0.0,0.0,0.0
5.032000000000015,0.0,0.0,0.0
5.0330000000000155,0.0,0.0,0.0
5.034000000000016,0.0,0.0,0.0
5.035000000000016,0.0,0.0,0.0
5.0360000000000165,0.0,0.0,0.0
5.037000000000017,0.0,0.0,0.0
5.038000000000017,0.0,0.0,0.0
5.0390000000000175,0.0,0.0,0.0
5.040000000000018,0.0,0.0,0.0
5.041000000000018,0.0,0.0,0.0
5.0420000000000185,0.0,0.0,0.0
5.043000000000019,0.0,0.0,0.0
5.044000000000019,0.0,0.0,0.0
5.0450000000000195,0.0,0.0,0.0
5.04600000000002,0.0,0.0,0.0
5.04700000000002,0.0,0.0,0.0
5.0480000000000205,0.0,0.0,0.0
5.049000000000021,0.0,0.0,0.0
5.050000000000021,0.0,0.0,0.0
5.0510000000000215,0.0,0.0,0.0
5.052000000000022,0.0,0.0,0.0
5.053000000000022,0.0,0.0,0.0
5.0540000000000225,0.0,0.0,0.0
5.055000000000023,0.0,0.0,0.0
5.056000000000023,0.0,0.0,0.0
5.0570000000000235,0.0,0.0,0.0
5.058000000000024,0.0,0.0,0.0
5.059000000000024,0.0,0.0,0.0
5.0600000000000245,0.0,0.0,0.0
5.061000000000025,0.0,0.0,0.0
5.062000000000025,0.0,0.0,0.0
5.0630000000000255,0.0,0.0,0.0
5.064000000000026,0.0,0.0,0.0
5.065000000000026,0.0,0.0,0.0
5.0660000000000265,0.0,0.0,0.0
5.067000000000027,0.0,0.0,0.0
5.068000000000027,0.0,0.0,0.0
5.0690000000000275,0.0,0.0,0.0
5.070000000000028,0.0,0.0,0.0
5.071000000000028,0.0,0.0,0.0
5.0720000000000285,0.0,0.0,0.0
5.073000000000029,0.0,0.0,0.0
5.074000000000029,0.0,0.0,0.0
5.0750000000000295,0.0,0.0,0.0
5.07600000000003,0.0,0.0,0.0
5.07700000000003,0.0,0.0,0.0
5.0780000000000305,0.0,0.0,0.0
5.079000000000031,0.0,0.0,0.0
5.080000000000031,0.0,0.0,0.0
5.0810000000000315,0.0,0.0,0.0
5.082000000000032,0.0,0.0,0.0
5.083000000000032,0.0,0.0,0.0
5.0840000000000325,0.04478369539296236,-1.0046044178853206,0.026920733845588414
5.085000000000033,0.3559496962955836,-1.6729312516791115,0.022990039081036907
5.086000000000033,0.3562241446771909,-1.6716517072577592,0.013136258231047238
5.0870000000000335,0.35701093914465143,-1.670752584889782,0.0026065099277011246
5.088000000000034,0.3590579890859825,-1.6817124203196063,0.0
5.089000000000034,0.361869338117504,-1.6948412331704992,0.0
5.0900000000000345,0.3652212260488803,-1.7062535222653423,0.0
5.091000000000035,0.3691193188311677,-1.7159060198477367,0.0
5.092000000000035,0.37356865084116386,-1.723775280153078,0.0
5.0930000000000355,0.37857358953673304,-1.729856664181363,0.0
5.094000000000036,0.38413780184626833,-1.7341631441751857,0.0
5.095000000000036,0.3902642230001526,-1.736723936998799,0.0
5.0960000000000365,0.396955028408263,-1.7375829734696202,0.0
5.097000000000037,0.40421160908807086,-1.7367972085456773,0.0
5.098000000000037,0.4120345510350327,-1.7344347751121831,0.0
5.0990000000000375,0.42042361881175305,-1.730572982067685,0.0
5.100000000000038,0.42937774352549457,-1.725296155561466,0.0
5.101000000000038,0.354552684600406,-2.3475179957364376,0.0
5.1020000000000385,0.36220507899776233,-2.355090611425768,0.0
5.103000000000039,0.3703596647664157,-2.3619325198147623,0.0
5.104000000000039,0.37900321538718795,-2.3681706743196624,0.0
5.1050000000000395,0.388121955992597,-2.3739241665692106,0.0
5.10600000000004,0.3977017676436564,-2.3793001707429484,0.0
5.10700000000004,0.4077284067206217,-2.384389654389303,0.0
5.1080000000000405,0.4181877393005209,-2.389262850963415,0.0
5.109000000000041,0.42906599037764115,-2.393964490583253,0.0
5.110000000000041,0.44035000775648037,-2.3985087871211466,0.0
5.1110000000000415,0.4004622321228741,-2.600454508800148,0.0
5.112000000000042,0.2869394440388613,-3.0175803483104717,0.0
5.113000000000042,0.1683303047312601,-3.361747605191385,0.0
5.1140000000000425,0.04457069032590108,-3.63421298339907,0.0
5.115000000000043,-0.08437760035515687,-3.833801013411346,0.0
5.116000000000043,-0.1965488850520855,-3.89631819075581,0.0
5.1170000000000435,0.002656214691455227,0.008157584553579749,10.455947218947777
5.118000000000044,1.3703719154604443,5.102494541964894,20.670021374276686
5.119000000000044,1.2206860666251544,4.308988656192177,20.67004753198185
5.1200000000000445,1.0719569009461665,3.6063185170257093,20.67007326017279
5.121000000000045,0.9243226284641266,2.987882855288241,20.670099182828885
5.122000000000045,0.7780012008276782,2.4505567724140302,20.670125831616787
5.1230000000000455,0.6332938902945756,1.9943927649836048,20.670153651750645
5.124000000000046,0.49058844455777967,1.6222850724079425,20.670183007425642
5.125000000000046,0.35036211374633175,1.3395942821016735,20.670214186904992
5.1260000000000465,0.2131844782434378,1.1537243731321922,20.670247407345943
5.127000000000047,0.07971960339531627,1.0736406448416167,20.670282819419302
5.128000000000047,-0.04927338124410993,1.109314816137017,20.670320511779096
5.1290000000000475,-0.17294260961825875,1.2710838533994058,20.67036051543438
5.130000000000048,-0.29035042738065553,1.5689128955377702,20.670402808041686
5.131000000000048,-0.3575744160624959,1.8000322593617164,20.670447318166143
5.1320000000000485,-0.6958602345779423,2.0135711740777853,20.143498728634295
5.133000000000049,-0.6891694797610438,1.9998508246065443,20.121157897662897
5.134000000000049,-0.39566188030931815,2.0372640655154592,20.109699972396196
5.1350000000000495,-0.39119307479076487,2.0236071401708573,20.08926871476335
5.13600000000005,-0.3870937994033492,2.0097003086268757,20.069670189299075
5.13700000000005,-0.38336469955414954,1.9955357607606476,20.050904574074966
5.1380000000000505,-0.380005692006272,1.981106620416784,20.032971339800056
5.139000000000051,-0.3770159368377821,1.9664069345145352,20.015869259526532
5.140000000000051,-0.37439381652722353,1.9514316595546892,19.999596418914695
5.1410000000000515,-0.3721369221558011,1.9361766455353475,19.984150226930918
5.142000000000052,-0.37024204664827726,1.9206386173260341,19.96952742689758
5.143000000000052,-0.3687051849213055,1.9048151535708464,19.955724107803245
5.1440000000000525,-0.3675215407481094,1.8887046632258473,19.94273571581301
5.145000000000053,-0.3666855400839557,1.8723063598679728,19.930557065928202
5.146000000000053,-0.3661908505408507,1.8556202339356846,19.919182353736954
5.1470000000000535,-0.3660304066467976,1.8386470230942151,19.90860516724095
5.148000000000054,-0.3661964404753084,1.82138818093743,19.898818498719493
5.149000000000054,-0.3666805171864073,1.8038458442613974,19.889814756622904
5.1500000000000545,-0.5994385060232711,2.183348976722897,19.877410923625863
5.151000000000055,-0.9398818235661837,3.038022982959575,19.897783116712255
5.152000000000055,-0.3316712426208852,3.911704474633666,20.6714682595901
5.1530000000000555,-0.32823672656903824,3.894340284423947,20.67149640043827
5.154000000000056,-0.3248179964112836,3.877156365653377,20.671520833832826
5.155000000000056,-0.3214148763631286,3.8601518063873073,20.671541444569367
5.1560000000000565,-0.3180271890870543,3.843325713325612,20.67155814509874
5.157000000000057,-0.31465475562243483,3.826677211604192,20.671570875608555
5.158000000000057,-0.31129739534387113,3.8102054445384965,20.671579603835113
5.1590000000000575,-0.30795492594752716,3.793909573310998,20.671584324622813
5.160000000000058,-0.3046271634601041,3.7777887766209233,20.671585059243696
5.161000000000058,-0.30131392227420406,3.7618422502800968,20.671581854496598
5.1620000000000585,-0.2980150152074259,3.7460692067892296,20.671574781615853
5.163000000000059,-0.2947302535844827,3.730468874874873,20.671563935003082
5.164000000000059,-0.2914594473378074,3.715040499005795,20.671549430808533
5.1650000000000595,-0.288202405131166,3.699783338892985,20.67153140539435
5.16600000000006,-0.28495893449616716,3.684696668978404,20.671510013683722
5.16700000000006,-0.28172884199026527,3.6697797779116854,20.671485427441286
5.1680000000000605,-0.27851193336687885,3.6550319680300163,20.671457833495918
5.169000000000061,-0.2753080137529338,3.6404525548363154,20.671427431923405
5.170000000000061,-0.27211688784576893,3.626040866482299,20.671394434220954
5.1710000000000615,-0.268938360110198,3.6117962432648483,20.67135906148671
5.172000000000062,-0.26577223498772184,3.5977180371307895,20.671321542616937
5.173000000000062,-0.2626183171074672,3.583805611194066,20.671282112543707
5.1740000000000625,-0.25947641150511913,3.570058339278262,20.67124101052541
5.175000000000063,-0.25634632383838607,3.556475605472656,20.671198478502376
5.176000000000063,-0.2532278606057474,3.5430568037060084,20.671154759522196
5.1770000000000636,-0.25012082936511604,3.52980133734593,20.671110096250843
5.178000000000064,-0.24702503894734207,3.516708618825419,20.67106472957388
5.179000000000064,-0.24394029967189113,3.5037780692780416,20.671018897293003
5.1800000000000646,-0.240866423551779,3.491009118209263,20.67097283291796
5.181000000000065,-0.23780322449667324,3.4784012031863085,20.6709267645622
5.182000000000065,-0.23475051851275452,3.4659537695484914,20.67088091394194
5.1830000000000656,-0.2317081238895895,3.45366627013982,20.670835495472602
5.184000000000066,-0.2286758613848292,3.4415381650673,20.670790715469657
5.185000000000066,-0.22565355439827783,3.4295689214741287,20.67074677144208
5.186000000000067,-0.22264102913922557,3.4177580133360834,20.67070385149115
5.187000000000067,-0.21963811478619277,3.4061049212774606,20.670662133792224
5.188000000000067,-0.216644643629877,3.3946091323962264,20.67062178616429
5.189000000000068,-0.21366045121826005,3.3832701401207714,20.670582965728318
5.190000000000068,-0.21068537648403662,3.372087444067688,20.670545818640782
5.191000000000068,-0.2077192618613708,3.361060549918534,20.670510479899452
5.192000000000069,-0.2047619533989149,3.35018896931615,20.670477073216702
5.193000000000069,-0.20181330085283378,3.3394722197630244,20.670445710958
5.194000000000069,-0.19887315777812375,3.3289098245353443,20.67041649413614
5.19500000000007,-0.19594138160535124,3.3185013126088734,20.670389512454264
5.19600000000007,-0.19301783370099201,3.3082462185898294,20.670364844403537
5.19700000000007,-0.19010237942636365,3.2981440826589505,20.67034255739621
5.198000000000071,-0.18719488817612273,3.288194450516926,20.670322707936407
5.199000000000071,-0.1842952334077097,3.2783968733409665,20.67030534182772
5.200000000000071,-0.1814032926614857,3.268750907744902,20.670290494404895
5.201000000000072,-0.17851894756383047,3.259256115748599,20.670278190793965
5.202000000000072,-0.17564208381917013,3.2499120647444215,20.67026844618769
5.203000000000072,-0.17277259119059352,3.2407183274781346,20.670261266144173
5.204000000000073,-0.16991036346691146,3.231674482022868,20.670256646896213
5.205000000000073,-0.16705529841237876,3.2227801117668946,20.670254575671066
5.206000000000073,-0.16420729770776177,3.214034805397773,20.670255031024475
5.207000000000074,-0.16136626687581668,3.2054381568898975,20.670257983172576
5.208000000000074,-0.15853211519194588,3.1969897655014847,20.67026339433137
5.209000000000074,-0.1557047555816382,3.188689235766901,20.670271219064787
5.210000000000075,-0.15288410450487788,3.1805361774948437,20.670281404622628
5.211000000000075,-0.15007008182088555,3.1725302057682256,20.670293891284516
5.212000000000075,-0.14726261064675583,3.1646709409515097,20.670308612702186
5.213000000000076,-0.14446161719683204,3.156958008693721,20.670325496234526
5.214000000000076,-0.1416670306072092,3.149391039939786,20.670344463284856
5.215000000000076,-0.13887878275211563,3.141969670942302,20.67036542962964
5.216000000000077,-0.13609680803802604,3.134693543279127,20.670388305742854
5.217000000000077,-0.13332104319392712,3.1275623038720965,20.67041299711797
5.218000000000077,-0.13055142704399536,3.120575605010906,20.670439404583377
5.219000000000078,-0.12778790026880035,3.113733104380797,20.67046742461407
5.220000000000078,-0.12503040515679362,3.107034465093522,20.67049694963668
5.221000000000078,-0.12227888534090497,3.100479355724441,20.670527868330307
5.222000000000079,-0.11953328553299535,3.0940674503531316,20.670560065926445
5.223000000000079,-0.11679355124439049,3.087798428609389,20.67059342450124
5.224000000000079,-0.11405962849923725,3.0816719757246553,20.670627823266514
5.22500000000008,-0.11133146354384282,3.0756877825881648,20.670663138860686
5.22600000000008,-0.108609002549591,3.0698455458104843,20.670699245636083
5.22700000000008,-0.10589219131214463,3.064144967791803,20.67073601594454
5.228000000000081,-0.10318097494777867,3.0585857567969,20.670773320429273
5.229000000000081,-0.10047529759294302,3.053167627036492,20.670811028317065
5.230000000000081,-0.09777510210127305,3.047890298756248,20.670849007707623
5.231000000000082,-0.09508032974043339,3.042753498331841,20.670887125876614
5.232000000000082,-0.09239091990086636,3.0377569583714505,20.670925249584208
5.233000000000082,-0.08970680980643018,3.032900417826629,20.670963245383966
5.234000000000083,-0.08702793422857388,3.028183622110124,20.671000979952133
5.235000000000083,-0.08435422521783029,3.023606323222058,20.67103832042559
5.236000000000083,-0.0816856118419398,3.0191682798840285,20.671075134752222
5.237000000000084,-0.07902201993331794,3.014869257682173,20.671111292059418
5.238000000000084,-0.07636337185833922,3.010709029218854,20.67114666304264
5.239000000000084,-0.0737095862959935,3.006687374273203,20.671181120377533
5.240000000000085,-0.07106057803785869,3.002804079970944,20.67121453915489
5.241000000000085,-0.06841625780334495,2.999058940963645,20.671246797341613
5.242000000000085,-0.06577653207379812,2.995451759619139,20.67127777627959
5.243000000000086,-0.06314130295216411,2.991982346220234,20.671307361211213
5.244000000000086,-0.06051046804082105,2.9886505191753727,20.671335441845855
5.245000000000086,-0.0578839203413537,2.9854561052407433,20.671361912972582
5.246000000000087,-0.05526154817826523,2.982398939751434,20.671386675108984
5.247000000000087,-0.052643235148963186,2.9794788668696413,20.67140963520648
5.248000000000087,-0.05002886009424401,2.97669573983832,20.6714307074038
5.249000000000088,-0.04741829709354306,2.974049421256069,20.671449813840695
5.250000000000088,-0.044811415489448336,2.971539783355439,20.671466885532027
5.251000000000088,-0.042208079929537234,2.969166708309757,20.67148186330212
5.252000000000089,-0.03960815043842558,2.966930088537268,20.671494698793385
5.253000000000089,-0.03701148251218456,2.9648298270437294,20.671505355542283
5.254000000000089,-0.0344179272369729,2.9628658377589687,20.671513810130637
5.25500000000009,-0.03182733143285077,2.9610380458969985,20.671520053417638
5.25600000000009,-0.029239537817375094,2.9593463883557902,20.6715240918493
5.25700000000009,-0.026654385198071395,2.957790814096242,20.67152594884827
5.258000000000091,-0.02407170868468711,2.956371284582332,20.671525666289007
5.259000000000091,-0.02149133992179486,2.955087774217418,20.67152330605642
5.260000000000091,-0.01891310735436491,2.9539402708076636,20.671518951680934
5.261000000000092,-0.016336836498794582,2.9529287760447573,20.67151271005676
5.262000000000092,-0.013762350260549283,2.952053306017035,20.671504713231712
5.263000000000092,-0.011189469256351003,2.951313891759014,20.671495120269263
5.264000000000093,-0.008618012163424282,2.9507105797953272,20.67148411917128
5.265000000000093,-0.006047796114216908,2.950243432717798,20.671471928846763
5.266000000000093,-0.003478637085208902,2.9499125298203808,20.67145880112673
5.267000000000094,-0.0009250668276763463,2.949716649123843,20.67143928800236
5.268000000000094,0.0016269525717689248,2.9496577383293925,20.6714193085828
5.269000000000094,0.004223227590046008,2.949738885585589,20.671416686188977
5.270000000000095,0.006848139185876789,2.949957047154385,20.671424942576497
5.271000000000095,0.009471410966398253,2.9503096837805742,20.671432528351417
5.272000000000095,0.012093188559447299,2.9507969855068836,20.67143977428754
5.273000000000096,0.014713614297306776,2.95141912919496,20.67144696020097
5.274000000000096,0.017332828137568868,2.952176279883247,20.671454318928994
5.275000000000096,0.019950968503053446,2.9530685922049145,20.671462040213726
5.276000000000097,0.022568173076251696,2.9540962116080323,20.6714702744444
5.277000000000097,0.025184579502365523,2.9552592755934626,20.671479136247015
5.278000000000097,0.027800326034366662,2.9565579148390384,20.671488707918616
5.279000000000098,0.030415552101885623,2.957992254269591,20.671499042680274
5.280000000000098,0.03303039881689074,2.959562414074597,20.671510167753752
5.281000000000098,0.03564500940819926,2.9612685106548895,20.671522087258598
5.282000000000099,0.038259529590504826,2.9631106575212414,20.671534784920105
5.283000000000099,0.04087410786496548,2.965088966122522,20.671548226595245
5.284000000000099,0.04348889576795045,2.9672035466496993,20.671562362626027
5.2850000000001,0.046104048047595825,2.9694545087529605,20.671577130007424
5.2860000000001,0.0487197227919296,2.9718419622630563,20.671592454390833
5.2870000000001,0.051336081497538544,2.974366017814816,20.67160825192431
5.288000000000101,0.053953289092078194,2.9770267874644674,20.67162443093255
5.289000000000101,0.056571513906533255,2.9798243852590076,20.671640893451382
5.290000000000101,0.059190927602855936,2.98275892775996,20.671657536619477
5.291000000000102,0.061811705061529665,2.9858305345391614,20.67167425394016
5.292000000000102,0.06443402423576572,2.989039328634874,20.67169093641434
5.293000000000102,0.06705806596568209,2.9923854369870355,20.671707473562968
5.294000000000103,0.06968401377332611,2.995868990824988,20.67172375433828
5.295000000000103,0.07231205362211313,2.9994901260473057,20.671739667936265
5.296000000000103,0.07494237365960998,3.0032489835532488,20.67175510451975
5.297000000000104,0.07757516394428876,3.0071457095626783,20.671769955856565
5.298000000000104,0.08021061615585268,3.011180455910619,20.671784115881927
5.299000000000104,0.0828489232935965,3.0153533803133428,20.671797481187916
5.300000000000105,0.08549027937075948,3.019664646615297,20.671809951456428
5.301000000000105,0.08813487910293816,3.0241144250166485,20.671821429834665
5.302000000000105,0.09078291759593071,3.0287028922812738,20.671831823256266
5.303000000000106,0.09343459003912358,3.0334302319259905,20.67184104272122
5.304000000000106,0.09609009139759905,3.0382966343917133,20.671849003536288
5.305000000000106,0.09874961611944855,3.0433022972009667,20.67185562552244
5.306000000000107,0.10141335784686589,3.0484474250968674,20.67186083318873
5.307000000000107,0.10408150914267367,3.0537322301730683,20.671864555884127
5.308000000000107,0.10675426123117404,3.0591569319830683,20.67186672792404
5.309000000000108,0.10943180375190309,3.06472175764452,20.67186728870127
5.310000000000108,0.11211432453399084,3.0704269419251204,20.671866182783624
5.311000000000108,0.11480200938652274,3.0762727273249766,20.671863359990766
5.312000000000109,0.11749504190930793,3.082259364143283,20.671858775471488
5.313000000000109,0.12019360332169526,3.08838711053329,20.67185238976623
5.314000000000109,0.12289787231335936,3.0946562325624427,20.671844168868013
5.31500000000011,0.12560802491921663,3.101067004245806,20.6718340842775
5.31600000000011,0.12832423440679008,3.1076197075851724,20.671822113054738
5.31700000000011,0.1310466711917968,3.1143146326000988,20.671808237874927
5.318000000000111,0.1337755027720391,3.1211520773485972,20.67179244707969
5.319000000000111,0.1365108936786612,3.128132347942824,20.67177473472878
5.320000000000111,0.1392530054500014,3.135255758567723,20.671755100653087
5.321000000000112,0.1420019966222128,3.1425226314847805,20.671733550514833
5.322000000000112,0.14475802273773297,3.1499332970365685,20.671710095865638
5.323000000000112,0.14752123637029513,3.157488093655047,20.671684754205096
5.324000000000113,0.1502917871682996,3.1651873678501943,20.671657549043097
5.325000000000113,0.1530698219083888,3.173031474212621,20.67162850996555
5.326000000000113,0.15585548456243714,3.1810207754074327,20.671597672699885
5.327000000000114,0.15864891638366885,3.189155642160131,20.67156507917911
5.328000000000114,0.16145025599411156,3.197436453255932,20.671530777608425
5.329000000000114,0.16425963948455546,3.2058635955179398,20.67149482252826
5.330000000000115,0.16707720053088337,3.2144374638022555,20.671457274877497
5.331000000000115,0.1699030705033806,3.2231584609793344,20.671418202049605
5.332000000000115,0.17273737859136418,3.2320269979190925,20.67137767794297
5.333000000000116,0.17558025193216054,3.241043493476809,20.671335783010196
5.334000000000116,0.17843181573732636,3.250208374469821,20.671292604289665
5.335000000000116,0.1812921934291012,3.2595220756625167,20.671248235431367
5.336000000000117,0.18416150677188625,3.2689850397407554,20.67120277671022
5.337000000000117,0.18703987600414962,3.2785977172932235,20.67115633501977
5.338000000000117,0.1899274199752483,3.288360566777783,20.671109023846753
5.339000000000118,0.1928242562785556,3.298274054501462,20.67106096323035
5.340000000000118,0.195730501375607,3.3083386545815756,20.671012279695155
5.341000000000118,0.1986462707244243,3.3185548489143457,20.670963106150314
5.342000000000119,0.20157167890766914,3.3289231271332937,20.67091358176714
5.343000000000119,0.2045068397453349,3.339443986566266,20.670863851819796
5.344000000000119,0.20745186641188695,3.350117932183821,20.67081406748534
5.34500000000012,0.2104068715475762,3.360945476541474,20.670764385607754
5.34600000000012,0.21337196736088515,3.3719271397221746,20.670714968415062
5.34700000000012,0.21634726573046237,3.383063449257861,20.670665983187703
5.348000000000121,0.21933287829713777,3.3943549400576103,20.67061760187795
5.349000000000121,0.22232891655369258,3.405802154309413,20.67057000067021
5.350000000000121,0.22533549193062186,3.417405641389905,20.670523359487998
5.351000000000122,0.2283527158725036,3.4291659577500013,20.67047786143432
5.352000000000122,0.2313806999122079,3.4410836667916556,20.670433692166462
5.353000000000122,0.23441955573809992,3.453159338735759,20.670391039211697
5.354000000000123,0.23746939525891264,3.465393550472527,20.67035009120591
5.355000000000123,0.24053033066564922,3.4777868854000644,20.670311037062433
5.356000000000123,0.24360247448430528,3.4903399332458775,20.670274065071563
5.357000000000124,0.24668593962906016,3.503053289876675,20.670239361927624
5.358000000000124,0.24978083945154594,3.5159275570922546,20.670207111683307
5.359000000000124,0.25288728778663483,3.528963342402335,20.670177494632544
5.360000000000125,0.25600539899474484,3.542161258785427,20.670150686133073
5.361000000000125,0.2591352880051545,3.5555219244431555,20.670126855358383
5.362000000000125,0.26227707035417325,3.5690459625260473,20.670106163991772
5.363000000000126,0.26543086222339696,3.582734000856476,20.670088764876347
5.364000000000126,0.26859678047732416,3.5965866716342134,20.670074800613477
5.365000000000126,0.27177494269534463,3.6106046111320893,20.670064402125902
5.366000000000127,0.2749654672119277,3.6247884593803974,20.670057687206995
5.367000000000127,0.27816847314902304,3.639138859846412,20.670054759049805
5.368000000000127,0.2813840804465144,3.6536564591115166,20.67005570478119
5.369000000000128,0.28461240990066017,3.6683419065386715,20.670060594019073
5.370000000000128,0.2878535831931046,3.6831958539477228,20.670069477461496
5.371000000000128,0.29110772292489173,3.698218955297989,20.670082385530996
5.372000000000129,0.2943749526472246,3.713411866371871,20.670099327094725
5.373000000000129,0.29765539689106646,3.7287752444779017,20.670120288278614
5.374000000000129,0.30094918120051517,3.744309748173464,20.67014523139413
5.37500000000013,0.304256432156798,3.7600160370042204,20.670174094010132
5.37600000000013,0.3075772774058265,3.775894771280491,20.670206788177918
5.37700000000013,0.3109118456853821,3.791946611879439,20.67024319983938
5.378000000000131,0.31426026684711417,3.808172220093752,20.670283188441537
5.379000000000131,0.3176226718757178,3.8245722575175023,20.670326586771218
5.380000000000131,0.3209991929101079,3.8411473859916896,20.67037320102674
5.381000000000132,0.32438996325621616,3.857898267597079,20.67042281115486
5.382000000000132,0.3277951174027578,3.874825564713092,20.67047517145939
5.383000000000132,0.33121479103170515,3.8919299401396756,20.670530011485546
5.384000000000133,-0.313593037186535,3.0927566865670864,19.862658013887867
5.385000000000133,-0.12346663754657419,2.2343790275366295,19.841871565379673
5.386000000000133,0.043674343447843225,1.8347814605704356,19.85634806824604
5.387000000000134,0.046872603362540836,1.8523383206051185,19.866046562786366
5.388000000000134,0.04960765412264259,1.8696022969278507,19.876428844844682
5.389000000000134,0.05186984972729773,1.8865722704051164,19.887502484019492
5.390000000000135,0.05365052453461135,1.9032478177693868,19.8992748126324
5.391000000000135,0.05494203427691835,1.919629240626887,19.911752920375474
5.392000000000135,0.05573779033536688,1.9357175932697466,19.92494364736323
5.393000000000136,0.05603228670712079,1.9515147090901654,19.938853575498392
5.394000000000136,0.05582111915973701,1.9670232254117348,19.953489018099596
5.395000000000136,0.05510099613954994,1.9822466065726427,19.96885600775661
5.396000000000137,0.05386974107304417,1.9971891651129376,19.984960282378033
5.397000000000137,0.05212628578416394,2.01185608095193,20.001807269478235
5.398000000000137,0.04987065482628952,2.026253418456466,20.019402068728592
5.399000000000138,0.04710394061351594,2.0403881413330613,20.037749432850326
5.400000000000138,0.04382826931820569,2.0542681253026815,20.05685374696118
5.401000000000138,-0.2537167737869061,2.0583366607131923,20.065714109197632
5.402000000000139,-0.2595367269162943,2.073302152167856,20.08657431986519
5.403000000000139,-0.26591517746989846,2.088077625424087,20.1082105093487
5.404000000000139,0.07451055487094166,1.925611547791088,20.67162383248545
5.40500000000014,0.07773181310034341,1.9823388342075017,20.671643652791584
5.40600000000014,0.11264516840131539,1.9565499768364636,20.671658731752487
5.40700000000014,0.22101193609110534,1.8719736548854669,20.67166905667259
5.408000000000141,0.350039921655961,1.915962473120258,20.671674668035944
5.409000000000141,0.4975905675732937,2.0774426924448406,20.671675661967825
5.410000000000141,0.6616846151142302,2.3458875190072908,20.671672192529627
5.411000000000142,0.8405702630844518,2.7118879071644812,20.671664473860016
5.412000000000142,1.032778372248898,3.1676358871504853,20.67165278219733
5.413000000000142,1.2371681357381354,3.7073380343439677,20.671637457819934
5.414000000000143,1.4529659862368045,4.32757506140876,20.671618906943845
5.415000000000143,1.6797996413149265,5.027619859763387,20.671597603634034
5.416000000000143,1.917728214959187,5.809721474415136,20.671574091786347
5.417000000000144,2.124222731801121,6.582409469539613,20.67152215348952
5.418000000000144,-0.0028952536419940313,-0.007664647873769951,10.392681016627144
5.419000000000144,-1.302777719606397,-5.532344344733076,0.0
5.420000000000145,-1.115744354102707,-5.269149585453896,0.0
5.421000000000145,-0.9254105252202649,-4.931478516696947,0.0
5.422000000000145,-0.7323977113859693,-4.524312673385294,0.0
5.423000000000146,-0.5369375023121128,-4.0496962242389705,0.0
5.424000000000146,-0.338949266622916,-3.507259916556124,0.0
5.425000000000146,-0.13811730592100013,-2.8947509603354797,0.0
5.426000000000147,-0.023690413262853025,-2.5105432229677103,0.0
5.427000000000147,-0.026224589021685105,-2.502563126573067,0.0
5.428000000000147,-0.028444384506348827,-2.4945308147631833,0.0
5.429000000000148,-0.0303339239170919,-2.4864071370850933,0.0
5.430000000000148,-0.03187407806645718,-2.4781284361606297,0.0
5.431000000000148,-0.03304329580334261,-2.469611483312864,0.0
5.432000000000149,-0.03381839774684811,-2.460758199270554,0.0
5.433000000000149,-0.03417533133850396,-2.451460156264602,0.0
5.434000000000149,0.16450932496598214,-1.8148870464642068,0.0
5.43500000000015,0.16018630984195753,-1.8193839365040814,0.0
5.43600000000015,0.15645206345316462,-1.8226973749270372,0.0
5.43700000000015,0.15331581763184893,-1.8247498432019242,0.0
5.438000000000151,0.15078521993604727,-1.825471027268754,0.0
5.439000000000151,0.14886606531353996,-1.8248003392276362,0.0
5.440000000000151,0.14756205370133835,-1.822689246960557,0.0
5.441000000000152,0.14687457409119162,-1.8191034082296307,0.0
5.442000000000152,0.1468025156392599,-1.814024604480124,0.0
5.443000000000152,0.14734210645908083,-1.8074524682239035,0.0
5.444000000000153,0.14848678079160438,-1.7994059964047968,0.0
5.445000000000153,0.15022707530203527,-1.7899248406712016,0.0
5.446000000000153,0.15255055528719286,-1.7790703641139163,0.0
5.447000000000154,0.15544177159928668,-1.7669264528702873,0.0
5.448000000000154,0.15888224908218457,-1.7536000700786296,0.0
5.449000000000154,0.16285050727314074,-1.739221539237481,0.0
5.450000000000155,0.16708066184380319,-1.7279540148577763,0.002206118831847967
5.451000000000155,-0.034313604898947365,-1.0527300334818472,0.005201950767465851
5.452000000000155,0.0,0.0,0.0
5.453000000000156,0.0,0.0,0.0
5.454000000000156,0.0,0.0,0.0
5.455000000000156,0.0,0.0,0.0
5.456000000000157,0.0,0.0,0.0
5.457000000000157,0.0,0.0,0.0
5.458000000000157,0.0,0.0,0.0
5.459000000000158,0.0,0.0,0.0
5.460000000000158,0.0,0.0,0.0
5.461000000000158,0.0,0.0,0.0
5.462000000000159,0.0,0.0,0.0
5.463000000000159,0.0,0.0,0.0
5.464000000000159,0.0,0.0,0.0
5.46500000000016,0.0,0.0,0.0
5.46600000000016,0.0,0.0,0.0
5.46700000000016,0.0,0.0,0.0
5.468000000000161,0.0,0.0,0.0
5.469000000000161,0.0,0.0,0.0
5.470000000000161,0.0,0.0,0.0
5.471000000000162,0.0,0.0,0.0
5.472000000000162,0.0,0.0,0.0
5.473000000000162,0.0,0.0,0.0
5.474000000000163,0.0,0.0,0.0
5.475000000000163,0.0,0.0,0.0
5.476000000000163,0.0,0.0,0.0
5.477000000000164,0.0,0.0,0.0
5.478000000000164,0.0,0.0,0.0
5.479000000000164,0.0,0.0,0.0
5.480000000000165,0.0,0.0,0.0
5.481000000000165,0.0,0.0,0.0
5.482000000000165,0.0,0.0,0.0
5.483000000000166,0.0,0.0,0.0
5.484000000000166,0.0,0.0,0.0
5.485000000000166,0.0,0.0,0.0
5.486000000000167,0.0,0.0,0.0
5.487000000000167,0.0,0.0,0.0
5.488000000000167,0.0,0.0,0.0
5.489000000000168,0.0,0.0,0.0
5.490000000000168,0.0,0.0,0.0
5.491000000000168,0.0,0.0,0.0
5.492000000000169,0.0,0.0,0.0
5.493000000000169,0.0,0.0,0.0
5.494000000000169,0.0,0.0,0.0
5.49500000000017,0.0,0.0,0.0
5.49600000000017,0.0,0.0,0.0
5.49700000000017,0.0,0.0,0.0
5.498000000000171,0.0,0.0,0.0
5.499000000000171,0.0,0.0,0.0
5.500000000000171,0.0,0.0,0.0
5.501000000000172,0.0,0.0,0.0
5.502000000000172,0.0,0.0,0.0
5.503000000000172,0.0,0.0,0.0
5.504000000000173,0.0,0.0,0.0
5.505000000000173,0.0,0.0,0.0
5.506000000000173,0.0,0.0,0.0
5.507000000000174,0.0,0.0,0.0
5.508000000000174,0.0,0.0,0.0
5.509000000000174,0.0,0.0,0.0
5.510000000000175,0.0,0.0,0.0
5.511000000000175,0.0,0.0,0.0
5.512000000000175,0.0,0.0,0.0
5.513000000000176,0.0,0.0,0.0
5.514000000000176,0.0,0.0,0.0
5.515000000000176,0.0,0.0,0.0
5.516000000000177,0.0,0.0,0.0
5.517000000000177,0.0,0.0,0.0
5.518000000000177,0.0,0.0,0.0
5.519000000000178,0.0,0.0,0.0
5.520000000000178,0.0,0.0,0.0
5.521000000000178,0.0,0.0,0.0
5.522000000000179,0.0,0.0,0.0
5.523000000000179,0.0,0.0,0.0
5.524000000000179,0.0,0.0,0.0
5.52500000000018,0.0,0.0,0.0
5.52600000000018,0.0,0.0,0.0
5.52700000000018,0.0,0.0,0.0
5.528000000000181,0.0,0.0,0.0
5.529000000000181,0.0,0.0,0.0
5.530000000000181,0.0,0.0,0.0
5.531000000000182,0.0,0.0,0.0
5.532000000000182,0.0,0.0,0.0
5.533000000000182,0.0,0.0,0.0
5.534000000000183,0.0,0.0,0.0
5.535000000000183,0.0,0.0,0.0
5.536000000000183,0.0,0.0,0.0
5.537000000000184,0.0,0.0,0.0
5.538000000000184,0.0,0.0,0.0
5.539000000000184,0.0,0.0,0.0
5.540000000000185,0.0,0.0,0.0
5.541000000000185,0.0,0.0,0.0
5.5420000000001854,0.0,0.0,0.0
5.543000000000186,0.0,0.0,0.0
5.544000000000186,0.0,0.0,0.0
5.5450000000001864,0.0,0.0,0.0
5.546000000000187,0.0,0.0,0.0
5.547000000000187,0.0,0.0,0.0
5.5480000000001874,0.0,0.0,0.0
5.549000000000188,0.0,0.0,0.0
5.550000000000188,0.0,0.0,0.0
5.5510000000001885,0.0,0.0,0.0
5.552000000000189,0.0,0.0,0.0
5.553000000000189,0.0,0.0,0.0
5.5540000000001895,0.0,0.0,0.0
5.55500000000019,0.0,0.0,0.0
5.55600000000019,0.0,0.0,0.0
5.5570000000001905,0.0,0.0,0.0
5.558000000000191,0.0,0.0,0.0
5.559000000000191,0.0,0.0,0.0
5.5600000000001915,0.0,0.0,0.0
5.561000000000192,0.0,0.0,0.0
5.562000000000192,0.0,0.0,0.0
5.5630000000001925,0.0,0.0,0.0
5.564000000000193,0.0,0.0,0.0
5.565000000000193,0.0,0.0,0.0
5.5660000000001935,0.0,0.0,0.0
5.567000000000194,0.0,0.0,0.0
5.568000000000194,0.0,0.0,0.0
5.5690000000001945,0.0,0.0,0.0
5.570000000000195,0.0,0.0,0.0
5.571000000000195,0.0,0.0,0.0
5.5720000000001955,0.0,0.0,0.0
5.573000000000196,0.0,0.0,0.0
5.574000000000196,0.0,0.0,0.0
5.5750000000001965,0.0,0.0,0.0
5.576000000000197,0.0,0.0,0.0
5.577000000000197,0.0,0.0,0.0
5.5780000000001975,0.0,0.0,0.0
5.579000000000198,0.0,0.0,0.0
5.580000000000198,0.0,0.0,0.0
5.5810000000001985,0.0,0.0,0.0
5.582000000000199,0.0,0.0,0.0
5.583000000000199,0.0,0.0,0.0
5.5840000000001995,0.0,0.0,0.0
5.5850000000002,0.0,0.0,0.0
5.5860000000002,0.0,0.0,0.0
5.5870000000002005,0.0,0.0,0.0
5.588000000000201,0.0,0.0,0.0
5.589000000000201,0.0,0.0,0.0
5.5900000000002015,0.0,0.0,0.0
5.591000000000202,0.0,0.0,0.0
5.592000000000202,0.0,0.0,0.0
5.5930000000002025,0.0,0.0,0.0
5.594000000000203,0.0,0.0,0.0
5.595000000000203,0.0,0.0,0.0
5.5960000000002035,0.0,0.0,0.0
5.597000000000204,0.0,0.0,0.0
5.598000000000204,0.0,0.0,0.0
5.5990000000002045,0.0,0.0,0.0
5.600000000000205,0.0,0.0,0.0
5.601000000000205,0.0,0.0,0.0
5.6020000000002055,0.0,0.0,0.0
5.603000000000206,0.0,0.0,0.0
5.604000000000206,0.0,0.0,0.0
5.6050000000002065,0.0,0.0,0.0
5.606000000000207,0.0,0.0,0.0
5.607000000000207,0.0,0.0,0.0
5.6080000000002075,0.0,0.0,0.0
5.609000000000208,0.0,0.0,0.0
5.610000000000208,0.0,0.0,0.0
5.6110000000002085,0.0,0.0,0.0
5.612000000000209,0.0,0.0,0.0
5.613000000000209,0.0,0.0,0.0
5.6140000000002095,0.0,0.0,0.0
5.61500000000021,0.0,0.0,0.0
5.61600000000021,0.0,0.0,0.0
5.6170000000002105,0.0,0.0,0.0
5.618000000000211,0.0,0.0,0.0
5.619000000000211,0.0,0.0,0.0
5.6200000000002115,0.0,0.0,0.0
5.621000000000212,0.0,0.0,0.0
5.622000000000212,0.0,0.0,0.0
5.6230000000002125,0.0,0.0,0.0
5.624000000000213,0.0,0.0,0.0
5.625000000000213,0.0,0.0,0.0
5.6260000000002135,0.0,0.0,0.0
5.627000000000214,0.0,0.0,0.0
5.628000000000214,0.0,0.0,0.0
5.6290000000002145,0.0,0.0,0.0
5.630000000000215,0.0,0.0,0.0
5.631000000000215,0.0,0.0,0.0
5.6320000000002155,0.0,0.0,0.0
5.633000000000216,0.0,0.0,0.0
5.634000000000216,0.0,0.0,0.0
5.6350000000002165,0.0,0.0,0.0
5.636000000000217,0.0,0.0,0.0
5.637000000000217,0.0,0.0,0.0
5.6380000000002175,0.0,0.0,0.0
5.639000000000218,0.0,0.0,0.0
5.640000000000218,0.0,0.0,0.0
5.6410000000002185,0.0,0.0,0.0
5.642000000000219,0.0,0.0,0.0
5.643000000000219,0.0,0.0,0.0
5.6440000000002195,0.0,0.0,0.0
5.64500000000022,0.0,0.0,0.0
5.64600000000022,0.0,0.0,0.0
5.6470000000002205,0.0,0.0,0.0
5.648000000000221,0.0,0.0,0.0
5.649000000000221,0.0,0.0,0.0
5.6500000000002215,0.0,0.0,0.0
5.651000000000222,0.0,0.0,0.0
5.652000000000222,0.0,0.0,0.0
5.6530000000002225,0.0,0.0,0.0
5.654000000000223,0.0,0.0,0.0
5.655000000000223,0.0,0.0,0.0
5.6560000000002235,0.0,0.0,0.0
5.657000000000224,0.0,0.0,0.0
5.658000000000224,0.0,0.0,0.0
5.6590000000002245,0.0,0.0,0.0
5.660000000000225,0.0,0.0,0.0
5.661000000000225,0.0,0.0,0.0
5.6620000000002255,0.0,0.0,0.0
5.663000000000226,0.0,0.0,0.0
5.664000000000226,0.0,0.0,0.0
5.6650000000002265,0.0,0.0,0.0
5.666000000000227,0.0,0.0,0.0
5.667000000000227,0.0,0.0,0.0
5.6680000000002275,0.0,0.0,0.0
5.669000000000228,0.0,0.0,0.0
5.670000000000228,0.0,0.0,0.0
5.6710000000002285,0.0,0.0,0.0
5.672000000000229,0.0,0.0,0.0
5.673000000000229,0.0,0.0,0.0
5.6740000000002295,0.0,0.0,0.0
5.67500000000023,0.0,0.0,0.0
5.67600000000023,0.0,0.0,0.0
5.6770000000002305,0.0,0.0,0.0
5.678000000000231,0.0,0.0,0.0
5.679000000000231,0.0,0.0,0.0
5.6800000000002315,0.0,0.0,0.0
5.681000000000232,0.0,0.0,0.0
5.682000000000232,0.0,0.0,0.0
5.6830000000002325,0.0,0.0,0.0
5.684000000000233,0.0,0.0,0.0
5.685000000000233,0.0,0.0,0.0
5.6860000000002335,0.04478678343933578,-1.0046036103019274,0.0269225552483625
5.687000000000234,0.35595388935467187,-1.6729287964232138,0.022991853173526762
5.688000000000234,0.35622834525826536,-1.671649250051071,0.013138079828821488
5.6890000000002345,0.3570151473854265,-1.6707501258707698,0.0026083374151937176
5.690000000000235,0.3590627397678238,-1.681707158633894,0.0
5.691000000000235,0.36187505967473554,-1.6948357011151334,0.0
5.6920000000002355,0.3652279763841545,-1.7062476802554718,0.0
5.693000000000236,0.3691271559892795,-1.7158998278344142,0.0
5.694000000000236,0.3735776329997543,-1.7237686976974376,0.0
5.6950000000002365,0.3785837750004744,-1.7298496505283518,0.0
5.696000000000237,0.38414924904428926,-1.7341556583215363,0.0
5.697000000000237,0.39027699048248266,-1.7367159377539232,0.0
5.6980000000002375,0.39696917484369537,-1.737574419514773,0.0
5.699000000000238,0.404227193262814,-1.7367880584954487,0.0
5.700000000000238,0.41205163184783455,-1.7344249875710704,0.0
5.7010000000002385,0.420442255267263,-1.730562515684166,0.0
5.702000000000239,0.42939799472604956,-1.7252849690842758,0.0
5.703000000000239,0.35457658947375004,-2.3475011952025744,0.0
5.7040000000002395,0.36223092201312024,-2.3550726964772926,0.0
5.70500000000024,0.3703875118974385,-2.3619134381753053,0.0
5.70600000000024,0.37903313254251636,-2.3681503742266123,0.0
5.7070000000002405,0.3881540089862095,-2.373902596832922,0.0
5.708000000000241,0.3977360221605821,-2.3792772808007108,0.0
5.709000000000241,0.40776492827686683,-2.384365394359854,0.0
5.7100000000002415,0.41822659320005684,-2.3892371716959917,0.0
5.711000000000242,0.4291072416647147,-2.393937343703234,0.0
5.712000000000242,0.44039372116570435,-2.3984801250613303,0.0
5.7130000000002426,0.4005708435385626,-2.6003686670039814,0.0
5.714000000000243,0.28718979426653557,-3.0174066852141452,0.0
5.715000000000243,0.16872791006892957,-3.361481727191205,0.0
5.7160000000002436,0.04512093706338505,-3.6338507512611247,0.0
5.717000000000244,-0.08366943155341633,-3.833338500288046,0.0
5.718000000000244,-0.19570880533656643,-3.8957714864784947,0.0
5.7190000000002446,0.002655917261368981,0.008157570827086479,10.45594673003884
5.720000000000245,1.3682620502405558,5.101142750461456,20.670021374370005
5.721000000000245,1.2187503837569313,4.307748390429936,20.67004753210464
5.722000000000246,1.070193802595455,3.6051898585590507,20.670073260322777
5.723000000000246,0.9227302317043865,2.986865596619804,20.670099183001305
5.724000000000246,0.7765773714516537,2.449650464643895,20.670125831807326
5.725000000000247,0.6320362619198762,1.9935967355449353,20.67015365195782
5.726000000000247,0.4894944229554552,1.6215984128893126,20.67018300764634
5.727000000000247,0.34942886560055175,1.3390158056320516,20.67021418713695
5.728000000000248,0.21240890373399052,1.1532525406288983,20.670247407586828
5.729000000000248,0.0790982918668538,1.0732734602708263,20.670282819666788
5.730000000000248,-0.04974421281843083,1.1090496929314364,20.670320512032976
5.731000000000249,-0.17326719440488147,1.2709174565893644,20.670360515692366
5.732000000000249,-0.2905335406380736,1.5688409687343388,20.670402808303095
5.733000000000249,-0.35766386129215366,1.7999777564758368,20.670447318429403
5.73400000000025,-0.695866660449142,2.0135688038156876,20.143496972806364
5.73500000000025,-0.6891758936131387,1.9998484618649743,20.121156111937285
5.73600000000025,-0.3956680124419967,2.0372640515682,20.109698611569662
5.737000000000251,-0.39119919662268704,2.0236071273646634,20.08926732964872
5.738000000000251,-0.38709991052916887,2.0097002972593847,20.06966878300149
5.739000000000251,-0.3833707995941645,1.9955357511222651,20.050903149620368
5.740000000000252,-0.38001178060629626,1.9811066127895707,20.032969900130873
5.741000000000252,-0.3770220136692366,1.966406929172971,20.01586780750593
5.742000000000252,-0.37439988128716417,1.9514316567638,19.999594957321246
5.743000000000253,-0.3721429745659205,1.9361766455514564,19.984148758463437
5.744000000000253,-0.37024808645440227,1.920638620396093,19.969525954169555
5.745000000000253,-0.3687112118942926,1.9048151599317573,19.955722633342805
5.746000000000254,-0.3675275546833562,1.8887046731049102,19.94273424206709
5.747000000000254,-0.3666915408006454,1.872306373481599,19.930555595254884
5.748000000000254,-0.366196837882288,1.8556202514897695,19.919180888408714
5.749000000000255,-0.36603638048020476,1.8386470447840852,19.908603709445075
5.750000000000255,-0.3662024006912491,1.8213882069473026,19.898817050555976
5.751000000000255,-0.36668646369865565,1.8038458747641681,19.889813320102984
5.752000000000256,-0.5994437971400043,2.1833476477546507,19.87740922469353
5.753000000000256,-0.9398849009321605,3.0380214509360055,19.897780603182678
5.754000000000256,-0.3316712390601211,3.9117044749098113,20.6714682598665
5.755000000000257,-0.328236723046615,3.894340284723171,20.671496400716567
5.756000000000257,-0.32481799293096714,3.8771563659763615,20.671520834113576
5.757000000000257,-0.3214148729300419,3.860151806733029,20.671541444853585
5.758000000000258,-0.31802718570629196,3.8433257136941847,20.671558145386253
5.759000000000258,-0.31465475229819617,3.8266772119964116,20.671570875897707
5.760000000000258,-0.3112973920820892,3.8102054449531124,20.67157960412566
5.761000000000259,-0.30795492275320413,3.793909573749488,20.67158432491575
5.762000000000259,-0.304627160339102,3.777788777080673,20.671585059539314
5.763000000000259,-0.3013139192322072,3.7618422507616742,20.671581854793395
5.76400000000026,-0.2980150122500973,3.7460692072925212,20.67157478191306
5.76500000000026,-0.29473025071800407,3.730468875398401,20.67156393530056
5.76600000000026,-0.2914594445674439,3.7150404995494455,20.671549431106467
5.767000000000261,-0.28820240246214013,3.6997833394557347,20.671531405691518
5.768000000000261,-0.2849589319343764,3.6846966695584342,20.67151001397881
5.769000000000261,-0.28172883954139394,3.6697797785080866,20.6714854277341
5.770000000000262,-0.2785119310363129,3.655031968642561,20.671457833785702
5.771000000000262,-0.27530801154587436,3.640452555462957,20.67142743220824
5.772000000000262,-0.2721168857661951,3.626040867122356,20.671394434501796
5.773000000000263,-0.26893835816389355,3.611796243917297,20.671359061762217
5.774000000000263,-0.2657722331785237,3.5977180377940385,20.671321542884023
5.775000000000263,-0.262618315439326,3.583805611866751,20.67128211280248
5.776000000000264,-0.2594764099818576,3.570058339959701,20.671241010775983
5.777000000000264,-0.25634632246399747,3.556475606160575,20.671198478742195
5.778000000000264,-0.2532278593835713,3.543056804399953,20.67115475975073
5.779000000000265,-0.250120828296474,3.5298013380448765,20.67111009646706
5.780000000000265,-0.24702503803587206,3.5167086195269803,20.67106472977656
5.781000000000265,-0.24394029891983848,3.50377806998074,20.67101889748104
5.782000000000266,-0.24086642296009586,3.4910091189128707,20.67097283308977
5.783000000000266,-0.2378032240673349,3.478401203890485,20.670926764717642
5.784000000000266,-0.23475051824662785,3.465953770249712,20.670880914079813
5.785000000000267,-0.23170812378634764,3.45366627083763,20.670835495591753
5.786000000000267,-0.22867586144407426,3.441538165760562,20.670790715568586
5.787000000000267,-0.22565355462009506,3.42956892216273,20.670746771521568
5.788000000000268,-0.2226410295233876,3.417758014018318,20.670703851549412
5.789000000000268,-0.21963811533076694,3.4061049219508277,20.670662133827932
5.790000000000268,-0.21664464433351327,3.3946091330606123,20.670621786176373
5.791000000000269,-0.21366045207909679,3.3832701407745844,20.670582965716502
5.792000000000269,-0.21068537749947325,3.372087444710246,20.670545818605667
5.793000000000269,-0.20771926302946042,3.3610605505497233,20.670510479839585
5.79400000000027,-0.20476195471553638,3.3501889699346066,20.67047707313183
5.79500000000027,-0.2018133023141644,3.3394722203674974,20.67044571084775
5.79600000000027,-0.19887315938117922,3.328909825125038,20.670416493999248
5.797000000000271,-0.19594138334501565,3.3185013131832193,20.670389512291383
5.798000000000271,-0.19301783557314423,3.3082462191478044,20.67036484421435
5.799000000000271,-0.19010238142597302,3.2981440831998725,20.67034255718038
5.800000000000272,-0.18719489029786018,3.2881944510409085,20.670322707694602
5.801000000000272,-0.18429523564637407,3.278396873846418,20.670305341560002
5.802000000000272,-0.18140329501014207,3.2687509082320503,20.670290494111104
5.803000000000273,-0.1785189500161124,3.2592561162167613,20.67027819047378
5.804000000000273,-0.1756420863692938,3.249912065193257,20.670268445842325
5.805000000000273,-0.1727725938323914,3.2407183279066203,20.67026126577372
5.806000000000274,-0.16991036619248234,3.2316744824314583,20.67025664650138
5.807000000000274,-0.16705530121457457,3.22278011215451,20.670254575253427
5.808000000000274,-0.16420730057922128,3.214034805764186,20.67025503058345
5.809000000000275,-0.16136626980994606,3.2054381572351645,20.670257982708
5.810000000000275,-0.15853211818100021,3.1969897658261175,20.67026339384627
5.811000000000275,-0.1557047586167073,3.1886892360702177,20.670271218559265
5.812000000000276,-0.15288410757797521,3.180536177776446,20.67028140409682
5.813000000000276,-0.15007008492469254,3.172530206028796,20.67029389074085
5.814000000000276,-0.14726261377297334,3.1646709411908205,20.67030861214118
5.815000000000277,-0.14446162033734566,3.15695800891163,20.670325495657618
5.816000000000277,-0.14166703375445167,3.1493910401362086,20.67034446269365
5.817000000000277,-0.138878785897397,3.1419696711176925,20.670365429024777
5.818000000000278,-0.1360968111737435,3.134693543433798,20.670388305125662
5.819000000000278,-0.13332104631178154,3.127562304005849,20.670412996489905
5.820000000000278,-0.13055143013739823,3.1205756051244506,20.670439403946467
5.821000000000279,-0.1277879033302987,3.113733104474258,20.670467423969548
5.822000000000279,-0.12503040817669858,3.1070344651672417,20.670496948985665
5.823000000000279,-0.12227888831243235,3.100479355778646,20.670527867675478
5.82400000000028,-0.11953328844991382,3.094067450388179,20.670560065268617
5.82500000000028,-0.11679355409953919,3.087798428625725,20.67059342384124
5.82600000000028,-0.11405963128660031,3.081671975722445,20.670627822606605
5.827000000000281,-0.11133146625766994,3.0756877825681004,20.67066313820233
5.828000000000281,-0.1086090051834737,3.0698455457730143,20.670699244980785
5.829000000000281,-0.10589219386040477,3.06414496773709,20.670736015293777
5.830000000000282,-0.1031809774057923,3.0585857567255106,20.6707733197858
5.831000000000282,-0.10047529995637144,3.0531676269492234,20.670811027681452
5.832000000000282,-0.09777510436507546,3.047890298653356,20.67084900708054
5.833000000000283,-0.0950803319019016,3.0427534982137394,20.670887125260663
5.834000000000283,-0.09239092195739698,3.0377569582386714,20.670925248979746
5.835000000000283,-0.08970681175361336,3.0329004176795,20.670963244792684
5.836000000000284,-0.08702793606539119,3.028183621949304,20.6710009793755
5.837000000000284,-0.08435422694339484,3.0236063230480914,20.671038319865392
5.838000000000284,-0.08168561345390926,3.0191682796972774,20.671075134209346
5.839000000000285,-0.07902202143185287,3.0148692574831837,20.6711112915338
5.840000000000285,-0.07636337324307238,3.010709029008109,20.671146662536067
5.841000000000285,-0.07370958756864993,3.006687374050971,20.671181119891553
5.842000000000286,-0.07106057920029953,3.002804079737728,20.671214538688908
5.843000000000286,-0.06841625885636589,2.9990589407200705,20.6712467968979
5.844000000000286,-0.065776533019684,2.9954517593656393,20.671277775858822
5.845000000000287,-0.06314130379438485,2.991982345957108,20.67130736081233
5.846000000000287,-0.0605104687831961,2.988650518903201,20.67133544147063
5.847000000000287,-0.05788392098762074,2.985456104959596,20.671361912621553
5.848000000000288,-0.0552615487341086,2.982398939462513,20.67138667478295
5.849000000000288,-0.05264323561891615,2.979478866572805,20.671409634904663
5.850000000000288,-0.05002886048328037,2.9766957395344065,20.671430707125655
5.851000000000289,-0.04741829740862613,2.9740494209438566,20.671449813588055
5.852000000000289,-0.04481141573603509,2.9715397830362917,20.67146688530496
5.853000000000289,-0.04220808011484678,2.9691667079837316,20.67148186310008
5.85400000000029,-0.03960815056984757,2.9669300882088265,20.671494698616556
5.85500000000029,-0.03701148259608544,2.964829826708936,20.671505355389087
5.85600000000029,-0.03441792728153814,2.9628658374196775,20.671513810002374
5.857000000000291,-0.031827331445583695,2.9610380455510814,20.67152005331396
5.858000000000291,-0.029239537805779037,2.959346388004029,20.671524091769015
5.859000000000291,-0.026654385169649686,2.957790813740985,20.671525948790997
5.860000000000292,-0.024071708645578838,2.9563712842276857,20.671525666255643
5.861000000000292,-0.021491339882004468,2.9550877738652446,20.671523306047604
5.862000000000292,-0.018913107317985123,2.953940270447845,20.67151895169442
5.863000000000293,-0.016336836474692973,2.952928775680448,20.67151271009168
5.864000000000293,-0.013762350255092315,2.9520533056573868,20.671504713289217
5.865000000000293,-0.01118946927226716,2.951313891393852,20.671495120347977
5.866000000000294,-0.00861801220844427,2.9507105794371,20.671484119271305
5.867000000000294,-0.0060477961915239575,2.9502434323568423,20.671471928968096
5.868000000000294,-0.003478637199350487,2.949912529473295,20.67145880127025
5.869000000000295,-0.0009250669927496347,2.949716648780054,20.671439288177467
5.870000000000295,0.001626952350306965,2.949657737996972,20.671419308790966
5.871000000000295,0.004223227361308091,2.949738885263855,20.67141668639658
5.872000000000296,0.006848138978966745,2.94995704683447,20.67142494276048
5.873000000000296,0.009471410778587597,2.950309683449632,20.671432528512383
5.874000000000296,0.012093188392100274,2.9507969851857183,20.67143977443027
5.875000000000297,0.014713614152242371,2.95141912887658,20.67144696032768
5.876000000000297,0.01733282801342284,2.952176279566231,20.671454319040237
5.877000000000297,0.01995096840300903,2.9530685918909114,20.671462040311813
5.878000000000298,0.022568173004856362,2.954096211289027,20.671470274531398
5.879000000000298,0.025184579460983514,2.9552592752756226,20.671479136325328
5.880000000000298,0.02780032602686333,2.956557914521511,20.671488707990388
5.881000000000299,0.030415552131216828,2.957992253945786,20.671499042746916
5.882000000000299,0.03303039888760395,2.959562413754526,20.671510167817274
5.883000000000299,0.035645009523022964,2.9612685103373053,20.67152208732081
5.8840000000003,0.038259529753077004,2.9631106572058457,20.67153478498274
5.8850000000003,0.04087410807915148,2.9650889658092296,20.67154822666084
5.8860000000003,0.04348889603579664,2.9672035463333373,20.671562362695752
5.887000000000301,0.04610404837160331,2.9694545084429933,20.671577130082824
5.888000000000301,0.048719723174599494,2.971841961953828,20.671592454473355
5.889000000000301,0.05133608193978034,2.9743660175093964,20.671608252014686
5.890000000000302,0.053953289595710885,2.9770267871648457,20.67162443103222
5.891000000000302,0.056571514473489515,2.979824384963706,20.671640893560564
5.892000000000302,0.05919092823177152,2.9827589274696606,20.67165753673966
5.893000000000303,0.061811705753029855,2.9858305342538642,20.671674254072258
5.894000000000303,0.06443402498939577,2.989039328357137,20.67169093655906
5.895000000000303,0.06705806678075987,2.992385436715267,20.671707473720996
5.896000000000304,0.0696840146479758,2.995868990561405,20.671723754508925
5.897000000000304,0.07231205455366307,2.9994901257900892,20.67173966812019
5.898000000000304,0.07494237464533171,3.00324898330382,20.67175510471747
5.899000000000305,0.07757516498244854,3.0071457093204685,20.671769956067408
5.900000000000305,0.08021061724227252,3.011180455676822,20.67178411610549
5.901000000000305,0.08284892442401315,3.015353380087788,20.671797481424203
5.902000000000306,0.08549028054110863,3.019664646397814,20.671809951705377
5.903000000000306,0.08813488030918393,3.024114424807806,20.671821430095324
5.904000000000306,0.0907829188329572,3.0287028920806165,20.67183182352829
5.905000000000307,0.09343459130101905,3.0334302317336324,20.67184104300396
5.906000000000307,0.09609009267919078,3.0382966342078817,20.671849003829024
5.907000000000307,0.0987496174154785,3.0433022970246384,20.67185562582369
5.908000000000308,0.10141335915139393,3.0484474249287246,20.671860833497608
5.909000000000308,0.10408151044853753,3.053732230013395,20.671864556200177
5.910000000000308,0.10675426253266096,3.0591569318308416,20.671866728246243
5.911000000000309,0.1094318050429024,3.06472175749974,20.671867289029095
5.912000000000309,0.11211432580842029,3.070426941787673,20.671866183115313
5.913000000000309,0.11480201063693585,3.076272727194464,20.67186336032517
5.91400000000031,0.11749504312874137,3.082259364018796,20.67185877580727
5.91500000000031,0.1201936045044647,3.0883871104165337,20.6718523901028
5.91600000000031,0.12289787345309833,3.0946562324510296,20.671844169204217
5.917000000000311,0.12560802600876286,3.1010670041403046,20.671834084611824
5.918000000000311,0.1283242354400329,3.1076197074849006,20.671822113386455
5.919000000000311,0.13104667216418875,3.114314632505284,20.671808238203724
5.920000000000312,0.13377550367678737,3.1211520772587846,20.671792447403867
5.921000000000312,0.1365108945095983,3.128132347857786,20.67177473504668
5.922000000000312,0.13925300620192615,3.1352557584873466,20.671755100964127
5.923000000000313,0.1420019972887303,3.142522631407246,20.671733550818537
5.924000000000313,0.14475802331378418,3.1499332969640363,20.67171009616129
5.925000000000313,0.14752123685227048,3.157488093585357,20.671684754491622
5.926000000000314,0.15029178755165162,3.165187367784256,20.67165754931926
5.927000000000314,0.1530698221877742,3.1730314741511165,20.671628510231365
5.928000000000314,0.15585548473504218,3.1810207753483155,20.671597672955187
5.929000000000315,0.1586489164455145,3.18915564210522,20.67156507942252
5.930000000000315,0.16145025594084927,3.1974364532034087,20.67153077783972
5.931000000000315,0.1642596393145368,3.2058635954690544,20.67149482274779
5.932000000000316,0.16707720024086825,3.214437463756667,20.671457275084755
5.933000000000316,0.16990307009120897,3.2231584609371566,20.671418202243053
5.934000000000316,0.17273737805535916,3.2320269978798706,20.671377678124028
5.935000000000317,0.1755802512713558,3.2410434934406567,20.671335783178503
5.936000000000317,0.17843181495027238,3.250208374437989,20.671292604444716
5.937000000000317,0.18129219251488848,3.2595220756343224,20.671248235573643
5.938000000000318,0.1841615057299748,3.268985039717336,20.671202776840282
5.939000000000318,0.18703987483439732,3.278597717274124,20.671156335136843
5.940000000000318,0.18992741867947416,3.288360566763231,20.671109023950965
5.941000000000319,0.19282425485616272,3.2982740544919125,20.67106096332354
5.942000000000319,0.19573049982705015,3.3083386545777103,20.67101227977648
5.943000000000319,0.19864626905274463,3.318554848916392,20.67096310622057
5.94400000000032,0.20157167711437296,3.328923127143071,20.670913581826877
5.94500000000032,0.20450683783241175,3.339443986583319,20.67086385186903
5.94600000000032,0.20745186438189478,3.350117932207695,20.670814067525264
5.947000000000321,0.21040686940301612,3.3609454765746705,20.670764385638368
5.948000000000321,0.21337196510582146,3.371927139763784,20.670714968437256
5.949000000000321,0.21634726336843357,3.383063449310157,20.670665983201676
5.950000000000322,0.2193328758311992,3.394354940119001,20.670617601883812
5.951000000000322,0.22232891398839172,3.4058021543817176,20.670570000669876
5.952000000000322,0.2253354892714583,3.417405641474261,20.67052335948152
5.953000000000323,0.22835271312365535,3.429165957846635,20.670477861421208
5.954000000000323,0.23138069707839293,3.4410836669017044,20.67043369214816
5.955000000000323,0.23441955282429205,3.4531593388603596,20.67039103918833
5.956000000000324,0.23746939227197572,3.465393550611452,20.67035009117705
5.957000000000324,0.2405303276113102,3.4777868855542238,20.67031103702899
5.958000000000324,0.24360247136817748,3.490339933415271,20.67027406503346
5.959000000000325,0.2466859364582774,3.5030532900638036,20.670239361885816
5.960000000000325,0.24978083623186365,3.515927557296095,20.670207111637207
5.961000000000325,0.252887284524391,3.5289633426235696,20.67017749458216
5.962000000000326,0.25600539569757075,3.542161259026443,20.670150686078266
5.963000000000326,0.25913528467960134,3.5555219247030436,20.670126855298594
5.964000000000326,0.26227706700787223,3.569045962805262,20.67010616392743
5.965000000000327,0.2654308588641783,3.5827340011561546,20.670088764806792
5.966000000000327,0.26859677711127006,3.596586671954924,20.67007480053734
5.967000000000327,0.2717749393305411,3.6106046114732635,20.670064402043003
5.968000000000328,0.2749654638561623,3.6247884597430584,20.670057687117275
5.969000000000328,0.27816846980876164,3.639138860230787,20.67005475895161
5.970000000000328,0.2813840771296583,3.6536564595177197,20.670055704673736
5.971000000000329,0.28461240661496845,3.668341906966475,20.670060593901876
5.972000000000329,0.28785357994583194,3.6831958543980363,20.670069477332955
5.973000000000329,0.29110771972214167,3.6982189557701304,20.670082385390476
5.97400000000033,0.29437494949636545,3.7134118668657266,20.670099326941205
5.97500000000033,0.2976553937997508,3.728775244993244,20.670120288109537
5.97600000000033,0.30094917817429234,3.7443097487101795,20.67014523120945
5.977000000000331,0.3042564292030221,3.7600160375621954,20.67017409380834
5.978000000000331,0.30757727453012507,3.775894771859271,20.670206787957337
5.979000000000331,0.3109118428935034,3.7919466124782275,20.670243199599362
5.980000000000332,0.3142602641446146,3.8081722207115263,20.670283188181255
5.981000000000332,0.3176226692671307,3.824572258154035,20.670326586488642
5.982000000000332,0.32099919040003755,3.841147386645389,20.67037320072057
5.983000000000333,0.3243899608497003,3.857898268267377,20.670422810824977
5.984000000000333,0.32779511510283044,3.8748255653997603,20.670475171105146
5.985000000000333,0.3312147888412582,3.8919299408401002,20.67053001110672
5.986000000000334,-0.31359607874284157,3.092755657180046,19.86265522031209
5.987000000000334,-0.12347175542248756,2.2343785026102445,19.841869565452054
5.988000000000334,0.043668880909799354,1.8347826031013899,19.85634633079366
5.989000000000335,0.04686713385030538,1.852339461860913,19.86604481998806
5.990000000000335,0.04960217779676992,1.8696034369474317,19.876427099067072
5.991000000000335,0.05186436677162538,1.886573409235613,19.887500737724412
5.992000000000336,0.053645035155623695,1.9032489554664123,19.89927306837631
5.993000000000336,0.054936538703797354,1.9196303772538028,19.91175118080683
5.994000000000336,0.05573228881987938,1.9357187288969986,19.924941915218835
5.995000000000337,0.05602677952397796,1.9515158437960167,19.93885185360708
5.996000000000337,0.05581560660627869,1.967024359282075,19.953487309381472
5.997000000000337,0.05509547853507622,1.982247739699229,19.96885431521347
5.998000000000338,0.05386421875992474,1.9971902975948486,19.984958609100644
5.999000000000338,0.05212075912748512,2.0118572128941117,20.001805618640383
6.000000000000338,0.04986512421329709,2.0262545499697087,20.01940044358617
6.001000000000339,0.04709840645532484,2.0403892725339494,20.037747836743478
6.002000000000339,0.04382273204876626,2.0542692563122715,20.05685218330729
6.003000000000339,-0.253722985743626,2.058335275644773,20.06571215392102
6.00400000000034,-0.25954294048664744,2.073300764699554,20.08657240362697
6.00500000000034,-0.26592139193366965,2.0880762357449436,20.108208635749104
6.00600000000034,0.07441947117478696,1.9255735244890677,20.67162383184791
6.007000000000341,0.07763601132156552,1.982298488792592,20.671643652175923
6.008000000000341,0.11248871032818185,1.9565036278663688,20.671658731163724
6.009000000000341,0.22070827831902518,1.8718579225021532,20.671669056114734
6.010000000000342,0.34958503077023306,1.9157757027492934,20.671674667513233
6.011000000000342,0.49698085349820625,2.077183708490563,20.671675661485345
6.012000000000342,0.660916839705014,2.345555503985281,20.67167219209282
6.013000000000343,0.8396414700667856,2.7114823047825016,20.67166447347299
6.014000000000343,1.0316858389954833,3.167156331240811,20.671652781865188
6.015000000000343,1.235909346175841,3.706784303817372,20.6716374575477
6.016000000000344,1.4515386237320058,4.326947060158176,20.67161890673588
6.017000000000344,1.678201600477908,5.0269176204469925,20.671597603495776
6.018000000000344,1.9159576313683648,5.808945185008469,20.671574091722515
6.019000000000345,2.122320481166647,6.5815773874698635,20.671522153592118
6.020000000000345,-0.002895307790945885,-0.007664648011764978,10.392680630898631
6.021000000000345,-1.301629446678789,-5.531838169984415,0.0
6.022000000000346,-1.1147790147260992,-5.268722152428046,0.0
6.023000000000346,-0.9246223382327734,-4.931126871988291,0.0
6.024000000000346,-0.7317807825407914,-4.524033742659418,0.0
6.025000000000347,-0.5364857970748501,-4.0494867858721015,0.0
6.026000000000347,-0.3386565762302292,-3.5071165675680587,0.0
6.027000000000347,-0.13797720820925755,-2.894670076876336,0.0
6.028000000000348,-0.02364310928710442,-2.5105225179203208,0.0
6.029000000000348,-0.026179917381889663,-2.5025435175233186,0.0
6.030000000000348,-0.028402274435317065,-2.4945122659791688,0.0
6.031000000000349,-0.03029430373733872,-2.486389612078929,0.0
6.032000000000349,-0.031836875241427136,-2.478111897736425,0.0
6.033000000000349,-0.033008436992286116,-2.4695958936225466,0.0
6.03400000000035,-0.033785808856599445,-2.4607435198730814,0.0
6.03500000000035,-0.03414493757769132,-2.451446348189668,0.0
6.03600000000035,0.16453499948239556,-1.8148783555156682,0.0
6.037000000000351,0.16021016973066984,-1.8193757645257664,0.0
6.038000000000351,0.15647417708611475,-1.8226896923351226,0.0
6.039000000000351,0.15333625373896737,-1.8247426203175965,0.0
6.040000000000352,0.15080404756060414,-1.8254642343788077,0.0
6.041000000000352,0.14888335376868178,-1.8247939466427754,0.0
6.042000000000352,0.14757787252659496,-1.8226832250859122,0.0
6.043000000000353,0.14688899300713473,-1.8190977276203109,0.0
6.044000000000353,0.14681560450291692,-1.8140192359072618,0.0
6.045000000000353,0.14735393521482432,-1.8074473827444602,0.0
6.046000000000354,0.14849741942150274,-1.7994011654266364,0.0
6.047000000000354,0.15023659377181567,-1.7899202360234419,0.0
6.048000000000354,0.1525590234864323,-1.7790659581190464,0.0
6.049000000000355,0.1554492592774387,-1.7669222184156328,0.0
6.050000000000355,0.15888882577824898,-1.7535959806998331,0.0
6.051000000000355,0.16285624223831444,-1.7392175691945377,0.0
6.052000000000356,0.16708565870748315,-1.7279525501464887,0.002207478385769262
6.053000000000356,-0.03431010390505746,-1.052729971436173,0.0052032926885500295
6.054000000000356,0.0,0.0,0.0
6.055000000000357,0.0,0.0,0.0
6.056000000000357,0.0,0.0,0.0
6.057000000000357,0.0,0.0,0.0
6.058000000000358,0.0,0.0,0.0
6.059000000000358,0.0,0.0,0.0
6.060000000000358,0.0,0.0,0.0
6.061000000000359,0.0,0.0,0.0
6.062000000000359,0.0,0.0,0.0
6.063000000000359,0.0,0.0,0.0
6.06400000000036,0.0,0.0,0.0
6.06500000000036,0.0,0.0,0.0
6.06600000000036,0.0,0.0,0.0
6.067000000000361,0.0,0.0,0.0
6.068000000000361,0.0,0.0,0.0
6.069000000000361,0.0,0.0,0.0
6.070000000000362,0.0,0.0,0.0
6.071000000000362,0.0,0.0,0.0
6.072000000000362,0.0,0.0,0.0
6.073000000000363,0.0,0.0,0.0
6.074000000000363,0.0,0.0,0.0
6.075000000000363,0.0,0.0,0.0
6.076000000000364,0.0,0.0,0.0
6.077000000000364,0.0,0.0,0.0
6.0780000000003644,0.0,0.0,0.0
6.079000000000365,0.0,0.0,0.0
6.080000000000365,0.0,0.0,0.0
6.0810000000003654,0.0,0.0,0.0
6.082000000000366,0.0,0.0,0.0
6.083000000000366,0.0,0.0,0.0
6.0840000000003664,0.0,0.0,0.0
6.085000000000367,0.0,0.0,0.0
6.086000000000367,0.0,0.0,0.0
6.0870000000003675,0.0,0.0,0.0
6.088000000000368,0.0,0.0,0.0
6.089000000000368,0.0,0.0,0.0
6.0900000000003685,0.0,0.0,0.0
6.091000000000369,0.0,0.0,0.0
6.092000000000369,0.0,0.0,0.0
6.0930000000003695,0.0,0.0,0.0
6.09400000000037,0.0,0.0,0.0
6.09500000000037,0.0,0.0,0.0
6.0960000000003705,0.0,0.0,0.0
6.097000000000371,0.0,0.0,0.0
6.098000000000371,0.0,0.0,0.0
6.0990000000003715,0.0,0.0,0.0
6.100000000000372,0.0,0.0,0.0
6.101000000000372,0.0,0.0,0.0
6.1020000000003725,0.0,0.0,0.0
6.103000000000373,0.0,0.0,0.0
6.104000000000373,0.0,0.0,0.0
6.1050000000003735,0.0,0.0,0.0
6.106000000000374,0.0,0.0,0.0
6.107000000000374,0.0,0.0,0.0
6.1080000000003745,0.0,0.0,0.0
6.109000000000375,0.0,0.0,0.0
6.110000000000375,0.0,0.0,0.0
6.1110000000003755,0.0,0.0,0.0
6.112000000000376,0.0,0.0,0.0
6.113000000000376,0.0,0.0,0.0
6.1140000000003765,0.0,0.0,0.0
6.115000000000377,0.0,0.0,0.0
6.116000000000377,0.0,0.0,0.0
6.1170000000003775,0.0,0.0,0.0
6.118000000000378,0.0,0.0,0.0
6.119000000000378,0.0,0.0,0.0
6.1200000000003785,0.0,0.0,0.0
6.121000000000379,0.0,0.0,0.0
6.122000000000379,0.0,0.0,0.0
6.1230000000003795,0.0,0.0,0.0
6.12400000000038,0.0,0.0,0.0
6.12500000000038,0.0,0.0,0.0
6.1260000000003805,0.0,0.0,0.0
6.127000000000381,0.0,0.0,0.0
6.128000000000381,0.0,0.0,0.0
6.1290000000003815,0.0,0.0,0.0
6.130000000000382,0.0,0.0,0.0
6.131000000000382,0.0,0.0,0.0
6.1320000000003825,0.0,0.0,0.0
6.133000000000383,0.0,0.0,0.0
6.134000000000383,0.0,0.0,0.0
6.1350000000003835,0.0,0.0,0.0
6.136000000000384,0.0,0.0,0.0
6.137000000000384,0.0,0.0,0.0
6.1380000000003845,0.0,0.0,0.0
6.139000000000385,0.0,0.0,0.0
6.140000000000385,0.0,0.0,0.0
6.1410000000003855,0.0,0.0,0.0
6.142000000000386,0.0,0.0,0.0
6.143000000000386,0.0,0.0,0.0
6.1440000000003865,0.0,0.0,0.0
6.145000000000387,0.0,0.0,0.0
6.146000000000387,0.0,0.0,0.0
6.1470000000003875,0.0,0.0,0.0
6.148000000000388,0.0,0.0,0.0
6.149000000000388,0.0,0.0,0.0
6.1500000000003885,0.0,0.0,0.0
6.151000000000389,0.0,0.0,0.0
6.152000000000389,0.0,0.0,0.0
6.1530000000003895,0.0,0.0,0.0
6.15400000000039,0.0,0.0,0.0
6.15500000000039,0.0,0.0,0.0
6.1560000000003905,0.0,0.0,0.0
6.157000000000391,0.0,0.0,0.0
6.158000000000391,0.0,0.0,0.0
6.1590000000003915,0.0,0.0,0.0
6.160000000000392,0.0,0.0,0.0
6.161000000000392,0.0,0.0,0.0
6.1620000000003925,0.0,0.0,0.0
6.163000000000393,0.0,0.0,0.0
6.164000000000393,0.0,0.0,0.0
6.1650000000003935,0.0,0.0,0.0
6.166000000000394,0.0,0.0,0.0
6.167000000000394,0.0,0.0,0.0
6.1680000000003945,0.0,0.0,0.0
6.169000000000395,0.0,0.0,0.0
6.170000000000395,0.0,0.0,0.0
6.1710000000003955,0.0,0.0,0.0
6.172000000000396,0.0,0.0,0.0
6.173000000000396,0.0,0.0,0.0
6.1740000000003965,0.0,0.0,0.0
6.175000000000397,0.0,0.0,0.0
6.176000000000397,0.0,0.0,0.0
6.1770000000003975,0.0,0.0,0.0
6.178000000000398,0.0,0.0,0.0
6.179000000000398,0.0,0.0,0.0
6.1800000000003985,0.0,0.0,0.0
6.181000000000399,0.0,0.0,0.0
6.182000000000399,0.0,0.0,0.0
6.1830000000003995,0.0,0.0,0.0
6.1840000000004,0.0,0.0,0.0
6.1850000000004,0.0,0.0,0.0
6.1860000000004005,0.0,0.0,0.0
6.187000000000401,0.0,0.0,0.0
6.188000000000401,0.0,0.0,0.0
6.1890000000004015,0.0,0.0,0.0
6.190000000000402,0.0,0.0,0.0
6.191000000000402,0.0,0.0,0.0
6.1920000000004025,0.0,0.0,0.0
6.193000000000403,0.0,0.0,0.0
6.194000000000403,0.0,0.0,0.0
6.1950000000004035,0.0,0.0,0.0
6.196000000000404,0.0,0.0,0.0
6.197000000000404,0.0,0.0,0.0
6.1980000000004045,0.0,0.0,0.0
6.199000000000405,0.0,0.0,0.0
6.200000000000405,0.0,0.0,0.0
6.2010000000004055,0.0,0.0,0.0
6.202000000000406,0.0,0.0,0.0
6.203000000000406,0.0,0.0,0.0
6.2040000000004065,0.0,0.0,0.0
6.205000000000407,0.0,0.0,0.0
6.206000000000407,0.0,0.0,0.0
6.2070000000004075,0.0,0.0,0.0
6.208000000000408,0.0,0.0,0.0
6.209000000000408,0.0,0.0,0.0
6.2100000000004085,0.0,0.0,0.0
6.211000000000409,0.0,0.0,0.0
6.212000000000409,0.0,0.0,0.0
6.2130000000004095,0.0,0.0,0.0
6.21400000000041,0.0,0.0,0.0
6.21500000000041,0.0,0.0,0.0
6.2160000000004105,0.0,0.0,0.0
6.217000000000411,0.0,0.0,0.0
6.218000000000411,0.0,0.0,0.0
6.2190000000004115,0.0,0.0,0.0
6.220000000000412,0.0,0.0,0.0
6.221000000000412,0.0,0.0,0.0
6.2220000000004125,0.0,0.0,0.0
6.223000000000413,0.0,0.0,0.0
6.224000000000413,0.0,0.0,0.0
6.2250000000004135,0.0,0.0,0.0
6.226000000000414,0.0,0.0,0.0
6.227000000000414,0.0,0.0,0.0
6.2280000000004145,0.0,0.0,0.0
6.229000000000415,0.0,0.0,0.0
6.230000000000415,0.0,0.0,0.0
6.2310000000004155,0.0,0.0,0.0
6.232000000000416,0.0,0.0,0.0
6.233000000000416,0.0,0.0,0.0
6.2340000000004165,0.0,0.0,0.0
6.235000000000417,0.0,0.0,0.0
6.236000000000417,0.0,0.0,0.0
6.2370000000004175,0.0,0.0,0.0
6.238000000000418,0.0,0.0,0.0
6.239000000000418,0.0,0.0,0.0
6.2400000000004185,0.0,0.0,0.0
6.241000000000419,0.0,0.0,0.0
6.242000000000419,0.0,0.0,0.0
6.2430000000004195,0.0,0.0,0.0
6.24400000000042,0.0,0.0,0.0
6.24500000000042,0.0,0.0,0.0
6.2460000000004205,0.0,0.0,0.0
6.247000000000421,0.0,0.0,0.0
6.248000000000421,0.0,0.0,0.0
6.2490000000004216,0.0,0.0,0.0
6.250000000000422,0.0,0.0,0.0
6.251000000000422,0.0,0.0,0.0
6.2520000000004226,0.0,0.0,0.0
6.253000000000423,0.0,0.0,0.0
6.254000000000423,0.0,0.0,0.0
6.2550000000004236,0.0,0.0,0.0
6.256000000000424,0.0,0.0,0.0
6.257000000000424,0.0,0.0,0.0
6.258000000000425,0.0,0.0,0.0
6.259000000000425,0.0,0.0,0.0
6.260000000000425,0.0,0.0,0.0
6.261000000000426,0.0,0.0,0.0
6.262000000000426,0.0,0.0,0.0
6.263000000000426,0.0,0.0,0.0
6.264000000000427,0.0,0.0,0.0
6.265000000000427,0.0,0.0,0.0
6.266000000000427,0.0,0.0,0.0
6.267000000000428,0.0,0.0,0.0
6.268000000000428,0.0,0.0,0.0
6.269000000000428,0.0,0.0,0.0
6.270000000000429,0.0,0.0,0.0
6.271000000000429,0.0,0.0,0.0
6.272000000000429,0.0,0.0,0.0
6.27300000000043,0.0,0.0,0.0
6.27400000000043,0.0,0.0,0.0
6.27500000000043,0.0,0.0,0.0
6.276000000000431,0.0,0.0,0.0
6.277000000000431,0.0,0.0,0.0
6.278000000000431,0.0,0.0,0.0
6.279000000000432,0.0,0.0,0.0
6.280000000000432,0.0,0.0,0.0
6.281000000000432,0.0,0.0,0.0
6.282000000000433,0.0,0.0,0.0
6.283000000000433,0.0,0.0,0.0
6.284000000000433,0.0,0.0,0.0
6.285000000000434,0.0,0.0,0.0
6.286000000000434,0.0,0.0,0.0
6.287000000000434,0.0,0.0,0.0
6.288000000000435,0.044789870652761195,-1.004602802935739,0.02692437616613551
6.289000000000435,0.3559580812808299,-1.6729263418212699,0.022993666785390117
6.290000000000435,0.35623254470427385,-1.6716467934989505,0.013139900942460637
6.291000000000436,0.3570193544886002,-1.6707476675066,0.002610164418425087
6.292000000000436,0.3590674888727694,-1.68170189849508,0.0
6.293000000000436,0.36188077939524743,-1.6948301706764366,0.0
6.294000000000437,0.36523472460736717,-1.7062418399435142,0.0
6.295000000000437,0.36913499074433126,-1.7158936376097502,0.0
6.296000000000437,0.37358661244900876,-1.7237621171332558,0.0
6.297000000000438,0.3785939574338262,-1.729842638880298,0.0
6.298000000000438,0.38416069287474364,-1.7341481745976968,0.0
6.299000000000438,0.3902897542445766,-1.7367079407746193,0.0
6.300000000000439,0.3969833171916892,-1.7375658679728962,0.0
6.301000000000439,0.4042427729667242,-1.7367789110169207,0.0
6.302000000000439,0.4120687077907976,-1.7344152027711541,0.0
6.30300000000044,0.42046088643909496,-1.730552052222206,0.0
6.30400000000044,0.4294182402126884,-1.7252737857197862,0.0
6.30500000000044,0.3546004876661075,-2.347484399282268,0.0
6.306000000000441,0.36225675783418615,-2.3550547864368205,0.0
6.307000000000441,0.3704153513031184,-2.361894361751975,0.0
6.308000000000441,0.3790630414243456,-2.368130079672781,0.0
6.309000000000442,0.3881860531411917,-2.373881032969141,0.0
6.310000000000442,0.3977702672563681,-2.379254397078718,0.0
6.311000000000442,0.4078014398125812,-2.384341140913591,0.0
6.312000000000443,0.41826543646283143,-2.3892114993880584,0.0
6.313000000000443,0.4291484816821795,-2.3939102041684874,0.0
6.314000000000443,0.4404374226546638,-2.398451470745329,0.0
6.315000000000444,0.40067941605786417,-2.600282850782866,0.0
6.316000000000444,0.28744007064955623,-3.017233065232048,0.0
6.317000000000444,0.16912540499186923,-3.3612159119626774,0.0
6.318000000000445,0.04567103520133034,-3.6334886036977654,0.0
6.319000000000445,-0.08296145111943781,-3.8328760956185954,0.0
6.320000000000445,-0.19486894780833575,-3.895224912391134,0.0
6.321000000000446,0.0026556199100664663,0.008157557104486785,10.455946241259198
6.322000000000446,1.3661527320451863,5.0997912875424944,20.670021374464334
6.323000000000446,1.2168152068250662,4.306508435735211,20.670047532228406
6.324000000000447,1.0684311691271975,3.604061492270475,20.670073260471877
6.325000000000447,0.9211382588869368,2.9858486100303594,20.67009918317254
6.326000000000447,0.7751539252646975,2.4487444077338996,20.670125831997993
6.327000000000448,0.6307789762571689,1.9928009346464393,20.670153652164196
6.328000000000448,0.4884007038446438,1.6209119585077545,20.67018300786611
6.329000000000448,0.34849588004328297,1.3384375097630432,20.670214187367733
6.330000000000449,0.2116335522685857,1.1527808629864928,20.670247407826757
6.331000000000449,0.07847716416705033,1.0729064036666927,20.670282819915126
6.332000000000449,-0.05021489935203616,1.1087846695533594,20.67032051228707
6.33300000000045,-0.17359167246445803,1.2707511302967784,20.670360515950406
6.33400000000045,-0.2907165849177581,1.5687690820776907,20.67040280856409
6.33500000000045,-0.3577532818278517,1.7999232687640185,20.670447318693224
6.336000000000451,-0.6958730845948381,2.013566434181617,20.143495217437454
6.337000000000451,-0.6891823057426645,1.9998460997495309,20.12115432667865
6.338000000000451,-0.39567414293006753,2.037264037618896,20.109697251096783
6.339000000000452,-0.39120531681326404,2.0236071145562615,20.08926594489473
6.340000000000452,-0.38710602001607564,2.0097002858894903,20.069667377070285
6.341000000000452,-0.3833768979978505,1.9955357414809756,20.050901725536534
6.342000000000453,-0.3800178675736069,1.9811066051592587,20.032968460837413
6.343000000000453,-0.37702808887164,1.9664069238272686,20.015866355863047
6.344000000000453,-0.37440594442084163,1.9514316539681653,19.999593496109515
6.345000000000454,-0.3721490253523895,1.9361766455621883,19.98414729037806
6.346000000000454,-0.3702541246405926,1.9206386234599948,19.969524481823807
6.347000000000454,-0.36871723725081607,1.9048151662858472,19.955721159267235
6.348000000000455,-0.3675335670053304,1.888704682975928,19.94273276870447
6.349000000000455,-0.3666975399080073,1.872306387086145,19.930554124963457
6.350000000000455,-0.366202823618183,1.8556202690341157,19.919179423462708
6.351000000000456,-0.3660423527114257,1.8386470664631502,19.908602252029517
6.352000000000456,-0.3662083593083701,1.8213882329449542,19.898815602767996
6.353000000000456,-0.36669240861566615,1.8038459052538482,19.889811883956938
6.354000000000457,-0.5994490868362052,2.183346319137586,19.877407526204955
6.355000000000457,-0.9398879774740643,3.0380199193192534,19.89777809031834
6.356000000000457,-0.3316712355001741,3.9117044751866388,20.67146826014207
6.357000000000458,-0.32823671952522204,3.894340285023304,20.671496400994876
6.358000000000458,-0.32481798945257623,3.87715636629855,20.67152083439499
6.359000000000458,-0.3214148694980068,3.8601518070788643,20.671541445137812
6.360000000000459,-0.31802718232606964,3.8433257140637807,20.67155814567216
6.361000000000459,-0.3146547489751583,3.8266772123889723,20.67157087618689
6.362000000000459,-0.3112973888210959,3.810205445368865,20.671579604417744
6.36300000000046,-0.30795491956009613,3.7939095741871824,20.671584325209942
6.36400000000046,-0.3046271572185901,3.777788777540991,20.671585059834015
6.36500000000046,-0.3013139161909564,3.7618422512440475,20.671581855089464
6.366000000000461,-0.29801500929399793,3.7460692077962676,20.671574782211223
6.367000000000461,-0.29473024785161783,3.7304688759224973,20.67156393559847
6.368000000000461,-0.29145944179688144,3.715040500092641,20.671549431404006
6.369000000000462,-0.28820239979324214,3.6997833400178024,20.67153140598798
6.370000000000462,-0.2849589293734738,3.6846966701384645,20.671510014273764
6.371000000000462,-0.28172883709378027,3.6697797791048288,20.671485428027086
6.372000000000463,-0.2785119287063509,3.6550319692547646,20.67145783407532
6.373000000000463,-0.2753080093390352,3.6404525560897127,20.671427432494458
6.374000000000463,-0.27211688368795706,3.62604086776264,20.67139443478186
6.375000000000464,-0.2689383562182144,3.611796244569746,20.671359062035364
6.376000000000464,-0.26577223136965245,3.59771803845706,20.67132154315152
6.377000000000464,-0.262618313771938,3.5838056125402318,20.671282113062286
6.378000000000465,-0.25947640845996034,3.5700583406407986,20.67124101102551
6.379000000000465,-0.25634632109063205,3.556475606849517,20.671198478981953
6.380000000000465,-0.25322785816129567,3.5430568050934426,20.671154759978656
6.381000000000466,-0.2501208272291109,3.5298013387437095,20.671110096683016
6.382000000000466,-0.24702503712569523,3.516708620228769,20.671064729979506
6.383000000000466,-0.24394029816816953,3.5037780706844615,20.671018897668848
6.384000000000467,-0.24086642236886746,3.491009119617047,20.670972833262436
6.385000000000467,-0.2378032236377834,3.4784012045927284,20.670926764873418
6.386000000000467,-0.23475051797939273,3.4659537709509323,20.670880914217722
6.387000000000468,-0.23170812368252314,3.4536662715355533,20.67083549571108
6.388000000000468,-0.22867586150378827,3.4415381664541655,20.67079071566841
6.389000000000468,-0.22565355484273653,3.429568922849626,20.670746771600406
6.390000000000469,-0.2226410299076491,3.417758014699075,20.67070385160711
6.391000000000469,-0.21963811587512794,3.4061049226235127,20.670662133863125
6.392000000000469,-0.216644645037249,3.394609133724657,20.670621786189187
6.39300000000047,-0.21366045294064406,3.383270141428852,20.67058296570623
6.39400000000047,-0.21068537851529356,3.3720874453533725,20.67054581857118
6.39500000000047,-0.20771926419651265,3.36106055118114,20.670510479779928
6.396000000000471,-0.20476195603137626,3.3501889705524945,20.670477073045998
6.397000000000471,-0.2018133037756229,3.339472220971743,20.670445710736814
6.398000000000471,-0.19887316098380836,3.3289098257145042,20.670416493863083
6.399000000000472,-0.19594138508476533,3.318501313756883,20.670389512128583
6.400000000000472,-0.1930178374453817,3.3082462197061204,20.67036484402519
6.401000000000472,-0.19010238342535501,3.298144083741363,20.67034255696499
6.402000000000473,-0.18719489241951237,3.288194451564209,20.670322707452947
6.403000000000473,-0.1842952378835463,3.278396874352211,20.670305341292007
6.404000000000473,-0.18140329735712157,3.2687509087191984,20.670290493816992
6.405000000000474,-0.17851895246853644,3.259256116684014,20.670278190154153
6.406000000000474,-0.1756420889197159,3.2499120656414107,20.670268445497122
6.407000000000474,-0.17277259647320875,3.2407183283349923,20.670261265403866
6.408000000000475,-0.1699103689173569,3.2316744828390256,20.670256646106537
6.409000000000475,-0.16705530401648616,3.2227801125423525,20.670254574834434
6.410000000000475,-0.16420730345100765,3.214034806130769,20.670255030142037
6.411000000000476,-0.16136627274346438,3.2054381575811135,20.670257982244856
6.412000000000476,-0.15853212116806503,3.196989766150409,20.67026339336067
6.413000000000476,-0.15570476165028424,3.1886892363734205,20.670271218053408
6.414000000000477,-0.15288411065044727,3.180536178058503,20.670281403572652
6.415000000000477,-0.15007008802831479,3.1725302062891956,20.670293890197193
6.416000000000477,-0.14726261689904874,3.16467094142979,20.670308611580005
6.417000000000478,-0.1444616234772127,3.1569580091293403,20.670325495080895
6.418000000000478,-0.1416670369009907,3.149391040332972,20.67034446210254
6.419000000000478,-0.13887878904214546,3.1419696712934524,20.67036542842029
6.420000000000479,-0.13609681430861187,3.1346935435882415,20.670388304508826
6.421000000000479,-0.1333210494299415,3.1275623041399,20.670412995862748
6.422000000000479,-0.13055143322964646,3.1205756052379954,20.670439403310162
6.42300000000048,-0.1277879063889291,3.113733104567706,20.670467423325327
6.42400000000048,-0.12503041119521607,3.1070344652407917,20.67049694833547
6.42500000000048,-0.1222788912839875,3.1004793558326296,20.670527867019697
6.426000000000481,-0.11953329136717626,3.0940674504230965,20.670560064609464
6.427000000000481,-0.1167935569548423,3.0877984286419653,20.670593423182183
6.428000000000481,-0.11405963407402314,3.0816719757204707,20.670627821947352
6.429000000000482,-0.11133146897091806,3.075687782548069,20.67066313754499
6.430000000000482,-0.10860900781602739,3.0698455457353435,20.670699244326226
6.431000000000482,-0.10589219640761459,3.0641449676825667,20.67073601464292
6.432000000000483,-0.10318097986333287,3.058585756654416,20.670773319141276
6.433000000000483,-0.10047530231907224,3.0531676268618195,20.67081102704483
6.434000000000483,-0.09777510662867087,3.047890298550373,20.67084900645357
6.435000000000484,-0.09508033406265033,3.042753498095648,20.67088712464431
6.436000000000484,-0.09239092401268995,3.0377569581058466,20.67092524837541
6.437000000000484,-0.08970681370072338,3.0329004175324417,20.670963244201932
6.438000000000485,-0.08702793790154272,3.0281836217886275,20.671000978799366
6.439000000000485,-0.08435422866766919,3.0236063228742607,20.67103831930466
6.440000000000485,-0.08168561506551854,3.0191682795105566,20.67107513366605
6.441000000000486,-0.0790220229301839,3.0148692572841425,20.671111291008916
6.442000000000486,-0.07636337462815482,3.0107090287973235,20.67114666202967
6.443000000000486,-0.07370958884131393,3.0066873738289073,20.671181119405134
6.444000000000487,-0.07106058036191555,3.0028040795047666,20.671214538224525
6.445000000000487,-0.0684162599083268,2.9990589404767083,20.67124679645457
6.446000000000487,-0.06577653396542024,2.9954517591121697,20.67127777543675
6.447000000000488,-0.06314130463705421,2.9919823456940238,20.671307360413895
6.448000000000488,-0.060510469525350885,2.9886505186309584,20.671335441096446
6.449000000000488,-0.057883921633646196,2.9854561046786117,20.67136191227155
6.450000000000489,-0.05526154928941196,2.9823989391728816,20.671386674456137
6.451000000000489,-0.0526432360889828,2.9794788662752723,20.671409634601716
6.452000000000489,-0.050028860872430414,2.9766957392291005,20.671430706848973
6.45300000000049,-0.047418297722913394,2.974049420630962,20.671449813336096
6.45400000000049,-0.044811415983076586,2.9715397827181675,20.671466885077187
6.45500000000049,-0.042208080300497386,2.9691667076588146,20.67148186289736
6.456000000000491,-0.03960815070104218,2.96693008787733,20.671494698438643
6.457000000000491,-0.037011482680895824,2.964829826373503,20.67150535523713
6.458000000000491,-0.03441792732655813,2.9628658370763006,20.671513809874106
6.459000000000492,-0.031827331457407126,2.9610380452084435,20.671520053210372
6.460000000000492,-0.02923953779304611,2.9593463876554296,20.671524091689022
6.461000000000492,-0.02665438514145535,2.9577908133911137,20.671525948735223
6.462000000000493,-0.02407170860851693,2.956371283874063,20.67152566622351
6.463000000000493,-0.021491339840395085,2.9550877735059657,20.67152330603674
6.464000000000493,-0.01891310728251483,2.953940270089504,20.671518951706837
6.465000000000494,-0.016336836450136616,2.9529287753200038,20.67151271012697
6.466000000000494,-0.0137623502491806,2.952053305302627,20.67150471334652
6.467000000000494,-0.011189469289092813,2.9513138910454018,20.671495120428094
6.468000000000495,-0.008618012255283247,2.9507105790821697,20.671484119372312
6.469000000000495,-0.006047796268831007,2.9502434320133943,20.67147192909041
6.470000000000495,-0.003478637310763588,2.949912529118933,20.67145880141246
6.471000000000496,-0.0009250671591871651,2.9497166484503623,20.671439288353557
6.472000000000496,0.0016269521283902577,2.94965773766603,20.671419308998484
6.473000000000496,0.004223227131205931,2.9497388849322306,20.671416686601916
6.474000000000497,0.006848138771601953,2.9499570465076204,20.671424942944054
6.475000000000497,0.009471410593505425,2.9503096831292623,20.671432528675446
6.476000000000497,0.012093188225662743,2.9507969848697826,20.67143977457456
6.477000000000498,0.014713614005813724,2.9514191285539937,20.671446960453213
6.478000000000498,0.017332827890641056,2.952176279245066,20.67145431915091
6.479000000000498,0.019950968303874106,2.953068591567927,20.671462040410688
6.480000000000499,0.022568172933915776,2.9540962109703344,20.671470274618443
6.481000000000499,0.025184579420738373,2.955259274955651,20.67147913640312
6.482000000000499,0.027800326018905253,2.9565579142012766,20.67148870806165
6.4830000000005,0.030415552161230153,2.957992253628394,20.671499042813146
6.4840000000005,0.03303039895877191,2.9595624134346963,20.671510167880854
6.4850000000005,0.03564500963966566,2.9612685100158274,20.671522087383313
6.486000000000501,0.038259529915876556,2.9631106568859025,20.67153478504627
6.487000000000501,0.04087410829197324,2.965088965493152,20.67154822672661
6.488000000000501,0.043488896303188085,2.9672035460211816,20.6715623627654
6.489000000000502,0.04610404869515605,2.969454508129843,20.671577130157733
6.490000000000502,0.04871972355624621,2.971841961647499,20.671592454554926
6.491000000000502,0.051336082382249515,2.974366017205739,20.67160825210493
6.492000000000503,0.053953290100139384,2.9770267868632914,20.6716244311318
6.493000000000503,0.056571515038967846,2.9798243846680634,20.671640893670357
6.494000000000503,0.059190928860971326,2.9827589271803845,20.67165753686045
6.495000000000504,0.06181170644521217,2.9858305339692492,20.67167425420501
6.496000000000504,0.06443402574285528,2.9890393280795706,20.671690936704437
6.497000000000504,0.06705806759521238,2.9923854364443514,20.67170747387825
6.498000000000505,0.06968401552154546,2.995868990296458,20.671723754679185
6.499000000000505,0.07231205548424668,2.9994901255333843,20.671739668304426
6.500000000000505,0.07494237563133765,3.003248983053993,20.671755104914784
6.501000000000506,0.07757516602006831,3.007145709078884,20.671769956278204
6.502000000000506,0.08021061832772602,3.0111804554435935,20.671784116329334
6.503000000000506,0.08284892555400347,3.015353379862063,20.67179748166047
6.504000000000507,0.08549028171157147,3.019664646180786,20.67180995195433
6.505000000000507,0.08813488151483284,3.024114424598622,20.671821430356555
6.506000000000507,0.0907829200688468,3.028702891880357,20.67183182380031
6.507000000000508,0.0934345925620903,3.033430231541331,20.671841043286086
6.508000000000508,0.0960900939607825,3.0382966340235953,20.671849004120823
6.509000000000508,0.09874961871119581,3.0433022968493333,20.67185562612489
6.510000000000509,0.10141336045450089,3.0484474247617186,20.671860833807585
6.511000000000509,0.10408151175460034,3.053732229853381,20.67186455651654
6.512000000000509,0.1067542638341763,3.0591569316788423,20.67186672856814
6.51300000000051,0.10943180633267957,3.0647217573553007,20.67186728935625
6.51400000000051,0.11211432708111602,3.0704269416505667,20.671866183446696
6.51500000000051,0.1148020118864963,3.07627272706452,20.671863360659504
6.516000000000511,0.11749504434811797,3.0822593638947637,20.671858776142955
6.517000000000511,0.12019360568680781,3.0883871102986404,20.671852390438936
6.518000000000511,0.12289787459235413,3.0946562323391618,20.67184416954006
6.519000000000512,0.1256080270989628,3.1010670040342347,20.671834084946113
6.520000000000512,0.1283242364738726,3.107619707384856,20.671822113718186
6.521000000000512,0.1310466731355291,3.114314632410583,20.67180823853177
6.522000000000513,0.1337755045807114,3.1211520771687447,20.671792447727555
6.523000000000513,0.1365108953398817,3.1281323477729757,20.671774735364842
6.524000000000513,0.13925300695262877,3.1352557584053784,20.671755101275266
6.525000000000514,0.14200199795538992,3.142522631330621,20.671733551122262
6.526000000000514,0.14475802389097225,3.1499332968912768,20.671710096456547
6.527000000000514,0.14752123733478584,3.1574880935165766,20.6716847547773
6.528000000000515,0.15029178793477627,3.16518736771809,20.671657549595665
6.529000000000515,0.15306982246772805,3.173031474088475,20.67162851049777
6.530000000000515,0.15585548490764722,3.181020775289312,20.67159767321013
6.531000000000516,0.15864891650619484,3.1891556420495135,20.671565079666014
6.532000000000516,0.16145025588770068,3.1974364531515675,20.67153077807116
6.533000000000516,0.16425963914488761,3.205863595419828,20.671494822967166
6.534000000000517,0.1670771999513363,3.2144374637107376,20.67145727529172
6.535000000000517,0.1699030696797479,3.2231584608940693,20.67141820243738
6.536000000000517,0.17273737752037732,3.232026997840876,20.671377678304978
6.537000000000518,0.1755802506099826,3.241043493404959,20.6713357833465
6.538000000000518,0.17843181416299103,3.250208374405247,20.671292604599813
6.539000000000518,0.1812921916014716,3.259522075605446,20.671248235715964
6.540000000000519,0.1841615046888876,3.268985039693007,20.6712027769699
6.541000000000519,0.18703987366561137,3.2785977172536604,20.67115633525327
6.542000000000519,0.18992741738307473,3.2883605667484517,20.67110902405548
6.54300000000052,0.19282425343376985,3.298274054483045,20.671060963416657
6.54400000000052,0.19573049827945965,3.3083386545749818,20.67101227985778
6.54500000000052,0.19864626738132074,3.3185548489202574,20.670963106290834
6.546000000000521,0.2015716753212473,3.3289231271519384,20.670913581886634
6.547000000000521,0.2045068359197728,3.33944398659969,20.670863851918355
6.548000000000521,0.20745186235225788,3.350117932232706,20.670814067564617
6.549000000000522,0.21040686725982027,3.3609454766076396,20.670764385668924
6.550000000000522,0.21337196285182358,3.371927139805848,20.670714968459418
6.551000000000522,0.21634726100667478,3.383063449361771,20.670665983215766
6.552000000000523,0.2193328733656017,3.394354940181074,20.670617601890584
6.553000000000523,0.22232891142398614,3.4058021544547046,20.67057000066927
6.554000000000523,0.22533548661272107,3.417405641559526,20.670523359474476
6.555000000000524,0.22835271037540394,3.4291659579441784,20.670477861408166
6.556000000000524,0.23138069424582852,3.441083667012208,20.670433692129308
6.557000000000524,0.2344195499124595,3.4531593389845057,20.670391039164453
6.558000000000525,0.23746938928610462,3.46539355075015,20.67035009114843
6.559000000000525,0.24053032455772438,3.477786885708383,20.670311036995397
6.560000000000525,0.24360246825297338,3.490339933585801,20.670274064996438
6.561000000000526,0.24668593328790678,3.50305329025025,20.67023936184373
6.562000000000526,0.2497808330134319,3.5159275575000493,20.670207111589992
6.563000000000526,0.25288728126392357,3.5289633428453726,20.670177494531572
6.564000000000527,0.2560053924017467,3.5421612592670044,20.67015068602348
6.565000000000527,0.25913528135609454,3.5555219249623633,20.670126855238877
6.566000000000527,0.26227706366317705,3.5690459630845908,20.67010616386257
6.567000000000528,0.2654308555054996,3.582734001456174,20.670088764736633
6.568000000000528,0.268596773746566,3.596586672275066,20.670074800461137
6.569000000000528,0.27177493596703073,3.610604611815006,20.67006440196064
6.570000000000529,0.2749654605007805,3.6247884601052647,20.670057687027832
6.571000000000529,0.2781684664695092,3.6391388606150485,20.670054758854185
6.572000000000529,0.28138407381445063,3.6536564599243775,20.67005570456695
6.57300000000053,0.2846124033300441,3.6683419073943924,20.67006059378423
6.57400000000053,0.28785357669880085,3.6831958548481225,20.670069477204258
6.57500000000053,0.2911077165208198,3.6982189562423855,20.670082385249444
6.576000000000531,0.29437494634688477,3.7134118673591274,20.67009932678706
6.577000000000531,0.29765539070947256,3.728775245508814,20.670120287940996
6.578000000000531,0.300949175149718,3.7443097492479183,20.670145231024307
6.579000000000532,0.30425642624944516,3.760016038120625,20.67017409360658
6.580000000000532,0.30757727165497784,3.7758947724375957,20.670206787736923
6.581000000000532,0.3109118401027118,3.791946613076675,20.670243199358897
6.582000000000533,0.3142602614432164,3.8081722213294142,20.6702831879204
6.583000000000533,0.3176226666593749,3.8245722587901128,20.670326586205753
6.584000000000533,0.32099918789135984,3.8411473872993156,20.670373200415018
6.585000000000534,0.32438995844336915,3.857898268938129,20.670422810495808
6.586000000000534,0.3277951128025762,3.8748255660855193,20.670475170750954
6.587000000000534,0.33121478665143655,3.891929941540184,20.670530010726775
6.588000000000535,-0.31359911948595165,3.092754628067217,19.862652427480896
6.589000000000535,-0.12347687192523316,2.2343779778192725,19.841867566053153
6.590000000000535,0.043663419835106715,1.834783745320662,19.856344593799527
6.591000000000536,0.046861665803420306,1.8523406028047686,19.86604307764798
6.592000000000536,0.049596702938335055,1.8696045766554703,19.87642535374874
6.593000000000536,0.05185888528515386,1.8865745477551494,19.887498991889473
6.594000000000537,0.05363954724772478,1.9032500928525216,19.899271324578518
6.595000000000537,0.054931044603193105,1.919631513569662,19.91174944169364
6.596000000000537,0.05572678877892868,1.9357198642137923,19.92494018353007
6.597000000000538,0.056021273816631856,1.9515169781919672,19.938850132170362
6.598000000000538,0.05581009552940491,1.9670254928421425,19.953485601111346
6.599000000000538,0.05508996240899363,1.982248872516021,19.968852623115225
6.600000000000539,0.053858697926596505,1.997191429767165,19.984956936263544
6.601000000000539,0.05211523395136554,2.0118583445268023,20.001803968236203
6.602000000000539,0.0498595950822191,2.02625568117347,20.0193988188709
6.60300000000054,0.047092873779567015,2.040390403425211,20.03774624105548
6.60400000000054,0.043817196261914985,2.0542703870127124,20.056850620064182
6.60500000000054,-0.25372919603405814,2.058333890939896,20.06571019916046
6.606000000000541,-0.2595491523906147,2.0732993775950734,20.086570487893276
6.607000000000541,-0.2659276047308884,2.0880748464301546,20.108206762642073
6.608000000000541,0.07432841268053506,1.9255355117750288,20.671623831211644
6.609000000000542,0.07754023597524104,1.9822581545534128,20.67164365156088
6.610000000000542,0.11233231464700287,1.956457303640975,20.671658730574432
6.611000000000542,0.22040472108403447,1.8717422347115007,20.67166905555685
6.612000000000543,0.3491302788864696,1.9155889954091538,20.671674666990793
6.613000000000543,0.4963713171721187,2.076924804623647,20.67167566100358
6.6140000000005434,0.6601492810254672,2.345223584802799,20.671672191656395
6.615000000000544,0.8387129330163063,2.711076812755975,20.671664473086604
6.616000000000544,1.0305936011871053,3.1666768990771583,20.671652781533666
6.6170000000005444,1.2346508917262127,3.7062307093158218,20.671637457275523
6.618000000000545,1.450111636215763,4.326319206178258,20.671618906529226
6.619000000000545,1.6766039746822283,5.026215538644358,20.671597603358013
6.6200000000005454,1.9141875029135158,5.808169062181781,20.6715740916585
6.621000000000546,2.1204187157924883,6.580745476607355,20.671522153694387
6.622000000000546,-0.0028953619273795507,-0.0076646481492410575,10.392680245273553
6.6230000000005464,-1.300481469125864,-5.531332094390947,0.0
6.624000000000547,-1.1138139246417187,-5.26829480100546,0.0
6.625000000000547,-0.9238343562199169,-4.930775293051068,0.0
6.6260000000005475,-0.7311640161058218,-4.523754863515087,0.0
6.627000000000548,-0.5360342134780174,-4.049277386579403,0.0
6.628000000000548,-0.3383639685314894,-3.5069732468266217,0.0
6.6290000000005485,-0.1378371560999973,-2.8945892125007275,0.0
6.630000000000549,-0.02359581817889487,-2.5105018184259595,0.0
6.631000000000549,-0.026135257911269055,-2.502523913735514,0.0
6.6320000000005495,-0.028360175853228087,-2.4944937221773253,0.0
6.63300000000055,-0.030254694383872453,-2.486372091783979,0.0
6.63400000000055,-0.03179968260015973,-2.4780953637630354,0.0
6.6350000000005505,-0.03297358774135313,-2.4695803081315018,0.0
6.636000000000551,-0.03375322892236104,-2.4607288444333246,0.0
6.637000000000551,-0.034114552188191594,-2.4514325438418654,0.0
6.6380000000005515,0.16456066687364407,-1.8148696669388191,0.0
6.639000000000552,0.16023402297997388,-1.8193675947792276,0.0
6.640000000000552,0.15649628454675654,-1.8226820118446458,0.0
6.6410000000005525,0.15335668412246642,-1.8247353994123912,0.0
6.642000000000553,0.15082286989259858,-1.8254574433525472,0.0
6.643000000000553,0.14890063734380143,-1.8247875558159294,0.0
6.6440000000005535,0.14759368686569968,-1.8226772048679352,0.0
6.645000000000554,0.14690340781293265,-1.8190920485773514,0.0
6.646000000000554,0.14682868961291937,-1.8140138688188672,0.0
6.6470000000005545,0.14736576055564382,-1.807442298674542,0.0
6.648000000000555,0.14850805495716454,-1.7993963357916027,0.0
6.649000000000555,0.15024610944857233,-1.7899156326590613,0.0
6.6500000000005555,0.15256748917540913,-1.7790615533549163,0.0
6.651000000000556,0.15545674470969634,-1.7669179851498904,0.0
6.652000000000556,0.15889540047470674,-1.7535918924715928,0.0
6.6530000000005565,0.16286197543187614,-1.7392136002707492,0.0
6.654000000000557,0.16709065422478278,-1.7279510858226548,0.0022088375825702975
6.655000000000557,-0.03430660385324263,-1.0527299094073188,0.005204634254598799
6.6560000000005575,0.0,0.0,0.0
6.657000000000558,0.0,0.0,0.0
6.658000000000558,0.0,0.0,0.0
6.6590000000005585,0.0,0.0,0.0
6.660000000000559,0.0,0.0,0.0
6.661000000000559,0.0,0.0,0.0
6.6620000000005595,0.0,0.0,0.0
6.66300000000056,0.0,0.0,0.0
6.66400000000056,0.0,0.0,0.0
6.6650000000005605,0.0,0.0,0.0
6.666000000000561,0.0,0.0,0.0
6.667000000000561,0.0,0.0,0.0
6.6680000000005615,0.0,0.0,0.0
6.669000000000562,0.0,0.0,0.0
6.670000000000562,0.0,0.0,0.0
6.6710000000005625,0.0,0.0,0.0
6.672000000000563,0.0,0.0,0.0
6.673000000000563,0.0,0.0,0.0
6.6740000000005635,0.0,0.0,0.0
6.675000000000564,0.0,0.0,0.0
6.676000000000564,0.0,0.0,0.0
6.6770000000005645,0.0,0.0,0.0
6.678000000000565,0.0,0.0,0.0
6.679000000000565,0.0,0.0,0.0
6.6800000000005655,0.0,0.0,0.0
6.681000000000566,0.0,0.0,0.0
6.682000000000566,0.0,0.0,0.0
6.6830000000005665,0.0,0.0,0.0
6.684000000000567,0.0,0.0,0.0
6.685000000000567,0.0,0.0,0.0
6.6860000000005675,0.0,0.0,0.0
6.687000000000568,0.0,0.0,0.0
6.688000000000568,0.0,0.0,0.0
6.6890000000005685,0.0,0.0,0.0
6.690000000000569,0.0,0.0,0.0
6.691000000000569,0.0,0.0,0.0
6.6920000000005695,0.0,0.0,0.0
6.69300000000057,0.0,0.0,0.0
6.69400000000057,0.0,0.0,0.0
6.6950000000005705,0.0,0.0,0.0
6.696000000000571,0.0,0.0,0.0
6.697000000000571,0.0,0.0,0.0
6.6980000000005715,0.0,0.0,0.0
6.699000000000572,0.0,0.0,0.0
6.700000000000572,0.0,0.0,0.0
6.7010000000005725,0.0,0.0,0.0
6.702000000000573,0.0,0.0,0.0
6.703000000000573,0.0,0.0,0.0
6.7040000000005735,0.0,0.0,0.0
6.705000000000574,0.0,0.0,0.0
6.706000000000574,0.0,0.0,0.0
6.7070000000005745,0.0,0.0,0.0
6.708000000000575,0.0,0.0,0.0
6.709000000000575,0.0,0.0,0.0
6.7100000000005755,0.0,0.0,0.0
6.711000000000576,0.0,0.0,0.0
6.712000000000576,0.0,0.0,0.0
6.7130000000005765,0.0,0.0,0.0
6.714000000000577,0.0,0.0,0.0
6.715000000000577,0.0,0.0,0.0
6.7160000000005775,0.0,0.0,0.0
6.717000000000578,0.0,0.0,0.0
6.718000000000578,0.0,0.0,0.0
6.7190000000005785,0.0,0.0,0.0
6.720000000000579,0.0,0.0,0.0
6.721000000000579,0.0,0.0,0.0
6.7220000000005795,0.0,0.0,0.0
6.72300000000058,0.0,0.0,0.0
6.72400000000058,0.0,0.0,0.0
6.7250000000005805,0.0,0.0,0.0
6.726000000000581,0.0,0.0,0.0
6.727000000000581,0.0,0.0,0.0
6.7280000000005815,0.0,0.0,0.0
6.729000000000582,0.0,0.0,0.0
6.730000000000582,0.0,0.0,0.0
6.7310000000005825,0.0,0.0,0.0
6.732000000000583,0.0,0.0,0.0
6.733000000000583,0.0,0.0,0.0
6.7340000000005835,0.0,0.0,0.0
6.735000000000584,0.0,0.0,0.0
6.736000000000584,0.0,0.0,0.0
6.7370000000005845,0.0,0.0,0.0
6.738000000000585,0.0,0.0,0.0
6.739000000000585,0.0,0.0,0.0
6.7400000000005855,0.0,0.0,0.0
6.741000000000586,0.0,0.0,0.0
6.742000000000586,0.0,0.0,0.0
6.7430000000005865,0.0,0.0,0.0
6.744000000000587,0.0,0.0,0.0
6.745000000000587,0.0,0.0,0.0
6.7460000000005875,0.0,0.0,0.0
6.747000000000588,0.0,0.0,0.0
6.748000000000588,0.0,0.0,0.0
6.7490000000005885,0.0,0.0,0.0
6.750000000000589,0.0,0.0,0.0
6.751000000000589,0.0,0.0,0.0
6.7520000000005895,0.0,0.0,0.0
6.75300000000059,0.0,0.0,0.0
6.75400000000059,0.0,0.0,0.0
6.7550000000005905,0.0,0.0,0.0
6.756000000000591,0.0,0.0,0.0
6.757000000000591,0.0,0.0,0.0
6.7580000000005915,0.0,0.0,0.0
6.759000000000592,0.0,0.0,0.0
6.760000000000592,0.0,0.0,0.0
6.7610000000005925,0.0,0.0,0.0
6.762000000000593,0.0,0.0,0.0
6.763000000000593,0.0,0.0,0.0
6.7640000000005935,0.0,0.0,0.0
6.765000000000594,0.0,0.0,0.0
6.766000000000594,0.0,0.0,0.0
6.7670000000005945,0.0,0.0,0.0
6.768000000000595,0.0,0.0,0.0
6.769000000000595,0.0,0.0,0.0
6.7700000000005955,0.0,0.0,0.0
6.771000000000596,0.0,0.0,0.0
6.772000000000596,0.0,0.0,0.0
6.7730000000005965,0.0,0.0,0.0
6.774000000000597,0.0,0.0,0.0
6.775000000000597,0.0,0.0,0.0
6.7760000000005975,0.0,0.0,0.0
6.777000000000598,0.0,0.0,0.0
6.778000000000598,0.0,0.0,0.0
6.7790000000005985,0.0,0.0,0.0
6.780000000000599,0.0,0.0,0.0
6.781000000000599,0.0,0.0,0.0
6.7820000000005995,0.0,0.0,0.0
6.7830000000006,0.0,0.0,0.0
6.7840000000006,0.0,0.0,0.0
6.7850000000006006,0.0,0.0,0.0
6.786000000000601,0.0,0.0,0.0
6.787000000000601,0.0,0.0,0.0
6.7880000000006016,0.0,0.0,0.0
6.789000000000602,0.0,0.0,0.0
6.790000000000602,0.0,0.0,0.0
6.7910000000006026,0.0,0.0,0.0
6.792000000000603,0.0,0.0,0.0
6.793000000000603,0.0,0.0,0.0
6.794000000000604,0.0,0.0,0.0
6.795000000000604,0.0,0.0,0.0
6.796000000000604,0.0,0.0,0.0
6.797000000000605,0.0,0.0,0.0
6.798000000000605,0.0,0.0,0.0
6.799000000000605,0.0,0.0,0.0
6.800000000000606,0.0,0.0,0.0
6.801000000000606,0.0,0.0,0.0
6.802000000000606,0.0,0.0,0.0
6.803000000000607,0.0,0.0,0.0
6.804000000000607,0.0,0.0,0.0
6.805000000000607,0.0,0.0,0.0
6.806000000000608,0.0,0.0,0.0
6.807000000000608,0.0,0.0,0.0
6.808000000000608,0.0,0.0,0.0
6.809000000000609,0.0,0.0,0.0
6.810000000000609,0.0,0.0,0.0
6.811000000000609,0.0,0.0,0.0
6.81200000000061,0.0,0.0,0.0
6.81300000000061,0.0,0.0,0.0
6.81400000000061,0.0,0.0,0.0
6.815000000000611,0.0,0.0,0.0
6.816000000000611,0.0,0.0,0.0
6.817000000000611,0.0,0.0,0.0
6.818000000000612,0.0,0.0,0.0
6.819000000000612,0.0,0.0,0.0
6.820000000000612,0.0,0.0,0.0
6.821000000000613,0.0,0.0,0.0
6.822000000000613,0.0,0.0,0.0
6.823000000000613,0.0,0.0,0.0
6.824000000000614,0.0,0.0,0.0
6.825000000000614,0.0,0.0,0.0
6.826000000000614,0.0,0.0,0.0
6.827000000000615,0.0,0.0,0.0
6.828000000000615,0.0,0.0,0.0
6.829000000000615,0.0,0.0,0.0
6.830000000000616,0.0,0.0,0.0
6.831000000000616,0.0,0.0,0.0
6.832000000000616,0.0,0.0,0.0
6.833000000000617,0.0,0.0,0.0
6.834000000000617,0.0,0.0,0.0
6.835000000000617,0.0,0.0,0.0
6.836000000000618,0.0,0.0,0.0
6.837000000000618,0.0,0.0,0.0
6.838000000000618,0.0,0.0,0.0
6.839000000000619,0.0,0.0,0.0
6.840000000000619,0.0,0.0,0.0
6.841000000000619,0.0,0.0,0.0
6.84200000000062,0.0,0.0,0.0
6.84300000000062,0.0,0.0,0.0
6.84400000000062,0.0,0.0,0.0
6.845000000000621,0.0,0.0,0.0
6.846000000000621,0.0,0.0,0.0
6.847000000000621,0.0,0.0,0.0
6.848000000000622,0.0,0.0,0.0
6.849000000000622,0.0,0.0,0.0
6.850000000000622,0.0,0.0,0.0
6.851000000000623,0.0,0.0,0.0
6.852000000000623,0.0,0.0,0.0
6.853000000000623,0.0,0.0,0.0
6.854000000000624,0.0,0.0,0.0
6.855000000000624,0.0,0.0,0.0
6.856000000000624,0.0,0.0,0.0
6.857000000000625,0.0,0.0,0.0
6.858000000000625,0.0,0.0,0.0
6.859000000000625,0.0,0.0,0.0
6.860000000000626,0.0,0.0,0.0
6.861000000000626,0.0,0.0,0.0
6.862000000000626,0.0,0.0,0.0
6.863000000000627,0.0,0.0,0.0
6.864000000000627,0.0,0.0,0.0
6.865000000000627,0.0,0.0,0.0
6.866000000000628,0.0,0.0,0.0
6.867000000000628,0.0,0.0,0.0
6.868000000000628,0.0,0.0,0.0
6.869000000000629,0.0,0.0,0.0
6.870000000000629,0.0,0.0,0.0
6.871000000000629,0.0,0.0,0.0
6.87200000000063,0.0,0.0,0.0
6.87300000000063,0.0,0.0,0.0
6.87400000000063,0.0,0.0,0.0
6.875000000000631,0.0,0.0,0.0
6.876000000000631,0.0,0.0,0.0
6.877000000000631,0.0,0.0,0.0
6.878000000000632,0.0,0.0,0.0
6.879000000000632,0.0,0.0,0.0
6.880000000000632,0.0,0.0,0.0
6.881000000000633,0.0,0.0,0.0
6.882000000000633,0.0,0.0,0.0
6.883000000000633,0.0,0.0,0.0
6.884000000000634,0.0,0.0,0.0
6.885000000000634,0.0,0.0,0.0
6.886000000000634,0.0,0.0,0.0
6.887000000000635,0.0,0.0,0.0
6.888000000000635,0.0,0.0,0.0
6.889000000000635,0.0,0.0,0.0
6.890000000000636,0.04479295703382656,-1.0046019957865286,0.02692619659946315
6.891000000000636,0.3559622720745953,-1.6729238878727664,0.02299547991775318
6.892000000000636,0.35623674301582087,-1.6716443376008452,0.013141721574658528
6.893000000000637,0.3570235604551705,-1.6707452097971514,0.0026119909372623023
6.894000000000637,0.35907223640137464,-1.681696639902735,0.0
6.895000000000637,0.36188649727968236,-1.6948246418559296,0.0
6.896000000000638,0.36524147071882945,-1.7062360013284859,0.0
6.897000000000638,0.36914282309701374,-1.7158874491735725,0.0
6.898000000000638,0.3735955891901578,-1.7237555384603094,0.0
6.899000000000639,0.37860413683729566,-1.7298356292380714,0.0
6.900000000000639,0.3841721333384713,-1.73414069300399,0.0
6.901000000000639,0.3903025142879508,-1.7366999460596322,0.0
6.90200000000064,0.3969974554531581,-1.737557318842725,0.0
6.90300000000064,0.404258348201189,-1.7367697661086434,0.0
6.90400000000064,0.41208577886597975,-1.734405420710496,0.0
6.905000000000641,0.42047951232876224,-1.7305415916806717,0.0
6.906000000000641,0.4294384799873127,-1.7252626054681697,0.0
6.907000000000641,0.35462437917949885,-2.3474676079755357,0.0
6.908000000000642,0.36228258646286526,-2.3550368813043177,0.0
6.909000000000642,0.3704431829858612,-2.361875290544174,0.0
6.910000000000642,0.3790929420351843,-2.368109790654035,0.0
6.911000000000643,0.388218088459955,-2.37385947497748,0.0
6.912000000000643,0.3978045029338414,-2.379231519578455,0.0
6.913000000000643,0.4078379413304427,-2.3843168940486605,0.0
6.914000000000644,0.4183042690916212,-2.3891858340347603,0.0
6.915000000000644,0.4291897104325971,-2.393883071976118,0.0
6.916000000000644,0.4404811122256109,-2.3984228241729086,0.0
6.917000000000645,0.4007879496901917,-2.600197060137618,0.0
6.918000000000645,0.2876902732052068,-3.0170594883458417,0.0
6.919000000000645,0.1695227895053245,-3.360950159535485,0.0
6.920000000000646,0.046220984751312116,-3.6331265407163578,0.0
6.921000000000646,-0.08225365902847864,-3.8324137993932172,0.0
6.922000000000646,-0.19402931244079064,-3.8946784684888813,0.0
6.923000000000647,0.0026553226367860092,0.008157543385837285,10.455945752610145
6.924000000000647,1.3640439608401085,5.09844015320774,20.67002137455769
6.925000000000647,1.2148805357840264,4.305268792072685,20.67004753235203
6.926000000000648,1.0666690004907955,3.602933418122614,20.670073260620594
6.927000000000648,0.9195467099622384,2.984831895484387,20.670099183344192
6.928000000000648,0.7737308622284189,2.447838601635034,20.670125832188862
6.929000000000649,0.6295220332503175,1.992005362249058,20.670153652370622
6.930000000000649,0.4873072871871861,1.6202257092129866,20.670183008086173
6.931000000000649,0.34756315704691226,1.3378593944387518,20.670214187599363
6.93200000000065,0.21085842379159347,1.1523093401913282,20.670247408067908
6.93300000000065,0.07785622027505083,1.0725394749622579,20.670282820162207
6.93400000000065,-0.0506854408574694,1.108519745927941,20.67032051253991
6.935000000000651,-0.17391604381687945,1.2705848744680397,20.67036051620893
6.936000000000651,-0.2908995602528825,1.5686972355918232,20.67040280882563
6.937000000000651,-0.35784267767608874,1.7998687962247264,20.67044731895688
6.938000000000652,-0.6958795070159094,2.0135640651754847,20.14349346252861
6.939000000000652,-0.6891887161511315,1.9998437382599117,20.121152541887366
6.940000000000652,-0.3956802717747212,2.037264023667931,20.109695890978326
6.941000000000653,-0.3912114353624764,2.023607101746045,20.089264560501988
6.942000000000653,-0.3871121278645387,2.00970027451721,20.069665971506076
6.943000000000653,-0.3833829947663976,1.9955357318366604,20.050900301822892
6.944000000000654,-0.38002395290835,1.9811065975252387,20.032967021917855
6.945000000000654,-0.3770341624444047,1.9664069184775974,20.015864904598484
6.946000000000654,-0.3744120059283278,1.9514316511677958,19.999592035277196
6.947000000000655,-0.3721550745165,1.9361766455675367,19.984145822675345
6.948000000000655,-0.37026016120735183,1.920638626517674,19.96952300986262
6.949000000000655,-0.36872326099156316,1.9048151726329892,19.95571968557612
6.950000000000656,-0.3675395777152392,1.8887046928391904,19.942731295725565
6.951000000000656,-0.3667035374061123,1.8723064006818806,19.930552655054985
6.952000000000656,-0.3662088077484639,1.8556202865684575,19.919177958897638
6.953000000000657,-0.3660483233405852,1.838647088130978,19.908600794991692
6.954000000000657,-0.366214316327266,1.821388258930655,19.898814155358032
6.955000000000657,-0.3666983519387095,1.803845935730246,19.889810448184363
6.956000000000658,-0.5994543751123291,2.1833449908720315,19.877405828161447
6.957000000000658,-0.9398910531922131,3.038018388110189,19.89777557812327
6.958000000000658,-0.3316712319414705,3.911704475463125,20.671468260418614
6.959000000000659,-0.3282367160043833,3.894340285321846,20.671496401273462
6.960000000000659,-0.3248179859743985,3.8771563666210795,20.671520834675828
6.961000000000659,-0.321414866067677,3.8601518074246997,20.671541445421248
6.96200000000066,-0.31802717894718313,3.843325714432467,20.671558145958752
6.96300000000066,-0.31465474565284524,3.8266772127806234,20.671570876475617
6.96400000000066,-0.3112973855611685,3.8102054457837085,20.671579604708946
6.965000000000661,-0.30795491636754235,3.793909574625218,20.67158432550352
6.966000000000661,-0.30462715409963437,3.7777887780014225,20.67158506012892
6.967000000000661,-0.30131391315046585,3.7618422517264207,20.671581855386435
6.968000000000662,-0.29801500633747224,3.746069208298877,20.671574782509
6.969000000000662,-0.29473024498582845,3.730468876446139,20.671563935896682
6.970000000000662,-0.29145943902812377,3.7150405006364053,20.67154943170228
6.971000000000663,-0.28820239712629103,3.6997833405797564,20.67153140628475
6.972000000000663,-0.28495892681280566,3.68469667071804,20.671510014568952
6.973000000000663,-0.2817288346460316,3.6697797797016847,20.671485428319667
6.974000000000664,-0.27851192637687916,3.655031969866286,20.671457834364112
6.975000000000664,-0.2753080071325513,3.6404525567163546,20.6714274327797
6.976000000000664,-0.27211688161000325,3.626040868402697,20.67139443506243
6.977000000000665,-0.2689383542728905,3.6117962452221946,20.671359062309897
6.978000000000665,-0.2657722295614917,3.597718039120082,20.671321543418642
6.979000000000665,-0.2626183121056016,3.58380561321178,20.67128211332086
6.980000000000666,-0.2594764069383473,3.5700583413218965,20.671241011275374
6.981000000000666,-0.2563463197170819,3.55647560753755,20.671198479221644
6.982000000000666,-0.25322785693954586,3.5430568057872733,20.6711547602076
6.983000000000667,-0.25012082616193254,3.529801339441633,20.67111009689865
6.984000000000667,-0.2470250362153621,3.516708620929876,20.67106473018177
6.985000000000667,-0.24394029741671375,3.5037780713868187,20.671018897857113
6.986000000000668,-0.24086642177803697,3.491009120320882,20.670972833434323
6.987000000000668,-0.23780322320858716,3.478401205295654,20.670926765028568
6.988000000000668,-0.23475051771272604,3.4659537716515842,20.670880914355937
6.989000000000669,-0.23170812357861337,3.4536662722332494,20.670835495830396
6.990000000000669,-0.2286758615626212,3.441538167147769,20.67079071576797
6.991000000000669,-0.2256535550640848,3.4295689235373175,20.670746771679376
6.99200000000067,-0.22264103029125693,3.4177580153798317,20.67070385166454
6.99300000000067,-0.21963811641994369,3.4061049232961977,20.670662133899
6.99400000000067,-0.21664464574152476,3.394609134389043,20.67062178620183
6.995000000000671,-0.2136604538014666,3.383270142083461,20.67058296569501
6.996000000000671,-0.2106853795301049,3.372087445996499,20.670545818535714
6.997000000000671,-0.20771926536389174,3.36106055181142,20.670510479720107
6.998000000000672,-0.20476195734805458,3.3501889711703825,20.67047707296166
6.999000000000672,-0.20181330523664087,3.33947222157542,20.670445710625945
7.000000000000672,-0.19887316258562748,3.3289098263043115,20.670416493725842
7.001000000000673,-0.1959413868241171,3.3185013143313427,20.670389511965304
7.002000000000673,-0.19301783931709338,3.3082462202637544,20.670364843836513
7.003000000000673,-0.19010238542404068,3.298144084282967,20.67034255675035
7.004000000000674,-0.187194894539644,3.2881944520881916,20.670322707210673
7.005000000000674,-0.1842952401203064,3.2783968748574353,20.670305341023994
7.006000000000674,-0.1814032997047974,3.268750909206119,20.670290493523517
7.007000000000675,-0.17851895491965308,3.259256117152063,20.670278189834384
7.008000000000675,-0.17564209146826215,3.249912066089337,20.670268445152054
7.009000000000675,-0.17277259911344345,3.2407183287632506,20.6702612650337
7.010000000000676,-0.16991037164189038,3.2316744832471613,20.67025664571195
7.011000000000676,-0.16705530681721825,3.222780112929854,20.670254574416532
7.012000000000676,-0.1642073063213303,3.214034806497409,20.67025502970109
7.013000000000677,-0.16136627567576056,3.205438157926494,20.670257981781084
7.014000000000677,-0.15853212415488827,3.1969897664747577,20.670263392876272
7.015000000000677,-0.1557047646842875,3.1886892366764528,20.670271217548336
7.016000000000678,-0.15288411372273458,3.1805361783399917,20.670281403047113
7.017000000000678,-0.15007009113003278,3.172530206549652,20.670293889654214
7.018000000000678,-0.14726262002347568,3.1646709416684757,20.670308611020005
7.019000000000679,-0.144461626616895,3.156958009347079,20.670325494504503
7.020000000000679,-0.14166704004730235,3.1493910405293377,20.670344461511256
7.021000000000679,-0.1388787921864605,3.141969671468644,20.67036542781563
7.02200000000068,-0.1360968174429864,3.1346935437429124,20.67038830389212
7.02300000000068,-0.13332105254673365,3.1275623042738943,20.67041299523486
7.02400000000068,-0.13055143632089283,3.120575605351611,20.670439402672812
7.025000000000681,-0.12778790944742935,3.1137331046610077,20.67046742268091
7.026000000000681,-0.12503041421405547,3.1070344653143662,20.670496947685105
7.027000000000681,-0.12227889425464532,3.1004793558868062,20.6705278663646
7.028000000000682,-0.11953329428248456,3.0940674504581094,20.67056006395191
7.029000000000682,-0.11679355980898794,3.087798428658199,20.67059342252215
7.030000000000682,-0.11405963685969536,3.08167197571827,20.670627821287155
7.031000000000683,-0.11133147168288017,3.075687782527985,20.670663136886922
7.032000000000683,-0.108609010449007,3.0698455456978353,20.670699243671546
7.033000000000683,-0.10589219895517116,3.064144967627936,20.670736013993388
7.034000000000684,-0.1031809823200954,3.0585857565832666,20.670773318497815
7.035000000000684,-0.10047530468105836,3.053167626774627,20.67081102640892
7.036000000000684,-0.09777510889184887,3.0478902984474354,20.670849005827
7.037000000000685,-0.0950803362226037,3.042753497977483,20.670887124028337
7.038000000000685,-0.09239092606694718,3.0377569579730697,20.670925247771564
7.039000000000685,-0.08970681564688053,3.032900417385673,20.670963243610974
7.040000000000686,-0.0870279397376023,3.028183621628102,20.67100097822365
7.041000000000686,-0.0843542303922831,3.023606322700164,20.671038318745005
7.042000000000686,-0.08168561667685406,3.0191682793238406,20.6710751331226
7.043000000000687,-0.07902202442785865,3.014869257085256,20.671111290483566
7.044000000000687,-0.07636337601263953,3.010709028586547,20.671146661523707
7.045000000000687,-0.07370959011342078,3.0066873736068906,20.671181118919502
7.046000000000688,-0.07106058152304887,3.0028040792717956,20.67121453775855
7.047000000000688,-0.06841626096091877,2.9990589402332346,20.671246796010795
7.048000000000688,-0.06577653491097268,2.995451758858731,20.67127777501597
7.049000000000689,-0.06314130547870442,2.9919823454311394,20.671307360015867
7.050000000000689,-0.06051047026801726,2.988650518358936,20.671335440721805
7.051000000000689,-0.05788392228116379,2.9854561043978975,20.6713619119199
7.05200000000069,-0.05526154984491427,2.9823989388838186,20.671386674129444
7.05300000000069,-0.05264323655774206,2.97947886597845,20.671409634300424
7.05400000000069,-0.05002886126140993,2.9766957389244197,20.671430706571776
7.055000000000691,-0.04741829803776909,2.9740494203202275,20.671449813084383
7.056000000000691,-0.04481141622966334,2.9715397824001,20.671466884850098
7.057000000000691,-0.04220808048614799,2.9691667073361714,20.67148186269523
7.058000000000692,-0.03960815083189573,2.9669300875459896,20.671494698261434
7.059000000000692,-0.037011482764683024,2.964829826036407,20.671505355083575
7.060000000000692,-0.034417927371578116,2.962865836736448,20.67151380974594
7.061000000000693,-0.0318273314705948,2.9610380448611995,20.671520053106132
7.062000000000693,-0.029239537781677427,2.9593463873075834,20.67152409160949
7.063000000000693,-0.026654385111896772,2.9577908130415125,20.671525948679403
7.064000000000694,-0.024071708570545525,2.956371283520184,20.67152566619022
7.065000000000694,-0.021491339800832066,2.955087773146488,20.671523306027378
7.066000000000694,-0.018913107247044536,2.953940269732186,20.67151895172057
7.067000000000695,-0.0163368364269445,2.9529287749689956,20.671512710162805
7.068000000000695,-0.013762350242814136,2.952053304940307,20.671504713402964
7.069000000000695,-0.011189469305918465,2.9513138906886525,20.671495120506595
7.070000000000696,-0.008618012298938993,2.9507105787243972,20.67148411947259
7.071000000000696,-0.006047796345228562,2.9502434316625568,20.671471929212796
7.072000000000696,-0.003478637424450426,2.9499125287680954,20.671458801555172
7.073000000000697,-0.0009250673251699482,2.949716648109188,20.67143928852827
7.074000000000697,0.0016269519073830452,2.9496577373357695,20.671419309206524
7.075000000000697,0.004223226903377508,2.949738884611179,20.671416686809437
7.076000000000698,0.006848138563327666,2.949957046179861,20.671424943127562
7.077000000000698,0.009471410406149516,2.9503096828188973,20.671432528838388
7.078000000000698,0.012093188058315718,2.9507969845474236,20.671439774717776
7.079000000000699,0.014713613858020835,2.9514191282368643,20.671446960580113
7.080000000000699,0.017332827765585535,2.952176278932427,20.671454319262516
7.081000000000699,0.019950968206558173,2.953068591248609,20.671462040508352
7.0820000000007,0.022568172862065694,2.954096210650107,20.671470274705648
7.0830000000007,0.02518457937912899,2.9552592746358073,20.671479136481324
7.0840000000007,0.027800326012084042,2.9565579138781786,20.671488708132443
7.085000000000701,0.03041555219078873,2.957992253307623,20.67149904287946
7.086000000000701,0.0330303990297125,2.9595624131130194,20.671510167944056
7.087000000000701,0.03564500975471674,2.9612685096992664,20.671522087445886
7.088000000000702,0.03825953007890348,2.9631106565687446,20.67153478510901
7.089000000000702,0.040874108506159246,2.9650889651761076,20.671548226791742
7.090000000000702,0.04348889657057953,2.9672035457056154,20.67156236283497
7.091000000000703,0.046104049018595106,2.969454507820444,20.671577130233274
7.092000000000703,0.048719723938120296,2.9718419613376454,20.671592454637455
7.093000000000703,0.051336082824491314,2.9743660169013992,20.67160825219512
7.094000000000704,0.0539532906035447,2.977026786563158,20.671624431230583
7.095000000000704,0.056571515605583045,2.9798243843728756,20.671640893779582
7.096000000000704,0.05919092948988691,2.9827589268903694,20.67165753698128
7.097000000000705,0.0618117071363713,2.985830533686567,20.671674254337596
7.098000000000705,0.06443402649642849,2.9890393278008105,20.671690936848826
7.099000000000705,0.0670580684095512,2.992385436172299,20.671707474035667
7.100000000000706,0.06968401639528565,2.9958689900327045,20.67172375485012
7.101000000000706,0.07231205641534189,2.999490125276509,20.671739668488392
7.102000000000706,0.07494237661688885,3.0032489828047915,20.6717551051122
7.103000000000707,0.07757516705663647,3.0071457088376974,20.671769956489033
7.104000000000707,0.08021061941306584,3.011180455209569,20.671784116553102
7.105000000000707,0.08284892668450539,3.0153533796367924,20.671797481896718
7.106000000000708,0.08549028288143745,3.0196646459635303,20.671809952203056
7.107000000000708,0.08813488271997016,3.0241144243896088,20.671821430617182
7.108000000000708,0.09078292130493537,3.0287028916795293,20.671831824071948
7.109000000000709,0.09343459382412789,3.0334302313492003,20.671841043568172
7.110000000000709,0.09609009524237422,3.0382966338394795,20.671849004412838
7.111000000000709,0.0987496200058331,3.0433022966732324,20.671855626426336
7.11200000000071,0.10141336175786364,3.04844742459386,20.671860834116945
7.11300000000071,0.10408151305929891,3.0537322296937077,20.67186455683279
7.11400000000071,0.1067542651349811,3.059156931526843,20.67186672889086
7.115000000000711,0.10943180762313887,3.0647217572104637,20.671867289683696
7.116000000000711,0.11211432835395385,3.070426941512892,20.671866183777414
7.117000000000711,0.11480201313591465,3.0762727269340076,20.671863360992848
7.118000000000712,0.1174950455674093,3.0822593637714135,20.67185877647892
7.119000000000712,0.12019360686952041,3.088387110181202,20.671852390776152
7.120000000000712,0.12289787573126887,3.094656232227976,20.671844169875847
7.121000000000713,0.12560802818785533,3.1010670039287334,20.671834085280363
7.122000000000713,0.12832423750785438,3.10761970728538,20.67182211405038
7.123000000000713,0.1310466741074947,3.1143146323156543,20.671808238860343
7.124000000000714,0.13377550548437966,3.121152077078932,20.671792448050926
7.125000000000714,0.13651089616962508,3.1281323476869147,20.6717747356823
7.126000000000714,0.13925300770344506,3.135255758324888,20.671755101586477
7.127000000000715,0.1420019986215948,3.1425226312539962,20.671733551425888
7.128000000000715,0.14475802446716557,3.1499332968187446,20.671710096752022
7.129000000000715,0.14752123781642013,3.157488093447796,20.671684755063488
7.130000000000716,0.15029178831767354,3.1651873676529476,20.67165754987201
7.131000000000716,0.15306982274725556,3.1730314740261747,20.671628510763714
7.132000000000716,0.1558554850791154,3.1810207752303086,20.671597673465023
7.133000000000717,0.15864891656789837,3.1891556419940343,20.671565079909158
7.134000000000717,0.16145025583526262,3.1974364530989305,20.67153077830256
7.135000000000717,0.16425963897484053,3.205863595370829,20.671494823186556
7.136000000000718,0.16707719966208856,3.2144374636642397,20.671457275498227
7.137000000000718,0.16990306926822996,3.2231584608505273,20.671418202631013
7.138000000000718,0.17273737698511127,3.232026997801313,20.671377678486035
7.139000000000719,0.17558024994977472,3.241043493369716,20.671335783514493
7.140000000000719,0.1784318133766476,3.2502083743731873,20.67129260475478
7.141000000000719,0.1812921906876852,3.2595220755779337,20.6712482358582
7.14200000000072,0.18416150364740247,3.2689850396695874,20.67120277709891
7.14300000000072,0.18703987249699594,3.278597717233879,20.671156335370856
7.14400000000072,0.18992741608749952,3.2883605667343545,20.671109024161034
7.145000000000721,0.19282425201149067,3.298274054473495,20.671060963509312
7.146000000000721,0.19573049673238074,3.3083386545711164,20.671012279939053
7.147000000000721,0.19864626571052213,3.318554848922304,20.67096310636053
7.148000000000722,0.20157167352886063,3.3289231271617155,20.67091358194645
7.149000000000722,0.20450683400798653,3.339443986616061,20.67086385196845
7.1500000000007224,0.2074518603231752,3.3501179322561256,20.670814067605015
7.151000000000723,0.21040686511669549,3.360945476640154,20.670764385700082
7.152000000000723,0.21337196059789676,3.371927139847685,20.670714968480702
7.1530000000007234,0.21634725864552706,3.3830634494133847,20.67066598322927
7.154000000000724,0.21933287090152476,3.3943549402426925,20.670617601897277
7.155000000000724,0.2223289088607885,3.405802154527464,20.67057000066891
7.1560000000007244,0.22533548395460912,3.417405641644109,20.670523359467126
7.157000000000725,0.22835270762804782,3.4291659580408123,20.67047786139493
7.158000000000725,0.23138069141329254,3.441083667121802,20.67043369211068
7.1590000000007254,0.23441954700075485,3.453159339108197,20.670391039140295
7.160000000000726,0.2374693863013846,3.4653935508883933,20.670350091119417
7.161000000000726,0.240530321505247,3.4777868858614056,20.670311036962296
7.1620000000007265,0.24360246513892037,3.490339933755422,20.670274064958313
7.163000000000727,0.2466859301182751,3.5030532904365828,20.67023936180189
7.164000000000727,0.24978082979468752,3.5159275577043445,20.670207111544585
7.1650000000007275,0.25288727800337085,3.5289633430678577,20.670177494480594
7.166000000000728,0.2560053891068037,3.5421612595066563,20.67015068596866
7.167000000000728,0.25913527803288616,3.555521925222479,20.670126855179557
7.1680000000007285,0.26227706031912135,3.569045963364374,20.670106163798224
7.169000000000729,0.265430852148242,3.5827340017552842,20.670088764667295
7.170000000000729,0.268596770382743,3.5965866725954356,20.670074800385397
7.1710000000007295,0.27177493260403196,3.610604612155953,20.670064401877994
7.17200000000073,0.27496545714666354,3.6247884604683804,20.670057686937227
7.17300000000073,0.2781684631311805,3.6391388609990827,20.67005475875549
7.1740000000007305,0.2813840704993993,3.653656460330012,20.67005570446004
7.175000000000731,0.28461240004611454,3.6683419078226507,20.67006059366767
7.176000000000731,0.2878535734525087,3.6831958552982087,20.67006947707644
7.1770000000007315,0.29110771331955476,3.698218956714527,20.6700823851088
7.178000000000732,0.2943749431977878,3.713411867853665,20.67009932663274
7.179000000000732,0.2976553876194359,3.7287752460248385,20.670120287772118
7.1800000000007325,0.3009491721256268,3.74430974978452,20.670145230840284
7.181000000000733,0.3042564232973035,3.7600160386788275,20.670174093404647
7.182000000000733,0.3075772687807756,3.7758947730162618,20.67020678751659
7.1830000000007335,0.3109118373122328,3.791946613675236,20.67024319911968
7.184000000000734,0.3142602587414913,3.8081722219471885,20.670283187659315
7.185000000000734,0.3176226640526991,3.824572259426418,20.67032658592236
7.1860000000007345,0.32099918538294503,3.8411473879531286,20.67037320010895
7.187000000000735,0.3243899560376491,3.857898269608654,20.670422810166155
7.188000000000735,0.3277951105033594,3.8748255667709373,20.670475170396713
7.1890000000007355,0.33121478446130226,3.8919299422402673,20.670530010347417
7.190000000000736,-0.3136021594166335,3.0927535992285207,19.862649635394376
7.191000000000736,-0.12348198705571772,2.2343774531636766,19.841865567183188
7.1920000000007365,0.0436579602243542,1.8347848872279067,19.856342857261932
7.193000000000737,0.04685619922197976,1.8523417434370073,19.866041335765743
7.194000000000737,0.04959122954709414,1.8696057160521975,19.876423608890764
7.1950000000007375,0.05185340526778313,1.8865756859634306,19.88749724651332
7.196000000000738,0.05363406081018445,1.9032512299277715,19.89926958123923
7.197000000000738,0.05492555197474218,1.9196326495751503,19.911747703038778
7.1980000000007385,0.05572129021128052,1.9357209992202478,19.92493845229698
7.199000000000739,0.05601576958438141,1.9515181122775722,19.938848411185663
7.200000000000739,0.05580458592934228,1.9670266260924874,19.953483893292027
7.2010000000007395,0.05508444776022922,1.982250005023191,19.968850931463052
7.20200000000074,0.053853178571965886,1.9971925616296025,19.984955263864475
7.20300000000074,0.052109710255752964,2.01185947584998,20.001802318266197
7.2040000000007405,0.049854067432240336,2.0262568120681546,20.019397194584915
7.205000000000741,0.04708734258567545,2.0403915340073246,20.037744645787633
7.206000000000741,0.04381166195872621,2.0542715174038433,20.05684905723237
7.2070000000007415,-0.25373540465908007,2.058332506598236,20.06570824491525
7.208000000000742,-0.25955536262911627,2.073297990854636,20.086568572665033
7.209000000000742,-0.26593381586270365,2.08807345747993,20.108204890029516
7.2100000000007425,0.07423737937934217,1.9254975096470948,20.671623830574777
7.211000000000743,0.07744448705362547,1.9822178314859529,20.671643650945743
7.212000000000743,0.11217598134869519,1.9564110041122538,20.671658729985403
7.2130000000007435,0.22010126437397015,1.871626591473274,20.671669054998407
7.214000000000744,0.34867566598123645,1.915402351077776,20.67167466646884
7.215000000000744,0.4957619585492633,2.076665980834579,20.6716756605219
7.2160000000007445,0.6593819390455311,2.3448917614422236,20.67167219121928
7.217000000000745,0.837784651886903,2.710671431072303,20.67166447270009
7.218000000000745,1.029501658749029,3.1661975906155515,20.671652781201736
7.2190000000007455,1.233392772329203,3.7056772508134586,20.671637457003925
7.220000000000746,1.448685023616192,4.325691499434171,20.67161890632213
7.221000000000746,1.675006763825853,5.025513614265606,20.671597603219652
7.2220000000007465,1.9124178295796321,5.807393106001733,20.671574091594483
7.223000000000747,2.118517435693262,6.579913737087889,20.671522153797024
7.224000000000747,-0.0028954160495103173,-0.007664648286573028,10.392679859751274
7.2250000000007475,-1.299333786909767,-5.530826117953893,0.0
7.226000000000748,-1.1128490838101612,-5.267867531168485,0.0
7.227000000000748,-0.9230465791538434,-4.93042377989123,0.0
7.2280000000007485,-0.7305474120697363,-4.523476035989249,0.0
7.229000000000749,-0.5355827514999207,-4.049068026353981,0.0
7.230000000000749,-0.3380714434941166,-3.5068299542811365,0.0
7.2310000000007495,-0.13769714957333976,-2.894508367184344,0.0
7.23200000000075,-0.023548539935699053,-2.5104811244831415,0.0
7.23300000000075,-0.026090610606212206,-2.5025043152093795,0.0
7.2340000000007505,-0.028318088755691764,-2.494475183355494,0.0
7.235000000000751,-0.03021509585399426,-2.486354576199208,0.0
7.236000000000751,-0.0317625001399013,-2.4780788342388798,0.0
7.2370000000007515,-0.03293874804789667,-2.469564726839052,0.0
7.238000000000752,-0.03372065794141061,-2.4607141729507878,0.0
7.239000000000752,-0.034084175167708536,-2.4514187432195254,0.0
7.2400000000007525,0.16458632714174945,-1.8148609807325287,0.0
7.241000000000753,0.16025786959131605,-1.8193594272657425,0.0
7.242000000000753,0.15651838583646444,-1.8226743334558084,0.0
7.2430000000007535,0.1533771087841739,-1.8247281804846898,0.0
7.244000000000754,0.15084168693315825,-1.82545065418816,0.0
7.245000000000754,0.14891791604041546,-1.8247811667445453,0.0
7.2460000000007545,0.14760949672054877,-1.8226711863088307,0.0
7.247000000000755,0.14691781850950414,-1.8190863711005822,0.0
7.248000000000755,0.14684177097128437,-1.8140085032151485,0.0
7.2490000000007555,0.14737758248330304,-1.8074372160144048,0.0
7.250000000000756,0.14851868739879745,-1.799391507499164,0.0
7.251000000000756,0.15025562233276102,-1.7899110305789412,0.0
7.2520000000007565,0.1525759523551079,-1.7790571498222367,0.0
7.253000000000757,0.1554642278974003,-1.766913753068157,0.0
7.254000000000757,0.1589019731724568,-1.753587805391566,0.0
7.2550000000007575,0.16286770685405944,-1.7392096324676698,0.0
7.256000000000758,0.1670956483965756,-1.7279496218863528,0.0022101964217421475
7.257000000000758,-0.03430310474279584,-1.0527298473955975,0.005205975464576249
7.2580000000007585,0.0,0.0,0.0
7.259000000000759,0.0,0.0,0.0
7.260000000000759,0.0,0.0,0.0
7.2610000000007595,0.0,0.0,0.0
7.26200000000076,0.0,0.0,0.0
7.26300000000076,0.0,0.0,0.0
7.2640000000007605,0.0,0.0,0.0
7.265000000000761,0.0,0.0,0.0
7.266000000000761,0.0,0.0,0.0
7.2670000000007615,0.0,0.0,0.0
7.268000000000762,0.0,0.0,0.0
7.269000000000762,0.0,0.0,0.0
7.2700000000007625,0.0,0.0,0.0
7.271000000000763,0.0,0.0,0.0
7.272000000000763,0.0,0.0,0.0
7.2730000000007635,0.0,0.0,0.0
7.274000000000764,0.0,0.0,0.0
7.275000000000764,0.0,0.0,0.0
7.2760000000007645,0.0,0.0,0.0
7.277000000000765,0.0,0.0,0.0
7.278000000000765,0.0,0.0,0.0
7.2790000000007655,0.0,0.0,0.0
7.280000000000766,0.0,0.0,0.0
7.281000000000766,0.0,0.0,0.0
7.2820000000007665,0.0,0.0,0.0
7.283000000000767,0.0,0.0,0.0
7.284000000000767,0.0,0.0,0.0
7.2850000000007675,0.0,0.0,0.0
7.286000000000768,0.0,0.0,0.0
7.287000000000768,0.0,0.0,0.0
7.2880000000007685,0.0,0.0,0.0
7.289000000000769,0.0,0.0,0.0
7.290000000000769,0.0,0.0,0.0
7.2910000000007695,0.0,0.0,0.0
7.29200000000077,0.0,0.0,0.0
7.29300000000077,0.0,0.0,0.0
7.2940000000007705,0.0,0.0,0.0
7.295000000000771,0.0,0.0,0.0
7.296000000000771,0.0,0.0,0.0
7.2970000000007715,0.0,0.0,0.0
7.298000000000772,0.0,0.0,0.0
7.299000000000772,0.0,0.0,0.0
7.3000000000007725,0.0,0.0,0.0
7.301000000000773,0.0,0.0,0.0
7.302000000000773,0.0,0.0,0.0
7.3030000000007735,0.0,0.0,0.0
7.304000000000774,0.0,0.0,0.0
7.305000000000774,0.0,0.0,0.0
7.3060000000007745,0.0,0.0,0.0
7.307000000000775,0.0,0.0,0.0
7.308000000000775,0.0,0.0,0.0
7.3090000000007755,0.0,0.0,0.0
7.310000000000776,0.0,0.0,0.0
7.311000000000776,0.0,0.0,0.0
7.3120000000007765,0.0,0.0,0.0
7.313000000000777,0.0,0.0,0.0
7.314000000000777,0.0,0.0,0.0
7.3150000000007775,0.0,0.0,0.0
7.316000000000778,0.0,0.0,0.0
7.317000000000778,0.0,0.0,0.0
7.3180000000007785,0.0,0.0,0.0
7.319000000000779,0.0,0.0,0.0
7.320000000000779,0.0,0.0,0.0
7.3210000000007796,0.0,0.0,0.0
7.32200000000078,0.0,0.0,0.0
7.32300000000078,0.0,0.0,0.0
7.3240000000007806,0.0,0.0,0.0
7.325000000000781,0.0,0.0,0.0
7.326000000000781,0.0,0.0,0.0
7.3270000000007816,0.0,0.0,0.0
7.328000000000782,0.0,0.0,0.0
7.329000000000782,0.0,0.0,0.0
7.330000000000783,0.0,0.0,0.0
7.331000000000783,0.0,0.0,0.0
7.332000000000783,0.0,0.0,0.0
7.333000000000784,0.0,0.0,0.0
7.334000000000784,0.0,0.0,0.0
7.335000000000784,0.0,0.0,0.0
7.336000000000785,0.0,0.0,0.0
7.337000000000785,0.0,0.0,0.0
7.338000000000785,0.0,0.0,0.0
7.339000000000786,0.0,0.0,0.0
7.340000000000786,0.0,0.0,0.0
7.341000000000786,0.0,0.0,0.0
7.342000000000787,0.0,0.0,0.0
7.343000000000787,0.0,0.0,0.0
7.344000000000787,0.0,0.0,0.0
7.345000000000788,0.0,0.0,0.0
7.346000000000788,0.0,0.0,0.0
7.347000000000788,0.0,0.0,0.0
7.348000000000789,0.0,0.0,0.0
7.349000000000789,0.0,0.0,0.0
7.350000000000789,0.0,0.0,0.0
7.35100000000079,0.0,0.0,0.0
7.35200000000079,0.0,0.0,0.0
7.35300000000079,0.0,0.0,0.0
7.354000000000791,0.0,0.0,0.0
7.355000000000791,0.0,0.0,0.0
7.356000000000791,0.0,0.0,0.0
7.357000000000792,0.0,0.0,0.0
7.358000000000792,0.0,0.0,0.0
7.359000000000792,0.0,0.0,0.0
7.360000000000793,0.0,0.0,0.0
7.361000000000793,0.0,0.0,0.0
7.362000000000793,0.0,0.0,0.0
7.363000000000794,0.0,0.0,0.0
7.364000000000794,0.0,0.0,0.0
7.365000000000794,0.0,0.0,0.0
7.366000000000795,0.0,0.0,0.0
7.367000000000795,0.0,0.0,0.0
7.368000000000795,0.0,0.0,0.0
7.369000000000796,0.0,0.0,0.0
7.370000000000796,0.0,0.0,0.0
7.371000000000796,0.0,0.0,0.0
7.372000000000797,0.0,0.0,0.0
7.373000000000797,0.0,0.0,0.0
7.374000000000797,0.0,0.0,0.0
7.375000000000798,0.0,0.0,0.0
7.376000000000798,0.0,0.0,0.0
7.377000000000798,0.0,0.0,0.0
7.378000000000799,0.0,0.0,0.0
7.379000000000799,0.0,0.0,0.0
7.380000000000799,0.0,0.0,0.0
7.3810000000008,0.0,0.0,0.0
7.3820000000008,0.0,0.0,0.0
7.3830000000008,0.0,0.0,0.0
7.384000000000801,0.0,0.0,0.0
7.385000000000801,0.0,0.0,0.0
7.386000000000801,0.0,0.0,0.0
7.387000000000802,0.0,0.0,0.0
7.388000000000802,0.0,0.0,0.0
7.389000000000802,0.0,0.0,0.0
7.390000000000803,0.0,0.0,0.0
7.391000000000803,0.0,0.0,0.0
7.392000000000803,0.0,0.0,0.0
7.393000000000804,0.0,0.0,0.0
7.394000000000804,0.0,0.0,0.0
7.395000000000804,0.0,0.0,0.0
7.396000000000805,0.0,0.0,0.0
7.397000000000805,0.0,0.0,0.0
7.398000000000805,0.0,0.0,0.0
7.399000000000806,0.0,0.0,0.0
7.400000000000806,0.0,0.0,0.0
7.401000000000806,0.0,0.0,0.0
7.402000000000807,0.0,0.0,0.0
7.403000000000807,0.0,0.0,0.0
7.404000000000807,0.0,0.0,0.0
7.405000000000808,0.0,0.0,0.0
7.406000000000808,0.0,0.0,0.0
7.407000000000808,0.0,0.0,0.0
7.408000000000809,0.0,0.0,0.0
7.409000000000809,0.0,0.0,0.0
7.410000000000809,0.0,0.0,0.0
7.41100000000081,0.0,0.0,0.0
7.41200000000081,0.0,0.0,0.0
7.41300000000081,0.0,0.0,0.0
7.414000000000811,0.0,0.0,0.0
7.415000000000811,0.0,0.0,0.0
7.416000000000811,0.0,0.0,0.0
7.417000000000812,0.0,0.0,0.0
7.418000000000812,0.0,0.0,0.0
7.419000000000812,0.0,0.0,0.0
7.420000000000813,0.0,0.0,0.0
7.421000000000813,0.0,0.0,0.0
7.422000000000813,0.0,0.0,0.0
7.423000000000814,0.0,0.0,0.0
7.424000000000814,0.0,0.0,0.0
7.425000000000814,0.0,0.0,0.0
7.426000000000815,0.0,0.0,0.0
7.427000000000815,0.0,0.0,0.0
7.428000000000815,0.0,0.0,0.0
7.429000000000816,0.0,0.0,0.0
7.430000000000816,0.0,0.0,0.0
7.431000000000816,0.0,0.0,0.0
7.432000000000817,0.0,0.0,0.0
7.433000000000817,0.0,0.0,0.0
7.434000000000817,0.0,0.0,0.0
7.435000000000818,0.0,0.0,0.0
7.436000000000818,0.0,0.0,0.0
7.437000000000818,0.0,0.0,0.0
7.438000000000819,0.0,0.0,0.0
7.439000000000819,0.0,0.0,0.0
7.440000000000819,0.0,0.0,0.0
7.44100000000082,0.0,0.0,0.0
7.44200000000082,0.0,0.0,0.0
7.44300000000082,0.0,0.0,0.0
7.444000000000821,0.0,0.0,0.0
7.445000000000821,0.0,0.0,0.0
7.446000000000821,0.0,0.0,0.0
7.447000000000822,0.0,0.0,0.0
7.448000000000822,0.0,0.0,0.0
7.449000000000822,0.0,0.0,0.0
7.450000000000823,0.0,0.0,0.0
7.451000000000823,0.0,0.0,0.0
7.452000000000823,0.0,0.0,0.0
7.453000000000824,0.0,0.0,0.0
7.454000000000824,0.0,0.0,0.0
7.455000000000824,0.0,0.0,0.0
7.456000000000825,0.0,0.0,0.0
7.457000000000825,0.0,0.0,0.0
7.458000000000825,0.0,0.0,0.0
7.459000000000826,0.0,0.0,0.0
7.460000000000826,0.0,0.0,0.0
7.461000000000826,0.0,0.0,0.0
7.462000000000827,0.0,0.0,0.0
7.463000000000827,0.0,0.0,0.0
7.464000000000827,0.0,0.0,0.0
7.465000000000828,0.0,0.0,0.0
7.466000000000828,0.0,0.0,0.0
7.467000000000828,0.0,0.0,0.0
7.468000000000829,0.0,0.0,0.0
7.469000000000829,0.0,0.0,0.0
7.470000000000829,0.0,0.0,0.0
7.47100000000083,0.0,0.0,0.0
7.47200000000083,0.0,0.0,0.0
7.47300000000083,0.0,0.0,0.0
7.474000000000831,0.0,0.0,0.0
7.475000000000831,0.0,0.0,0.0
7.476000000000831,0.0,0.0,0.0
7.477000000000832,0.0,0.0,0.0
7.478000000000832,0.0,0.0,0.0
7.479000000000832,0.0,0.0,0.0
7.480000000000833,0.0,0.0,0.0
7.481000000000833,0.0,0.0,0.0
7.482000000000833,0.0,0.0,0.0
7.483000000000834,0.0,0.0,0.0
7.484000000000834,0.0,0.0,0.0
7.485000000000834,0.0,0.0,0.0
7.486000000000835,0.0,0.0,0.0
7.487000000000835,0.0,0.0,0.0
7.488000000000835,0.0,0.0,0.0
7.489000000000836,0.0,0.0,0.0
7.490000000000836,0.0,0.0,0.0
7.491000000000836,0.0,0.0,0.0
7.492000000000837,0.04479604258271351,-1.0046011888545094,0.02692801654646425
7.493000000000837,0.35596646173580493,-1.672921434578189,0.022997292567668384
7.494000000000837,0.3562409401928873,-1.6716418823568517,0.013143541724143882
7.495000000000838,0.35702776528542035,-1.6707427527419836,0.0026138169735604715
7.496000000000838,0.3590769823550046,-1.681691382856596,0.0
7.497000000000838,0.36189221332876065,-1.6948191146520042,0.0
7.498000000000839,0.36524821471984636,-1.7062301644117461,0.0
7.499000000000839,0.3691506530485439,-1.7158812625255937,0.0
7.500000000000839,0.3736045632238699,-1.7237489616772725,0.0
7.50100000000084,0.3786143132121542,-1.7298286215992418,0.0
7.50200000000084,0.3841835704370692,-1.7341332135376435,0.0
7.50300000000084,0.39031527061402693,-1.7366919536088685,0.0
7.504000000000841,0.3970115896295127,-1.7375487721242011,0.0
7.505000000000841,0.4042739189676967,-1.7367606237702562,0.0
7.506000000000841,0.41210284507444966,-1.7343956413894595,0.0
7.507000000000842,0.4204981329376435,-1.7305311340595293,0.0
7.508000000000842,0.4294587140518691,-1.7252514283286442,0.0
7.509000000000842,0.35464826401638194,-2.3474508212792498,0.0
7.510000000000843,0.36230840790144925,-2.3550189810767446,0.0
7.511000000000843,0.37047100694745627,-2.361856224549511,0.0
7.512000000000843,0.3791228343771683,-2.368089507171155,0.0
7.513000000000844,0.3882501149450481,-2.373837922855806,0.0
7.514000000000844,0.39783872919530205,-2.379208648294564,0.0
7.515000000000844,0.4078744328331473,-2.3842926537635467,0.0
7.516000000000845,0.41834309108844525,-2.3891601756366185,0.0
7.517000000000845,0.42923092791747885,-2.3938559471262026,0.0
7.518000000000845,0.4405247898824207,-2.398394185341136,0.0
7.519000000000846,0.40089644446296724,-2.6001112950066085,0.0
7.520000000000846,0.287940401942017,-3.016885954575293,0.0
7.521000000000846,0.16992006362480377,-3.3606844699175586,0.0
7.522000000000847,0.046770785741044985,-3.632764562311242,0.0
7.523000000000847,-0.08154605525311301,-3.8319516116012675,0.0
7.524000000000847,-0.1931898992068808,-3.8941321547619108,0.0
7.525000000000848,0.0026550254423816973,0.008157529671212905,10.455945264091275
7.526000000000848,1.3619357365587548,5.097089347429371,20.670021374650982
7.527000000000848,1.2129463705741164,4.304029459429572,20.670047532475326
7.528000000000849,1.0649072966090753,3.6018056360764206,20.67007326077039
7.529000000000849,0.9179555848682259,2.983815452935424,20.67009918351532
7.530000000000849,0.7723081823081036,2.44693304631609,20.670125832378588
7.53100000000085,0.6282654328584405,1.9912100183161705,20.670153652577035
7.53200000000085,0.4862141729267476,1.6195396649831206,20.670183008306314
7.53300000000085,0.3466306965566366,1.337281459632873,20.670214187830684
7.534000000000851,0.21008351827541222,1.1518379721852732,20.670247408308093
7.535000000000851,0.07723546014712661,1.0721726741413198,20.670282820410392
7.536000000000851,-0.05115583738605932,1.1082549220709135,20.670320512793946
7.537000000000852,-0.17424030848996194,1.2704186890839404,20.670360516466445
7.538000000000852,-0.2910824666496893,1.5686254291855433,20.670402809086553
7.539000000000852,-0.35793204884438357,1.7998143388513044,20.670447319219864
7.540000000000853,-0.6958859277121141,2.0135616967971344,20.14349170807892
7.541000000000853,-0.6891951248375987,1.9998413773962325,20.12115075756388
7.542000000000853,-0.3956863989755427,2.0372640097149146,20.10969453121301
7.543000000000854,-0.39121755227107413,2.023607088933345,20.08926317646811
7.544000000000854,-0.3871182340750726,2.00970026314224,20.069664566306706
7.545000000000854,-0.38338908989989073,1.9955357221895969,20.050898878480638
7.546000000000855,-0.3800300366113342,1.9811065898880762,20.032965583373763
7.547000000000855,-0.37704023438797424,1.9664069131238278,20.01586345371151
7.548000000000855,-0.3744180658100471,1.9514316483630036,19.999590574826744
7.549000000000856,-0.37216112205821184,1.9361766455674059,19.984144355354573
7.550000000000856,-0.3702661961553912,1.9206386295690736,19.9695215382839
7.551000000000856,-0.36872928311675646,1.9048151789729428,19.9557182122678
7.552000000000857,-0.3675455868128967,1.8887047026943298,19.94272982313
7.553000000000857,-0.3667095332959331,1.8723064142689967,19.930551185530742
7.554000000000857,-0.3662147902735088,1.8556203040928998,19.919176494713426
7.555000000000858,-0.366054292368589,1.8386471097878943,19.908599338333556
7.556000000000858,-0.36622027174880223,1.8213882849042806,19.898812708324886
7.557000000000858,-0.3667042936671978,1.8038459661932906,19.889809012785033
7.558000000000859,-0.599459661968022,2.1833436629578595,19.877404130563036
7.559000000000859,-0.9398941280861964,3.038016857307918,19.897773066594457
7.560000000000859,-0.3316712283841241,3.9117044757399526,20.67146826069446
7.56100000000086,-0.328236712485797,3.8943402856215243,20.67149640155252
7.56200000000086,-0.32481798249717286,3.8771563669428133,20.671520834957
7.56300000000086,-0.32141486263704167,3.860151807769853,20.671541445705138
7.564000000000861,-0.31802717556859506,3.8433257148006987,20.671558146244976
7.565000000000861,-0.31465474233133506,3.8266772131726157,20.671570876764488
7.566000000000861,-0.31129738230174553,3.810205446198893,20.671579605000034
7.567000000000862,-0.30795491317545753,3.793909575063367,20.67158432579588
7.568000000000862,-0.3046271509808136,3.7777887784617405,20.6715850604242
7.569000000000862,-0.3013139101105864,3.761842252207657,20.671581855683044
7.570000000000863,-0.29801500338236764,3.7460692088016003,20.671574782806154
7.571000000000863,-0.2947302421215383,3.730468876969667,20.6715639361942
7.572000000000863,-0.29145943625957926,3.7150405011786916,20.671549431998965
7.573000000000864,-0.28820239445924045,3.6997833411413694,20.67153140658129
7.574000000000864,-0.2849589242535586,3.6846966712972744,20.67151001486416
7.575000000000864,-0.2817288321990574,3.669779780297972,20.671485428612684
7.576000000000865,-0.2785119240480398,3.655031970478717,20.671457834653864
7.577000000000865,-0.275308004927723,3.640452557342428,20.671427433064984
7.578000000000865,-0.2721168795324047,3.626040869042299,20.67139443534269
7.579000000000866,-0.2689383523277513,3.6117962458735065,20.671359062584287
7.580000000000866,-0.2657722277541552,3.5977180397826487,20.67132154368594
7.581000000000866,-0.26261831043917994,3.5838056138850334,20.671282113579352
7.582000000000867,-0.2594764054166063,3.5700583420028806,20.671241011524824
7.583000000000867,-0.25634631834410015,3.5564756082252416,20.671198479461726
7.584000000000867,-0.2532278557185492,3.5430568064813315,20.671154760436217
7.585000000000868,-0.2501208250952658,3.5298013401388744,20.671110097114692
7.586000000000868,-0.24702503530501474,3.5167086216307553,20.671064730383602
7.587000000000868,-0.24394029666522954,3.5037780720904266,20.671018898044302
7.588000000000869,-0.24086642118714963,3.4910091210243763,20.670972833606875
7.589000000000869,-0.23780322277892196,3.478401205998807,20.670926765184497
7.590000000000869,-0.2347505174460025,3.4659537723522362,20.67088091449331
7.59100000000087,-0.23170812347531466,3.453666272931173,20.67083549594981
7.59200000000087,-0.22867586162226416,3.441538167840349,20.670790715867895
7.59300000000087,-0.2256535552865131,3.429568924225009,20.67074677175777
7.594000000000871,-0.22264103067526264,3.4177580160602474,20.670703851721953
7.595000000000871,-0.2196381169645747,3.4061049239693375,20.67066213393486
7.596000000000871,-0.21664464644416626,3.394609135052292,20.670621786214426
7.597000000000872,-0.21366045466129435,3.3832701427367056,20.670582965684183
7.598000000000872,-0.21068538054632313,3.3720874466388295,20.67054581850048
7.599000000000872,-0.20771926653144135,3.3610605524420407,20.670510479659974
7.600000000000873,-0.20476195866305602,3.3501889717882705,20.670477072876583
7.601000000000873,-0.20181330669757358,3.3394722221793245,20.67044571051595
7.602000000000873,-0.19887316418818557,3.3289098268932094,20.67041649358932
7.603000000000874,-0.1959413885624457,3.3185013149045517,20.670389511802625
7.604000000000874,-0.19301784118759713,3.3082462208220704,20.67036484364754
7.605000000000874,-0.19010238742249896,3.2981440848234342,20.67034255653426
7.606000000000875,-0.1871948966601451,3.288194452611606,20.67032270696948
7.607000000000875,-0.18429524235662598,3.2783968753627732,20.670305340755935
7.608000000000875,-0.18140330205130795,3.2687509096926988,20.670290493229388
7.609000000000876,-0.17851895737068446,3.2592561176197705,20.670278189515383
7.610000000000876,-0.17564209401720632,3.249912066537945,20.67026844480688
7.611000000000876,-0.17277260175291076,3.2407183291912816,20.67026126466334
7.612000000000877,-0.16991037436493173,3.2316744836547286,20.670256645317828
7.613000000000877,-0.1670553096176377,3.2227801133167873,20.67025457399842
7.614000000000877,-0.16420730919111293,3.214034806863822,20.670255029259856
7.615000000000878,-0.16136627860743147,3.2054381582720453,20.670257981317633
7.616000000000878,-0.15853212714151255,3.1969897667994474,20.67026339239071
7.617000000000878,-0.15570476771677022,3.1886892369796556,20.670271217042636
7.618000000000879,-0.1528841167929329,3.1805361786213098,20.670281402522768
7.619000000000879,-0.15007009423135287,3.1725302068094834,20.67029388911093
7.620000000000879,-0.14726262314808736,3.164670941907616,20.670308610458964
7.62100000000088,-0.14446162975545462,3.1569580095645904,20.67032549392794
7.62200000000088,-0.1416670431916387,3.1493910407257317,20.67034446092005
7.62300000000088,-0.13887879532964575,3.141969671643949,20.670365427210776
7.624000000000881,-0.13609682057677475,3.1346935438972565,20.67038830327526
7.625000000000881,-0.13332105566268382,3.127562304407789,20.670412994607688
7.626000000000881,-0.1305514394115317,3.120575605465099,20.670439402036827
7.627000000000882,-0.12778791250501886,3.113733104754385,20.67046742203673
7.628000000000882,-0.12503041723122452,3.1070344653879425,20.67049694703481
7.629000000000882,-0.1222788972242849,3.100479355940894,20.670527865710216
7.630000000000883,-0.1195332971972312,3.0940674504931085,20.670560063293916
7.631000000000883,-0.11679356266262989,3.087798428674472,20.67059342186278
7.632000000000883,-0.11405963964575891,3.0816719757162208,20.67062782062848
7.633000000000884,-0.11133147439450392,3.075687782507957,20.670663136229017
7.634000000000884,-0.10860901308020582,3.0698455456602343,20.6706992430167
7.635000000000884,-0.10589220150111611,3.0641449675733927,20.670736013343962
7.636000000000885,-0.10318098477631829,3.058585756512115,20.670773317854465
7.637000000000885,-0.10047530704248736,3.053167626687342,20.67081102577319
7.638000000000885,-0.09777511115434394,3.0478902983445466,20.670849005200424
7.639000000000886,-0.09508033838275476,3.0427534978594735,20.670887123412303
7.640000000000886,-0.0923909281210828,3.037756957840382,20.670925247166977
7.641000000000886,-0.08970681759287648,3.0329004172387517,20.67096324302019
7.642000000000887,-0.08702794157326693,3.0281836214673343,20.671000977647566
7.643000000000887,-0.0843542321150475,3.0236063225263172,20.671038318184877
7.644000000000887,-0.08168561828690694,3.0191682791373435,20.671075132579585
7.645000000000888,-0.0790220259251252,3.014869256886427,20.6711112899587
7.646000000000888,-0.07636337739744019,3.010709028375838,20.671146661017914
7.647000000000888,-0.07370959138586684,3.0066873733847492,20.67118111843311
7.648000000000889,-0.07106058268390174,3.0028040790389583,20.67121453729417
7.649000000000889,-0.06841626201246101,2.999058939989992,20.671246795567512
7.650000000000889,-0.06577653585627476,2.9954517586053973,20.671277774594433
7.65100000000089,-0.06314130632099908,2.9919823451682124,20.671307359617675
7.65200000000089,-0.060510471009935785,2.988650518086894,20.671335440346994
7.65300000000089,-0.05788392292696187,2.985456104116942,20.671361911569278
7.654000000000891,-0.055261550400160786,2.982398938595054,20.671386673803177
7.655000000000891,-0.05264323702687079,2.979478865681301,20.67140963399888
7.656000000000891,-0.0500288616499347,2.976695738620549,20.671430706294835
7.657000000000892,-0.04741829835268163,2.974049420008555,20.671449812831256
7.658000000000892,-0.04481141647681852,2.971539782081294,20.671466884622753
7.659000000000892,-0.042208080671230164,2.9691667070090375,20.67148186249306
7.660000000000893,-0.03960815096274928,2.96693008721725,20.67149469808367
7.661000000000893,-0.037011482848811283,2.9648298256999794,20.671505354931092
7.662000000000893,-0.034417927415461236,2.962865836396041,20.671513809618077
7.663000000000894,-0.031827331482645604,2.9610380445154174,20.671520053002098
7.664000000000894,-0.0292395377689445,2.9593463869572645,20.671524091529214
7.665000000000894,-0.026654385083020316,2.95779081268563,20.671525948623195
7.666000000000895,-0.024071708531664626,2.9563712831636906,20.671525666158296
7.667000000000895,-0.02149133976035955,2.955087772790165,20.67152330601774
7.668000000000895,-0.018913107211574243,2.953940269376915,20.67151895173317
7.669000000000896,-0.01633683640147865,2.95292877460588,20.671512710197625
7.670000000000896,-0.013762350236902421,2.9520533045796924,20.671504713460834
7.671000000000896,-0.011189469323653611,2.9513138903274694,20.671495120585675
7.672000000000897,-0.008618012344413728,2.9507105783711722,20.67148411957292
7.673000000000897,-0.0060477964234451065,2.9502434313053527,20.671471929333208
7.674000000000897,-0.0034786375376825163,2.9499125284289676,20.671458801698503
7.675000000000898,-0.0009250674911527312,2.9497166477611927,20.671439288703493
7.676000000000898,0.00162695168683058,2.9496577369984607,20.671419309414034
7.677000000000898,0.004223226674639591,2.9497388842820556,20.671416687015142
7.678000000000899,0.006848138358691358,2.949957045862675,20.671424943311465
7.679000000000899,0.00947141021833886,2.9503096824935255,20.67143252900098
7.680000000000899,0.012093187891878188,2.95079698423325,20.671439774861643
7.6810000000009,0.014713613713865925,2.9514191279175748,20.671446960706255
7.6820000000009,0.017332827643258497,2.952176278613706,20.671454319374043
7.6830000000009,0.019950968106513756,2.9530685909329293,20.671462040606322
7.684000000000901,0.022568172789306118,2.954096210332267,20.671470274792526
7.685000000000901,0.025184579337746982,2.9552592743152246,20.671479136559842
7.6860000000009014,0.02780032600458071,2.9565579135595357,20.671488708203846
7.687000000000902,0.03041555222171155,2.957992252986564,20.6714990429455
7.688000000000902,0.03303039910088046,2.9595624127960036,20.671510168007522
7.6890000000009024,0.035645009869540445,2.9612685093796927,20.671522087508315
7.690000000000903,0.03825953024147566,2.9631106562499667,20.671534785172362
7.691000000000903,0.04087410872034525,2.965088964859831,20.671548226857272
7.6920000000009034,0.04348889683785728,2.9672035453914702,20.67156236290431
7.693000000000904,0.046104049342488906,2.969454507508317,20.671577130308293
7.694000000000904,0.04871972432022176,2.971841961031714,20.671592454719672
7.6950000000009044,0.05133608326605099,2.9743660165967185,20.671608252285075
7.696000000000905,0.05395329110774583,2.9770267862631385,20.67162443132974
7.697000000000905,0.056571516171857184,2.979824384078256,20.671640893889236
7.6980000000009055,0.059190930118575125,2.9827589266010364,20.67165753710212
7.699000000000906,0.061811707827359896,2.9858305334017246,20.6716742544697
7.700000000000906,0.06443402724966063,2.9890393275223346,20.6716909369939
7.7010000000009065,0.06705806922371949,2.992385435900985,20.67170747419411
7.702000000000907,0.06968401726834372,2.9958689897679847,20.671723755021297
7.703000000000907,0.07231205734643709,2.9994901250191788,20.671739668671968
7.7040000000009075,0.0749423776023832,3.0032489825549646,20.671755105309245
7.705000000000908,0.07757516809348886,3.007145708595715,20.671769956700064
7.706000000000908,0.08021062049829197,3.011180454976511,20.671784116777193
7.7070000000009085,0.08284892781426834,3.0153533794116925,20.671797482133343
7.708000000000909,0.08549028405158765,3.019664645746218,20.671809952451362
7.709000000000909,0.08813488392505064,3.024114424180709,20.6718214308777
7.7100000000009095,0.09078292254051235,3.0287028914790994,20.671831824343926
7.71100000000091,0.09343459508514229,3.0334302311567285,20.671841043850854
7.71200000000091,0.09609009652291434,3.038296633655932,20.671849004705162
7.7130000000009105,0.09874962130120934,3.0433022964978704,20.671855626727186
7.714000000000911,0.10141336306131166,3.0484474244259445,20.671860834425658
7.715000000000911,0.10408151436411117,3.053732229533864,20.67186455714898
7.7160000000009115,0.10675426643544483,3.0591569313746163,20.671866729213207
7.717000000000912,0.109431808913655,3.0647217570657403,20.67186729001051
7.718000000000912,0.11211432962605272,3.070426941375672,20.671866184108595
7.7190000000009125,0.11480201438408244,3.0762727268030403,20.671863361327315
7.720000000000913,0.11749504678635958,3.082259363647154,20.671858776814833
7.721000000000913,0.12019360805152246,3.088387110063536,20.671852391112417
7.7220000000009135,0.12289787686987097,3.0946562321174724,20.67184417021192
7.723000000000914,0.1256080292768047,3.1010670038231183,20.6718340856145
7.724000000000914,0.1283242385412109,3.1076197071849947,20.67182211438167
7.7250000000009145,0.13104667507900558,3.1143146322211805,20.6718082391883
7.726000000000915,0.13377550638793423,3.1211520769890058,20.671792448374482
7.727000000000915,0.13651089699951058,3.1281323476021043,20.67177473600028
7.7280000000009155,0.13925300845383504,3.1352557582445115,20.67175510189764
7.729000000000916,0.1420019992875723,3.1425226311775987,20.671733551729442
7.730000000000916,0.14475802504381363,3.1499332967455302,20.671710097047104
7.7310000000009165,0.14752123829825337,3.1574880933790155,20.67168475534997
7.732000000000917,0.15029178870011606,3.1651873675879187,20.671657550148815
7.733000000000917,0.15306982302647043,3.1730314739641017,20.67162851102896
7.7340000000009175,0.15585548525177728,3.18102077517176,20.67159767371959
7.735000000000918,0.15864891662937453,3.1891556419388962,20.671565080153204
7.736000000000918,0.16145025578197192,3.1974364530467483,20.671530778533967
7.7370000000009185,0.16425963880482186,3.205863595321489,20.671494823405084
7.738000000000919,0.16707719937261345,3.2144374636181965,20.671457275704796
7.739000000000919,0.1699030688574794,3.2231584608082358,20.6714182028251
7.7400000000009195,0.17273737645032838,3.2320269977616363,20.671377678666524
7.74100000000092,0.17558024928945315,3.2410434933333363,20.671335783682384
7.74200000000092,0.17843181259041785,3.2502083743409003,20.67129260490974
7.7430000000009205,0.1812921897741262,3.259522075549512,20.671248236000423
7.744000000000921,0.18416150260563313,3.268985039645031,20.671202777229116
7.745000000000921,0.18703987132866473,3.278597717215007,20.671156335487744
7.7460000000009215,0.1899274147925496,3.2883605667198026,20.671109024265373
7.747000000000922,0.19282425058997887,3.2982740544644003,20.671060963602113
7.748000000000922,0.1957304951858987,3.3083386545670237,20.67101228002084
7.7490000000009225,0.19864626404054775,3.3185548489250323,20.670963106431337
7.750000000000923,0.20157167173672974,3.328923127171265,20.670913582005838
7.751000000000923,0.20450683209617182,3.3394439866328867,20.670863852017817
7.7520000000009235,0.2074518582948599,3.3501179322809094,20.67081406764428
7.753000000000924,0.21040686297405387,3.360945476673578,20.670764385730294
7.754000000000924,0.21337195834433942,3.3719271398895216,20.67071496850304
7.7550000000009245,0.21634725628528884,3.383063449464089,20.67066598324331
7.756000000000925,0.2193328684378315,3.3943549403047655,20.67061760190368
7.757000000000925,0.22232890629810242,3.405802154600906,20.670570000668302
7.7580000000009255,0.2253354812975772,3.4174056417277825,20.670523359460653
7.759000000000926,0.22835270488084802,3.429165958137901,20.670477861382672
7.760000000000926,0.23138068858179395,3.4410836672323057,20.67043369209231
7.7610000000009265,0.2344195440901018,3.4531593392318882,20.670391039116318
7.762000000000927,0.23746938331690615,3.4653935510273186,20.670350091090633
7.763000000000927,0.2405303184527412,3.4777868860157923,20.67031103692924
7.7640000000009275,0.24360246202489577,3.490339933925952,20.67027406492106
7.765000000000928,0.2466859269499082,3.5030532906229155,20.670239361759517
7.766000000000928,0.2497808265773216,3.5159275579087534,20.6702071114982
7.7670000000009285,0.25288727474412553,3.5289633432889786,20.670177494430824
7.768000000000929,0.2560053858127418,3.5421612597475587,20.670150685913512
7.769000000000929,0.2591352747103173,3.5555219254814574,20.670126855119612
7.7700000000009295,0.26227705697561987,3.5690459636437026,20.670106163733323
7.77100000000093,0.26543084879111234,3.5827340020543943,20.670088764596468
7.77200000000093,0.26859676701988633,3.596586672915464,20.670074800309358
7.7730000000009305,0.2717749292423548,3.610604612496786,20.67006440179559
7.774000000000931,0.2749654537933566,3.624788460829791,20.67005768684786
7.775000000000931,0.27816845979401705,3.6391388613836853,20.67005475865797
7.7760000000009315,0.281384067185229,3.6536564607357604,20.670055704352666
7.777000000000932,0.284612396762995,3.6683419082504543,20.670060593550257
7.778000000000932,0.28785357020800006,3.6831958557485223,20.670069476948214
7.7790000000009325,0.2911077101196682,3.6982189571858726,20.670082384968353
7.780000000000933,0.2943749400498632,3.7134118683472934,20.670099326478137
7.781000000000933,0.29765538453047213,3.7287752465404083,20.670120287603787
7.7820000000009335,0.30094916910281455,3.7443097503210083,20.670145230656267
7.783000000000934,0.304256420346384,3.7600160392357793,20.670174093202693
7.784000000000934,0.30757726590754686,3.775894773594473,20.670206787296166
7.7850000000009345,0.31091183452223703,3.7919466142737974,20.67024319887961
7.786000000000935,0.3142602560408889,3.808172222564167,20.670283187399143
7.787000000000935,0.31762266144630047,3.8245722600622685,20.670326585640147
7.7880000000009355,0.32099918287467233,3.841147388606828,20.670373199803564
7.789000000000936,0.3243899536328527,3.857898270278838,20.67042280983697
7.790000000000936,0.32779510820568447,3.8748255674569236,20.67047517004261
7.7910000000009365,0.331214782272383,3.891929942940237,20.670530009967944
7.792000000000937,-0.31360519853447033,3.092752570663764,19.86264684405172
7.793000000000937,-0.12348710081376663,2.2343769286430355,19.84186356884021
7.7940000000009375,0.04365250207641018,1.8347860288231759,19.85634112118066
7.795000000000938,0.04685073410555741,1.8523428837577947,19.86603959434261
7.796000000000938,0.049585757622820914,1.8696068551373295,19.87642186448913
7.7970000000009385,0.051847926718927524,1.8865768238605871,19.887495501595716
7.798000000000939,0.05362857584282425,1.903252366692416,19.899267838359865
7.799000000000939,0.054920060818190446,1.9196337852702725,19.911745964842055
7.8000000000009395,0.0557157931170284,1.9357221339165718,19.924936721519224
7.80100000000094,0.056010266826895916,1.9515192460532038,19.93884669065394
7.80200000000094,0.055799077806021787,1.9670277590329779,19.953482185921857
7.8030000000009405,0.055078934589843365,1.9822511372205698,19.968849240255217
7.804000000000941,0.05384766069608446,1.9971936931828225,19.9849535919075
7.805000000000941,0.052104188039515,2.0118606068637157,20.00180066872997
7.8060000000009415,0.049848541263185595,2.0262579426531504,20.01939557072349
7.807000000000942,0.04708181287425485,2.040392664280115,20.037743050937493
7.808000000000942,0.04380612913762739,2.054272647485909,20.05684749481141
7.8090000000009425,-0.2537416116192507,2.058331122619928,20.065706291186128
7.810000000000943,-0.25956157120196466,2.0732966044778047,20.086566657941116
7.811000000000943,-0.26594002532855265,2.088072068893766,20.108203017909624
7.8120000000009435,0.07414637126513192,1.9254595181019205,20.67162382993811
7.813000000000944,0.07734876454917453,1.982177519588143,20.671643650330854
7.814000000000944,0.11201971039991267,1.956364729298675,20.671658729396814
7.8150000000009445,0.2197979081475687,1.8715109927982092,20.67166905444069
7.816000000000945,0.34822119202533947,1.9152157697386634,20.67167466594634
7.817000000000945,0.4951527776139062,2.0764072370979756,20.671675660040307
7.8180000000009455,0.65861481373608,2.3445600338912875,20.6716721907831
7.819000000000946,0.8368566266629232,2.710266159722508,20.67166447231322
7.820000000000946,1.0284100116679702,3.165718405868242,20.671652780870446
7.8210000000009465,1.2321349879610795,3.705123928319569,20.67163745673232
7.822000000000947,1.4472587859303616,4.325063939970644,20.671618906114464
7.823000000000947,1.6734099679034102,5.024811847377402,20.671597603082173
7.8240000000009475,1.9106486112215295,5.806617316305088,20.671574091531063
7.825000000000948,2.116616640726518,6.5790821687496575,20.67152215389822
7.826000000000948,-0.0028954701589829768,-0.007664648423027553,10.392679474333681
7.8270000000009485,-1.2981863999993828,-5.530320240684592,0.0
7.828000000000949,-1.1118844922231252,-5.26744034298038,0.0
7.829000000000949,-0.9222590070021235,-4.930072332499498,0.0
7.8300000000009495,-0.729930970396469,-4.523197260051012,0.0
7.83100000000095,-0.5351314111227958,-4.048858705204513,0.0
7.83200000000095,-0.337779001111816,-3.506686689959549,0.0
7.8330000000009505,-0.13755718862816474,-2.8944275409585707,0.0
7.834000000000951,-0.02350127455335769,-2.510460436089712,0.0
7.835000000000951,-0.026045975463379716,-2.5024847219432793,0.0
7.8360000000009515,-0.02827601314064955,-2.4944566495148592,0.0
7.837000000000952,-0.030175508144629992,-2.4863370653229926,0.0
7.838000000000952,-0.0317253278572488,-2.4780623091608094,0.0
7.8390000000009525,-0.03290391790906813,-2.4695491497425617,0.0
7.840000000000953,-0.03368809591140628,-2.4606995054245746,0.0
7.841000000000953,-0.03405380651333731,-2.4514049463237164,0.0
7.8420000000009535,0.1646119802893247,-1.814852296897187,0.0
7.843000000000954,0.16028170956625715,-1.819351261982637,0.0
7.844000000000954,0.15654048095707102,-1.8226666571660897,0.0
7.8450000000009545,0.15339752772586157,-1.8247209635340982,0.0
7.846000000000955,0.15086049868463897,-1.8254438668870523,0.0
7.847000000000955,0.1489351898597454,-1.824774779429442,0.0
7.8480000000009555,0.14762530209183694,-1.8226651694069402,0.0
7.849000000000956,0.14693222509830445,-1.8190806951908045,0.0
7.850000000000956,0.14685484857882306,-1.8140031390935922,0.0
7.8510000000009565,0.14738940099827616,-1.8074321347640316,0.0
7.852000000000957,0.1485293167476561,-1.7993866805490777,0.0
7.853000000000957,0.15026513242563153,-1.789906429779796,0.0
7.8540000000009575,0.15258441302649056,-1.7790527475209212,0.0
7.855000000000958,0.1554717088413371,-1.7669095221741102,0.0
7.856000000000958,0.15890854387166284,-1.7535837194619366,0.0
7.8570000000009586,0.162873436505194,-1.7392056657845805,0.0
7.858000000000959,0.1671006412225011,-1.727948158337318,0.0022115549032335935
7.859000000000959,-0.03429960657360607,-1.0527297854007287,0.00520731632076322
7.8600000000009596,0.0,0.0,0.0
7.86100000000096,0.0,0.0,0.0
7.86200000000096,0.0,0.0,0.0
7.8630000000009606,0.0,0.0,0.0
7.864000000000961,0.0,0.0,0.0
7.865000000000961,0.0,0.0,0.0
7.866000000000962,0.0,0.0,0.0
7.867000000000962,0.0,0.0,0.0
7.868000000000962,0.0,0.0,0.0
7.869000000000963,0.0,0.0,0.0
7.870000000000963,0.0,0.0,0.0
7.871000000000963,0.0,0.0,0.0
7.872000000000964,0.0,0.0,0.0
7.873000000000964,0.0,0.0,0.0
7.874000000000964,0.0,0.0,0.0
7.875000000000965,0.0,0.0,0.0
7.876000000000965,0.0,0.0,0.0
7.877000000000965,0.0,0.0,0.0
7.878000000000966,0.0,0.0,0.0
7.879000000000966,0.0,0.0,0.0
7.880000000000966,0.0,0.0,0.0
7.881000000000967,0.0,0.0,0.0
7.882000000000967,0.0,0.0,0.0
7.883000000000967,0.0,0.0,0.0
7.884000000000968,0.0,0.0,0.0
7.885000000000968,0.0,0.0,0.0
7.886000000000968,0.0,0.0,0.0
7.887000000000969,0.0,0.0,0.0
7.888000000000969,0.0,0.0,0.0
7.889000000000969,0.0,0.0,0.0
7.89000000000097,0.0,0.0,0.0
7.89100000000097,0.0,0.0,0.0
7.89200000000097,0.0,0.0,0.0
7.893000000000971,0.0,0.0,0.0
7.894000000000971,0.0,0.0,0.0
7.895000000000971,0.0,0.0,0.0
7.896000000000972,0.0,0.0,0.0
7.897000000000972,0.0,0.0,0.0
7.898000000000972,0.0,0.0,0.0
7.899000000000973,0.0,0.0,0.0
7.900000000000973,0.0,0.0,0.0
7.901000000000973,0.0,0.0,0.0
7.902000000000974,0.0,0.0,0.0
7.903000000000974,0.0,0.0,0.0
7.904000000000974,0.0,0.0,0.0
7.905000000000975,0.0,0.0,0.0
7.906000000000975,0.0,0.0,0.0
7.907000000000975,0.0,0.0,0.0
7.908000000000976,0.0,0.0,0.0
7.909000000000976,0.0,0.0,0.0
7.910000000000976,0.0,0.0,0.0
7.911000000000977,0.0,0.0,0.0
7.912000000000977,0.0,0.0,0.0
7.913000000000977,0.0,0.0,0.0
7.914000000000978,0.0,0.0,0.0
7.915000000000978,0.0,0.0,0.0
7.916000000000978,0.0,0.0,0.0
7.917000000000979,0.0,0.0,0.0
7.918000000000979,0.0,0.0,0.0
7.919000000000979,0.0,0.0,0.0
7.92000000000098,0.0,0.0,0.0
7.92100000000098,0.0,0.0,0.0
7.92200000000098,0.0,0.0,0.0
7.923000000000981,0.0,0.0,0.0
7.924000000000981,0.0,0.0,0.0
7.925000000000981,0.0,0.0,0.0
7.926000000000982,0.0,0.0,0.0
7.927000000000982,0.0,0.0,0.0
7.928000000000982,0.0,0.0,0.0
7.929000000000983,0.0,0.0,0.0
7.930000000000983,0.0,0.0,0.0
7.931000000000983,0.0,0.0,0.0
7.932000000000984,0.0,0.0,0.0
7.933000000000984,0.0,0.0,0.0
7.934000000000984,0.0,0.0,0.0
7.935000000000985,0.0,0.0,0.0
7.936000000000985,0.0,0.0,0.0
7.937000000000985,0.0,0.0,0.0
7.938000000000986,0.0,0.0,0.0
7.939000000000986,0.0,0.0,0.0
7.940000000000986,0.0,0.0,0.0
7.941000000000987,0.0,0.0,0.0
7.942000000000987,0.0,0.0,0.0
7.943000000000987,0.0,0.0,0.0
7.944000000000988,0.0,0.0,0.0
7.945000000000988,0.0,0.0,0.0
7.946000000000988,0.0,0.0,0.0
7.947000000000989,0.0,0.0,0.0
7.948000000000989,0.0,0.0,0.0
7.949000000000989,0.0,0.0,0.0
7.95000000000099,0.0,0.0,0.0
7.95100000000099,0.0,0.0,0.0
7.95200000000099,0.0,0.0,0.0
7.953000000000991,0.0,0.0,0.0
7.954000000000991,0.0,0.0,0.0
7.955000000000991,0.0,0.0,0.0
7.956000000000992,0.0,0.0,0.0
7.957000000000992,0.0,0.0,0.0
7.958000000000992,0.0,0.0,0.0
7.959000000000993,0.0,0.0,0.0
7.960000000000993,0.0,0.0,0.0
7.961000000000993,0.0,0.0,0.0
7.962000000000994,0.0,0.0,0.0
7.963000000000994,0.0,0.0,0.0
7.964000000000994,0.0,0.0,0.0
7.965000000000995,0.0,0.0,0.0
7.966000000000995,0.0,0.0,0.0
7.967000000000995,0.0,0.0,0.0
7.968000000000996,0.0,0.0,0.0
7.969000000000996,0.0,0.0,0.0
7.970000000000996,0.0,0.0,0.0
7.971000000000997,0.0,0.0,0.0
7.972000000000997,0.0,0.0,0.0
7.973000000000997,0.0,0.0,0.0
7.974000000000998,0.0,0.0,0.0
7.975000000000998,0.0,0.0,0.0
7.976000000000998,0.0,0.0,0.0
7.977000000000999,0.0,0.0,0.0
7.978000000000999,0.0,0.0,0.0
7.979000000000999,0.0,0.0,0.0
7.980000000001,0.0,0.0,0.0
7.981000000001,0.0,0.0,0.0
7.982000000001,0.0,0.0,0.0
7.983000000001001,0.0,0.0,0.0
7.984000000001001,0.0,0.0,0.0
7.985000000001001,0.0,0.0,0.0
7.986000000001002,0.0,0.0,0.0
7.987000000001002,0.0,0.0,0.0
7.988000000001002,0.0,0.0,0.0
7.989000000001003,0.0,0.0,0.0
7.990000000001003,0.0,0.0,0.0
7.991000000001003,0.0,0.0,0.0
7.992000000001004,0.0,0.0,0.0
7.993000000001004,0.0,0.0,0.0
7.994000000001004,0.0,0.0,0.0
7.995000000001005,0.0,0.0,0.0
7.996000000001005,0.0,0.0,0.0
7.997000000001005,0.0,0.0,0.0
7.998000000001006,0.0,0.0,0.0
7.999000000001006,0.0,0.0,0.0
8.000000000001005,0.0,0.0,0.0
8.001000000001005,0.0,0.0,0.0
8.002000000001004,0.0,0.0,0.0
8.003000000001004,0.0,0.0,0.0
8.004000000001003,0.0,0.0,0.0
8.005000000001003,0.0,0.0,0.0
8.006000000001002,0.0,0.0,0.0
8.007000000001002,0.0,0.0,0.0
8.008000000001001,0.0,0.0,0.0
8.009000000001,0.0,0.0,0.0
8.010000000001,0.0,0.0,0.0
8.011000000001,0.0,0.0,0.0
8.012000000000999,0.0,0.0,0.0
8.013000000000998,0.0,0.0,0.0
8.014000000000998,0.0,0.0,0.0
8.015000000000997,0.0,0.0,0.0
8.016000000000997,0.0,0.0,0.0
8.017000000000996,0.0,0.0,0.0
8.018000000000995,0.0,0.0,0.0
8.019000000000995,0.0,0.0,0.0
8.020000000000994,0.0,0.0,0.0
8.021000000000994,0.0,0.0,0.0
8.022000000000993,0.0,0.0,0.0
8.023000000000993,0.0,0.0,0.0
8.024000000000992,0.0,0.0,0.0
8.025000000000992,0.0,0.0,0.0
8.026000000000991,0.0,0.0,0.0
8.02700000000099,0.0,0.0,0.0
8.02800000000099,0.0,0.0,0.0
8.02900000000099,0.0,0.0,0.0
8.030000000000989,0.0,0.0,0.0
8.031000000000988,0.0,0.0,0.0
8.032000000000988,0.0,0.0,0.0
8.033000000000987,0.0,0.0,0.0
8.034000000000987,0.0,0.0,0.0
8.035000000000986,0.0,0.0,0.0
8.036000000000985,0.0,0.0,0.0
8.037000000000985,0.0,0.0,0.0
8.038000000000984,0.0,0.0,0.0
8.039000000000984,0.0,0.0,0.0
8.040000000000983,0.0,0.0,0.0
8.041000000000983,0.0,0.0,0.0
8.042000000000982,0.0,0.0,0.0
8.043000000000982,0.0,0.0,0.0
8.044000000000981,0.0,0.0,0.0
8.04500000000098,0.0,0.0,0.0
8.04600000000098,0.0,0.0,0.0
8.04700000000098,0.0,0.0,0.0
8.048000000000979,0.0,0.0,0.0
8.049000000000978,0.0,0.0,0.0
8.050000000000978,0.0,0.0,0.0
8.051000000000977,0.0,0.0,0.0
8.052000000000977,0.0,0.0,0.0
8.053000000000976,0.0,0.0,0.0
8.054000000000975,0.0,0.0,0.0
8.055000000000975,0.0,0.0,0.0
8.056000000000974,0.0,0.0,0.0
8.057000000000974,0.0,0.0,0.0
8.058000000000973,0.0,0.0,0.0
8.059000000000973,0.0,0.0,0.0
8.060000000000972,0.0,0.0,0.0
8.061000000000972,0.0,0.0,0.0
8.062000000000971,0.0,0.0,0.0
8.06300000000097,0.0,0.0,0.0
8.06400000000097,0.0,0.0,0.0
8.06500000000097,0.0,0.0,0.0
8.066000000000969,0.0,0.0,0.0
8.067000000000968,0.0,0.0,0.0
8.068000000000968,0.0,0.0,0.0
8.069000000000967,0.0,0.0,0.0
8.070000000000967,0.0,0.0,0.0
8.071000000000966,0.0,0.0,0.0
8.072000000000966,0.0,0.0,0.0
8.073000000000965,0.0,0.0,0.0
8.074000000000964,0.0,0.0,0.0
8.075000000000964,0.0,0.0,0.0
8.076000000000963,0.0,0.0,0.0
8.077000000000963,0.0,0.0,0.0
8.078000000000962,0.0,0.0,0.0
8.079000000000962,0.0,0.0,0.0
8.080000000000961,0.0,0.0,0.0
8.08100000000096,0.0,0.0,0.0
8.08200000000096,0.0,0.0,0.0
8.08300000000096,0.0,0.0,0.0
8.084000000000959,0.0,0.0,0.0
8.085000000000958,0.0,0.0,0.0
8.086000000000958,0.0,0.0,0.0
8.087000000000957,0.0,0.0,0.0
8.088000000000957,0.0,0.0,0.0
8.089000000000956,0.0,0.0,0.0
8.090000000000956,0.0,0.0,0.0
8.091000000000955,0.0,0.0,0.0
8.092000000000954,0.0,0.0,0.0
8.093000000000954,0.0,0.0,0.0
8.094000000000953,0.04479912729964662,-1.0046003821402691,0.026929836001885244
8.095000000000953,0.3559706502651402,-1.6729189819381256,0.022999104731185705
8.096000000000952,0.3562451362360912,-1.6716394277680937,0.013145361384422634
8.097000000000952,0.3570319689802561,-1.6707402963428644,0.0026156425175025587
8.098000000000951,0.3590817267347741,-1.681686127369781,0.0
8.09900000000095,0.36189792754343336,-1.6948135890737062,0.0
8.10000000000095,0.3652549566112141,-1.7062243292008819,0.0
8.10100000000095,0.36915848060026096,-1.715875077675097,0.0
8.102000000000949,0.3736135345521228,-1.7237423867930253,0.0
8.103000000000948,0.37862448656040193,-1.729821615972161,0.0
8.104000000000948,0.38419500417248226,-1.7341257362069675,0.0
8.105000000000947,0.39032802322459614,-1.7366839634282067,0.0
8.106000000000947,0.39702571972291534,-1.7375402278215664,0.0
8.107000000000946,0.4042894852683844,-1.7367514840058422,0.0
8.108000000000946,0.41211990641894325,-1.7343858648110766,0.0
8.109000000000945,0.42051674826849533,-1.7305206793600738,0.0
8.110000000000944,0.4294789424090415,-1.7252402543022725,0.0
8.111000000000944,0.3546721421780919,-2.347434039203259,0.0
8.112000000000943,0.36233422215137173,-2.3550010857619217,0.0
8.113000000000943,0.37049882319041627,-2.3618371637748004,0.0
8.114000000000942,0.3791527184527682,-2.368069229228377,0.0
8.115000000000942,0.3882821325984871,-2.3738163766087634,0.0
8.116000000000941,0.39787294604299117,-2.3791857832345635,0.0
8.11700000000094,0.40791091432344884,-2.384268420062674,0.0
8.11800000000094,0.41838190245718293,-2.389134524195855,0.0
8.11900000000094,0.4292721341410436,-2.393828829619604,0.0
8.120000000000939,0.44056845562722824,-2.398365554253127,0.0
8.121000000000938,0.4010049003280751,-2.6000255556128478,0.0
8.122000000000938,0.2881904568353594,-3.016712464048163,0.0
8.123000000000937,0.17031722733092935,-3.3604188432181217,0.0
8.124000000000937,0.04732043814143458,-3.6324026686109043,0.0
8.125000000000936,-0.08083863981476777,-3.83148953235294,0.0
8.126000000000936,-0.19235070812550076,-3.8935859713040806,0.0
8.127000000000935,0.002654728325665075,0.008157515960425969,10.45594477570163
8.128000000000934,1.3598280591859755,5.095738870249001,20.670021374744636
8.129000000000934,1.2110127111823528,4.302790437814707,20.67004753259853
8.130000000000933,1.0631460575044527,3.600678146165521,20.67007326091918
8.131000000000933,0.9163648836147736,2.982799282386747,20.670099183686467
8.132000000000932,0.770885885475243,2.4460277417474217,20.67012583256925
8.133000000000932,0.6270091750723157,1.9904149027967097,20.6701536527839
8.134000000000931,0.48512136107956616,1.6188538257248943,20.670183008526642
8.13500000000093,0.34569849858495005,1.336703705245025,20.670214188061436
8.13600000000093,0.20930883571859732,1.1513667588735395,20.67024740854802
8.13700000000093,0.07661488379767083,1.0718060010627912,20.67028282065813
8.138000000000929,-0.051626088907481354,1.1079901977860356,20.670320513047074
8.139000000000928,-0.1745644664710911,1.270252573979096,20.670360516724426
8.140000000000928,-0.291265304103341,1.5685536627289651,20.670402809347408
8.141000000000927,-0.3580213953379961,1.7997598966341501,20.670447319482875
8.142000000000927,-0.6958923466847954,2.0135593290479425,20.14348995409558
8.143000000000926,-0.6892015318038328,1.999839017159728,20.121148973714273
8.144000000000926,-0.3956925245336398,2.0372639957618786,20.109693171809724
8.145000000000925,-0.3912236675394577,2.0236070761203195,20.08926179280259
8.146000000000925,-0.3871243386486606,2.0097002517668514,20.069663161482033
8.147000000000924,-0.38339518339926104,1.9955357125412942,20.050897455517354
8.148000000000923,-0.3800361186825195,1.9811065822487777,20.0329641452111
8.149000000000923,-0.377046304703948,1.966406907767888,20.015862003210533
8.150000000000922,-0.37442412406744763,1.951431645555144,19.999589114763513
8.151000000000922,-0.3721671679779818,1.936176645563704,19.98414288842415
8.152000000000921,-0.3702722294849177,1.920638632616289,19.96952006709769
8.15300000000092,-0.36873530362711937,1.9048151853075965,19.955716739350546
8.15400000000092,-0.36755159429958506,1.888704712543372,19.94272835092535
8.15500000000092,-0.3667155275782447,1.8723064278488022,19.93054971639537
8.156000000000919,-0.3662207711947016,1.8556203216091767,19.9191750309185
8.157000000000918,-0.36606025979591994,1.8386471314355899,19.90859788206282
8.158000000000918,-0.3662262255734008,1.8213883108673485,19.898811261674346
8.159000000000917,-0.36671023380326473,1.8038459966447544,19.889807577765918
8.160000000000917,-0.5994649474049548,2.1833423353969232,19.87740243341818
8.161000000000916,-0.9398972021574501,3.0380153269154033,19.89777055574056
8.162000000000916,-0.3316712248274527,3.911704476019395,20.67146826096959
8.163000000000915,-0.3282367089667275,3.894340285924045,20.671496401830375
8.164000000000915,-0.3248179790216028,3.8771563672690945,20.671520835237704
8.165000000000914,-0.3214148592088293,3.860151808118303,20.671541445988094
8.166000000000913,-0.3180271721917052,3.843325715172682,20.67155814653144
8.167000000000913,-0.31465473901136676,3.826677213567791,20.671570877053593
8.168000000000912,-0.31129737904333865,3.8102054466172603,20.671579605291324
8.169000000000912,-0.30795490998487196,3.793909575504017,20.671584326089103
8.170000000000911,-0.30462714786371237,3.7777887789245597,20.671585060718847
8.17100000000091,-0.30131390707206407,3.7618422526932136,20.671581855979422
8.17200000000091,-0.29801500042884044,3.7460692093087573,20.67157478310319
8.17300000000091,-0.29473023925824293,3.7304688774961505,20.671563936492056
8.174000000000909,-0.2914594334917524,3.715040501724957,20.671549432296676
8.175000000000908,-0.28820239179360385,3.699783341706052,20.671531406877477
8.176000000000908,-0.2849589216947592,3.6846966718802605,20.671510015159186
8.177000000000907,-0.28172882975363933,3.6697797808972155,20.671485428904937
8.178000000000907,-0.2785119217210834,3.655031971093422,20.671457834943126
8.179000000000906,-0.27530800272257494,3.6404525579720257,20.67142743334989
8.180000000000906,-0.27211687745570146,3.6260408696851982,20.671394435622446
8.181000000000905,-0.2689383503842748,3.6117962465287974,20.67135906285824
8.182000000000905,-0.26577222594737293,3.5977180404489673,20.671321543952615
8.183000000000904,-0.2626183087733125,3.5838056145598784,20.67128211383864
8.184000000000903,-0.2594764038960733,3.5700583426871617,20.67124101177494
8.185000000000903,-0.25634631697182897,3.556475608915889,20.67119847970062
8.186000000000902,-0.25322785449750995,3.543056807177436,20.671154760664095
8.187000000000902,-0.25012082402807323,3.5298013408405495,20.67111009733057
8.188000000000901,-0.24702503439515056,3.5167086223352726,20.6710647305865
8.1890000000009,-0.2439402959147685,3.5037780727961945,20.671018898232752
8.1900000000009,-0.24086642059660335,3.491009121730599,20.67097283377869
8.1910000000009,-0.237803222350351,3.4784012067037793,20.670926765339665
8.192000000000899,-0.23475051717952056,3.4659537730553893,20.67088091463127
8.193000000000898,-0.23170812337183122,3.453666273631029,20.670835496068506
8.194000000000898,-0.22867586168210607,3.441538168536681,20.67079071596657
8.195000000000897,-0.22565355550898403,3.429568924915884,20.670746771837237
8.196000000000897,-0.22264103105898414,3.4177580167435053,20.670703851779763
8.197000000000896,-0.2196381175085378,3.4061049246446373,20.670662133969515
8.198000000000896,-0.2166446471476462,3.3946091357190653,20.670621786227223
8.199000000000895,-0.21366045552133528,3.3832701433934744,20.670582965673596
8.200000000000895,-0.2106853815605092,3.3720874472842297,20.670545818465314
8.201000000000894,-0.2077192676979962,3.3610605530756175,20.670510479599905
8.202000000000893,-0.20476195997883906,3.3501889724091143,20.670477072791513
8.203000000000893,-0.20181330815778153,3.3394722227862985,20.6704457104051
8.204000000000892,-0.19887316578927994,3.328909827485518,20.670416493452993
8.205000000000892,-0.19594139030094482,3.318501315482422,20.670389511640288
8.206000000000891,-0.19301784305872616,3.308246221382092,20.670364843458316
8.20700000000089,-0.19010238942013302,3.2981440853678805,20.670342556319127
8.20800000000089,-0.18719489877928197,3.288194453137635,20.670322706727298
8.20900000000089,-0.1842952445928887,3.2783968758712945,20.670305340488394
8.210000000000889,-0.18140330439833008,3.2687509101825754,20.670290492935795
8.211000000000888,-0.17851895982077792,3.2592561180898656,20.670278189195106
8.212000000000888,-0.17564209656426044,3.249912066988827,20.67026844446169
8.213000000000887,-0.17277260439172437,3.2407183296226094,20.670261264293465
8.214000000000887,-0.16991037708835677,3.2316744840660476,20.670256644923334
8.215000000000886,-0.16705531241791505,3.2227801137069036,20.67025457358019
8.216000000000886,-0.16420731206052608,3.214034807232906,20.670255028818524
8.217000000000885,-0.1613662815383492,3.2054381586201544,20.670257980854437
8.218000000000885,-0.15853213012645995,3.196989767126297,20.670263391906254
8.219000000000884,-0.15570477074858502,3.188689237285246,20.670271216537632
8.220000000000883,-0.15288411986368544,3.1805361789057542,20.670281401997826
8.221000000000883,-0.15007009733243137,3.172530207072896,20.67029388856772
8.222000000000882,-0.14726262627062425,3.16467094214903,20.6703086098994
8.223000000000882,-0.14446163289279212,3.156958009784802,20.670325493351662
8.224000000000881,-0.1416670463359111,3.149391040924911,20.670344460328884
8.22500000000088,-0.13887879847217732,3.1419696718222667,20.670365426606494
8.22600000000088,-0.13609682370995202,3.1346935440548833,20.670388302659056
8.22700000000088,-0.13332105877856293,3.127562304544412,20.670412993981124
8.228000000000879,-0.13055144250207817,3.120575605581294,20.670439401401097
8.229000000000879,-0.1277879155616538,3.1137331048506036,20.670467421393095
8.230000000000878,-0.12503042024735037,3.107034465464325,20.670496946384308
8.231000000000877,-0.12227890019222279,3.100479355997859,20.670527865055348
8.232000000000877,-0.11953330011123463,3.094067450530826,20.67056006263599
8.233000000000876,-0.11679356551581618,3.0877984286933473,20.670593421203296
8.234000000000876,-0.1140596424305796,3.08167197571687,20.67062781996914
8.235000000000875,-0.11133147710544788,3.0756877824907303,20.670663135571758
8.236000000000875,-0.108609015711591,3.069845545625553,20.670699242362495
8.237000000000874,-0.10589220404726483,3.0641449675215986,20.6707360126941
8.238000000000874,-0.10318098723103827,3.0585857564437284,20.67077331721127
8.239000000000873,-0.10047530940237032,3.053167626602831,20.670811025137596
8.240000000000872,-0.09777511341640716,3.0478902982444325,20.670849004573896
8.241000000000872,-0.09508034054287381,3.0427534977441955,20.670887122796632
8.242000000000871,-0.09239093017483894,3.0377569577103904,20.67092524656368
8.24300000000087,-0.08970681953765738,3.032900417094539,20.670963242429558
8.24400000000087,-0.08702794340811246,3.028183621309507,20.67100097707183
8.24500000000087,-0.08435423383900423,3.023606322355292,20.67103831762465
8.246000000000869,-0.08168561989791365,3.019168278953525,20.671075132036137
8.247000000000869,-0.0790220274222462,3.0148692566903215,20.67111128943394
8.248000000000868,-0.07636337878112538,3.010709028167939,20.671146660512516
8.249000000000867,-0.07370959265692432,3.0066873731655566,20.671181117948
8.250000000000867,-0.07106058384519139,3.0028040788087766,20.671214536829034
8.251000000000866,-0.06841626306503054,2.999058939749392,20.671246795123736
8.252000000000866,-0.0657765368014589,2.995451758354844,20.671277774173323
8.253000000000865,-0.06314130716291012,2.9919823449080467,20.671307359219643
8.254000000000865,-0.060510471752067474,2.9886505178175042,20.671335439972587
8.255000000000864,-0.05788392357305838,2.985456103839013,20.671361911219066
8.256000000000864,-0.05526155095492413,2.982398938308549,20.671386673476725
8.257000000000863,-0.05264323749571531,2.9794788653872217,20.67140963369689
8.258000000000862,-0.0500288620390279,2.9766957383182273,20.671430706017873
8.259000000000862,-0.04741829866691205,2.9740494197000658,20.6714498125794
8.260000000000861,-0.0448114167231779,2.971539781766012,20.67146688439555
8.26100000000086,-0.04220808085688077,2.9691667066880427,20.671481862290726
8.26200000000086,-0.03960815109428495,2.9669300868879134,20.671494697906255
8.26300000000086,-0.03701148293350798,2.964829825368227,20.67150535477851
8.264000000000859,-0.03441792746093597,2.96286583605729,20.671513809489944
8.265000000000859,-0.03182733149583328,2.961038044175403,20.67152005289872
8.266000000000858,-0.029239537758030565,2.959346386611479,20.671524091449463
8.267000000000857,-0.026654385055053353,2.957790812335489,20.671525948566735
8.268000000000857,-0.024071708493920596,2.9563712828115456,20.671525666125007
8.269000000000856,-0.021491339719887037,2.9550877724391285,20.671523306008076
8.270000000000856,-0.018913107174739707,2.953940269019597,20.671518951746286
8.271000000000855,-0.016336836378741282,2.9529287742468,20.671512710232655
8.272000000000855,-0.01376235023008121,2.952053304225501,20.671504713518047
8.273000000000854,-0.011189469340024516,2.9513138899709475,20.67149512066478
8.274000000000854,-0.008618012389888463,2.9507105780166967,20.671484119673853
8.275000000000853,-0.006047796501661651,2.9502434309544014,20.671471929455368
8.276000000000852,-0.0034786376509146066,2.949912528077334,20.67145880184028
8.277000000000852,-0.0009250676594092511,2.9497166474261576,20.671439288878123
8.278000000000851,0.0016269514653686201,2.9496577366733163,20.67141930962248
8.27900000000085,0.004223226444992179,2.949738883960663,20.671416687222152
8.28000000000085,0.006848138150417071,2.9499570455383264,20.671424943494273
8.28100000000085,0.009471410032347194,2.9503096821729287,20.671432529163262
8.28200000000085,0.012093187726350152,2.950796983910834,20.67143977500473
8.283000000000849,0.014713613567892025,2.951419127599763,20.671446960831716
8.284000000000848,0.01733282751774823,2.9521762782900964,20.671454319484013
8.285000000000847,0.01995096800646934,2.9530685906118777,20.671462040704586
8.286000000000847,0.022568172717456036,2.9540962100158765,20.671470274879866
8.287000000000846,0.02518457929750184,2.955259274000028,20.671479136637934
8.288000000000846,0.027800325997532127,2.956557913240445,20.67148870827488
8.289000000000845,0.030415552252406997,2.957992252670092,20.67149904301165
8.290000000000845,0.033030399171138924,2.9595624124773536,20.671510168071368
8.291000000000844,0.03564500998436415,2.9612685090623074,20.67152208757102
8.292000000000844,0.03825953040472996,2.9631106559369584,20.67153478523535
8.293000000000843,0.0408741089340765,2.9650889645440373,20.67154822692263
8.294000000000842,0.04348889710468029,2.967203545083521,20.671562362974193
8.295000000000842,0.04610404966513215,2.969454507199657,20.671577130383398
8.296000000000841,0.04871972470220953,2.9718419607256124,20.67159245480145
8.29700000000084,0.0513360837090886,2.974366016294084,20.67160825237492
8.29800000000084,0.053953291611151144,2.9770267859676096,20.671624431429287
8.29900000000084,0.056571516737676575,2.9798243837848872,20.671640893999047
8.30000000000084,0.05919093074714965,2.982758926314034,20.671657537222657
8.301000000000839,0.06181170851886009,2.985830533121259,20.67167425460225
8.302000000000838,0.06443402800249487,2.9890393272485767,20.671690937139
8.303000000000837,0.06705807003754671,2.992385435632343,20.671707474351305
8.304000000000837,0.06968401814270919,2.9958689895069597,20.67172375519162
8.305000000000836,0.07231205827656595,2.9994901247651455,20.671739668856176
8.306000000000836,0.0749423785875365,3.003248982308662,20.67175510550689
8.307000000000835,0.07757516913079598,3.0071457083569726,20.671769956909948
8.308000000000835,0.08021062158289283,3.0111804547453858,20.67178411700037
8.309000000000834,0.08284892894295126,3.015353379188525,20.671797482369783
8.310000000000834,0.08549028522037361,3.019664645532032,20.671809952700286
8.311000000000833,0.08813488512959111,3.0241144239748223,20.671821431137957
8.312000000000833,0.09078292377651564,3.0287028912816822,20.67183182461524
8.313000000000832,0.0934345963462988,3.0334302309675536,20.671841044132798
8.314000000000831,0.09609009780362499,3.0382966334746584,20.67184900499708
8.31500000000083,0.09874962259630138,3.043302296324782,20.671855627027927
8.31600000000083,0.10141336436416282,3.0484474242612123,20.671860834734563
8.31700000000083,0.10408151566906554,3.0537322293762372,20.671864557465074
8.31800000000083,0.10675426773565277,3.0591569312252886,20.67186672953459
8.319000000000829,0.10943181020243742,3.064721756923518,20.671867290337758
8.320000000000828,0.11211433089911793,3.0704269412403846,20.671866184439423
8.321000000000828,0.1148020156331313,3.076272726675711,20.671863361661064
8.322000000000827,0.11749504800417299,3.0822593635263047,20.671858777150234
8.323000000000826,0.1201936092329845,3.0883871099489397,20.671852391448045
8.324000000000826,0.12289787800867202,3.094656232008788,20.671844170548116
8.325000000000825,0.1256080303662941,3.1010670037202317,20.671834085948795
8.326000000000825,0.12832423957448214,3.107619707088247,20.67182211471309
8.327000000000824,0.13104667605028908,3.1143146321293216,20.671808239516093
8.328000000000824,0.13377550729180143,3.1211520769015806,20.671792448697676
8.329000000000823,0.13651089782979398,3.128132347519454,20.671774736317495
8.330000000000823,0.13925300920365657,3.1352557581664087,20.6717551022085
8.331000000000822,0.14200199995295293,3.142522631103134,20.671733552032546
8.332000000000821,0.1447580256206038,3.1499332966761813,20.67171009734183
8.33300000000082,0.14752123878037082,3.157488093312395,20.671684755635802
8.33400000000082,0.15029178908292806,3.1651873675252773,20.671657550424577
8.33500000000082,0.1530698233065948,3.1730314739046435,20.67162851129468
8.33600000000082,0.15585548542472338,3.1810207751157122,20.671597673974464
8.337000000000819,0.15864891669110648,3.1891556418858045,20.671565080396412
8.338000000000818,0.16145025572947702,3.1974364529972945,20.671530778765415
8.339000000000818,0.16425963863432003,3.2058635952754457,20.671494823623902
8.340000000000817,0.16707719908291097,3.214437463575109,20.67145727591053
8.341000000000816,0.1699030684466436,3.2231584607679906,20.67141820301911
8.342000000000816,0.17273737591546023,3.2320269977252565,20.671377678847826
8.343000000000815,0.1755802486296716,3.2410434933001397,20.671335783849486
8.344000000000815,0.17843181180413126,3.250208374312024,20.671292605064583
8.345000000000814,0.181292188860823,3.2595220755242735,20.671248236142908
8.346000000000814,0.18416150156497224,3.268985039623658,20.671202777358143
8.347000000000813,0.1870398701605609,3.2785977171984086,20.67115633560406
8.348000000000813,0.18992741349782705,3.2883605667093434,20.67110902437021
8.349000000000812,0.19282424916909235,3.2982740544584885,20.67106096369486
8.350000000000811,0.19573049363933137,3.3083386545663416,20.671012280101817
8.35100000000081,0.19864626237151128,3.318554848930944,20.670963106501276
8.35200000000081,0.2015716699457073,3.3289231271830886,20.67091358206532
8.35300000000081,0.20450683018475502,3.339443986651986,20.670863852067203
8.35400000000081,0.20745185626699936,3.3501179323084216,20.670814067683825
8.355000000000809,0.21040686083269122,3.360945476708366,20.670764385761025
8.356000000000808,0.21337195609216053,3.371927139934769,20.670714968525044
8.357000000000808,0.21634725392527798,3.3830634495186587,20.670665983257862
8.358000000000807,0.21933286597526092,3.3943549403693396,20.670617601910138
8.359000000000806,0.22232890373672376,3.4058021546768487,20.67057000066719
8.360000000000806,0.2253354786409716,3.4174056418160035,20.67052335945315
8.361000000000805,0.22835270213447245,3.4291659582379452,20.670477861368955
8.362000000000805,0.23138068575156012,3.4410836673459926,20.67043369207307
8.363000000000804,0.23441954118088404,3.45315933935899,20.670391039092493
8.364000000000804,0.23746938033315246,3.465393551168745,20.670350091062325
8.365000000000803,0.24053031540125858,3.477786886172453,20.6703110368958
8.366000000000803,0.2436024589127328,3.490339934098074,20.67027406488296
8.367000000000802,0.24668592378203869,3.503053290812204,20.670239361717154
8.368000000000801,0.2497808233614478,3.5159275581146403,20.67020711145142
8.369000000000801,0.25288727148607393,3.5289633435140786,20.67017749437997
8.3700000000008,0.25600538251889304,3.542161259990962,20.67015068585826
8.3710000000008,0.2591352713891837,3.5555219257443014,20.670126855060026
8.3720000000008,0.26227705363405107,3.569045963925646,20.670106163669338
8.373000000000799,0.2654308454362422,3.5827340023571423,20.670088764526646
8.374000000000798,0.2685967636582376,3.596586673238562,20.6700748002328
8.375000000000798,0.2717749258820703,3.610604612840575,20.67006440171289
8.376000000000797,0.2749654504414991,3.624788461195976,20.670057686758156
8.377000000000796,0.2781684564577489,3.6391388617709026,20.67005475855936
8.378000000000796,0.28138406387304826,3.6536564611442373,20.670055704245144
8.379000000000795,0.2846123934810265,3.668341908681441,20.67006059343328
8.380000000000795,0.2878535669634559,3.683195856200882,20.67006947681986
8.381000000000794,0.2911077069205561,3.6982189576615383,20.670082384827815
8.382000000000794,0.2943749369022868,3.713411868843991,20.67009932632414
8.383000000000793,0.29765538144238946,3.7287752470583655,20.6701202874342
8.384000000000793,0.3009491660802226,3.744309750861021,20.670145230470606
8.385000000000792,0.30425641739608267,3.7600160397977334,20.67017409300133
8.386000000000791,0.3075772630358671,3.7758947741754127,20.670206787076395
8.387000000000791,0.31091183173449366,3.7919466148749734,20.67024319863941
8.38800000000079,0.3142602533417147,3.808172223185011,20.670283187137983
8.38900000000079,0.31762265884061947,3.8245722607015296,20.67032658535736
8.39000000000079,0.32099918036877995,3.8411473892632557,20.670373199497796
8.391000000000789,0.3243899512288877,3.857898270951978,20.67042280950738
8.392000000000788,0.3277951059072777,3.8748255681456385,20.670475169688398
8.393000000000788,0.33121478008415295,3.891929943642708,20.670530009588468
8.394000000000787,-0.3136082368394705,3.09275154237562,19.8626440534605
8.395000000000786,-0.12349221320032512,2.234376404259769,19.841861571033654
8.396000000000786,0.04364704539050761,1.834787170108433,19.85633938556474
8.397000000000785,0.046845270453336134,1.8523440237687323,19.866037853384857
8.398000000000785,0.04958028716449534,1.8696079939131143,19.87642012055517
8.399000000000784,0.05184244963803,1.8865779614487748,19.887493757146498
8.400000000000784,0.05362309234557477,1.903253503148037,19.89926609594622
8.401000000000783,0.05491457113295857,1.9196349206566214,19.911744227109985
8.402000000000783,0.055710297496146144,1.935723268304311,19.92493499120476
8.403000000000782,0.05600476554411901,1.9515203795206784,19.93884497058284
8.404000000000782,0.055793571157741126,1.9670288916654108,19.953480479007062
8.405000000000781,0.05507342289645381,1.9822522691101923,19.96884754949982
8.40600000000078,0.05384214429895713,1.9971948244283912,19.984951920398256
8.40700000000078,0.05209866730295694,2.0118617375699785,20.001799019635165
8.40800000000078,0.04984301657503008,2.026259072931016,20.01939394729812
8.409000000000779,0.047076284643791294,2.0403937942458565,20.03774145651706
8.410000000000778,0.04380059779861732,2.054273777260459,20.056845932807647
8.411000000000778,-0.2537478169147819,2.0583297390062305,20.065704337978286
8.412000000000777,-0.2595677781099809,2.0732952184666136,20.08656474373068
8.413000000000777,-0.2659462331297378,2.0880706806737246,20.10820114629111
8.414000000000776,0.07405538833158705,1.9254215371327954,20.67162382930186
8.415000000000775,0.07725306845642338,1.9821372188534832,20.671643649716057
8.416000000000775,0.11186350181950105,1.9563184790846178,20.67165872880774
8.417000000000774,0.21949465241886848,1.871395438609552,20.671669053882596
8.418000000000774,0.3477668570234904,1.9150292513457732,20.671674665424437
8.419000000000773,0.49454377437246133,2.0761485733860967,20.671675659558254
8.420000000000773,0.6578479051005792,2.3442284021329796,20.671672190346328
8.421000000000772,0.8359288573281476,2.7098609987043236,20.671664471927635
8.422000000000772,1.0273186599525959,3.165239344859504,20.67165278053884
8.423000000000771,1.2308775386390756,3.704570741883348,20.67163745645999
8.42400000000077,1.445832923152809,4.324436527831519,20.67161890590664
8.42500000000077,1.6718135869184325,5.024110238049339,20.671597602943663
8.42600000000077,1.9088798479520779,5.80584169337372,20.67157409146652
8.427000000000769,2.1147163309666253,6.578250771825132,20.6715221540006
8.428000000000768,-0.0028955242552409083,-0.007664648559462427,10.392679089018085
8.429000000000768,-1.2970393084327816,-5.5298144627514,0.0
8.430000000000767,-1.1109201498957066,-5.267013236549253,0.0
8.431000000000767,-0.9214716398179321,-4.9297209510793785,0.0
8.432000000000766,-0.7293146911535401,-4.522918535945662,0.0
8.433000000000765,-0.5346801924025183,-4.04864942334649,0.0
8.434000000000765,-0.3374866414373868,-3.5065434540679723,0.0
8.435000000000764,-0.13741727330517658,-2.894346733991376,0.0
8.436000000000764,-0.02345402202985794,-2.510439753250889,0.0
8.437000000000763,-0.026001352480740855,-2.5024651339432795,0.0
8.438000000000763,-0.028233949005416793,-2.4944381206584287,0.0
8.439000000000762,-0.030135931254287242,-2.4863195591612777,0.0
8.440000000000762,-0.03168816575156633,-2.4780457885386546,0.0
8.441000000000761,-0.03286909732342406,-2.4695335768501545,0.0
8.44200000000076,-0.03365554283077182,-2.4606848418604548,0.0
8.44300000000076,-0.03402344622548358,-2.4513911531602917,0.0
8.44400000000076,0.16463762631777623,-1.8148436154350502,0.0
8.445000000000759,0.16030554290788146,-1.819343098934855,0.0
8.446000000000758,0.15656256991057096,-1.8226589829813316,0.0
8.447000000000758,0.15341794094897362,-1.8247137485656495,0.0
8.448000000000757,0.15087930514801812,-1.825437081453299,0.0
8.449000000000757,0.14895245880358418,-1.8247683938756198,0.0
8.450000000000756,0.14764110298132158,-1.8226591541680528,0.0
8.451000000000755,0.1469466275802617,-1.8190750208545958,0.0
8.452000000000755,0.1468679224360496,-1.8139977764646953,0.0
8.453000000000754,0.14740121610117982,-1.8074270549300442,0.0
8.454000000000754,0.1485399430051252,-1.799381854949806,0.0
8.455000000000753,0.15027463972869096,-1.7899018302750007,0.0
8.456000000000753,0.15259287118939024,-1.7790483464624902,0.0
8.457000000000752,0.15547918754011222,-1.7669052924824922,0.0
8.458000000000752,0.15891511257271798,-1.7535796346949464,0.0
8.459000000000751,0.1628791643858348,-1.7392017002337656,0.0
8.46000000000075,0.1671056327036945,-1.7279466951772868,0.0022129130188295776
8.46100000000075,-0.03429610934502929,-1.0527297234239708,0.005208656812727168
8.46200000000075,0.0,0.0,0.0
8.463000000000749,0.0,0.0,0.0
8.464000000000748,0.0,0.0,0.0
8.465000000000748,0.0,0.0,0.0
8.466000000000747,0.0,0.0,0.0
8.467000000000747,0.0,0.0,0.0
8.468000000000746,0.0,0.0,0.0
8.469000000000745,0.0,0.0,0.0
8.470000000000745,0.0,0.0,0.0
8.471000000000744,0.0,0.0,0.0
8.472000000000744,0.0,0.0,0.0
8.473000000000743,0.0,0.0,0.0
8.474000000000743,0.0,0.0,0.0
8.475000000000742,0.0,0.0,0.0
8.476000000000742,0.0,0.0,0.0
8.477000000000741,0.0,0.0,0.0
8.47800000000074,0.0,0.0,0.0
8.47900000000074,0.0,0.0,0.0
8.48000000000074,0.0,0.0,0.0
8.481000000000739,0.0,0.0,0.0
8.482000000000738,0.0,0.0,0.0
8.483000000000738,0.0,0.0,0.0
8.484000000000737,0.0,0.0,0.0
8.485000000000737,0.0,0.0,0.0
8.486000000000736,0.0,0.0,0.0
8.487000000000736,0.0,0.0,0.0
8.488000000000735,0.0,0.0,0.0
8.489000000000734,0.0,0.0,0.0
8.490000000000734,0.0,0.0,0.0
8.491000000000733,0.0,0.0,0.0
8.492000000000733,0.0,0.0,0.0
8.493000000000732,0.0,0.0,0.0
8.494000000000732,0.0,0.0,0.0
8.495000000000731,0.0,0.0,0.0
8.49600000000073,0.0,0.0,0.0
8.49700000000073,0.0,0.0,0.0
8.49800000000073,0.0,0.0,0.0
8.499000000000729,0.0,0.0,0.0
8.500000000000728,0.0,0.0,0.0
8.501000000000728,0.0,0.0,0.0
8.502000000000727,0.0,0.0,0.0
8.503000000000727,0.0,0.0,0.0
8.504000000000726,0.0,0.0,0.0
8.505000000000726,0.0,0.0,0.0
8.506000000000725,0.0,0.0,0.0
8.507000000000724,0.0,0.0,0.0
8.508000000000724,0.0,0.0,0.0
8.509000000000723,0.0,0.0,0.0
8.510000000000723,0.0,0.0,0.0
8.511000000000722,0.0,0.0,0.0
8.512000000000722,0.0,0.0,0.0
8.513000000000721,0.0,0.0,0.0
8.51400000000072,0.0,0.0,0.0
8.51500000000072,0.0,0.0,0.0
8.51600000000072,0.0,0.0,0.0
8.517000000000719,0.0,0.0,0.0
8.518000000000718,0.0,0.0,0.0
8.519000000000718,0.0,0.0,0.0
8.520000000000717,0.0,0.0,0.0
8.521000000000717,0.0,0.0,0.0
8.522000000000716,0.0,0.0,0.0
8.523000000000716,0.0,0.0,0.0
8.524000000000715,0.0,0.0,0.0
8.525000000000714,0.0,0.0,0.0
8.526000000000714,0.0,0.0,0.0
8.527000000000713,0.0,0.0,0.0
8.528000000000713,0.0,0.0,0.0
8.529000000000712,0.0,0.0,0.0
8.530000000000712,0.0,0.0,0.0
8.531000000000711,0.0,0.0,0.0
8.53200000000071,0.0,0.0,0.0
8.53300000000071,0.0,0.0,0.0
8.53400000000071,0.0,0.0,0.0
8.535000000000709,0.0,0.0,0.0
8.536000000000708,0.0,0.0,0.0
8.537000000000708,0.0,0.0,0.0
8.538000000000707,0.0,0.0,0.0
8.539000000000707,0.0,0.0,0.0
8.540000000000706,0.0,0.0,0.0
8.541000000000706,0.0,0.0,0.0
8.542000000000705,0.0,0.0,0.0
8.543000000000704,0.0,0.0,0.0
8.544000000000704,0.0,0.0,0.0
8.545000000000703,0.0,0.0,0.0
8.546000000000703,0.0,0.0,0.0
8.547000000000702,0.0,0.0,0.0
8.548000000000702,0.0,0.0,0.0
8.549000000000701,0.0,0.0,0.0
8.5500000000007,0.0,0.0,0.0
8.5510000000007,0.0,0.0,0.0
8.5520000000007,0.0,0.0,0.0
8.553000000000699,0.0,0.0,0.0
8.554000000000698,0.0,0.0,0.0
8.555000000000698,0.0,0.0,0.0
8.556000000000697,0.0,0.0,0.0
8.557000000000697,0.0,0.0,0.0
8.558000000000696,0.0,0.0,0.0
8.559000000000696,0.0,0.0,0.0
8.560000000000695,0.0,0.0,0.0
8.561000000000694,0.0,0.0,0.0
8.562000000000694,0.0,0.0,0.0
8.563000000000693,0.0,0.0,0.0
8.564000000000693,0.0,0.0,0.0
8.565000000000692,0.0,0.0,0.0
8.566000000000692,0.0,0.0,0.0
8.567000000000691,0.0,0.0,0.0
8.56800000000069,0.0,0.0,0.0
8.56900000000069,0.0,0.0,0.0
8.57000000000069,0.0,0.0,0.0
8.571000000000689,0.0,0.0,0.0
8.572000000000688,0.0,0.0,0.0
8.573000000000688,0.0,0.0,0.0
8.574000000000687,0.0,0.0,0.0
8.575000000000687,0.0,0.0,0.0
8.576000000000686,0.0,0.0,0.0
8.577000000000686,0.0,0.0,0.0
8.578000000000685,0.0,0.0,0.0
8.579000000000685,0.0,0.0,0.0
8.580000000000684,0.0,0.0,0.0
8.581000000000683,0.0,0.0,0.0
8.582000000000683,0.0,0.0,0.0
8.583000000000682,0.0,0.0,0.0
8.584000000000682,0.0,0.0,0.0
8.585000000000681,0.0,0.0,0.0
8.58600000000068,0.0,0.0,0.0
8.58700000000068,0.0,0.0,0.0
8.58800000000068,0.0,0.0,0.0
8.589000000000679,0.0,0.0,0.0
8.590000000000678,0.0,0.0,0.0
8.591000000000678,0.0,0.0,0.0
8.592000000000677,0.0,0.0,0.0
8.593000000000677,0.0,0.0,0.0
8.594000000000676,0.0,0.0,0.0
8.595000000000676,0.0,0.0,0.0
8.596000000000675,0.0,0.0,0.0
8.597000000000675,0.0,0.0,0.0
8.598000000000674,0.0,0.0,0.0
8.599000000000673,0.0,0.0,0.0
8.600000000000673,0.0,0.0,0.0
8.601000000000672,0.0,0.0,0.0
8.602000000000672,0.0,0.0,0.0
8.603000000000671,0.0,0.0,0.0
8.60400000000067,0.0,0.0,0.0
8.60500000000067,0.0,0.0,0.0
8.60600000000067,0.0,0.0,0.0
8.607000000000669,0.0,0.0,0.0
8.608000000000668,0.0,0.0,0.0
8.609000000000668,0.0,0.0,0.0
8.610000000000667,0.0,0.0,0.0
8.611000000000667,0.0,0.0,0.0
8.612000000000666,0.0,0.0,0.0
8.613000000000666,0.0,0.0,0.0
8.614000000000665,0.0,0.0,0.0
8.615000000000665,0.0,0.0,0.0
8.616000000000664,0.0,0.0,0.0
8.617000000000663,0.0,0.0,0.0
8.618000000000663,0.0,0.0,0.0
8.619000000000662,0.0,0.0,0.0
8.620000000000662,0.0,0.0,0.0
8.621000000000661,0.0,0.0,0.0
8.62200000000066,0.0,0.0,0.0
8.62300000000066,0.0,0.0,0.0
8.62400000000066,0.0,0.0,0.0
8.625000000000659,0.0,0.0,0.0
8.626000000000658,0.0,0.0,0.0
8.627000000000658,0.0,0.0,0.0
8.628000000000657,0.0,0.0,0.0
8.629000000000657,0.0,0.0,0.0
8.630000000000656,0.0,0.0,0.0
8.631000000000656,0.0,0.0,0.0
8.632000000000655,0.0,0.0,0.0
8.633000000000655,0.0,0.0,0.0
8.634000000000654,0.0,0.0,0.0
8.635000000000653,0.0,0.0,0.0
8.636000000000653,0.0,0.0,0.0
8.637000000000652,0.0,0.0,0.0
8.638000000000652,0.0,0.0,0.0
8.639000000000651,0.0,0.0,0.0
8.64000000000065,0.0,0.0,0.0
8.64100000000065,0.0,0.0,0.0
8.64200000000065,0.0,0.0,0.0
8.643000000000649,0.0,0.0,0.0
8.644000000000648,0.0,0.0,0.0
8.645000000000648,0.0,0.0,0.0
8.646000000000647,0.0,0.0,0.0
8.647000000000647,0.0,0.0,0.0
8.648000000000646,0.0,0.0,0.0
8.649000000000646,0.0,0.0,0.0
8.650000000000645,0.0,0.0,0.0
8.651000000000645,0.0,0.0,0.0
8.652000000000644,0.0,0.0,0.0
8.653000000000644,0.0,0.0,0.0
8.654000000000643,0.0,0.0,0.0
8.655000000000642,0.0,0.0,0.0
8.656000000000642,0.0,0.0,0.0
8.657000000000641,0.0,0.0,0.0
8.65800000000064,0.0,0.0,0.0
8.65900000000064,0.0,0.0,0.0
8.66000000000064,0.0,0.0,0.0
8.661000000000639,0.0,0.0,0.0
8.662000000000639,0.0,0.0,0.0
8.663000000000638,0.0,0.0,0.0
8.664000000000637,0.0,0.0,0.0
8.665000000000637,0.0,0.0,0.0
8.666000000000636,0.0,0.0,0.0
8.667000000000636,0.0,0.0,0.0
8.668000000000635,0.0,0.0,0.0
8.669000000000635,0.0,0.0,0.0
8.670000000000634,0.0,0.0,0.0
8.671000000000634,0.0,0.0,0.0
8.672000000000633,0.0,0.0,0.0
8.673000000000632,0.0,0.0,0.0
8.674000000000632,0.0,0.0,0.0
8.675000000000631,0.0,0.0,0.0
8.67600000000063,0.0,0.0,0.0
8.67700000000063,0.0,0.0,0.0
8.67800000000063,0.0,0.0,0.0
8.679000000000629,0.0,0.0,0.0
8.680000000000629,0.0,0.0,0.0
8.681000000000628,0.0,0.0,0.0
8.682000000000627,0.0,0.0,0.0
8.683000000000627,0.0,0.0,0.0
8.684000000000626,0.0,0.0,0.0
8.685000000000626,0.0,0.0,0.0
8.686000000000625,0.0,0.0,0.0
8.687000000000625,0.0,0.0,0.0
8.688000000000624,0.0,0.0,0.0
8.689000000000624,0.0,0.0,0.0
8.690000000000623,0.0,0.0,0.0
8.691000000000622,0.0,0.0,0.0
8.692000000000622,0.0,0.0,0.0
8.693000000000621,0.0,0.0,0.0
8.69400000000062,0.0,0.0,0.0
8.69500000000062,0.0,0.0,0.0
8.69600000000062,0.044802211184832234,-1.0045995756420911,0.026931654979677633
8.69700000000062,0.35597483766320076,-1.6729165299497186,0.023000916422326514
8.698000000000619,0.35624933114562496,-1.671636973831622,0.013147180569638435
8.699000000000618,0.35703617153858164,-1.6707378405964102,0.0026174675849988003
8.700000000000617,0.3590864695390234,-1.681680873416723,0.0
8.701000000000617,0.3619036399230389,-1.6948080650988895,0.0
8.702000000000616,0.3652616963925,-1.7062184956743538,0.0
8.703000000000616,0.36916630575144227,-1.7158688946015968,0.0
8.704000000000615,0.3736225031734586,-1.7237358137900483,0.0
8.705000000000615,0.37863465688052633,-1.729814612339973,0.0
8.706000000000614,0.38420643454327885,-1.7341182609966603,0.0
8.707000000000614,0.39034077211916335,-1.7366759755054115,0.0
8.708000000000613,0.39703984573311024,-1.7375316859234338,0.0
8.709000000000612,0.40430504710249443,-1.7367423468039624,0.0
8.710000000000612,0.41213696289823676,-1.7343760909661632,0.0
8.711000000000611,0.42053535832048966,-1.7305102275757047,0.0
8.71200000000061,0.42949916505841756,-1.725229083382858,0.0
8.71300000000061,0.354696013667559,-2.3474172617274487,0.0
8.71400000000061,0.3623600292159409,-2.354983195341579,0.0
8.71500000000061,0.37052663171704314,-2.36181810820291,0.0
8.716000000000609,0.3791825942642932,-2.3680489568102563,0.0
8.717000000000608,0.38831414142348,-2.3737948362224275,0.0
8.718000000000607,0.3979071534806059,-2.379162924384149,0.0
8.719000000000607,0.4079473858046886,-2.3842441929313765,0.0
8.720000000000606,0.4184207032004684,-2.3891088796994446,0.0
8.721000000000606,0.42931332910645886,-2.3938017194454653,0.0
8.722000000000605,0.44061210946438595,-2.3983369308960603,0.0
8.723000000000605,0.40111331738985645,-2.599939841589488,0.0
8.724000000000604,0.2884404379833949,-3.0165390164732715,0.0
8.725000000000604,0.17071428072882736,-3.3601532791550426,0.0
8.726000000000603,0.04786994206538525,-3.632040859348795,0.0
8.727000000000602,-0.08013141260979792,-3.831027561440976,0.0
8.728000000000602,-0.19151173908840857,-3.893039917932903,0.0
8.729000000000601,0.0026544312871952767,0.008157502253754683,10.45594428744347
8.7300000000006,1.357720928587696,5.094388721536323,20.670021374838427
8.7310000000006,1.2090795574633943,4.301551727114269,20.670047532722158
8.7320000000006,1.0613852830130945,3.599550948260596,20.670073261068424
8.7330000000006,0.9147746060466624,2.9817833837537258,20.670099183857708
8.734000000000599,0.7694639716001392,2.4451226878769408,20.670125832759645
8.735000000000598,0.6257532597702313,1.9896200156778683,20.670153652990397
8.736000000000598,0.4840288515125306,1.6181681914710921,20.670183008746626
8.737000000000597,0.34476656300639164,1.3361261313358135,20.67021418829285
8.738000000000596,0.20853437600556057,1.1508957003444031,20.670247408788306
8.739000000000596,0.07599449110340399,1.0714394558816407,20.670282820905637
8.740000000000595,-0.05209619555107596,1.1077255733110407,20.67032051330034
8.741000000000595,-0.17488851787246443,1.2700865294160968,20.67036051698194
8.742000000000594,-0.2914480727145053,1.5684819365243847,20.67040280960856
8.743000000000594,-0.3581107171659398,1.7997054695812658,20.670447319746007
8.744000000000593,-0.6958987639337127,2.0135569619244817,20.14348820056382
8.745000000000593,-0.689207937049077,1.9998366575468767,20.121147190323633
8.746000000000592,-0.395698648448765,2.0372639818053844,20.109691812752597
8.747000000000591,-0.3912297811675998,2.023607063303508,20.08926040948971
8.74800000000059,-0.38713044158412,2.009700240386739,20.069661757013197
8.74900000000059,-0.3834012752633581,1.9955357028883207,20.050896032915922
8.75000000000059,-0.3800421991229271,1.981106574604897,20.03296270741705
8.75100000000059,-0.37705237339174247,1.9664069024061601,20.015860553079477
8.752000000000589,-0.37443018069929146,1.9514316427408285,19.99958765507295
8.753000000000588,-0.37217321227652317,1.9361766455529281,19.98414142186826
8.754000000000588,-0.3702782611961354,1.9206386356555518,19.96951859628643
8.755000000000587,-0.36874132252236347,1.9048151916335403,19.955715266809484
8.756000000000586,-0.3675576001744212,1.8887047223827347,19.94272687909625
8.757000000000586,-0.36672152025249016,1.872306441417912,19.93054824763495
8.758000000000585,-0.36622675051160125,1.8556203391139223,19.91917356749703
8.759000000000585,-0.36606622562245816,1.8386471530708315,19.908596426163907
8.760000000000584,-0.366232177800531,1.821388336816786,19.898809815393015
8.761000000000584,-0.3667161723450373,1.8038460270814318,19.889806143112715
8.762000000000583,-0.5994702314221546,2.1833410081852085,19.877400736709813
8.763000000000583,-0.9399002754048313,3.038013796927085,19.897768045545995
8.764000000000582,-0.3316712212714279,3.911704476296336,20.6714682612456
8.765000000000581,-0.328236705449406,3.8943402862229277,20.671496402108794
8.76600000000058,-0.32481797554643776,3.8771563675908283,20.671520835519036
8.76700000000058,-0.32141485577989215,3.8601518084631152,20.67154144627232
8.76800000000058,-0.31802716881554716,3.8433257155410274,20.671558146817567
8.76900000000058,-0.31465473569176083,3.826677213959556,20.6715708773418
8.770000000000579,-0.31129737578596917,3.81020544703199,20.67157960558261
8.771000000000578,-0.3079549067952243,3.7939095759415977,20.671584326383194
8.772000000000578,-0.30462714474638375,3.7777887793843092,20.671585061014063
8.773000000000577,-0.30131390403431624,3.7618422531738815,20.67158185627494
8.774000000000576,-0.2980149974758248,3.7460692098110258,20.67157478340035
8.775000000000576,-0.29473023639521045,3.73046887801911,20.671563936789326
8.776000000000575,-0.2914594307247498,3.7150405022676978,20.671549432593892
8.777000000000575,-0.28820238912771146,3.6997833422677786,20.67153140717404
8.778000000000574,-0.28495891913661353,3.6846966724592676,20.67151001545331
8.779000000000574,-0.2817288273080152,3.669779781492707,20.671485429197148
8.780000000000573,-0.2785119193926491,3.655031971704716,20.67145783523278
8.781000000000573,-0.27530800051868454,3.64045255859844,20.671427433635262
8.782000000000572,-0.2721168753796803,3.6260408703246867,20.67139443590248
8.783000000000571,-0.2689383484396757,3.611796247179882,20.671359063131913
8.784000000000571,-0.26577222414084645,3.597718041111193,20.671321544219524
8.78500000000057,-0.2626183071083261,3.5838056152317677,20.671282114097714
8.78600000000057,-0.2594764023754692,3.570058343367691,20.671241012024602
8.78700000000057,-0.2563463155996146,3.556475609603581,20.671198479940387
8.788000000000569,-0.2532278532766554,3.543056807870812,20.67115476089252
8.789000000000568,-0.2501208229629128,3.529801341537791,20.671110097546254
8.790000000000568,-0.2470250334860964,3.516708623035811,20.6710647307885
8.791000000000567,-0.24394029516325588,3.5037780734986654,20.671018898420108
8.792000000000566,-0.24086642000601444,3.4910091224331836,20.67097283395087
8.793000000000566,-0.23780322192122583,3.4784012074064776,20.670926765495118
8.794000000000565,-0.23475051691281124,3.465953773756496,20.67088091476879
8.795000000000565,-0.23170812326814882,3.4536662743281568,20.67083549618776
8.796000000000564,-0.2286758617415927,3.441538169229034,20.670790716066207
8.797000000000564,-0.22565355573003387,3.429568925602325,20.670746771916324
8.798000000000563,-0.22264103144208036,3.4177580174236937,20.670703851837708
8.799000000000563,-0.2196381180530551,3.406104925317095,20.6706621340051
8.800000000000562,-0.21664464785138193,3.3946091363822006,20.670621786239607
8.801000000000561,-0.2136604563820157,3.3832701440466053,20.670582965662085
8.802000000000561,-0.21068538257543423,3.3720874479269014,20.670545818430035
8.80300000000056,-0.2077192688645937,3.3610605537061247,20.670510479540248
8.80400000000056,-0.20476196129406787,3.35018897302632,20.670477072705857
8.80500000000056,-0.20181330961762,3.339472223389862,20.670445710293745
8.806000000000559,-0.19887316739060168,3.3289098280752114,20.670416493316118
8.807000000000558,-0.19594139203950078,3.3185013160554035,20.670389511477346
8.808000000000558,-0.1930178449277946,3.308246221940067,20.670364843269077
8.809000000000557,-0.19010239141654495,3.2981440859080067,20.670342556103893
8.810000000000556,-0.1871949008985183,3.2881944536611627,20.67032270648677
8.811000000000556,-0.1842952468279293,3.2783968763758367,20.670305340220292
8.812000000000555,-0.1814033067437606,3.2687509106689276,20.67029049264128
8.813000000000555,-0.17851896227084296,3.259256118557687,20.670278188875614
8.814000000000554,-0.1756420991120109,3.249912067436753,20.67026844411724
8.815000000000554,-0.17277260702984165,3.2407183300505267,20.67026126392421
8.816000000000553,-0.16991037980976387,3.2316744844737286,20.670256644529463
8.817000000000553,-0.16705531521640182,3.222780114094519,20.670254573161927
8.818000000000552,-0.1642073149292571,3.2140348075991483,20.670255028377124
8.819000000000552,-0.16136628446872692,3.2054381589656487,20.670257980391654
8.820000000000551,-0.15853213311039838,3.196989767450475,20.67026339142206
8.82100000000055,-0.15570477377939085,3.1886892375877096,20.67027121603228
8.82200000000055,-0.15288412293388376,3.180536179187186,20.67028140147326
8.82300000000055,-0.15007010043258617,3.172530207332784,20.670293888025043
8.824000000000549,-0.14726262939279167,3.164670942387886,20.670308609339422
8.825000000000548,-0.14446163602953987,3.1569580100026826,20.670325492775483
8.826000000000548,-0.14166704947903952,3.1493910411213903,20.670344459737507
8.827000000000547,-0.13887880161415467,3.141969671997515,20.670365426002483
8.828000000000547,-0.13609682684190005,3.134693544209057,20.670388302042973
8.829000000000546,-0.13332106189261594,3.1275623046783636,20.670412993353885
8.830000000000545,-0.1305514455908554,3.1205756056948246,20.67043940076445
8.831000000000545,-0.12778791861816957,3.1137331049439094,20.67046742074944
8.832000000000544,-0.12503042326313463,3.1070344655378723,20.670496945734584
8.833000000000544,-0.12227890316054271,3.100479356051857,20.670527864400636
8.834000000000543,-0.11953330302495946,3.094067450565813,20.670560061978573
8.835000000000543,-0.11679356836747683,3.087798428709715,20.670593420544233
8.836000000000542,-0.11405964521411446,3.0816719757146953,20.6706278193105
8.837000000000542,-0.11133147981523396,3.075687782470572,20.67066313491474
8.838000000000541,-0.10860901834215367,3.069845545588126,20.670699241708263
8.83900000000054,-0.10589220659275837,3.064144967467118,20.67073601204441
8.84000000000054,-0.10318098968673335,3.058585756372648,20.670773316567676
8.84100000000054,-0.1004753117632499,3.0531676265156724,20.670811024502157
8.842000000000539,-0.0977751156772836,3.0478902981416347,20.67084900394783
8.843000000000538,-0.0950803427015427,3.0427534976262383,20.67088712218092
8.844000000000538,-0.09239093222877995,3.037756957577743,20.67092524596031
8.845000000000537,-0.08970682148265002,3.0329004169475993,20.670963241839985
8.846000000000537,-0.08702794524218332,3.02818362114894,20.671000976496313
8.847000000000536,-0.08435423556104295,3.0236063221816414,20.671038317064845
8.848000000000535,-0.08168562150733744,3.019168278767016,20.671075131493467
8.849000000000535,-0.0790220289192755,3.014869256491514,20.671111288908776
8.850000000000534,-0.07636338016536387,3.0107090279574,20.671146660006425
8.851000000000534,-0.07370959392860252,3.0066873729437655,20.671181117462194
8.852000000000533,-0.07106058500470583,3.0028040785760717,20.67121453636404
8.853000000000533,-0.06841626411523452,2.999058939506097,20.671246794680705
8.854000000000532,-0.06577653774618529,2.995451758101651,20.671277773752994
8.855000000000532,-0.06314130800406964,2.9919823446452525,20.67130735882202
8.856000000000531,-0.06051047249309782,2.988650517545665,20.67133543959803
8.85700000000053,-0.05788392421895594,2.985456103558441,20.67136191086869
8.85800000000053,-0.0552615515097159,2.9823989380196707,20.671386673151027
8.85900000000053,-0.052643237964787204,2.9794788650902717,20.671409633394745
8.860000000000529,-0.0500288624277232,2.976695738013987,20.671430705740498
8.861000000000528,-0.047418298981313,2.97404941938845,20.671449812327644
8.862000000000528,-0.04481141696896884,2.971539781448513,20.671466884169085
8.863000000000527,-0.04220808104139451,2.969166706363893,20.671481862088726
8.864000000000527,-0.039608151226047994,2.96693008655906,20.671494697729166
8.865000000000526,-0.03701148301752255,2.9648298250336182,20.671505354625737
8.866000000000525,-0.03441792750527384,2.96286583571581,20.671513809361
8.867000000000525,-0.0318273315085662,2.9610380438285517,20.671520052794772
8.868000000000524,-0.029239537745752386,2.959346386261359,20.671524091369594
8.869000000000524,-0.02665438502572215,2.9577908119827754,20.671525948510613
8.870000000000523,-0.024071708454812324,2.9563712824579795,20.671525666092837
8.871000000000523,-0.02149133967986927,2.9550877720805886,20.671523305998342
8.872000000000522,-0.018913107141088403,2.9539402686593803,20.671518951758948
8.873000000000522,-0.01633683635327543,2.9529287738888,20.671512710268573
8.874000000000521,-0.013762350221895758,2.9520533038671033,20.671504713575764
8.87500000000052,-0.011189469357304915,2.9513138896177225,20.671495120743902
8.87600000000052,-0.008618012434453703,2.950710577666996,20.67148411977442
8.87700000000052,-0.006047796578059206,2.950243430607543,20.67147192957745
8.878000000000519,-0.003478637764146697,2.949912527732522,20.671458801983594
8.879000000000518,-0.0009250678249372868,2.9497166470874845,20.67143928905289
8.880000000000518,0.001626951244816155,2.9496577363348706,20.671419309828764
8.881000000000517,0.004223226215344766,2.9497388836308573,20.67141668742808
8.882000000000517,0.006848137943507027,2.9499570452217085,20.671424943678836
8.883000000000516,0.009471409845446033,2.9503096818552876,20.671432529325884
8.884000000000515,0.012093187559003127,2.950796983597172,20.67143977514825
8.885000000000515,0.014713613421918126,2.95141912728252,20.671446960958892
8.886000000000514,0.01733282739542119,2.9521762779759797,20.671454319595938
8.887000000000514,0.01995096790824391,2.9530685902945493,20.67146204080193
8.888000000000513,0.022568172645605955,2.954096209697724,20.671470274966733
8.889000000000513,0.025184579255210338,2.955259273678891,20.67147913671608
8.890000000000512,0.02780032599025617,2.9565579129231807,20.671488708346413
8.891000000000512,0.030415552280146585,2.957992252352696,20.6714990430783
8.892000000000511,0.03303039924139739,2.9595624121567425,20.671510168134425
8.89300000000051,0.035645010099642604,2.9612685087431885,20.671522087633797
8.89400000000051,0.03825953056775688,2.9631106556170437,20.671534785298384
8.89500000000051,0.040874109147580384,2.965088964233246,20.671548226988595
8.896000000000509,0.043488897372753854,2.967203544767443,20.67156236304406
8.897000000000508,0.046104049990049134,2.9694545068908837,20.67157713045814
8.898000000000508,0.04871972508385625,2.971841960416384,20.671592454882948
8.899000000000507,0.05133608415053459,2.9743660159908814,20.6716082524656
8.900000000000507,0.05395329211467015,2.977026785666169,20.671624431529203
8.901000000000506,0.05657151730360965,2.979824383490893,20.671640894108677
8.902000000000506,0.059190931375553646,2.9827589260235072,20.671657537342877
8.903000000000505,0.06181170920956447,2.9858305328365873,20.671674254734462
8.904000000000504,0.06443402875567017,2.9890393269701008,20.671690937283174
8.905000000000504,0.06705807085199922,2.9923854353617116,20.67170747450885
8.906000000000503,0.06968401901485777,2.99586898924224,20.671723755362784
8.907000000000503,0.0723120592064106,2.9994901245082133,20.67173966904015
8.908000000000502,0.07494237957206451,3.0032489820590627,20.67175510570395
8.909000000000502,0.07757517016727888,3.007145708115047,20.671769957120368
8.910000000000501,0.08021062266789158,3.01118045451193,20.6717841172238
8.9110000000005,0.08284893007220262,3.0153533789637095,20.671797482606333
8.9120000000005,0.08549028639009748,3.0196646453151743,20.671809952948905
8.9130000000005,0.08813488633495581,3.0241144237664344,20.671821431398516
8.914000000000499,0.09078292501172314,3.028702891080968,20.67183182488742
8.915000000000498,0.0934345976062616,3.03343023077565,20.671841044415114
8.916000000000498,0.09609009908308508,3.0382966332908836,20.671849005288436
8.917000000000497,0.0987496238899439,3.043302296149136,20.671855627328966
8.918000000000497,0.10141336566653081,3.048447424094263,20.671860835043844
8.919000000000496,0.10408151697293988,3.0537322292174736,20.671864557780715
8.920000000000496,0.10675426903569019,3.059156931073062,20.671866729856838
8.921000000000495,0.10943181149269776,3.064721756779079,20.671867290664743
8.922000000000494,0.1121143321716147,3.0704269411028235,20.67186618477026
8.923000000000494,0.1148020168812991,3.076272726544971,20.671863361994255
8.924000000000493,0.11749504922224219,3.0822593634018176,20.67185877748571
8.925000000000493,0.12019361041384968,3.088387109831615,20.671852391784817
8.926000000000492,0.12289787914716044,3.0946562318966926,20.67184417088365
8.927000000000492,0.125608031455954,3.1010670036154124,20.671834086283166
8.928000000000491,0.12832424060701442,3.1076197069875207,20.671822115044755
8.92900000000049,0.13104667702128836,3.1143146320345068,20.671808239843855
8.93000000000049,0.13377550819427597,3.1211520768119954,20.67179244902057
8.93100000000049,0.13651089865834365,3.1281323474343026,20.671774736634546
8.932000000000489,0.13925300995452972,3.135255758085691,20.671755102518937
8.933000000000488,0.14200200061884516,3.142522631027191,20.671733552336242
8.934000000000488,0.14475802619583078,3.1499332966034217,20.671710097637387
8.935000000000487,0.147521239261323,3.157488093243728,20.67168475592177
8.936000000000487,0.15029178946491584,3.1651873674594526,20.671657550700697
8.937000000000486,0.15306982358529808,3.1730314738429115,20.6716285115611
8.938000000000486,0.15585548559582207,3.1810207750575046,20.67159767422956
8.939000000000485,0.15864891675181525,3.189155641829757,20.67156508063936
8.940000000000484,0.16145025567755056,3.197436452944771,20.671530778996832
8.941000000000484,0.16425963846543823,3.205863595225992,20.671494823843076
8.942000000000483,0.1670771987934927,3.214437463528725,20.67145727611749
8.943000000000483,0.16990306803484145,3.223158460725358,20.671418203212916
8.944000000000482,0.1727373753806205,3.232026997686148,20.671377679028613
8.945000000000482,0.17558024797020266,3.241043493264897,20.67133578401789
8.946000000000481,0.1784318110185552,3.250208374279964,20.671292605219385
8.94700000000048,0.18129218794823032,3.259522075495397,20.67124823628432
8.94800000000048,0.184161500525164,3.268985039600011,20.671202777487405
8.94900000000048,0.18703986899279812,3.2785977171788545,20.6711563357212
8.950000000000479,0.1899274122029624,3.2883605666934272,20.671109024474944
8.951000000000478,0.19282424774800688,3.2982740544487115,20.67106096378751
8.952000000000478,0.1957304920932188,3.3083386545633857,20.671012280182445
8.953000000000477,0.19864626070187796,3.318554848932763,20.670963106571765
8.954000000000477,0.20157166815502592,3.3289231271926383,20.67091358212523
8.955000000000476,0.20450682827507194,3.339443986669039,20.670863852116227
8.956000000000476,0.20745185424001988,3.350117932332523,20.670814067723974
8.957000000000475,0.21040685869063225,3.360945476741108,20.670764385791557
8.958000000000474,0.2133719538399106,3.3719271399763784,20.670714968546978
8.959000000000474,0.2163472515661482,3.3830634495705,20.670665983271476
8.960000000000473,0.21933286351232084,3.3943549404307305,20.670617601916142
8.961000000000473,0.2223289011749756,3.4058021547498356,20.670570000667333
8.962000000000472,0.22533547598554549,3.417405641900814,20.67052335944662
8.963000000000472,0.22835269938991587,3.429165958335034,20.670477861356087
8.964000000000471,0.23138068292101366,3.4410836674553593,20.670433692054722
8.96500000000047,0.2344195382709131,3.453159339483136,20.670391039068505
8.96600000000047,0.23746937735057827,3.4653935513076704,20.670350091033235
8.96700000000047,0.240530312351666,3.47778688632593,20.67031103686204
8.968000000000469,0.24360245580194828,3.490339934268377,20.6702740648454
8.969000000000468,0.24668592061534866,3.5030532909991052,20.67023936167591
8.970000000000468,0.24978082014527558,3.5159275583189356,20.67020711140548
8.971000000000467,0.25288726822859076,3.5289633437363364,20.670177494329224
8.972000000000467,0.2560053792264796,3.5421612602315236,20.670150685803097
8.973000000000466,0.25913526806891696,3.5555219260033937,20.670126855000287
8.974000000000466,0.26227705029273807,3.5690459642049746,20.670106163604938
8.975000000000465,0.26543084208060463,3.5827340026562524,20.670088764456757
8.976000000000464,0.26859676029643254,3.5965866735581358,20.670074800157153
8.977000000000464,0.27177492252118896,3.610604613181863,20.670064401630526
8.978000000000463,0.27496544709030957,3.6247884615580688,20.670057686667548
8.979000000000463,0.27816845312331395,3.6391388621550504,20.670054758461113
8.980000000000462,0.28138406056142173,3.6536564615504403,20.67005570413896
8.981000000000462,0.2846123902001949,3.6683419091089036,20.670060593316222
8.982000000000461,0.2878535637199491,3.6831958566509684,20.670069476691193
8.98300000000046,0.29110770372190586,3.698218958132884,20.670082384687383
8.98400000000046,0.2943749337567425,3.7134118693372784,20.670099326170437
8.98500000000046,0.29765537835584865,3.728775247573253,20.670120287266226
8.986000000000459,0.3009491630590162,3.7443097513972816,20.67014523028621
8.987000000000458,0.30425641444643503,3.760016040354799,20.670174092799044
8.988000000000458,0.30757726016373255,3.7758947747538514,20.67020678685602
8.989000000000457,0.3109118289454429,3.7919466154725114,20.67024319839964
8.990000000000457,0.3142602506426826,3.808172223801762,20.670283186876894
8.991000000000456,0.31762265623622454,3.8245722613369253,20.67032658507437
8.992000000000456,0.3209991778622623,3.8411473899165003,20.67037319919251
8.993000000000455,0.3243899488245745,3.8578982716219343,20.670422809178326
8.994000000000455,0.32779510360960273,3.874825568830488,20.670475169334292
8.995000000000454,0.3312147778967258,3.8919299443429054,20.670530009209497
8.996000000000453,-0.31361127433166935,3.0927505143585416,19.862641263605465
8.997000000000453,-0.12349732421479814,2.2343758800097864,19.841859573747428
8.998000000000452,0.04364159016761025,1.834788311080148,19.856337650395893
8.999000000000452,0.04701159761299567,1.8523626413849783,19.86552697568298
