time_s,right_foot_x_m,left_foot_x_m,com_x_m,dcm_x_m
0.0,-0.029640193595289605,-0.03099809974564563,-0.029661090284845752,-0.029640210588798076
0.001,-0.029640193554196205,-0.030998048496525,-0.029660918786457807,-0.0296310203861503
0.002,-0.029640185130005492,-0.03099799853933366,-0.02966068636376066,-0.029621767894986707
0.003,-0.029640151658753607,-0.03099794984233335,-0.029660393006149303,-0.02961245269313388
0.004,-0.029640076817732883,-0.030997902374585763,-0.0296600387002384,-0.02960307435555705
0.005,-0.0296399446241734,-0.030997856105916856,-0.02965962342986165,-0.02959363245434066
0.006,-0.02963973943375857,-0.0309978110068836,-0.02965914717607106,-0.029584126558668898
0.007,-0.02963944593898682,-0.03099776704874362,-0.029658609917136085,-0.02957455623480598
0.008,-0.02963904916739007,-0.030997724203427557,-0.029658011628542633,-0.029564921046076404
0.009000000000000001,-0.029638534479620417,-0.03099768244351314,-0.02965735228299194,-0.029555220552845
0.010000000000000002,-0.02963788756741516,-0.03099764174220224,-0.02965663185039934,-0.029545454312496885
0.011000000000000003,-0.029637094451449235,-0.03099760207329931,-0.029655850297892875,-0.02953562187941726
0.012000000000000004,-0.029636141479086234,-0.03099756341119215,-0.0296550075898118,-0.029525722804971073
0.013000000000000005,-0.029635015322035347,-0.030997525730834113,-0.029654103687704967,-0.029515756637482564
0.014000000000000005,-0.029633702973924276,-0.030997489007728186,-0.029653138550329056,-0.029505722922214633
0.015000000000000006,-0.02963219174779582,-0.030997453217912294,-0.029652112133646703,-0.02949562120134812
0.016000000000000007,-0.029630469273536183,-0.03099741833794629,-0.029651024390824482,-0.029485451013960887
0.017000000000000008,-0.029628523495243156,-0.03099738434489995,-0.029649875272230775,-0.029475211896006805
0.01800000000000001,-0.029626342668540882,-0.03099735121634244,-0.029648664725433514,-0.029464903380294585
0.01900000000000001,-0.029623915357848914,-0.030997318930332494,-0.029647392695197766,-0.029454524996466433
0.02000000000000001,-0.029621230433611548,-0.030997287465409744,-0.029646059123483236,-0.029444076270976623
0.02100000000000001,-0.029618277069495033,-0.030997256800586983,-0.029644663949441603,-0.02943355672706986
0.022000000000000013,-0.029615044739557138,-0.030997226915342985,-0.029643207109413757,-0.029422965884759556
0.023000000000000013,-0.029611523215396424,-0.03099719778961626,-0.02964168853692688,-0.0294123032608059
0.024000000000000014,-0.029607702563285848,-0.030997169403799034,-0.02964010816269143,-0.029401568368693832
0.025000000000000015,-0.029603573141296198,-0.03099714173873236,-0.029638465914597963,-0.029390760718610832
0.026000000000000016,-0.029599125596414033,-0.030997114775700784,-0.029636761717713844,-0.029379879817424563
0.027000000000000017,-0.02959435086165879,-0.030997088496428113,-0.029634995494279847,-0.029368925168660402
0.028000000000000018,-0.029589240153203564,-0.03099706288307319,-0.029633167163706585,-0.029357896272478746
0.02900000000000002,-0.029583784967503034,-0.0309970379182257,-0.029631276642570845,-0.02934679262565224
0.03000000000000002,-0.0295779770784321,-0.030997013584902314,-0.029629323844611775,-0.029335613721542784
0.03100000000000002,-0.02957180853443919,-0.03099698986654297,-0.029627308680726952,-0.029324359050078446
0.03200000000000002,-0.029565271655716367,-0.03099696674700709,-0.029625231058968318,-0.029313028097730173
0.03300000000000002,-0.029558359031389026,-0.03099694421056949,-0.02962309088453798,-0.029301620347488355
0.03400000000000002,-0.029551063516728256,-0.030996922241916632,-0.029620888059783884,-0.02929013527883925
0.035000000000000024,-0.029543378230386736,-0.03099690082614275,-0.02961862248419537,-0.029278572367741215
0.036000000000000025,-0.029535296551660276,-0.03099687994874523,-0.029616294054398567,-0.02926693108660082
0.037000000000000026,-0.029526812117777017,-0.030996859595620572,-0.029613902664151696,-0.02925521090424875
0.03800000000000003,-0.029517918821214406,-0.030996839753059596,-0.029611448204340213,-0.029243411285915583
0.03900000000000003,-0.029508610807045386,-0.030996820407742584,-0.029608930562971824,-0.02923153169320738
0.04000000000000003,-0.029498882470314253,-0.030996801546734138,-0.029606349625171387,-0.02921957158408113
0.04100000000000003,-0.029488728453442428,-0.03099678315747767,-0.029603705273175664,-0.02920753041282001
0.04200000000000003,-0.029478143643664627,-0.030996765227789817,-0.02960099738632795,-0.029195407630008493
0.04300000000000003,-0.029467123170494536,-0.030996747745854196,-0.029598225841072565,-0.029183202682507264
0.04400000000000003,-0.02945566240322085,-0.030996730700215372,-0.02959539051094922,-0.029170915013428
0.04500000000000003,-0.02944375694843216,-0.030996714079771823,-0.029592491266587244,-0.02915854406210795
0.046000000000000034,-0.029431402647571075,-0.030996697873769328,-0.029589527975699685,-0.029146089264084348
0.047000000000000035,-0.02941859557451595,-0.030996682071793617,-0.029586500503077266,-0.02913355005106867
0.048000000000000036,-0.02940533203319022,-0.030996666663762735,-0.02958340871058222,-0.029120925850920694
0.04900000000000004,-0.029391608555197988,-0.030996651639919638,-0.02958025245714199,-0.029108216087622395
0.05000000000000004,-0.029377421897485267,-0.030996636990823775,-0.02957703159874279,-0.029095420181251677
0.05100000000000004,-0.029362769040025508,-0.030996622707343182,-0.029573745988423036,-0.02908253754795589
0.05200000000000004,-0.029347647183528325,-0.030996608780645765,-0.029570395476266637,-0.02906956759992521
0.05300000000000004,-0.02933205374717123,-0.030996595202191023,-0.02956697990939615,-0.029056509745365798
0.05400000000000004,-0.029315986366352333,-0.030996581963720838,-0.029563499131965817,-0.029043363388472822
0.05500000000000004,-0.029299442890463167,-0.030996569057251046,-0.029559952985154448,-0.029030127929403248
0.05600000000000004,-0.02928242138068149,-0.03099655647506206,-0.02955634130715817,-0.02901680276424849
0.057000000000000044,-0.029264920107781738,-0.030996544209689916,-0.029552663933183048,-0.02900338728500683
0.058000000000000045,-0.02924693754996328,-0.030996532253917183,-0.029548920695437568,-0.028989880879555712
0.059000000000000045,-0.02922847239069509,-0.030996520600763727,-0.029545111423124975,-0.028976282931623777
0.060000000000000046,-0.029209523516576137,-0.030996509243477494,-0.029541235942435486,-0.028962592820762762
0.06100000000000005,-0.029190090015210404,-0.030996498175525442,-0.029537294076538354,-0.028948809922319185
0.06200000000000005,-0.02917017117309643,-0.030996487390584332,-0.02953328564557381,-0.028934933607405854
0.06300000000000004,-0.029149766473530053,-0.030996476882531928,-0.029529210466644838,-0.028920963242873146
0.06400000000000004,-0.029128875594519814,-0.03099646664543782,-0.02952506835380885,-0.028906898191280152
0.06500000000000004,-0.029107498406715154,-0.030996456673554697,-0.029520859118069186,-0.028892737810865567
0.06600000000000004,-0.029085634971345642,-0.03099644696130974,-0.0295165825673665,-0.028878481455518405
0.06700000000000005,-0.029063285538171977,-0.030996437503295973,-0.02951223850656999,-0.028864128474748542
0.06800000000000005,-0.029040450543447408,-0.030996428294264102,-0.029507826737468504,-0.028849678213657016
0.06900000000000005,-0.02901713060788972,-0.030996419329114285,-0.02950334705876148,-0.02883513001290615
0.07000000000000005,-0.02899332653466307,-0.030996410602888207,-0.029498799266049786,-0.028820483208689473
0.07100000000000005,-0.028969039307369552,-0.03099640211076129,-0.029494183151826364,-0.02880573713270142
0.07200000000000005,-0.02894427008805002,-0.030996393848035368,-0.029489498505466782,-0.028790891112106847
0.07300000000000005,-0.028919020215193682,-0.030996385810131463,-0.029484745113219624,-0.028775944469510338
0.07400000000000005,-0.028893291201756578,-0.03099637799258278,-0.029479922758196726,-0.02876089652292528
0.07500000000000005,-0.028867084733188043,-0.0309963703910279,-0.029475031220363282,-0.028745746585742755
0.07600000000000005,-0.02884040266546526,-0.030996363001204723,-0.02947007027652781,-0.02873049396670021
0.07700000000000005,-0.02881324702313529,-0.030996355818943895,-0.029465039700331968,-0.028715137969849914
0.07800000000000006,-0.02878561999736414,-0.03099634884016316,-0.029459939262240217,-0.02869967789452721
0.07900000000000006,-0.028757523943992776,-0.030996342060862013,-0.02945476872952936,-0.028684113035318533
0.08000000000000006,-0.028728961381598972,-0.03099633547711595,-0.029449527866277917,-0.02866844268202924
0.08100000000000006,-0.028699934989565246,-0.030996329085072015,-0.02944421643335535,-0.028652666119651185
0.08200000000000006,-0.02867044760615169,-0.030996322880943637,-0.029438834188411176,-0.028636782628330113
0.08300000000000006,-0.028640502226573536,-0.030996316861006495,-0.029433380885863888,-0.028620791483332804
0.08400000000000006,-0.02861010200108224,-0.03099631102159438,-0.02942785627688976,-0.028604691955014007
0.08500000000000006,-0.028579250233049972,-0.030996305359095335,-0.02942226010941149,-0.028588483308783153
0.08600000000000006,-0.02854795037705622,-0.030996299869948046,-0.029416592128086692,-0.028572164805070816
0.08700000000000006,-0.028516206036975807,-0.03099629455063857,-0.02941085207429626,-0.028555735699295003
0.08800000000000006,-0.028484020964067557,-0.030996289397697416,-0.029405039686132565,-0.028539195241827152
0.08900000000000007,-0.028451399055062082,-0.030996284407696664,-0.029399154698387487,-0.028522542677957945
0.09000000000000007,-0.02841834435024825,-0.030996279577247498,-0.02939319684254033,-0.028505777247862844
0.09100000000000007,-0.02838486103155676,-0.030996274902998004,-0.029387165846745566,-0.02848889818656747
0.09200000000000007,-0.028350953420639795,-0.03099627038163107,-0.029381061435820442,-0.028471904723912648
0.09300000000000007,-0.028316625976945183,-0.030996266009862668,-0.0293748833312324,-0.0284547960845193
0.09400000000000007,-0.028281883295784398,-0.030996261784440295,-0.029368631251086387,-0.028437571487753045
0.09500000000000007,-0.028246730106392226,-0.0309962577021414,-0.029362304910111985,-0.028420230147688602
0.09600000000000007,-0.028211171269977176,-0.03099625375977256,-0.0293559040196504,-0.02840277127307391
0.09700000000000007,-0.02817521177776123,-0.030996249954168227,-0.02934942828764129,-0.02838519406729403
0.09800000000000007,-0.0281388567490068,-0.030996246282190096,-0.029342877418609428,-0.028367497728334804
0.09900000000000007,-0.02810211142903028,-0.030996242740726442,-0.029336251113651242,-0.028349681448746257
0.10000000000000007,-0.028064981187199838,-0.030996239326691623,-0.02932954907042115,-0.028331744415605747
0.10100000000000008,-0.028027471514916524,-0.030996236037025806,-0.029322770983117787,-0.02831368581048088
0.10200000000000008,-0.027989588023576848,-0.030996232868694882,-0.02931591654247004,-0.02829550480939217
0.10300000000000008,-0.027951336442515205,-0.03099622981869023,-0.02930898543572294,-0.028277200582775445
0.10400000000000008,-0.027912722616925265,-0.030996226884028855,-0.02930197734662339,-0.02825877229544397
0.10500000000000008,-0.027873752505757902,-0.03099622406175376,-0.029294891955405737,-0.02824021910655037
0.10600000000000008,-0.027834432179595667,-0.03099622134893395,-0.029287728938777177,-0.028221540169548247
0.10700000000000008,-0.027794767818500977,-0.030996218742664956,-0.029280487969903013,-0.028202734632153566
0.10800000000000008,-0.027754765709838123,-0.030996216240069242,-0.029273168718391737,-0.02818380163630575
0.10900000000000008,-0.02771443224606721,-0.03099621383829666,-0.02926577085027995,-0.028164740318128538
0.11000000000000008,-0.027673773922509567,-0.030996211534525087,-0.029258294028017134,-0.02814554980789058
0.11100000000000008,-0.027632797335083108,-0.030996209325960977,-0.029250737910450235,-0.02812622922996572
0.11200000000000009,-0.02759150917800761,-0.03099620720983996,-0.029243102152808113,-0.028106777702793077
0.11300000000000009,-0.027549916241479365,-0.03099620518342757,-0.02923538640668581,-0.028087194338836805
0.11400000000000009,-0.027508025409314105,-0.030996203244019773,-0.029227590320028633,-0.0280674782445456
0.11500000000000009,-0.027465843656558776,-0.03099620138894385,-0.02921971353711612,-0.02804762852031192
0.11600000000000009,-0.027423378047072195,-0.030996199615558825,-0.029211755698545783,-0.028027644260430955
0.11700000000000009,-0.027380635731074222,-0.030996197921256286,-0.029203716441216724,-0.028007524553059285
0.11800000000000009,-0.027337623942664445,-0.030996196303460843,-0.029195595398313064,-0.027987268480173286
0.11900000000000009,-0.027294349997311035,-0.030996194759630637,-0.0291873921992872,-0.027966875117527226
0.12000000000000009,-0.027250821289310844,-0.030996193287258087,-0.029179106469842914,-0.027946343534611125
0.1210000000000001,-0.027207045289221122,-0.030996191883870042,-0.02917073783191827,-0.027925672794608256
0.1220000000000001,-0.027163029541265777,-0.030996190547028266,-0.029162285903668383,-0.027904861954352433
0.1230000000000001,-0.027118781660716844,-0.03099618927432967,-0.02915375029944799,-0.02788391006428496
0.1240000000000001,-0.02707430933125357,-0.03099618806340637,-0.02914513062979386,-0.02786281616841132
0.12500000000000008,-0.027029620302301258,-0.030996186911925832,-0.02913642650140701,-0.027841579304257527
0.12600000000000008,-0.026984722386353032,-0.030996185817590536,-0.02912763751713477,-0.02782019850282624
0.12700000000000009,-0.026939623456276644,-0.03099618477813789,-0.029118763275952655,-0.027798672788552522
0.12800000000000009,-0.026894331442610026,-0.030996183791339643,-0.02910980337294608,-0.02777700117925936
0.1290000000000001,-0.026848854330849048,-0.030996182855001216,-0.029100757399291865,-0.027755182686112812
0.1300000000000001,-0.026803200158731146,-0.03099618196696079,-0.029091624942239595,-0.027733216313576923
0.1310000000000001,-0.02675737701351877,-0.030996181125088302,-0.02908240558509279,-0.027711101059368276
0.1320000000000001,-0.02671139302928722,-0.030996180327283955,-0.029073098907189877,-0.027688835914410275
0.1330000000000001,-0.026665256384221507,-0.03099617957147653,-0.029063704483885008,-0.027666419862787093
0.1340000000000001,-0.026618975297927117,-0.03099617885562147,-0.029054221886528682,-0.027643851881697327
0.1350000000000001,-0.02657255802875973,-0.03099617817769843,-0.029044650682448183,-0.027621130941407314
0.1360000000000001,-0.026526012871179703,-0.03099617753570865,-0.02903499043492784,-0.02759825600520416
0.1370000000000001,-0.026479348153136947,-0.03099617692767187,-0.0290252407031891,-0.02757522602934844
0.1380000000000001,-0.026432572233492106,-0.030996176351622662,-0.029015401042370423,-0.027552039963026565
0.1390000000000001,-0.02638569349948073,-0.030996175805606478,-0.02900547100350697,-0.027528696748302828
0.1400000000000001,-0.02633872036422656,-0.03099617528767508,-0.028995450133510133,-0.027505195320071157
0.1410000000000001,-0.02629166126431145,-0.03099617479588133,-0.028985337975146845,-0.027481534606006486
0.1420000000000001,-0.026244524657407963,-0.030996174328273583,-0.02897513406701873,-0.027457713526515853
0.1430000000000001,-0.02619731901998398,-0.03099617388288941,-0.02896483794354105,-0.02743373099468913
0.1440000000000001,-0.0261500528450845,-0.030996173457748216,-0.028954449134921456,-0.02740958591624942
0.1450000000000001,-0.026102734640201266,-0.03099617305084383,-0.028943967167138547,-0.02738527718950314
0.1460000000000001,-0.026055372925236346,-0.030996172660135674,-0.028933391561920256,-0.027360803705289753
0.1470000000000001,-0.02600797623056947,-0.030996172283539278,-0.028922721836722017,-0.027336164346931147
0.1480000000000001,-0.025960553095238058,-0.03099617191891616,-0.028911957504704752,-0.027311357990180706
0.1490000000000001,-0.025913112065238157,-0.030996171564062352,-0.028901098074712653,-0.027286383503171984
0.1500000000000001,-0.025865661691957215,-0.030996171216696084,-0.02889014305125077,-0.027261239746367072
0.1510000000000001,-0.025818210530747624,-0.03099617087444452,-0.02887909193446242,-0.027235925572504618
0.1520000000000001,-0.02577076707081849,-0.03099617053583733,-0.028867944220106346,-0.027210439826547455
0.1530000000000001,-0.0257233396626586,-0.030996170201415447,-0.028856699399533746,-0.02718478134562992
0.1540000000000001,-0.02567593659027792,-0.03099616987273463,-0.02884535695966504,-0.027158948959004777
0.1550000000000001,-0.025628566142188836,-0.030996169551309804,-0.028833916382966472,-0.027132941487989812
0.1560000000000001,-0.025581236610078682,-0.03099616923860587,-0.028822377147426487,-0.027106757745914048
0.1570000000000001,-0.025533956287312996,-0.030996168936030324,-0.028810738726531917,-0.02708039653806359
0.1580000000000001,-0.02548673346727902,-0.030996168644926384,-0.028799000589243954,-0.02705385666162713
0.1590000000000001,-0.02543957644157941,-0.030996168366568263,-0.028787162199973928,-0.02702713690564104
0.16000000000000011,-0.02539249349808416,-0.030996168102156735,-0.028775223018558862,-0.027000236050934157
0.16100000000000012,-0.02534549291885075,-0.030996167852816194,-0.028763182500236822,-0.02697315287007211
0.16200000000000012,-0.025298582977919738,-0.03099616761959226,-0.028751040095622075,-0.026945886127301345
0.16300000000000012,-0.02525177193899557,-0.03099616740345042,-0.02873879525068,-0.026918434578492727
0.16400000000000012,-0.025205068053019787,-0.03099616720527515,-0.028726447406701827,-0.02689079697108478
0.16500000000000012,-0.025158479555645367,-0.030996167025869926,-0.02871399600027914,-0.026862972044026528
0.16600000000000012,-0.02511201466461974,-0.03099616686595749,-0.028701440463278164,-0.026834958527719964
0.16700000000000012,-0.02506568157708422,-0.03099616672618081,-0.028688780222813844,-0.0268067551439621
0.16800000000000012,-0.025019488466797767,-0.030996166607104424,-0.028676014701223718,-0.026778360605886693
0.16900000000000012,-0.024973443481292355,-0.03099616650921621,-0.02866314331604153,-0.026749773617905453
0.17000000000000012,-0.02492755473896712,-0.030996166432929063,-0.028650165479970683,-0.026720992875649007
0.17100000000000012,-0.02488183032612859,-0.030996166378583576,-0.028637080600857432,-0.026692017065907323
0.17200000000000013,-0.024836278293984278,-0.030996166346450124,-0.02862388808166386,-0.02666284486656983
0.17300000000000013,-0.024790906655595756,-0.030996166336731686,-0.028610587320440636,-0.026633474946565063
0.17400000000000013,-0.02474572338279871,-0.03099616634956663,-0.02859717771029956,-0.02660390596579995
0.17500000000000013,-0.02470073640309583,-0.03099616638503145,-0.028583658639385858,-0.02657413657509866
0.17600000000000013,-0.024655953596528977,-0.03099616644314389,-0.028570029490850277,-0.026544165416141036
0.17700000000000013,-0.024611382792537204,-0.03099616652386578,-0.028556289642820927,-0.02651399112140062
0.17800000000000013,-0.024567031766805306,-0.030996166627106116,-0.028542438468374922,-0.026483612314082274
0.17900000000000013,-0.02452290823811011,-0.03099616675272413,-0.028528475335509756,-0.026453027608059326
0.18000000000000013,-0.024479019865168438,-0.03099616690053221,-0.028514399607114483,-0.026422235607810353
0.18100000000000013,-0.024435374243492736,-0.030996167070298897,-0.02850021064094063,-0.026391234908355484
0.18200000000000013,-0.02439197890225914,-0.030996167261751917,-0.02848590778957291,-0.026360024095192315
0.18300000000000013,-0.024348841301191915,-0.0309961674745808,-0.028471490400399667,-0.026328601744231354
0.18400000000000014,-0.024305968827469628,-0.030996167708439992,-0.02845695781558311,-0.02629696642173103
0.18500000000000014,-0.02426336879265635,-0.03099616796295132,-0.02844230937202929,-0.026265116684232315
0.18600000000000014,-0.02422104842966142,-0.030996168237706852,-0.028427544401357845,-0.02623305107849282
0.18700000000000014,-0.024179014889731922,-0.03099616853227127,-0.028412662229871505,-0.026200768141420507
0.18800000000000014,-0.024137275239480227,-0.030996168846184554,-0.02839766217852535,-0.02616826640000692
0.18900000000000014,-0.024095836457950118,-0.030996169178964063,-0.028382543562895834,-0.026135544371259988
0.19000000000000014,-0.02405470543372301,-0.030996169530107004,-0.028367305693149544,-0.026102600562136355
0.19100000000000014,-0.024013888962067194,-0.030996169899092593,-0.02835194787401173,-0.026069433469473244
0.19200000000000014,-0.023973393742131782,-0.030996170285383935,-0.02833646940473459,-0.026036041579919882
0.19300000000000014,-0.023933226374186545,-0.03099617068843018,-0.02832086957906528,-0.026002423369868445
0.19400000000000014,-0.023893393356909293,-0.03099617110766821,-0.0283051476852137,-0.025968577305384544
0.19500000000000015,-0.02385390108472126,-0.030996171542524393,-0.028289303005820013,-0.02593450184213722
0.19600000000000015,-0.02381475584517198,-0.030996171992416267,-0.028273334817921908,-0.025900195425328496
0.19700000000000015,-0.023775963816372602,-0.030996172456753946,-0.028257242392921628,-0.025865656489622427
0.19800000000000015,-0.02373753106447942,-0.030996172934941668,-0.02824102499655271,-0.02583088345907367
0.19900000000000015,-0.02369946354122629,-0.030996173426378764,-0.028224681888846484,-0.025795874747055598
0.20000000000000015,-0.023661767081505528,-0.030996173930461265,-0.028208212324098317,-0.02576062875618787
0.20100000000000015,-0.023624447400997953,-0.0309961744465826,-0.028191615550833583,-0.025725143878263586
0.20200000000000015,-0.023587510093849448,-0.030996174974134805,-0.02817489081177338,-0.02568941849417588
0.20300000000000015,-0.02355096063039457,-0.03099617551250917,-0.028158037343799965,-0.025653450973844055
0.20400000000000015,-0.023514804354924923,-0.030996176061097037,-0.028141054377921946,-0.025617239676139193
0.20500000000000015,-0.023479046483501822,-0.03099617661929072,-0.02812394113923919,-0.02558078294880929
0.20600000000000016,-0.02344369210181093,-0.030996177186483474,-0.028106696846907465,-0.02554407912840386
0.20700000000000016,-0.023408746163057954,-0.030996177762070514,-0.02808932071410281,-0.02550712654019803
0.20800000000000016,-0.02337421348590322,-0.030996178345448974,-0.02807181194798564,-0.02546992349811613
0.20900000000000016,-0.023340098752433456,-0.03099617893601829,-0.028054169749664567,-0.025432468304654766
0.21000000000000016,-0.023306406506168918,-0.030996179533180256,-0.028036393314159948,-0.025394759250805355
0.21100000000000016,-0.02327314115010377,-0.030996180136339223,-0.02801848183036715,-0.025356794615976154
0.21200000000000016,-0.02324030694477776,-0.03099618074490177,-0.028000434481019555,-0.025318572667913753
0.21300000000000016,-0.023207908006377075,-0.030996181358277045,-0.02798225044265125,-0.025280091662624026
0.21400000000000016,-0.023175948304862717,-0.03099618197587591,-0.027963928885559465,-0.025241349844292563
0.21500000000000016,-0.02314443166212329,-0.030996182597111243,-0.027945468973766725,-0.02520234544520457
0.21600000000000016,-0.023113361750151374,-0.03099618322139728,-0.02792686986498269,-0.02516307668566418
0.21700000000000016,-0.023082742089240514,-0.030996183848149193,-0.027908130710565724,-0.025123541773913273
0.21800000000000017,-0.023052576046200878,-0.03099618447678253,-0.027889250655484185,-0.025083738906049723
0.21900000000000017,-0.023022866832591984,-0.030996185106712912,-0.027870228838277396,-0.025043666265945057
0.22000000000000017,-0.02299361750297017,-0.030996185737355096,-0.027851064391016353,-0.025003322025161638
0.22100000000000017,-0.022964830953148403,-0.03099618636812253,-0.027831756439264117,-0.0249627043428692
0.22200000000000017,-0.022936509918467674,-0.030996186998426635,-0.027812304102035907,-0.02492181136576086
0.22300000000000017,-0.022908656972076655,-0.030996187627675975,-0.02779270649175892,-0.024880641227968583
0.22400000000000017,-0.022881274523218698,-0.030996188255275708,-0.02777296271423181,-0.024839192050977996
0.22500000000000017,-0.022854364815524653,-0.030996188880626656,-0.027753071868583914,-0.024797461943542716
0.22600000000000017,-0.022827929925308136,-0.030996189503124657,-0.02773303304723412,-0.024755449001598047
0.22700000000000017,-0.02280197175986382,-0.03099619012215989,-0.027712845335849477,-0.02471315130817409
0.22800000000000017,-0.022776492055764864,-0.030996190737116076,-0.027692507813303468,-0.02467056693330829
0.22900000000000018,-0.022751492377159854,-0.030996191347369844,-0.027672019551633977,-0.02462769393395736
0.23000000000000018,-0.02272697411406578,-0.030996191952290322,-0.027651379616000952,-0.02458453035390864
0.23100000000000018,-0.022702938480657086,-0.030996192551238335,-0.027630587064643747,-0.024541074223690822
0.23200000000000018,-0.0226793865135481,-0.03099619314356614,-0.027609640948838155,-0.024497323560484098
0.23300000000000018,-0.022656319070068365,-0.03099619372861706,-0.027588540312853124,-0.024453276368029696
0.23400000000000018,-0.022633736826528087,-0.030996194305725245,-0.027567284193907134,-0.02440893063653877
0.23500000000000018,-0.022611640276473874,-0.030996194874215708,-0.02754587162212428,-0.02436428434260071
0.23600000000000018,-0.022590029728931448,-0.030996195433404216,-0.02752430162049001,-0.024319335449090828
0.23700000000000018,-0.022568905306635943,-0.03099619598259781,-0.027502573204806556,-0.02427408190507739
0.23800000000000018,-0.022548266944246078,-0.03099619652109495,-0.02748068538364802,-0.024228521645728054
0.23900000000000018,-0.022528114386543056,-0.030996197048186413,-0.027458637158315136,-0.024182652592215637
0.24000000000000019,-0.022508447186610596,-0.03099619756315632,-0.027436427522789707,-0.024136472651623275
0.2410000000000002,-0.022489264703996432,-0.030996198065282945,-0.02741405546368869,-0.02408997971684892
0.2420000000000002,-0.022470566102852564,-0.03099619855384044,-0.027391519960217978,-0.024043171666509208
0.2430000000000002,-0.02245235035005353,-0.030996199028100527,-0.027368819984125797,-0.023996046364842646
0.2440000000000002,-0.022434616213290837,-0.03099619948733454,-0.02734595449965582,-0.023948601661612178
0.2450000000000002,-0.022417362259142173,-0.0309961999308158,-0.027322922463499877,-0.02390083539200707
0.2460000000000002,-0.02240058685111433,-0.030996200357822405,-0.027299722824750374,-0.02385274537654413
0.2470000000000002,-0.022384288147657715,-0.03099620076764047,-0.02727635452485232,-0.02380432942096826
0.2480000000000002,-0.02236846410015149,-0.030996201159567482,-0.027252816497555055,-0.023755585316152343
0.2490000000000002,-0.02235311245085805,-0.030996201532916413,-0.02722910766886357,-0.023706510837996447
0.25000000000000017,-0.0223382307308451,-0.030996201887019927,-0.02720522695698952,-0.023657103747326325
0.25100000000000017,-0.022323816257874576,-0.03099620222123542,-0.027181173272301865,-0.02360736178979127
0.25200000000000017,-0.02230986613425668,-0.030996202534950078,-0.027156945517277143,-0.023557282695761246
0.25300000000000017,-0.022296377244668455,-0.03099620282758669,-0.0271325425864494,-0.023506864180223318
0.25400000000000017,-0.022283346253935517,-0.030996203098609922,-0.027107963366359743,-0.0234561039426774
0.25500000000000017,-0.022270769604776607,-0.030996203347532836,-0.02708320673550554,-0.02340499966703129
0.25600000000000017,-0.022258643515509654,-0.030996203573924203,-0.027058271564289246,-0.023353549021494988
0.2570000000000002,-0.02224696397771944,-0.030996203777415948,-0.027033156714966866,-0.023301749658474303
0.2580000000000002,-0.022235726753886454,-0.030996203957711504,-0.02700786104159603,-0.02324959921446372
0.2590000000000002,-0.022224927374976406,-0.030996204114594136,-0.026982383389983718,-0.023197095309938593
0.2600000000000002,-0.022214561137991674,-0.03099620424793613,-0.026956722597633594,-0.02314423554924654
0.2610000000000002,-0.02220462310348383,-0.030996204357708085,-0.02693087749369296,-0.023091017520498143
0.2620000000000002,-0.022195108093029155,-0.0309962044439889,-0.02690484689889933,-0.023037438795456902
0.2630000000000002,-0.02218601068666755,-0.03099620450697617,-0.026878629625526635,-0.022983496929428443
0.2640000000000002,-0.022177325220306673,-0.030996204546996465,-0.026852224477331012,-0.022929189461148965
0.2650000000000002,-0.022169045783092547,-0.030996204564516634,-0.026825630249496236,-0.02287451391267293
0.2660000000000002,-0.02216116621474945,-0.030996204560154946,-0.026798845728578737,-0.022819467789260015
0.2670000000000002,-0.022153680102890604,-0.03099620453469263,-0.026771869692452245,-0.02276404857926127
0.2680000000000002,-0.022146580780303658,-0.030996204489085525,-0.02674470091025201,-0.022708253754004523
0.2690000000000002,-0.022139861322212823,-0.0309962044244762,-0.026717338142318647,-0.022652080767679
0.2700000000000002,-0.022133514543522134,-0.030996204342205708,-0.026689780140141582,-0.02259552705721915
0.2710000000000002,-0.02212753299604336,-0.030996204243825785,-0.026662025646302077,-0.022538590042187733
0.2720000000000002,-0.022121908965712544,-0.03099620413111092,-0.02663407339441585,-0.02248126712465804
0.2730000000000002,-0.022116634469799567,-0.030996204006070175,-0.026605922109075305,-0.022423555689095383
0.2740000000000002,-0.022111701254115997,-0.030996203870959037,-0.026577570505791327,-0.02236545310223773
0.2750000000000002,-0.02210710079022539,-0.030996203728291098,-0.026549017290934684,-0.022306956712975574
0.2760000000000002,-0.02210282427266152,-0.030996203580849178,-0.026520261161676988,-0.02224806385223096
0.2770000000000002,-0.022098862616160033,-0.030996203431696238,-0.026491300805931258,-0.0221887718328357
0.2780000000000002,-0.022095206452908415,-0.030996203284185963,-0.026462134902292052,-0.022129077949408753
0.2790000000000002,-0.02209184612982034,-0.030996203141972403,-0.026432762119975174,-0.022068979478232813
0.2800000000000002,-0.02208877170583914,-0.030996203009019313,-0.026403181118756947,-0.02200847367713
0.2810000000000002,-0.022085972949276913,-0.030996202889608568,-0.02637339054891307,-0.021947557785336747
0.2820000000000002,-0.022083439335193526,-0.030996202788348,-0.02634338905115702,-0.02188622902337784
0.2830000000000002,-0.022081160042822224,-0.03099620271017793,-0.02631317525657805,-0.021824484592939605
0.2840000000000002,-0.02207912395304568,-0.030996202660377132,-0.026282747786578707,-0.021762321676742195
0.2850000000000002,-0.02207731964592864,-0.030996202644567292,-0.026252105252811936,-0.02169973743841106
0.2860000000000002,-0.022075735398311477,-0.03099620266871658,-0.02622124625711774,-0.021636729022347544
0.2870000000000002,-0.022074359181469508,-0.030996202739141714,-0.02619016939145939,-0.02157329355359857
0.2880000000000002,-0.022073178658842296,-0.030996202862508888,-0.026158873237859148,-0.02150942813772546
0.2890000000000002,-0.022072181183837258,-0.030996203045832928,-0.026127356368333608,-0.021445129860671885
0.2900000000000002,-0.022071353797711378,-0.030996203296474904,-0.026095617344828508,-0.021380395788630883
0.2910000000000002,-0.02207068322753462,-0.030996203622138313,-0.026063654719153128,-0.021315222967911007
0.2920000000000002,-0.02207015588423837,-0.030996204030863162,-0.026031467032914216,-0.021249608424801548
0.2930000000000002,-0.022069757860751764,-0.030996204531018378,-0.02599905281744943,-0.021183549165436855
0.2940000000000002,-0.022069474930229087,-0.0309962051312921,-0.025966410593760342,-0.021117042175659725
0.2950000000000002,-0.02206929254437049,-0.030996205840679792,-0.025933538872444938,-0.021050084420883873
0.2960000000000002,-0.022069195831838397,-0.03099620666847049,-0.025900436153629677,-0.02098267284595548
0.2970000000000002,-0.02206916959677179,-0.03099620762423022,-0.02586710092690104,-0.02091480437501378
0.2980000000000002,-0.022069198317400687,-0.030996208717783275,-0.025833531671236615,-0.02084647591135072
0.2990000000000002,-0.022069266144761963,-0.030996209959190966,-0.025799726854935708,-0.020777684337269654
0.3000000000000002,-0.022069356901519295,-0.030996211358727183,-0.02576568493554944,-0.02070842651394312
0.3010000000000002,-0.022069454080888104,-0.03099621292685171,-0.025731404359810375,-0.020638699281269567
0.3020000000000002,-0.022069575161936063,-0.03099621603707284,-0.025697087099465832,-0.02062896691726829
0.3030000000000002,-0.022069693445506668,-0.030996198655614926,-0.025662935124589285,-0.02061916859013951
0.3040000000000002,-0.02206980898810672,-0.03099612006083959,-0.025628946876891677,-0.020609303852804368
0.3050000000000002,-0.022069921845285115,-0.030995940370531397,-0.025595120805554507,-0.020599372255153837
0.3060000000000002,-0.022070032071648274,-0.03099562053643609,-0.02556145536715907,-0.020589373344028175
0.3070000000000002,-0.022070139720875265,-0.03099512233867948,-0.025527949025616035,-0.02057930666319626
0.3080000000000002,-0.0220702448457336,-0.030994408380079545,-0.02549460025209535,-0.020569171753334774
0.3090000000000002,-0.022070347498094355,-0.03099344208036231,-0.0254614075249565,-0.020558968152007237
0.3100000000000002,-0.022070447728947604,-0.030992187670293738,-0.025428369329679054,-0.0205486953936429
0.3110000000000002,-0.022070545588417614,-0.03099061018573682,-0.025395484158793582,-0.020538353009515516
0.3120000000000002,-0.02207064112577792,-0.030988675461644282,-0.02536275051181286,-0.020527940527721954
0.3130000000000002,-0.022070734389466443,-0.030986350125995366,-0.025330166895163406,-0.020517457473160656
0.3140000000000002,-0.022070825427100274,-0.0309836015936854,-0.025297731822117347,-0.02050690336750997
0.3150000000000002,-0.02207091428549054,-0.03098039806037568,-0.02526544381272455,-0.020496277729206303
0.3160000000000002,-0.022071001010657034,-0.030976708496310706,-0.02523330139374513,-0.020485580073422188
0.3170000000000002,-0.022071085647842464,-0.03097250264010962,-0.025201303098582203,-0.020474809912044114
0.3180000000000002,-0.02207116824152707,-0.03096775099253724,-0.025169447467214986,-0.020463966753650302
0.31900000000000023,-0.022071248835442522,-0.03096242481026091,-0.02513773304613217,-0.02045305010348824
0.32000000000000023,-0.022071327472586003,-0.030956496099596997,-0.02510615838826559,-0.020442059463452136
0.32100000000000023,-0.022071404195233752,-0.030949937610252467,-0.025074722052924225,-0.020430994332060193
0.32200000000000023,-0.022071479044954885,-0.03094272282906441,-0.02504342260572843,-0.02041985420443169
0.32300000000000023,-0.022071552062624435,-0.030934825973742027,-0.02501225861854451,-0.020408638572264
0.32400000000000023,-0.022071623288436475,-0.030926221986612906,-0.024981228669419552,-0.020397346923809345
0.32500000000000023,-0.02207169276191695,-0.030916886528377006,-0.024950331342516542,-0.02038597874385149
0.32600000000000023,-0.022071760521936077,-0.030906795971870103,-0.02491956522804976,-0.0203745335136822
0.32700000000000023,-0.02207182660672056,-0.030895927395839,-0.024888928922220457,-0.020363010711077593
0.32800000000000024,-0.022071891053865467,-0.030884258578729055,-0.024858421027152813,-0.02035140981027431
0.32900000000000024,-0.0220719539003457,-0.03087176799248656,-0.02482804015083013,-0.02033973028194551
0.33000000000000024,-0.022072015182527244,-0.03085843479637547,-0.024797784907031335,-0.02032797159317673
0.33100000000000024,-0.022072074936177754,-0.030844238830810215,-0.02476765391526774,-0.02031613320744158
0.33200000000000024,-0.022072133196477123,-0.030829160611204387,-0.02473764580072002,-0.020304214584577242
0.33300000000000024,-0.022072189998027406,-0.030813181321835893,-0.024707759194175515,-0.02029221518075983
0.33400000000000024,-0.022072245374862198,-0.030796282809728355,-0.024677992731965734,-0.020280134448479585
0.33500000000000024,-0.022072299360455856,-0.030778447578548643,-0.02464834505590414,-0.020267971836515877
0.33600000000000024,-0.022072351987732292,-0.03075965878252068,-0.024618814813224192,-0.020255726789912075
0.33700000000000024,-0.022072403289072885,-0.03073990022035461,-0.024589400656517595,-0.020243398749950202
0.33800000000000024,-0.022072453296324502,-0.030719156329191307,-0.02456010124367284,-0.020230987154125458
0.33900000000000025,-0.022072502040806682,-0.030697412178561645,-0.024530915237813963,-0.020218491436120554
0.34000000000000025,-0.022072549553318447,-0.030674653464359793,-0.02450184130723954,-0.020205911025779864
0.34100000000000025,-0.022072595864144715,-0.03065086650283032,-0.024472878125361922,-0.020193245349083407
0.34200000000000025,-0.022072641003062318,-0.030626038224568365,-0.02444402437064672,-0.02018049382812067
0.34300000000000025,-0.02207268499934551,-0.03060015616853193,-0.024415278726552494,-0.020167655881064235
0.34400000000000025,-0.022072727881770934,-0.030573208476066736,-0.024386639881470676,-0.020154730922143208
0.34500000000000025,-0.022072769678622504,-0.030545183884942075,-0.024358106528665744,-0.020141718361616535
0.34600000000000025,-0.022072810417695574,-0.030516071723397875,-0.024329677366215576,-0.02012861760574605
0.34700000000000025,-0.02207285012630091,-0.030485861904202372,-0.02430135109695206,-0.02011542805676941
0.34800000000000025,-0.02207288883126825,-0.030454544918719965,-0.024273126428401907,-0.020102149112872815
0.34900000000000025,-0.022072926558949633,-0.030422111830989234,-0.024245002072727666,-0.02008878016816355
0.35000000000000026,-0.022072963335222247,-0.03038855427181059,-0.024216976746668974,-0.02007532061264232
0.35100000000000026,-0.022072999185491167,-0.03035386443284385,-0.024189049171483998,-0.02006176983217545
0.35200000000000026,-0.02207303413469187,-0.030318035060715367,-0.02416121807289109,-0.020048127208466833
0.35300000000000026,-0.022073068207292205,-0.030281059451134965,-0.024133482181010645,-0.020034392119029742
0.35400000000000026,-0.02207310142729468,-0.030242931443022734,-0.024105840230307155,-0.020020563937158408
0.35500000000000026,-0.02207313381823808,-0.03020364541264586,-0.024078290959531467,-0.020006642031899433
0.35600000000000026,-0.02207316540319921,-0.030163196267766014,-0.024050833111663242,-0.019992625768023006
0.35700000000000026,-0.022073196204794775,-0.030121579441797313,-0.024023465433853586,-0.019978514505993913
0.35800000000000026,-0.02207322624518239,-0.030078790887975725,-0.023996186677367894,-0.019964307601942354
0.35900000000000026,-0.022073255546062494,-0.030034827073539938,-0.023968995597528867,-0.019950004407634565
0.36000000000000026,-0.022073284128679486,-0.02998968497392493,-0.023941890953659728,-0.019935604270443247
0.36100000000000027,-0.022073312013823336,-0.029943362066968113,-0.02391487150902761,-0.019921106533317787
0.36200000000000027,-0.022073339221830947,-0.029895856327129513,-0.02388793603078711,-0.019906510534754257
0.36300000000000027,-0.02207336577258771,-0.02984716621972611,-0.02386108328992407,-0.01989181560876527
0.36400000000000027,-0.022073391685528833,-0.029797290695181562,-0.02383431206119946,-0.019877021084849556
0.36500000000000027,-0.022073416979641446,-0.029746229183291825,-0.0238076211230935,-0.019862126287961385
0.36600000000000027,-0.02207344167346589,-0.029693981587508144,-0.023781009257749928,-0.019847130538479772
0.36700000000000027,-0.02207346578509795,-0.029640548279236976,-0.023754475250920407,-0.01983203315217745
0.36800000000000027,-0.022073489332190697,-0.02958593009215963,-0.023728017891909137,-0.01981683344018966
0.36900000000000027,-0.022073512331956646,-0.029530128316570797,-0.023701635973517612,-0.019801530708982728
0.3700000000000003,-0.02207353480117035,-0.029473144693738025,-0.023675328291989536,-0.01978612426032239
0.3710000000000003,-0.02207355675617071,-0.029414981410282356,-0.0236490936469559,-0.01977061339124198
0.3720000000000003,-0.022073578212863786,-0.029355641092581528,-0.02362293084138021,-0.019754997394010307
0.3730000000000003,-0.022073599186725766,-0.02929512680119649,-0.023596838681503866,-0.019739275556099393
0.3740000000000003,-0.02207361969280611,-0.0292334420253216,-0.023570815976791698,-0.01972344716015196
0.3750000000000003,-0.022073639745730848,-0.02917059067726049,-0.023544861539877643,-0.019707511483948673
0.3760000000000003,-0.022073659359706312,-0.02910657708692655,-0.023518974186510562,-0.01969146780037522
0.3770000000000003,-0.0220736785485229,-0.029041405996371242,-0.023493152735500216,-0.019675315377389126
0.3780000000000003,-0.022073697325558788,-0.028975082554338276,-0.02346739600866336,-0.01965905347798632
0.3790000000000003,-0.022073715703784934,-0.02890761231084634,-0.023441702830769986,-0.019642681360167558
0.3800000000000003,-0.02207373369576871,-0.028839001211799765,-0.023416072029489712,-0.019626198276904528
0.3810000000000003,-0.022073751313679175,-0.028769255593628196,-0.02339050243533827,-0.01960960347610578
0.3820000000000003,-0.022073768569291906,-0.02869838217795514,-0.023364992881624157,-0.019592896200582403
0.3830000000000003,-0.022073785473993832,-0.028626388066296197,-0.023339542204395408,-0.019576075688013492
0.3840000000000003,-0.022073802038789104,-0.02855328073478693,-0.023314149242386475,-0.01955914117091134
0.3850000000000003,-0.022073818274304352,-0.0284790680289402,-0.023288812836965243,-0.019542091876586443
0.3860000000000003,-0.022073834190794228,-0.028403758158433504,-0.02326353183208017,-0.01952492702711223
0.3870000000000003,-0.022073849798147947,-0.028327359691925697,-0.023238305074207523,-0.019507645839289562
0.3880000000000003,-0.022073865105894812,-0.02824988155190291,-0.02321313141229877,-0.01949024752461101
0.3890000000000003,-0.022073880123211004,-0.028171333009553358,-0.023188009697728038,-0.019472731289224877
0.3900000000000003,-0.022073894858925698,-0.028091723679670406,-0.023162938784239716,-0.019455096333898966
0.3910000000000003,-0.022073909321527908,-0.028011063515583308,-0.02313791752789614,-0.01943734185398411
0.3920000000000003,-0.022073923519173234,-0.027929362804114528,-0.023112944787025417,-0.01941946703937747
0.3930000000000003,-0.022073937459690704,-0.027846632160562733,-0.02308801942216931,-0.01940147107448557
0.3940000000000003,-0.02207395115058987,-0.027762882523710408,-0.023063140296031275,-0.01938335313818708
0.3950000000000003,-0.02207396459906798,-0.027678125150854924,-0.023038306273424538,-0.01936511240379534
0.3960000000000003,-0.022073977812017108,-0.027592371612860832,-0.023013516221220314,-0.01934674803902065
0.3970000000000003,-0.022073990796031742,-0.027505633789232754,-0.022988769008296113,-0.019328259205932306
0.3980000000000003,-0.022074003557415955,-0.02741792386320638,-0.02296406350548411,-0.01930964506092034
0.3990000000000003,-0.02207401610219109,-0.027329254316855765,-0.02293939858551963,-0.019290904754657036
0.4000000000000003,-0.022074028436103225,-0.02723963792621502,-0.022914773122989725,-0.019272037432058204
0.4010000000000003,-0.02207404056463076,-0.027149087756411932,-0.022890185994281807,-0.019253042232244125
0.4020000000000003,-0.022074052492992182,-0.02705761715681114,-0.02286563607753239,-0.019233918288500292
0.4030000000000003,-0.02207406422615351,-0.026965239756164414,-0.022841122252575893,-0.019214664728237865
0.4040000000000003,-0.02207407576883621,-0.026871969457765606,-0.022816643400893545,-0.019195280672953847
0.4050000000000003,-0.022074087125524732,-0.026777820434606695,-0.02279219840556233,-0.019175765238191003
0.4060000000000003,-0.022074098300474104,-0.026682807124533244,-0.02276778615120403,-0.0191561175334975
0.4070000000000003,-0.022074109297717748,-0.02658694422539535,-0.02274340552393434,-0.019136336662386292
0.4080000000000003,-0.022074120121074917,-0.026490246690191333,-0.022719055411312042,-0.0191164217222942
0.4090000000000003,-0.022074130774158374,-0.0263927297222017,-0.02269473470228823,-0.019096371804540734
0.4100000000000003,-0.022074141260381763,-0.02629440877010879,-0.022670442287155642,-0.019076185994286638
0.4110000000000003,-0.022074151582967244,-0.026195299523101137,-0.022646177057498003,-0.019055863370492133
0.4120000000000003,-0.02207416174495263,-0.02609541790595693,-0.02262193790613946,-0.0190354030058749
0.4130000000000003,-0.022074171749198748,-0.025994780074105935,-0.02259772372709407,-0.019014803966867787
0.4140000000000003,-0.022074181598396664,-0.025893402408664612,-0.022573533415515316,-0.018994065313576176
0.4150000000000003,-0.022074191295074562,-0.025791301511443203,-0.022549365867645717,-0.01897318609973513
0.4160000000000003,-0.02207420084160488,-0.02568849419992084,-0.022525219980766457,-0.018952165372666196
0.4170000000000003,-0.022074210240210956,-0.025584997502186423,-0.02250109465314706,-0.01893100217323395
0.4180000000000003,-0.022074219492973744,-0.025480828651842407,-0.022476988783995143,-0.018909695535802226
0.4190000000000003,-0.02207422860183819,-0.02537600508286937,-0.022452901273406167,-0.018888244488190056
0.4200000000000003,-0.022074237568619776,-0.025270544424448725,-0.02242883102231326,-0.018866648051627317
0.4210000000000003,-0.02207424639501042,-0.025164464495742098,-0.022404776932437063,-0.018844905240710055
0.4220000000000003,-0.022074255082584565,-0.025057783300625195,-0.022380737906235636,-0.018823015063355555
0.4230000000000003,-0.022074263632804784,-0.024950519022374915,-0.022356712846854355,-0.018800976520757035
0.4240000000000003,-0.022074272047027464,-0.02484269001830874,-0.022332700658075872,-0.0187787886073381
0.4250000000000003,-0.02207428032650793,-0.024734314814375095,-0.022308700244270112,-0.018756450310706857
0.4260000000000003,-0.022074288472405487,-0.02462541209969466,-0.022284710510344256,-0.018733960611609705
0.4270000000000003,-0.022074296485788285,-0.024516000721052717,-0.0222607303616928,-0.018711318483884843
0.4280000000000003,-0.02207430436763761,-0.02440609967734198,-0.022236758704147586,-0.018688522894415447
0.4290000000000003,-0.02207431211885218,-0.02429572811395777,-0.0222127944439279,-0.01866557280308253
0.4300000000000003,-0.022074319740252056,-0.024184905317145927,-0.022188836487590544,-0.01864246716271747
0.4310000000000003,-0.022074327232581837,-0.024073650708305385,-0.022164883741979963,-0.018619204919054257
0.43200000000000033,-0.022074334596514266,-0.023961983838247415,-0.022140935114178348,-0.018595785010681362
0.43300000000000033,-0.022074341832652562,-0.023849924381414346,-0.022116989511455784,-0.018572206368993316
0.43400000000000033,-0.022074348941533026,-0.02373749213006029,-0.022093045841220384,-0.018548467918141968
0.43500000000000033,-0.022074355923626887,-0.02362470698839816,-0.022069103010968434,-0.018524568574987365
0.43600000000000033,-0.02207436277934172,-0.023511588966716436,-0.022045159928234553,-0.01850050724904836
0.43700000000000033,-0.022074369509022425,-0.023398158175470737,-0.02202121550054183,-0.018476282842452833
0.43800000000000033,-0.022074376112951776,-0.02328443481935509,-0.021997268635351994,-0.01845189424988761
0.43900000000000033,-0.022074382591350153,-0.02317043919135827,-0.021973318240015555,-0.018427340358548032
0.44000000000000034,-0.022074388944374912,-0.023056191666812293,-0.021949363221721946,-0.018402620048087168
0.44100000000000034,-0.0220743951721191,-0.022941712697438697,-0.02192540248744966,-0.018377732190564697
0.44200000000000034,-0.02207440127460944,-0.022827022805400707,-0.021901434943916394,-0.01835267565039546
0.44300000000000034,-0.022074407251803617,-0.022712142577368314,-0.021877459497529134,-0.018327449284297616
0.44400000000000034,-0.02207441310358686,-0.022597092658605662,-0.02185347505433429,-0.018302051941240516
0.44500000000000034,-0.022074418829767732,-0.022481893747088363,-0.021829480519967755,-0.01827648246239214
0.44600000000000034,-0.022074424430073066,-0.02236656658766102,-0.021805474799604985,-0.01825073968106625
0.44700000000000034,-0.02207442990414192,-0.022251131966244658,-0.021781456797911037,-0.018224822422669148
0.44800000000000034,-0.022074435251519045,-0.022135610704104622,-0.0217574254189906,-0.018198729504646082
0.44900000000000034,-0.022074440471646483,-0.022020023652189424,-0.021733379566337984,-0.018172459736427296
0.45000000000000034,-0.022074445563855037,-0.02190439168555326,-0.021709318142787086,-0.01814601191937368
0.45100000000000035,-0.02207445052735442,-0.02178873569787322,-0.021685240050461334,-0.018119384846722115
0.45200000000000035,-0.022074455361221813,-0.021673076596074408,-0.0216611441907236,-0.01809257730353039
0.45300000000000035,-0.022074460066521206,-0.021557435117440352,-0.021637029464126052,-0.01806558806662176
0.45400000000000035,-0.02207446464849972,-0.021441831640868284,-0.02161289477036001,-0.018038415904529162
0.45500000000000035,-0.02207446911430102,-0.021326286371990636,-0.021588739008205717,-0.01801105957743899
0.45600000000000035,-0.0220744734707269,-0.02121081952455614,-0.02156456107548212,-0.01798351783713455
0.45700000000000035,-0.022074477724244698,-0.02109545131541085,-0.021540359868996554,-0.0179557894269391
0.45800000000000035,-0.022074481880995086,-0.02098020195938855,-0.021516134284494424,-0.017927873081658507
0.45900000000000035,-0.02207448594680058,-0.020865091664110005,-0.021491883216608814,-0.01789976752752353
0.46000000000000035,-0.022074489927174347,-0.02075014062468965,-0.021467605558810044,-0.01787147148213167
0.46100000000000035,-0.022074493827329733,-0.0206353690183495,-0.02144330020335519,-0.017842983654388703
0.46200000000000035,-0.022074497652189284,-0.020520796998939987,-0.021418966041237535,-0.017814302744449725
0.46300000000000036,-0.022074501406395202,-0.020406444691368562,-0.021394601962135978,-0.017785427443659872
0.46400000000000036,-0.022074505094318707,-0.02029233218593698,-0.021370206854364356,-0.017756356434494597
0.46500000000000036,-0.0220745087200703,-0.020178479532588434,-0.021345779604820727,-0.017727088390499558
0.46600000000000036,-0.022074512287509927,-0.020064906735066588,-0.021321319098936583,-0.01769762197623008
0.46700000000000036,-0.02207451580025715,-0.01995163374498908,-0.021296824220625992,-0.017667955847190244
0.46800000000000036,-0.022074519261700874,-0.01983868045583752,-0.02127229385223468,-0.017638088649771535
0.46900000000000036,-0.022074522675009763,-0.019726066696867845,-0.021247726874489017,-0.017608019021191055
0.47000000000000036,-0.02207452604314182,-0.019613812226944125,-0.02122312216644497,-0.017577745589429372
0.47100000000000036,-0.02207452936885424,-0.01950193672829964,-0.021198478605436936,-0.01754726697316791
0.47200000000000036,-0.02207453265471309,-0.01939045980022975,-0.02117379506702654,-0.017516581781725916
0.47300000000000036,-0.02207453590310234,-0.01927940095272073,-0.021149070424951295,-0.017485688614997004
0.47400000000000037,-0.02207453911623316,-0.01916877960001919,-0.021124303551073247,-0.01745458606338527
0.47500000000000037,-0.022074542296152976,-0.019058615054147892,-0.021099493315327483,-0.017423272707740994
0.47600000000000037,-0.022074545444753936,-0.018948926518371937,-0.021074638585670567,-0.01739174711929586
0.47700000000000037,-0.02207454856378121,-0.018839733080622145,-0.0210497382280289,-0.01736000785959779
0.47800000000000037,-0.022074551654841144,-0.018731053706879566,-0.021024791106246953,-0.017328053480445277
0.47900000000000037,-0.02207455471940908,-0.01862290723452864,-0.02099979608203545,-0.017295882523821346
0.48000000000000037,-0.022074557758837085,-0.018515312365682997,-0.02097475201491941,-0.017263493521826993
0.48100000000000037,-0.022074560774360603,-0.018408287660490675,-0.020949657762186127,-0.01723088499661423
0.4820000000000004,-0.022074563767105967,-0.01830185153042441,-0.02092451217883302,-0.017198055460318655
0.4830000000000004,-0.02207456673809677,-0.01819602223156255,-0.020899314117515385,-0.01716500341499153
0.4840000000000004,-0.022074569688260087,-0.018090817857866315,-0.020874062428494055,-0.01713172735253148
0.4850000000000004,-0.022074572618432875,-0.017986256334459237,-0.020848755959582927,-0.017098225754615642
0.4860000000000004,-0.022074575529367316,-0.01788235541091386,-0.020823393556096408,-0.01706449709263042
0.4870000000000004,-0.02207457842173656,-0.017779132654551565,-0.020797974060796705,-0.017030539827601703
0.4880000000000004,-0.02207458129613996,-0.01767660544375995,-0.020772496313841045,-0.016996352410124673
0.4890000000000004,-0.0220745841531078,-0.017574790961333516,-0.020746959152728735,-0.016961933280293093
0.4900000000000004,-0.022074586993106108,-0.017473706187841612,-0.020721361412248136,-0.01692728086762814
0.4910000000000004,-0.02207458981654114,-0.01737336789502861,-0.020695701924423486,-0.016892393591006735
0.4920000000000004,-0.022074592623763357,-0.017273792639250135,-0.02066997951846161,-0.01685726985858942
0.4930000000000004,-0.022074595415071528,-0.017174996754949587,-0.020644193020698493,-0.0168219080677477
0.4940000000000004,-0.022074598190716374,-0.01707699634817823,-0.020618341254545747,-0.01678630660499094
0.4950000000000004,-0.022074600950904015,-0.016979807290162262,-0.020592423040436906,-0.016750463845892734
0.4960000000000004,-0.022074603695799222,-0.016883445210919824,-0.020566437195773606,-0.016714378155016783
0.4970000000000004,-0.02207460642552862,-0.016787925492930556,-0.02054038253487164,-0.01667804788584228
0.4980000000000004,-0.02207460914018329,-0.016693263264860102,-0.02051425786890684,-0.01664147138068878
0.4990000000000004,-0.022074611839821755,-0.016599473395341322,-0.020488062005860844,-0.01660464697064056
0.5000000000000003,-0.022074614524472163,-0.016506570486814073,-0.020461793750466712,-0.01656757297547048
0.5010000000000003,-0.02207461719413476,-0.016414568869424686,-0.020435451904154366,-0.016530247703563303
0.5020000000000003,-0.02207461984878398,-0.016323482594986505,-0.020409035264995927,-0.016492669451838516
0.5030000000000003,-0.02207462248837038,-0.01623332543100146,-0.020382542627650855,-0.01645483650567263
0.5040000000000003,-0.022074625112822564,-0.016144110854744008,-0.020355972783310965,-0.01641674713882093
0.5050000000000003,-0.022074627722048747,-0.016055852047406925,-0.020329324519645257,-0.01637839961333872
0.5060000000000003,-0.02207463031593839,-0.015968561888308575,-0.020302596620744615,-0.016339792179502023
0.5070000000000003,-0.02207463289436355,-0.015882252949162196,-0.020275787867066315,-0.01630092307572774
0.5080000000000003,-0.022074635457179956,-0.015796937488405403,-0.02024889703537839,-0.01626179052849328
0.5090000000000003,-0.02207463800422858,-0.01571262744558965,-0.020221922898703806,-0.016222392752255625
0.5100000000000003,-0.022074640535336282,-0.015629334435828576,-0.020194864226264486,-0.016182727949369872
0.5110000000000003,-0.022074643050316943,-0.015547069744303296,-0.020167719783425145,-0.016142794310007202
0.5120000000000003,-0.02207464554897206,-0.015465844320823914,-0.02014048833163696,-0.016102590012072305
0.5130000000000003,-0.02207464803109174,-0.015385668774445086,-0.020113168628381056,-0.01606211322112024
0.5140000000000003,-0.022074650496455198,-0.015306553368134026,-0.02008575942711182,-0.01602136209027273
0.5150000000000003,-0.02207465294483119,-0.015228508013488776,-0.02005825947720001,-0.01598033476013391
0.5160000000000003,-0.022074655375978535,-0.015151542265505125,-0.0200306675238757,-0.015939029358705444
0.5170000000000003,-0.02207465778964673,-0.015075665317389452,-0.020002982308171012,-0.015897444001301154
0.5180000000000003,-0.022074660185575853,-0.015000885995415825,-0.019975202566862704,-0.01585557679046101
0.5190000000000003,-0.022074662563497157,-0.014927212753824623,-0.019947327032414506,-0.015813425815864545
0.5200000000000004,-0.022074664923133154,-0.014854653669760503,-0.019919354432919287,-0.0157709891542437
0.5210000000000004,-0.02207466726419776,-0.014783216438247045,-0.019891283492041025,-0.01572826486929506
0.5220000000000004,-0.022074669586396554,-0.014712908367196326,-0.019863112928956574,-0.015685251011591517
0.5230000000000004,-0.0220746718894267,-0.014643736372449864,-0.01983484145829721,-0.01564194561849331
0.5240000000000004,-0.0220746741729771,-0.01457570697284951,-0.01980646779009,-0.015598346714058476
0.5250000000000004,-0.02207467643672864,-0.01450882628533497,-0.019777990629698927,-0.015554452308952698
0.5260000000000004,-0.02207467868035408,-0.014443100020066019,-0.019749408677765822,-0.015510260400358526
0.5270000000000004,-0.02207468090351815,-0.01437853347556666,-0.01972072063015108,-0.015465768971883995
0.5280000000000004,-0.02207468310587782,-0.014315131533888482,-0.019691925177874162,-0.01542097599347063
0.5290000000000004,-0.02207468528708241,-0.014252898655791402,-0.019663021007053853,-0.015375879421300809
0.5300000000000004,-0.022074687446773655,-0.01419183887593864,-0.01963400679884832,-0.015330477197704508
0.5310000000000004,-0.02207468958458628,-0.014131955798104034,-0.019604881229394938,-0.015284767251065413
0.5320000000000004,-0.02207469170014812,-0.014073252590388285,-0.019575642969749875,-0.015238747495726401
0.5330000000000004,-0.022074693793080566,-0.014015731980443483,-0.019546290685827472,-0.015192415831894372
0.5340000000000004,-0.02207469586299931,-0.013959396250701089,-0.019516823038339355,-0.01514577014554444
0.5350000000000004,-0.02207469790951486,-0.013904247233603385,-0.019487238682733332,-0.015098808308323476
0.5360000000000004,-0.022074699932233564,-0.01385028630683408,-0.019457536269132047,-0.015051528177452995
0.5370000000000004,-0.022074701930758295,-0.013797514388546754,-0.01942771444227138,-0.015003927595631374
0.5380000000000004,-0.022074703904689904,-0.013745931932588419,-0.019397771841438618,-0.014956004390935442
0.5390000000000004,-0.02207470585362849,-0.013695538923715658,-0.019367707100410355,-0.014907756376721353
0.5400000000000004,-0.02207470777717493,-0.01364633487280128,-0.019337518847390177,-0.014859181351524838
0.5410000000000004,-0.022074709674932733,-0.013598318812028944,-0.01930720570494604,-0.014810277098960736
0.5420000000000004,-0.022074711546510164,-0.013551489290073004,-0.019276766289947442,-0.014761041387621875
0.5430000000000004,-0.02207471339152233,-0.013505844367262359,-0.019246199213502305,-0.014711471970977254
0.5440000000000004,-0.02207471520959427,-0.013461381610724094,-0.019215503080893606,-0.014661566587269546
0.5450000000000004,-0.022074717000363408,-0.013418098089506402,-0.019184676491515736,-0.014611322959411881
0.5460000000000004,-0.02207471876348316,-0.01337599036967738,-0.019153718038810597,-0.014560738794883973
0.5470000000000004,-0.022074720498626292,-0.01333505450939764,-0.019122626310203415,-0.014509811785627484
0.5480000000000004,-0.022074722205489214,-0.013295286053964496,-0.019091399887038295,-0.014458539607940744
0.5490000000000004,-0.02207472388379585,-0.013256680030825476,-0.01906003734451349,-0.014406919922372698
0.5500000000000004,-0.022074725533303082,-0.01321923094455911,-0.019028537251616382,-0.014354950373616183
0.5510000000000004,-0.02207472715380518,-0.013182932771820574,-0.018996898171058204,-0.014302628590400445
0.5520000000000004,-0.022074728745139927,-0.013147778956250675,-0.018965118659208437,-0.014249952185382952
0.5530000000000004,-0.02207473030719444,-0.013113762403345894,-0.018933197266028958,-0.01419691875504045
0.5540000000000004,-0.02207473183991148,-0.013080875475287771,-0.018901132535007872,-0.01414352587955932
0.5550000000000004,-0.022074733343296755,-0.013049109985730363,-0.018868923003093053,-0.01408977112272514
0.5560000000000004,-0.022074734817425824,-0.01301845719454408,-0.018836567200625383,-0.014035652031811539
0.5570000000000004,-0.022074736262452266,-0.012988907802514566,-0.018804063651271706,-0.013981166137468281
0.5580000000000004,-0.022074737678615716,-0.012960451945996055,-0.018771410871957456,-0.013926310953608596
0.5590000000000004,-0.022074739066250706,-0.012933079191518267,-0.01873860737279899,-0.01387108397729574
0.5600000000000004,-0.022074740425795686,-0.012906778530346077,-0.01870565165703561,-0.013815482688628793
0.5610000000000004,-0.022074741757802788,-0.012881538372992668,-0.018672542220961263,-0.013759504550627683
0.5620000000000004,-0.022074743062947554,-0.012857346543685306,-0.01863927755385594,-0.013703147009117424
0.5630000000000004,-0.022074744342039352,-0.012834190274785204,-0.01860585613791673,-0.01364640749261158
0.5640000000000004,-0.022074745596032265,-0.012812056201161846,-0.01857227644818858,-0.013589283412194921
0.5650000000000004,-0.022074746826035867,-0.012790930354523201,-0.0185385369524947,-0.01353177216140531
0.5660000000000004,-0.022074748033326826,-0.012770798157703675,-0.018504636111366667,-0.013473871116114772
0.5670000000000004,-0.022074749219360305,-0.012751644418911674,-0.018470572377974174,-0.013415577634409745
0.5680000000000004,-0.022074750385781806,-0.012733453325939479,-0.018436344198054455,-0.013356889056470561
0.5690000000000004,-0.02207475153443915,-0.012716208440337991,-0.018401950009841364,-0.013297802704450069
0.5700000000000004,-0.02207475266739459,-0.012699892691560206,-0.01836738824399411,-0.013238315882351434
0.5710000000000004,-0.02207475378693692,-0.012684488371076679,-0.018332657323525663,-0.013178425875905156
0.5720000000000004,-0.02207475489559348,-0.0126699771264669,-0.018297755663730784,-0.013118129952445198
0.5730000000000004,-0.022074755996142535,-0.012656339955491371,-0.018262681672113732,-0.013057425360784313
0.5740000000000004,-0.022074757091624646,-0.012643557200148665,-0.018227433748315598,-0.012996309331088512
0.5750000000000004,-0.022074758185354888,-0.012631608540722577,-0.01819201028404128,-0.012934779074750671
0.5760000000000004,-0.022074759280933737,-0.012620472989824308,-0.0181564096629861,-0.012872831784263305
0.5770000000000004,-0.02207476038225843,-0.01261012888643541,-0.01812063026076205,-0.012810464633090454
0.5780000000000004,-0.022074761493533202,-0.012600553889955983,-0.01808467044482369,-0.012747674775538727
0.5790000000000004,-0.02207476261927937,-0.01259172497426502,-0.01804852857439364,-0.012684459346627455
0.5800000000000004,-0.022074763764344568,-0.01258361842179689,-0.018012203000387736,-0.012620815461957959
0.5810000000000004,-0.022074764933911323,-0.012576209817640294,-0.01797569206533976,-0.012556740217581944
0.5820000000000004,-0.022074766133504738,-0.012569474043665046,-0.017938994103325827,-0.012492230689869007
0.5830000000000004,-0.022074767368999146,-0.01256338527268123,-0.01790210743988838,-0.012427283935373231
0.5840000000000004,-0.02207476864662397,-0.012557916962636261,-0.017865030391959764,-0.012361896990698866
0.5850000000000004,-0.022074769972968113,-0.012553041850854542,-0.017827761267785455,-0.012296066872365143
0.5860000000000004,-0.022074771354983376,-0.012548731948323379,-0.017790298366846858,-0.012229790576670126
0.5870000000000004,-0.022074772799986323,-0.012544958534030422,-0.017752639979783713,-0.012163065079553663
0.5880000000000004,-0.022074774315658737,-0.012541692149355247,-0.017714784388316106,-0.012095887336459398
0.5890000000000004,-0.022074775910046664,-0.012538902592518716,-0.017676729865166062,-0.012028254282195873
0.5900000000000004,-0.0220747775915574,-0.012536558913093304,-0.01763847467397874,-0.011960162830796636
0.5910000000000004,-0.022074779368955206,-0.012534629406576335,-0.01760001706924319,-0.011891609875379464
0.5920000000000004,-0.022074781251354435,-0.012533081609028378,-0.017561355296212732,-0.011822592288004592
0.5930000000000004,-0.02207478324821141,-0.012531882291778318,-0.01752248759082488,-0.011753106919531991
0.5940000000000004,-0.02207478536931361,-0.012530997456196496,-0.01748341217962084,-0.011683150599477679
0.5950000000000004,-0.022074787624766872,-0.012530392328536352,-0.017444127279664604,-0.011612720135869049
0.5960000000000004,-0.022074790024980008,-0.012530031354845471,-0.0174046310984616,-0.011541812315099246
0.5970000000000004,-0.022074792580647106,-0.01252987819594581,-0.017364921833876893,-0.011470423901780514
0.5980000000000004,-0.022074795302727185,-0.012529895722483331,-0.01732499767405296,-0.011398551638596587
0.5990000000000004,-0.0220747982024209,-0.01253004601004673,-0.01728485679732703,-0.011326192246154058
0.6000000000000004,-0.022074801291144665,-0.012530290334354668,-0.017244497372147942,-0.011253342422832744
0.6010000000000004,-0.02207480458050118,-0.012530589166511459,-0.0172039175569926,-0.011179998844635046
0.6020000000000004,-0.022074808082247384,-0.012530902168330306,-0.017163115500281934,-0.011106158165034276
0.6030000000000004,-0.022074816025624017,-0.012531288367979959,-0.01712230670840917,-0.011096393815732639
0.6040000000000004,-0.0220748025984987,-0.012531665216924729,-0.01708170668746022,-0.01108656328651645
0.6050000000000004,-0.022074725644595644,-0.01253203293274357,-0.017041313584934065,-0.011076666128837537
0.6060000000000004,-0.02207454387808429,-0.012532391728116364,-0.01700112555777097,-0.011066701891107582
0.6070000000000004,-0.022074216877973403,-0.012532741810937865,-0.0169611407722684,-0.011056670118677555
0.6080000000000004,-0.022073705082360742,-0.012533083384429128,-0.016921357403997347,-0.011046570353816931
0.6090000000000004,-0.022072969782553038,-0.012533416647246031,-0.016881773637719075,-0.011036402135692826
0.6100000000000004,-0.022071973117069644,-0.012533741793585726,-0.016842387667302314,-0.011026165000348965
0.6110000000000004,-0.02207067806554403,-0.012534059013289946,-0.016803197695640842,-0.011015858480684516
0.6120000000000004,-0.022069048442533882,-0.012534368491946501,-0.01676420193457147,-0.01100548210643277
0.6130000000000004,-0.022067048891253424,-0.012534670410987813,-0.016725398604792482,-0.010995035404139687
0.6140000000000004,-0.022064644877236333,-0.01253496494778766,-0.01668678593578242,-0.010984517897142292
0.6150000000000004,-0.02206180268194157,-0.012535252275755068,-0.016648362165719313,-0.01097392910554693
0.6160000000000004,-0.022058489396309562,-0.012535532564426707,-0.016610125541400293,-0.010963268546207368
0.6170000000000004,-0.022054672914278376,-0.012535805979556131,-0.016572074318161586,-0.010952535732702745
0.6180000000000004,-0.022050321926267588,-0.012536072683202117,-0.016534206759798917,-0.01094173017531538
0.6190000000000004,-0.022045405912636526,-0.012536332833813746,-0.016496521138488287,-0.010930851381008438
0.6200000000000004,-0.022039895137124194,-0.012536586586314307,-0.016459015734707132,-0.010919898853403415
0.6210000000000004,-0.02203376064027628,-0.012536834092182913,-0.016421688837155873,-0.010908872092757493
0.6220000000000004,-0.022026974232865138,-0.012537075499534174,-0.01638453874267982,-0.010897770595940756
0.6230000000000004,-0.022019508489306814,-0.012537310953195954,-0.01634756375619148,-0.010886593856413216
0.6240000000000004,-0.022011336741080478,-0.0125375405947853,-0.01631076219059319,-0.0108753413642017
0.6250000000000004,-0.02200243307015285,-0.01253776456278267,-0.016274132366700153,-0.010864012605876586
0.6260000000000004,-0.02199277230241167,-0.012537982992604115,-0.016237672613163816,-0.010852607064528378
0.6270000000000004,-0.021982330001111376,-0.012538196016671811,-0.016201381266395615,-0.01084112421974412
0.6280000000000004,-0.02197108246033211,-0.012538403764482772,-0.016165256670491054,-0.010829563547583642
0.6290000000000004,-0.021959006698455522,-0.012538606362676034,-0.016129297177154167,-0.010817924520555668
0.6300000000000004,-0.02194608045165816,-0.012538803935097763,-0.0160935011456223,-0.010806206607593734
0.6310000000000004,-0.02193228216742433,-0.012538996602864911,-0.01605786694259124,-0.010794409274031969
0.6320000000000005,-0.021917590998078697,-0.012539184484427377,-0.016022392942140713,-0.010782531981580683
0.6330000000000005,-0.021901986794340467,-0.012539367695627952,-0.015987077525660164,-0.01077057418830182
0.6340000000000005,-0.021885450098898356,-0.012539546349761191,-0.015951919081774932,-0.010758535348584232
0.6350000000000005,-0.021867962140007604,-0.012539720557630446,-0.015916916006272708,-0.010746414913118766
0.6360000000000005,-0.021849504825108897,-0.012539890427603218,-0.015882066702030347,-0.010734212328873217
0.6370000000000005,-0.02183006073446842,-0.012540056065665165,-0.015847369578940992,-0.010721927039067096
0.6380000000000005,-0.021809613114839727,-0.012540217575472351,-0.015812823053841515,-0.0107095584831462
0.6390000000000005,-0.021788145873146345,-0.01254037505840205,-0.015778425550440293,-0.010697106096757072
0.6400000000000005,-0.021765643570184946,-0.012540528613602234,-0.015744175499245273,-0.010684569311721225
0.6410000000000005,-0.021742091414348214,-0.012540678338039062,-0.01571007133749236,-0.010671947556009219
0.6420000000000005,-0.021717475255367404,-0.012540824326543819,-0.01567611150907412,-0.010659240253714569
0.6430000000000005,-0.021691781578072878,-0.012540966671857378,-0.015642294464468763,-0.01064644682502746
0.6440000000000005,-0.021664997496173226,-0.012541105464674395,-0.015608618660669461,-0.010633566686208303
0.6450000000000005,-0.021637110746051055,-0.0125412407936851,-0.015575082561113932,-0.010620599249561088
0.6460000000000005,-0.02160810968057571,-0.012541372745616699,-0.015541684635614322,-0.01060754392340657
0.6470000000000005,-0.021577983262931755,-0.012541501405272971,-0.0155084233602874,-0.010594400112055277
0.6480000000000005,-0.021546721060462477,-0.012541626855572802,-0.015475297217485019,-0.010581167215780328
0.6490000000000005,-0.021514313238528877,-0.012541749177587594,-0.015442304695724869,-0.010567844630790066
0.6500000000000005,-0.021480750554381978,-0.012541868450577406,-0.015409444289621512,-0.01055443174920051
0.6510000000000005,-0.021446024351049784,-0.012541984752026239,-0.015376714499817696,-0.010540927959007622
0.6520000000000005,-0.021410126551237214,-0.012542098157675924,-0.015344113832915935,-0.010527332644059376
0.6530000000000005,-0.021373049651239436,-0.012542208741559382,-0.01531164080141038,-0.010513645184027644
0.6540000000000005,-0.02133478671486828,-0.012542316576032686,-0.015279293923618936,-0.010499864954379903
0.6550000000000005,-0.021295331367391524,-0.012542421731806194,-0.015247071723615658,-0.010485991326350724
0.6560000000000005,-0.02125467778948514,-0.012542524277975056,-0.015214972731163413,-0.010472023666913091
0.6570000000000005,-0.021212820711198406,-0.012542624282048505,-0.015182995481646788,-0.010457961338749513
0.6580000000000005,-0.021169755405932432,-0.012542721809978926,-0.015151138516005271,-0.01044380370022295
0.6590000000000005,-0.021125477684431883,-0.012542816926189554,-0.015119400380666672,-0.010429550105347535
0.6600000000000005,-0.021079983888790583,-0.012542909693601972,-0.015087779627480794,-0.010415199903759094
0.6610000000000005,-0.021033270886471184,-0.012543000173662658,-0.015056274813653367,-0.01040075244068547
0.6620000000000005,-0.020985336064339395,-0.012543088426369147,-0.015024884501680212,-0.010386207056916657
0.6630000000000005,-0.020936177322713342,-0.01254317451029544,-0.014993607259281646,-0.010371563088774714
0.6640000000000005,-0.020885793069429004,-0.012543258482616991,-0.014962441659337137,-0.010356819868083483
0.6650000000000005,-0.020834182213921484,-0.01254334039913506,-0.014931386279820184,-0.010341976722138106
0.6660000000000005,-0.020781344161324006,-0.012543420314300816,-0.01490043970373343,-0.010327032973674325
0.6670000000000005,-0.020727278806584322,-0.01254349828123877,-0.014869600519044015,-0.010311987940837585
0.6680000000000005,-0.02067198652859987,-0.012543574351769978,-0.014838867318619133,-0.010296840937151913
0.6690000000000005,-0.020615468184372696,-0.0125436485764349,-0.014808238700161845,-0.010281591271488609
0.6700000000000005,-0.020557725103184148,-0.01254372100451565,-0.014777713266147081,-0.010266238248034697
0.6710000000000005,-0.020498759080791244,-0.012543791684058227,-0.014747289623757884,-0.01025078116626119
0.6720000000000005,-0.020438572373644485,-0.012543860661894338,-0.01471696638482185,-0.010235219320891118
0.6730000000000005,-0.02037716769312908,-0.012543927983662823,-0.014686742165747791,-0.010219552001867346
0.6740000000000005,-0.020314548199829266,-0.012543993693831114,-0.01465661558746261,-0.010203778494320182
0.6750000000000005,-0.020250717497817594,-0.012544057835716197,-0.014626585275348367,-0.010187898078534756
0.6760000000000005,-0.020185679628969198,-0.012544120451505408,-0.014596649859179566,-0.010171910029918175
0.6770000000000005,-0.020119439067302035,-0.012544181582277103,-0.014566807973060626,-0.010155813618966475
0.6780000000000005,-0.02005200071334425,-0.012544241268021252,-0.014537058255363569,-0.010139608111231317
0.6790000000000005,-0.019983369888528262,-0.012544299547659463,-0.014507399348665882,-0.010123292767286494
0.6800000000000005,-0.01991355232961358,-0.01254435645906523,-0.01447782989968858,-0.010106866842694177
0.6810000000000005,-0.019842554183137396,-0.012544412039083862,-0.014448348559234468,-0.010090329587970955
0.6820000000000005,-0.0197703819998945,-0.012544466323552238,-0.014418953982126571,-0.010073680248553643
0.6830000000000005,-0.01969704272944637,-0.012544519347318584,-0.01438964482714676,-0.01005691806476484
0.6840000000000005,-0.019622543714659768,-0.012544571144261793,-0.014360419756974553,-0.010040042271778276
0.6850000000000005,-0.019546892686275075,-0.012544621747310922,-0.014331277438126096,-0.010023052099583912
0.6860000000000005,-0.019470097757504235,-0.012544671188464545,-0.014302216540893321,-0.0100059467729528
0.6870000000000005,-0.01939216741865838,-0.012544719498809571,-0.014273235739283267,-0.009988725511401723
0.6880000000000005,-0.019313110531804942,-0.01254476670854055,-0.01424433371095759,-0.009971387529157574
0.6890000000000005,-0.01923293632545376,-0.012544812846978462,-0.014215509137172214,-0.009953932035121505
0.6900000000000005,-0.01915165438927188,-0.012544857942589244,-0.014186760702717167,-0.009936358232832824
0.6910000000000005,-0.019069274668826307,-0.012544902023002768,-0.014158087095856567,-0.009918665320432668
0.6920000000000005,-0.018985807460353873,-0.012544945115030888,-0.014129487008268774,-0.009900852490627408
0.6930000000000005,-0.018901263405557547,-0.012544987244686216,-0.014100959134986692,-0.009882918930651812
0.6940000000000005,-0.018815653486427778,-0.012545028437199925,-0.01407250217433822,-0.009864863822231961
0.6950000000000005,-0.018728989020087756,-0.01254506871704018,-0.01404411482788687,-0.009846686341547919
0.6960000000000005,-0.018641281653661374,-0.012545108107929788,-0.014015795800372512,-0.009828385659196128
0.6970000000000005,-0.018552543359161802,-0.012545146632864027,-0.013987543799652282,-0.009809960940151586
0.6980000000000005,-0.01846278642839953,-0.012545184314128327,-0.013959357536641615,-0.009791411343729729
0.6990000000000005,-0.018372023467907322,-0.012545221173315708,-0.013931235725255437,-0.009772736023548077
0.7000000000000005,-0.018280267393880858,-0.012545257231343995,-0.013903177082349474,-0.009753934127487622
0.7010000000000005,-0.018187531427131736,-0.012545292508473034,-0.01387518032766171,-0.009735004797653934
0.7020000000000005,-0.018093829088051502,-0.012545327024321535,-0.013847244183753967,-0.009715947170338027
0.7030000000000005,-0.0179991741915835,-0.012545360797883908,-0.013819367375953623,-0.009696760375976953
0.7040000000000005,-0.017903580842200364,-0.012545393847546767,-0.013791548632295453,-0.009677443539114112
0.7050000000000005,-0.017807063428883795,-0.012545426191105394,-0.013763786683463577,-0.009657995778359314
0.7060000000000005,-0.017709636620104205,-0.012545457845779769,-0.013736080262733564,-0.009638416206348572
0.7070000000000005,-0.01761131535879747,-0.012545488828230637,-0.013708428105914617,-0.009618703929703596
0.7080000000000005,-0.01751211485733454,-0.012545519154575252,-0.0136808289512919,-0.009598858048991042
0.7090000000000005,-0.0174120505924826,-0.012545548840402891,-0.013653281539568966,-0.009578877658681467
0.7100000000000005,-0.01731113830035273,-0.012545577900790002,-0.013625784613810296,-0.009558761847108015
0.7110000000000005,-0.01720939397133212,-0.012545606350315498,-0.013598336919383948,-0.009538509696424816
0.7120000000000005,-0.017106833844997227,-0.012545634203075496,-0.013570937203904312,-0.009518120282565108
0.7130000000000005,-0.01700347440500461,-0.012545661472697749,-0.013543584217174966,-0.009497592675199078
0.7140000000000005,-0.016899332373956043,-0.012545688172356071,-0.01351627671113163,-0.0094769259376914
0.7150000000000005,-0.01679442470823568,-0.01254571431478443,-0.013489013439785221,-0.009456119127058519
0.7160000000000005,-0.016688768592815168,-0.012545739912290505,-0.013461793159165,-0.009435171293925602
0.7170000000000005,-0.01658238143602463,-0.012545764976769505,-0.013434614627261813,-0.009414081482483228
0.7180000000000005,-0.016475280864286363,-0.012545789519717004,-0.01340747660397142,-0.009392848730443791
0.7190000000000005,-0.016367484716808826,-0.012545813552242144,-0.01338037785103791,-0.009371472068997572
0.7200000000000005,-0.016259011040238663,-0.012545837085080046,-0.0133533171319972,-0.009349950522768536
0.7210000000000005,-0.016149878083268166,-0.01254586012860413,-0.013326293212120628,-0.009328283109769846
0.7220000000000005,-0.01604010429119699,-0.012545882692838252,-0.013299304858358603,-0.009306468841359033
0.7230000000000005,-0.015929708300445676,-0.01254590478746802,-0.013272350839284347,-0.009284506722192908
0.7240000000000005,-0.015818708933020828,-0.01254592642185234,-0.01324542992503771,-0.009262395750182126
0.7250000000000005,-0.01570712519092939,-0.01254594760503419,-0.013218540887269046,-0.009240134916445479
0.7260000000000005,-0.015594976250543074,-0.012545968345751255,-0.01319168249908318,-0.009217723205263852
0.7270000000000005,-0.015482281456911624,-0.012545988652446147,-0.013164853534983414,-0.009195159594033886
0.7280000000000005,-0.015369060318025408,-0.012546008533276127,-0.013138052770815615,-0.009172443053221312
0.7290000000000005,-0.0152553324990282,-0.012546027996122412,-0.01311127898371236,-0.009149572546313975
0.7300000000000005,-0.015141117816380799,-0.012546047048599417,-0.013084530952037135,-0.00912654702977455
0.7310000000000005,-0.015026436231977412,-0.012546065698062908,-0.0130578074553286,-0.009103365452992913
0.7320000000000005,-0.014911307847216185,-0.01254608395161838,-0.013031107274244894,-0.009080026758238213
0.7330000000000005,-0.014795752897027564,-0.012546101816128566,-0.013004429190508008,-0.009056529880610608
0.7340000000000005,-0.0146797917438619,-0.012546119298220373,-0.012977771986848189,-0.009032873747992673
0.7350000000000005,-0.014563444871641296,-0.012546136404291709,-0.012951134446948405,-0.00900905728100049
0.7360000000000005,-0.014446732879678794,-0.012546153140517432,-0.012924515355388841,-0.008985079392934381
0.7370000000000005,-0.014329676476570019,-0.012546169512854817,-0.012897913497591446,-0.008960938989729345
0.7380000000000005,-0.014212296474062277,-0.0125461855270484,-0.012871327659764512,-0.008936634969905119
0.7390000000000005,-0.0140946137809064,-0.012546201188634403,-0.01284475662884729,-0.008912166224515933
0.7400000000000005,-0.013976649396698687,-0.012546216502944225,-0.012818199192454645,-0.008887531637099898
0.7410000000000005,-0.01385842440571836,-0.01254623147510739,-0.01279165413882173,-0.008862730083628083
0.7420000000000005,-0.013739959970768696,-0.012546246110053944,-0.012765120256748703,-0.008837760432453209
0.7430000000000005,-0.013621277327030093,-0.012546260412515746,-0.012738596335545457,-0.00881262154425802
0.7440000000000005,-0.01350239777593245,-0.012546274387027156,-0.012712081164976382,-0.008787312272003304
0.7450000000000006,-0.01338334267905707,-0.012546288037925062,-0.01268557353520514,-0.008761831460875552
0.7460000000000006,-0.013264133452076806,-0.012546301369347753,-0.012659072236739467,-0.008736177948234263
0.7470000000000006,-0.01314479155874526,-0.012546314385232994,-0.012632576060375987,-0.008710350563558896
0.7480000000000006,-0.013025338504945357,-0.012546327089315237,-0.01260608379714503,-0.008684348128395466
0.7490000000000006,-0.012905795832808951,-0.012546339485121604,-0.012579594238255477,-0.008658169456302767
0.7500000000000006,-0.012786185114918795,-0.012546351575967134,-0.012553106175039607,-0.008631813352798248
0.7510000000000006,-0.01266652794860619,-0.012546363364948562,-0.012526618398897937,-0.00860527861530349
0.7520000000000006,-0.012546845950356572,-0.012546374854937299,-0.012500129701244086,-0.008578564033089358
0.7530000000000006,-0.012427160750336797,-0.012546386048570947,-0.012473638873449626,-0.008551668387220747
0.7540000000000006,-0.012307493805381067,-0.01254639695062843,-0.012447144706788933,-0.00852459045050096
0.7550000000000006,-0.012187866205767815,-0.01254640757047966,-0.012420645992384042,-0.008497328987415724
0.7560000000000006,-0.01206829886433539,-0.012546417919518257,-0.012394141521149479,-0.008469882754076806
0.7570000000000006,-0.011948812702005283,-0.012546428008658588,-0.012367630083737096,-0.008442250498165264
0.7580000000000006,-0.011829428642692808,-0.012546437848347927,-0.012341110470480896,-0.0084144309588743
0.7590000000000006,-0.011710167608108226,-0.012546447448578886,-0.01231458147134183,-0.00838642286685174
0.7600000000000006,-0.011591050512449177,-0.01254645681890211,-0.012288041875852591,-0.008358224944142106
0.7610000000000006,-0.011472098256983625,-0.012546465968439365,-0.012261490473062379,-0.008329835904128308
0.7620000000000006,-0.011353331724524697,-0.012546474905896915,-0.012234926051481652,-0.008301254451472947
0.7630000000000006,-0.011234771773798082,-0.012546483639578818,-0.012208347399026844,-0.008272479282059202
0.7640000000000006,-0.011116439233703425,-0.012546492177400653,-0.012181753302965063,-0.008243509082931325
0.7650000000000006,-0.010998354897472048,-0.012546500526902763,-0.012155142549858753,-0.008214342532234742
0.7660000000000006,-0.01088053951672293,-0.012546508695264249,-0.01212851392551033,-0.008184978299155729
0.7670000000000006,-0.010763013795420115,-0.012546516689316074,-0.01210186621490678,-0.008155415043860696
0.7680000000000006,-0.010645798383734495,-0.012546524515554741,-0.012075198202164216,-0.00812565141743505
0.7690000000000006,-0.010528913871813187,-0.012546532180155286,-0.012048508670472411,-0.00809568606182165
0.7700000000000006,-0.010412380783461588,-0.012546539688984334,-0.012021796402039263,-0.00806551760975884
0.7710000000000006,-0.010296219569741053,-0.012546547047613137,-0.011995060178035238,-0.008035144684718061
0.7720000000000006,-0.01018045060248805,-0.012546554261329898,-0.011968298778537757,-0.008004565900841048
0.7730000000000006,-0.010065094167758588,-0.012546561335152301,-0.011941510982475532,-0.007973779862876586
0.7740000000000006,-0.00995017045920422,-0.012546568273839175,-0.011914695567572846,-0.007942785166116857
0.7750000000000006,-0.00983569957138451,-0.012546575081902593,-0.01188785131029379,-0.007911580396333348
0.7760000000000006,-0.009721701493021827,-0.012546581763618942,-0.011860976985786434,-0.007880164129712307
0.7770000000000006,-0.009608196100204297,-0.012546588323039959,-0.011834071367826937,-0.007848534932789796
0.7780000000000006,-0.009495203149543087,-0.012546594764003657,-0.011807133228763596,-0.007816691362386271
0.7790000000000006,-0.009382742271290136,-0.012546601090144266,-0.011780161339460837,-0.0077846319655407396
0.7800000000000006,-0.009270832962422764,-0.0125466073049024,-0.011753154469243122,-0.007752355279444463
0.7810000000000006,-0.009159494579701149,-0.01254661341153462,-0.011726111385838804,-0.007719859831374212
0.7820000000000006,-0.00904874633270524,-0.01254661941312267,-0.011699030855323898,-0.007687144138625064
0.7830000000000006,-0.008938607276857363,-0.01254662531258214,-0.011671911642065777,-0.007654206708442759
0.7840000000000006,-0.008829096306436957,-0.01254663111267125,-0.011644752508666797,-0.0076210460379555825
0.7850000000000006,-0.008720232147593097,-0.012546636815998675,-0.011617552215907835,-0.007587660614105793
0.7860000000000006,-0.008612033351361384,-0.012546642425031519,-0.011590309522691742,-0.007554048913580584
0.7870000000000006,-0.008504518286690861,-0.012546647942102689,-0.011563023185986721,-0.0075202094027425805
0.7880000000000006,-0.008397705133486436,-0.01254665336941799,-0.011535691960769605,-0.007486140537559857
0.7890000000000006,-0.008291611875672783,-0.012546658709062804,-0.011508314599969049,-0.007451840763535493
0.7900000000000006,-0.008186256294284584,-0.012546663963008563,-0.011480889854408635,-0.00741730851563664
0.7910000000000006,-0.00808165596058778,-0.012546669133118832,-0.011453416472749863,-0.00738254221822311
0.7920000000000006,-0.007977828229237531,-0.012546674221155242,-0.011425893201435063,-0.007347540284975488
0.7930000000000006,-0.007874790231476227,-0.012546679228782658,-0.011398318784630199,-0.007312301118822748
0.7940000000000006,-0.007772558868375913,-0.012546684157574855,-0.01137069196416756,-0.007276823111869379
0.7950000000000006,-0.007671150804129328,-0.012546689009019028,-0.011343011479488362,-0.0072411046453220275
0.7960000000000006,-0.007570582459392194,-0.012546693784520665,-0.011315276067585221,-0.007205144089415627
0.7970000000000006,-0.007470870004680262,-0.012546698485407968,-0.01128748446294453,-0.007168939803339038
0.7980000000000006,-0.007372029353823784,-0.012546703112935898,-0.011259635397488716,-0.007132490135160181
0.7990000000000006,-0.007274076157481322,-0.012546707668290073,-0.01123172760051838,-0.007095793421750664
0.8000000000000006,-0.007177025796715413,-0.012546712152590692,-0.011203759798654317,-0.007058847988709898
0.8010000000000006,-0.0070808933766313194,-0.012546716566895552,-0.011175730715779411,-0.007021652150288686
0.8020000000000006,-0.006985693720080075,-0.012546720912203732,-0.011147639072980414,-0.006984204209312321
0.8030000000000006,-0.006891441361427211,-0.012546725189458409,-0.01111948358848959,-0.006946502457103142
0.8040000000000006,-0.006798150540386859,-0.012546729399549709,-0.011091262977626224,-0.006908545173402563
0.8050000000000006,-0.006705835195922776,-0.01254673354331738,-0.011062975952738014,-0.006870330626292588
0.8060000000000006,-0.00661450896021491,-0.01254673762155326,-0.011034621223142312,-0.006831857072116786
0.8070000000000006,-0.006524185152692139,-0.012546741635003581,-0.011006197495067234,-0.006793122755400734
0.8080000000000006,-0.006434876774130106,-0.012546745584371286,-0.01097770347159263,-0.006754125908771911
0.8090000000000006,-0.006346596500813336,-0.012546749470317491,-0.010949137852590902,-0.0067148647528790595
0.8100000000000006,-0.00625935667876093,-0.012546753293464026,-0.010920499334667686,-0.006675337496310998
0.8110000000000006,-0.006173169318013642,-0.012546757054394498,-0.010891786611102384,-0.006635542335514887
0.8120000000000006,-0.00608804608698183,-0.012546760753656239,-0.010862998371788536,-0.006595477454713926
0.8130000000000006,-0.006003998306851864,-0.012546764391761594,-0.010834133303174039,-0.006555141025824507
0.8140000000000006,-0.005921036946049089,-0.012546767969189177,-0.01080519008820122,-0.006514531208372809
0.8150000000000006,-0.005839172614756119,-0.01254677148638516,-0.010776167406246739,-0.006473646149410815
0.8160000000000006,-0.005758415559482977,-0.012546774943764372,-0.010747063933061327,-0.0064324839834317615
0.8170000000000006,-0.0056787756576879705,-0.012546778341711178,-0.010717878340709369,-0.0063910428322850295
0.8180000000000006,-0.005600262412446415,-0.012546781680580458,-0.010688609297508306,-0.006349320805090439
0.8190000000000006,-0.005522884947164398,-0.012546784960698448,-0.010659255467967881,-0.006307315998151974
0.8200000000000006,-0.005446652000336124,-0.012546788182363437,-0.010629815512729198,-0.006265026494870926
0.8210000000000006,-0.005371571920340875,-0.012546791345846532,-0.010600288088503612,-0.006222450365658437
0.8220000000000006,-0.005297652660277924,-0.012546794451392123,-0.01057067184801143,-0.006179585667847453
0.8230000000000006,-0.005224901772836657,-0.012546797499218644,-0.010540965439920452,-0.006136430445604097
0.8240000000000006,-0.005153326405198435,-0.012546800489518986,-0.010511167508784296,-0.006092982729838414
0.8250000000000006,-0.005082933293968926,-0.012546803422461113,-0.010481276694980566,-0.006049240538114535
0.8260000000000006,-0.005013728760136513,-0.012546806298188495,-0.0104512916346488,-0.006005201874560213
0.8270000000000006,-0.004945718704055396,-0.01254680911682059,-0.010421210959628256,-0.005960864729775766
0.8280000000000006,-0.004878908600450263,-0.012546811878453513,-0.01039103329739547,-0.005916227080742381
0.8290000000000006,-0.0048133034934397115,-0.012546814583160298,-0.010360757271001645,-0.00587128689072982
0.8300000000000006,-0.004748907991575761,-0.012546817230991686,-0.01033038149900981,-0.005826042109203474
0.8310000000000006,-0.004685726262897169,-0.012546819821976736,-0.010299904595431796,-0.00578049067173081
0.8320000000000006,-0.004623762029993601,-0.012546822356123304,-0.010269325169664995,-0.005734630499887174
0.8330000000000006,-0.004563018565078045,-0.01254682483341902,-0.010238641826428908,-0.005688459501160957
0.8340000000000006,-0.004503498685064927,-0.01254682725383196,-0.010207853165701481,-0.005641975568858116
0.8350000000000006,-0.0044452047466516376,-0.012546829617311774,-0.010176957782655224,-0.00559517658200604
0.8360000000000006,-0.00438813864140046,-0.01254683192379061,-0.010145954267593113,-0.0055480604052567965
0.8370000000000006,-0.0043323017908183945,-0.012546834173184501,-0.010114841205884267,-0.005500624888789679
0.8380000000000006,-0.004277695141432852,-0.012546836365394616,-0.010083617177899407,-0.005452867868213127
0.8390000000000006,-0.004224319159860027,-0.012546838500309031,-0.010052280758946066,-0.005404787164465961
0.8400000000000006,-0.004172173827863978,-0.012546840577804363,-0.0100208305192036,-0.00535638058371796
0.8410000000000006,-0.004121258637403267,-0.012546842597747772,-0.00998926502365794,-0.005307645917269765
0.8420000000000006,-0.004071572585663669,-0.012546844559999298,-0.009957582832036117,-0.005258580941452094
0.8430000000000006,-0.004023114170073187,-0.012546846464414353,-0.00992578249874054,-0.005209183417524281
0.8440000000000006,-0.003975881383297865,-0.012546848310846416,-0.009893862572783041,-0.005159451091572128
0.8450000000000006,-0.003929871708215718,-0.012546850099150332,-0.009861821597718673,-0.005109381694405067
0.8460000000000006,-0.003885082112865884,-0.012546851829185489,-0.009829658111579246,-0.005058972941452614
0.8470000000000006,-0.0038415090453712032,-0.012546853500819667,-0.009797370646806625,-0.005008222532660131
0.8480000000000006,-0.0037991484288313606,-0.012546855113933232,-0.009764957730185772,-0.004957128152383885
0.8490000000000006,-0.003757995656184569,-0.012546856668423423,-0.009732417882777518,-0.004905687469285379
0.8500000000000006,-0.003718045585035231,-0.012546858164209501,-0.009699749619851086,-0.004853898136224987
0.8510000000000006,-0.00367929253244562,-0.01254685960123773,-0.00966695145081635,-0.004801757790154852
0.8520000000000006,-0.003641730269689344,-0.0125468609794873,-0.00963402187915581,-0.004749264052011069
0.8530000000000006,-0.003605352016964481,-0.012546862298976318,-0.009600959402356321,-0.004696414526605126
0.8540000000000006,-0.0035701504380646074,-0.012546863559768619,-0.009567762511840532,-0.004643206802514628
0.8550000000000006,-0.0035361176350060964,-0.012546864761980402,-0.009534429692898052,-0.004589638451973259
0.8560000000000006,-0.003503245142609795,-0.01254686590578815,-0.009500959424616335,-0.004535707030760009
0.8570000000000007,-0.003471523923036064,-0.012546866991436255,-0.009467350179811285,-0.00448141007808765
0.8580000000000007,-0.003440944360271603,-0.012546868019245672,-0.009433600424957578,-0.004426745116490458
0.8590000000000007,-0.0034114962545678186,-0.012546868989622524,-0.009399708620118684,-0.004371709651711166
0.8600000000000007,-0.0033831688168293184,-0.012546869903067689,-0.0093656732188766,-0.004316301172587155
0.8610000000000007,-0.0033559506629527768,-0.012546870760186395,-0.009331492668261306,-0.004260517150935886
0.8620000000000007,-0.0033298298081161416,-0.012546871561698439,-0.009297165408679885,-0.0042043550414395305
0.8630000000000007,-0.003304793661018035,-0.012546872308448866,-0.009262689873845372,-0.004147812281528832
0.8640000000000007,-0.003280829018068786,-0.01254687300141893,-0.009228064490705293,-0.0040908862912661945
0.8650000000000007,-0.0032579220575335898,-0.012546873641737228,-0.009193287679369878,-0.0040335744732279515
0.8660000000000007,-0.003236058333629774,-0.01254687423069186,-0.009158357853039981,-0.0039758742123858605
0.8670000000000007,-0.003215222770579565,-0.012546874769741938,-0.009123273417934678,-0.003917782875987777
0.8680000000000007,-0.0031953996566215126,-0.01254687526053013,-0.009088032773218537,-0.003859297813437526
0.8690000000000007,-0.0031765726379821843,-0.012546875704894893,-0.009052634310928587,-0.0038004163561739697
0.8700000000000007,-0.003158724712812466,-0.012546876104883354,-0.009017076415900941,-0.0037411358175492354
0.8710000000000007,-0.003141838225091501,-0.012546876462763763,-0.008981357465697106,-0.003681453492706141
0.8720000000000007,-0.0031258948585018314,-0.012546876781038423,-0.008945475830529947,-0.003621366658454762
0.8730000000000007,-0.003110875630280948,-0.012546877062456411,-0.008909429873189325,-0.0035608725731481926
0.8740000000000007,-0.003096760885053414,-0.01254687731002628,-0.008873217948967399,-0.0034999684765574376
0.8750000000000007,-0.0030835302886483597,-0.012546877527028601,-0.008836838405583577,-0.003438651589745479
0.8760000000000007,-0.0030711628219080786,-0.012546877717028152,-0.008800289583109126,-0.003376919114940471
0.8770000000000007,-0.0030596367744928753,-0.012546877883886086,-0.008763569813891434,-0.0033147682354080854
0.8780000000000007,-0.0030489297386876893,-0.0125468780317714,-0.008726677422477914,-0.0032521961153229887
0.8790000000000007,-0.0030390186032164686,-0.012546878165172148,-0.008689610725539563,-0.003189199899639451
0.8800000000000007,-0.0030298795470701874,-0.012546878288905817,-0.00865236803179415,-0.0031257767139610737
0.8810000000000007,-0.0030214880333538337,-0.012546878408129573,-0.008614947641929048,-0.0030619236644096387
0.8820000000000007,-0.003013818803158494,-0.012546878528349036,-0.008577347848523698,-0.002997637837493061
0.8830000000000007,-0.0030068458694644147,-0.012546878655426816,-0.008539566935971701,-0.002932916299972459
0.8840000000000007,-0.0030005425110797585,-0.012546878795589756,-0.00850160318040254,-0.0028677560987283093
0.8850000000000007,-0.0029948812666211015,-0.012546878955435239,-0.008463454849602916,-0.0028021542606257053
0.8860000000000007,-0.002989833928540311,-0.012546879141936418,-0.008425120202937727,-0.0027361077923786998
0.8870000000000007,-0.002985371537202252,-0.012546879362445917,-0.008386597491270626,-0.002669613680413724
0.8880000000000007,-0.0029814643750184695,-0.012546879624698581,-0.008347884956884228,-0.0026026688907320886
0.8890000000000007,-0.0029780819606396404,-0.012546879936812314,-0.008308980833399898,-0.002535270368771543
0.8900000000000007,-0.002975193043211574,-0.012546880307287676,-0.00826988334569716,-0.0024674150392669037
0.8910000000000007,-0.0029727655966967333,-0.012546880745005849,-0.008230590709832697,-0.0023990998061097337
0.8920000000000007,-0.002970766814265169,-0.01254688125922431,-0.008191101132958959,-0.0023303215522070785
0.8930000000000007,-0.0029691631027557444,-0.012546881859571094,-0.008151412813242356,-0.002261077139339235
0.8940000000000007,-0.0029679200772110255,-0.012546882556036988,-0.00811152393978104,-0.0021913634080165598
0.8950000000000007,-0.0029670025554857458,-0.012546883358965356,-0.008071432692522282,-0.0021211771773353098
0.8960000000000007,-0.0029663745529313534,-0.012546884279039891,-0.00803113724217943,-0.002050515244832505
0.8970000000000007,-0.0029659992771559275,-0.012546885327270033,-0.007990635750148429,-0.001979374386339801
0.8980000000000007,-0.002965839122861114,-0.012546886514973507,-0.007949926368423945,-0.0019077513558363865
0.8990000000000007,-0.002965855666755479,-0.012546887853757021,-0.007909007239515032,-0.001835642885300858
0.9000000000000007,-0.0029660096625442034,-0.012546889355493246,-0.007867876496360381,-0.0017630456845621192
0.9010000000000007,-0.002966261035995641,-0.012546891032295757,-0.007826532262243138,-0.0016899564411492563
0.9020000000000007,-0.0029665688800834308,-0.012546892896490032,-0.007784972650705258,-0.001616371820140388
0.9030000000000007,-0.002966891450205205,-0.012546894960582327,-0.007743195765461442,-0.0015422884640105038
0.9040000000000007,-0.0029672891540517823,-0.012546899171748097,-0.007701417884468878,-0.0015325222276582262
0.9050000000000007,-0.002967677203823676,-0.012546882118758922,-0.007659855285639319,-0.001522689798601519
0.9060000000000007,-0.002968055824435737,-0.012546801556268944,-0.007618506072551161,-0.0015127907282055176
0.9070000000000007,-0.0029684252357249077,-0.012546616111223676,-0.007577368358519182,-0.0015028245647946423
0.9080000000000007,-0.0029687856525702997,-0.012546285277164518,-0.007536440266508457,-0.001492790853631987
0.9090000000000007,-0.0029691372850099785,-0.012545769408398898,-0.007495719929048708,-0.0014826891368985694
0.9100000000000007,-0.0029694803383552627,-0.012545029714050476,-0.007455205488149102,-0.0014725189536724474
0.9110000000000007,-0.0029698150133020858,-0.012544028252003292,-0.00741489509521347,-0.001462279839907682
0.9120000000000007,-0.00297014150603948,-0.01254272792275131,-0.007374786910955959,-0.0014519713284131654
0.9130000000000007,-0.0029704600083558,-0.012541092463166438,-0.007334879105317109,-0.0014415929488313071
0.9140000000000007,-0.002970770707741763,-0.012539086440195,-0.007295169857380355,-0.0014311442276165685
0.9150000000000007,-0.0029710737874914664,-0.012536675244493497,-0.007255657355288935,-0.0014206246880138565
0.9160000000000007,-0.00297136942680061,-0.012533825084013392,-0.007216339796163225,-0.0014100338500367708
0.9170000000000007,-0.0029716578008624687,-0.012530502977542674,-0.007177215386018473,-0.001399371230445705
0.9180000000000007,-0.0029719390809615403,-0.012526676748213561,-0.007138282339682944,-0.0013886363427257943
0.9190000000000007,-0.002972213434564645,-0.012522315016982762,-0.007099538880716468,-0.0013778286970647178
0.9200000000000007,-0.0029724810254101106,-0.012517387196091651,-0.0070609832413293825,-0.00136694780033035
0.9210000000000007,-0.00297274201359463,-0.012511863482512186,-0.007022613662301869,-0.0013559931560482583
0.9220000000000007,-0.0029729965556580568,-0.012505714851384188,-0.006984428392903689,-0.0013449642643790522
0.9230000000000007,-0.002973244804665915,-0.012498913049448675,-0.006946425690814297,-0.0013338606220955757
0.9240000000000007,-0.00297348691029018,-0.012491430588482195,-0.006908603822043345,-0.001322681722559946
0.9250000000000007,-0.002973723018887808,-0.012483240738735291,-0.006870961060851561,-0.0013114270557004325
0.9260000000000007,-0.0029739532735774056,-0.012474317522379012,-0.006833495689672007,-0.0013000961079881919
0.9270000000000007,-0.0029741778143140014,-0.01246463570696204,-0.006796205999031713,-0.0012886883624138304
0.9280000000000007,-0.002974396777961832,-0.012454170798880955,-0.006759090287473675,-0.0012772032984638146
0.9290000000000007,-0.002974610298365356,-0.012442899036865952,-0.006722146861479218,-0.0012656403920967233
0.9300000000000007,-0.0029748185064182964,-0.012430797385483153,-0.006685374035390727,-0.001253999115719333
0.9310000000000007,-0.002975021530131125,-0.012417843528654967,-0.006648770131334736,-0.0012422789381625488
0.9320000000000007,-0.0029752194946964117,-0.01240401586320021,-0.006612333479145364,-0.001230479324657167
0.9330000000000007,-0.002975412522552694,-0.012389293492393214,-0.006576062416288113,-0.0012185997368094718
0.9340000000000007,-0.0029756007334465076,-0.012373656219543703,-0.006539955287784009,-0.0012066396325766731
0.9350000000000007,-0.002975784244492725,-0.012357084541597176,-0.006504010446134088,-0.0011945984662421732
0.9360000000000007,-0.0029759631702331335,-0.012339559642755259,-0.00646822625124422,-0.0011824756883906653
0.9370000000000007,-0.0029761376226935493,-0.01232106338811663,-0.0064326010703502825,-0.0011702707458830647
0.9380000000000007,-0.0029763077114390458,-0.012301578317337653,-0.006397133277943655,-0.0011579830818312748
0.9390000000000007,-0.0029764735436276397,-0.012281087638312585,-0.006361821255697052,-0.0011456121355727707
0.9400000000000007,-0.00297663522406272,-0.01225957522087233,-0.0063266633923906804,-0.0011331573426450218
0.9410000000000007,-0.0029767928552434098,-0.01223702559050161,-0.0062916580838387245,-0.0011206181347597332
0.9420000000000007,-0.0029769465374138364,-0.01221342392207336,-0.006256803732816147,-0.0011079939397769176
0.9430000000000007,-0.002977096368610676,-0.012188756033600107,-0.006222098748985817,-0.0010952841816787911
0.9440000000000007,-0.002977242444709498,-0.012163008380001178,-0.006187541548825937,-0.0010824882805434881
0.9450000000000007,-0.0029773848594693833,-0.012136168046885084,-0.006153130555557802,-0.0010696056525186046
0.9460000000000007,-0.0029775237045763774,-0.01210822274434649,-0.006118864199073838,-0.0010566357097945506
0.9470000000000007,-0.0029776590696858002,-0.012079160800777108,-0.006084740915865974,-0.0010435778605777336
0.9480000000000007,-0.00297779104246269,-0.012048971156689528,-0.0060507591489543005,-0.0010304315090635622
0.9490000000000007,-0.0029779197086217883,-0.012017643358553813,-0.00601691734781602,-0.001017196055409249
0.9500000000000007,-0.0029780451519656674,-0.011985167552646158,-0.005983213968314708,-0.0010038708957064522
0.9510000000000007,-0.0029781674544219813,-0.01195153447890929,-0.005949647472629853,-0.0009904554219537101
0.9520000000000007,-0.0029782866960796454,-0.011916735464823764,-0.005916216329186689,-0.0009769490220287108
0.9530000000000007,-0.002978402955223938,-0.011880762419290944,-0.005882919012586312,-0.0009633510796603463
0.9540000000000007,-0.0029785163083704746,-0.011843607826526248,-0.005849754003536081,-0.0009496609744006129
0.9550000000000007,-0.0029786268302983234,-0.011805264739963616,-0.0058167197887802925,-0.000935878081596282
0.9560000000000007,-0.002978734594082175,-0.011765726776170436,-0.00578381486103114,-0.0009220017723604139
0.9570000000000007,-0.0029788396711236927,-0.011724988108773652,-0.0057510377188999305,-0.0009080314135436534
0.9580000000000007,-0.0029789421311818675,-0.011683043462396672,-0.005718386866828587,-0.000893966367705344
0.9590000000000007,-0.0029790420424028116,-0.01163988810660804,-0.005685860815021403,-0.0008798059930844428
0.9600000000000007,-0.0029791394713486537,-0.011595517849881476,-0.005653458079377068,-0.0008655496435702372
0.9610000000000007,-0.0029792344830259065,-0.011549929033568261,-0.005621177181420955,-0.0008511966686728647
0.9620000000000007,-0.0029793271409128044,-0.011503118525882388,-0.005589016648237652,-0.000836746413493631
0.9630000000000007,-0.002979417506986587,-0.01145508371589906,-0.005556975012403766,-0.0008221982186951311
0.9640000000000007,-0.0029795056417497787,-0.0114058225075669,-0.005525050811920955,-0.0008075514204711606
0.9650000000000007,-0.002979591604256109,-0.011355333313735083,-0.005493242590149234,-0.0007928053505164342
0.9660000000000007,-0.002979675452135826,-0.011303615050195864,-0.005461548895740498,-0.0007779593359960816
0.9670000000000007,-0.0029797572416207026,-0.011250667129743375,-0.00542996828257231,-0.0007630126995149603
0.9680000000000007,-0.0029798370275685594,-0.011196489456249509,-0.00539849930968191,-0.0007479647590867382
0.9690000000000007,-0.002979914863487147,-0.011141082418757671,-0.00536714054120047,-0.0007328148281027765
0.9700000000000008,-0.0029799908015580986,-0.011084446885595772,-0.0053358905462875805,-0.0007175622153008073
0.9710000000000008,-0.0029800648926602133,-0.011026584198508688,-0.005304747899065957,-0.0007022062247333859
0.9720000000000008,-0.002980137186392459,-0.010967496166811717,-0.005273711178556387,-0.0006867461557361378
0.9730000000000008,-0.002980207731096558,-0.010907185061565378,-0.00524277896861289,-0.0006711813028957916
0.9740000000000008,-0.002980276573879972,-0.010845653609773274,-0.005211949857858099,-0.0006555109560179894
0.9750000000000008,-0.002980343760637494,-0.010782904988603076,-0.00518122243961887,-0.000639734400094882
0.9760000000000008,-0.0029804093360736735,-0.010718942819632114,-0.005150595311862091,-0.0006238509152725075
0.9770000000000008,-0.002980473343724279,-0.010653771163118088,-0.005120067077130712,-0.0006078597768179421
0.9780000000000008,-0.0029805358259779972,-0.010587394512295808,-0.005089636342479981,-0.0005917602550862319
0.9790000000000008,-0.002980596824097807,-0.010519817787700966,-0.005059301719413889,-0.0005755516154871054
0.9800000000000008,-0.002980656378241924,-0.01045104633152119,-0.005029061823821814,-0.0005592331184514502
0.9810000000000008,-0.002980714527484978,-0.010381085901975546,-0.004998915275915367,-0.0005428040193975713
0.9820000000000008,-0.0029807713098388587,-0.010309942667722387,-0.004968860700165435,-0.0005262635686972134
0.9830000000000008,-0.002980826762273031,-0.010237623202297286,-0.004938896725239415,-0.0005096110116413624
0.9840000000000008,-0.0029808809207355095,-0.010164134478579414,-0.00490902198393865,-0.0004928455884058054
0.9850000000000008,-0.002980933820172834,-0.010089483863289428,-0.004879235113136039,-0.0004759665340164608
0.9860000000000008,-0.0029809854945505036,-0.01001367911151617,-0.004849534753713843,-0.0004589730783144761
0.9870000000000008,-0.002981035976872758,-0.009936728361274714,-0.004819919550501674,-0.00044186444592108926
0.9880000000000008,-0.0029810852992028236,-0.009858640128094252,-0.004790388152214656,-0.000424639856202242
0.9890000000000008,-0.002981133492682463,-0.00977942329963638,-0.004760939211391772,-0.00040729852323297035
0.9900000000000008,-0.0029811805875515855,-0.009699087130343243,-0.004731571384334381,-0.0003898396557615383
0.9910000000000008,-0.0029812266131679335,-0.009617641236115117,-0.004702283331044905,-0.0003722624571733347
0.9920000000000008,-0.002981271598026125,-0.009535095589017318,-0.004673073715165692,-0.00035456612545452845
0.9930000000000008,-0.002981315569777095,-0.009451460512015139,-0.00464394120391804,-0.0003367498531554724
0.9940000000000008,-0.0029813585552470215,-0.009366746673736156,-0.00461488446804138,-0.0003188128273538598
0.9950000000000008,-0.0029814005804561605,-0.009280965083259481,-0.004585902181732629,-0.0003007542296176351
0.9960000000000008,-0.00298144167063765,-0.009194127084929801,-0.004556993022585697,-0.00028257323596764597
0.9970000000000008,-0.0029814818502559956,-0.00910624435319573,-0.004528155671531142,-0.00026426901684005206
0.9980000000000008,-0.0029815211430256417,-0.009017328887470453,-0.0044993888127759915,-0.00024584073704847064
0.9990000000000008,-0.002981559571928869,-0.008927393007013422,-0.004470691133743698,-0.00022728755574586736
1.0000000000000007,-0.002981597159234096,-0.008836449345831002,-0.004442061325014253,-0.0002086086263861928
1.0010000000000006,-0.0029816339265137013,-0.008744510847594016,-0.004413498080264441,-0.00018980309668575543
1.0020000000000004,-0.0029816698946615668,-0.008651590760570578,-0.0043850000962082315,-0.00017087010858433255
1.0030000000000003,-0.002981705083910707,-0.00855770263257119,-0.004356566072537315,-0.00015180879820602018
1.0040000000000002,-0.002981739513850447,-0.008462860305904504,-0.004328194711861771,-0.0001326182958198141
1.0050000000000001,-0.002981773203443546,-0.00836707791234029,-0.004299884719650873,-0.00011329772579992715
1.006,-0.0029818061710429004,-0.008270369868077701,-0.004271634804174017,-9.384620658583684e-05
1.007,-0.002981838434408449,-0.008172750868715504,-0.004243443676441787,-7.426285064205795e-05
1.0079999999999998,-0.0029818700107233902,-0.008074235884221747,-0.004215310050147138,-5.454676441765064e-05
1.0089999999999997,-0.002981900916610453,-0.00797484015389945,-0.004187232641606705,-3.4697048305444914e-05
1.0099999999999996,-0.0029819311681477537,-0.007874579181345534,-0.004159210169702233,-1.4712796600997897e-05
1.0109999999999995,-0.0029819607808846313,-0.007773468729399897,-0.004131241355822118,5.4069025387367894e-06
1.0119999999999993,-0.002981989769856955,-0.00767152481508108,-0.00410332492380307,2.5662967137009447e-05
1.0129999999999992,-0.002982018149602463,-0.007568763704505651,-0.004075459599871882,4.6056321439165264e-05
1.0139999999999991,-0.0029820459341755715,-0.007465201907788109,-0.004047644112587311,6.658789595481805e-05
1.014999999999999,-0.0029820731371621506,-0.007360856173918022,-0.004019877192782066,8.72586275002989e-05
1.015999999999999,-0.002982099771693849,-0.007255743485611128,-0.003992157573504896,0.00010806945924141022
1.0169999999999988,-0.002982125850462298,-0.0071498810541318104,-0.0039644839899627814,0.00012902134073645814
1.0179999999999987,-0.002982151385732744,-0.007043286314083418,-0.003936855179463225,0.00015011522797957807
1.0189999999999986,-0.002982176389357802,-0.00693597691816408,-0.0039092698813566395,0.0001713520834443526
1.0199999999999985,-0.0029822008727904904,-0.006827970731884988,-0.0038817268369788216,0.00019273287612773388
1.0209999999999984,-0.002982224847097188,-0.006719285828249006,-0.0038542247895935267,0.00021425858159425035
1.0219999999999982,-0.002982248322970368,-0.006609940482386959,-0.0038267624843351233,0.00023593018202052417
1.0229999999999981,-0.0029822713107406115,-0.0064999531661495856,-0.003799338668151338,0.00025774866624008125
1.023999999999998,-0.0029822938203887366,-0.00638934254265383,-0.003771952089746078,0.0002797150297884762
1.024999999999998,-0.0029823158615573213,-0.006278127460781139,-0.003744601499522341,0.00030183027494871343
1.0259999999999978,-0.0029823374435617228,-0.006166326949627427,-0.0037172856495251956,0.00032409541079697797
1.0269999999999977,-0.0029823585754013065,-0.0060539602129030725,-0.003690003293384839,0.0003465114532486798
1.0279999999999976,-0.002982379265769611,-0.005941046623282962,-0.0036627531862597307,0.00036907942510480815
1.0289999999999975,-0.0029823995230644842,-0.005827605716706513,-0.0036355340847797893,0.00039180035609859797
1.0299999999999974,-0.0029824193553978744,-0.005713657186627109,-0.0036083447469896627,0.00041467528294251944
1.0309999999999973,-0.0029824387706049787,-0.005599220878213045,-0.0035811839322920586,0.0004377052493755723
1.0319999999999971,-0.0029824577762530796,-0.005484316782499875,-0.0035540504013911378,0.00046089130621092007
1.032999999999997,-0.0029824763796498506,-0.005368965030496297,-0.003526942916235969,0.00048423451138382857
1.033999999999997,-0.002982494587851429,-0.005253185887246034,-0.003499860239964038,0.000507735929999943
1.0349999999999968,-0.0029825124076695757,-0.0051369997458474235,-0.003472801136844813,0.0005313966343838826
1.0359999999999967,-0.002982529845678804,-0.005020427121434604,-0.0034457643722233594,0.0005552177041281709
1.0369999999999966,-0.0029825469082224833,-0.004903488645123404,-0.003418748712464005,0.000579200226142496
1.0379999999999965,-0.002982563601418865,-0.004786205057926469,-0.003391752924894053,0.0006033452947033003
1.0389999999999964,-0.0029825799311663202,-0.0046685972046417185,-0.0033647757777475356,0.000627654011503716
1.0399999999999963,-0.002982595903147542,-0.0045506860277198065,-0.003337816040109012,0.0006521274857038302
1.0409999999999962,-0.002982611522834068,-0.004432492561116183,-0.0033108724818574037,0.0006767668339812912
1.041999999999996,-0.0029826267954891515,-0.004314037924133972,-0.003283943873609867,0.0007015731805822666
1.042999999999996,-0.0029826417261704713,-0.004195343315264426,-0.003257028986665697,0.0007265476573727349
1.0439999999999958,-0.002982656319732043,-0.0040764300060323905,-0.003230126592950267,0.0007516914038901328
1.0449999999999957,-0.002982670580825118,-0.003957319334855018,-0.0032032354649589915,0.0007770055673953489
1.0459999999999956,-0.002982684513898587,-0.0038380327009214883,-0.003176354375701319,0.0008024913029250737
1.0469999999999955,-0.0029826981231981685,-0.0037185915581034006,-0.003149482098644746,0.0008281497733444976
1.0479999999999954,-0.00298271141276506,-0.0035990174089051176,-0.0031226174076588514,0.0008539821494003745
1.0489999999999953,-0.0029827243864332083,-0.003479331798464307,-0.0030957590769593543,0.0008799896097744374
1.0499999999999952,-0.0029827370478260774,-0.0033595563086134318,-0.0030689058810521794,0.0009061733411371816
1.050999999999995,-0.0029827494003520885,-0.003239712552012878,-0.0030420565946775433,0.0009325345382020073
1.051999999999995,-0.002982761447198698,-0.003119822166368658,-0.003015209992754047,0.0009590744037797378
1.0529999999999948,-0.0029827731913259965,-0.0029999068087455576,-0.0029883648503227773,0.0009857941488334927
1.0539999999999947,-0.002982784635458659,-0.0028799881499904966,-0.0029615199424914158,0.0010126949925339515
1.0549999999999946,-0.0029827957845630776,-0.0027600876892173542,-0.002934674044378347,0.0010397781623149743
1.0559999999999945,-0.0029828066483961937,-0.002640226562173448,-0.0029078259310567718,0.0010670448939296105
1.0569999999999944,-0.002982817238821754,-0.002520425728554099,-0.0028809743774988153,0.0010944964315064858
1.0579999999999943,-0.002982827567200013,-0.0024007061557289803,-0.0028541181585196307,0.0011221340276065658
1.0589999999999942,-0.0029828376444013403,-0.0022810888135597414,-0.002827256048721497,0.001149958943280308
1.059999999999994,-0.00298284748081953,-0.0021615946691235345,-0.002800386822437908,0.0011779724481252047
1.060999999999994,-0.0029828570863858475,-0.0020422446813415556,-0.0027735092536776435,0.001206175820343709
1.0619999999999938,-0.002982866470583259,-0.0019230597955114943,-0.002746622116068834,0.001234570346801557
1.0629999999999937,-0.0029828756424605035,-0.001804060937743543,-0.002719724182803001,0.001263157323086489
1.0639999999999936,-0.0029828846106467783,-0.001685269009300437,-0.00269281422657908,0.0012919380535673583
1.0649999999999935,-0.002982893383365829,-0.0015667048808417113,-0.0026658910195474245,0.0013209138514536497
1.0659999999999934,-0.00298290196845077,-0.0014483893865734061,-0.0026389533332537764,0.0013500860388554027
1.0669999999999933,-0.002982910373358059,-0.0013303433183051014,-0.002611999938583219,0.001379455946843531
1.0679999999999932,-0.0029829186051820947,-0.0012125874194151745,-0.00258502960570409,0.001409024915510559
1.068999999999993,-0.002982926670669085,-0.0010951423787284999,-0.0025580411040118716,0.0014387942940317696
1.069999999999993,-0.002982934576231164,-0.000978028824307471,-0.0025310332020730365,0.001468765440726761
1.0709999999999928,-0.002982942327959949,-0.0008612673171607716,-0.0025040046675688615,0.0014989397231214264
1.0719999999999927,-0.0029829499316400094,-0.0007448783448735086,-0.0024769542672391995,0.0015293185180103499
1.0729999999999926,-0.0029829573927621024,-0.0006288823151619168,-0.0024498807668262073,0.0015599032115196313
1.0739999999999925,-0.002982964716536006,-0.0005132995493578084,-0.00242278293101803,0.0015906951991701253
1.0749999999999924,-0.0029829719079030145,-0.00039815027582671347,-0.0023956595233924345,0.0016216958859411232
1.0759999999999923,-0.002982978971548168,-0.00028345462332496406,-0.002368509306360395,0.0016529066863344554
1.0769999999999922,-0.002982985911912162,-0.0001692326143010064,-0.002341331041109624,0.0016843290244390342
1.077999999999992,-0.0029829927332028234,-5.550415814572498e-05,-0.0023141234875480475,0.0017159643339958305
1.078999999999992,-0.0029829994394060836,5.771095560211002e-05,-0.0022868854042472223,0.0017478140584632944
1.0799999999999919,-0.0029830060342969774,0.0001703930640898593,-0.0022596155483856914,0.0017798796510832184
1.0809999999999917,-0.002983012521449833,0.0002825226380186247,-0.002232312675692278,0.00181216257494704
1.0819999999999916,-0.002983018904248214,0.00039408028853866756,-0.0022049755403893093,0.001844664303062609
1.0829999999999915,-0.002983025185894695,0.000505046774166409,-0.0021776028951357757,0.0018773863184213912
1.0839999999999914,-0.0029830313694199197,0.0006154030077176822,-0.0021501934909704174,0.0019103301140661355
1.0849999999999913,-0.0029830374576915518,0.000725130063250562,-0.002122746077254735,0.001943497193159002
1.0859999999999912,-0.0029830434534227944,0.0008342091830126871,-0.002095259401615928,0.0019768890690501427
1.086999999999991,-0.0029830493591801984,0.0009426217843867418,-0.002067732209889747,0.0020105072653467584
1.087999999999991,-0.0029830551773919307,0.0010503494668288279,-0.0020401632460632737,0.002044353315982616
1.0889999999999909,-0.0029830609103546667,0.0011573740187942956,-0.0020125512522176075,0.002078428765288037
1.0899999999999908,-0.0029830665602410835,0.0012636774246454143,-0.0019848949684704723,0.0021127351680603635
1.0909999999999906,-0.0029830721291062303,0.0013692418715362388,-0.001957193132918727,0.0021472740896349017
1.0919999999999905,-0.0029830776188940504,0.0014740497562695247,-0.0019294444815807904,0.0021820471059563456
1.0929999999999904,-0.0029830830314436932,0.001578083692121544,-0.001901647748338966,0.0022170558036506824
1.0939999999999903,-0.0029830883684950735,0.0016813265156298447,-0.0018738016648816725,0.0022523017800975863
1.0949999999999902,-0.0029830936316943054,0.0017837612933407584,-0.0018459049606455737,0.0022877866435033075
1.09599999999999,-0.0029830988225991078,0.0018853713285121789,-0.0018179563627576036,0.0023235120129740487
1.09699999999999,-0.0029831039426836984,0.0019861401677691124,-0.0017899545959768888,0.0023594795185898436
1.0979999999999899,-0.0029831089933433814,0.002086051607708095,-0.0017618983826365613,0.002395690801478932
1.0989999999999898,-0.002983113975898943,0.002185089701448203,-0.0017337864425854613,0.002432147513892643
1.0999999999999897,-0.002983118891601015,0.0022832387651266195,-0.0017056174931297256,0.0024688513192807843
1.1009999999999895,-0.002983123741633752,0.0023804833843358284,-0.0016773902489742622,0.0025058038923675427
1.1019999999999894,-0.0029831285271188,0.002476808420501548,-0.001649103422164103,0.0025430069192278965
1.1029999999999893,-0.002983133249118595,0.0025721990171997527,-0.0016207557220256383,0.0025804620973645487
1.1039999999999892,-0.0029831379086397852,0.0026666406064116232,-0.0015923458551077249,0.0026181711357853806
1.104999999999989,-0.0029831425066361417,0.002760118914715952,-0.001563872525122669,0.0026561357550814327
1.105999999999989,-0.0029831470440116383,0.0028526199694181987,-0.001535334432887079,0.002694357687505408
1.1069999999999889,-0.0029831515216231196,0.0029441301046166254,-0.0015067302762625857,0.0027328386770507167
1.1079999999999888,-0.002983155940282751,0.003034635967204955,-0.001478058750096429,0.002771580479531044
1.1089999999999887,-0.002983160300760536,0.003124124522812861,-0.0014493185461619059,0.002810584862660472
1.1099999999999886,-0.002983164603786237,0.003212583061683972,-0.0014205083530986783,0.002849853606134133
1.1109999999999884,-0.002983168850051923,0.0032999992044933078,-0.0013916268563529393,0.002889388501709415
1.1119999999999883,-0.0029831730402133175,0.0033863609081042708,-0.0013626727381174306,0.0029291913532877136
1.1129999999999882,-0.002983177174892011,0.003471656471267492,-0.0013336446772713158,0.0029692639769967446
1.113999999999988,-0.0029831812546768353,0.003555874540262354,-0.001304541349319899,0.0030096082012734046
1.114999999999988,-0.0029831852801255106,0.0036390041144831,-0.0012753614263341902,0.0030502258669472078
1.115999999999988,-0.002983189251765997,0.0037210345519716466,-0.0012461035768903154,0.003091118827324271
1.1169999999999878,-0.0029831931700977747,0.003801955574898546,-0.0012167664660087658,0.0031322889482718816
1.1179999999999877,-0.002983197035593015,0.003881757274994562,-0.0011873487550934853,0.0031737381083036297
1.1189999999999876,-0.002983200848697682,0.0039604301189350224,-0.0011578491018707931,0.003215468198665127
1.1199999999999875,-0.002983204609832579,0.004037964953679072,-0.001128266160328138,0.003257481123420292
1.1209999999999873,-0.0029832083193942305,0.004114353011766323,-0.0010985985806526832,0.0032997787995382374
1.1219999999999872,-0.00298321197775566,0.004189585916573398,-0.0010688450091697157,0.0033423631569807323
1.1229999999999871,-0.0029832155852672054,0.004263655687532278,-0.0010390040882808814,0.0033852361387902664
1.123999999999987,-0.002983219142257313,0.004336554745313805,-0.001009074456402241,0.0034283997011787014
1.124999999999987,-0.002983222649033174,0.004408275916978294,-0.0009790547479021426,0.003471855813616536
1.1259999999999868,-0.002983226105881325,0.004478812441095769,-0.0009489435930389111,0.0035156064589227662
1.1269999999999867,-0.0029832295130682827,0.004548157972838781,-0.0009187396178983497,0.0035596536333553563
1.1279999999999866,-0.0029832328708411723,0.004616306589049853,-0.0008884414443310495,0.003603999346702326
1.1289999999999865,-0.00298323617942836,0.004683252793286689,-0.0008580476898895097,0.0036486456223734504
1.1299999999999863,-0.0029832394390400087,0.004748991520846977,-0.0008275569677650568,0.003693594497492591
1.1309999999999862,-0.0029832426498686573,0.004813518143776105,-0.0007969678867245674,0.003738848022990637
1.1319999999999861,-0.0029832458120900383,0.004876828475859605,-0.0007662790510469908,0.0037844082636990938
1.132999999999986,-0.0029832489258636097,0.004938918777603494,-0.0007354890604596632,0.0038302772984442875
1.133999999999986,-0.002983251991333415,0.0049997857612044845,-0.0007045965100744161,0.003876457220142228
1.1349999999999858,-0.0029832550086289636,0.005059426595512625,-0.0006735999903234748,0.003922950135894099
1.1359999999999857,-0.002983257977866206,0.005117838910989475,-0.0006424980868951422,0.0039697581670824
1.1369999999999856,-0.0029832608991485357,0.005175020804663305,-0.0006112893806692657,0.004016883449467747
1.1379999999999855,-0.002983263772567935,0.005230970845084564,-0.0005799724476524865,0.004064328133286317
1.1389999999999854,-0.0029832665982063803,0.005285688077283633,-0.0005485458589132644,0.004112094383347958
1.1399999999999852,-0.0029832693761374126,0.005339172027733645,-0.00051700818051668,0.004160184379134972
1.1409999999999851,-0.0029832721064276483,0.00539142270932052,-0.0004853579734590052,0.0042086003149015595
1.141999999999985,-0.0029832747891388573,0.0054424406263226975,-0.00045359379360204586,0.004257344399773931
1.142999999999985,-0.0029832774243298745,0.0054922267794035385,-0.00042171419160724733,0.004306418857851114
1.1439999999999848,-0.0029832800120591033,0.00554078267061758,-0.0003897177128695645,0.004355825928306431
1.1449999999999847,-0.002983282552387053,0.005588110308434816,-0.0003576028974510905,0.00440556786548967
1.1459999999999846,-0.002983285045379305,0.005634212212783735,-0.0003253682800144428,0.004455646939029942
1.1469999999999845,-0.002983287491109596,0.005679091420116897,-0.00029301238975590403,0.004506065433939243
1.1479999999999844,-0.002983289889663344,0.005722751488500277,-0.00026053375033830984,0.004556825650716717
1.1489999999999843,-0.0029832922411415935,0.0057651965027296454,-0.00022793087982368664,0.00460792990545362
1.1499999999999841,-0.0029832945456651685,0.005806431079475959,-0.00019520229060563513,0.004659380529939
1.150999999999984,-0.0029832968033791296,0.005846460372461798,-0.00016234648934145316,0.004711179871766091
1.151999999999984,-0.002983299014457922,0.005885290077671479,-0.00012936197688399683,0.00476333029443943
1.1529999999999838,-0.0029833011791105535,0.005922926438596955,-9.624724821327753e-05,0.004815834177482698
1.1539999999999837,-0.0029833032975865115,0.005959376251520979,-6.30007923677904e-05,0.0048686939165472985
1.1549999999999836,-0.0029833053701819002,0.005994646870840203,-2.9621092375572916e-05,0.004921911923521654
1.1559999999999835,-0.0029833073972460196,0.006028746214429678,3.893374815011986e-06,0.0049754906266412735
1.1569999999999834,-0.0029833093791885026,0.006061682769050112,3.754413840477038e-05,0.005029432470599534
1.1579999999999833,-0.002983311316486881,0.006093465595799715,7.133273381345102e-05,0.005083739916659231
1.1589999999999832,-0.0029833132096943873,0.006124104335611938,0.00010526070274980416,0.005138415442764882
1.159999999999983,-0.002983315059448456,0.006153609214799554,0.00013932959328192727,0.005193461543655795
1.160999999999983,-0.002983316866479609,0.006181991050646316,0.0001735409599078978,0.005248880730979888
1.1619999999999828,-0.0029833186316206672,0.00620926125704642,0.00020789636362670603,0.005304675533408302
1.1629999999999827,-0.002983320355816359,0.006235431850192048,0.00024239737200947687,0.005360848496750772
1.1639999999999826,-0.0029833220401335385,0.006260515454308559,0.0002770455592709975,0.005417402184071787
1.1649999999999825,-0.002983323685771633,0.006284525307436952,0.0003118425063415445,0.005474339175807546
1.1659999999999824,-0.002983325294073394,0.00630747526726252,0.00034678980093901814,0.005531662069883688
1.1669999999999823,-0.0029833268665360453,0.006329379816988655,0.0003818890376413896,0.005589373481833838
1.1679999999999822,-0.0029833284048227677,0.006350254071253526,0.00041714181795945434,0.005647476044918942
1.168999999999982,-0.0029833299107744037,0.006370113782088064,0.0004525497504099103,0.0057059724102474264
1.169999999999982,-0.002983331386421225,0.006388975344912361,0.0004881144505887486,0.005764865246896154
1.1709999999999818,-0.0029833328339950315,0.006406855804567525,0.0005238375412449703,0.005824157242032215
1.1719999999999817,-0.002983334255941492,0.0064237728613797986,0.0005597206523546308,0.005883851101035536
1.1729999999999816,-0.0029833356549320922,0.006439744877253095,0.0005957654211952112,0.005943949547622315
1.1739999999999815,-0.0029833370338763726,0.0064547908817857965,0.0006319734924203247,0.006004455323969314
1.1749999999999814,-0.0029833383959342,0.006468930578407317,0.0006683465181347588,0.006065371190838961
1.1759999999999813,-0.0029833397445275496,0.0064821843505302274,0.0007048861579698576,0.006126699927705333
1.1769999999999812,-0.002983341083352291,0.006494573267711861,0.0007415940791592483,0.0061884443328809715
1.177999999999981,-0.0029833424163896315,0.006506119091821525,0.0007784719566149124,0.006250607223644564
1.178999999999981,-0.002983343747917023,0.006516844283206638,0.00081552147300361,0.006313191436369491
1.1799999999999808,-0.0029833450825189995,0.006526772006853437,0.0008527443188236559,0.006376199826653248
1.1809999999999807,-0.0029833464250967425,0.006535926138535833,0.0008901421924820543,0.0064396352694477375
1.1819999999999806,-0.002983347780877879,0.006544331270947213,0.0009277168003719946,0.006503500659190448
1.1829999999999805,-0.002983349155424474,0.006552012719809938,0.0009654698569507091,0.006567798909936522
1.1839999999999804,-0.0029833505546413685,0.006558996529956536,0.0010034030848177014,0.006632532955491716
1.1849999999999803,-0.002983351984782506,0.006565309481377837,0.0010415182147933443,0.006697705749546273
1.1859999999999802,-0.002983353452456867,0.006570979095233036,0.0010798169859978562,0.006763320265809683
1.18699999999998,-0.0029833549646328186,0.006576033639816561,0.001118301145930651,0.006829379498146373
1.18799999999998,-0.002983356528641712,0.006580502136477979,0.0011569724505500754,0.006895886460712315
1.1889999999999799,-0.002983358152179539,0.006584414365489996,0.0011958326643535285,0.006962844188092546
1.1899999999999797,-0.002983359843307571,0.006587800871861898,0.0012348835604579726,0.00703025573543964
1.1909999999999796,-0.0029833616104511145,0.006590692971094381,0.001274126920680837,0.007098124178613103
1.1919999999999795,-0.002983363462396754,0.00659312275487313,0.00131356453562132,0.007166452614319722
1.1929999999999794,-0.00298336540828782,0.00659512309669911,0.0013531982047420904,0.007235244160254859
1.1939999999999793,-0.002983367457617777,0.006596727657453281,0.0013930297364513912,0.007304501955244709
1.1949999999999792,-0.0029833696202215603,0.00659797089089401,0.001433060948185556,0.007374229159389512
1.195999999999979,-0.002983371906265262,0.0065988880490867345,0.0014732936664919366,0.007444428954207755
1.196999999999979,-0.002983374326232708,0.006599515187764544,0.0015137297271122408,0.00751510454278132
1.1979999999999789,-0.0029833768909104806,0.006599889171619415,0.0015543709750662964,0.007586259149901651
1.1989999999999787,-0.002983379611369791,0.006600047679524454,0.0015952192647362348,0.007657896022216888
1.1999999999999786,-0.002983382498946201,0.006600029209686718,0.0016362764599511046,0.007730018428380004
1.2009999999999785,-0.0029833855652161585,0.006599873084731296,0.0016775444340719136,0.007802629659197954
1.2019999999999784,-0.002983388821970902,0.0065996194567173195,0.0017190250700771044,0.007875733027781818
1.2029999999999783,-0.002983392281186996,0.00659930931208601,0.0017607202606484758,0.007949331869697982
1.2039999999999782,-0.0029833959549939197,0.006598984476541663,0.0018026319082575378,0.008023429543120329
1.204999999999978,-0.002983404097700513,0.006598583709822859,0.0018445436929515708,0.008033195890801533
1.205999999999978,-0.002983390821633054,0.00659819264999805,0.001886239294784109,0.008043028431941723
1.2069999999999779,-0.002983313878027376,0.006597811071002249,0.001927720616245429,0.008052927615180876
1.2079999999999778,-0.002983131890724448,0.006597438751869523,0.001968989550048603,0.008062893892199722
1.2089999999999776,-0.0029828043505530435,0.006597075476613651,0.0020100479792158647,0.00807292771774035
1.2099999999999775,-0.002982291609564507,0.006596721034111885,0.002050897777164524,0.00808302954962696
1.2109999999999774,-0.0029815548751354294,0.006596375217991142,0.002091540807792448,0.00809319984878675
1.2119999999999773,-0.002980556203951964,0.006596037826517157,0.0021319789255631097,0.00810343907927095
1.2129999999999772,-0.002979258495889152,0.00659570866248637,0.0021722139755902003,0.008113747708275987
1.213999999999977,-0.0029776254877987183,0.006595387533120252,0.0022122477937218193,0.00812412620616482
1.214999999999977,-0.0029756217472158165,0.006595074249962058,0.002252082206624243,0.008134575046488384
1.2159999999999769,-0.002973212665996727,0.006594768628776532,0.002291719031865268,0.008145094706007206
1.2169999999999768,-0.002970364453897535,0.006594470489451339,0.0023311600779971466,0.008155685664713157
1.2179999999999767,-0.0029670441321024282,0.006594179655901546,0.002370407144639105,0.008166348405851355
1.2189999999999765,-0.0029632195267119935,0.006593895955975865,0.002409462022559459,0.008177083415942208
1.2199999999999764,-0.0029588592621980327,0.006593619221365268,0.00244832649375732,0.008187891184803621
1.2209999999999763,-0.0029539327548327365,0.006593349287514107,0.0024870023315439077,0.008198772205573341
1.2219999999999762,-0.0029484102060995934,0.006593085993532811,0.0025254913006234597,0.008209726974731461
1.222999999999976,-0.002942262596090953,0.006592829182113067,0.0025637951571737556,0.008220755992123067
1.223999999999976,-0.0029354616768989027,0.006592578699444842,0.002601915648926244,0.008231859760981054
1.2249999999999759,-0.0029279799660035157,0.006592334395135567,0.002639854515245791,0.008243038787949082
1.2259999999999758,-0.0029197907396632744,0.006592096122131095,0.002677613487210041,0.008254293583104692
1.2269999999999757,-0.002910868026311348,0.0065918637366387395,0.0027151942876884054,0.00826562465998258
1.2279999999999756,-0.002901186599961491,0.006591637098052034,0.0027525986314206725,0.00827703253559804
1.2289999999999754,-0.0028907219736257627,0.006591416068877479,0.0027898282250952483,0.008288517730470533
1.2299999999999753,-0.002879450392747256,0.006591200514663244,0.002826884767427028,0.008300080768647456
1.2309999999999752,-0.0028673488286495795,0.006590990303929239,0.0028637699492349076,0.008311722177728046
1.2319999999999751,-0.002854394972004868,0.006590785308099569,0.002900485453518931,0.008323442488887455
1.232999999999975,-0.0028405672263215774,0.006590585401436226,0.0029370329555370818,0.008335242236900981
1.233999999999975,-0.0028258447014532736,0.006590390460974785,0.002973414122881723,0.008347121960168478
1.2349999999999748,-0.0028102072071292342,0.006590200366461822,0.003009630615555686,0.008359082200738912
1.2359999999999747,-0.00279363524650713,0.006590015000293947,0.0030456840860480124,0.008371123504335104
1.2369999999999746,-0.0027761100097479664,0.006589834247458459,0.0030815761794093554,0.008383246420378625
1.2379999999999745,-0.0027576133676139626,0.006589657995475824,0.0031173085333270393,0.008395451502014864
1.2389999999999743,-0.0027381278650882813,0.006589486134343591,0.0031528827781997833,0.008407739306138265
1.2399999999999742,-0.0027176367150174713,0.006589318556481967,0.003188300537212096,0.008420110393417744
1.2409999999999741,-0.0026961237917749975,0.006589155156681068,0.003223563426408335,0.00843256532832227
1.241999999999974,-0.002673573624946424,0.006588995832049562,0.003258673054766446,0.008445104679146612
1.242999999999974,-0.0026499713930349085,0.006588840481964864,0.0032936310242713774,0.008457729018037279
1.2439999999999738,-0.0026253029171866317,0.006588689008024935,0.0033284389299881745,0.008470438921018621
1.2449999999999737,-0.0025995546549357745,0.006588541314001252,0.0033630983601347607,0.008483234968019117
1.2459999999999736,-0.0025727136939676046,0.0065883973057934975,0.0033976108961544034,0.008496117742897826
1.2469999999999735,-0.002544767745899698,0.0065882568913854175,0.0034319781127878737,0.008509087833471039
1.2479999999999734,-0.0025157051400800053,0.0065881199808021955,0.003466201578145297,0.008522145831539093
1.2489999999999732,-0.0024855148174016198,0.006587986486068794,0.003500282853777705,0.00853529233291337
1.2499999999999731,-0.00245418632413297,0.006587856321169971,0.0035342234947482844,0.008548527937443498
1.250999999999973,-0.0024217098057635698,0.006587729402011282,0.0035680250497033333,0.008561853249044703
1.251999999999973,-0.0023880760008643215,0.006587605646381124,0.0036016890609429203,0.008575268875725373
1.2529999999999728,-0.0023532762349617042,0.006587484973914186,0.0036352170644912596,0.008588775429614805
1.2539999999999727,-0.002317302414426552,0.00658736730605589,0.0036686105901667953,0.008602373526991126
1.2549999999999726,-0.0022801470203754753,0.006587252566027783,0.0037018711616520037,0.008616063788309418
1.2559999999999725,-0.0022418031025862005,0.006587140678793661,0.003735000296562917,0.008629846838230024
1.2569999999999724,-0.002202264273426062,0.006587031571027551,0.003767999506518369,0.008643723305647055
1.2579999999999723,-0.0021615247017932326,0.006586925171081433,0.0038008702972089667,0.008657693823717085
1.2589999999999721,-0.0021195791070715807,0.006586821408954524,0.003833614168465793,0.008671759029888036
1.259999999999972,-0.0020764227530987696,0.006586720216263314,0.0038662326143288402,0.008685919565928266
1.260999999999972,-0.0020320514421477507,0.006586621526212078,0.0038987271231151815,0.008700176077955854
1.2619999999999718,-0.0019864615089221684,0.006586525273564307,0.003931099177486878,0.008714529216468078
1.2629999999999717,-0.0019396498145660994,0.006586431394614914,0.003963350254518632,0.008728979636371096
1.2639999999999716,-0.001891613740688493,0.006586339827162775,0.0039954818257651814,0.00874352799700983
1.2649999999999715,-0.0018423511834025528,0.006586250510484248,0.0040274953573284445,0.008758174962198053
1.2659999999999714,-0.0017918605473811779,0.006586163385306778,0.004059392309924416,0.008772921200248666
1.2669999999999713,-0.0017401407399288342,0.006586078393783474,0.004091174138949815,0.008787767384004209
1.2679999999999712,-0.0016871911650702767,0.0065859954794680155,0.004122842294548493,0.008802714190867547
1.268999999999971,-0.0016330117176575555,0.00658591458728989,0.0041543982216776035,0.00881776230283279
1.269999999999971,-0.0015776027774952047,0.006585835663530181,0.00418584336017353,0.008832912406516399
1.2709999999999708,-0.0015209652034853304,0.006585758655797759,0.004217179144817579,0.008848165193188524
1.2719999999999707,-0.0014631003277924743,0.006585683513005757,0.0042484070054014545,0.008863521358804543
1.2729999999999706,-0.0014040099500299912,0.006585610185348461,0.004279528366792494,0.008878981604036815
1.2739999999999705,-0.0013436963314680567,0.006585538624278508,0.004310544648998678,0.008894546634306656
1.2749999999999704,-0.0012821621892647253,0.006585468782484305,0.004341457267233427,0.00891021715981652
1.2759999999999703,-0.0012194106907204402,0.006585400613867786,0.004372267631980174,0.008925993895582403
1.2769999999999702,-0.0011554454475567095,0.006585334073522532,0.00440297714905672,0.008941877561466475
1.27799999999997,-0.0010902705102206881,0.006585269117711783,0.004433587219679382,0.008957868882209924
1.27899999999997,-0.0010238903622149516,0.006585205703847116,0.004464099240526925,0.008973968587466016
1.2799999999999698,-0.0009563099144543664,0.006585143790466838,0.004494514603804292,0.0089901774118334
1.2809999999999697,-0.0008875344996500346,0.0065850833372152464,0.004524834697306126,0.009006496094889616
1.2819999999999696,-0.0008175698667213967,0.0065850243048212916,0.004555060904480093,0.009022925381224851
1.2829999999999695,-0.0007464221752362136,0.0065849666550780285,0.004585194604490006,0.009039466020475902
1.2839999999999694,-0.0006740979898802363,0.0065849103508218414,0.004615237172278753,0.009056118767360389
1.2849999999999693,-0.0006006042749549663,0.00658485535591225,0.0046451899786310365,0.009072884381711183
1.2859999999999692,-0.0005259483889059416,0.006584801635211315,0.004675054390235914,0.009089763628511091
1.286999999999969,-0.00045013807887984405,0.006584749154563603,0.004704831769749162,0.00910675727792774
1.287999999999969,-0.00037318147531152613,0.006584697880776335,0.004734523475855448,0.009123866105348735
1.2889999999999688,-0.00029508708654073083,0.006584647781599325,0.004764130863330329,0.009141090891417028
1.2899999999999687,-0.0002158637934579307,0.006584598825705379,0.004793655283102063,0.009158432422066546
1.2909999999999686,-0.00013552084417906528,0.006584550982670731,0.004823098082313249,0.009175891488558043
1.2919999999999685,-5.4067848749255105e-05,0.00658450422295561,0.0048524606043823,0.009193468887515212
1.2929999999999684,2.8485226126001356e-05,0.0065844585178848605,0.0048817441890647364,0.009211165420961027
1.2939999999999683,0.00011212806232241824,0.006584413839629025,0.004910950172514316,0.009228981896354335
1.2949999999999682,0.00019684999551218335,0.006584370161185124,0.004940079887344002,0.009246919126626717
1.295999999999968,0.0002826400203543454,0.006584327456358044,0.004969134662686767,0.009264977930219555
1.296999999999968,0.00036948679566114844,0.006584285699741684,0.004998115824256237,0.009283159131121392
1.2979999999999678,0.0004573786495421161,0.0065842448667005685,0.005027024694407185,0.009301463558905525
1.2989999999999677,0.0005463035845272387,0.0065842049333514115,0.005055862592195865,0.009319892048767861
1.2999999999999676,0.0006362492826710912,0.006584165876544973,0.005084630833440198,0.009338445441565018
1.3009999999999675,0.0007272031106397001,0.006584127673848015,0.005113330730779808,0.009357124583852693
1.3019999999999674,0.000819152124782479,0.0065840903035255475,0.0051419635937359235,0.009375930327924295
1.3029999999999673,0.0009120830761911583,0.006584053744523002,0.005170530728771118,0.009394863531849826
1.3039999999999672,0.0010059824157482324,0.006584017976448989,0.0051990334393489275,0.009413925059515042
1.304999999999967,0.001100836299167509,0.006583982979557798,0.005227473025993324,0.009433115780660856
1.305999999999967,0.0011966305920291707,0.006583948734732649,0.0052558507863480555,0.009452436570923043
1.3069999999999669,0.0012933508748125657,0.0065839152234684365,0.005284168015235855,0.009471888311872168
1.3079999999999667,0.001390982447929139,0.006583882427855268,0.005312426004717521,0.00949147189105384
1.3089999999999666,0.0014895103367585762,0.006583850330562349,0.0053406260441508716,0.009511188202029182
1.3099999999999665,0.0015889192966917175,0.006583818914821054,0.005368769420249575,0.009531038144415619
1.3109999999999664,0.0016891938181827217,0.006583788164409664,0.005396857417141861,0.009551022623927917
1.3119999999999663,0.0017903181318138619,0.006583758063637239,0.0054248913164291115,0.009571142552419518
1.3129999999999662,0.0018922762133765782,0.006583728597328328,0.005452872397244339,0.009591398847924138
1.313999999999966,0.001995051788971281,0.0065836997508075005,0.005480801936310551,0.009611792434697657
1.314999999999966,0.0020986283401297334,0.006583671509884621,0.005508681207999003,0.009632324243260295
1.3159999999999659,0.0022029891089628893,0.006583643860840093,0.005536511484387347,0.009652995210439061
1.3169999999999658,0.0023081171033371246,0.00658361679041025,0.005564294035317674,0.009673806279410516
1.3179999999999656,0.0024139951020820316,0.0065835902857733185,0.005592030128454453,0.009694758399743783
1.3189999999999655,0.002520605660233102,0.006583564334535735,0.005619721029342374,0.009715852527443898
1.3199999999999654,0.002627931114310914,0.0065835389247181075,0.005647368001464091,0.009737089624995417
1.3209999999999653,0.0027359535876406056,0.006583514044742555,0.005674972306297872,0.009758470661406334
1.3219999999999652,0.002844654995713158,0.006583489683419165,0.00570253520337516,0.009779996612252302
1.322999999999965,0.00295401705159101,0.006583465829933836,0.005730057950338041,0.009801668459721136
1.323999999999965,0.003064021271359864,0.006583442473835609,0.005757541802996627,0.009823487192657639
1.3249999999999649,0.003174648979628007,0.006583419605025003,0.00578498801538636,0.009845453806608707
1.3259999999999648,0.003285881315074922,0.006583397213742187,0.005812397839825226,0.009867569303868777
1.3269999999999647,0.0033976992360495234,0.006583375290555905,0.005839772526970901,0.009889834693525529
1.3279999999999645,0.0035100835262193795,0.006583353826352416,0.005867113325877813,0.009912250991505962
1.3289999999999644,0.003623014800270097,0.006583332812325234,0.005894421484054134,0.009934819220622719
1.3299999999999643,0.0037364735096558285,0.006583312239964725,0.005921698247518704,0.009957540410620778
1.3309999999999642,0.003850439948399457,0.00658329210104875,0.005948944860857881,0.00998041559822442
1.331999999999964,0.003964894258941712,0.006583272387633198,0.005976162567282331,0.01000344582718455
1.332999999999964,0.004079816438037397,0.0065832530920432305,0.006003352608683751,0.010026632148326307
1.3339999999999639,0.004195186342697358,0.006583234206864928,0.00603051622569154,0.010049975619597015
1.3349999999999638,0.004310983696172809,0.006583215724937475,0.0060576546577294,0.010073477306114463
1.3359999999999637,0.0044271880939797965,0.006583197639345703,0.006084769143071891,0.010097138280215492
1.3369999999999636,0.004543779009959467,0.006583179943413251,0.006111860918900935,0.010120959621504937
1.3379999999999634,0.004660735802370895,0.006583162630696281,0.006138931221362256,0.010144942416904869
1.3389999999999633,0.004778037720011249,0.006583145694977755,0.006165981285621795,0.010169087760704208
1.3399999999999632,0.004895663908358335,0.006583129130262211,0.0061930123459220604,0.010193396754608647
1.340999999999963,0.005013593415729783,0.006583112930771273,0.006220025635638447,0.010217870507790914
1.341999999999963,0.005131805199452714,0.006583097090939812,0.006247022387335511,0.010242510136941389
1.342999999999963,0.0052502781320370165,0.006583081605412745,0.0062740038328232125,0.010267316766319052
1.3439999999999628,0.005368991007344637,0.006583066469042505,0.006300971203213116,0.010292291527802786
1.3449999999999627,0.00548792254674749,0.006583051676887302,0.006327925728974569,0.010317435560943018
1.3459999999999626,0.005607051405264708,0.006583037224210372,0.00635486863999084,0.010342750013013715
1.3469999999999624,0.00572635617767096,0.0065830231064797125,0.006381801165615242,0.010368236039064732
1.3479999999999623,0.005845815404565656,0.006583009319368789,0.006408724534727223,0.010393894801974519
1.3489999999999622,0.0059654075783930754,0.0065829958587585585,0.0064356399757884335,0.010419727472503172
1.3499999999999621,0.0060851111494026906,0.006582982720739675,0.006462548716898784,0.010445735229345861
1.350999999999962,0.006204904531538187,0.006582969901616452,0.00648945198585248,0.01047191925918661
1.351999999999962,0.006324766108243586,0.0065829573979114715,0.006516351010194042,0.010498280756752437
1.3529999999999618,0.006444674238173587,0.006582945206371379,0.006543247017274317,0.010524820924867877
1.3539999999999617,0.006564607260795241,0.0065829333239738885,0.00657014123430648,0.010551540974509856
1.3549999999999616,0.00668454350186783,0.006582921747935742,0.006597034888422031,0.010578442124862947
1.3559999999999615,0.006804461460045394,0.006582910473282813,0.006623929206726784,0.010605525603375004
1.3569999999999613,0.006924339999710439,0.006582899490345114,0.006650825416356858,0.010632792645813165
1.3579999999999612,0.007044158162352798,0.0065828887873864905,0.0066777247445346695,0.010660244496320238
1.3589999999999611,0.00716389498149289,0.00658287835316509,0.0067046284186249305,0.010687882407471462
1.359999999999961,0.007283529487773213,0.006582868176920571,0.006731537666190647,0.010715707640331673
1.360999999999961,0.007403040714160188,0.006582858248361318,0.006758453715049132,0.010743721464512836
1.3619999999999608,0.007522407701255757,0.006582848557650905,0.0067853777933280296,0.010771925158231974
1.3629999999999607,0.007641609502719845,0.006582839095394346,0.00681231112952135,0.010800320008369496
1.3639999999999606,0.00776062519080142,0.006582829852624579,0.006839254952545524,0.010828907310527908
1.3649999999999605,0.007879433861978131,0.006582820820788168,0.006866210491795475,0.010857688369090932
1.3659999999999604,0.00799801464270229,0.006582811991731572,0.0068931789772007195,0.010886664497283023
1.3669999999999602,0.008116346695251655,0.006582803357686847,0.006920161639281479,0.010915837017229292
1.3679999999999601,0.00823440922368226,0.006582794911257746,0.00694715970920483,0.010945207260015827
1.36899999999996,0.008352181479880542,0.006582786645405852,0.006974174418840879,0.01097477656575043
1.36999999999996,0.008469642769711653,0.006582778553436571,0.007001207000818972,0.01100454628362376
1.3709999999999598,0.008586772459260022,0.006582770628985843,0.007028258688583934,0.011034517771970898
1.3719999999999597,0.008703549981158566,0.00658276286600633,0.007055330716452351,0.01106469239833333
1.3729999999999596,0.008819954841001898,0.006582755258754428,0.00708242431966889,0.011095071539521335
1.3739999999999595,0.008935966623838715,0.006582747801777444,0.007109540734462658,0.011125656581676812
1.3749999999999594,0.009051565000738978,0.006582740489900741,0.007136681198103612,0.011156448920336523
1.3759999999999593,0.009166729735429735,0.006582733318215416,0.00716384694895901,0.011187449960495775
1.3769999999999591,0.009281440690995041,0.006582726282066614,0.007191039226549918,0.011218661116672525
1.377999999999959,0.009395677836633176,0.006582719377041387,0.007218259271607768,0.011250083812971918
1.378999999999959,0.009509421254466164,0.006582712598957733,0.007245508326130965,0.011281719483151268
1.3799999999999588,0.009622651146394965,0.0065827059438535885,0.00727278763344156,0.01131356957068548
1.3809999999999587,0.00973534784099423,0.006582699407976169,0.007300098438241984,0.011345635528832915
1.3819999999999586,0.009847491800440502,0.006582692987771765,0.007327441986671836,0.011377918820701684
1.3829999999999585,0.009959063627467173,0.006582686679876024,0.007354819526364744,0.011410420919316433
1.3839999999999584,0.010070044072340367,0.006582680481104377,0.007382232306505291,0.01144314330768553
1.3849999999999583,0.01018041403984892,0.006582674388443089,0.0074096815778860155,0.011476087478868743
1.3859999999999582,0.010290154596302293,0.006582668399040345,0.007437168592964482,0.011509254936045366
1.386999999999958,0.010399246976530708,0.006582662510198191,0.007464694605920426,0.01154264719258281
1.387999999999958,0.010507672590880627,0.006582656719364323,0.007492260872712981,0.011576265772105635
1.3889999999999578,0.010615413032200541,0.006582651024124524,0.007519868651137986,0.0116101122085651
1.3899999999999577,0.010722450082810852,0.006582645422195519,0.007547519200885379,0.011644188046309126
1.3909999999999576,0.010828765721452357,0.006582639911417822,0.007575213783596666,0.011678494840152783
1.3919999999999575,0.010934342130208448,0.006582634489749428,0.007602953662922496,0.01171303415544922
1.3929999999999574,0.011039161701395604,0.006582629155259271,0.007630740104580317,0.011747807568161094
1.3939999999999573,0.011143207044417984,0.006582623906121363,0.007658574376412123,0.011782816664932479
1.3949999999999572,0.011246460992581376,0.0065826187406091636,0.007686457748442311,0.01181806304316126
1.395999999999957,0.011348906609862344,0.006582613657090156,0.007714391492935622,0.011853548311072019
1.396999999999957,0.011450527197629389,0.006582608654020926,0.007742376884455198,0.011889274087789416
1.3979999999999568,0.01155130630131223,0.006582603729942173,0.007770415199920735,0.011925242003412065
1.3989999999999567,0.011651227717016285,0.006582598883474201,0.0077985077186667464,0.011961453699086914
1.3999999999999566,0.01175027549807993,0.006582594113312778,0.007826655722500941,0.011997910827084127
1.4009999999999565,0.01184843396157196,0.006582589418224977,0.0078548604957627,0.012034615050872475
1.4019999999999564,0.01194568769472739,0.006582584797045384,0.007883123325381687,0.012071568045195234
1.4029999999999563,0.012042021561319912,0.006582580248672628,0.00791144550093657,0.012108771496146604
1.4039999999999562,0.012137420707969984,0.006582575772065862,0.00793982831471385,0.012146227101248637
1.404999999999956,0.012231870570387451,0.006582571366241788,0.00796827306176684,0.012183936569528694
1.405999999999956,0.01232535687954802,0.00658256703027158,0.007996781039974747,0.012221901621597435
1.4069999999999558,0.012417865667803587,0.006582562763278234,0.008025353550101895,0.012260123989727307
1.4079999999999557,0.01250938327492637,0.0065825585644339315,0.008053991895857076,0.012298605417931596
1.4089999999999556,0.012599896354087077,0.006582554432957674,0.008082697383953034,0.012337347662044012
1.4099999999999555,0.012689391877767747,0.006582550368113062,0.008111471324166088,0.01237635248979878
1.4109999999999554,0.01277785714361042,0.006582546369206195,0.008140315029395901,0.012415621680911322
1.4119999999999553,0.012865279780202108,0.006582542435583826,0.008169229815725373,0.01245515702715945
1.4129999999999552,0.012951647752798253,0.006582538566631543,0.008198217002480702,0.012494960332465124
1.413999999999955,0.013036949368985494,0.006582534761772143,0.008227277912291579,0.012535033412976761
1.414999999999955,0.013121173284285734,0.006582531020464169,0.008256413871151535,0.012575378097152104
1.4159999999999549,0.013204308507703549,0.0065825273422004515,0.008285626208478445,0.012615996225841648
1.4169999999999547,0.013286344407218912,0.006582523726506983,0.00831491625717519,0.01265688965237264
1.4179999999999546,0.01336727071522686,0.0065825201729416225,0.008344285353690464,0.012698060242633633
1.4189999999999545,0.013447077533927595,0.006582516681093118,0.00837373483807977,0.012739509875159635
1.4199999999999544,0.01352575534066803,0.006582513250580198,0.008403266054066548,0.012781240441217812
1.4209999999999543,0.01360329499323843,0.006582509881050519,0.008432880349103502,0.012823253844893792
1.4219999999999542,0.013679687735125616,0.006582506572180058,0.008462579074434064,0.012865552003178536
1.422999999999954,0.013754925200726489,0.006582503323672318,0.008492363585154067,0.012908136846055818
1.423999999999954,0.013828999420523506,0.006582500135257653,0.008522235240273561,0.012951010316590274
1.4249999999999539,0.01390190282622499,0.006582497006692495,0.00855219540277883,0.012994174371016066
1.4259999999999537,0.013973628255873782,0.006582493937759006,0.00858224543969458,0.013037630978826143
1.4269999999999536,0.01404416895892552,0.006582490928264461,0.008612386722146315,0.013081382122862105
1.4279999999999535,0.014113518601300725,0.006582487978040459,0.008642620625422892,0.013125429799404672
1.4289999999999534,0.014181671270411911,0.006582485086942873,0.008672948529039284,0.013169776018264773
1.4299999999999533,0.014248621480170002,0.006582482254850683,0.00870337181679952,0.013214422802875249
1.4309999999999532,0.014314364175971116,0.006582479481666094,0.008733891876859821,0.013259372190383185
1.431999999999953,0.0143788947396678,0.0065824767673132835,0.008764510101791944,0.01330462623174285
1.432999999999953,0.014442208994526362,0.0065824741117382355,0.008795227888646718,0.013350186991809282
1.4339999999999529,0.014504303210173427,0.006582471514907844,0.008826046639017796,0.013396056549432512
1.4349999999999528,0.014565174107534188,0.006582468976809123,0.008856967759105596,0.013442236997552402
1.4359999999999526,0.014624818863764941,0.006582466497448415,0.008887992659781477,0.013488730443294156
1.4369999999999525,0.014683235117182688,0.006582464076850348,0.008919122756652102,0.013535539008064458
1.4379999999999524,0.014740420972193724,0.006582461715056708,0.008950359470124037,0.013582664827648267
1.4389999999999523,0.014796375004224895,0.0065824594121252165,0.008981704225468555,0.013630110052306271
1.4399999999999522,0.014851096264658763,0.006582457168128203,0.00901315845288668,0.013677876846873003
1.440999999999952,0.014904584285776217,0.006582454983150758,0.00904472358757443,0.013725967390855607
1.441999999999952,0.014956839085708669,0.006582452857289223,0.009076401069788308,0.013774383878533292
1.4429999999999519,0.015007861173401995,0.006582450790648946,0.009108192344911026,0.013823128519057456
1.4439999999999518,0.01505765155359572,0.006582448783342176,0.009140098863517439,0.013872203536552476
1.4449999999999517,0.015106211731818623,0.006582446835485473,0.009172122081440748,0.013921611170217198
1.4459999999999515,0.01515354371940442,0.006582444947196894,0.009204263459838916,0.013971353674427114
1.4469999999999514,0.01519965003852934,0.006582443118592889,0.009236524465261343,0.014021433318837203
1.4479999999999513,0.015244533727274188,0.006582441349784956,0.009268906569715782,0.01407185238848551
1.4489999999999512,0.015288198344713452,0.0065824396408758245,0.0093014112507355,0.014122613183897407
1.449999999999951,0.01533064797603352,0.006582437991955351,0.009334039991446698,0.014173718021190548
1.450999999999951,0.015371887237683046,0.006582436403096031,0.009366794280636182,0.014225169232180559
1.4519999999999509,0.015411921282556534,0.00658243487434814,0.009399675612819295,0.01427696916448744
1.4529999999999508,0.015450755805214909,0.0065824334057344265,0.00943268548830811,0.01432912018164267
1.4539999999999507,0.015488397047143788,0.006582431997244508,0.009465825413279881,0.014381624663197055
1.4549999999999506,0.015524851802052314,0.006582430648828447,0.009499096899845771,0.014434485004829304
1.4559999999999504,0.015560127421214372,0.006582429360390643,0.009532501466119845,0.014487703618455337
1.4569999999999503,0.01559423181885332,0.006582428131782255,0.009566040636288341,0.014541282932338341
1.4579999999999502,0.0156271734775727,0.0065824269627942425,0.009599715940679217,0.014595225391199562
1.4589999999999501,0.01565896145383366,0.00658242585314904,0.00963352891583197,0.014649533456329853
1.45999999999995,0.015689605383480274,0.006582424802492277,0.00966748110456775,0.014704209605701981
1.46099999999995,0.015719115487314153,0.006582423810384016,0.00970157405605976,0.014759256334083686
1.4619999999999498,0.01574750257671839,0.006582422876289307,0.009735809325903932,0.014814676153151523
1.4629999999999497,0.015774778059331442,0.006582421999568443,0.009770188476189911,0.014870471591605454
1.4639999999999496,0.015800953944770824,0.006582421179466726,0.009804713075572336,0.014926645195284236
1.4649999999999495,0.015826042850406636,0.006582420415104099,0.009839384699342407,0.014983199527281579
1.4659999999999493,0.01585005800718352,0.00658241970546392,0.00987420492949976,0.015040137168063093
1.4669999999999492,0.015873013265490614,0.006582419049381693,0.009909175354824658,0.015097460715584033
1.4679999999999491,0.015894923101077367,0.006582418445533392,0.009944297570950486,0.015155172785407837
1.468999999999949,0.015915802621014056,0.006582417892423566,0.009979573180436544,0.015213276010825474
1.469999999999949,0.01593566756969375,0.006582417388372936,0.010015003792841183,0.015271773042975589
1.4709999999999488,0.01595453433487362,0.006582416931506082,0.010050591024795235,0.015330666550965467
1.4719999999999487,0.015972419953752263,0.006582416519738784,0.010086336500075782,0.015389959221992836
1.4729999999999486,0.015989342119079278,0.0065824161507652915,0.01012224184968025,0.015449653761468455
1.4739999999999485,0.016005319185293236,0.006582415822045701,0.010158308711900819,0.015509752893139581
1.4749999999999484,0.016020370174683583,0.006582415530792838,0.010194538732399179,0.015570259359214224
1.4759999999999482,0.016034514783572356,0.006582415273960096,0.01023093356428162,0.01563117592048629
1.4769999999999481,0.01604777338850947,0.0065824150482283895,0.010267494868174463,0.015692505356461536
1.477999999999948,0.016060167052478005,0.00658241484999437,0.010304224312299822,0.01575425046548441
1.478999999999948,0.01607171753110253,0.006582414675357957,0.01034112357255173,0.015816414064865704
1.4799999999999478,0.016082447278855754,0.006582414520111087,0.010378194332572603,0.015878998991011143
1.4809999999999477,0.016092379455257357,0.006582414379726482,0.010415438283830061,0.015942008099550764
1.4819999999999476,0.016101537931059316,0.006582414249346964,0.01045285712569411,0.016005444265469248
1.4829999999999475,0.016109947294411862,0.00658241412377585,0.01049045256551468,0.016069310383237077
1.4839999999999474,0.016117632857004197,0.006582413997467542,0.01052822631869952,0.01613360936694261
1.4849999999999473,0.016124620660174817,0.006582413864519373,0.010566180108792482,0.01619834415042505
1.4859999999999471,0.01613093748098498,0.006582413718664228,0.010604315667552155,0.01626351768740831
1.486999999999947,0.016136610838251228,0.006582413553264233,0.010642634735030881,0.016329132951635773
1.487999999999947,0.01614166899853088,0.006582413361305761,0.010681139059654156,0.016395192937006003
1.4889999999999468,0.016146140982056606,0.006582413135395202,0.010719830398300401,0.016461700657709324
1.4899999999999467,0.016150056568615286,0.006582412867756908,0.01075871051638113,0.016528659148365366
1.4909999999999466,0.01615344630336735,0.0065824125502318,0.0107977811879215,0.016596071464161533
1.4919999999999465,0.01615634150260287,0.006582412174277929,0.010837044195641257,0.016663940680992397
1.4929999999999464,0.016158774259431803,0.00658241173097285,0.010876501331036074,0.01673226989560004
1.4939999999999463,0.0161607774494049,0.0065824112110174455,0.010916154394459301,0.016801062225715365
1.4949999999999461,0.016162384736063577,0.006582410604741825,0.010956005195204108,0.016870320810200345
1.495999999999946,0.016163630576416795,0.006582409902113336,0.010996055551586035,0.01694004880919125
1.496999999999946,0.016164550226343527,0.006582409092746573,0.01103630729102597,0.01701024940424283
1.4979999999999458,0.01616517974591958,0.006582408165915569,0.011076762250133515,0.01708092579847348
1.4989999999999457,0.016165556004668225,0.006582407110568619,0.011117422274790803,0.017152081216711402
1.4999999999999456,0.016165716686734357,0.0065824059153454205,0.01115828922023671,0.01722371890564175
1.5009999999999455,0.01616570029598183,0.006582404568596649,0.011199364951151508,0.01729584213395476
1.5019999999999454,0.016165546161014146,0.00658240305840673,0.011240651341741957,0.017368454192494893
1.5029999999999453,0.016165294440118473,0.00658240137261929,0.011282150275826809,0.017441558394411
1.5039999999999452,0.016164986126133724,0.006582399498865573,0.011323863646922764,0.01751515807530749
1.504999999999945,0.01616466305124231,0.006582397424596159,0.011365793358330878,0.017589256593396524
1.505999999999945,0.016164264718300847,0.006582393190982668,0.011407723088082303,0.017599022947645857
1.5069999999999448,0.01616387605404049,0.0065824102244885505,0.01144943651420903,0.017608855495398687
1.5079999999999447,0.016163496833236757,0.006582490776246061,0.01149093554001462,0.017618754685295297
1.5089999999999446,0.016163126835749178,0.006582676224941088,0.011532222059019964,0.017628720969016725
1.5099999999999445,0.016162765846401302,0.006583007082509526,0.011573297955049673,0.017638754801305362
1.5109999999999444,0.016162413654863428,0.0065835229999675225,0.011614165102318039,0.01764885663998572
1.5119999999999443,0.016162070055538443,0.006584262773362328,0.011654825365514541,0.017659026945985302
1.5129999999999442,0.016161734847449996,0.0065852643498301895,0.011695280599888943,0.017669266183355646
1.513999999999944,0.016161407834133952,0.0065865648337482055,0.011735532651335933,0.017679574819293508
1.514999999999944,0.016161088823532288,0.006588200492968522,0.011775583356479356,0.017689953324162153
1.5159999999999438,0.0161607776278894,0.006590206765124315,0.011815434542756006,0.017700402171512836
1.5169999999999437,0.016160474063651436,0.006592618263996153,0.011855088028499019,0.0177109218381064
1.5179999999999436,0.016160177951367663,0.006595468785930364,0.011894545623020832,0.017721512803935052
1.5189999999999435,0.01615988911559451,0.006598791316300056,0.011933809126695744,0.01773217555224422
1.5199999999999434,0.016159607384801825,0.006602618036000267,0.011972880331042064,0.017742910569554647
1.5209999999999433,0.016159332591281467,0.006606980327970855,0.012011761018803841,0.017753718345684566
1.5219999999999432,0.016159064571058285,0.006611908783739297,0.012050452964032229,0.01776459937377206
1.522999999999943,0.016158803163803095,0.006617433209977773,0.012088957932166418,0.017775554150297548
1.523999999999943,0.01615854821274776,0.006623582635069362,0.012127277680114191,0.01778658317510646
1.5249999999999428,0.016158299564602505,0.006630385315677276,0.012165413956332092,0.01779768695143202
1.5259999999999427,0.01615805706947537,0.006637868743314074,0.0122033685009052,0.017808865985918236
1.5269999999999426,0.0161578205807932,0.006646059650906089,0.012241143045626532,0.01782012078864299
1.5279999999999425,0.016157589955225236,0.006654984019349933,0.01227873931407605,0.017831451873141325
1.5289999999999424,0.016157365052608074,0.0066646670840582725,0.012316159021699318,0.017842859756428877
1.5299999999999423,0.016157145735872968,0.00667513334149257,0.012353403875885767,0.017854344959025464
1.5309999999999422,0.016156931870974674,0.006686406555680179,0.012390475576046603,0.017865908004978833
1.531999999999942,0.01615672332682223,0.006698509764714619,0.01242737581369234,0.017877549421888576
1.532999999999942,0.0161565199752118,0.0067114652872379745,0.012464106272509993,0.0178892697409302
1.5339999999999419,0.016156321690760835,0.006725294728903342,0.01250066862843989,0.017901069496879363
1.5349999999999417,0.016156128350844387,0.00674001898881809,0.012537064549752152,0.01791294922813628
1.5359999999999416,0.016155939835532884,0.006755658265966215,0.012573295697122806,0.01792490947675029
1.5369999999999415,0.016155756027532116,0.0067722320656104515,0.012609363723709558,0.017936950788444574
1.5379999999999414,0.016155576812124022,0.0067897592056737205,0.012645270275227227,0.017949073712641074
1.5389999999999413,0.016155402077110047,0.006808257823100375,0.012681016990022838,0.017961278802485547
1.5399999999999412,0.016155231712755687,0.006827745380197395,0.012716605499150367,0.01797356661487282
1.540999999999941,0.01615506561173658,0.00684823867095595,0.012752037426445175,0.017985937710472178
1.541999999999941,0.016154903669086323,0.006869753827354305,0.01278731438859809,0.017998392653752974
1.5429999999999409,0.01615474578214589,0.00689230632564237,0.01282243799522918,0.018010932013010357
1.5439999999999408,0.016154591850514457,0.006915910992608251,0.012857409848961195,0.018023556360391223
1.5449999999999406,0.016154441776001612,0.0069405820118288155,0.012892231545492691,0.018036266271920308
1.5459999999999405,0.016154295462581347,0.006966332929903406,0.01292690467367084,0.01804906232752648
1.5469999999999404,0.01615415281634683,0.006993176662672635,0.012961430815563925,0.018061945111069195
1.5479999999999403,0.016154013745467377,0.0070211255014224535,0.012995811546533525,0.018074915210365132
1.5489999999999402,0.016153878160146108,0.007050191119074377,0.013030048435306398,0.018087973217215027
1.54999999999994,0.016153745972579032,0.00708038457636237,0.013064143044046064,0.018101119727430674
1.55099999999994,0.01615361709691554,0.007111716327997183,0.013098096928424072,0.01811435534086209
1.5519999999999399,0.016153491449220025,0.007144196228818401,0.01313191163769099,0.018127680661424915
1.5529999999999398,0.01615336894743436,0.007177833539934822,0.013165588714747095,0.018141096297127946
1.5539999999999397,0.01615324951134209,0.007212636934853504,0.013199129696212767,0.01815460286010089
1.5549999999999395,0.01615313306253312,0.007248614505597711,0.013232536112498609,0.018168200966622285
1.5559999999999394,0.016153019524369556,0.007285773768814001,0.01326580948787527,0.018181891237147633
1.5569999999999393,0.016152908821952833,0.007324121671868202,0.013298951340543002,0.018195674296337703
1.5579999999999392,0.016152800882091218,0.00736366459893102,0.013331963182700923,0.018209550773087023
1.558999999999939,0.0161526956332687,0.007404408377052318,0.013364846520616022,0.018223521300552593
1.559999999999939,0.016152593005614394,0.007446358282224507,0.013397602854691892,0.018237586516182763
1.5609999999999389,0.01615249293087274,0.0074895190454343,0.013430233679537175,0.018251747061746322
1.5619999999999388,0.016152395342374726,0.0075338948587029215,0.013462740484033776,0.018266003583361785
1.5629999999999387,0.016152300175009338,0.007579489381114206,0.013495124751404785,0.01828035673152687
1.5639999999999386,0.016152207365196132,0.007626305744829383,0.01352738795928216,0.018294807161148174
1.5649999999999384,0.0161521168508581,0.0076743465610894,0.013559531579774148,0.01830935553157106
1.5659999999999383,0.01615202857139519,0.007723613926202432,0.013591557079532449,0.01832400250660975
1.5669999999999382,0.016151942467658505,0.00777410942751739,0.013623465919819144,0.018338748754577593
1.567999999999938,0.016151858481924748,0.007825834149381483,0.013655259556573365,0.018353594948317585
1.568999999999938,0.01615177655787137,0.007878788679081707,0.013686939440477728,0.018368541765233042
1.569999999999938,0.01615169664055197,0.007932973112769429,0.013718507017024525,0.018383589887318533
1.5709999999999378,0.016151618676372263,0.007988387061366595,0.01374996372658168,0.01839874000119098
1.5719999999999377,0.01615154261306617,0.00804502965645326,0.01378131100445847,0.018413992798121004
1.5729999999999376,0.016151468399672658,0.008102899556135322,0.013812550280971007,0.018429348974064445
1.5739999999999374,0.01615139598651244,0.008161994950891552,0.013843682981507517,0.018444809229694138
1.5749999999999373,0.016151325325165306,0.008222313569398624,0.013874710526593365,0.01846037427043187
1.5759999999999372,0.016151256368447654,0.008283852684334148,0.013905634331955873,0.01847604480648057
1.5769999999999371,0.016151189070390048,0.008346609118155705,0.013936455808588922,0.01849182155285672
1.577999999999937,0.016151123386215487,0.008410579248855696,0.01396717636281733,0.018507705229422976
1.578999999999937,0.016151059272317483,0.00847575901569105,0.013997797396361015,0.018523696560921003
1.5799999999999368,0.016150996686238414,0.00854214392488663,0.014028320306398957,0.01853979627700457
1.5809999999999367,0.016150935586648315,0.008609729055312276,0.014058746485632956,0.01855600511227281
1.5819999999999366,0.016150875933323528,0.008678509064131746,0.014089077322351165,0.01857232380630377
1.5829999999999365,0.016150817687125903,0.008748478192424051,0.014119314200491442,0.018588753103688127
1.5839999999999363,0.016150760809981717,0.008819630270775484,0.014149458499704497,0.018605293754063192
1.5849999999999362,0.0161507052648611,0.008891958724843066,0.014179511595416838,0.018621946512147085
1.5859999999999361,0.01615065101575754,0.008965456580887632,0.014209474858893536,0.018638712137773194
1.586999999999936,0.016150598027667468,0.009040116471277334,0.014239349657300787,0.018655591395924837
1.587999999999936,0.016150546266570028,0.009115930639960848,0.014269137353768299,0.01867258505677016
1.5889999999999358,0.016150495699407012,0.00919289094791025,0.014298839307451482,0.018689693895697287
1.5899999999999357,0.016150446294062877,0.009270988878533578,0.014328456873593466,0.0187069186933497
1.5909999999999356,0.01615039801934505,0.009350215543057084,0.014357991403586947,0.01872426023566185
1.5919999999999355,0.01615035084496416,0.009430561685877943,0.014387444245035836,0.01874171931389503
1.5929999999999354,0.016150304741514486,0.009512017689886899,0.01441681674181675,0.018759296724673455
1.5939999999999352,0.01615025968045487,0.009594573581762415,0.014446110234140335,0.018776993270020654
1.5949999999999351,0.016150215634089124,0.009678219037236282,0.014475326058612419,0.01879480975739601
1.595999999999935,0.016150172575547378,0.009762943386331841,0.014504465548294989,0.018812746999731646
1.596999999999935,0.016150130478766733,0.00984873561857577,0.014533530032767026,0.0188308058154695
1.5979999999999348,0.016150089318472928,0.009935584388184478,0.014562520838185168,0.01884898702859867
1.5989999999999347,0.016150049070161425,0.010023478019226734,0.014591439287344217,0.018867291468693013
1.5999999999999346,0.01615000971007926,0.010112404510763706,0.014620286699737497,0.01888571997094899
1.6009999999999345,0.016149971215206605,0.010202351541968125,0.014649064391617063,0.018904273376223787
1.6019999999999344,0.016149933563238766,0.010293306477224408,0.014677773676053755,0.018922952531073674
1.6029999999999343,0.016149896732568395,0.010385256371212088,0.014706415862997113,0.01894175828779263
1.6039999999999341,0.016149860702267666,0.010478187973973678,0.01473499225933515,0.018960691504451236
1.604999999999934,0.016149825452070773,0.010572087735970532,0.014763504168953974,0.018979753044935828
1.605999999999934,0.016149790962356803,0.01066694181312806,0.014791952892797295,0.018998943778987906
1.6069999999999338,0.016149757214132428,0.010762736071873707,0.014820339728925772,0.019018264582243826
1.6079999999999337,0.016149724189015148,0.010859456094169422,0.01484866597257625,0.019037716336274758
1.6089999999999336,0.016149691869216668,0.010957087182542626,0.01487693291622085,0.0190572999286269
1.6099999999999335,0.016149660237526314,0.011055614365117398,0.014905141849625953,0.019077016252861977
1.6109999999999334,0.01614962927729502,0.011155022400649837,0.014933294059911043,0.019096866208598014
1.6119999999999333,0.01614959897241917,0.011255295783570101,0.014961390831607437,0.0191168507015504
1.6129999999999332,0.016149569307325022,0.011356418749034394,0.014989433446716894,0.019136970643573177
1.613999999999933,0.01614954026695315,0.011458375277990382,0.015017423184770113,0.01915722695270069
1.614999999999933,0.01614951183674322,0.01156114910225867,0.015045361322885113,0.019177620553189424
1.6159999999999328,0.016149484002619164,0.011664723709634187,0.01507324913582551,0.01919815237556024
1.6169999999999327,0.016149456750974314,0.011769082349009953,0.015101087896058673,0.019218823356640775
1.6179999999999326,0.01614943006865708,0.011874208035527176,0.015128878873813797,0.019239634439608213
1.6189999999999325,0.016149403942956813,0.011980083555753694,0.015156623337139854,0.01926058657403233
1.6199999999999324,0.016149378361589965,0.012086691472894874,0.015184322551963446,0.019281680715918795
1.6209999999999323,0.016149353312686597,0.01219401413203885,0.015211977782146576,0.01930291782775282
1.6219999999999322,0.016149328784777022,0.01230203366543926,0.015239590289544313,0.01932429887854304
1.622999999999932,0.016149304766778963,0.01241073199783783,0.015267161334062366,0.019345824843865773
1.623999999999932,0.016149281247985023,0.012520090851828942,0.015294692173714573,0.019367496705909492
1.6249999999999318,0.0161492582180502,0.01263009175326905,0.015322184064680302,0.019389315453519664
1.6259999999999317,0.01614923566698007,0.012740716036731138,0.015349638261361764,0.019411282082243853
1.6269999999999316,0.01614921358511929,0.012851944851007635,0.015377056016441256,0.01943339759437717
1.6279999999999315,0.01614919196314016,0.012963759164661507,0.015404438580938314,0.019455662999007986
1.6289999999999314,0.016149170792031934,0.013076139771627136,0.015431787204266793,0.019478079312063964
1.6299999999999313,0.01614915006309023,0.013189067296861328,0.015459103134291878,0.01950064755635845
1.6309999999999312,0.016149129767906917,0.013302522202044519,0.015486387617387024,0.0195233687616371
1.631999999999931,0.0161491098983606,0.013416484791331586,0.01551364189849082,0.019546243964624906
1.632999999999931,0.016149090446607117,0.013530935217152727,0.015540867221163797,0.019569274209073464
1.6339999999999308,0.016149071405070884,0.013645853486061356,0.015568064827645169,0.019592460545808627
1.6349999999999307,0.01614905276643633,0.013761219464629272,0.015595235958909515,0.01961580403277843
1.6359999999999306,0.016149034523640363,0.01387701288538575,0.015622381854723397,0.01963930573510138
1.6369999999999305,0.01614901666986438,0.01399321335279848,0.015649503753701933,0.019662966725115028
1.6379999999999304,0.016148999198527872,0.014109800349293418,0.015676602893365314,0.019686788082424946
1.6389999999999303,0.01614898210328192,0.014226753241309358,0.015703680510195262,0.019710770893953934
1.6399999999999302,0.016148965378003068,0.014344051285383701,0.01573073783969146,0.01973491625399165
1.64099999999993,0.016148949016788566,0.014461673634264498,0.015757776116427917,0.01975922526424452
1.64199999999993,0.016148933013951434,0.01457959934304368,0.015784796574109295,0.019783699033886028
1.6429999999999298,0.016148917364016642,0.014697807375305369,0.015811800445627217,0.019808338679607296
1.6439999999999297,0.016148902061717665,0.014816276609283781,0.0158387889631165,0.01983314532566807
1.6449999999999296,0.016148887101994008,0.01493498584402295,0.01586576335801139,0.01985812010394798
1.6459999999999295,0.01614887247998933,0.015053913805531673,0.015892724861101756,0.019883264153998232
1.6469999999999294,0.016148858191050372,0.015173039152925371,0.015919674702589225,0.01990857862309356
1.6479999999999293,0.01614884423072669,0.015292340484546462,0.015946614112143334,0.019934064666284595
1.6489999999999292,0.016148830594771263,0.01541179634405421,0.01597354431895763,0.01995972344645057
1.649999999999929,0.016148817279142084,0.015531385226474587,0.01600046655180576,0.019985556134352368
1.650999999999929,0.016148804280004515,0.015651085584199812,0.016027382039097524,0.020011563908685952
1.6519999999999289,0.016148791593734838,0.015770875832927148,0.016054292008934948,0.020037747956136148
1.6529999999999287,0.016148779216924772,0.01589073435752513,0.016081197689168297,0.02006410947143077
1.6539999999999286,0.016148767146387043,0.01601063951781667,0.01610810030745212,0.020090649657395168
1.6549999999999285,0.016148755379162168,0.016130569654265008,0.01613500109130124,0.020117369725007078
1.6559999999999284,0.016148743912526218,0.016250503093550674,0.016161901268146796,0.020144270893451898
1.6569999999999283,0.01614873274150597,0.01637041833398889,0.016188802065392215,0.020171354390178305
1.6579999999999282,0.016148721856322015,0.016490294237068527,0.01621570471046924,0.020198621450954263
1.658999999999928,0.016148711245081656,0.016610109840246433,0.01624261043089393,0.020226073319923425
1.659999999999928,0.016148700896397045,0.01672984417332308,0.01626952045432265,0.020253711249661865
1.6609999999999279,0.016148690799372194,0.01684947626362401,0.01629643600860813,0.020281536501235275
1.6619999999999278,0.016148680943588845,0.016968985141275646,0.016323358321855434,0.020309550344256466
1.6629999999999276,0.016148671319092835,0.017088349844576276,0.016350288622478042,0.020337754056943325
1.6639999999999275,0.0161486619163797,0.01720754942546323,0.01637722813925388,0.02036614892617713
1.6649999999999274,0.016148652726380427,0.017326562955076754,0.016404178101381384,0.020394736247561246
1.6659999999999273,0.016148643740446868,0.0174453695294197,0.016431139738535598,0.020423517325480284
1.6669999999999272,0.01614863495033737,0.017563948275113584,0.01645811428092427,0.02045249347315958
1.667999999999927,0.016148626348202147,0.017682278355248722,0.016485102959343988,0.02048166601272513
1.668999999999927,0.016148617926569055,0.01780033897532787,0.016512107005236348,0.020511036275263923
1.6699999999999269,0.0161486096783291,0.017918109389300694,0.016539127650744126,0.020540605600884658
1.6709999999999268,0.016148601596722312,0.018035568905686923,0.016566166128767507,0.0205703753387789
1.6719999999999267,0.01614859367532386,0.018152696893785677,0.016593223673020345,0.02060034684728265
1.6729999999999265,0.01614858590803024,0.01826947278996689,0.01662030151808645,0.020630521493938306
1.6739999999999264,0.016148578289045788,0.018385876104042225,0.016647400899475907,0.020660900655557077
1.6749999999999263,0.016148570812869436,0.018501886425710486,0.016674523053681476,0.02069148571828179
1.6759999999999262,0.01614856347428195,0.018617483431074156,0.01670166921823499,0.020722278077650154
1.676999999999926,0.016148556268333177,0.018732646889221563,0.016728840631763834,0.020753279138658418
1.677999999999926,0.01614854919032989,0.018847356668870628,0.016756038534047446,0.020784490315825487
1.6789999999999259,0.016148542235823828,0.018961592745068298,0.0167832641660739,0.02081591303325746
1.6799999999999258,0.016148535400600315,0.019075335205940687,0.016810518770096528,0.020847548724712627
1.6809999999999257,0.01614852868066699,0.019188564259488585,0.016837803589690597,0.020879398833666858
1.6819999999999256,0.01614852207224302,0.019301260240421905,0.016865119869810045,0.020911464813379486
1.6829999999999254,0.016148515571748862,0.019413403617028112,0.0168924688568443,0.02094374812695961
1.6839999999999253,0.016148509175795942,0.019524974998068365,0.01691985179867515,0.02097625024743287
1.6849999999999252,0.01614850288117749,0.019635955139695238,0.016947269944733664,0.021008972657808628
1.6859999999999251,0.01614849668485878,0.01974632495238632,0.016974724546057213,0.021041916851147657
1.686999999999925,0.016148490583968653,0.019856065507888328,0.01700221685534656,0.021075084330630264
1.687999999999925,0.016148484575790746,0.019965158046164378,0.017029748127023007,0.021108476609624872
1.6889999999999248,0.01614847865775559,0.020073583982340614,0.01705731961728563,0.02114209521175707
1.6899999999999247,0.01614847282743262,0.020181324913645122,0.017084932584168606,0.021175941670979147
1.6909999999999246,0.01614846708252294,0.02028836262633419,0.017112588287598613,0.02121001753164007
1.6919999999999245,0.01614846142085207,0.020394679102600784,0.01714028798945231,0.021244324348555943
1.6929999999999243,0.01614845584036328,0.020500256527459876,0.01716803295361392,0.02127886368708097
1.6939999999999242,0.016148450339111147,0.020605077295606095,0.017195824446032903,0.021313637123178877
1.6949999999999241,0.0161484449152555,0.020709124018238833,0.01722366373478171,0.021348646243494793
1.695999999999924,0.016148439567055563,0.02081237952985087,0.01725155209011365,0.021383892645427685
1.696999999999924,0.016148434292864337,0.02091482689497615,0.017279490784520842,0.021419377937203214
1.6979999999999238,0.01614842909112361,0.021016449414893366,0.017307481092792287,0.02145510373794713
1.6989999999999237,0.016148423960358878,0.021117230634281735,0.017335524292072017,0.02149107167775914
1.6999999999999236,0.016148418899174517,0.021217154347825996,0.01736362166191739,0.021527283397787304
1.7009999999999235,0.016148413906249628,0.021316204606768162,0.01739177448435746,0.021563740550302888
1.7019999999999234,0.016148408980333692,0.021414365725403027,0.017419984043951467,0.021600444798775785
1.7029999999999232,0.01614840412024265,0.021511622287516383,0.01744825162784747,0.0216373978179504
1.7039999999999231,0.016148399324855043,0.02160795915276318,0.017476578525841065,0.021674601293922062
1.704999999999923,0.016148394593108847,0.021703361462984863,0.017504966030434232,0.021712056924213973
1.705999999999923,0.016148389923997822,0.02179781464846514,0.017533415436894313,0.021749766417854637
1.7069999999999228,0.0161483853165686,0.021891304434122363,0.01756192804331311,0.02178773149545587
1.7079999999999227,0.016148380769917675,0.02198381684563944,0.01759050515066613,0.021825953889291278
1.7089999999999226,0.016148376283188867,0.022075338215530108,0.017619148062871928,0.021864435343375337
1.7099999999999225,0.016148371855570515,0.02216585518914226,0.017647858086851605,0.02190317761354292
1.7109999999999224,0.016148367486293277,0.02225535473059861,0.017676636532588445,0.021942182467529457
1.7119999999999223,0.016148363174627853,0.02234382412867552,0.017705484713187683,0.021981451685051556
1.7129999999999221,0.016148358919883053,0.02243125100262036,0.01773440394493643,0.022020987057888238
1.713999999999922,0.016148354721403524,0.022517623307909306,0.017763395547363718,0.022060790389962677
1.714999999999922,0.01614835057856846,0.02260292934194663,0.017792460843300714,0.02210086349742451
1.7159999999999218,0.016148346490789556,0.0226871577497064,0.01782160115894108,0.022141208208732707
1.7169999999999217,0.016148342457509596,0.022770297529319337,0.017850817823901483,0.02218182636473901
1.7179999999999216,0.016148338478201237,0.022852338037605766,0.017880112171282263,0.0222227198187719
1.7189999999999215,0.016148334552365456,0.022933268995557313,0.017909485537728257,0.02226389043672119
1.7199999999999214,0.0161483306795305,0.023013080493768805,0.017938939263489797,0.022305340097123153
1.7209999999999213,0.016148326859250755,0.02309176299782314,0.01796847469248385,0.022347070691246224
1.7219999999999211,0.016148323091105882,0.023169307353630906,0.01799809317235535,0.02238908412317732
1.722999999999921,0.01614831937469954,0.023245704792727716,0.018027796054538674,0.022431382309908682
1.723999999999921,0.016148315709659,0.02332094693753096,0.018057584694319326,0.022473967181425383
1.7249999999999208,0.016148312095633985,0.023395025806558955,0.018087460450895754,0.022516840680793366
1.7259999999999207,0.01614830853229611,0.02346793381961478,0.01811742468744139,0.02256000476424811
1.7269999999999206,0.01614830501933823,0.023539663802937337,0.018147478771166823,0.022603461401283893
1.7279999999999205,0.016148301556473663,0.02361020899432234,0.01817762407338221,0.022647212574743645
1.7289999999999204,0.016148298143435737,0.02367956304821539,0.018207861969559824,0.022691260280909425
1.7299999999999203,0.016148294779976983,0.023747720040780247,0.018238193839396823,0.02273560652959352
1.7309999999999202,0.016148291465868762,0.02381467447494425,0.018268621066878207,0.02278025334423013
1.73199999999992,0.01614828820090047,0.023880421285423996,0.018299145040339956,0.0228252027619677
1.73299999999992,0.016148284984878913,0.023944955843733417,0.01832976715253239,0.02287045683376189
1.7339999999999198,0.016148281817627855,0.024008273963177014,0.01836048880068371,0.022916017624469126
1.7349999999999197,0.016148278698986978,0.024070371903830448,0.01839131138656375,0.022961887212940832
1.7359999999999196,0.01614827562881142,0.024131246377511614,0.01842223631654794,0.02300806769211828
1.7369999999999195,0.01614827260697061,0.02419089455274393,0.018453265001681464,0.02305456116912809
1.7379999999999194,0.016148269633347735,0.02424931405971483,0.018484398857743674,0.023101369765378375
1.7389999999999193,0.016148266707838074,0.024306502995231804,0.018515639305312658,0.023148495616655534
1.7399999999999192,0.016148263830348425,0.024362459927678493,0.01854698776983007,0.023195940873221695
1.740999999999919,0.016148261000795402,0.024417183901973047,0.01857844568166617,0.023243707699912842
1.741999999999919,0.01614825821910407,0.024470674444531607,0.018610014476185092,0.02329179827623759
1.7429999999999188,0.016148255485206077,0.02452293156823885,0.018641695593810334,0.023340214796476626
1.7439999999999187,0.01614825279903807,0.024573955777428765,0.01867349048009048,0.02338895946978283
1.7449999999999186,0.016148250160539345,0.024623748072877195,0.01870540058576516,0.02343803452028208
1.7459999999999185,0.016148247569649603,0.02467230995680935,0.018737427366831243,0.02348744218717473
1.7469999999999184,0.016148245026306296,0.024719643437924287,0.018769572284609275,0.023537184724837783
1.7479999999999183,0.016148242530441732,0.024765751036439063,0.018801836805810147,0.02358726440292774
1.7489999999999182,0.016148240081979987,0.024810635789154677,0.01883422240260203,0.02363768350648419
1.749999999999918,0.016148237680833177,0.02485430125454645,0.01886673055267754,0.02368844433603405
1.750999999999918,0.01614823532689787,0.02489675151788092,0.018899362739321166,0.023739549207696525
1.7519999999999178,0.016148233020050747,0.024937991196362055,0.018932120451476946,0.023791000453288823
1.7529999999999177,0.01614823076014407,0.02497802544430849,0.018965005183816403,0.023842800420432513
1.7539999999999176,0.016148228547000702,0.025016859958364425,0.018998018436806756,0.02389495147266066
1.7549999999999175,0.01614822638040872,0.025054500982746107,0.019031161716779366,0.023947455989525683
1.7559999999999174,0.01614822426011575,0.02509095531452603,0.01906443653599848,0.024000316366707894
1.7569999999999173,0.016148222185822632,0.025126230308956707,0.019097844412730224,0.02405353501612484
1.7579999999999172,0.016148220157177,0.025160333884835996,0.019131386871311887,0.02410711436604133
1.758999999999917,0.016148218173765945,0.0251932745299152,0.019165065442221466,0.024161056861180263
1.759999999999917,0.01614821623510871,0.025225061306351833,0.01919888166214751,0.02421536496283415
1.7609999999999169,0.01614821434064864,0.025255703856207925,0.019232837074059223,0.02427004114897742
1.7619999999999167,0.016148212489744757,0.025285212406995276,0.019266933227276867,0.02432508791437949
1.7629999999999166,0.016148210681663114,0.025313597777267792,0.01930117167754247,0.024380507770718606
1.7639999999999165,0.016148208915567272,0.025340871382261897,0.019335553987090786,0.024436303246696427
1.7649999999999164,0.01614820719050867,0.02536704523958492,0.01937008172472061,0.02449247688815343
1.7659999999999163,0.016148205505416798,0.025392131974951222,0.019404756465866334,0.024549031258185038
1.7669999999999162,0.01614820385908827,0.02541614482796548,0.019439579792669835,0.024605968937258603
1.767999999999916,0.016148202250176488,0.025439097657952443,0.01947455329405267,0.02466329252333113
1.768999999999916,0.01614820067718022,0.025461004949831365,0.019509678565788575,0.024721004631967813
1.7699999999999159,0.016148199138432188,0.025481881820033903,0.019544957210576273,0.024779107896461386
1.7709999999999158,0.016148197632087507,0.025501744022462764,0.01958039083811261,0.024837604967952284
1.7719999999999156,0.016148196156111624,0.025520607954489193,0.019615981065165995,0.02489649851554959
1.7729999999999155,0.01614819470826855,0.02553849066298582,0.019651729515650168,0.024955791226452827
1.7739999999999154,0.016148193286108316,0.025555409850391567,0.01968763782069831,0.025015485806074586
1.7749999999999153,0.0161481918869551,0.025571383880805137,0.01972370761873745,0.02507558497816395
1.7759999999999152,0.016148190507894827,0.02558643178610287,0.019759940555563234,0.025136091484930775
1.776999999999915,0.016148189145763304,0.025600573272076182,0.019796338284415023,0.025197008087170823
1.777999999999915,0.016148187797134013,0.025613828724584512,0.01983290246605131,0.02525833756439172
1.7789999999999149,0.016148186458306485,0.025626219215718008,0.019869634768825528,0.02532008271493979
1.7799999999999148,0.016148185125294964,0.025637766509965576,0.019906536868762138,0.025382246356127732
1.7809999999999147,0.01614818379381728,0.02564849307038195,0.019943610449633123,0.025444831324363162
1.7819999999999145,0.01614818245928428,0.025658422064749296,0.01998085720303482,0.025507840475278057
1.7829999999999144,0.016148181116789978,0.025667577371726886,0.02001827882846509,0.025571276683859025
1.7839999999999143,0.0161481797611021,0.025675983586983944,0.02005587703340086,0.025635142844578483
1.7849999999999142,0.016148178386653604,0.025683666029309722,0.020093653533376065,0.025699441871526767
1.785999999999914,0.016148176987534874,0.025690650746695843,0.020131610052059875,0.02576417669854504
1.786999999999914,0.016148175557487116,0.02569696452238509,0.02016974832133538,0.025829350279359203
1.7879999999999139,0.016148174089896408,0.025702634880882202,0.0202080700813786,0.025894965587714647
1.7889999999999138,0.016148172577789388,0.02570769009392171,0.02024657708073789,0.025961025617511943
1.7899999999999137,0.016148171013829753,0.02571215918638846,0.020285271076413713,0.026027533382943446
1.7909999999999136,0.016148169390316523,0.02571607194218648,0.02032415383393882,0.02609449191863083
1.7919999999999134,0.016148167699183365,0.02571945891005295,0.020363227127458795,0.026161904279763542
1.7929999999999133,0.016148165931999907,0.025722351409313983,0.02040249273981302,0.026229773542238224
1.7939999999999132,0.016148164079974405,0.02572478153557864,0.020441952462616018,0.02629810280279905
1.794999999999913,0.016148162133958414,0.025726782166370015,0.020481608096339192,0.026366895179179013
1.795999999999913,0.016148160084453397,0.025728386966690456,0.02052146145039299,0.026436153810242204
1.796999999999913,0.016148157921619027,0.0257296303945197,0.020561514343209464,0.02650588185612701
1.7979999999999128,0.016148155635284142,0.02573054770624506,0.020601768602325224,0.026576082498390323
1.7989999999999127,0.016148153214959566,0.025731174962022412,0.020642226064464846,0.026646758940152695
1.7999999999999126,0.016148150649853515,0.025731549031068286,0.02068288857562467,0.0267179144062445
1.8009999999999124,0.016148147928889366,0.025731707596882213,0.020723757991157023,0.02678955214335307
1.8019999999999123,0.016148145040726317,0.02573168916240031,0.020764836175854888,0.026861675420170837
1.8029999999999122,0.016148141973782434,0.02573153305507967,0.02080612500403698,0.026934287527544475
1.8039999999999121,0.01614813871626117,0.025731279431914948,0.020847626359633276,0.02700739177862507
1.804999999999912,0.016148135256180463,0.025730969284386573,0.02088934213627097,0.02708099150901927
1.805999999999912,0.01614813158140535,0.025730644443342315,0.02093127423736087,0.027155090076941495
1.8069999999999118,0.016148123434510074,0.02573024366887596,0.0209732063408756,0.02716485643157832
1.8079999999999117,0.0161481367066313,0.02572985260137572,0.02101492212478788,0.027174688979721272
1.8089999999999116,0.016148213646919037,0.025729471014781995,0.021056423492508858,0.02718458817001065
1.8099999999999115,0.01614839563190497,0.025729098688133924,0.02109771233766628,0.02719455445412751
1.8109999999999113,0.016148723171120254,0.025728735405450048,0.021138790544190895,0.02720458828681425
1.8119999999999112,0.016149235912860403,0.0257283809556119,0.021179659986402415,0.027214690125895412
1.8129999999999111,0.016149972650083083,0.02572803513225046,0.02122032252909504,0.027224860432298516
1.813999999999911,0.01615097132642366,0.025727697733635136,0.021260780027622536,0.027235099670075123
1.814999999999911,0.016152269042316144,0.02572736856256587,0.021301034327982905,0.02724540830642199
1.8159999999999108,0.016153902061205754,0.02572704742626705,0.021341087266902606,0.02725578681170242
1.8169999999999107,0.01615590581584235,0.02572673413628481,0.021380940671920354,0.027266235659467678
1.8179999999999106,0.01615831491464284,0.025726428508386245,0.021420596361470517,0.02727675532647863
1.8189999999999105,0.01616116314811337,0.025726130362461314,0.021460056144966096,0.027287346292727492
1.8199999999999104,0.016164483495320556,0.025725839522426915,0.021499321822881265,0.027298009041459723
1.8209999999999102,0.016168308130404187,0.025725555816133356,0.021538395186833533,0.027308744059196075
1.8219999999999101,0.01617266842912257,0.025725279075273087,0.021577278019665497,0.02731955183575481
1.82299999999991,0.01617759497542351,0.025725009135291476,0.021615972095526185,0.027330432864274022
1.82399999999991,0.016183117568034158,0.0257247458352998,0.021654479179952,0.027341387641234154
1.8249999999999098,0.016189265227063356,0.025724489017990404,0.02169280102994729,0.02735241666648066
1.8259999999999097,0.016196066200611568,0.02572423852955366,0.02173093939406451,0.027363520443246782
1.8269999999999096,0.016203547971382754,0.025723994219597236,0.02176889601248401,0.027374699478176542
1.8279999999999095,0.016211737263294362,0.025723755941066913,0.021806672617093428,0.02738595428134785
1.8289999999999094,0.016220660048081353,0.025723523550169745,0.021844270931566715,0.02739728536629576
1.8299999999999093,0.016230341551890768,0.025723296906298904,0.021881692671442795,0.02740869325003594
1.8309999999999091,0.01624080626186431,0.02572307587196034,0.02191893954420382,0.02742017845308822
1.831999999999909,0.016252077932705854,0.02572286031270144,0.0219560132493531,0.027431741499500367
1.832999999999909,0.016264179593232418,0.025722650097041253,0.021992915478492643,0.027443382916872004
1.8339999999999088,0.016277133552906334,0.02572244509640276,0.022029647915400324,0.02745510323637865
1.8349999999999087,0.01629096140834788,0.025722245185046774,0.02206621223610673,0.02746690299279599
1.8359999999999086,0.01630568404982664,0.025722050240007635,0.02210261010897163,0.027478782724524257
1.8369999999999085,0.016321321667731113,0.0257218601410304,0.022138843194760092,0.027490742973612807
1.8379999999999084,0.016337893759016585,0.025721674770510145,0.022174913146718277,0.027502784285784853
1.8389999999999083,0.016355419133630155,0.02572149401343246,0.02221082161064885,0.027514907210462347
1.8399999999999082,0.016373915920913105,0.025721317757316068,0.022246570224986096,0.02752711230079108
1.840999999999908,0.016393401575981303,0.02572114589215662,0.022282160620870663,0.027539400113665888
1.841999999999908,0.016413892886083175,0.025720978310372487,0.022317594422224,0.02755177120975609
1.8429999999999078,0.016435405976936233,0.025720814906751717,0.022352873245822448,0.027564226153531053
1.8439999999999077,0.016457956319041976,0.02572065557840091,0.02238799870137101,0.02757676551328596
1.8449999999999076,0.01648155873398063,0.025720500224695325,0.02242297239157679,0.027589389861167712
1.8459999999999075,0.016506227400685712,0.025720348747230663,0.022457795912222148,0.02760209977320108
1.8469999999999074,0.01653197586169942,0.025720201049776296,0.022492470852237482,0.027614895829314954
1.8479999999999073,0.01655881702940932,0.025720057038229584,0.022526998793773748,0.027627778613368806
1.8489999999999072,0.01658676319226757,0.025719916620571884,0.02256138131227464,0.027640748713179352
1.849999999999907,0.01661582602099257,0.025719779706826047,0.02259561997654848,0.027653806720547347
1.850999999999907,0.01664601657475453,0.02571964620901475,0.02262971634883979,0.027666953231284597
1.8519999999999068,0.01667734530734523,0.025719516041120275,0.022663671984900602,0.02768018884524116
1.8529999999999067,0.016709822073332273,0.02571938911904581,0.022697488434061396,0.027693514166332686
1.8539999999999066,0.016743456134198996,0.02571926536057733,0.022731167239301846,0.027706929802568003
1.8549999999999065,0.016778256164469835,0.025719144685347133,0.02276470993732118,0.027720436366076837
1.8559999999999064,0.016814230257822343,0.025719027014798213,0.022798118058608326,0.02773403447313776
1.8569999999999063,0.016851385933185102,0.02571891227214953,0.02283139312751173,0.027747724744206288
1.8579999999999062,0.016889730140822633,0.025718800382362787,0.022864536662308914,0.02776150780394322
1.858999999999906,0.016929269268406974,0.025718691272109354,0.02289755017527575,0.02777538428124311
1.859999999999906,0.01697000914707638,0.02571858486973891,0.02293043517275547,0.027789354809262982
1.8609999999999058,0.017011955057480307,0.025718481105248343,0.022963193155227376,0.02780342002545121
1.8619999999999057,0.017055111735811604,0.025718379910251714,0.022995825617375332,0.027817580571576614
1.8629999999999056,0.017099483379824816,0.025718281217951056,0.023028334048155946,0.027831837093757722
1.8639999999999055,0.017145073654840748,0.02571818496310755,0.023060719930866516,0.027846190242492293
1.8649999999999054,0.01719188569973674,0.02571809108201383,0.023092984743212704,0.02786064067268694
1.8659999999999053,0.017239922132922258,0.02571799951246656,0.02312512995737596,0.027875189043687056
1.8669999999999052,0.017289185058299444,0.025717910193739833,0.023157157040080707,0.02788983601930688
1.867999999999905,0.017339676071207615,0.025717823066558954,0.023189067452661253,0.027904582267859808
1.868999999999905,0.017391396264351388,0.025717738073074963,0.023220862651128465,0.027919428462188842
1.8699999999999048,0.017444346233711966,0.02571765515683934,0.023252544086236223,0.02793437527969734
1.8709999999999047,0.017498526084440167,0.02571757426277957,0.023284113203547594,0.027949423402379887
1.8719999999999046,0.017553935436730932,0.025717495337174722,0.023315571443500802,0.027964573516853438
1.8729999999999045,0.017610573431678715,0.025717418327631702,0.023346920241474955,0.027979826314388636
1.8739999999999044,0.017668438737112022,0.025717343183061774,0.02337816102785553,0.027995182490941357
1.8749999999999043,0.017727529553407485,0.02571726985365727,0.023409295228099637,0.028010642747184462
1.8759999999999042,0.017787843619281554,0.025717198290869037,0.023440324262801075,0.02802620778853976
1.876999999999904,0.017849378217559494,0.02571712844738367,0.023471249547755133,0.028041878325210212
1.877999999999904,0.017912130180921047,0.02571706027710144,0.0235020724940232,0.028057655072212327
1.8789999999999039,0.017976095897621357,0.02571699373511412,0.023532794507997154,0.028073538749408794
1.8799999999999037,0.01804127131718677,0.02571692877768341,0.023563416991463516,0.028089530081541303
1.8809999999999036,0.018107651956084762,0.02571686536221922,0.023593941341667427,0.028105629798263646
1.8819999999999035,0.01817523290336737,0.0257168034472584,0.023624368951376398,0.028121838634175
1.8829999999999034,0.018244008826286816,0.025716742992443673,0.02365470120894385,0.028138157328853428
1.8839999999999033,0.018313973975883947,0.02571668395850266,0.02368493949837247,0.028154586626889647
1.8849999999999032,0.018385122192547614,0.02571662630722692,0.023715085199377362,0.028171127277920982
1.885999999999903,0.018457446911545744,0.02571657000145165,0.023745139687449,0.0281877800366656
1.886999999999903,0.01853094116852693,0.025716515005034926,0.023775104333915983,0.028204545662956913
1.8879999999999029,0.01860559760499253,0.025716461282837676,0.02380498050600761,0.028221424921778263
1.8889999999999028,0.018681408473739555,0.025716408800703323,0.02383476956691627,0.028238418583297835
1.8899999999999026,0.018758365644273432,0.02571635752543788,0.023864472875859626,0.028255527422903784
1.8909999999999025,0.018836460608191597,0.02571630742479014,0.023894091788142648,0.028272752221239615
1.8919999999999024,0.0189156844845376,0.025716258467431863,0.023923627655219454,0.028290093764239816
1.8929999999999023,0.0189960280251261,0.02571621062293833,0.02395308182475496,0.028307552843165707
1.8939999999999022,0.01907748161983962,0.025716163861768785,0.023982455640686386,0.028325130254641548
1.894999999999902,0.01916003530189724,0.025716118155247294,0.024011750443284567,0.02834282680069088
1.895999999999902,0.01924367875309606,0.025716073475543517,0.024040967569215116,0.028360643288773132
1.8969999999999019,0.01932840130902673,0.0257160297956538,0.024070108351599402,0.028378580531820456
1.8979999999999018,0.019414191964263673,0.02571598708938221,0.024099174120075395,0.028396639348274827
1.8989999999999017,0.019501039377531715,0.025715945331322067,0.024128166200858312,0.028414820562125364
1.8999999999999015,0.019588931876850006,0.02571590449683723,0.024157085916801147,0.02843312500294596
1.9009999999999014,0.01967785746465539,0.025715864562043906,0.024185934587455032,0.028451553505933116
1.9019999999999013,0.019767803822906462,0.025715825503792297,0.024214713529129427,0.028470106911944047
1.9029999999999012,0.019858758318170643,0.025715787299648712,0.024243424054952202,0.028488786067535056
1.903999999999901,0.01995070800669621,0.025715749927877705,0.02427206747492954,0.02850759182500016
1.904999999999901,0.020043639639470985,0.02571571336742444,0.024300645096005713,0.028526525042409975
1.9059999999999009,0.020137539667271217,0.025715677597897096,0.024329158222122713,0.02854558658365086
1.9069999999999008,0.020232394245702057,0.02571564259954982,0.02435760815427975,0.02856477731846436
1.9079999999999007,0.02032818924023276,0.025715608353265463,0.024385996190592625,0.028584098122486863
1.9089999999999006,0.020424910231229384,0.02571557484053884,0.024414323626352936,0.02860354987728957
1.9099999999999004,0.02052254251898793,0.025715542043459945,0.02444259175408721,0.02862313347041872
1.9109999999999003,0.020621071128770704,0.02571550994469778,0.024470801863615846,0.028642849795436073
1.9119999999999002,0.020720480815849148,0.02571547852748382,0.024498955242111993,0.02866269975195969
1.9129999999999001,0.020820756070555987,0.025715447775596208,0.024527053174160273,0.028682684245704988
1.9139999999999,0.020921881123350475,0.025715417673344208,0.024555096941815388,0.028702804188526054
1.9149999999999,0.021023839949899235,0.02571538820555232,0.024583087824660628,0.02872306049845726
1.9159999999998998,0.02112661627617624,0.025715359357545358,0.024611027099866248,0.028743454099755143
1.9169999999998997,0.02123019358358548,0.02571533111513337,0.024638916042247744,0.02876398592294059
1.9179999999998996,0.021334555114108502,0.02571530346459687,0.024666755924324026,0.02878465690484128
1.9189999999998995,0.021439683875481078,0.02571527639267251,0.024694548016375467,0.028805467988634433
1.9199999999998993,0.021545562646401187,0.02571524988653893,0.02472229358650188,0.028826420123889855
1.9209999999998992,0.021652173981771317,0.025715223933802708,0.02474999390068038,0.028847514266613264
1.9219999999998991,0.021759500217978265,0.025715198522485008,0.024777650222823123,0.028868751379289896
1.922999999999899,0.02186752347821237,0.02571517364100824,0.024805263814835006,0.028890132430928448
1.923999999999899,0.021976225677829152,0.025715149278183067,0.024832835936671228,0.028911658397105255
1.9249999999998988,0.022085588529754827,0.02571512542319581,0.02486036784639478,0.028933330260008838
1.9259999999998987,0.02219559354993831,0.025715102065596043,0.024887860800233853,0.0289551490084847
1.9269999999998986,0.02230622206285062,0.025715079195284974,0.02491531605263916,0.028977115638080454
1.9279999999998985,0.022417455207033563,0.025715056802503244,0.024942734856341166,0.028999231151091237
1.9289999999998984,0.022529273940698095,0.0257150348778203,0.024970118462407254,0.029021496556605464
1.9299999999998982,0.022641659047373513,0.025715013412123098,0.024997468120298804,0.02904391287055085
1.9309999999998981,0.022754591141607165,0.025714992396605827,0.025024785077928206,0.029066481115740762
1.931999999999898,0.02286805067471493,0.02571497182275963,0.0250520705817158,0.029089202321920908
1.932999999999898,0.02298201794058123,0.025714951682363117,0.02507932587664675,0.029112077525816325
1.9339999999998978,0.023096473081508678,0.025714931967473008,0.025106552206327848,0.029135107771178642
1.9349999999998977,0.023211396094114028,0.025714912670415264,0.025133750813044253,0.02915829410883376
1.9359999999998976,0.023326766835270397,0.02571489378377691,0.02516092293781618,0.02918163759672975
1.9369999999998975,0.02344256502809151,0.025714875300398003,0.02518806982045553,0.02920513929998516
1.9379999999998974,0.02355877026795626,0.025714857213364205,0.025215192699622448,0.029228800290937603
1.9389999999998973,0.023675362028569152,0.02571483951600019,0.02524229281288184,0.02925262164919267
1.9399999999998971,0.023792319668053053,0.025714822201863073,0.02526937139675986,0.029276604461673215
1.940999999999897,0.023909622435069316,0.02571480526473683,0.02529642968680031,0.029300749822668934
1.941999999999897,0.02402724947496047,0.02571478869862699,0.02532346891762103,0.029325058833886305
1.9429999999998968,0.02414517983590958,0.025714772497756288,0.025350490322970213,0.029349532604498844
1.9439999999998967,0.024263392475109547,0.025714756656560613,0.02537749513578272,0.029374172251197726
1.9449999999998966,0.024381866264936693,0.02571474116968602,0.025404484588236322,0.02939897889824274
1.9459999999998965,0.02450057999912008,0.025714726031985963,0.02543145991180793,0.02942395367751357
1.9469999999998964,0.024619512398899087,0.02571471123851987,0.025458422337329777,0.029449097728561448
1.9479999999998963,0.024738642119161006,0.02571469678455214,0.02548537309504558,0.029474412198661166
1.9489999999998961,0.024857947754549164,0.02571468266555179,0.025512313414666688,0.0294998982428634
1.949999999999896,0.024977407845532016,0.025714668877193668,0.02553924452542817,0.029525557024047425
1.950999999999896,0.025097000884423536,0.025714655415359694,0.025566167656144913,0.029551389712974174
1.9519999999998958,0.025216705321343097,0.025714642276141828,0.025593084035267694,0.02957739748833966
1.9529999999998957,0.025336499570104754,0.025714629455845614,0.025619994890939222,0.029603581536828738
1.9539999999998956,0.025456362014023154,0.025714616950994824,0.02564690145105019,0.029629943053169298
1.9549999999998955,0.025576271011623825,0.025714604758337336,0.025673804943295287,0.029656483240186715
1.9559999999998954,0.025696204902244828,0.02571459287485205,0.02570070659522922,0.029683203308858784
1.9569999999998953,0.025816142011516396,0.02571458129775708,0.02572760763432273,0.029710104478370948
1.9579999999998952,0.025936060837948156,0.025714570022078297,0.025754509288018593,0.029737187976171933
1.958999999999895,0.026055940245747512,0.025714559038143937,0.02578141278378763,0.029764455038029755
1.959999999999895,0.026175759276215727,0.02571454833421503,0.025808319349184705,0.02979190690808811
1.9609999999998948,0.026295496962687227,0.025714537899047072,0.02583523021190475,0.029819544838923125
1.9619999999998947,0.02641513233562095,0.025714527721877316,0.025862146599838782,0.029847370091600545
1.9629999999998946,0.0265346444278018,0.025714517792411833,0.02588906974112991,0.02987538393573323
1.9639999999998945,0.026654012279652695,0.025714508100812057,0.025916000864229394,0.029903587649539112
1.9649999999998944,0.026773214944656183,0.025714498637681167,0.025942941197952683,0.029931982519899522
1.9659999999998943,0.026892231494885944,0.02571448939405029,0.025969891971535493,0.029960569842417885
1.9669999999998942,0.02701104102664617,0.025714480361364242,0.02599685441468989,0.029989350921478856
1.967999999999894,0.02712962266621747,0.025714471531468094,0.0260238297576604,0.030018327070307823
1.968999999999894,0.02724795557570776,0.025714462896592356,0.026050819231280147,0.030047499611030842
1.9699999999998938,0.02736601895900485,0.025714454449339685,0.026077824067026998,0.030076869874734943
1.9709999999998937,0.027483792067828746,0.025714446182670377,0.026104845497079775,0.030106439201528883
1.9719999999998936,0.027601254207879896,0.02571443808988885,0.026131884754374463,0.030136208940604283
1.9729999999998935,0.027718384745079695,0.02571443016463009,0.02615894307266047,0.030166180450297196
1.9739999999998934,0.027835163111899784,0.025714422400845822,0.026186021686556916,0.03019635509815008
1.9749999999998933,0.027951568813775203,0.025714414792791854,0.02621312183160898,0.03022673426097419
1.9759999999998932,0.028067581435596876,0.0257144073350147,0.02624024474434426,0.030257319324912414
1.976999999999893,0.02818318064827875,0.025714400022339125,0.0262673916623292,0.030288111685502515
1.977999999999893,0.028298346215393722,0.025714392849855855,0.026294563824225556,0.03031911274774079
1.9789999999998928,0.028413057999873474,0.025714385812909343,0.02632176246984692,0.03035032392614621
1.9799999999998927,0.02852729597076576,0.0257143789070865,0.026348988840215283,0.03038174664482493
1.9809999999998926,0.028641040210044093,0.02571437212820493,0.026376244177617664,0.030413382337535287
1.9819999999998925,0.028754270919462747,0.02571436547230232,0.02640352972566279,0.03044523244775322
1.9829999999998924,0.028866968427451685,0.025714358935625705,0.02643084672933784,0.03047729842873811
1.9839999999998923,0.028979113196044803,0.025714352514621203,0.026458196435065265,0.030509581743599128
1.9849999999998922,0.029090685827834827,0.02571434620592447,0.02648558009075963,0.03054208386536196
1.985999999999892,0.029201667072949283,0.025714340006350773,0.026512998945884582,0.030574806277036026
1.986999999999892,0.029312037836040486,0.02571433391288643,0.026540454251509853,0.03060775047168217
1.9879999999998919,0.02942177918328355,0.025714327922679716,0.026567947260368333,0.030640917952480744
1.9889999999998917,0.02953087234937641,0.025714322033032665,0.026595479226913243,0.03067431023280024
1.9899999999998916,0.029639298744535417,0.025714316241393115,0.02662305140737537,0.030707928836266312
1.9909999999998915,0.029747039961481238,0.025714310545347077,0.026650665059820382,0.030741775296831298
1.9919999999998914,0.029854077782408565,0.02571430494261137,0.026678321444206236,0.03077585115884423
1.9929999999998913,0.029960394185934706,0.025714299431026783,0.02670602182244066,0.030810157977121277
1.9939999999998912,0.0300659713540218,0.025714294008551443,0.026733767458438747,0.030844697317016705
1.994999999999891,0.0301707916788674,0.025714288673254582,0.026761559618180608,0.0308794707544943
1.995999999999891,0.03027483776975899,0.025714283423310436,0.02678939956976914,0.03091447987619926
1.9969999999998909,0.030378092459887877,0.025714278256992802,0.0268172885834879,0.030949726279530607
1.9979999999998908,0.0304805388131185,0.02571427317266952,0.02684522793185904,0.03098521157271407
1.9989999999998906,0.030582160130709492,0.025714268168797377,0.026873218889701407,0.031020937374875462
1.9999999999998905,0.030682939957983095,0.025714263243917426,0.02690126273418867,0.031056905316114554
2.0009999999998906,0.030782862090939413,0.02571425839665037,0.026929360744907628,0.03109311703757947
2.0019999999998905,0.030881910582813886,0.025714253625692334,0.026957514203916573,0.03112957419154155
2.0029999999998904,0.03098006975057474,0.025714248929810654,0.026985724395803795,0.031166278441470747
2.0039999999998903,0.031077324181358595,0.025714244307840396,0.0270139926077462,0.031203231462111528
2.00499999999989,0.031173658738843174,0.025714239758680393,0.027042320129568042,0.031240434939559292
2.00599999999989,0.03126905856955522,0.02571423528129026,0.027070708253799765,0.03127789057133731
2.00699999999989,0.03136350910911315,0.025714230874687095,0.02709915827573698,0.03131560006647415
2.00799999999989,0.03145699608840365,0.025714226537942406,0.027127671493499584,0.031353565145581706
2.0089999999998898,0.03154950553969177,0.02571422227017953,0.02715624920809097,0.03139178754093365
2.0099999999998897,0.031641023802665307,0.025714218070571074,0.027184892723457397,0.031430268996544525
2.0109999999998895,0.031731537530412794,0.025714213938336342,0.027213603346547488,0.03146901126824926
2.0119999999998894,0.031821033695336426,0.02571420987273934,0.027242382387371866,0.03150801612378337
2.0129999999998893,0.03190949959500062,0.025714205873086503,0.027271231159062922,0.03154728534286354
2.013999999999889,0.03199692285791714,0.025714201938724944,0.027300150977934732,0.03158682071726885
2.014999999999889,0.03208329144926854,0.02571419806904053,0.027329143163543117,0.03162662405092254
2.015999999999889,0.03216859367657075,0.02571419426345649,0.02735820903874586,0.03166669715997434
2.016999999999889,0.032252818195277394,0.025714190521431562,0.027387349929763046,0.03170704187288327
2.0179999999998888,0.032335954014327116,0.025714186842458974,0.0274165671662376,0.03174766003050116
2.0189999999998887,0.032417990501636,0.025714183226065,0.027445862081295937,0.03178855348615656
2.0199999999998886,0.03249891738953793,0.025714179671807787,0.0274752360116088,0.03182972410573936
2.0209999999998884,0.03257872478017396,0.025714176179276314,0.027504690297452245,0.0318711737677859
2.0219999999998883,0.03265740315083441,0.025714172748089615,0.027534226282768793,0.0319129043635647
2.022999999999888,0.03273494335925517,0.025714169377895616,0.027563845315228763,0.03195491779716274
2.023999999999888,0.03281133664887115,0.025714166068370525,0.027593548746291753,0.03199721598557234
2.024999999999888,0.032886574654029666,0.02571416281921803,0.027623337931268303,0.032039800858778666
2.025999999999888,0.032960649405165916,0.025714159630168605,0.02765321422938174,0.03208267435984772
2.026999999999888,0.03303355333394359,0.02571415650097906,0.027683179003830202,0.03212583844501507
2.0279999999998877,0.03310527927836312,0.025714153431431606,0.02771323362184883,0.032169295083775064
2.0289999999998876,0.03317582048784032,0.025714150421333702,0.02774337945477215,0.03221304625897071
2.0299999999998875,0.033245170628258165,0.025714147470517205,0.027773617878096648,0.03225709396688414
2.0309999999998873,0.0333133237869944,0.025714144578837875,0.02780395027154355,0.03230144021732774
2.0319999999998872,0.03338027447792747,0.02571414174617507,0.027834378019121732,0.03234608703373578
2.032999999999887,0.033446017646423645,0.025714138972430765,0.027864902509190916,0.03239103645325679
2.033999999999887,0.03351054867430817,0.02571413625752948,0.027895525134524986,0.032436290526846503
2.034999999999887,0.033573863384822634,0.0257141336014172,0.02792624729237556,0.03248185131936143
2.035999999999887,0.03363595804757162,0.025714131004060795,0.027957070384535727,0.03252772090965308
2.0369999999998867,0.0336968293834609,0.025714128465447347,0.027987995817404018,0.03257390139066281
2.0379999999998866,0.033756474569630046,0.025714125985583182,0.02801902500204857,0.032620394869517316
2.0389999999998865,0.03381489124438203,0.025714123564492892,0.028050159354271516,0.032667203467624806
2.0399999999998863,0.033872077512112034,0.02571412120221827,0.028081400294673587,0.03271432932077175
2.0409999999998862,0.03392803194823829,0.02571411889881701,0.028112749248718923,0.032761774579220374
2.041999999999886,0.033982753604137855,0.025714116654361265,0.028144207646800125,0.032809541407806744
2.042999999999886,0.03403624201208889,0.025714114468936088,0.028175776924303512,0.03285763198603956
2.043999999999886,0.034088497190222944,0.02571411234263777,0.028207458521674618,0.0329060485081996
2.044999999999886,0.034139519647489174,0.025714110275571408,0.028239253884483916,0.03295479318343983
2.0459999999998857,0.03418931038863312,0.02571410826784924,0.028271164463492777,0.033003868235886205
2.0469999999998856,0.03423787091919281,0.02571410631958757,0.02830319171471967,0.03305327590473918
2.0479999999998855,0.03428520325051427,0.025714104430904293,0.028335337099506593,0.03310301844437584
2.0489999999998854,0.0343313099047892,0.025714102601915752,0.028367602084585747,0.03315309812445279
2.0499999999998852,0.03437619392011699,0.025714100832733087,0.028399988142146466,0.033203517230009694
2.050999999999885,0.034419858855594,0.025714099123458935,0.02843249674990239,0.033254278061573564
2.051999999999885,0.034462308796431855,0.025714097474182764,0.0284651293911589,0.03330538293526371
2.052999999999885,0.03450354835910765,0.025714095884976928,0.028497887554880766,0.033356834182897414
2.053999999999885,0.03454358269654781,0.025714094355891354,0.02853077273576012,0.03340863415209634
2.0549999999998847,0.034582417503348666,0.025714092886948522,0.028563786434284644,0.033460785206393666
2.0559999999998846,0.03462005902103469,0.025714091478137597,0.02859693015680603,0.033513289725341885
2.0569999999998845,0.0346565140433575,0.02571409012940855,0.028630205415608716,0.03356615010462141
2.0579999999998844,0.034691789921637045,0.025714088840665207,0.028663613728978892,0.03361936875614988
2.0589999999998843,0.034725894570146465,0.025714087611758585,0.028697156621273763,0.03367294810819222
2.059999999999884,0.034758836471542855,0.025714086442479092,0.028730835622991117,0.033726890605471405
2.060999999999884,0.03479062468234464,0.025714085332548806,0.028764652270839162,0.03378119870928005
2.061999999999884,0.03482126883845717,0.025714084281613044,0.02879860810780662,0.033835874897592676
2.062999999999884,0.03485077916074724,0.025714083289231315,0.028832704683233158,0.033890921665178805
2.0639999999998837,0.03487916646066709,0.025714082354868287,0.02886694355288006,0.03394634152371679
2.0649999999998836,0.0349064421459284,0.025714081477883753,0.028901326279001223,0.03400213700190838
2.0659999999998835,0.03493261822622616,0.025714080657522686,0.028935854430414448,0.034058310645594156
2.0669999999998834,0.034957707319012044,0.02571407989290447,0.028970529582573,0.034114865017869644
2.0679999999998833,0.03498172265531661,0.025714079183011947,0.029005353317637515,0.034171802699202294
2.068999999999883,0.03500467808561924,0.025714078526680176,0.029040327224548176,0.03422912628754922
2.069999999999883,0.03502658808576411,0.025714077922584625,0.02907545289909723,0.03428683839847572
2.070999999999883,0.035047467762920656,0.025714077369229267,0.029110731944001773,0.03434494166527463
2.071999999999883,0.03506733286158571,0.025714076864934304,0.029146165968976907,0.03440343873908648
2.0729999999998827,0.03508619976962481,0.02571407640782379,0.029181756590809176,0.03446233228902047
2.0739999999998826,0.035104085524349814,0.025714075995812897,0.029217505433430335,0.03452162500227624
2.0749999999998825,0.035121007818628126,0.02571407562659536,0.029253414127991453,0.03458131958426647
2.0759999999998824,0.035136985007021046,0.025714075297630635,0.02928948431293734,0.03464141875874036
2.0769999999998823,0.03515203611194592,0.025714075006131022,0.02932571763408129,0.03470192526790787
2.077999999999882,0.03516618082985733,0.025714074749049323,0.029362115744680197,0.03476284187256488
2.078999999999882,0.03517943953744309,0.025714074523065844,0.029398680305509982,0.034824171352219116
2.079999999999882,0.03519183329782914,0.02571407432457656,0.02943541298494137,0.03488591650521702
2.080999999999882,0.03520338386678829,0.025714074149680837,0.02947231545901601,0.034948080148871394
2.0819999999998817,0.035214113698946656,0.02571407399416992,0.029509389411522965,0.03501066511958998
2.0829999999998816,0.03522404595398274,0.02571407385351597,0.02954663653407552,0.03507367427300486
2.0839999999998815,0.03523320450281265,0.025714073722861087,0.029584058526188377,0.03513711048410275
2.0849999999998814,0.03524161393375636,0.025714073597008003,0.029621657095355206,0.0352009766473562
2.0859999999998813,0.03524929955867825,0.0257140734704104,0.029659433957126547,0.03526527567685564
2.086999999999881,0.03525628741909755,0.02571407333716489,0.02969739083518809,0.03533001050644237
2.087999999999881,0.035262604292262106,0.02571407319100379,0.029735529461439317,0.035395184089842394
2.088999999999881,0.03526827769718049,0.025714073025288532,0.02977385157607254,0.035460799400801234
2.089999999999881,0.03527333590060798,0.025714072833004694,0.02981235892765229,0.03552685943321956
2.0909999999998807,0.03527780792298091,0.025714072606758124,0.029851053273195094,0.035593367201289854
2.0919999999998806,0.03528172354429571,0.02571407233877231,0.029889936378249674,0.035660325739633916
2.0929999999998805,0.035285113309928194,0.025714072020887574,0.029929010016977474,0.03572773810344131
2.0939999999998804,0.035288008536389866,0.02571407164456122,0.02996827597223363,0.03579560736860882
2.0949999999998803,0.03529044131701788,0.025714071200870162,0.0300077360356483,0.03586393663188071
2.09599999999988,0.035292444527596334,0.02571407068051443,0.030047392007708437,0.03593272901099012
2.09699999999988,0.035294051831905926,0.02571407007382349,0.030087245697839927,0.03600198764480125
2.09799999999988,0.03529529768720102,0.025714069370763985,0.030127298924490144,0.03607171569345263
2.09899999999988,0.035296217349612045,0.02571406856094969,0.030167553515210943,0.03614191633850126
2.0999999999998797,0.03529684687947221,0.025714067633653945,0.030208011306742024,0.03621259278306783
2.1009999999998796,0.03529722314656852,0.02571406657782439,0.03024867414509476,0.03628374825198283
2.1019999999998795,0.03529738383531559,0.025714065382099752,0.030289543885636403,0.036355385991933734
2.1029999999998794,0.03529736744985315,0.025714064034830113,0.030330622393174772,0.0364275092716131
2.1039999999998793,0.035297213319066684,0.025714062524099118,0.03037191154204331,0.036500121381867735
2.104999999999879,0.03529696160153158,0.025714060837749606,0.030413413216186628,0.03657322563584885
2.105999999999879,0.03529665329038104,0.02571405896341208,0.03045512930924645,0.03664682536916323
2.106999999999879,0.03529633021809791,0.02571405688853641,0.030497061724648025,0.03672092394002543
2.107999999999879,0.03529593188829293,0.025714052653208096,0.03053899414036843,0.03673069029468511
2.1089999999998787,0.03529554322708051,0.025714069685064612,0.030580710234384748,0.036740522842851085
2.1099999999998786,0.03529516400923926,0.025714150235265448,0.030622211910122273,0.036750422033163636
2.1109999999998785,0.0352947940146317,0.025714335682522675,0.030663501061222804,0.03676038831730381
2.1119999999998784,0.03529443302808426,0.025714666538797074,0.030704579571631054,0.036770422150014054
2.1129999999998783,0.03529408083927007,0.025715182455128407,0.030745449315680597,0.03678052398911886
2.113999999999878,0.03529373724259455,0.0257159222275865,0.030786112158179408,0.03679069429554577
2.114999999999878,0.03529340203708406,0.025716923803328972,0.030826569954494936,0.03680093353334635
2.115999999999878,0.035293075026276925,0.025718224286752994,0.030866824550638765,0.036811242169717345
2.116999999999878,0.03529275601811749,0.02571985994572992,0.030906877783350845,0.036821620675022065
2.1179999999998778,0.035292444824852505,0.0257218662179108,0.030946731480183304,0.03683206952281178
2.1189999999998776,0.03529214126293037,0.02572427771709334,0.030986387459583827,0.03684258918984736
2.1199999999998775,0.035291845152902374,0.025727128239639897,0.031025847530978635,0.03685318015612101
2.1209999999998774,0.0352915563193271,0.02573045077093845,0.03106511349485504,0.03686384290487821
2.1219999999998773,0.03529127459067627,0.025734277491898373,0.031104187142843596,0.036874577922639686
2.122999999999877,0.03529099979924378,0.0257386397854727,0.031143070257799867,0.03688538569922372
2.123999999999877,0.035290731781056205,0.02574356824320138,0.031181764613885745,0.036896266727768405
2.124999999999877,0.03529047037578612,0.025749092671768385,0.031220271976650425,0.03690722150475419
2.125999999999877,0.03529021542666706,0.025755242099567557,0.03125859410311095,0.0369182505300265
2.1269999999998768,0.035289966780410915,0.025762044783272483,0.031296732741832395,0.03692935430681861
2.1279999999998767,0.03528972428712715,0.02576952821440517,0.03133468963300764,0.036940533341774544
2.1289999999998765,0.03528948780024422,0.025777719125900933,0.031372466508536756,0.036951788144972186
2.1299999999998764,0.03528925717643264,0.02578664349866479,0.031410065092106074,0.03696311922994662
2.1309999999998763,0.03528903227553052,0.025796326568117277,0.031447487099266785,0.036974527113713504
2.131999999999876,0.035288812960470324,0.02580679283072702,0.031484734237513246,0.03698601231679267
2.132999999999876,0.03528859909720802,0.025818066050528284,0.03152180820636087,0.03699757536323188
2.133999999999876,0.03528839055465396,0.025830169265621025,0.031558710697423706,0.03700921678063077
2.134999999999876,0.03528818720460533,0.02584312479465319,0.03159544339449157,0.03702093710016485
2.1359999999998758,0.03528798892168065,0.025856954243283513,0.03163200797360693,0.03703273685660981
2.1369999999998757,0.03528779558325604,0.02587167851062465,0.03166840610314133,0.037044616588365886
2.1379999999998756,0.03528760706940306,0.025887317795665363,0.03170463944387157,0.03705657683748243
2.1389999999998754,0.03528742326282826,0.025903891603673068,0.03174070964905543,0.03706861814968266
2.1399999999998753,0.03528724404881458,0.025921418752574952,0.03177661836450714,0.03708074107438854
2.1409999999998752,0.03528706931516435,0.025939917379319374,0.03181236722867244,0.03709294616474583
2.141999999999875,0.03528689895214381,0.025959404946217162,0.031847957872703406,0.03710523397764941
2.142999999999875,0.03528673285242944,0.025979898247262947,0.031883391920532786,0.037117605073768566
2.143999999999875,0.03528657091105562,0.02600141341443839,0.031918670988948177,0.03713006001757268
2.144999999999875,0.035286413025364,0.026023965923996428,0.03195379668766575,0.037142599377356936
2.1459999999998747,0.035286259094954475,0.026047570602728217,0.031988770619403716,0.03715522372526824
2.1469999999998746,0.035286109021637334,0.026072241634213345,0.03202359437995544,0.03716793363733136
2.1479999999998745,0.03528596270938704,0.026097992565053622,0.03205826955826227,0.03718072969347519
2.1489999999998743,0.03528582006429755,0.02612483631109219,0.03209279773648604,0.0371936124775592
2.1499999999998742,0.03528568099453867,0.026152785163617256,0.03212718049008123,0.0372065825774001
2.150999999999874,0.035285545410314076,0.026181850795552384,0.03216141938786691,0.037219640584798666
2.151999999999874,0.0352854132238203,0.026212044267633492,0.032195515992098245,0.03723278709556669
2.152999999999874,0.03528528434920726,0.02624337603457313,0.03222947185853784,0.037246022709554225
2.153999999999874,0.035285158702539746,0.02627585595121264,0.03226328853652671,0.037259348030676945
2.1549999999998737,0.03528503620176024,0.026309493278662166,0.03229696756905495,0.03727276366694367
2.1559999999998736,0.03528491676665264,0.02634429669043028,0.03233051049283217,0.037286270230484114
2.1569999999998735,0.035284800318807215,0.026380274278541425,0.0323639188383576,0.03729986833757687
2.1579999999998734,0.03528468678158661,0.026417433559643277,0.03239719412998991,0.037313558608677445
2.1589999999998732,0.03528457608009252,0.026455781481102576,0.03243033788601679,0.037327341668446645
2.159999999999873,0.03528446814113365,0.0264953244270909,0.0324633516187242,0.03734121814577901
2.160999999999873,0.03528436289319435,0.026536068224658708,0.0324962368344654,0.037355188673831585
2.161999999999873,0.035284260266404015,0.02657801814979886,0.03252899503372965,0.03736925389005273
2.162999999999873,0.03528416019250749,0.026621178933498513,0.03256162771121071,0.03738341443621128
2.1639999999998727,0.035284062604836006,0.026665554767779095,0.03259413635587502,0.03739767095842576
2.1649999999998726,0.035283967438278906,0.026711149311724417,0.03262652245102962,0.03741202410719393
2.1659999999998725,0.03528387462925603,0.026757965697495705,0.03265878747438988,0.0374264745374224
2.1669999999998724,0.03528378411569066,0.026806006536333447,0.032690932898146875,0.03744102290845657
2.1679999999998723,0.03528369583698299,0.026855273924545547,0.03272296018903459,0.037455669884110684
2.168999999999872,0.035283609733984415,0.02690576944948016,0.03275487080839682,0.03747041613269812
2.169999999999872,0.03528352574897188,0.026957494195483767,0.03278666621225389,0.03748526232706191
2.170999999999872,0.035283443825623075,0.027010448749842448,0.032818347851369035,0.0375002091446054
2.171999999999872,0.03528336390899189,0.027064633208706376,0.032849917171314635,0.03751525726732317
2.1729999999998717,0.03528328594548416,0.027120047182996165,0.03288137561253816,0.03753040738183218
2.1739999999998716,0.03528320988283413,0.027176689804290402,0.03291272461042791,0.037545660179403084
2.1749999999998715,0.03528313567008096,0.027234559730693296,0.03294396559537846,0.03756101635599175
2.1759999999998714,0.03528306325754557,0.027293655152681683,0.032975099992856007,0.037576476612271044
2.1769999999998713,0.03528299259680799,0.02735397379893027,0.03300612922346333,0.037592041653662776
2.177999999999871,0.035282923640684714,0.02741551294211441,0.03303705470300467,0.03760771219036991
2.178999999999871,0.03528285634320667,0.027478269404689244,0.033067877842550296,0.03762348893740896
2.179999999999871,0.03528279065959697,0.027542239564644525,0.03309860004850089,0.037639372614642605
2.180999999999871,0.03528272654624927,0.02760741936123438,0.03312922272265174,0.037655363946812535
2.1819999999998707,0.0352826639607062,0.0276738043006807,0.033159747262256685,0.03767146366357257
2.1829999999998706,0.03528260286163793,0.027741389461850126,0.033190175060091885,0.03768767249952186
2.1839999999998705,0.0352825432088211,0.02781016950190304,0.033220507504519346,0.037703991194238486
2.1849999999998704,0.03528248496311758,0.027880138661914848,0.03325074597955027,0.03772042049231316
2.1859999999998703,0.035282428086453876,0.027951290772468194,0.03328089186490824,0.037736961143383214
2.18699999999987,0.035282372541800326,0.028023619259216093,0.03331094653609214,0.037753613902166805
2.18799999999987,0.03528231829315058,0.028097117148415326,0.03334091136443892,0.037770379528497364
2.18899999999987,0.03528226530550127,0.028171777072429672,0.033370787717186184,0.03778725878735823
2.18999999999987,0.035282213544831686,0.028247591275203453,0.03340057695753455,0.03780425244891758
2.1909999999998697,0.03528216297808374,0.028324551617704058,0.03343028044470989,0.03782136128856358
2.1919999999998696,0.03528211357314212,0.028402649583334626,0.033459899534025284,0.03783858608693973
2.1929999999998695,0.03528206529881444,0.02848187628331658,0.03348943557694294,0.037855927629980524
2.1939999999998694,0.03528201812481136,0.028562222462041896,0.0335188899211358,0.037873386708947285
2.1949999999998693,0.035281972021727497,0.02864367850239599,0.03354826391054905,0.03789096412046427
2.195999999999869,0.0352819269610217,0.028726234431051996,0.033577558885461434,0.03790866066655502
2.196999999999869,0.03528188291499812,0.02880987992373599,0.03360677618254643,0.03792647715467898
2.197999999999869,0.03528183985678689,0.02889460431046562,0.033635917134933226,0.03794441439776829
2.198999999999869,0.03528179776032538,0.028980396580761666,0.033664983072267535,0.03796247321426493
2.1999999999998687,0.03528175660033945,0.029067245388834546,0.03369397532077229,0.037980654428158026
2.2009999999998686,0.0352817163523248,0.029155139058746934,0.03372289520330814,0.03799895886902147
2.2019999999998685,0.03528167699252849,0.02924406558955366,0.0337517440394338,0.038017387372051764
2.2029999999998684,0.03528163849793098,0.02933401266042111,0.0337805231454663,0.038035940778106125
2.2039999999998683,0.03528160084622776,0.02942496763572733,0.033809233834541,0.03805461993374086
2.204999999999868,0.035281564015811555,0.029516917570145115,0.03383787741667153,0.03807342569124999
2.205999999999868,0.03528152798575477,0.029609849213710394,0.03386645519880957,0.03809235890870412
2.206999999999868,0.03528149273579174,0.029703749016877702,0.03389496848490445,0.03811142044998962
2.207999999999868,0.03528145824630177,0.029798603135565663,0.033923418575962684,0.03813061118484804
2.2089999999998677,0.035281424498291615,0.029894397436194747,0.033951806770107326,0.038149931988915774
2.2099999999998676,0.0352813914733791,0.029991117500719956,0.03398013436263717,0.03816938374376401
2.2109999999998675,0.03528135915377598,0.03008874863166167,0.0340084026460859,0.038188967336939
2.2119999999998674,0.03528132752227182,0.030187275857136837,0.03403661291028102,0.0382086836620025
2.2129999999998673,0.03528129656221771,0.03028668393589443,0.034064766442402736,0.038228533618572584
2.213999999999867,0.03528126625751024,0.0303869573623574,0.03409286452704268,0.03824851811236466
2.214999999999867,0.03528123659257582,0.0304880803716748,0.03412090844626252,0.038268638055232826
2.215999999999867,0.0352812075523552,0.030590036944786975,0.034148899479652446,0.03828889436521144
2.216999999999867,0.035281179122288335,0.030692810813507332,0.0341768389043896,0.03830928796655706
2.2179999999998667,0.03528115128829921,0.03079638546562348,0.03420472799529629,0.03832981978979056
2.2189999999998666,0.03528112403678143,0.030900744150021232,0.0342325680248982,0.03835049077173963
2.2199999999998665,0.03528109735458352,0.031005869881834416,0.03426036026348245,0.03837130185558149
2.2209999999998664,0.03528107122899515,0.031111745447623716,0.034288105979155534,0.03839225399088596
2.2219999999998663,0.03528104564773286,0.031218353410587228,0.034315806437901206,0.03841334813365875
2.222999999999866,0.03528102059892693,0.03132567611580584,0.03434346290363822,0.0384345852463851
2.223999999999866,0.03528099607110791,0.03143369569552596,0.034371076638278014,0.0384559662980737
2.224999999999866,0.035280972053193714,0.031542394074482144,0.0343986489017823,0.03847749226430089
2.225999999999866,0.03528094853447707,0.03165175297526166,0.03442618095222054,0.0384991641272552
2.2269999999998658,0.03528092550461326,0.03176175392371383,0.03445367404582734,0.03852098287578213
2.2279999999998656,0.03528090295360806,0.03187237825440454,0.03448112943705979,0.0385429495054293
2.2289999999998655,0.03528088087180633,0.03198360711611924,0.0345085483786547,0.038565065018491856
2.2299999999998654,0.035280859249880545,0.03209542147741395,0.03453593212168573,0.03858733042405821
2.2309999999998653,0.03528083807882021,0.032207802132216135,0.03456328191562051,0.03860974673805606
2.231999999999865,0.03528081734992114,0.0323207297054757,0.034590599008377645,0.0386323149832988
2.232999999999865,0.03528079705477545,0.032434184658866244,0.03461788464638364,0.03865503618953214
2.233999999999865,0.03528077718526196,0.03254814729653603,0.03464514007462978,0.03867791139348109
2.234999999999865,0.035280757733536644,0.032662597770908436,0.03467236653672894,0.03870094163889732
2.2359999999998648,0.035280738692024215,0.03277751608853033,0.034699565274972324,0.03872412797660671
2.2369999999998647,0.035280720053409355,0.032892882115966894,0.03472673753038615,0.03874747146455735
2.2379999999998645,0.035280701810629034,0.03300867558574086,0.03475388454278827,0.03877097316786777
2.2389999999998644,0.03528068395686508,0.033124876102313586,0.034781007550844754,0.038794634158875595
2.2399999999998643,0.03528066648553712,0.03324146314810455,0.0348081077921264,0.03881845551718642
2.240999999999864,0.0352806493902964,0.03335841608954618,0.03483518650316519,0.0388424383297231
2.241999999999864,0.035280632665019775,0.033475714183169705,0.03486224491951073,0.03886658369077534
2.242999999999864,0.035280616303804684,0.0335933365817169,0.03488928427578663,0.038890892702049616
2.243999999999864,0.035280600300964485,0.03371126234027348,0.0349163058057468,0.03891536647271944
2.2449999999998638,0.03528058465102416,0.03382947042241749,0.03494331074233179,0.038940006119476005
2.2459999999998637,0.03528056934871758,0.033947939706377,0.03497030031772502,0.03896481276657908
2.2469999999998636,0.03528055438898446,0.034066648991189996,0.034997275763409004,0.038989787545908365
2.2479999999998634,0.03528053976696868,0.03418557700285936,0.03502423831022155,0.03901493159701509
2.2489999999998633,0.035280525478017216,0.034304702400494456,0.03505118918841192,0.03904024606717407
2.249999999999863,0.03528051151767982,0.03442400378243177,0.03507812962769695,0.039065732111435963
2.250999999999863,0.03528049788170977,0.03454345969232469,0.03510506085731717,0.03909139089268005
2.251999999999863,0.035280484566065265,0.034663048625193295,0.03513198410609289,0.039117223581667276
2.252999999999863,0.035280471566911865,0.03478274903342387,0.03515890060248027,0.03914323135709363
2.253999999999863,0.03528045888062617,0.03490253933270777,0.03518581157462738,0.03916941540564401
2.2549999999998627,0.03528044650380009,0.035022397907907836,0.035212718250430215,0.039195776922046274
2.2559999999998626,0.03528043443324662,0.035142303118841055,0.03523962185758875,0.03922231710912582
2.2569999999998624,0.035280422666006415,0.03526223330596477,0.03526652362366293,0.03924903717786043
2.2579999999998623,0.03528041119935584,0.035382166795953705,0.035293424776128714,0.03927593834743556
2.2589999999998622,0.03528040002832179,0.035502082087115264,0.03532032654243404,0.03930302184529995
2.259999999999862,0.035280389143124605,0.035621958040926334,0.03534723015005487,0.039330288907221594
2.260999999999862,0.03528037853187129,0.0357417736948301,0.03537413682655118,0.039357740777344205
2.261999999999862,0.03528036818317374,0.03586150807861363,0.03540104779962297,0.039385378708243914
2.262999999999862,0.03528035808613558,0.035981140219589466,0.03542796429716628,0.039413203960986465
2.2639999999998617,0.0352803482303384,0.03610064914787132,0.03545488754732923,0.039441217805184725
2.2649999999998616,0.03528033860582776,0.03622001390174505,0.03548181877856804,0.03946942151905663
2.2659999999998615,0.03528032920309898,0.036339213533135954,0.035508759219703104,0.039497816389483506
2.2669999999998613,0.0352803200130828,0.03645822711317234,0.03553571009997503,0.03952640371206879
2.2679999999998612,0.03528031102713099,0.036577033737845564,0.03556267264910076,0.03955518479119713
2.268999999999861,0.03528030223700163,0.036695612533765874,0.03558964809732965,0.039584160940093926
2.269999999999861,0.03528029363484496,0.03681394266401253,0.03561663767549962,0.03961333348088522
2.270999999999861,0.035280285213188524,0.03693200333407757,0.03564364261509332,0.03964270374465807
2.271999999999861,0.03528027696492331,0.037049773797900025,0.035670664148294305,0.03967227307152123
2.2729999999998607,0.0352802688832892,0.037167233363989416,0.035697703508043264,0.03970204281066631
2.2739999999998606,0.03528026096186133,0.03728436140163484,0.03572476192809428,0.03973201432042938
2.2749999999998605,0.035280253194536024,0.03740113734719639,0.035751840643071124,0.039762188968352895
2.2759999999998604,0.03528024557551764,0.03751754071047612,0.03577894088852358,0.03979256813124812
2.2769999999998602,0.03528023809930504,0.03763355108116352,0.035806063900983835,0.03982315319525794
2.27799999999986,0.035280230760678905,0.037749148135351775,0.03583321091802287,0.03985394555592012
2.27899999999986,0.035280223554689114,0.037864311642120396,0.03586038317830697,0.03988494661823096
2.27999999999986,0.03528021647664229,0.03797902147017847,0.03588758192165421,0.039916157796709435
2.28099999999986,0.03528020952209028,0.03809325759456437,0.03591480838909105,0.03994758051546171
2.2819999999998597,0.03528020268681834,0.03820700010339597,0.03594206382290893,0.03997921620824612
2.2829999999998596,0.035280195966834176,0.038320229204665754,0.03596934946672098,0.04001106631853861
2.2839999999998595,0.0352801893583569,0.03843292523307568,0.035996666565518746,0.040043132299598556
2.2849999999998594,0.035280182857806944,0.038545068656905455,0.03602401636572902,0.04007541561453515
2.2859999999998593,0.03528017646179587,0.03865664008490854,0.03605140011527068,0.04010791773637406
2.286999999999859,0.03528017016711675,0.03876762027323,0.036078819063611656,0.04014064014812473
2.287999999999859,0.03528016397073504,0.03887799013234024,0.036106274461825925,0.040173584342847984
2.288999999999859,0.03528015786977954,0.03898773073397861,0.036133767562650604,0.0402067518237242
2.289999999999859,0.035280151861534007,0.03909682331810144,0.03616129962054312,0.04024014410412186
2.2909999999998587,0.03528014594342891,0.03920524929982793,0.03618887189173842,0.040273762707666624
2.2919999999998586,0.0352801401130338,0.039312990276379384,0.03621648563430631,0.04030760916831084
2.2929999999998585,0.03528013436804978,0.03942002803400561,0.036244142108208866,0.040341685030403536
2.2939999999998584,0.03528012870630246,0.039526344554893046,0.0362718425753579,0.04037599184876089
2.2949999999998583,0.03528012312573516,0.0396319220240504,0.03629958829967255,0.040410531188737164
2.295999999999858,0.03528011762440252,0.039736742836166086,0.03632738054713697,0.040445304626296155
2.296999999999858,0.03528011220046442,0.03984078960243343,0.03635522058585806,0.040480313748083065
2.297999999999858,0.03528010685218007,0.03994404515733925,0.036383109686123336,0.04051556015149691
2.298999999999858,0.035280101577902706,0.04004649256541165,0.03641104912045892,0.040551045444763435
2.2999999999998577,0.03528009637607406,0.04014811512792356,0.03643904016368757,0.04058677124700845
2.3009999999998576,0.03528009124521964,0.04024889638954853,0.03646708409298686,0.04062273918833174
2.3019999999998575,0.03528008618394398,0.04034882014496583,0.03649518218794744,0.04065895090988142
2.3029999999998574,0.03528008119092629,0.040447870445411906,0.03652333573063147,0.04069540806392884
2.3039999999998573,0.035280076264915985,0.040546031605176364,0.03655154600563104,0.04073211231394395
2.304999999999857,0.035280071404729135,0.04064328820803963,0.03657981430012686,0.04076906533467123
2.305999999999857,0.035280066609244425,0.04073962511365147,0.03660814190394694,0.04080626881220608
2.306999999999857,0.03528006187739978,0.04083502746384835,0.03663653010962547,0.04084372444407177
2.307999999999857,0.03528005720818911,0.04092948068890888,0.036664980212461784,0.040881433939296885
2.3089999999998567,0.035280052600658994,0.04102297051374651,0.03669349351057946,0.040919399018493306
2.3099999999998566,0.03528004805390617,0.04111548296403932,0.03672207130498556,0.04095762141393472
2.3109999999998565,0.03528004356707433,0.04120700437229631,0.036750714899629985,0.04099610286963566
2.3119999999998564,0.035280039139352036,0.04129752138386069,0.03677942560146498,0.041034845141431096
2.3129999999998563,0.035280034769969895,0.04138702096285062,0.03680820472050476,0.04107384999705651
2.313999999999856,0.035280030458198774,0.041475490398037856,0.03683705356988527,0.041113119216228594
2.314999999999856,0.035280026203347414,0.0415629173086654,0.03686597346592416,0.041152654590726444
2.315999999999856,0.035280022004760624,0.04164928965020508,0.03689496572818075,0.04119245792447331
2.316999999999856,0.035280017861817635,0.04173459572005687,0.036924031679516314,0.0412325310336189
2.3179999999998557,0.03528001377393014,0.04181882416319064,0.036953172646154435,0.041272875746622285
2.3189999999998556,0.03528000974054105,0.04190196397773301,0.036982389957741474,0.04131349390433525
2.3199999999998555,0.035280005761123,0.04198400452050026,0.037011684947407274,0.04135438736008637
2.3209999999998554,0.035280001835177086,0.04206493551248009,0.03704105895182598,0.04139555797976554
2.3219999999998553,0.035279997962231566,0.04214474704426356,0.03707051331127704,0.04143700764190911
2.322999999999855,0.035279994141840895,0.04222342958142966,0.037100049369706324,0.04147873823778559
2.323999999999855,0.0352799903735847,0.04230097396988544,0.037129668474787485,0.041520751671481976
2.324999999999855,0.035279986657066775,0.042377371441162874,0.037159371977983434,0.04156304985999059
2.325999999999855,0.03527998299191436,0.04245261361767595,0.03718916123460801,0.04160563473329659
2.3269999999998547,0.03527997937777724,0.042526692517939606,0.03721903760388781,0.04164850823446601
2.3279999999998546,0.035279975814327076,0.04259960056175362,0.03724900244902421,0.04169167231973439
2.3289999999998545,0.035279972301256735,0.04267133057535377,0.03727905713725558,0.0417351289585961
2.3299999999998544,0.03527996883827962,0.04274187579653273,0.03730920303991966,0.04177888013389416
2.3309999999998543,0.03527996542512901,0.042811229879733285,0.03733944153251611,0.041822927841910704
2.331999999999854,0.035279962061557466,0.042879386901116257,0.03736977399476931,0.041867274092458114
2.332999999999854,0.0352799587473364,0.04294634136360643,0.037400201810691286,0.04191192090897066
2.333999999999854,0.03527995548225516,0.0430120882019178,0.03743072636864487,0.041956870328596886
2.334999999999854,0.0352799522661207,0.04307662278756198,0.03746134906140705,0.04200212440229253
2.3359999999998537,0.03527994909875665,0.04313994093384114,0.03749207128623252,0.0420476851949141
2.3369999999998536,0.03527994598000273,0.043202038900828875,0.03752289444491742,0.042093554785313125
2.3379999999998535,0.03527994290971415,0.04326291340034114,0.03755381994386332,0.04213973526643096
2.3389999999998534,0.03527993988776033,0.043322561600899465,0.03758484919414137,0.042186228745394294
2.3399999999998533,0.03527993691402434,0.04338098113268969,0.0376159836115567,0.04223303734361135
2.340999999999853,0.035279933988401624,0.04343817009251792,0.037647224616713014,0.04228016319686861
2.341999999999853,0.035279931110798884,0.043494127048766366,0.037678573635077414,0.04232760845542829
2.342999999999853,0.0352799282811327,0.04354885104635214,0.037710032097045425,0.04237537528412647
2.343999999999853,0.03527992549932817,0.04360234161169033,0.037741601438006284,0.042423465862471865
2.3449999999998528,0.035279922765316926,0.04365459875766497,0.03777328309840842,0.04247188238474523
2.3459999999998526,0.035279920079035625,0.04370562298860941,0.037805078523825184,0.04252062706009956
2.3469999999998525,0.03527991744042348,0.04375541530529916,0.037836989165020804,0.04256970211266081
2.3479999999998524,0.035279914849420196,0.043803977209959176,0.03786901647801659,0.042619109781629444
2.3489999999998523,0.03527991230596321,0.0438513107112887,0.037901161924157344,0.04266885232138254
2.349999999999852,0.03527990980998476,0.04389741832950501,0.03793342697017808,0.04271893200157671
2.350999999999852,0.03527990736140892,0.04394230310140953,0.03796581308827091,0.042769351107251635
2.351999999999852,0.035279904960147754,0.04398596858547831,0.03799832175615224,0.04282011193893432
2.352999999999852,0.03527990260609788,0.04402841886697885,0.03803095445713018,0.04287121681274409
2.3539999999998518,0.03527990029913586,0.04406965856311629,0.03806371268017224,0.04292266806049823
2.3549999999998517,0.03527989803911389,0.04410969282821064,0.03809659791997325,0.04297446802981841
2.3559999999998515,0.03527989582585483,0.044148527358907744,0.03812961167702359,0.043026619084237806
2.3569999999998514,0.0352798936591467,0.04418616839942581,0.03816275545767762,0.04307912360330893
2.3579999999998513,0.03527989153873711,0.044222622746839454,0.03819603077422242,0.043131983982712195
2.358999999999851,0.03527988946432683,0.04425789775640368,0.03822943914494682,0.04318520263436524
2.359999999999851,0.035279887435563394,0.04429200134691891,0.03826298209421065,0.043238781986533
2.360999999999851,0.03527988545203385,0.04432494200613949,0.03829666115251429,0.04329272448393845
2.361999999999851,0.035279883513257386,0.044356728796226104,0.038330477856568526,0.04334703258787422
2.3629999999998508,0.035279881618677296,0.044387371359244324,0.03836443374936465,0.04340170877631483
2.3639999999998507,0.03527987976765259,0.044416879922709714,0.03839853038024488,0.04345675554402982
2.3649999999998506,0.035279877959449146,0.0444452653051802,0.03843276930497302,0.04351217540269753
2.3659999999998504,0.03527987619323048,0.04447253892189658,0.03846715208580549,0.043567970881019734
2.3669999999998503,0.03527987446804805,0.04449871279047084,0.038501680291562576,0.043624144524837
2.3679999999998502,0.03527987278283111,0.044523799536622215,0.038536355497700035,0.043680698897244866
2.36899999999985,0.035279871136376345,0.044547812399960626,0.03857117928638096,0.0437376365787108
2.36999999999985,0.035279869527337034,0.044570765239816325,0.03860615324654798,0.04379496016719191
2.37099999999985,0.035279867954211834,0.044592672541114375,0.038641278973995774,0.0438526722782535
2.37199999999985,0.035279866415333413,0.044613549420292456,0.03867655807144385,0.043910775545188414
2.3729999999998497,0.03527986490885676,0.04463341163125977,0.03871199214860971,0.0439692726191372
2.3739999999998496,0.035279863432747326,0.04465227557139424,0.03874758282228227,0.04402816616920904
2.3749999999998495,0.035279861984768915,0.04467015828757549,0.03878333171639567,0.0440874588826036
2.3759999999998493,0.0352798605624715,0.0446870774822497,0.03881924046210332,0.04414715346473357
2.3769999999998492,0.035279859163179224,0.044703051519523265,0.03885531069785235,0.04420725263934814
2.377999999999849,0.0352798577839779,0.044718099431280335,0.038891544069458384,0.044267759148657285
2.378999999999849,0.03527985642170321,0.04473224092332057,0.03892794223018062,0.04432867575345688
2.379999999999849,0.035279855072928544,0.04474549638151185,0.03896450684079726,0.044390005233254676
2.380999999999849,0.035279853733953336,0.04475788687795322,0.03900123956968131,0.04445175038639712
2.3819999999998487,0.035279852400791636,0.044769434177142554,0.03903814209287666,0.044513914030197006
2.3829999999998486,0.035279851069161344,0.04478016074214408,0.03907521609417463,0.04457649900106209
2.3839999999998485,0.03527984973447309,0.04479008974074951,0.03911246326519072,0.04463950815462446
2.3849999999998484,0.03527984839182075,0.04479924505162823,0.03914988530544184,0.04470294436587084
2.3859999999998482,0.03527984703597204,0.04480765127045959,0.039187483922423876,0.04476681052927379
2.386999999999848,0.03527984566135972,0.04481533371604351,0.03922526083168953,0.044831109558923735
2.387999999999848,0.03527984426207416,0.04482231843638235,0.03926321775692666,0.04489584438866198
2.388999999999848,0.035279842831856305,0.044828632214730026,0.03930135643003692,0.044961017972214565
2.389999999999848,0.035279841364092256,0.044834302575602766,0.03933967859121475,0.04502663328332699
2.3909999999998477,0.03527983985180847,0.04483935779074682,0.039378185989026794,0.04509269331589995
2.3919999999998476,0.03527983828766858,0.044843826885058925,0.03941688038049171,0.04515920108412593
2.3929999999998475,0.03527983666397137,0.0448477396424554,0.039455763531160294,0.04522615962262672
2.3939999999998474,0.03527983497265051,0.044851126611686096,0.03949483721519608,0.045293571986591924
2.3949999999998473,0.03527983320527552,0.044854019112089825,0.03953410321545627,0.045361441251918294
2.395999999999847,0.03527983135305442,0.04485644923928887,0.03957356332357308,0.04542977051535013
2.396999999999847,0.0352798294068387,0.04485844987081975,0.03961321934003549,0.045498562894620564
2.397999999999847,0.035279827357129714,0.04486005467169851,0.039653073074271426,0.045567821528593816
2.398999999999847,0.035279825194086976,0.044861298099918984,0.03969312634473027,0.0456375495774084
2.3999999999998467,0.035279822907539234,0.044862215411882726,0.03973338097896587,0.04570775022262136
2.4009999999998466,0.03527982048699724,0.04486284266776034,0.03977383881371993,0.045778426667353364
2.4019999999998465,0.03527981792166897,0.04486321673678325,0.03981450169500577,0.045849582136434926
2.4029999999998464,0.03527981520047778,0.0448633753024663,0.039855371478192625,0.045921219876553517
2.4039999999998463,0.035279812312082645,0.04486335686776122,0.039896450028090245,0.04599334315640171
2.404999999999846,0.03527980924490158,0.04486320076014113,0.039937739219034006,0.04606595526682632
2.405999999999846,0.03527980598713789,0.044862947136616954,0.03997924093497044,0.046139059520978555
2.406999999999846,0.035279802526809366,0.04486263698868581,0.04002095706954318,0.046212659254465216
2.407999999999846,0.03527979885178094,0.04486231214721256,0.04006288952617937,0.04628675782550087
2.4089999999998457,0.03527979070423468,0.04486191137250597,0.04010482198285738,0.0462965241801619
2.4099999999998456,0.03527980397572917,0.04486152030479154,0.040146538117555586,0.04630635672832923
2.4109999999998455,0.03527988091541628,0.04486113871800894,0.04018803983370113,0.04631625591864315
2.4119999999998454,0.035280062899829434,0.044860766391196495,0.040229329024937664,0.046326222202784706
2.4129999999998453,0.03528039043850142,0.04486040310837198,0.04027040757521172,0.04633625603549632
2.413999999999845,0.03528090317972924,0.04486004865841619,0.040311277358858706,0.04634635787460253
2.414999999999845,0.03528163991647184,0.04485970283495943,0.04035194024068839,0.04635652818103084
2.415999999999845,0.03528263859236601,0.04485936543627036,0.04039239807607002,0.046366767418832826
2.416999999999845,0.035283936307846826,0.04485903626514818,0.04043265271101697,0.046377076055205246
2.4179999999998447,0.03528556932636062,0.04485871512881664,0.04047270598227095,0.0463874545605114
2.4189999999998446,0.03528757308065818,0.04485840183882123,0.040512559717385856,0.04639790340830256
2.4199999999998445,0.03528998217915745,0.04485809621092838,0.04055221573481111,0.046408423075339586
2.4209999999998444,0.03529283041236523,0.04485779806502732,0.040591675843974676,0.0464190140416147
2.4219999999998443,0.03529615075934901,0.04485750722503437,0.04063094184536558,0.04642967679037335
2.422999999999844,0.0352999753942492,0.0448572235187993,0.040670015530616103,0.046440411808136316
2.423999999999844,0.03530433569282476,0.04485694677801382,0.0407088986825835,0.04645121958472184
2.424999999999844,0.035309262239024065,0.04485667683812277,0.04074759307543135,0.046462100613268026
2.425999999999844,0.03531478483157467,0.044856413538236876,0.04078610047471053,0.04647305539025531
2.4269999999998437,0.03532093249058598,0.04485615672104787,0.040824422637439746,0.04648408441552916
2.4279999999998436,0.03532773346415885,0.044855906232745636,0.04086256131218573,0.0464951881923228
2.4289999999998435,0.03533521523499755,0.04485566192293722,0.040900518239143,0.04650636722728028
2.4299999999998434,0.03534340452701983,0.04485542364456793,0.04093829515021327,0.046517622030479475
2.4309999999998433,0.03535232731196099,0.04485519125384433,0.04097589376908449,0.046528953115455476
2.431999999999843,0.03536200881596828,0.04485496461015903,0.04101331581130945,0.046540360999223936
2.432999999999843,0.03537247352618359,0.04485474357601757,0.041050562984384115,0.04655184620230468
2.433999999999843,0.03538374519731103,0.044854528016966745,0.04108763698782549,0.04656340924874549
2.434999999999843,0.03539584685816766,0.044854317801525205,0.041124539513249195,0.04657505066614598
2.4359999999998427,0.035408800818216075,0.044854112801115543,0.04116127224444662,0.046586770985681675
2.4369999999998426,0.03542262867407649,0.04485391288999806,0.04119783685746179,0.04659857074212827
2.4379999999998425,0.03543735131601853,0.04485371794520663,0.0412342350206678,0.04661045047388598
2.4389999999998424,0.0354529889344309,0.04485352784648598,0.04127046839484298,0.04662241072300418
2.4399999999998423,0.0354695610262688,0.044853342476230684,0.04130653863324664,0.046634452035206074
2.440999999999842,0.03548708640147925,0.044853161719425994,0.041342447381694514,0.04664657495991362
2.441999999999842,0.03550558318940357,0.04485298546359026,0.04137819627863387,0.04665878005027261
2.442999999999842,0.035525068845157576,0.044852813598718747,0.04141378695521825,0.04667106786317787
2.443999999999842,0.035545560155989614,0.04485264601722942,0.041449221035381914,0.046683438959298745
2.4449999999998417,0.035567073247617036,0.04485248261390997,0.04148450013591392,0.04669589390310458
2.4459999999998416,0.03558962359054122,0.04485232328586668,0.041519625866531906,0.046708433262890564
2.4469999999998415,0.03561322600634231,0.04485216793247451,0.04155459982995554,0.04672105761080361
2.4479999999998414,0.0356378946739536,0.04485201645532882,0.041589423621979635,0.04673376752286849
2.4489999999998413,0.03566364313591705,0.04485186875819862,0.041624098831546975,0.04674656357901408
2.449999999999841,0.03569048430462015,0.04485172474698087,0.041658627040820816,0.04675944636309987
2.450999999999841,0.035718430468514716,0.04485158432965686,0.04169300982525707,0.04677241646294257
2.451999999999841,0.03574749329831891,0.04485144741624896,0.04172724875367618,0.046785474470342925
2.452999999999841,0.03577768385320279,0.044851313918779626,0.041761345388334745,0.04679862098111277
2.4539999999998408,0.03580901258695767,0.04485118375123088,0.04179530128499674,0.04681185659510213
2.4549999999998406,0.03584148935415094,0.044851056829505645,0.041829117993004566,0.0468251819162267
2.4559999999998405,0.03587512341626552,0.0448509330713896,0.04186279705534968,0.04683859755249527
2.4569999999998404,0.035909923447825634,0.044850812396514825,0.041896340008743066,0.04685210411603759
2.4579999999998403,0.03594589754250833,0.04485069472632394,0.04192974838368529,0.04686570222313222
2.45899999999984,0.03598305321924181,0.04485057998403594,0.04196302370453637,0.046879392494234694
2.45999999999984,0.03602139742829021,0.04485046809461202,0.041996167489585325,0.046893175554005795
2.46099999999984,0.036060936557325125,0.04485035898472351,0.04202918125111945,0.04690705203134008
2.46199999999984,0.03610167643748432,0.04485025258271976,0.042062066495493315,0.04692102255939459
2.4629999999998398,0.036143622349416836,0.044850148818597516,0.04209482472319749,0.04693508777561769
2.4639999999998397,0.03618677902931504,0.04485004762397062,0.042127457428927026,0.04694924832177819
2.4649999999998395,0.0362311506749329,0.04484994893204088,0.04215996610164964,0.04696350484399464
2.4659999999998394,0.03627674095159068,0.044849852677569295,0.04219235222467368,0.046977857992764785
2.4669999999998393,0.03632355299816527,0.04484975879684831,0.04222461727571577,0.04699230842299525
2.467999999999839,0.036371589433065545,0.0448496672276744,0.042256762726968246,0.04700685679403143
2.468999999999839,0.03642085236019291,0.044849577909321516,0.042288790045166356,0.04702150376968756
2.469999999999839,0.03647134337488628,0.04484949078251478,0.042320700691655146,0.04703625001827704
2.470999999999839,0.03652306356984958,0.04484940578940501,0.04235249612245617,0.04705109621264288
2.4719999999998388,0.036576013541063365,0.04484932287354364,0.042384177788333886,0.04706604303018843
2.4729999999998387,0.036630193393677846,0.04484924197985794,0.04241574713486191,0.047081091152908275
2.4739999999998386,0.03668560274788736,0.0448491630546268,0.042447205602488915,0.04709624126741938
2.4749999999998384,0.03674224074478554,0.04484908604545706,0.0424785546266044,0.04711149406499239
2.4759999999998383,0.036800106052200375,0.044849010901259714,0.04250979563760416,0.047126850241583175
2.476999999999838,0.036859196870507704,0.04484893757222713,0.04254093006095556,0.0471423104978646
2.477999999999838,0.036919510938423335,0.0448488660098099,0.04257195931726256,0.04715787553925847
2.478999999999838,0.036981045538771844,0.04484879616669453,0.042602884822330586,0.04717354607596777
2.479999999999838,0.03704379750423221,0.04484872799678113,0.04263370798723106,0.047189322823009
2.480999999999838,0.03710776322305882,0.044848661455161434,0.04266443021836583,0.04720520650024483
2.4819999999998377,0.037172938644777366,0.04484859649809697,0.04269505291753133,0.04722119783241698
2.4829999999998376,0.0372393192858546,0.044848533082997535,0.04272557748198255,0.047237297549179234
2.4839999999998374,0.03730690023534177,0.04484847116839991,0.04275600530449677,0.04725350638513077
2.4849999999998373,0.0373756761604904,0.04484841071394673,0.042786337773437114,0.047269825079849656
2.4859999999998372,0.0374456413123406,0.04484835168036544,0.04281657627281592,0.04728625437792659
2.486999999999837,0.037516789531280494,0.04484829402944758,0.04284672218235787,0.04730279502899893
2.487999999999837,0.03758911425257724,0.04484823772402821,0.04287677687756296,0.04731944778778483
2.488999999999837,0.03766260851187873,0.04484818272796536,0.04290674172976923,0.0473362134141177
2.489999999999837,0.03773726495068561,0.044848129006119786,0.04293661810621538,0.0473530926729809
2.4909999999998367,0.03781307582179413,0.04484807652433494,0.042966407370103106,0.047370086334542594
2.4919999999998366,0.037890032994709055,0.04484802524941666,0.04299611088065934,0.04738719517419095
2.4929999999998365,0.037968127961027054,0.044847975149113734,0.04302572999319826,0.047404419972569486
2.4939999999998363,0.038047351839791,0.04484792619209779,0.04305526605918311,0.04742176151561268
2.4949999999998362,0.038127695382814894,0.044847878347944084,0.04308472042628789,0.047439220594581846
2.495999999999836,0.03820914897998062,0.04484783158711182,0.043114094438458817,0.04745679800610125
2.496999999999836,0.03829170266450651,0.04484778588092493,0.0431433894359757,0.04747449455219445
2.497999999999836,0.03837534611818909,0.044847741201553055,0.043172606755513036,0.04749231104032087
2.498999999999836,0.03846006867661832,0.04484769752199244,0.04320174773020103,0.04751024828341265
2.4999999999998357,0.038545859334368056,0.044847654816047175,0.043230813689686426,0.04752830709991178
2.5009999999998356,0.03863270675016254,0.04484761305831045,0.04325980596019316,0.04754648831380739
2.5019999999998355,0.03872059925202028,0.04484757222414615,0.043288725864582885,0.04756479275467336
2.5029999999998354,0.038809524842377624,0.04484753228967031,0.04331757472241532,0.04758322125770619
2.5039999999998352,0.03889947120319262,0.04484749323173322,0.04334635385000848,0.04760177466376311
2.504999999999835,0.03899042570103217,0.04484745502790105,0.04337506456049871,0.04762045381940043
2.505999999999835,0.039082375392144,0.04484741765643838,0.043403708163900614,0.047639259576912146
2.506999999999835,0.03917530702751558,0.044847381096290315,0.04343228596716685,0.0476581927943689
2.507999999999835,0.039269207057922625,0.044847345327064976,0.043460799274247695,0.047677254335657025
2.5089999999998347,0.03936406163896993,0.044847310329016496,0.04348924938615064,0.047696445070518095
2.5099999999998346,0.03945985663612625,0.044847276083027694,0.04351763760099968,0.047715765874588485
2.5109999999998345,0.039556577629757374,0.0448472425705933,0.04354596521409456,0.047735217629439414
2.5119999999998344,0.039654209920158966,0.04484720977380341,0.0435742335179699,0.047754801222617105
2.5129999999998343,0.03975273853259292,0.04484717767532684,0.043602443802454136,0.04777451754768333
2.513999999999834,0.039852148222330394,0.04484714625839511,0.0436305973547284,0.047794367504256155
2.514999999999834,0.039952423479703944,0.04484711550678641,0.043658695459385236,0.047814351998050994
2.515999999999834,0.04005354853517247,0.04484708540480987,0.04368673939848723,0.047834471940921934
2.516999999999834,0.04015550736440241,0.04484705593729005,0.043714730451625494,0.04785472825090336
2.5179999999998337,0.0402582836933676,0.04484702708955168,0.043742669895978054,0.047875121852251804
2.5189999999998336,0.040361861003471736,0.04484699884740485,0.04377055900636811,0.04789565367548814
2.5199999999998335,0.04046622253669636,0.04484697119713004,0.04379839905532225,0.04791632465744007
2.5209999999998334,0.04057135130077698,0.04484694412546393,0.04382619131312846,0.0479371357412848
2.5219999999998333,0.040677230074411534,0.044846917619585036,0.04385393704789413,0.04795808787659217
2.522999999999833,0.04078384141250244,0.0448468916671,0.04388163752560386,0.04797918201936787
2.523999999999833,0.04089116765143638,0.04484686625603001,0.04390929401017729,0.04800041913209716
2.524999999999833,0.04099919091440378,0.044846841374797414,0.04393690776352671,0.04802180018378871
2.525999999999833,0.04110789311675995,0.044846817012212874,0.04396448004561469,0.04804332615001888
2.5269999999998327,0.04121725597143118,0.04484679315746271,0.043992012114511536,0.04806499801297618
2.5279999999998326,0.04132726099436635,0.04484676980009653,0.0440195052264527,0.048086816761506126
2.5289999999998325,0.04143788951003659,0.04484674693001546,0.044046960635896096,0.048108783391156325
2.5299999999998324,0.041549122656983566,0.04484672453746026,0.044074379595579374,0.04813089890422193
2.5309999999998323,0.041660941393418416,0.04484670261300027,0.04410176335657702,0.048153164309791344
2.531999999999832,0.04177332650287038,0.04484668114752249,0.04412911316835749,0.04817558062379229
2.532999999999832,0.041886258599886955,0.04484666013222105,0.0441564302788402,0.04819814886903814
2.533999999999832,0.04199971813578394,0.04484663955858719,0.04418371593445246,0.04822087007527462
2.534999999999832,0.04211368540444595,0.04484661941839947,0.044210971380186356,0.04824374527922674
2.5359999999998317,0.04222814054817551,0.0448465997037146,0.04423819785965557,0.048266775524646144
2.5369999999998316,0.04234306356358953,0.04484658040685868,0.044265396615152094,0.048289961862358746
2.5379999999998315,0.042458434307561056,0.044846561520418535,0.04429256888770293,0.0483133053503126
2.5389999999998314,0.04257423250320394,0.044846543037234295,0.04431971591712672,0.04833680705362628
2.5399999999998313,0.04269043774589713,0.044846524950391736,0.044346838942090294,0.04836046804463737
2.540999999999831,0.04280702950934505,0.044846507253215435,0.04437393920016523,0.04838428940295148
2.541999999999831,0.042923987151670624,0.04484648993926261,0.044401017927884284,0.048408272215491474
2.542999999999831,0.043041289921535233,0.044846473002317186,0.04442807636079782,0.048432417576547045
2.543999999999831,0.043158916964281424,0.04484645643638468,0.0444551157335302,0.04845672658782468
2.5449999999998307,0.04327684732809213,0.04484644023568784,0.04448213727983608,0.048481200358497886
2.5459999999998306,0.04339505997016027,0.04484642439466269,0.04450914223265677,0.048505840005257844
2.5469999999998305,0.043513533762862114,0.044846408907955125,0.04453613182417642,0.048530646652364354
2.5479999999998304,0.043632247499926585,0.044846393770418755,0.044563107285878284,0.04855562143169709
2.5489999999998303,0.04375117990259304,0.044846378977112994,0.0445900698486009,0.04858076548280729
2.54999999999983,0.04387030962574857,0.044846364523302144,0.04461702074259426,0.04860607995296976
2.55099999999983,0.04398961526403641,0.044846350404455435,0.0446439611975759,0.04863156599723517
2.55199999999983,0.044109075357924875,0.044846336616247526,0.04467089244278709,0.0486572247784828
2.55299999999983,0.04422866839972774,0.044846323154560476,0.044697815707048845,0.04868305746747358
2.5539999999998297,0.04434837283956416,0.0448463100154863,0.044724732218818036,0.04870906524290354
2.5549999999998296,0.04446816709124817,0.0448462971953305,0.044751643206243426,0.04873524929145753
2.5559999999998295,0.04458802953809405,0.04484628469061688,0.044778549897221714,0.04876161080786344
2.5569999999998294,0.0447079385386271,0.04484627249809339,0.044805453519453566,0.04878815099494665
2.5579999999998293,0.04482787243218533,0.04484626061473891,0.044832355300499616,0.048814871063684956
2.558999999999829,0.044947809544398545,0.044846249037771554,0.04485925646783649,0.0488417722332638
2.559999999999829,0.04506772837377603,0.04484623776221732,0.04488615824891283,0.04886885573113193
2.560999999999829,0.04518760778452426,0.04484622677840427,0.04491306187120526,0.04889612279305734
2.561999999999829,0.04530742681794335,0.04484621607459349,0.04493996856227442,0.04892357466318374
2.5629999999998287,0.04542716450736664,0.04484620563954037,0.044966879549820975,0.04895121259408727
2.5639999999998286,0.045546799883252026,0.04484619546248214,0.044993796061741635,0.04897903784683367
2.5649999999998285,0.04566631197838343,0.04484618553312485,0.04502071932618517,0.049007051691035794
2.5659999999998284,0.045785679833182776,0.044846175841629914,0.04504765057160846,0.04903525540491159
2.5669999999998283,0.04590488250113177,0.04484616637860046,0.045074591026832526,0.04906365027534239
2.567999999999828,0.046023899054303236,0.04484615713506751,0.045101541921098644,0.04909223759793162
2.568999999999828,0.04614270858900056,0.04484614810247595,0.04512850448412437,0.04912101867706393
2.569999999999828,0.0462612902315036,0.04484613927267077,0.04515547994615972,0.04914999482596473
2.570999999999828,0.046379623143919545,0.04484613063788251,0.04518246953804323,0.04917916736676006
2.5719999999998278,0.046497686530135605,0.04484612219071369,0.04520947449125817,0.049208537630536967
2.5729999999998276,0.046615459641871165,0.04484611392412466,0.04523649603798873,0.049238106957404215
2.5739999999998275,0.046732921784826055,0.04484610583141984,0.045263535411176205,0.04926787669655341
2.5749999999998274,0.046850052324921204,0.04484609790623407,0.045290593844575296,0.04929784820632061
2.5759999999998273,0.04696683069462771,0.04484609014251921,0.04531767257281038,0.04932802285424829
2.576999999999827,0.04708323639938022,0.044846082534530984,0.04534477283143185,0.04935840201714771
2.577999999999827,0.04719924902406922,0.044846075076815824,0.04537189585697249,0.04938898708116175
2.578999999999827,0.047314848239608305,0.044846067764198624,0.04539904288700388,0.049419779441828175
2.579999999999827,0.04743001380956995,0.044846060591769946,0.045426215160192907,0.0494507805041433
2.5809999999998268,0.047544725596885586,0.04484605355487436,0.045453413916358223,0.04948199168262609
2.5819999999998267,0.04765896357060263,0.04484604664909866,0.04548064039652687,0.049513414401382704
2.5829999999998265,0.04777270781269429,0.04484603987026053,0.04550789584299088,0.04954505009417148
2.5839999999998264,0.0478859385249147,0.04484603321439756,0.04553518149936395,0.049576900204468366
2.5849999999998263,0.047998636035693466,0.04484602667775683,0.04556249861063821,0.049608966185532746
2.585999999999826,0.04811078080706424,0.04484602025678451,0.045589848423241,0.049641249500473786
2.586999999999826,0.04822235344161963,0.04484601394811604,0.04561723218509179,0.049673751622317186
2.587999999999826,0.048333334689486925,0.044846007748566966,0.045644651145659056,0.04970647403407237
2.588999999999826,0.04844370545531822,0.044846001655123376,0.04567210655601734,0.04973941822880018
2.5899999999998258,0.04855344680528844,0.04484599566493365,0.04569959966890432,0.04977258570968098
2.5909999999998257,0.048662539974095274,0.04484598977529984,0.04572713173877796,0.04980597799008325
2.5919999999998256,0.04877096637195501,0.04484598398366971,0.04575470402187375,0.049839596593632664
2.5929999999998254,0.04887870759158797,0.04484597828762926,0.04578231777626206,0.049873443054281555
2.5939999999998253,0.04898574541518871,0.044845972684895416,0.04580997426190548,0.04990751891637896
2.5949999999998252,0.04909206182137437,0.04484596717330887,0.045837674740716365,0.04994182573474105
2.595999999999825,0.04919763899210678,0.04484596175082778,0.0458654204766144,0.04997636507472209
2.596999999999825,0.049302459319583325,0.04484595641552133,0.04589321273558424,0.05001113851228588
2.597999999999825,0.04940650541309121,0.044845951165563835,0.045921052785733336,0.05004614763407762
2.598999999999825,0.049509760105821525,0.04484594599922911,0.04594894189734972,0.050081394037496334
2.5999999999998247,0.049612206461638435,0.04484594091488488,0.04597688134296003,0.05011687933076776
2.6009999999998246,0.04971382778180032,0.04484593591098799,0.046004872397387535,0.05015260513301771
2.6019999999998245,0.049814607611629015,0.044845930986079544,0.046032916337810315,0.05018857307434596
2.6029999999998243,0.04991452974712437,0.0448459261387802,0.04606101444381955,0.05022478479590064
2.6039999999998242,0.050013578241521514,0.04484592136778602,0.04608916799747787,0.050261241949953094
2.604999999999824,0.05011173741178822,0.04484591667186445,0.04611737828337789,0.05029794619997327
2.605999999999824,0.05020899184506086,0.04484591204985044,0.04614564658870081,0.050334899220705644
2.606999999999824,0.050305326405016684,0.044845907500643004,0.04617397420327514,0.05037210269824564
2.607999999999824,0.05040072623818201,0.04484590302320165,0.04620236241963556,0.050409558330116504
2.6089999999998237,0.05049517678017491,0.044845898616543416,0.04623081253308188,0.05044726782534682
2.6099999999998236,0.050588663761881474,0.04484589427973989,0.04625932584173817,0.05048523290454848
2.6109999999998235,0.05068117321556645,0.04484589001191445,0.04628790364661198,0.050523455299995176
2.6119999999998234,0.05077269148091703,0.04484588581223956,0.04631654725165368,0.050561936755701434
2.6129999999998232,0.05086320521102125,0.04484588167993467,0.046345257963815986,0.05060067902750222
2.613999999999823,0.0509527013782808,0.04484587761426368,0.046374037093113586,0.050639683883133016
2.614999999999823,0.05104116728025957,0.04484587361453305,0.04640288595268291,0.05067895310231053
2.615999999999823,0.05112859054546878,0.044845869680089925,0.04643180585884204,0.05071848847681384
2.616999999999823,0.051214959139090355,0.044845865810320205,0.04646079813115078,0.050758291810566195
2.6179999999998227,0.051300261368639716,0.04484586200464699,0.04648986409247088,0.05079836491971733
2.6189999999998226,0.05138448588956986,0.04484585826252912,0.046519005069026335,0.05083870963272627
2.6199999999998225,0.051467621710818784,0.044845854583459806,0.04654822239046399,0.05087932779044485
2.6209999999998224,0.05154965820030205,0.04484585096696528,0.04657751738991412,0.05092022124620161
2.6219999999998223,0.05163058509035284,0.044845847412603654,0.04660689140405133,0.05096139186588646
2.622999999999822,0.05171039248311165,0.04484584391996407,0.04663634577315551,0.051002841528035754
2.623999999999822,0.05178907085586808,0.04484584048866535,0.046665881841172964,0.051044572123918
2.624999999999822,0.05186661106635741,0.0448458371183555,0.04669550095577779,0.05108658555762018
2.625999999999822,0.05194300435801394,0.044845833808710746,0.04672520446843333,0.05112888374613465
2.6269999999998217,0.052018242365184306,0.044845830559434724,0.046754993734453854,0.051171468619446527
2.6279999999998216,0.05209231711830311,0.04484582737025795,0.04678487011306638,0.05121434212062186
2.6289999999998215,0.05216522104903336,0.044845824240937145,0.04681483496747273,0.051257506205896204
2.6299999999998214,0.05223694699537487,0.04484582117125466,0.046844889664911675,0.05130096284476392
2.6309999999998213,0.05230748820674282,0.044845818161017785,0.046875035576721374,0.05134471402006801
2.631999999999821,0.052376838349019586,0.044845815210058426,0.04690527407840192,0.051388761728090634
2.632999999999821,0.05244499150958226,0.04484581231823231,0.046935606549678106,0.05143310797864416
2.633999999999821,0.05251194220230869,0.04484580948541885,0.04696603437456237,0.051477754795162874
2.634999999999821,0.0525776853725646,0.04484580671152004,0.04699655894141795,0.05152270421479531
2.6359999999998207,0.05264221640217458,0.044845803996460196,0.04702718164302224,0.0515679582884972
2.6369999999998206,0.05270553111437979,0.04484580134018546,0.047057903876630336,0.051613519081125075
2.6379999999998205,0.05276762577878413,0.04484579874266259,0.047088727044038776,0.05165938867153043
2.6389999999998204,0.052828497116292936,0.04484579620387873,0.04711965255164953,0.05170556915265463
2.6399999999998203,0.05288814230404523,0.04484579372384014,0.04715068181053415,0.0517520626316244
2.64099999999982,0.05294655898034355,0.04484579130257143,0.04718181623649814,0.051798871229847915
2.64199999999982,0.05300374524958258,0.044845788940114324,0.047213057250145615,0.051845997083111675
2.64299999999982,0.05305969968718012,0.044845786636526476,0.047244406276944054,0.051893442341677906
2.64399999999982,0.05311442134451284,0.0448457843918801,0.04727586474728937,0.05194120917038268
2.6449999999998197,0.053167909753858565,0.044845782206260246,0.047307434096571184,0.051989299748734716
2.6459999999998196,0.05322016493334848,0.044845780079763066,0.047339115765238304,0.05203771627101477
2.6469999999998195,0.053271187391931374,0.044845778012493766,0.047370911198864454,0.052086460946375826
2.6479999999998194,0.05332097813435257,0.044845776004564415,0.04740282184821425,0.05213553599894386
2.6489999999998193,0.053369538666149796,0.044845774056091435,0.047434849169309345,0.05218494366791931
2.649999999999819,0.05341687099866891,0.044845772167192606,0.04746699462349494,0.05223468620767927
2.650999999999819,0.053462977654101414,0.04484577033798419,0.0474992596775064,0.052284765887880356
2.651999999999819,0.053507861670546546,0.04484576856857749,0.04753164580353621,0.05233518499356224
2.652999999999819,0.05355152660710057,0.04484576685907489,0.04756415447930113,0.05238594582525194
2.6539999999998187,0.05359397654897513,0.04484576520956599,0.04759678718810964,0.05243705069906876
2.6549999999998186,0.05363521611264718,0.04484576362012301,0.0476295454189296,0.05248850194683001
2.6559999999998185,0.05367525045104328,0.04484576209079589,0.0476624306664562,0.05254030191615734
2.6569999999998184,0.0537140852587597,0.04484576062160707,0.047695444431180165,0.05259245297058394
2.6579999999998183,0.05375172677732112,0.04484575921254568,0.047728588219456206,0.05264495748966231
2.658999999999818,0.05378818180047924,0.04484575786356164,0.04776186354357176,0.05269781786907286
2.659999999999818,0.05382345767955424,0.04484575657455873,0.047795271921816,0.05275103652073327
2.660999999999818,0.05385756232881946,0.044845755345387914,0.047828814878549085,0.05280461587290842
2.661999999999818,0.0538905042309323,0.04484575417583957,0.04786249394427175,0.05285855837032132
2.6629999999998177,0.05392229244241145,0.04484575306563572,0.047896310655695114,0.05291286647426458
2.6639999999998176,0.05395293659916268,0.04484575201442165,0.04793026655581081,0.05296754266271275
2.6649999999998175,0.05398244692205312,0.04484575102175686,0.047964363193961385,0.053022589430435335
2.6659999999998174,0.0540108342225355,0.04484575008710585,0.04799860212591098,0.053078009289110696
2.6669999999998173,0.054038109908321946,0.044845749209828506,0.04803298491391633,0.05313380476744059
2.667999999999817,0.05406428598910797,0.04484574838916963,0.04806751312679807,0.05318997841126561
2.668999999999817,0.054089375082345854,0.044845747624248596,0.04810218834001227,0.05324653278368129
2.669999999999817,0.05411339041906675,0.0448457469140482,0.04813701213572235,0.05330347046515509
2.670999999999817,0.054136345849750564,0.04484574625740338,0.04817198610287126,0.053360794053644106
2.6719999999998167,0.054158255850242254,0.04484574565298962,0.04820711183725399,0.053418506164713664
2.6729999999998166,0.0541791355277119,0.04484574509931078,0.04824239094159037,0.05347660943165661
2.6739999999998165,0.05419900062665708,0.04484574459468705,0.048277825025598214,0.05353510650561347
2.6749999999998164,0.05421786753494412,0.044845744137242335,0.048313415706066766,0.05359400005569345
2.6759999999998163,0.05423575328988565,0.04484574372489179,0.04834916460693045,0.0536532927690962
2.676999999999816,0.05425267558434982,0.044845743355329086,0.048385073359342994,0.05371298735123441
2.677999999999816,0.054268652772898815,0.04484574302601354,0.048421143601751836,0.05377308652585727
2.678999999999816,0.05428370387795081,0.04484574273415745,0.048457376979972905,0.05383359303517477
2.679999999999816,0.05429784859596123,0.04484574247671349,0.048493775147265696,0.05389450963998278
2.6809999999998158,0.05431110730361882,0.04484574225036195,0.048530339764408716,0.05395583911978904
2.6819999999998156,0.05432350106405043,0.04484574205149859,0.048567072499775266,0.054017584272940004
2.6829999999998155,0.05433505163302972,0.044845741876222804,0.048603975029409545,0.05407974791674848
2.6839999999998154,0.05434578146518368,0.0448457417203258,0.04864104903710314,0.05414233288762221
2.6849999999998153,0.05435571372019174,0.04484574157927942,0.04867829621447186,0.05420534204119328
2.685999999999815,0.05436487226897099,0.044845741448225916,0.048715718261032916,0.05426877825244842
2.686999999999815,0.05437328169984215,0.04484574132196779,0.04875331688428245,0.05433264441586018
2.687999999999815,0.054380967324670695,0.04484574119495869,0.04879109379977348,0.05439694344551901
2.688999999999815,0.05438795518497667,0.04484574106129516,0.04882905073119414,0.054461678275266205
2.6899999999998148,0.05439427205800875,0.04484574091470933,0.04886718941044635,0.05452685185882778
2.6909999999998147,0.0543999454627764,0.044845740748562554,0.04890551157772484,0.05459246716994926
2.6919999999998145,0.05440500366603574,0.04484574055584036,0.04894401898159654,0.05465852720253134
2.6929999999998144,0.054409475688224074,0.04484574032914841,0.04898271337908038,0.05472503497076651
2.6939999999998143,0.05441339130933851,0.044845740060710224,0.049021596535727435,0.05479199350927655
2.694999999999814,0.05441678107475579,0.044845739742365893,0.04906067022570151,0.054859405873251055
2.695999999999814,0.05441967630098813,0.044845739365572734,0.04909993623186006,0.05492727513858679
2.696999999999814,0.05442210908137357,0.044845738921407384,0.04913939634583559,0.05499560440202806
2.697999999999814,0.05442411229169685,0.04484573840056989,0.04917905236811736,0.055064396781308
2.6989999999998138,0.05442571959573946,0.04484573779338958,0.04921890610813353,0.05513365541529082
2.6999999999998137,0.054426965450756516,0.044845737089832964,0.049258959384333764,0.05520338346411504
2.7009999999998136,0.05442788511287909,0.044845736279513757,0.04929921402427217,0.05527358410933769
2.7019999999998134,0.05442851464244122,0.04484573535170517,0.049339671864690696,0.055344260554079455
2.7029999999998133,0.054428890909230566,0.04484573429535469,0.049380334751602944,0.05541541602317084
2.703999999999813,0.05442905159766239,0.044845733099101004,0.04942120454037839,0.05548705376329933
2.704999999999813,0.05442903521187722,0.04484573175129407,0.04946228309582705,0.05555917704315748
2.705999999999813,0.05442888108076116,0.0448457302400174,0.049503572292284546,0.05563178915359211
2.706999999999813,0.0544286293628904,0.04484572855311383,0.04954507401369766,0.05570489340775445
2.707999999999813,0.05442832105139879,0.044845726678213564,0.04958679015371028,0.055778493141251266
2.7089999999998127,0.054427997978770015,0.04484572460276658,0.0496287226157498,0.055852591712297145
2.7099999999998126,0.05442759964867228,0.04484572036608926,0.04967065507779479,0.05586235806695825
2.7109999999998124,0.054427210987183776,0.04484573739664814,0.049712371217823854,0.05587219061512566
2.7119999999998123,0.05442683176908251,0.04484581794560181,0.04975387293926437,0.05588208980543966
2.7129999999998122,0.054426461774230564,0.044846003391661664,0.04979516213576023,0.0558920560895813
2.713999999999812,0.05442610078745395,0.044846334246787425,0.049836240691258214,0.055902089922293
2.714999999999812,0.05442574859842526,0.04484685016201807,0.049877110480093946,0.055912191761399284
2.715999999999812,0.05442540500154951,0.04484758993342261,0.04991777336707746,0.055922362067827684
2.716999999999812,0.054425069795852606,0.04484859150815775,0.04995823120757822,0.05593260130562975
2.7179999999998117,0.05442474278487239,0.04484989199062,0.04999848584760983,0.05594290994200227
2.7189999999998116,0.054424423776552856,0.04485152764867989,0.050038539123914254,0.05595328844730851
2.7199999999998115,0.054424112583140304,0.044853533919987955,0.0500783928640456,0.05596373729509975
2.7209999999998113,0.0544238090210827,0.044855945418341134,0.05011804888645352,0.05597425696213686
2.7219999999998112,0.05442351291093104,0.044858795940101295,0.05015750900056621,0.05598484792841206
2.722999999999811,0.05442322407724335,0.044862118470656014,0.050196775006872925,0.05599551067717081
2.723999999999811,0.054422942348491155,0.04486594519091413,0.05023584869700617,0.05600624569493387
2.724999999999811,0.054422667556967896,0.04487030748382844,0.050274731853823404,0.05601705347151949
2.725999999999811,0.05442239953869982,0.04487523594093853,0.05031342625148845,0.05602793450006576
2.7269999999998107,0.05442213813335913,0.0448807603689281,0.05035193365555239,0.05603888927705314
2.7279999999998106,0.054421883184178996,0.04488690979619086,0.050390255823034164,0.05604991830232707
2.7289999999998105,0.05442163453787099,0.044893712479400216,0.05042839450250071,0.05606102207912081
2.7299999999998104,0.05442139204454429,0.04490119591007824,0.05046635143414676,0.056072201114078374
2.7309999999998102,0.05442115555762701,0.04490938682116005,0.05050412834987425,0.05608345591727767
2.73199999999981,0.05442092493378941,0.044918311193550706,0.05054172697337133,0.05609478700225376
2.73299999999981,0.05442070003286917,0.04492799426267071,0.05057914902019102,0.056106194886022316
2.73399999999981,0.05442048071779856,0.04493846052498876,0.050616396197829476,0.05611768008910316
2.73499999999981,0.0544202668545333,0.044949733744539186,0.05065347020580392,0.056129243135544064
2.7359999999998097,0.05442005831198335,0.04496183695942199,0.050690372735730176,0.05614088455294465
2.7369999999998096,0.05441985496194573,0.04497479248828523,0.050727105471399844,0.05615260487248044
2.7379999999998095,0.05441965667903866,0.04498862193678768,0.05076367008885715,0.05616440462892713
2.7389999999998094,0.05441946334063804,0.045003346204042,0.050800068256475386,0.05617628436068493
2.7399999999998093,0.05441927482681512,0.04501898548903703,0.05083630163503309,0.05618824460980323
2.740999999999809,0.05441909102027625,0.04503555929704019,0.05087237187778977,0.05620028592200522
2.741999999999809,0.05441891180630413,0.04505308644597857,0.05090828063056136,0.05621240884671286
2.742999999999809,0.054418737072700826,0.045071585072800686,0.050944029531795325,0.05622461393707194
2.743999999999809,0.05441856670973247,0.04509107263981703,0.05097962021264541,0.056236901749977315
2.7449999999998087,0.0544184006100752,0.045111565941022294,0.05101505429704606,0.056249272846098285
2.7459999999998086,0.05441823866876324,0.045133081108397845,0.05105033340178653,0.05626172778990422
2.7469999999998085,0.0544180807831381,0.04515563361819645,0.05108545913658465,0.05627426714969032
2.7479999999998084,0.05441792685279937,0.04517923829720898,0.05112043310416028,0.05628689149760347
2.7489999999998083,0.05441777677955722,0.045203909329014615,0.051155256900308414,0.05629960140966845
2.749999999999808,0.054417630467385944,0.04522966026021491,0.051189932113972034,0.05631239746581415
2.750999999999808,0.05441748782237921,0.04525650400665242,0.05122446032731457,0.056325280249900044
2.751999999999808,0.05441734875270674,0.04528445285961479,0.05125884311579213,0.05633825034974284
2.752999999999808,0.05441721316857201,0.045313518492025084,0.05129308204822535,0.056351308357143304
2.7539999999998077,0.05441708098217144,0.04534371196461854,0.051327178686871,0.056364454867913256
2.7549999999998076,0.05441695210765471,0.045375043732106976,0.051361134587493244,0.056377690481902734
2.7559999999998075,0.05441682646108651,0.04540752364933084,0.051394951299434645,0.0563910158030274
2.7569999999998074,0.05441670396040915,0.045441160977399586,0.051428630365686866,0.056404431439296084
2.7579999999998073,0.05441658452540636,0.04547596438982076,0.05146217332296105,0.05641793800283851
2.758999999999807,0.05441646807766833,0.0455119419786178,0.05149558170175794,0.05643153610993325
2.759999999999807,0.05441635454055754,0.04554910126043736,0.051528857026437745,0.05644522638103583
2.760999999999807,0.05441624383917549,0.04558744918264504,0.05156200081528965,0.05645900944080704
2.761999999999807,0.05441613590033084,0.045626992129411244,0.051595014580601124,0.05647288591814144
2.7629999999998067,0.05441603065250776,0.04566773592778517,0.05162789982872691,0.05648685644619606
2.7639999999998066,0.05441592802583558,0.045709685853758446,0.05166065806015775,0.056500921662419275
2.7649999999998065,0.05441582795205897,0.04575284663831679,0.05169329076958886,0.05651508220857989
2.7659999999998064,0.05441573036450912,0.04579722247348026,0.05172579944598814,0.05652933873079646
2.7669999999998063,0.05441563519807518,0.045842817018331275,0.05175818557266409,0.056543691879566725
2.767999999999806,0.054415542389176924,0.045889633405029495,0.0517904506273335,0.05655814230979731
2.768999999999806,0.05441545187573751,0.045937674244814,0.051822596082188886,0.056572690680833614
2.769999999999806,0.05441536359715706,0.04598694163399103,0.05185462340396565,0.05658733765648987
2.770999999999806,0.054415277494286825,0.0460374371599072,0.051886534054009,0.05660208390507947
2.7719999999998057,0.05441519350940373,0.04608916190690733,0.051918329488340645,0.05661693009944542
2.7729999999998056,0.05441511158618527,0.046142116462275846,0.05195001115772523,0.0566318769169911
2.7739999999998055,0.054415031669685324,0.04619630092216127,0.05198158050773651,0.05664692503971107
2.7749999999998054,0.0544149537063096,0.04625171489748253,0.05201303897882333,0.05666207515422231
2.7759999999998053,0.054414877643792346,0.04630835751981651,0.052044388006375335,0.05667732795179544
2.776999999999805,0.0544148034311725,0.04636622744726578,0.05207562902078847,0.05669268412838634
2.777999999999805,0.054414731018771006,0.04642532287030537,0.05210676344753028,0.0567081443846679
2.778999999999805,0.05441466035816777,0.04648564151760841,0.052137792707204866,0.056723709426061905
2.779999999999805,0.05441459140217925,0.04654718066184842,0.052168718215617804,0.056739379962771334
2.7809999999998047,0.05441452410483625,0.046609937125478895,0.05219954138384067,0.05675515670981269
2.7819999999998046,0.05441445842136183,0.04667390728648798,0.05223026361827547,0.05677104038704866
2.7829999999998045,0.05441439430814962,0.04673908708412808,0.052260886320718784,0.056787031719220935
2.7839999999998044,0.054414331722742126,0.0468054720246195,0.052291410888425746,0.056803131435983326
2.7849999999998043,0.05441427062380952,0.04687305718682723,0.05232183871417379,0.05681934027193499
2.785999999999804,0.05441421097112829,0.046941837227910135,0.052352171186326193,0.056835658966654004
2.786999999999804,0.05441415272556038,0.04701180638894205,0.05238240968889544,0.05685208826473108
2.787999999999804,0.054414095849032104,0.047082958500504125,0.05241255560160635,0.056868628915803555
2.788999999999804,0.05441404030451381,0.04715528698824798,0.05244261029995906,0.05688528167458958
2.7899999999998037,0.054413986055999085,0.047228784878428916,0.052472575155291766,0.05690204730092259
2.7909999999998036,0.054413933068484494,0.04730344480340945,0.0525024515348433,0.05691892655978592
2.7919999999998035,0.054413881307949274,0.04737925900713256,0.05253224080181552,0.05693592022134776
2.7929999999998034,0.054413830741335385,0.047456219350564356,0.052561944315435476,0.05695302906099626
2.7939999999998033,0.05441378133652733,0.04753431731710692,0.052591563431017486,0.056970253859374924
2.794999999999803,0.05441373306233272,0.04761354401798051,0.05262109950002495,0.05698759540241826
2.795999999999803,0.05441368588846222,0.04769389019757599,0.05265055387013199,0.057005054481387575
2.796999999999803,0.054413639785510344,0.047775346238777924,0.05267992788528498,0.05702263189290713
2.797999999999803,0.05441359472493596,0.04785790216825847,0.052709222885763844,0.057040328439000476
2.7989999999998028,0.05441355067904314,0.04794154766174298,0.05273844020824322,0.05705814492712703
2.7999999999998026,0.05441350762096198,0.04802627204924831,0.05276758118585345,0.057076082170218964
2.8009999999998025,0.05441346552462983,0.04811206432029467,0.052796647148241414,0.05709414098671825
2.8019999999998024,0.05441342436477249,0.04819891312909177,0.052825639421631175,0.057112322200614005
2.8029999999998023,0.05441338411688562,0.04828680679970184,0.05285455932888452,0.05713062664148012
2.803999999999802,0.05441334475721631,0.04837573333117944,0.0528834081895613,0.057149055144513114
2.804999999999802,0.05441330626274493,0.048465680402690524,0.052912187319979646,0.05716760855057019
2.805999999999802,0.05441326861116694,0.048556635378612906,0.05294089803327605,0.05718628770620765
2.806999999999802,0.05441323178087513,0.048648585313619264,0.05296954163946524,0.05720509346371953
2.8079999999998018,0.054413195750941744,0.0487415169577455,0.05299811944549998,0.05722402668117642
2.8089999999998017,0.05441316050110114,0.04883541676144623,0.05302663275533071,0.057243088222464704
2.8099999999998015,0.05441312601173263,0.048930270880640184,0.053055082869965034,0.057262278957325934
2.8109999999998014,0.054413092263842944,0.049026065181747985,0.053083471087527055,0.05728159976139648
2.8119999999998013,0.05441305923904975,0.04912278524672503,0.053111798703316664,0.05730105151624757
2.812999999999801,0.05441302691956498,0.04922041637809202,0.053140067009868584,0.05732063510942542
2.813999999999801,0.05441299528817805,0.0493189436039664,0.05316827729701138,0.05734035143449181
2.814999999999801,0.05441296432824008,0.049418351683097696,0.05319643085192631,0.05736020139106479
2.815999999999801,0.05441293402364761,0.04951862510990945,0.05322452895920604,0.0573801858848598
2.8169999999998008,0.05441290435882703,0.049619748119551464,0.05325257290091327,0.0574003058277309
2.8179999999998007,0.0544128753187191,0.049721704692964816,0.05328056395663923,0.05742056213771249
2.8189999999998006,0.05441284688876373,0.04982447856196375,0.05330850340356206,0.05744095573906109
2.8199999999998004,0.0544128190548849,0.04992805321433679,0.0533363925165051,0.0574614875622976
2.8209999999998003,0.05441279180347619,0.05003241189897068,0.05336423256799503,0.0574821585442497
2.8219999999998002,0.054412765121386146,0.050137537631000345,0.053392024828319964,0.05750296962809461
2.8229999999998,0.05441273899590432,0.05024341319698741,0.053419770565587395,0.057523921763402146
2.8239999999998,0.054412713414747425,0.05035002116013116,0.05344747104578205,0.05754501590617801
2.8249999999998,0.054412688366045577,0.050457343865513586,0.053475127532823664,0.057566253018907464
2.8259999999998,0.05441266383832932,0.05056536344538229,0.05350274128862467,0.05758763407059919
2.8269999999997997,0.054412639820516646,0.05067406182447298,0.053530313573147734,0.05760916003682954
2.8279999999997996,0.054412616301900224,0.0507834207253742,0.05355784564446326,0.057630831899787016
2.8289999999997995,0.05441259327213526,0.05089342167393646,0.053585338758806826,0.05765265064831714
2.8299999999997993,0.054412570721227654,0.05100404600472697,0.05361279417063646,0.05767461727796752
2.8309999999997992,0.054412548639522135,0.05111527486653238,0.053640213132689914,0.057696732791033316
2.831999999999799,0.054412527017691247,0.05122708922790987,0.05366759689604178,0.057718998196602915
2.832999999999799,0.054412505846724434,0.051339469882788216,0.05369494671016062,0.05774141451060404
2.833999999999799,0.05441248511791753,0.051452397456118446,0.05372226382296595,0.05776398275585008
2.834999999999799,0.05441246482286261,0.051565852409575355,0.0537495494808852,0.05778670396208674
2.8359999999997987,0.05441244495343851,0.05167981504730838,0.053776804928910564,0.05780957916603904
2.8369999999997986,0.0544124255018013,0.051794265521742,0.05380403141065582,0.057832609411458645
2.8379999999997985,0.05441240646037548,0.05190918383942414,0.053831230168413055,0.05785579574917143
2.8389999999997984,0.05441238782184591,0.05202454986692093,0.053858402443209386,0.057879139237125475
2.8399999999997982,0.05441236957914945,0.05214034333675613,0.053885549474863556,0.05790264094043934
2.840999999999798,0.05441235172546796,0.05225654385339185,0.05391267250204251,0.05792630193145063
2.841999999999798,0.054412334254221074,0.052373130899248534,0.0539397727623179,0.05795012328976495
2.842999999999798,0.054412317159059975,0.05249008384075928,0.0539668514922226,0.057974106102305134
2.843999999999798,0.05441230043386164,0.052607381934455966,0.053993909927307064,0.057998251463360906
2.8449999999997977,0.05441228407272343,0.05272500433308102,0.05402094930219575,0.05802256047463873
2.8459999999997976,0.05441226806995863,0.05284293009172065,0.05404797085064344,0.05804703424531213
2.8469999999997975,0.05441225242009233,0.05296113817395331,0.05407497580559151,0.058071673892072295
2.8479999999997974,0.05441223711785834,0.053079607458007376,0.054101965399224225,0.058096480539179
2.8489999999997973,0.054412222158196376,0.053198316742921206,0.05412894086302493,0.05812145531851194
2.849999999999797,0.05441220753625036,0.05331724475469772,0.05415590342783226,0.058146599369622354
2.850999999999797,0.054412193247367194,0.05343637015244643,0.05418285432389629,0.058171913839785025
2.851999999999797,0.05441217928709674,0.05355567153450388,0.05420979478093468,0.05819739988405064
2.852999999999797,0.05441216565119218,0.05367512744452332,0.05423672602818876,0.058223058665298484
2.8539999999997967,0.05441215233561175,0.0537947163775247,0.05426364929447967,0.058248891354289484
2.8549999999997966,0.054412139336521025,0.053914416785894134,0.05429056580826434,0.05827489912971965
2.8559999999997965,0.05441212665029662,0.05403420708532274,0.054317476797691645,0.05830108317827385
2.8569999999997964,0.05441211427353037,0.05415406566067302,0.05434438349065838,0.05832744469467997
2.8579999999997963,0.054412102203035294,0.05427397087176156,0.05437128711486528,0.058353984881763396
2.858999999999796,0.054412090435852094,0.054393901059045416,0.05439818889787309,0.05838070495050192
2.859999999999796,0.054412078969257184,0.05451383454919885,0.054425090067158524,0.05840760612008099
2.860999999999796,0.05441206779827738,0.05463374984052899,0.05445199185017031,0.05843468961794933
2.861999999999796,0.054412056913133014,0.05475362579451261,0.05447889547438515,0.05846195667987497
2.8629999999997957,0.05441204630193111,0.05487344144859269,0.05450580216736378,0.0584894085500016
2.8639999999997956,0.05441203595328351,0.05499317583255633,0.05453271315680696,0.05851704648090535
2.8649999999997955,0.0544120258562939,0.055112807973716045,0.054559629670611474,0.05854487173365198
2.8659999999997954,0.054412016000543816,0.055232316902185455,0.05458655293692618,0.058572885577854325
2.8669999999997953,0.05441200637607876,0.0553516816562505,0.05461348418420804,0.05860108929173036
2.867999999999795,0.05441199697339415,0.05547088128783647,0.05464042464127818,0.05862948416216139
2.868999999999795,0.05441198778342063,0.05558989486807182,0.05466737553737794,0.05865807148475085
2.869999999999795,0.05441197879750994,0.05570870149294819,0.05469433810222497,0.058686852563883396
2.870999999999795,0.054411970007420284,0.05582728028907593,0.05472131356606935,0.05871582871278443
2.8719999999997947,0.054411961405301634,0.055945610419534574,0.05474830315974972,0.05874500125358
2.8729999999997946,0.05441195298368188,0.05606367108981653,0.05477530811474943,0.05877437151735715
2.8739999999997945,0.05441194473545166,0.056181441553861296,0.054802329663252734,0.05880394084422463
2.8749999999997944,0.054411936653851044,0.05629890112017878,0.05482936903820103,0.05883371058337407
2.8759999999997943,0.05441192873245513,0.05641602915805854,0.05485642747334909,0.05886368209314152
2.876999999999794,0.054411920965160225,0.05653280510386126,0.05488350620332137,0.05889385674106945
2.877999999999794,0.05441191334617067,0.05664920846738952,0.05491060646366835,0.05892423590396912
2.878999999999794,0.054411905869985344,0.056765218838333464,0.05493772949092287,0.05895482096798341
2.879999999999794,0.05441189853138488,0.056880815892786915,0.054964876522656615,0.058985613328650086
2.8809999999997937,0.05441189132541915,0.05699597939982997,0.05499204879753653,0.05901661439096546
2.8819999999997936,0.05441188424739487,0.05711068922817249,0.05501924755538136,0.05904782556944851
2.8829999999997935,0.05441187729286375,0.05722492535285352,0.05504647403721821,0.05907924828820538
2.8839999999997934,0.054411870457611165,0.05733866786199158,0.0550737294853392,0.05911088398099442
2.8849999999997933,0.05441186373764464,0.05745189696357984,0.0551010151433581,0.05914273409129157
2.885999999999793,0.05441185712918347,0.05756459299232101,0.0551283322562671,0.059174800072356204
2.886999999999793,0.05441185062864793,0.05767673641649542,0.055155682070493636,0.05920708338729751
2.887999999999793,0.05441184423264975,0.05778830784485717,0.05518306583395724,0.05923958550914118
2.888999999999793,0.0544118379379819,0.05789928803355194,0.05521048479612646,0.059272307920896626
2.8899999999997927,0.05441183174160985,0.058009657893050716,0.05523794020807592,0.0593052521156247
2.8909999999997926,0.05441182564066239,0.05811939849509341,0.055265433322543356,0.059338419596505765
2.8919999999997925,0.054411819632423225,0.0582284910796368,0.055292965393986815,0.059371811876908306
2.8929999999997924,0.054411813714322896,0.05833691706180057,0.05532053767864187,0.05940543048045799
2.8939999999997923,0.054411807883930935,0.05844465803880638,0.055348151434578934,0.05943927694110715
2.894999999999792,0.054411802138948424,0.058551695796904425,0.055375807921760695,0.05947335280320483
2.895999999999792,0.05441179647720096,0.05865801231828139,0.055403508402099566,0.0595076596215672
2.896999999999792,0.05441179089663186,0.058763589787946234,0.0554312541395153,0.059542198961548526
2.897999999999792,0.05441178539529589,0.05886841060058739,0.055459046399992634,0.0595769723991126
2.8989999999997917,0.05441177997135272,0.058972457367398395,0.055486886451639066,0.059611981520904626
2.8999999999997916,0.054411774623061696,0.059075712922865925,0.05551477556474271,0.05964722792432363
2.9009999999997915,0.05441176934877599,0.0591781603315181,0.05554271501183027,0.05968271321759534
2.9019999999997914,0.05441176414693734,0.0592797828946276,0.05557070606772509,0.05971843901984559
2.9029999999997913,0.05441175901607131,0.05938056415686784,0.0555987500096053,0.059754406961174136
2.903999999999791,0.05441175395478238,0.05948048791291766,0.05562684811706215,0.059790618682729106
2.904999999999791,0.05441174896174976,0.059579538214013184,0.05565500167215835,0.05982707583678186
2.905999999999791,0.054411744035722916,0.0596776993744435,0.05568321195948658,0.059863780086802335
2.906999999999791,0.05441173917551786,0.05977495597798846,0.05571148026622809,0.05990073310753502
2.9079999999997908,0.05441173438001325,0.05987129288429726,0.05573980788221146,0.05993793658507531
2.9089999999997906,0.05441172964814707,0.059966695235205564,0.055768196099971426,0.05997539221694648
2.9099999999997905,0.05441172497891314,0.060061148460991226,0.055796646214807885,0.06001310171217711
2.9109999999997904,0.0544117203713582,0.0601546382865669,0.05582515952484496,0.06005106679137909
2.9119999999997903,0.05441171582457885,0.06024715073760968,0.05585373733109025,0.06008928918682609
2.91299999999979,0.054411711337718834,0.060338672146627574,0.05588238093749421,0.06012777064253266
2.91399999999979,0.05441170690996664,0.06042918915896277,0.0559110916510096,0.06016651291433376
2.91499999999979,0.054411702540553004,0.06051868873873224,0.055939870781651184,0.06020551776996488
2.91599999999979,0.05441169822874865,0.06060715817470659,0.05596871964255544,0.06024478698914271
2.9169999999997898,0.05441169397386238,0.0606945850861276,0.05599763955004052,0.060284322363646344
2.9179999999997897,0.05441168977523904,0.0607809574284658,0.056026631823666295,0.060324125697399034
2.9189999999997895,0.054411685632257775,0.06086626349911984,0.056055697786294545,0.06036419880655049
2.9199999999997894,0.054411681544330306,0.06095049194305814,0.05608483876414936,0.06040454351955976
2.9209999999997893,0.054411677510899564,0.061033631758406,0.056114056086877626,0.06044516167727867
2.921999999999789,0.05441167353143817,0.06111567230197829,0.056143351087609684,0.06048605513303577
2.922999999999789,0.05441166960544723,0.06119660329476112,0.056172725103020196,0.06052722575272096
2.923999999999789,0.05441166573245493,0.061276414827344035,0.0562021794733891,0.060568675414870585
2.924999999999789,0.05441166191201586,0.061355097365304555,0.056231715542662764,0.06061040601075316
2.9259999999997888,0.05441165814370949,0.061432641754548156,0.05626133465851535,0.06065241944445569
2.9269999999997887,0.05441165442713967,0.06150903922660537,0.056291038172410254,0.06069471763297049
2.9279999999997885,0.05441165076193366,0.06158428140388847,0.0563208274396618,0.060737302506282724
2.9289999999997884,0.054411647147741195,0.06165836030491082,0.05635070381949706,0.06078017600745841
2.9299999999997883,0.05441164358423397,0.061731268349470736,0.056380668675117915,0.0608233400927331
2.930999999999788,0.05441164007110479,0.06180299836380244,0.056410723373763204,0.060866796731601176
2.931999999999788,0.05441163660806709,0.061873543585697036,0.056440869286771125,0.060910547906905636
2.932999999999788,0.05441163319485412,0.06194289766959563,0.056471107789641824,0.060954595614928615
2.933999999999788,0.05441162983121852,0.062011054691657706,0.056501440262100154,0.060998941865482506
2.934999999999788,0.05441162651693164,0.06207800915480652,0.0565318680881586,0.061043588682001576
2.9359999999997877,0.05441162325178279,0.06214375599375462,0.05656239265618046,0.06108853810163438
2.9369999999997876,0.05441162003557889,0.06220829058001214,0.056593015358943184,0.06113379217533664
2.9379999999997874,0.05441161686814364,0.0622716087268799,0.056623737593701914,0.06117935296796488
2.9389999999997873,0.05441161374931678,0.062333706694430155,0.056654560762253246,0.06122522255837061
2.9399999999997872,0.05441161067895339,0.06239458119447745,0.0566854862709992,0.06127140303949519
2.940999999999787,0.05441160765692302,0.062454229395542266,0.056716515531011376,0.06131789651846532
2.941999999999787,0.05441160468310862,0.06251264892780904,0.05674764995809536,0.06136470511668923
2.942999999999787,0.05441160175740565,0.06256983788808276,0.05677889097285527,0.061411830969953375
2.943999999999787,0.05441159887972082,0.06262579484474469,0.056810240000758655,0.061459276228519995
2.9449999999997867,0.05441159604997078,0.06268051884271071,0.05684169847220149,0.061507043057225166
2.9459999999997866,0.05441159326808047,0.06273400940839517,0.05687326782257343,0.06155513363557758
2.9469999999997865,0.0544115905339816,0.06278626655468103,0.05690494949232334,0.061603550157858025
2.9479999999997863,0.054411587847610736,0.06283729078590093,0.056936744927024996,0.06165229483321948
2.9489999999997862,0.05441158520890721,0.06288708310282953,0.05696865557744305,0.061701369885787914
2.949999999999786,0.05441158261781061,0.06293564500769128,0.05700068289959923,0.06175077755476376
2.950999999999786,0.05441158007425842,0.06298297850918472,0.05703282835483877,0.061800520094524136
2.951999999999786,0.05441157757818288,0.0630290861275266,0.05706509340989708,0.06185059977472563
2.952999999999786,0.05441157512950797,0.06307397089951802,0.05709747953696669,0.06190101888040793
2.9539999999997857,0.05441157272814583,0.06311763638363461,0.05712998821376442,0.061951779712098046
2.9549999999997856,0.054411570373993,0.06316008666514365,0.057162620923598785,0.06200288458591528
2.9559999999997855,0.05441156806692606,0.06320132636125009,0.057195379155437695,0.06205433583367694
2.9569999999997854,0.054411565806797194,0.06324136062627388,0.05722826440397639,0.0621061358030047
2.9579999999997852,0.05441156359342922,0.06328019515686083,0.05726127816970564,0.06215828685743173
2.958999999999785,0.05441156142661022,0.06331783619722929,0.05729442195898019,0.06221079137651052
2.959999999999785,0.054411559306087626,0.06335429054445406,0.05732769728408755,0.062263651755921516
2.960999999999785,0.054411557231562324,0.06338956555379037,0.05736110566331691,0.062316870407582346
2.961999999999785,0.05441155520268184,0.06342366914403903,0.05739464862102849,0.06237044975975793
2.9629999999997847,0.05441155321903318,0.06345660980295487,0.057428327687723074,0.06242439225717128
2.9639999999997846,0.05441155128013551,0.06348839659269907,0.05746214440011181,0.06247870036111498
2.9649999999997845,0.054411549385432044,0.06351903915533778,0.05749610030118639,0.0625333765495636
2.9659999999997844,0.0544115475342819,0.06354854771838728,0.05753019694028939,0.06258842331728663
2.9669999999997843,0.05441154572595082,0.06357693310040628,0.057564435873184994,0.06264384317596244
2.967999999999784,0.054411543959602376,0.06360420671663641,0.05759881866213001,0.0626996386542928
2.968999999999784,0.05441154223428799,0.06363038058469057,0.057633346875945075,0.06275581229811829
2.969999999999784,0.05441154054893685,0.06365546733028897,0.05766802209008632,0.06281236667053443
2.970999999999784,0.054411538902345666,0.06367948019304255,0.05770284588671721,0.06286930435200869
2.9719999999997837,0.054411537293167625,0.06370243303228268,0.057737819854780735,0.06292662794049818
2.9729999999997836,0.05441153571990147,0.06372434033293554,0.05777294559007192,0.06298434005156821
2.9739999999997835,0.054411534180879746,0.06374521721144012,0.05780822469531065,0.06304244331851161
2.9749999999997834,0.05441153267425751,0.06376507942170673,0.05784365878021477,0.06310094039246895
2.9759999999997833,0.054411531198000074,0.06378394336111468,0.05787924946157356,0.06315983394254941
2.976999999999783,0.054411529749871276,0.06380182607654479,0.05791499836332149,0.06321912665595264
2.977999999999783,0.054411528327421084,0.06381874527044461,0.057950907116612334,0.06327882123809134
2.978999999999783,0.05441152692797353,0.06383471930692189,0.057986977359893575,0.06333892041271469
2.979999999999783,0.05441152554861451,0.06384976721786208,0.05802321073898117,0.06339942692203268
2.9809999999997827,0.054411524186179595,0.06386390870906622,0.05805960890713466,0.06346034352684118
2.9819999999997826,0.05441152283724214,0.06387716416640347,0.058096173525132584,0.06352167300664796
2.9829999999997825,0.054411521498101564,0.06388955466197427,0.05813290626134829,0.06358341815979943
2.9839999999997824,0.05441152016477205,0.06390110196027773,0.058169808791826004,0.06364558180360841
2.9849999999997823,0.054411518832971156,0.0639118285243794,0.058206882800357365,0.06370816677448264
2.985999999999782,0.054411517498109685,0.06392175752207227,0.05824412997855822,0.06377117592805423
2.986999999999782,0.05441151615528145,0.06393091283202673,0.0582815520259458,0.0638346121393099
2.987999999999782,0.054411514799254025,0.06393931904992345,0.05831915065001631,0.06389847830272218
2.988999999999782,0.05441151342446036,0.06394700149456334,0.05835692756632278,0.06396277733238152
2.9899999999997817,0.0544115120249905,0.06395398621394979,0.0583948844985534,0.06402751216212925
2.9909999999997816,0.054411510594585606,0.06396029999133761,0.05843302317861013,0.06409268574569137
2.9919999999997815,0.05441150912663158,0.06396597035124396,0.058471345346687714,0.06415830105681337
2.9929999999997814,0.054411507614154905,0.06397102556541578,0.05850985275135314,0.064224361089396
2.9939999999997813,0.054411506049819126,0.06397549465875058,0.05854854714962536,0.0642908688576317
2.994999999999781,0.05441150442592311,0.06397940741516533,0.058587430307055495,0.06435782739614229
2.995999999999781,0.05441150273440039,0.06398279438341031,0.058626503997807375,0.06442523976011734
2.996999999999781,0.05441150096682032,0.06398568688282487,0.058665770004738514,0.06449310902545365
2.997999999999781,0.05441149911439114,0.06398811700903156,0.05870523011948143,0.06456143828889548
2.9989999999997807,0.05441149716796416,0.06399011763956723,0.05874488614252541,0.06463023066817597
2.9999999999997806,0.054411495118040665,0.06399172243944803,0.05878473988329867,0.06469948930215935
3.0009999999997805,0.054411492954780226,0.06399296586666796,0.0588247931602509,0.06476921735098413
3.0019999999997804,0.05441149066801149,0.06399388317762851,0.05886504780093625,0.06483941799620736
3.0029999999997803,0.054411488247245086,0.06399451043250029,0.05890550564209669,0.06491009444094971
3.00399999999978,0.05441148568168909,0.06399488450051465,0.058946168529745865,0.06498124991004167
3.00499999999978,0.0544114829602668,0.0639950430651862,0.05898703831925328,0.06505288765017075
3.00599999999978,0.05441148007163707,0.06399502462946649,0.05902811687542898,0.06512501093002948
3.00699999999978,0.05441147700421796,0.0639948685208284,0.059069406072608625,0.06519762304046471
3.0079999999997797,0.05441147374621268,0.06399461489628265,0.059110907794739036,0.06527072729462763
3.0089999999997796,0.054411470285639,0.06399430474732612,0.05915262393546413,0.06534432702812507
3.0099999999997795,0.054411466610361815,0.06399397990482347,0.05919455639821133,0.06541842559917155
3.0109999999997794,0.05441145846222611,0.06399357912916352,0.059236488860959245,0.06542819195383266
3.0119999999997793,0.05441147173315372,0.0639931880605421,0.05927820500168649,0.06543802450200008
3.012999999999779,0.054411548672295945,0.06399280647289736,0.059319706723820496,0.06544792369231409
3.013999999999779,0.054411730656185826,0.06399243414526636,0.059360995921005175,0.06545788997645574
3.014999999999779,0.054412058194355434,0.06399207086166542,0.05940207447718733,0.06546792380916744
3.015999999999779,0.05441257093510133,0.06399171641097415,0.059442944266702644,0.06547802564827374
3.0169999999997787,0.054413307671382034,0.06399137058682139,0.05948360715436115,0.06548819595470214
3.0179999999997786,0.05441430634683368,0.06399103318747477,0.059524064995532366,0.06549843519250421
3.0189999999997785,0.05441560406189107,0.06399070401573208,0.05956431963622992,0.06550874382887673
3.0199999999997784,0.054417237080000055,0.06399038287881598,0.0596043729131958,0.06551912233418297
3.0209999999997783,0.054419240833911066,0.06399006958827068,0.059644226653984146,0.06552957118197422
3.021999999999778,0.05442164993204168,0.06398976395986161,0.05968388267704465,0.06554009084901134
3.022999999999778,0.0544244981648985,0.0639894658134769,0.05972334279180553,0.06555068181528656
3.023999999999778,0.054427818511548605,0.06398917497303172,0.05976260879875607,0.06556134456404532
3.024999999999778,0.05443164314613227,0.06398889126637476,0.059801682489528794,0.06557207958180837
3.0259999999997778,0.05443600344440825,0.06398861452519686,0.05984056564698122,0.06558288735839399
3.0269999999997776,0.05444092999032472,0.06398834458494175,0.05987926004527717,0.06559376838694027
3.0279999999997775,0.05444645258260916,0.06398808128471924,0.05991776744996777,0.06560472316392765
3.0289999999997774,0.0544526002413709,0.06398782446722016,0.05995608961807199,0.06561575218920158
3.0299999999997773,0.0544594012147106,0.0639875739786334,0.05999422829815678,0.06562685596599534
3.030999999999777,0.054466882985332636,0.06398732966856513,0.06003218523041692,0.0656380350009529
3.031999999999777,0.05447507227715464,0.06398709138995984,0.06006996214675437,0.0656492898041522
3.032999999999777,0.054483995061911955,0.06398685899902322,0.0601075607708573,0.0656606208891283
3.033999999999777,0.05449367656575178,0.06398663235514715,0.06014498281827876,0.06567202877289686
3.0349999999997768,0.054504141275816195,0.0639864113208363,0.06018222999651493,0.0656835139759777
3.0359999999997767,0.054515412946809165,0.06398619576163674,0.060219304005083074,0.06569507702241861
3.0369999999997765,0.054527514607547914,0.06398598554606635,0.06025620653559903,0.0657067184398192
3.0379999999997764,0.054540468567494976,0.06398578054554702,0.06029293927185443,0.06571843875935501
3.0389999999997763,0.05455429642327079,0.06398558063433833,0.06032950388989352,0.0657302385158017
3.039999999999776,0.05456901906514491,0.06398538568947348,0.06036590205808963,0.06574211824755952
3.040999999999776,0.05458465668350603,0.06398519559069654,0.06040213543722132,0.06575407849667782
3.041999999999776,0.05460122877530948,0.06398501022040146,0.06043820568054811,0.06576611980887982
3.042999999999776,0.05461875415050226,0.06398482946357287,0.060474114433885985,0.06577824273358747
3.0439999999997758,0.054637250938425676,0.06398465320772848,0.060509863335682416,0.06579044782394657
3.0449999999997757,0.054656736594195614,0.06398448134286297,0.06054545401709118,0.06580273563685195
3.0459999999997756,0.054677227905060286,0.0639843137613938,0.060580888102046745,0.06581510673297292
3.0469999999997754,0.0546987409967371,0.06398415035810809,0.0606161672073384,0.06582756167677886
3.0479999999997753,0.054721291339727376,0.06398399103011156,0.06065129294268399,0.06584010103656496
3.0489999999997752,0.05474489375561102,0.06398383567677864,0.0606862669108034,0.06585272538447812
3.049999999999775,0.054769562423321344,0.06398368419970422,0.06072109070749166,0.06586543529654311
3.050999999999775,0.054795310885400204,0.06398353650265676,0.060755765921691775,0.06587823135268882
3.051999999999775,0.05482215205423475,0.0639833924915329,0.06079029413556719,0.06589111413677472
3.052999999999775,0.054850098218276716,0.06398325207431332,0.06082467692457404,0.06590408423661752
3.0539999999997747,0.05487916104824401,0.06398311516102002,0.06085891585753299,0.065917142244018
3.0549999999997746,0.05490935160330642,0.06398298166367501,0.06089301249670082,0.06593028875478794
3.0559999999997745,0.05494068033725505,0.06398285149625992,0.060926968397841744,0.06594352436877744
3.0569999999997743,0.05497315710465684,0.06398272457467717,0.06096078511029833,0.06595684968990212
3.0579999999997742,0.055006791166994466,0.06398260081671216,0.060994464177062266,0.06597026532617081
3.058999999999774,0.05504159119879165,0.06398248014199655,0.061028007134844714,0.06598377188971324
3.059999999999774,0.055077565293725185,0.06398236247197264,0.061061415514146455,0.065997369996808
3.060999999999774,0.05511472097072284,0.06398224772985896,0.06109469083932771,0.06601106026791059
3.061999999999774,0.0551530651800482,0.06398213584061645,0.06112783462867769,0.06602484332768181
3.0629999999997737,0.05519260430937238,0.06398202673091608,0.06116084839448389,0.06603871980501622
3.0639999999997736,0.05523334418983268,0.06398192032910688,0.06119373364310106,0.06605269033307085
3.0649999999997735,0.05527529010207759,0.06398181656518526,0.061226491875019974,0.06606675554929406
3.0659999999997734,0.05531844678229883,0.0639817153707648,0.061259124584935876,0.06608091609545468
3.0669999999997732,0.055362818428249895,0.06398161667904692,0.061291633261816685,0.06609517261767126
3.067999999999773,0.05540840870525045,0.06398152042479248,0.06132401938897092,0.06610952576644152
3.068999999999773,0.05545522075217665,0.06398142654429348,0.0613562844441154,0.06612397619667212
3.069999999999773,0.05550325718743674,0.06398133497534625,0.061388429899442654,0.06613852456770843
3.070999999999773,0.05555252011493163,0.06398124565722443,0.06142045722168811,0.06615317154336468
3.0719999999997727,0.05560301112999935,0.06398115853065289,0.061452367872197,0.0661679177919543
3.0729999999997726,0.05565473132534326,0.06398107353778222,0.06148416330699106,0.06618276398632027
3.0739999999997725,0.05570768129694323,0.0639809906221636,0.06151584497683493,0.06619771080386594
3.0749999999997724,0.055761861149948654,0.06398090972872403,0.06154741432730241,0.06621275892658592
3.0759999999997722,0.055817270504553214,0.06398083080374231,0.06157887279884235,0.06622790904109715
3.076999999999772,0.055873908501849874,0.0639807537948249,0.06161022182684444,0.0662431618386703
3.077999999999772,0.05593177380966584,0.06398067865088267,0.06164146284170463,0.06625851801526123
3.078999999999772,0.05599086462837627,0.06398060532210773,0.06167259726889047,0.06627397827154277
3.079999999999772,0.056051178696696215,0.06398053375995053,0.06170362652900611,0.0662895433129368
3.0809999999997717,0.056112713297449504,0.06398046391709743,0.061734552037857125,0.06630521384964623
3.0819999999997716,0.05617546526331448,0.06398039574744827,0.06176537520651512,0.06632099059668758
3.0829999999997715,0.05623943098254478,0.06398032920609464,0.061796097441382127,0.06633687427392357
3.0839999999997714,0.05630460640466537,0.06398026424929781,0.061826720144254735,0.06635286560609585
3.0849999999997713,0.05637098704614232,0.06398020083446754,0.0618572447123881,0.06636896532285824
3.085999999999771,0.05643856799602621,0.06398013892014037,0.061887672538559674,0.06638517415880993
3.086999999999771,0.05650734392156785,0.06398007846595881,0.06191800501113276,0.06640149285352895
3.087999999999771,0.05657730907380673,0.06398001943265011,0.06194824351411985,0.06641792215160602
3.088999999999771,0.05664845729313042,0.06397996178200568,0.0619783894272458,0.06643446280267852
3.0899999999997707,0.05672078201480538,0.0639799054768604,0.06200844412601076,0.06645111556146456
3.0909999999997706,0.05679427627447886,0.0639798504810722,0.06203840898175293,0.06646788118779758
3.0919999999997705,0.056868932713651066,0.0639797967595017,0.062068285361711176,0.0664847604466609
3.0929999999997704,0.05694474358511758,0.0639797442779922,0.06209807462908736,0.06650175410822276
3.0939999999997703,0.057021700758382664,0.06397969300334946,0.062127778143108575,0.06651886294787127
3.09499999999977,0.05709979572504261,0.06397964290332207,0.06215739725908914,0.06653608774624994
3.09599999999977,0.05717901960413965,0.06397959394658163,0.06218693332849247,0.06655342928929328
3.09699999999977,0.05725936314748746,0.0639795461027032,0.06221638769899271,0.0665708883682626
3.09799999999977,0.05734081674496747,0.06397949934214589,0.06224576171453625,0.06658846577978217
3.0989999999997697,0.057423370429797754,0.06397945363623353,0.062275056715403045,0.06660616232587552
3.0999999999997696,0.05750701388377438,0.06397940895713566,0.062304274038267736,0.06662397881400209
3.1009999999997695,0.057591736442487024,0.06397936527784844,0.06233341501626069,0.06664191605709403
3.1019999999997694,0.05767752710050929,0.06397932257217578,0.0623624809790288,0.06665997487359332
3.1029999999997693,0.05776437451656516,0.06397928081471087,0.06239147325279615,0.06667815608748909
3.103999999999769,0.057852267018672965,0.06397923998081745,0.06242039316042454,0.06669646052835522
3.104999999999769,0.05794119260926892,0.06397920004661149,0.06244924202147384,0.06671488903138821
3.105999999999769,0.058031138970310925,0.06397916098894316,0.0624780211522622,0.06673344243744529
3.106999999999769,0.05812209346836576,0.0639791227853786,0.06250673186592612,0.06675212159308277
3.1079999999997687,0.05821404315968114,0.06397908541418224,0.06253537547248036,0.06677092735059466
3.1089999999997686,0.058306974795244555,0.06397904885429911,0.0625639532788777,0.06678986056805157
3.1099999999997685,0.05840087482583176,0.06397901308533732,0.06259246658906858,0.06680892210933986
3.1109999999997684,0.05849572940704749,0.06397897808755092,0.06262091670406063,0.0668281128442011
3.1119999999997683,0.05859152440436079,0.06397894384182257,0.06264930492197797,0.06684743364827167
3.112999999999768,0.058688245398137405,0.06397891032964699,0.06267763253812049,0.06686688540312274
3.113999999999768,0.05878587768867324,0.0639788775331142,0.06270590084502295,0.0668864689963006
3.114999999999768,0.058884406301230506,0.06397884543489296,0.06273411113251394,0.06690618532136701
3.115999999999768,0.05898381599108049,0.06397881401821474,0.06276226468777471,0.06692603527794
3.1169999999997677,0.05908409124855601,0.06397878326685764,0.06279036279539796,0.066946019771735
3.1179999999997676,0.05918521630411633,0.0639787531651308,0.0628184067374464,0.06696613971460613
3.1189999999997675,0.059287175133428224,0.06397872369785856,0.06284639779351127,0.06698639602458772
3.1199999999997674,0.05938995146246586,0.06397869485036577,0.06287433724077074,0.06700678962593636
3.1209999999997673,0.05949352877263339,0.06397866660846235,0.06290222635404813,0.06702732144917288
3.121999999999767,0.05959789030591269,0.0639786389584288,0.06293006640587018,0.067047992431125
3.122999999999767,0.05970301907003981,0.06397861188700166,0.06295785866652498,0.06706880351496991
3.123999999999767,0.05980889784371308,0.06397858538135953,0.06298560440412006,0.06708975565027744
3.124999999999767,0.059915509181835386,0.0639785594291089,0.06301330488464016,0.06711084979305333
3.1259999999997667,0.06002283542079387,0.06397853401827097,0.06304096137200503,0.06713208690578279
3.1269999999997666,0.06013085868377948,0.063978509137268,0.06306857512812711,0.06715346795747452
3.1279999999997665,0.06023956088614816,0.06397848477491061,0.06309614741296908,0.06717499392370486
3.1289999999997664,0.06034892374082659,0.06397846092038513,0.06312367948460137,0.06719666578666236
3.1299999999997663,0.06045892876376424,0.0639784375632411,0.06315117259925958,0.0672184845351925
3.130999999999766,0.060569557279432674,0.06397841469337955,0.06317862801140173,0.06724045116484288
3.131999999999766,0.06068079042637422,0.06397839230104127,0.06320604697376558,0.06726256667790867
3.132999999999766,0.06079260916280045,0.06397837037679557,0.06323343073742578,0.06728483208347828
3.133999999999766,0.06090499427224117,0.06397834891152937,0.06326078055185087,0.06730724839747942
3.1349999999997658,0.061017926369244295,0.06397832789643682,0.0632880976649604,0.06732981664272547
3.1359999999997656,0.061131385905126186,0.06397830732300908,0.06331538332318179,0.06735253784896214
3.1369999999997655,0.06124535317377189,0.06397828718302465,0.06334263877150727,0.06737541305291447
3.1379999999997654,0.06135980831748445,0.06397826746854036,0.06336986525355061,0.06739844329833408
3.1389999999997653,0.06147473133288113,0.06397824817188201,0.06339706401160393,0.06742162963604688
3.139999999999765,0.06159010207683549,0.06397822928563672,0.06342423628669434,0.06744497312400094
3.140999999999765,0.06170590027246173,0.06397821080264438,0.06345138331864063,0.06746847482731481
3.141999999999765,0.061822105515139045,0.06397819271599074,0.06347850634610971,0.06749213581832611
3.142999999999765,0.06193869727857235,0.06397817501900045,0.0635056066066733,0.06751595717664044
3.1439999999997648,0.06205565492088479,0.06397815770523062,0.06353268533686425,0.06753993998918065
3.1449999999997647,0.062172957690737995,0.06397814076846513,0.06355974377223304,0.06756408535023643
3.1459999999997645,0.06229058473347479,0.06397812420270958,0.06358678314740414,0.06758839436151427
3.1469999999997644,0.06240851509727826,0.06397810800218667,0.06361380469613233,0.06761286813218768
3.1479999999997643,0.06252672773934152,0.0639780921613323,0.06364080965135901,0.06763750777894785
3.148999999999764,0.06264520153204092,0.06397807667479243,0.06366779924526847,0.06766231442605457
3.149999999999764,0.06276391526910549,0.06397806153742067,0.06369477470934407,0.06768728920538754
3.150999999999764,0.0628828476717746,0.0639780467442763,0.06372173727442443,0.06771243325649796
3.151999999999764,0.06300197739493542,0.0639780322906238,0.06374868817075965,0.06773774772666065
3.1529999999997638,0.06312128303323107,0.06397801817193216,0.0637756286280674,0.06776323377092629
3.1539999999997637,0.06324074312712989,0.06397800438387617,0.06380255987558904,0.06778889255217413
3.1549999999997635,0.06336033616894556,0.06397799092233787,0.06382948314214569,0.06781472524116514
3.1559999999997634,0.06348004060879713,0.06397797778340923,0.06385639965619433,0.06784073301659532
3.1569999999997633,0.06359983486049839,0.06397796496339567,0.06388331064588383,0.06786691706514955
3.157999999999763,0.06371969730736354,0.0639779524588211,0.06391021733911098,0.06789327858155568
3.158999999999763,0.06383960630791784,0.06397794026643337,0.06393712096357655,0.06791981876863912
3.159999999999763,0.06395954020149883,0.06397792838321141,0.06396402274684129,0.06794653883737767
3.160999999999763,0.06407947731373632,0.06397791680637337,0.06399092391638193,0.06797344000695675
3.161999999999763,0.06419939614313942,0.06397790553094514,0.06401782569964719,0.0680005235048251
3.1629999999997627,0.06431927555391458,0.06397789454725483,0.0640447293241138,0.06802779056675076
3.1639999999997626,0.06443909458736195,0.06397788384356354,0.06407163601734252,0.06805524243687741
3.1649999999997624,0.06455883227681482,0.06397787340862653,0.06409854700703409,0.06808288036778118
3.1659999999997623,0.06467846765273119,0.0639778632316812,0.06412546352108532,0.0681107056205278
3.1669999999997622,0.06479797974789495,0.06397785330243348,0.06415238678764508,0.06813871946473017
3.167999999999762,0.06491734760272817,0.06397784361104478,0.06417931803517035,0.0681669231786062
3.168999999999762,0.06503655027071249,0.06397783414811822,0.06420625849248227,0.06819531804903725
3.169999999999762,0.06515556682392089,0.0639778249046848,0.06423320938882217,0.06822390537162673
3.170999999999762,0.06527437635865688,0.06397781587218951,0.06426017195390774,0.0682526864507593
3.1719999999997617,0.06539295800120037,0.06397780704247713,0.06428714741798904,0.06828166259966034
3.1729999999997616,0.06551129091365873,0.0639777984077783,0.06431413701190473,0.06831083514045594
3.1739999999997615,0.06562935429991935,0.0639777899606955,0.06434114196713818,0.06834020540423309
3.1749999999997613,0.06574712741170177,0.06397778169418909,0.06436816351587366,0.06836977473110058
3.1759999999997612,0.06586458955470602,0.06397777360156344,0.06439520289105256,0.06839954447025004
3.176999999999761,0.06598172009485326,0.06397776567645343,0.06442226132642968,0.06842951598001752
3.177999999999761,0.06609849846461492,0.06397775791281085,0.06444934005662949,0.06845969062794546
3.178999999999761,0.06621490416942576,0.06397775030489146,0.06447644031720244,0.06849006979084515
3.179999999999761,0.06633091679417655,0.06397774284724166,0.06450356334468142,0.06852065485485945
3.1809999999997607,0.0664465160097812,0.06397773553468625,0.06453071037663811,0.06855144721552614
3.1819999999997606,0.06656168157981257,0.06397772836231592,0.06455788265173948,0.06858244827784155
3.1829999999997605,0.0666763933672022,0.06397772132547516,0.06458508140980428,0.06861365945632461
3.1839999999997604,0.06679063134099793,0.06397771441975074,0.06461230789185961,0.0686450821750815
3.1849999999997602,0.06690437558317332,0.06397770764096034,0.06463956334019759,0.06867671786787054
3.18599999999976,0.06701760629548258,0.06397770098514162,0.06466684899843203,0.0687085679781677
3.18699999999976,0.06713030380635579,0.06397769444854146,0.06469416611155514,0.06874063395923237
3.18799999999976,0.06724244857782685,0.06397768802760619,0.06472151592599433,0.0687729172741737
3.18899999999976,0.06735402121248864,0.06397768171897125,0.06474889968966915,0.06880541939601738
3.1899999999997597,0.06746500246046869,0.06397767551945205,0.06477631865204818,0.06883814180777284
3.1909999999997596,0.06757537322641928,0.06397766942603476,0.06480377406420604,0.06887108600250094
3.1919999999997595,0.06768511457651567,0.06397766343586772,0.06483126717888046,0.06890425348338203
3.1929999999997594,0.06779420774545572,0.06397765754625294,0.06485879925052951,0.06893764576378458
3.1939999999997593,0.06790263414345586,0.06397765175463828,0.06488637153538877,0.06897126436733429
3.194999999999759,0.06801037536323672,0.06397764605860962,0.06491398529152867,0.06900511082798347
3.195999999999759,0.06811741318699283,0.06397764045588383,0.06494164177891189,0.06903918669008116
3.196999999999759,0.06822372959334147,0.0639776349443018,0.06496934225945088,0.06907349350844355
3.197999999999759,0.06832930676424459,0.06397762952182147,0.06499708799706537,0.06910803284842489
3.1989999999997587,0.06843412709189967,0.06397762418651216,0.06502488025774013,0.06914280628598898
3.1999999999997586,0.06853817318559387,0.06397761893654809,0.06505272030958266,0.06917781540778102
3.2009999999997585,0.0686414278785183,0.06397761377020313,0.06508060942288109,0.06921306181120004
3.2019999999997584,0.06874387423453703,0.06397760868584491,0.06510854887016211,0.06924854710447177
3.2029999999997583,0.06884549555490843,0.06397760368193037,0.06513653992624908,0.06928427290672204
3.203999999999758,0.06894627538495415,0.0639775987570005,0.06516458386832018,0.06932024084805061
3.204999999999758,0.06904619752067405,0.063977593909676,0.06519268197596662,0.0693564525696056
3.205999999999758,0.06914524601530293,0.06397758913865298,0.06522083553125112,0.06939290972365836
3.206999999999758,0.06924340518580845,0.06397758444269874,0.06524904581876638,0.06942961397367885
3.2079999999997577,0.06934065961932663,0.06397757982064836,0.06527731412569367,0.06946656699441155
3.2089999999997576,0.06943699417953457,0.06397757527140076,0.06530564174186157,0.06950377047195186
3.2099999999997575,0.06953239401295828,0.06397757079391546,0.06533402995980482,0.06954122610382303
3.2109999999997574,0.06962684455521537,0.0639775663872095,0.06536248007482333,0.06957893559905368
3.2119999999997573,0.06972033153719173,0.06397756205035442,0.06539099338504123,0.06961690067825567
3.212999999999757,0.06981284099115155,0.0639775577824736,0.06541957119146614,0.0696551230737027
3.213999999999757,0.06990435925678173,0.06397755358273959,0.0654482147980485,0.0696936045294093
3.214999999999757,0.06999487298716976,0.06397754945037168,0.0654769255117411,0.0697323468012104
3.215999999999757,0.07008436915471687,0.06397754538463389,0.0655057046425587,0.06977135165684155
3.2169999999997567,0.07017283505698649,0.06397754138483262,0.06553455350363778,0.0698106208760194
3.2179999999997566,0.07026025832248932,0.06397753745031497,0.06556347341129651,0.06985015625052306
3.2189999999997565,0.07034662691640671,0.06397753358046682,0.06559246568509476,0.06988995958427577
3.2199999999997564,0.07043192914625346,0.0639775297747113,0.06562153164789433,0.06993003269342724
3.2209999999997563,0.07051615366748207,0.06397752603250728,0.06565067262591932,0.06997037740643654
3.221999999999756,0.07059928948902988,0.06397752235334789,0.06567988994881661,0.07001099556415548
3.222999999999756,0.07068132597881195,0.06397751873675935,0.06570918494971656,0.07005188901991259
3.223999999999756,0.0707622528691607,0.06397751518229984,0.06573855896529383,0.07009305963959782
3.224999999999756,0.07084206026221603,0.06397751168955834,0.06576801333582837,0.07013450930174747
3.2259999999997557,0.07092073863526695,0.0639775082581538,0.06579754940526655,0.07017623989763007
3.2269999999997556,0.07099827884604805,0.06397750488773415,0.06582716852128255,0.07021825333133262
3.2279999999997555,0.07107467213799296,0.06397750157797563,0.06585687203533977,0.07026055151984746
3.2289999999997554,0.07114991014544764,0.06397749832858182,0.06588666130275253,0.07030313639315972
3.2299999999997553,0.07122398489884611,0.0639774951392833,0.06591653768274794,0.07034600989433543
3.230999999999755,0.07129688882985065,0.06397749200983673,0.06594650253852784,0.07038917397961014
3.231999999999755,0.07136861477646045,0.0639774889400244,0.0659765572373311,0.07043263061847824
3.232999999999755,0.07143915598809004,0.06397748592965365,0.06600670315049594,0.0704763817937827
3.233999999999755,0.07150850613062118,0.06397748297855631,0.0660369416535225,0.07052042950180572
3.2349999999997547,0.0715766592914303,0.06397748008658825,0.06606727412613565,0.07056477575235963
3.2359999999997546,0.07164360998439458,0.06397747725362861,0.06609770195234788,0.07060942256887874
3.2369999999997545,0.0717093531548792,0.06397747447957951,0.06612822652052247,0.07065437198851156
3.2379999999997544,0.07177388418470822,0.06397747176436534,0.0661588492234369,0.07069962606221385
3.2389999999997543,0.071837198897122,0.06397746910793202,0.06618957145834631,0.0707451868548421
3.239999999999754,0.07189929356172411,0.06397746651024648,0.06622039462704732,0.07079105644524786
3.240999999999754,0.0719601648994192,0.06397746397129574,0.06625132013594194,0.07083723692637245
3.241999999999754,0.07201981008734583,0.06397746149108609,0.06628234939610178,0.07088373040534261
3.242999999999754,0.07207822676380606,0.06397745906964201,0.06631348382333242,0.07093053900356654
3.2439999999997537,0.07213541303319403,0.06397745670700536,0.06634472483823803,0.07097766485683071
3.2449999999997536,0.07219136747092716,0.06397745440323373,0.06637607386628612,0.07102511011539736
3.2459999999997535,0.07224608912838174,0.06397745215839924,0.0664075323378727,0.07107287694410257
3.2469999999997534,0.07229957753783504,0.06397744997258695,0.0664391016883874,0.07112096752245502
3.2479999999997533,0.07235183271741805,0.06397744784589303,0.06647078335827912,0.0711693840447355
3.248999999999753,0.07240285517607908,0.06397744577842264,0.06650257879312163,0.07121812872009697
3.249999999999753,0.07245264591856332,0.06397744377028783,0.06653448944367958,0.07126720377266543
3.250999999999753,0.07250120645040814,0.06397744182160495,0.06656651676597472,0.07131661144164131
3.251999999999753,0.07254853878295915,0.06397743993249184,0.06659866222135229,0.07136635398140172
3.2529999999997528,0.07259464543840764,0.06397743810306467,0.0666309272765477,0.07141643366160325
3.2539999999997526,0.07263952945485283,0.06397743633343471,0.06666331340375348,0.07146685276728557
3.2549999999997525,0.07268319439139069,0.0639774346237044,0.06669582208068646,0.07151761359897571
3.2559999999997524,0.07272564433323282,0.06397743297396319,0.06672845479065517,0.07156871847279297
3.2569999999997523,0.07276688389685619,0.06397743138428337,0.06676121302262752,0.07162016972055467
3.257999999999752,0.07280691823518727,0.0639774298547148,0.06679409827129876,0.07167196968988246
3.258999999999752,0.0728457530428224,0.0639774283852799,0.06682711203715966,0.0717241207443095
3.259999999999752,0.07288339456128626,0.06397742697596775,0.06686025582656498,0.07177662526338834
3.260999999999752,0.07291984958433076,0.06397742562672822,0.06689353115180222,0.07182948564279935
3.2619999999997518,0.07295512546327608,0.06397742433746509,0.06692693953116059,0.07188270429446023
3.2629999999997517,0.07298923011239584,0.0639774231080293,0.06696048248900031,0.07193628364663585
3.2639999999997515,0.07302217201434762,0.06397742193821117,0.06699416155582218,0.07199022614404922
3.2649999999997514,0.07305396022565036,0.06397742082773268,0.06702797826833734,0.07204453424799295
3.2659999999997513,0.07308460438221014,0.06397741977623905,0.06706193416953748,0.0720992104364416
3.266999999999751,0.07311411470489435,0.06397741878328972,0.0670960308087652,0.07215425720416466
3.267999999999751,0.07314250200515608,0.06397741784834927,0.0671302697417847,0.0722096770628405
3.268999999999751,0.07316977769070789,0.06397741697077737,0.06716465253085276,0.07226547254117088
3.269999999999751,0.07319595377124566,0.06397741614981894,0.06719918074479005,0.0723216461849964
3.2709999999997508,0.07322104286422211,0.06397741538459314,0.0672338559590527,0.07237820055741256
3.2719999999997507,0.07324505820066882,0.06397741467408286,0.06726867975580417,0.07243513823888685
3.2729999999997506,0.07326801363106628,0.06397741401712287,0.06730365372398746,0.07249246182737637
3.2739999999997504,0.07328992363125986,0.06397741341238865,0.06733877945939762,0.07255017393844644
3.2749999999997503,0.07331080330842019,0.063977412858384,0.06737405856475451,0.07260827720538988
3.2759999999997502,0.07333066840704543,0.063977412353429,0.067409492649776,0.07266677427934724
3.27699999999975,0.07334953531500246,0.0639774118956476,0.06744508333125138,0.07272566782942774
3.27799999999975,0.07336742106960437,0.06397741148295483,0.0674808322331151,0.072784960542831
3.27899999999975,0.07338434336372007,0.06397741111304431,0.06751674098652097,0.07284465512496974
3.27999999999975,0.07340032055191227,0.06397741078337532,0.06755281122991645,0.07290475429959313
3.2809999999997497,0.07341537165659963,0.06397741049115999,0.06758904460911752,0.07296526080891115
3.2819999999997496,0.07342951637423828,0.06397741023335098,0.0676254427773837,0.07302617741371968
3.2829999999997495,0.07344277508151743,0.06397741000662852,0.06766200739549359,0.07308750689352649
3.2839999999997493,0.07345516884156454,0.06397740980738834,0.06769874013182049,0.07314925204667798
3.2849999999997492,0.07346671941015384,0.06397740963172967,0.06773564266240865,0.07321141569048699
3.285999999999749,0.07347744924191289,0.06397740947544366,0.06777271667104971,0.07327400066136126
3.286999999999749,0.0734873814965216,0.06397740933400213,0.06780996384935953,0.07333700981493288
3.287999999999749,0.0734965400448975,0.06397740920254716,0.06784738589685535,0.07340044602618857
3.288999999999749,0.07350494947536193,0.06397740907588124,0.06788498452103336,0.0734643121896009
3.2899999999997487,0.07351263509978066,0.06397740894845788,0.06792276143744663,0.07352861121926028
3.2909999999997486,0.07351962295967422,0.06397740881437355,0.06796071836978332,0.07359334604900805
3.2919999999997485,0.07352593983229162,0.06397740866736036,0.0679988570499454,0.07365851963257021
3.2929999999997484,0.07353161323664278,0.06397740850077953,0.06803717921812764,0.07372413494369226
3.2939999999997482,0.07353667143948406,0.06397740830761643,0.06807568662289701,0.07379019497627493
3.294999999999748,0.07354114346125291,0.06397740808047675,0.06811438102127247,0.07385670274451067
3.295999999999748,0.0735450590819469,0.06397740781158386,0.06815326417880514,0.07392366128302129
3.296999999999748,0.0735484488469427,0.06397740749277768,0.06819233786965888,0.07399107364699639
3.297999999999748,0.07355134407275285,0.06397740711551553,0.06823160387669118,0.07405894291233271
3.2989999999997477,0.07355377685271539,0.06397740667087387,0.06827106399153458,0.07412727217577458
3.2999999999997476,0.07355578006261516,0.06397740614955276,0.06831072001467837,0.07419606455505512
3.3009999999997475,0.07355738736623368,0.06397740554188133,0.06835057375555077,0.07426532318903853
3.3019999999997474,0.07355863322082601,0.06397740483782606,0.06839062703260147,0.07433505123786337
3.3029999999997472,0.07355955288252317,0.06397740402700053,0.06843088167338462,0.07440525188308662
3.303999999999747,0.07356018241165904,0.06397740309867785,0.06847133951464222,0.07447592832782901
3.304999999999747,0.0735605586780212,0.06397740204180542,0.06851200240238789,0.07454708379692102
3.305999999999747,0.07356071936602478,0.06397740084502185,0.06855287219199115,0.07461872153705011
3.306999999999747,0.07356070297981004,0.06397739949667697,0.06859395074826205,0.0746908448169089
3.3079999999997467,0.07356054884826296,0.06397739798485422,0.06863523994553626,0.07476345692734415
3.3089999999997466,0.07356029712995943,0.06397739629739631,0.06867674166776061,0.07483656118150714
3.3099999999997465,0.07355998881803325,0.06397739442193347,0.06871845780857899,0.0749101609150046
3.3109999999997464,0.07355966574496776,0.06397739234591543,0.06876039027141886,0.07498425948605113
3.3119999999997463,0.07355926741446898,0.06397738810789577,0.06880232273425883,0.07499402584071227
3.312999999999746,0.07355887875259905,0.06397740513716353,0.06884403887507749,0.07500385838887967
3.313999999999746,0.0735584995341355,0.06397748568487625,0.0688855405973023,0.07501375757919367
3.314999999999746,0.07355812953893975,0.06397767112974423,0.06892682979457716,0.0750237238633353
3.315999999999746,0.0735577685518372,0.06397800198372613,0.06896790835084891,0.07503375769604702
3.3169999999997457,0.07355741636250003,0.06397851789785991,0.06900877814045321,0.07504385953515331
3.3179999999997456,0.07355707276533266,0.06397925766821351,0.06904944102820011,0.07505402984158173
3.3189999999997455,0.0735567375593604,0.06398025924194267,0.06908989886945911,0.07506426907938381
3.3199999999997454,0.07355641054812076,0.06398155972344301,0.06913015351024386,0.07507457771575632
3.3209999999997453,0.07355609153955707,0.06398319538058425,0.06917020678729635,0.07508495622106257
3.321999999999745,0.07355578034591519,0.06398520165101598,0.06921006052817073,0.07509540506885382
3.322999999999745,0.07355547678364262,0.06398761314853459,0.06924971655131669,0.07510592473589094
3.323999999999745,0.07355518067328991,0.06399046366950126,0.06928917666616244,0.07511651570216615
3.324999999999745,0.07355489183941462,0.06399378619930308,0.06932844267319728,0.0751271784509249
3.3259999999997447,0.07355461011048786,0.06399761291884834,0.06936751636405375,0.07513791346868796
3.3269999999997446,0.07355433531880254,0.06400197521108944,0.06940639952158935,0.0751487212452736
3.3279999999997445,0.0735540673003846,0.06400690366756569,0.06944509391996792,0.07515960227381988
3.3289999999997444,0.07355380589490576,0.06401242809496041,0.06948360132474059,0.07517055705080727
3.3299999999997443,0.0735535509455989,0.06401857752166723,0.06952192349292631,0.07518158607608122
3.330999999999744,0.07355330229917516,0.06402538020435943,0.06956006217309206,0.07519268985287496
3.331999999999744,0.07355305980574335,0.06403286363455883,0.0695980191054326,0.07520386888783252
3.332999999999744,0.07355282331873109,0.06404105454520062,0.06963579602184992,0.07521512369103182
3.333999999999744,0.07355259269480849,0.06404997891718985,0.06967339464603219,0.07522645477600792
3.3349999999997437,0.07355236779381279,0.06405966198594702,0.06971081669353245,0.0752378626597765
3.3359999999997436,0.0735521484786759,0.06407012824794102,0.0697480638718469,0.07524934786285735
3.3369999999997435,0.0735519346153532,0.06408140146720603,0.06978513788049279,0.07526091090929826
3.3379999999997434,0.07355172607275444,0.06409350468184234,0.06982204041108596,0.07527255232669885
3.3389999999997433,0.0735515227226762,0.06410646021049798,0.06985877314741806,0.07528427264623466
3.339999999999743,0.0735513244397365,0.06412028965883186,0.06989533776553333,0.07529607240268137
3.340999999999743,0.07355113110131091,0.06413501392595669,0.06993173593380511,0.07530795213443918
3.341999999999743,0.07355094258747032,0.06415065321086148,0.06996796931301195,0.07531991238355748
3.342999999999743,0.0735507587809209,0.06416722701881357,0.0700040395564134,0.07533195369575948
3.3439999999997427,0.07355057956694509,0.06418475416774022,0.07003994830982542,0.07534407662046713
3.3449999999997426,0.0735504048333447,0.06420325279458981,0.0700756972116955,0.07535628171082623
3.3459999999997425,0.0735502344703855,0.06422274036167283,0.07011128789317743,0.07536856952373161
3.3469999999997424,0.07355006837074353,0.06424323366298387,0.07014672197820565,0.07538094061985258
3.3479999999997423,0.07354990642945271,0.06426474883050419,0.07018200108356948,0.07539339556365852
3.348999999999742,0.07354974854385427,0.06428730134048634,0.07021712681898676,0.07540593492344462
3.349999999999742,0.07354959461354767,0.0643109060197209,0.07025210078717736,0.07541855927135778
3.350999999999742,0.07354944454034278,0.06433557705178675,0.07028692458393634,0.07543126918342276
3.351999999999742,0.07354929822821367,0.06436132798328509,0.07032159979820671,0.07544406523956848
3.3529999999997417,0.07354915558325398,0.06438817173005806,0.07035612801215191,0.07545694802365438
3.3539999999997416,0.07354901651363305,0.06441612058339276,0.07039051080122807,0.0754699181234972
3.3549999999997415,0.07354888092955421,0.06444518621621172,0.07042474973425586,0.07548297613089767
3.3559999999997414,0.0735487487432137,0.06447537968924956,0.07045884637349206,0.07549612264166762
3.3569999999997413,0.07354861986876104,0.06450671145721731,0.0704928022747009,0.0755093582556571
3.357999999999741,0.0735484942222607,0.06453919137495472,0.07052661898722493,0.07552268357678177
3.358999999999741,0.07354837172165489,0.06457282870357033,0.07056029805405586,0.07553609921305046
3.359999999999741,0.07354825228672712,0.06460763211657072,0.07059384101190486,0.07554960577659289
3.360999999999741,0.07354813583906743,0.06464360970597849,0.0706272493912727,0.07556320388368763
3.3619999999997408,0.0735480223020381,0.06468076898843915,0.07066052471651961,0.07557689415479023
3.3629999999997406,0.0735479116007406,0.06471911691131717,0.0706936685059348,0.07559067721456143
3.3639999999997405,0.07354780366198334,0.0647586598587818,0.07072668227180576,0.07560455369189584
3.3649999999997404,0.07354769841425036,0.06479940365788106,0.07075956752048727,0.07561852421995045
3.3659999999997403,0.07354759578767091,0.06484135358460515,0.0707923257524701,0.07563258943617368
3.36699999999974,0.07354749571398944,0.0648845143699386,0.07082495846244949,0.07564674998233431
3.36799999999974,0.07354739812653706,0.06492889020590004,0.07085746713939334,0.07566100650455088
3.36899999999974,0.07354730296020283,0.06497448475157029,0.0708898532666102,0.07567535965332113
3.36999999999974,0.0735472101514063,0.06502130113910763,0.07092211832181688,0.07568981008355173
3.3709999999997398,0.07354711963807058,0.06506934197974956,0.07095426377720593,0.07570435845458803
3.3719999999997397,0.07354703135959571,0.06511860936980081,0.07098629109951277,0.07571900543024432
3.3729999999997395,0.07354694525683278,0.06516910489660635,0.07101820175008262,0.07573375167883394
3.3739999999997394,0.07354686127205856,0.0652208296445094,0.07104999718493722,0.07574859787319989
3.3749999999997393,0.07354677934895058,0.06527378420079272,0.07108167885484123,0.07576354469074556
3.375999999999739,0.07354669943256245,0.0653279686616031,0.07111324820536845,0.07577859281346555
3.376999999999739,0.07354662146929994,0.0653833826378579,0.07114470667696773,0.07579374292797679
3.377999999999739,0.07354654540689706,0.06544002526113214,0.07117605570502875,0.07580899572554993
3.378999999999739,0.07354647119439274,0.06549789518952678,0.07120729671994748,0.07582435190214086
3.3799999999997388,0.07354639878210777,0.06555699061351518,0.07123843114719147,0.07583981215842242
3.3809999999997387,0.07354632812162207,0.0656173092617686,0.07126946040736487,0.07585537719981644
3.3819999999997385,0.0735462591657519,0.065678848406959,0.07130038591627325,0.07587104773652588
3.3829999999997384,0.07354619186852808,0.06574160487153816,0.07133120908498822,0.07588682448356723
3.3839999999997383,0.07354612618517355,0.06580557503349248,0.07136193131991181,0.07590270816080322
3.384999999999738,0.07354606207208181,0.06587075483207275,0.07139255402284063,0.0759186994929755
3.385999999999738,0.0735459994867954,0.06593713977349763,0.07142307859102984,0.0759347992097379
3.386999999999738,0.07354593838798437,0.06600472493663054,0.07145350641725687,0.07595100804568958
3.387999999999738,0.07354587873542512,0.06607350497862871,0.07148383888988505,0.07596732674040861
3.3889999999997378,0.07354582048997946,0.06614347414056461,0.07151407739292685,0.0759837560384857
3.3899999999997377,0.07354576361357383,0.06621462625301773,0.07154422330610716,0.07600029668955818
3.3909999999997376,0.07354570806917836,0.06628695474163823,0.07157427800492609,0.07601694944834424
3.3919999999997374,0.07354565382078665,0.0663604526326801,0.0716042428607219,0.07603371507467727
3.3929999999997373,0.07354560083339513,0.06643511255850448,0.0716341192407334,0.07605059433354061
3.3939999999997372,0.07354554907298305,0.06651092676305305,0.07166390850816248,0.07606758799510245
3.394999999999737,0.07354549850649221,0.06658788710729079,0.07169361202223623,0.07608469683475096
3.395999999999737,0.0735454491018072,0.06666598507461848,0.07172323113826898,0.07610192163312963
3.396999999999737,0.07354540082773542,0.06674521177625534,0.07175276720772414,0.07611926317617297
3.397999999999737,0.07354535365398768,0.06682555795659126,0.07178222157827586,0.07613672225514229
3.3989999999997367,0.0735453075511583,0.06690701399850986,0.07181159559387054,0.07615429966666185
3.3999999999997366,0.07354526249070614,0.06698956992868242,0.07184089059478813,0.0761719962127552
3.4009999999997365,0.07354521844493524,0.06707321542283338,0.07187010791770328,0.07618981270088176
3.4019999999997363,0.0735451753869756,0.06715793981097908,0.07189924889574634,0.07620774994397371
3.4029999999997362,0.07354513329076459,0.06724373208263885,0.07192831485856421,0.07622580876047298
3.403999999999736,0.07354509213102796,0.06733058089202215,0.07195730713238101,0.07624398997436875
3.404999999999736,0.07354505188326126,0.06741847456319064,0.0719862270400585,0.07626229441523488
3.405999999999736,0.07354501252371162,0.06750740109519834,0.07201507590115658,0.07628072291826789
3.406999999999736,0.07354497402935938,0.06759734816721119,0.0720438550319934,0.07629927632432498
3.4079999999997357,0.07354493637789986,0.06768830314360667,0.07207256574570545,0.07631795547996245
3.4089999999997356,0.07354489954772586,0.06778025307905741,0.07210120935230749,0.07633676123747435
3.4099999999997355,0.07354486351790965,0.06787318472359927,0.0721297871587523,0.07635569445493125
3.4109999999997354,0.07354482826818554,0.06796708452768696,0.07215830046899036,0.07637475599621957
3.4119999999997352,0.07354479377893272,0.06806193864723938,0.07218675058402925,0.07639394673108081
3.412999999999735,0.07354476003115795,0.0681577329486774,0.07221513880199312,0.07641326753515137
3.413999999999735,0.07354472700647895,0.06825445301395679,0.07224346641818187,0.07643271929000248
3.414999999999735,0.07354469468710752,0.06835208414559862,0.07227173472513024,0.07645230288318035
3.415999999999735,0.07354466305583303,0.06845061137172086,0.07229994501266682,0.07647201920824674
3.4169999999997347,0.07354463209600662,0.06855001945107372,0.07232809856797287,0.07649186916481973
3.4179999999997346,0.07354460179152479,0.06865029287808133,0.0723561966756411,0.07651185365861474
3.4189999999997345,0.07354457212681396,0.06875141588789423,0.07238424061773421,0.07653197360148586
3.4199999999997344,0.07354454308681486,0.06885337246145433,0.07241223167384346,0.07655222991146747
3.4209999999997343,0.07354451465696726,0.06895614633057678,0.07244017112114699,0.07657262351281609
3.421999999999734,0.07354448682319525,0.06905972098305106,0.07246806023446817,0.0765931553360526
3.422999999999734,0.07354445957189235,0.06916407966776483,0.0724959002863337,0.07661382631800472
3.423999999999734,0.07354443288990702,0.06926920539985408,0.0725236925470317,0.07663463740184964
3.424999999999734,0.07354440676452888,0.06937508096588164,0.07255143828466969,0.07665558953715719
3.4259999999997337,0.07354438118347455,0.0694816889290478,0.0725791387652324,0.07667668367993308
3.4269999999997336,0.0735443561348742,0.06958901163443587,0.07260679525263962,0.07669792079266255
3.4279999999997335,0.07354433160725832,0.06969703121429457,0.07263440900880375,0.07671930184435428
3.4289999999997334,0.07354430758954487,0.06980572959336089,0.07266198129368749,0.07674082781058465
3.4299999999997333,0.07354428407102649,0.06991508849422463,0.07268951336536127,0.07676249967354214
3.430999999999733,0.07354426104135844,0.07002508944273757,0.07271700648006067,0.07678431842207228
3.431999999999733,0.07354423849054657,0.07013571377346815,0.07274446189224375,0.07680628505172267
3.432999999999733,0.07354421640893556,0.07024694263520431,0.07277188085464827,0.07682840056478848
3.433999999999733,0.07354419478719798,0.07035875699650455,0.07279926461834883,0.0768506659703581
3.4349999999997327,0.07354417361632325,0.07047113765129878,0.07282661443281403,0.07687308228435924
3.4359999999997326,0.0735441528876072,0.07058406522453942,0.07285393154596338,0.07689565052960529
3.4369999999997325,0.0735441325926419,0.07069752017790235,0.07288121720422434,0.07691837173584197
3.4379999999997324,0.07354411272330615,0.0708114828155381,0.07290847265258911,0.07694124693979429
3.4389999999997323,0.07354409327175596,0.0709259332898724,0.07293569913467148,0.0769642771852139
3.439999999999732,0.07354407423041592,0.07104085160745416,0.07296289789276357,0.0769874635229267
3.440999999999732,0.07354405559197086,0.07115621763485057,0.0729900701678925,0.07701080701088076
3.441999999999732,0.07354403734935762,0.07127201110458632,0.07301721719987701,0.07703430871419463
3.442999999999732,0.073544019495758,0.07138821162112448,0.0730443402273841,0.07705796970520593
3.4439999999997317,0.07354400202459166,0.07150479866688624,0.07307144048798542,0.07708179106352026
3.4449999999997316,0.0735439849295098,0.07162175160830543,0.07309851921821384,0.07710577387606045
3.4459999999997315,0.07354396820438933,0.07173904970191462,0.07312557765361985,0.07712991923711623
3.4469999999997314,0.0735439518433277,0.07185667210045683,0.07315261702882793,0.07715422824839407
3.4479999999997313,0.07354393584063805,0.07197459785901875,0.07317963857759285,0.0771787020190675
3.448999999999731,0.07354392019084557,0.0720928059411793,0.07320664353285604,0.07720334166582768
3.449999999999731,0.07354390488868406,0.07221127522516714,0.07323363312680174,0.07722814831293441
3.450999999999731,0.07354388992909318,0.07232998451002089,0.07326060859091332,0.07725312309226737
3.451999999999731,0.0735438753072169,0.07244891252174356,0.07328757115602944,0.0772782671433778
3.4529999999997307,0.07354386101840202,0.07256803791944484,0.07331452205240016,0.07730358161354048
3.4539999999997306,0.0735438470581985,0.07268733930146114,0.07334146250974319,0.07732906765780612
3.4549999999997305,0.07354383342235948,0.07280679521144573,0.07336839375729987,0.07735472643905397
3.4559999999997304,0.0735438201068432,0.07292638414441832,0.07339531702389132,0.07738055912804499
3.4569999999997303,0.0735438071078152,0.07304608455276486,0.07342223353797453,0.07740656690347518
3.45799999999973,0.07354379442165211,0.07316587485217609,0.07344914452769835,0.07743275095202941
3.45899999999973,0.07354378204494581,0.07328573342751424,0.0734760512209596,0.07745911246843554
3.45999999999973,0.07354376997450926,0.07340563863859549,0.07350295484545905,0.07748565265551899
3.46099999999973,0.07354375820738322,0.07352556882587644,0.07352985662875743,0.07751237272425753
3.4619999999997297,0.073543746740844,0.07364550231603101,0.07355675779833148,0.07753927389383662
3.4629999999997296,0.0735437355699185,0.07376541760736594,0.07358365958162993,0.07756635739170498
3.4639999999997295,0.07354372468482706,0.07388529356135796,0.07361056320612952,0.07759362445363063
3.4649999999997294,0.07354371407367663,0.07400510921545014,0.07363746989939098,0.07762107632375728
3.4659999999997293,0.0735437037250791,0.07412484359942957,0.07366438088911506,0.07764871425466104
3.466999999999729,0.0735436936281381,0.07424447574060879,0.0736912974031986,0.07767653950740767
3.467999999999729,0.07354368377243518,0.07436398466910153,0.07371822066979046,0.07770455335161006
3.468999999999729,0.07354367414801587,0.07448334942319385,0.0737451519173476,0.07773275706548609
3.469999999999729,0.07354366474537548,0.0746025490548112,0.07377209237469118,0.07776115193591715
3.4709999999997287,0.07354365555544476,0.07472156263508219,0.07379904327106253,0.07778973925850663
3.4719999999997286,0.07354364656957535,0.07484036925999869,0.07382600583617932,0.0778185203376392
3.4729999999997285,0.07354363777952548,0.07495894805617144,0.07385298130029165,0.07784749648654024
3.4739999999997284,0.07354362917744522,0.07507727818668035,0.07387997089423817,0.07787666902733585
3.4749999999997283,0.0735436207558622,0.07519533885701822,0.07390697584950223,0.077906039291113
3.475999999999728,0.07354361250766729,0.07531310932112488,0.07393399739826811,0.0779356086179805
3.476999999999728,0.0735436044261005,0.07543056888751085,0.0739610367734772,0.07796537835712997
3.477999999999728,0.07354359650473684,0.07554769692546624,0.07398809520888432,0.07799534986689743
3.478999999999728,0.07354358873747271,0.07566447287135228,0.07401517393911392,0.07802552451482539
3.4799999999997278,0.07354358111851238,0.07578087623497226,0.07404227419971646,0.07805590367772507
3.4809999999997276,0.07354357364235466,0.07589688660601689,0.07406939722722483,0.07808648874173937
3.4819999999997275,0.07354356630378035,0.07601248366058075,0.07409654425921072,0.07811728110240608
3.4829999999997274,0.07354355909783918,0.07612764716774466,0.07412371653434108,0.07814828216472147
3.4839999999997273,0.0735435520198379,0.07624235699621916,0.07415091529243467,0.07817949334320454
3.484999999999727,0.07354354506532827,0.07635659312104404,0.07417814177451862,0.07821091606196144
3.485999999999727,0.07354353823009553,0.07647033563033853,0.07420539722288502,0.07824255175475049
3.486999999999727,0.07354353151014736,0.07658356473209658,0.07423268288114768,0.07827440186504765
3.487999999999727,0.07354352490170286,0.07669626076102154,0.07425999999429882,0.07830646784611231
3.4889999999997268,0.07354351840118252,0.0768084041853944,0.07428734980876586,0.07833875116105365
3.4899999999997267,0.07354351200519786,0.0769199756139701,0.07431473357246834,0.07837125328289733
3.4909999999997265,0.07354350571054204,0.0770309558028948,0.07434215253487483,0.0784039756946528
3.4919999999997264,0.07354349951418031,0.07714132566264022,0.07436960794705996,0.07843691988938088
3.4929999999997263,0.07354349341324162,0.07725106626494675,0.07439710106176149,0.07847008737026198
3.493999999999726,0.07354348740500966,0.07736015884977168,0.07442463313343747,0.07850347965066455
3.494999999999726,0.07354348148691484,0.07746858483223518,0.07445220541832348,0.07853709825421426
3.495999999999726,0.07354347565652686,0.07757632580955942,0.07447981917448994,0.07857094471486344
3.496999999999726,0.0735434699115467,0.07768336356799477,0.07450747566189955,0.07860502057696114
3.4979999999997258,0.07354346424980002,0.07778968008972827,0.07453517614246474,0.07863932739532353
3.4989999999997257,0.07354345866923007,0.07789525755976905,0.07456292188010527,0.0786738667353049
3.4999999999997256,0.07354345316789153,0.07800007837280579,0.0745907141408059,0.078708640172869
3.5009999999997254,0.0735434477439443,0.07810412514003198,0.07461855419267412,0.07874364929466106
3.5019999999997253,0.07354344239564754,0.0782073806959344,0.07464644330599805,0.0787788956980801
3.5029999999997252,0.07354343712135446,0.07830982810504093,0.07467438275330442,0.07881438099135184
3.503999999999725,0.07354343191950678,0.07841145066862425,0.07470237380941656,0.0788501067936021
3.504999999999725,0.07354342678863013,0.07851223193135738,0.07473041775151265,0.07888607473493069
3.505999999999725,0.07354342172732893,0.07861215568791897,0.07475851585918392,0.07892228645648568
3.506999999999725,0.07354341673428239,0.0787112059895446,0.07478666941449308,0.07895874361053845
3.5079999999997247,0.07354341180823995,0.07880936715052296,0.07481487970203284,0.07899544786055894
3.5089999999997246,0.07354340694801768,0.07890662375463331,0.07484314800898445,0.07903240088129165
3.5099999999997245,0.0735434021524942,0.07900296066152417,0.07487147562517651,0.07906960435883197
3.5109999999997243,0.0735433974206075,0.07909836301303057,0.07489986384314379,0.07910705999070317
3.5119999999997242,0.0735433927513514,0.07919281623942952,0.07492831395818614,0.07914476948593381
3.512999999999724,0.07354338814377263,0.07928630606563274,0.07495682726842773,0.07918273456513582
3.513999999999724,0.07354338359696774,0.07937881851731642,0.07498540507487615,0.07922095696058284
3.514999999999724,0.07354337911008052,0.07947033992698757,0.07501404868148187,0.07925943841628943
3.515999999999724,0.07354337468229948,0.07956085693998724,0.07504275939519768,0.07929818068809057
3.5169999999997237,0.07354337031285527,0.07965035652043136,0.07507153852603832,0.07933718554372171
3.5179999999997236,0.0735433660010187,0.07973882595708931,0.0751003873871403,0.07937645476289956
3.5189999999997235,0.07354336174609852,0.07982625286920152,0.07512930729482176,0.07941599013740322
3.5199999999997234,0.07354335754743961,0.07991262521223733,0.07515829956864259,0.07945579347115593
3.5209999999997232,0.07354335340442104,0.07999793128359396,0.0751873655314646,0.07949586658030741
3.521999999999723,0.07354334931645455,0.08008215972823857,0.07521650650951187,0.07953621129331671
3.522999999999723,0.07354334528298312,0.08016529954429483,0.07524572383243128,0.07957682945103564
3.523999999999723,0.07354334130347935,0.08024734008857624,0.0752750188333532,0.07961772290679277
3.524999999999723,0.07354333737744424,0.08032827108206747,0.0753043928489523,0.07965889352647797
3.5259999999997227,0.0735433335044061,0.08040808261535637,0.07533384721950852,0.07970034318862762
3.5269999999997226,0.0735433296839194,0.08048676515401912,0.07536338328896824,0.07974207378451023
3.5279999999997225,0.07354332591556371,0.08056430954395946,0.07539300240500564,0.07978408721821278
3.5289999999997224,0.07354332219894286,0.08064070701670645,0.07542270591908411,0.07982638540672762
3.5299999999997222,0.07354331853368407,0.08071594919467075,0.07545249518651799,0.07986897028003989
3.530999999999722,0.07354331491943705,0.08079002809636414,0.07548237156653437,0.07991184378121562
3.531999999999722,0.07354331135587351,0.08086293614158331,0.0755123364223351,0.07995500786649033
3.532999999999722,0.07354330784268631,0.08093466615656097,0.07554239112115904,0.07999846450535841
3.533999999999722,0.0735433043795888,0.08100521137908664,0.07557253703434443,0.0800422156806629
3.5349999999997217,0.07354330096631416,0.08107456546359992,0.07560277553739139,0.08008626338868591
3.5359999999997216,0.07354329760261522,0.0811427224862588,0.0756331080100248,0.08013060963923982
3.5369999999997215,0.07354329428826312,0.08120967694998485,0.07566353583625715,0.08017525645575892
3.5379999999997214,0.07354329102304726,0.08127542378948928,0.07569406040445176,0.08022020587539175
3.5389999999997213,0.07354328780677458,0.08133995837628075,0.07572468310738606,0.08026545994909405
3.539999999999721,0.07354328463926874,0.08140327652365871,0.0757554053423152,0.0803110207417223
3.540999999999721,0.07354328152036947,0.08146537449169403,0.07578622851103581,0.08035689033212806
3.541999999999721,0.0735432784499318,0.0815262489922,0.0758171540199499,0.08040307081325268
3.542999999999721,0.07354327542782534,0.0815858971936957,0.07584818328012907,0.08044956429222284
3.5439999999997207,0.07354327245393298,0.08164431672636456,0.07587931770737892,0.08049637289044677
3.5449999999997206,0.07354326952815027,0.08170150568701023,0.0759105587223036,0.08054349874371095
3.5459999999997205,0.07354326665038378,0.08175746264401294,0.07594190775037064,0.0805909440022776
3.5469999999997204,0.07354326382055025,0.08181218664228762,0.07597336622197604,0.08063871083098281
3.5479999999997203,0.0735432610385745,0.08186567720824753,0.07600493557250944,0.08068680140933526
3.54899999999972,0.07354325830438832,0.08191793435477485,0.07603661724241972,0.08073521793161574
3.54999999999972,0.07354325561792832,0.08196895858620129,0.07606841267728066,0.08078396260697722
3.55099999999972,0.07354325297913365,0.08201875090330091,0.07610032332785693,0.08083303765954568
3.55199999999972,0.07354325038794406,0.08206731280829736,0.07613235065017027,0.08088244532852157
3.5529999999997197,0.07354324784429689,0.08211464630988859,0.07616449610556589,0.08093218786828196
3.5539999999997196,0.07354324534812445,0.08216075392829097,0.07619676116077924,0.08098226754848348
3.5549999999997195,0.0735432428993507,0.08220563870030505,0.07622914728800285,0.08103268665416581
3.5559999999997194,0.07354324049788773,0.08224930418440618,0.07626165596495356,0.08108344748585597
3.5569999999997193,0.07354323814363209,0.08229175446586139,0.07629428867493986,0.08113455235967323
3.557999999999719,0.07354323583646034,0.08233299416187546,0.07632704690692968,0.08118600360743493
3.558999999999719,0.07354323357622469,0.08237302842676819,0.07635993215561827,0.08123780357676273
3.559999999999719,0.07354323136274783,0.08241186295718558,0.0763929459214964,0.08128995463118976
3.560999999999719,0.07354322919581795,0.08244950399734591,0.07642608971091884,0.0813424591502686
3.5619999999997187,0.07354322707518246,0.08248595834432423,0.0764593650361731,0.08139531952967963
3.5629999999997186,0.07354322500054218,0.08252123335337608,0.07649277341554836,0.0814485381813405
3.5639999999997185,0.07354322297154457,0.08255533694330267,0.07652631637340486,0.08150211753351612
3.5649999999997184,0.07354322098777676,0.08258827760185913,0.07655999544024339,0.08155606003092951
3.5659999999997183,0.07354321904875777,0.08262006439120724,0.07659381215277511,0.08161036813487325
3.566999999999718,0.07354321715393089,0.08265070695341388,0.0766277680539917,0.0816650443233219
3.567999999999718,0.07354321530265512,0.0826802155159959,0.07666186469323574,0.08172009109104496
3.568999999999718,0.07354321349419629,0.08270860089751284,0.07669610362627147,0.08177551094972081
3.569999999999718,0.07354321172771791,0.08273587451320719,0.07673048641535564,0.0818313064280512
3.5709999999997177,0.0735432100022713,0.08276204838069268,0.07676501462930893,0.08188748007187671
3.5719999999997176,0.0735432083167858,0.0827871351256906,0.07679968984358748,0.0819440344442929
3.5729999999997175,0.07354320667005797,0.08281114798781296,0.07683451364035473,0.08200097212576718
3.5739999999997174,0.07354320506074107,0.08283410082639216,0.07686948760855371,0.0820582957142567
3.5749999999997173,0.07354320348733365,0.08285600812635555,0.07690461334397944,0.08211600782532677
3.575999999999717,0.0735432019481684,0.08287688500414335,0.0769398924493518,0.08217411109227021
3.576999999999717,0.07354320044140025,0.08289674721366712,0.07697532653438866,0.08223260816622759
3.577999999999717,0.07354319896499459,0.08291561115230738,0.0770109172158793,0.08229150171630809
3.578999999999717,0.0735431975167151,0.08293349386694632,0.07704666611775819,0.08235079442971135
3.5799999999997167,0.07354319609411185,0.08295041306003287,0.07708257487117912,0.08241048901185008
3.5809999999997166,0.07354319469450879,0.08296638709567593,0.07711864511458956,0.08247058818647349
3.5819999999997165,0.07354319331499175,0.08298143500576245,0.07715487849380548,0.08253109469579151
3.5829999999997164,0.0735431919523963,0.08299557649609476,0.07719127666208644,0.08259201130060005
3.5839999999997163,0.07354319060329581,0.08300883195254345,0.07722784128021098,0.08265334078040686
3.584999999999716,0.07354318926398964,0.08302122244721011,0.07726457401655246,0.08271508593355838
3.585999999999716,0.07354318793049186,0.08303276974459528,0.07730147654715509,0.0827772495773674
3.586999999999716,0.07354318659852012,0.08304349630776567,0.07733855055581053,0.08283983454824169
3.587999999999716,0.07354318526348513,0.08305342530451551,0.07737579773413462,0.08290284370181332
3.5889999999997158,0.07354318392048066,0.08306258061351644,0.07741321978164462,0.08296627991306901
3.5899999999997156,0.07354318256427435,0.08307098683045017,0.07745081840583672,0.08303014607648135
3.5909999999997155,0.07354318118929887,0.08307866927411865,0.07748859532226396,0.08309444510614075
3.5919999999997154,0.07354317978964449,0.08308565399252639,0.07752655225461454,0.08315917993588852
3.5929999999997153,0.07354317835905223,0.08309196776892908,0.0775646909347904,0.08322435351945066
3.593999999999715,0.07354317689090797,0.08309763812784458,0.07760301310298634,0.08328996883057273
3.594999999999715,0.07354317537823814,0.08310269334102084,0.07764152050776932,0.08335602886315539
3.595999999999715,0.07354317381370624,0.08310716243335586,0.07768021490615828,0.08342253663139114
3.596999999999715,0.07354317218961115,0.08311107518876724,0.07771909806370439,0.08348949516990177
3.5979999999997148,0.07354317049788625,0.08311446215600587,0.07775817175457145,0.08355690753387686
3.5989999999997146,0.07354316873010103,0.08311735465441132,0.077797437761617,0.0836247767992132
3.5999999999997145,0.07354316687746353,0.08311978477960653,0.07783689787647356,0.08369310606265506
3.6009999999997144,0.07354316493082508,0.08312178540912867,0.07787655389963043,0.08376189844193561
3.6019999999997143,0.07354316288068694,0.08312339020799399,0.07791640764051581,0.08383115707591904
3.602999999999714,0.07354316071720864,0.08312463363419643,0.0779564609175794,0.08390088512474388
3.603999999999714,0.07354315843021876,0.08312555094413768,0.07799671555837537,0.08397108576996715
3.604999999999714,0.07354315600922795,0.08312617819798807,0.07803717339964569,0.08404176221470953
3.605999999999714,0.07354315344344418,0.08312655226497886,0.078077836287404,0.08411291768380155
3.6069999999997138,0.07354315072179068,0.0831267108286245,0.07811870607701982,0.08418455542393068
3.6079999999997137,0.0735431478329264,0.08312669239187624,0.07815978463330318,0.08425667870378946
3.6089999999997135,0.07354314476526923,0.08312653628220677,0.07820107383058977,0.08432929081422472
3.6099999999997134,0.07354314150702239,0.08312628265662629,0.07824257555282642,0.0844023950683877
3.6109999999997133,0.07354313804620369,0.08312597250663167,0.07828429169365701,0.08447599480188517
3.611999999999713,0.07354313437067794,0.08312564766308718,0.07832622415650901,0.0845500933729317
3.612999999999713,0.07354312622195393,0.083125246886459,0.07836815661936103,0.08455985972759283
3.613999999999713,0.0735431394923159,0.08312485581691605,0.07840987276019167,0.08456969227576024
3.614999999999713,0.07354321643091444,0.08312447422839513,0.07845137448242837,0.08457959146607424
3.6159999999997128,0.07354339841428201,0.08312410189993184,0.07849266367971504,0.08458955775021589
3.6169999999997127,0.07354372595195022,0.0831237386155412,0.07853374223599852,0.08459959158292758
3.6179999999997126,0.07354423869221503,0.08312338416410141,0.07857461202561446,0.08460969342203387
3.6189999999997124,0.07354497542803441,0.0831230383392401,0.07861527491337292,0.08461986372846227
3.6199999999997123,0.0735459741030442,0.08312270093922355,0.07865573275464342,0.08463010296626436
3.6209999999997122,0.07354727181767848,0.08312237176684845,0.07869598739543959,0.08464041160263687
3.621999999999712,0.07354890483538283,0.0831220506293361,0.07873604067250344,0.08465079010794312
3.622999999999712,0.07355090858890732,0.0831217373382297,0.07877589441338907,0.08466123895573437
3.623999999999712,0.07355331768666913,0.0831214317092934,0.07881555043654621,0.08467175862277149
3.624999999999712,0.07355616591917444,0.08312113356241424,0.07885501055140308,0.08468234958904669
3.6259999999997117,0.07355948626549023,0.08312084272150638,0.07889427655844895,0.08469301233780543
3.6269999999997116,0.07356331089975654,0.08312055901441741,0.07893335024931639,0.0847037473555685
3.6279999999997115,0.07356767119773179,0.08312028227283716,0.07897223340686287,0.08471455513215412
3.6289999999997113,0.07357259774336411,0.08312001233220835,0.07901092780525225,0.0847254361607004
3.6299999999997112,0.07357812033538084,0.0831197490316398,0.07904943521003564,0.08473639093768777
3.630999999999711,0.07358426799389113,0.08311949221382144,0.07908775737823204,0.0847474199629617
3.631999999999711,0.07359106896699572,0.08311924172494121,0.07912589605840839,0.08475852373975545
3.632999999999711,0.07359855073739878,0.08311899741460439,0.07916385299075948,0.08476970277471303
3.633999999999711,0.07360674002901813,0.08311875913575469,0.07920162990718725,0.08478095757791233
3.6349999999997107,0.07361566281358892,0.08311852674459681,0.07923922853137991,0.08479228866288843
3.6359999999997106,0.07362534431725849,0.08311830010052193,0.07927665057889048,0.084803696546657
3.6369999999997105,0.07363580902716885,0.08311807906603384,0.07931389775721517,0.08481518174973784
3.6379999999997104,0.07364708069802413,0.0831178635066779,0.07935097176587123,0.08482674479617874
3.6389999999997102,0.07365918235864148,0.0831176532909713,0.07938787429647451,0.08483838621357934
3.63999999999971,0.07367213631848361,0.08311744829033499,0.07942460703281665,0.08485010653311513
3.64099999999971,0.07368596417417093,0.08311724837902804,0.07946117165094188,0.0848619062895618
3.64199999999971,0.07370068681597305,0.08311705343408288,0.07949756981922357,0.08487378602131963
3.64299999999971,0.07371632443427878,0.08311686333524292,0.07953380319844025,0.08488574627043793
3.6439999999997097,0.07373289652604338,0.08311667796490155,0.07956987344185147,0.08489778758263992
3.6449999999997096,0.07375042190121404,0.08311649720804261,0.0796057821952732,0.08490991050734757
3.6459999999997095,0.07376891868913198,0.08311632095218335,0.07964153109715293,0.08492211559770667
3.6469999999997094,0.07378840434491298,0.08311614908731783,0.07967712177864442,0.08493440341061204
3.6479999999997093,0.07380889565580549,0.08311598150586286,0.07971255586368216,0.084946774506733
3.648999999999709,0.07383040874752665,0.08311581810260506,0.07974783496905544,0.08495922945053896
3.649999999999709,0.07385295909057782,0.08311565877464965,0.07978296070448211,0.08497176881032506
3.650999999999709,0.07387656150653887,0.08311550342137052,0.07981793467268204,0.0849843931582382
3.651999999999709,0.0739012301743429,0.08311535194436197,0.0798527584694503,0.0849971030703032
3.6529999999997087,0.07392697863653165,0.0831152042473921,0.07988743368372984,0.0850098991264489
3.6539999999997086,0.07395381980549215,0.08311506023635698,0.07992196189768418,0.0850227819105348
3.6549999999997085,0.07398176596967591,0.08311491981923687,0.07995634468676942,0.08503575201037762
3.6559999999997084,0.07401082879980063,0.08311478290605333,0.07999058361980622,0.0850488100177781
3.6569999999997083,0.07404101935503574,0.08311464940882793,0.08002468025905139,0.08506195652854806
3.657999999999708,0.07407234808917221,0.08311451924154185,0.08005863616026912,0.08507519214253755
3.658999999999708,0.07410482485677664,0.08311439232009712,0.08009245287280199,0.08508851746366221
3.659999999999708,0.07413845891933127,0.08311426856227878,0.0801261319396417,0.0851019330999309
3.660999999999708,0.07417325895135961,0.08311414788771802,0.08015967489749941,0.08511543966347332
3.6619999999997077,0.07420923304653787,0.08311403021785693,0.08019308327687591,0.08512903777056807
3.6629999999997076,0.07424638872379351,0.08311391547591351,0.08022635860213141,0.08514272804167065
3.6639999999997075,0.07428473293338952,0.08311380358684844,0.08025950239155515,0.08515651110144187
3.6649999999997074,0.07432427206299667,0.0831136944773323,0.0802925161574346,0.08517038757877628
3.6659999999997073,0.07436501194375174,0.08311358807571394,0.08032540140612454,0.08518435810683089
3.666999999999707,0.07440695785630257,0.08311348431198923,0.08035815963811574,0.08519842332305412
3.667999999999707,0.07445011453684042,0.08311338311777157,0.08039079234810344,0.08521258386921474
3.668999999999707,0.0744944861831182,0.08311328442626208,0.08042330102505554,0.0852268403914313
3.669999999999707,0.07454007646045487,0.08311318817222128,0.0804556871522806,0.08524119354020157
3.6709999999997067,0.074586888507726,0.08311309429194101,0.08048795220749544,0.08525564397043217
3.6719999999997066,0.07463492494333923,0.08311300272321723,0.08052009766289257,0.08527019234146847
3.6729999999997065,0.07468418787119484,0.08311291340532331,0.08055212498520745,0.08528483931712474
3.6739999999997064,0.07473467888663014,0.08311282627898385,0.08058403563578528,0.08529958556571436
3.6749999999997063,0.07478639908234783,0.08311274128634928,0.08061583107064782,0.08531443176008033
3.675999999999706,0.07483934905432693,0.08311265837097051,0.08064751274055972,0.085329378577626
3.676999999999706,0.07489352890771635,0.08311257747777429,0.08067908209109476,0.08534442670034599
3.677999999999706,0.07494893826270897,0.08311249855303916,0.08071054056270181,0.08535957681485724
3.678999999999706,0.07500557626039699,0.08311242154437137,0.08074188959077054,0.08537482961243037
3.6799999999997057,0.0750634415686069,0.08311234640068169,0.08077313060569694,0.0853901857890213
3.6809999999997056,0.0751225323877132,0.08311227307216192,0.08080426503294853,0.08540564604530285
3.6819999999997055,0.07518284645643016,0.08311220151026229,0.0808352942931295,0.08542121108669688
3.6829999999997054,0.07524438105758091,0.08311213166766897,0.08086621980204539,0.08543688162340632
3.6839999999997053,0.07530713302384301,0.0831120634982817,0.08089704297076783,0.08545265837044769
3.684999999999705,0.07537109874346946,0.08311199695719182,0.08092776520569883,0.08546854204768366
3.685999999999705,0.07543627416598453,0.0831119320006605,0.08095838790863502,0.08548453337985595
3.686999999999705,0.07550265480785355,0.08311186858609722,0.08098891247683153,0.08550063309661834
3.687999999999705,0.0755702357581264,0.08311180667203842,0.08101934030306582,0.08551684193257
3.6889999999997047,0.07563901168405335,0.08311174621812639,0.0810496727757012,0.08553316062728902
3.6899999999997046,0.07570897683667309,0.0831116871850883,0.08107991127875017,0.08554958992536611
3.6909999999997045,0.0757801250563726,0.08311162953471533,0.08111005719193758,0.0855661305764386
3.6919999999997044,0.07585244977841774,0.08311157322984235,0.08114011189076359,0.08558278333522464
3.6929999999997043,0.07592594403845515,0.08311151823432697,0.0811700767465664,0.08559954896155765
3.693999999999704,0.07600060047798451,0.08311146451302984,0.08119995312658487,0.085616428220421
3.694999999999704,0.07607641134980081,0.08311141203179398,0.08122974239402088,0.08563342188198284
3.695999999999704,0.07615336852340783,0.08311136075742516,0.08125944590810151,0.08565053072163134
3.696999999999704,0.07623146349040129,0.08311131065767173,0.0812890650241411,0.08566775552001002
3.6979999999997037,0.0763106873698231,0.08311126170120525,0.08131860109360305,0.08568509706305336
3.6989999999997036,0.0763910309134864,0.08311121385760058,0.08134805546416152,0.08570255614202268
3.6999999999997035,0.0764724845112722,0.08311116709731675,0.08137742947976291,0.08572013355354226
3.7009999999997034,0.07655503819639817,0.0831111213916775,0.08140672448068716,0.08573783009963562
3.7019999999997033,0.07663868165066015,0.08311107671285227,0.08143594180360891,0.08575564658776219
3.702999999999703,0.07672340420964745,0.08311103303383706,0.08146508278165855,0.08577358383085414
3.703999999999703,0.07680919486793347,0.08311099032843577,0.08149414874448296,0.08579164264735344
3.704999999999703,0.07689604228424186,0.08311094857124142,0.08152314101830622,0.08580982386124919
3.705999999999703,0.07698393478659091,0.08311090773761766,0.08155206092599016,0.08582812830211534
3.7069999999997028,0.07707286037741647,0.08311086780368043,0.08158090978709462,0.08584655680514833
3.7079999999997026,0.0771628067386764,0.08311082874627972,0.08160968891793777,0.08586511021120541
3.7089999999997025,0.07725376123693749,0.08311079054298165,0.08163839963165612,0.08588378936684288
3.7099999999997024,0.07734571092844741,0.08311075317205059,0.0816670432382644,0.08590259512435475
3.7109999999997023,0.07743864256419344,0.08311071661243138,0.08169562104471544,0.08592152834181166
3.711999999999702,0.07753254259495161,0.08311068084373213,0.08172413435495965,0.08594058988309995
3.712999999999702,0.07762739717632658,0.0831106458462068,0.08175258447000468,0.0859597806179612
3.713999999999702,0.07772319217378752,0.08311061160073803,0.08178097268797464,0.08597910142203177
3.714999999999702,0.07781991316770041,0.0831105780888204,0.08180930030416944,0.08599855317688287
3.7159999999997018,0.07791754545836126,0.08311054529254387,0.08183756861112383,0.08601813677006075
3.7169999999997017,0.07801607407103245,0.08311051319457716,0.08186577889866638,0.08603785309512714
3.7179999999997015,0.07811548376098558,0.08311048177815168,0.08189393245397837,0.08605770305170014
3.7189999999997014,0.07821575901855378,0.08311045102704545,0.0819220305616525,0.08607768754549516
3.7199999999997013,0.0783168840741966,0.0831104209255675,0.08195007450375145,0.08609780748836628
3.720999999999701,0.07841884290358112,0.08311039145854222,0.08197806555986652,0.08611806379834787
3.721999999999701,0.07852161923268192,0.08311036261129437,0.08200600500717582,0.08613845739969649
3.722999999999701,0.07862519654290351,0.08311033436963375,0.08203389412050273,0.08615898922293301
3.723999999999701,0.0787295580762282,0.08311030671984083,0.08206173417237395,0.08617966020488511
3.7249999999997008,0.07883468684039255,0.08311027964865221,0.08208952643307761,0.08620047128873004
3.7259999999997007,0.07894056561409518,0.08311025314324619,0.08211727217072122,0.08622142342403759
3.7269999999997006,0.0790471769522396,0.08311022719122953,0.08214497265128952,0.08624251756681348
3.7279999999997004,0.07915450319121352,0.08311020178062312,0.08217262913870227,0.08626375467954295
3.7289999999997003,0.07926252645420821,0.0831101768998493,0.08220024289487189,0.08628513573123467
3.7299999999997,0.0793712286565802,0.08311015253771868,0.08222781517976109,0.08630666169746502
3.7309999999997,0.07948059151125672,0.08311012868341745,0.0822553472514403,0.08632833356042252
3.7319999999997,0.07959059653418772,0.08311010532649514,0.0822828403661451,0.08635015230895264
3.7329999999997,0.07970122504984535,0.08311008245685281,0.08231029577833354,0.08637211893860305
3.7339999999997,0.07981245819677246,0.08311006006473107,0.08233771474074338,0.08639423445166884
3.7349999999996997,0.07992427693318106,0.08311003814069932,0.08236509850444923,0.08641649985723847
3.7359999999996996,0.08003666204260157,0.0831100166756444,0.08239244831891968,0.08643891617123961
3.7369999999996995,0.08014959413958239,0.08310999566076044,0.08241976543207424,0.08646148441648566
3.7379999999996993,0.08026305367544033,0.08310997508753852,0.08244705109034038,0.08648420562272233
3.7389999999996992,0.0803770209440609,0.08310995494775722,0.0824743065387103,0.08650708082667465
3.739999999999699,0.08049147608774766,0.08310993523347308,0.08250153302079778,0.08653011107209425
3.740999999999699,0.08060639910311833,0.08310991593701218,0.08252873177889494,0.08655329740980705
3.741999999999699,0.08072176984704685,0.08310989705096145,0.08255590405402892,0.08657664089776113
3.742999999999699,0.08083756804264774,0.08310987856816078,0.08258305108601845,0.08660014260107499
3.7439999999996987,0.08095377328530068,0.0831098604816959,0.0826101741135305,0.08662380359208628
3.7449999999996986,0.08107036504871086,0.08310984278489136,0.08263727437413676,0.08664762495040061
3.7459999999996985,0.08118732269100162,0.08310982547130437,0.08266435310437009,0.0866716077629408
3.7469999999996983,0.08130462546083499,0.08310980853471868,0.08269141153978099,0.08669575312399659
3.7479999999996982,0.08142225250355395,0.08310979196913995,0.08271845091499391,0.08672006213527444
3.748999999999698,0.08154018286734176,0.08310977576879078,0.08274547246376365,0.08674453590594787
3.749999999999698,0.08165839550939172,0.0831097599281071,0.0827724774190316,0.08676917555270804
3.750999999999698,0.08177686930208035,0.08310974444173483,0.08279946701298203,0.08679398219981475
3.751999999999698,0.08189558303913663,0.08310972930452748,0.08282644247709833,0.08681895697914771
3.7529999999996977,0.0820145154418001,0.0831097145115445,0.08285340504221912,0.08684410103025814
3.7539999999996976,0.08213364516495784,0.08310970005805013,0.0828803559385945,0.08686941550042082
3.7549999999996975,0.08225295080325307,0.08310968593951355,0.08290729639594213,0.08689490154468645
3.7559999999996974,0.08237241089715393,0.08310967215160939,0.08293422764350339,0.08692056032593429
3.7569999999996972,0.08249200393897406,0.08310965869021973,0.0829611509100994,0.08694639301492531
3.757999999999697,0.08261170837883237,0.08310964555143648,0.08298806742418713,0.0869724007903555
3.758999999999697,0.08273150263054252,0.08310963273156514,0.08301497841391545,0.08699858483890971
3.759999999999697,0.08285136507741866,0.08310962022712953,0.08304188510718116,0.08702494635531584
3.760999999999697,0.0829712740779856,0.08310960803487752,0.08306878873168505,0.08705148654239929
3.7619999999996967,0.0830912079715809,0.08310959615178805,0.08309569051498784,0.08707820661113784
3.7629999999996966,0.08321114508383415,0.08310958457507919,0.08312259168456627,0.08710510778071692
3.7639999999996965,0.08333106391325429,0.08310957329977688,0.08314949346786907,0.08713219127858528
3.7649999999996964,0.08345094332404776,0.08310956231620928,0.08317639709237297,0.08715945834051093
3.7659999999996963,0.08357076235751465,0.08310955161263738,0.08320330378563871,0.08718691021063758
3.766999999999696,0.08369050004698846,0.0831095411778165,0.08323021477536706,0.08721454814154134
3.767999999999696,0.08381013542292708,0.08310953100098399,0.08325713128945483,0.08724237339428798
3.768999999999696,0.08392964751811458,0.08310952107184578,0.08328405455605088,0.08727038723849034
3.769999999999696,0.08404901537297285,0.0831095113805633,0.0833109858036122,0.08729859095236638
3.7709999999996957,0.08416821804098393,0.08310950191773957,0.08333792626095991,0.08732698582279742
3.7719999999996956,0.08428723459422062,0.08310949267440569,0.08336487715733538,0.08735557314538692
3.7729999999996955,0.08440604412898658,0.08310948364200652,0.08339183972245627,0.08738435422451948
3.7739999999996954,0.084524625771562,0.08310947481238692,0.08341881518657267,0.08741333037342054
3.7749999999996953,0.08464295868405428,0.0831094661777775,0.08344580478052321,0.08744250291421612
3.775999999999695,0.08476102207035095,0.08310945773078066,0.08347280973579128,0.08747187317799329
3.776999999999695,0.08487879518217183,0.08310944946435683,0.08349983128456115,0.08750144250486079
3.777999999999695,0.08499625732521711,0.0831094413718103,0.0835268706597742,0.08753121224401024
3.778999999999695,0.08511338786540826,0.083109433446776,0.08355392909518523,0.08756118375377772
3.7799999999996947,0.08523016623521674,0.08310942568320574,0.08358100782541873,0.08759135840170568
3.7809999999996946,0.08534657194007783,0.08310941807535512,0.08360810808602515,0.08762173756460534
3.7819999999996945,0.0854625845648825,0.08310941061777065,0.08363523111353736,0.08765232262861965
3.7829999999996944,0.0855781837805449,0.08310940330527711,0.08366237814552707,0.08768311498928634
3.7839999999996943,0.08569334935063817,0.0831093961329651,0.08368955042066123,0.08771411605160173
3.784999999999694,0.0858080611380942,0.0831093890961792,0.0837167491787586,0.08774532723008481
3.785999999999694,0.08592229911196109,0.08310938219050605,0.08374397566084628,0.08777674994884169
3.786999999999694,0.08603604335421265,0.08310937541176343,0.0837712311092164,0.08780838564163074
3.787999999999694,0.08614927406660348,0.0831093687559889,0.08379851676748276,0.0878402357519279
3.7889999999996937,0.08626197157756386,0.08310936221942945,0.08382583388063757,0.08787230173299257
3.7899999999996936,0.08637411634912817,0.08310935579853126,0.08385318369510825,0.08790458504793389
3.7909999999996935,0.0864856889838893,0.08310934948992989,0.08388056745881435,0.08793708716977756
3.7919999999996934,0.08659667023197519,0.08310934329044062,0.08390798642122443,0.08796980958153303
3.7929999999996933,0.0867070409980384,0.0831093371970497,0.08393544183341314,0.08800275377626113
3.793999999999693,0.08681678234825427,0.08310933120690543,0.08396293494811821,0.0880359212571422
3.794999999999693,0.08692587551732105,0.08310932531730976,0.0839904670197977,0.08806931353754475
3.795999999999693,0.08703430191545522,0.08310931952571056,0.08401803930468721,0.08810293214109446
3.796999999999693,0.08714204313537763,0.08310931382969382,0.08404565306085715,0.08813677860174365
3.7979999999996927,0.08724908095928292,0.08310930822697622,0.08407330954827022,0.08817085446384135
3.7989999999996926,0.08735539736578851,0.08310930271539868,0.08410101002883884,0.08820516128220374
3.7999999999996925,0.0874609745368565,0.08310929729291931,0.08412875576648277,0.08823970062218509
3.8009999999996924,0.08756579486468422,0.08310929195760718,0.08415654802718676,0.08827447405974918
3.8019999999996923,0.08766984095855906,0.08310928670763669,0.08418438807905834,0.08830948318154123
3.802999999999692,0.08777309565167195,0.08310928154128151,0.08421227719238561,0.08834472958496026
3.803999999999692,0.08787554200788707,0.08310927645690946,0.08424021663969528,0.08838021487823197
3.804999999999692,0.0879771633284626,0.08310927145297732,0.08426820769581071,0.08841594068048224
3.805999999999692,0.08807794315872022,0.08310926652802617,0.08429625163791006,0.0884519086218108
3.8069999999996917,0.08817786529465943,0.08310926168067666,0.08432434974558457,0.0884881203433658
3.8079999999996916,0.08827691378951504,0.08310925690962484,0.08435250330089697,0.08852457749741857
3.8089999999996915,0.08837507296025444,0.08310925221363812,0.08438071358843995,0.08856128174743907
3.8099999999996914,0.08847232739401338,0.08310924759155149,0.08440898189539475,0.08859823476817179
3.8109999999996913,0.08856866195446868,0.08310924304226384,0.08443730951159,0.08863543824571211
3.811999999999691,0.08866406178814604,0.0831092385647347,0.0844656977295604,0.0886728938775833
3.812999999999691,0.08875851233066281,0.08310923415798113,0.08449414784460588,0.08871060337281395
3.813999999999691,0.08885199931290441,0.0831092298210747,0.08452266115485056,0.08874856845201595
3.814999999999691,0.08894450876713472,0.08310922555313863,0.08455123896130207,0.08878679084746298
3.8159999999996908,0.08903602703304012,0.08310922135334563,0.08457988256791084,0.08882527230316957
3.8169999999996906,0.08912654076370773,0.08310921722091487,0.08460859328162967,0.08886401457497067
3.8179999999996905,0.08921603693153826,0.08310921315511036,0.08463737241247334,0.08890301943060182
3.8189999999996904,0.0893045028340946,0.08310920915523856,0.08466622127357831,0.08894228864977967
3.8199999999996903,0.08939192609988694,0.08310920522064648,0.08469514118126276,0.08898182402428333
3.82099999999969,0.08947829469409607,0.08310920135072006,0.08472413345508656,0.08902162735803605
3.82199999999969,0.08956359692423634,0.08310919754488244,0.0847531994179115,0.08906170046718753
3.82299999999969,0.0896478214457595,0.08310919380259237,0.08478234039596168,0.08910204518019682
3.82399999999969,0.08973095726760244,0.08310919012334302,0.08481155771888399,0.08914266333791575
3.8249999999996898,0.08981299375767941,0.08310918650666056,0.0848408527198088,0.08918355679367287
3.8259999999996896,0.08989392064832241,0.08310918295210323,0.08487022673541077,0.0892247274133581
3.8269999999996895,0.08997372804167054,0.08310917945925997,0.08489968110596983,0.08926617707550775
3.8279999999996894,0.0900524064150122,0.08310917602774974,0.08492921717543239,0.08930790767139037
3.8289999999996893,0.09012994662608138,0.08310917265722048,0.08495883629147259,0.08934992110509293
3.829999999999689,0.09020633991831105,0.08310916934734827,0.08498853980555385,0.08939221929360776
3.830999999999689,0.09028157792604646,0.08310916609783682,0.08501832907299048,0.08943480416692001
3.831999999999689,0.09035565267972098,0.08310916290841662,0.08504820545300959,0.08947767766809572
3.832999999999689,0.09042855661099622,0.08310915977884437,0.08507817030881304,0.08952084175337044
3.8339999999996888,0.09050028255787079,0.08310915670890232,0.08510822500763969,0.08956429839223852
3.8349999999996887,0.09057082376975847,0.08310915369839776,0.08513837092082777,0.089608049567543
3.8359999999996885,0.09064017391254042,0.0831091507471626,0.08516860942387741,0.08965209727556601
3.8369999999996884,0.09070832707359243,0.08310914785505256,0.08519894189651347,0.08969644352611991
3.8379999999996883,0.09077527776679105,0.08310914502194688,0.08522936972274847,0.08974109034263902
3.838999999999688,0.09084102093750082,0.08310914224774767,0.08525989429094569,0.08978603976227185
3.839999999999688,0.09090555196754527,0.0831091395323792,0.08529051699388258,0.08983129383597414
3.840999999999688,0.09096886668016416,0.08310913687578748,0.08532123922881432,0.08987685462860241
3.841999999999688,0.09103096134496044,0.08310913427793931,0.0853520623975375,0.08992272421900817
3.8429999999996878,0.09109183268283831,0.08310913173882178,0.08538298790645413,0.08996890470013277
3.8439999999996877,0.09115147787093576,0.08310912925844112,0.08541401716663584,0.09001539817910294
3.8449999999996876,0.09120989454755431,0.08310912683682183,0.08544515159388821,0.09006220677732688
3.8459999999996874,0.0912670808170877,0.08310912447400572,0.08547639260881539,0.09010933263059105
3.8469999999996873,0.09132303525495288,0.08310912217005033,0.0855077416368849,0.09015677788915769
3.8479999999996872,0.0913777569125257,0.08310911992502787,0.08553920010849275,0.09020454471786289
3.848999999999687,0.09143124532208308,0.08310911773902327,0.0855707694590286,0.09025263529621533
3.849999999999687,0.09148350050175554,0.08310911561213268,0.0856024511289413,0.0903010518184958
3.850999999999687,0.09153452296049125,0.08310911354446131,0.08563424656380467,0.0903497964938573
3.851999999999687,0.09158431370303483,0.08310911153612112,0.08566615721438334,0.09039887154642574
3.8529999999996867,0.09163287423492358,0.08310910958722843,0.08569818453669906,0.09044827921540163
3.8539999999996866,0.0916802065675029,0.08310910769790109,0.08573032999209705,0.09049802175516203
3.8549999999996865,0.09172631322296385,0.08310910586825525,0.08576259504731276,0.09054810143536356
3.8559999999996863,0.09177119723940537,0.08310910409840212,0.08579498117453871,0.09059852054104589
3.8569999999996862,0.09181486217592345,0.08310910238844411,0.08582748985149172,0.09064928137273602
3.857999999999686,0.09185731211772956,0.08310910073847072,0.08586012256148032,0.0907003862465533
3.858999999999686,0.09189855168130055,0.0831090991485541,0.08589288079347243,0.090751837494315
3.859999999999686,0.09193858601956295,0.08310909761874416,0.08592576604216329,0.09080363746364277
3.860999999999686,0.09197742082711313,0.0831090961490632,0.08595877980804369,0.09085578851806983
3.8619999999996857,0.09201506234547584,0.08310909473950037,0.08599192359746836,0.09090829303714865
3.8629999999996856,0.09205151736840304,0.08310909339000544,0.08602519892272484,0.09096115341655968
3.8639999999996855,0.09208679324721515,0.08310909210048217,0.08605860730210231,0.09101437206822054
3.8649999999996854,0.0921208978961858,0.08310909087078142,0.086092150259961,0.09106795142039616
3.8659999999996852,0.0921538397979729,0.08310908970069357,0.0861258293268017,0.09112189391780952
3.866999999999685,0.09218562800909565,0.08310908858994048,0.08615964603933558,0.09117620202175326
3.867999999999685,0.0922162721654603,0.0831090875381674,0.08619360194055432,0.0912308782102019
3.868999999999685,0.09224578248793472,0.0831090865449336,0.08622769857980052,0.09128592497792498
3.869999999999685,0.09227416978797225,0.0831090856097037,0.08626193751283835,0.09134134483660081
3.8709999999996847,0.09230144547328586,0.08310908473183735,0.08629632030192463,0.09139714031493121
3.8719999999996846,0.09232762155357178,0.08310908391057929,0.08633084851588003,0.09145331395875672
3.8729999999996845,0.09235271064628328,0.08310908314504883,0.08636552373016067,0.0915098683311729
3.8739999999996844,0.09237672598245229,0.08310908243422867,0.08640034752693,0.0915668060126472
3.8749999999996843,0.09239968141255993,0.08310908177695356,0.08643532149513103,0.09162412960113672
3.875999999999684,0.09242159141245194,0.08310908117189895,0.0864704472305588,0.09168184171220678
3.876999999999684,0.09244247108929962,0.0831090806175685,0.0865057263359332,0.09173994497915024
3.877999999999684,0.09246233618760155,0.08310908011228234,0.08654116042097208,0.09179844205310762
3.878999999999684,0.09248120309522524,0.08310907965416427,0.08657675110246472,0.09185733560318812
3.8799999999996837,0.09249908884948431,0.08310907924112937,0.0866125000043456,0.09191662831659139
3.8809999999996836,0.0925160111432483,0.08310907887087102,0.08664840875776848,0.0919763228987301
3.8819999999996835,0.0925319883310804,0.08310907854084852,0.08668447900118087,0.09203642207335348
3.8829999999996834,0.09254703943540003,0.08310907824827404,0.08672071238039875,0.09209692858267152
3.8839999999996833,0.09256118415266375,0.08310907799010005,0.08675711054868163,0.09215784518748005
3.884999999999683,0.09257444285956143,0.08310907776300669,0.08679367516680808,0.09221917466728685
3.885999999999683,0.09258683661922104,0.08310907756338974,0.08683040790315144,0.09228091982043835
3.886999999999683,0.0925983871874174,0.08310907738734818,0.08686731043375596,0.09234308346424737
3.887999999999683,0.09260911701877861,0.08310907723067319,0.08690438444241327,0.09240566843512163
3.8889999999996827,0.09261904927298509,0.08310907708883657,0.08694163162073923,0.09246867758869326
3.8899999999996826,0.0926282078209549,0.08310907695698024,0.08697905366825107,0.09253211379994894
3.8909999999996825,0.09263661725100977,0.08310907682990654,0.087016652292445,0.09259597996336126
3.8919999999996824,0.09264430287501606,0.08310907670206896,0.08705442920887407,0.09266027899302066
3.8929999999996823,0.0926512907344945,0.08310907656756397,0.08709238614122647,0.09272501382276842
3.893999999999682,0.0926576076066947,0.08310907642012345,0.08713052482140415,0.09279018740633059
3.894999999999682,0.09266328101062676,0.08310907625310855,0.08716884698960188,0.09285580271745264
3.895999999999682,0.09266833921304748,0.08310907605950467,0.08720735439438664,0.0929218627500353
3.896999999999682,0.09267281123439453,0.0831090758319173,0.08724604879277738,0.09298837051827104
3.8979999999996817,0.09267672685466559,0.08310907556256969,0.08728493195032523,0.09305532905678165
3.8989999999996816,0.09268011661923777,0.0831090752433018,0.08732400564119405,0.09312274142075676
3.8999999999996815,0.09268301184462348,0.08310907486557073,0.08736327164824133,0.09319061068609309
3.9009999999996814,0.09268544462416095,0.08310907442045287,0.08740273176309961,0.09325893994953496
3.9019999999996813,0.09268744783363507,0.0831090738986482,0.08744238778625818,0.0933277323288155
3.902999999999681,0.09268905513682743,0.0831090732904858,0.08748224152714525,0.09339699096279891
3.903999999999681,0.092690300990993,0.08310907258593195,0.08752229480421052,0.09346671901162372
3.904999999999681,0.09269122065226275,0.0831090717746002,0.08756254944500816,0.09353691965684699
3.905999999999681,0.09269185018097052,0.08310907084576356,0.08760300728628014,0.09360759610158936
3.9069999999996807,0.09269222644690367,0.0831090697883693,0.0876436701740401,0.09367875157068138
3.9079999999996806,0.09269238713447717,0.08310906859105599,0.08768453996365753,0.09375038931081048
3.9089999999996805,0.09269237074783115,0.08310906724217328,0.08772561851994252,0.09382251259066925
3.9099999999996804,0.09269221661585136,0.08310906572980462,0.08776690771723074,0.09389512470110452
3.9109999999996803,0.09269196489711351,0.0831090640417925,0.08780840943946898,0.09396822895526748
3.91199999999968,0.09269165658475112,0.08310906216576719,0.08785012558030118,0.09404182868876496
3.91299999999968,0.09269133351124735,0.08310906008917825,0.08789205804315477,0.09411592725981148
3.91399999999968,0.09269093518034557,0.08310905584981669,0.08793399050600835,0.0941256936144726
3.91499999999968,0.09269054651809239,0.08310907287779376,0.08797570664684055,0.09413552616264001
3.9159999999996797,0.09269016729926464,0.08310915342426604,0.0880172083690788,0.094145425352954
3.9169999999996796,0.09268979730372331,0.08310933886794258,0.08805849756636702,0.09415539163709565
3.9179999999996795,0.09268943631629316,0.08310966972078103,0.08809957612265203,0.09416542546980734
3.9189999999996794,0.0926890841266458,0.0831101856338183,0.0881404459122695,0.09417552730891364
3.9199999999996793,0.09268874052918513,0.08311092540312126,0.08818110880002948,0.09418569761534204
3.920999999999679,0.09268840532293603,0.08311192697584478,0.08822156664130149,0.09419593685314412
3.921999999999679,0.09268807831143534,0.0831132274563835,0.08826182128209915,0.09420624548951664
3.922999999999679,0.09268775930262596,0.08311486311260621,0.08830187455916447,0.09421662399482289
3.923999999999679,0.09268744810875332,0.08311686938216191,0.08834172830005159,0.09422707284261414
3.9249999999996787,0.09268714454626437,0.08311928087884612,0.0883813843232102,0.09423759250965127
3.9259999999996786,0.09268684843570912,0.0831221313990195,0.08842084443806852,0.09424818347592648
3.9269999999996785,0.09268655960164492,0.08312545392806844,0.08846011044511586,0.09425884622468524
3.9279999999996784,0.09268627787254219,0.08312928064690091,0.08849918413598472,0.0942695812424483
3.9289999999996783,0.09268600308069357,0.08313364293846885,0.08853806729353263,0.09428038901903392
3.929999999999678,0.09268573506212452,0.08313857139431122,0.08857676169192343,0.0942912700475802
3.930999999999678,0.09268547365650641,0.08314409582111115,0.08861526909670824,0.09430222482456758
3.931999999999678,0.09268521870707158,0.08315024524726197,0.08865359126490603,0.09431325384984153
3.932999999999678,0.09268497006053095,0.08315704792943679,0.08869172994508377,0.09432435762663528
3.9339999999996778,0.09268472756699281,0.08316453135915744,0.08872968687743622,0.09433553666159283
3.9349999999996776,0.0926844910798846,0.08317272226935907,0.08876746379386537,0.09434679146479215
3.9359999999996775,0.09268426045587587,0.0831816466409467,0.08880506241805937,0.09435812254976823
3.9369999999996774,0.09268403555480359,0.08319132970934086,0.08884248446557129,0.0943695304335368
3.9379999999996773,0.09268381623959938,0.08320179597101045,0.08887973164389733,0.09438101563661765
3.938999999999677,0.09268360237621824,0.08321306918998982,0.08891680565255472,0.09439257868305856
3.939999999999677,0.09268339383356962,0.08322517240437927,0.08895370818315933,0.09440422010045915
3.940999999999677,0.09268319048344983,0.08323812793282696,0.08899044091950278,0.09441594041999496
3.941999999999677,0.0926829922004765,0.08325195738099188,0.08902700553762934,0.09442774017644165
3.9429999999996768,0.09268279886202496,0.08326668164798688,0.08906340370591231,0.09443961990819946
3.9439999999996767,0.0926826103481659,0.08328232093280101,0.08909963708513029,0.09445158015731776
3.9449999999996765,0.09268242654160508,0.08329889474070165,0.08913570732854278,0.09446362146951977
3.9459999999996764,0.09268224732762473,0.0833164218896161,0.08917161608196579,0.09447574439422741
3.9469999999996763,0.09268207259402636,0.08333492051649262,0.08920736498384678,0.09448794948458651
3.947999999999676,0.09268190223107557,0.08335440808364183,0.08924295566533953,0.09450023729749189
3.948999999999676,0.09268173613144806,0.08337490138505814,0.08927838975037852,0.09451260839361288
3.949999999999676,0.09268157419017758,0.08339641655272267,0.08931366885575302,0.09452506333741881
3.950999999999676,0.09268141630460514,0.08341896906288775,0.08934879459118092,0.0945376026972049
3.9519999999996758,0.09268126237432993,0.08344257374234378,0.08938376855938208,0.09455022704511808
3.9529999999996757,0.09268111230116156,0.08346724477466924,0.08941859235615154,0.09456293695718306
3.9539999999996756,0.09268096598907401,0.0834929957064651,0.0894532675704323,0.09457573301332876
3.9549999999996754,0.09268082334416058,0.08351983945357289,0.08948779578438784,0.09458861579741468
3.9559999999996753,0.0926806842745905,0.0835477883072793,0.08952217857347426,0.09460158589725749
3.956999999999675,0.09268054869056694,0.08357685394050632,0.08955641750651225,0.09461464390465797
3.957999999999675,0.09268041650428586,0.0836070474139878,0.08959051414575858,0.09462779041542792
3.958999999999675,0.09268028762989666,0.08363837918243423,0.08962447004697746,0.0946410260294174
3.959999999999675,0.0926801619834636,0.0836708591006844,0.0896582867595115,0.09465435135054208
3.960999999999675,0.0926800394829287,0.08370449642984615,0.08969196582635236,0.09466776698681077
3.9619999999996747,0.0926799200480754,0.08373929984342512,0.08972550878421122,0.09468127355035322
3.9629999999996746,0.09267980360049345,0.0837752774334429,0.08975891716358886,0.09469487165744797
3.9639999999996745,0.09267969006354512,0.08381243671654387,0.0897921924888455,0.09470856192855055
3.9649999999996743,0.09267957936233155,0.08385078464009155,0.08982533627827036,0.09472234498832179
3.9659999999996742,0.09267947142366115,0.08389032758825389,0.08985835004415092,0.09473622146565619
3.966999999999674,0.09267936617601778,0.08393107138807768,0.08989123529284196,0.0947501919937108
3.967999999999674,0.0926792635495305,0.08397302131555195,0.08992399352483425,0.09476425720993403
3.968999999999674,0.09267916347594371,0.08401618210165963,0.08995662623482303,0.09477841775609466
3.969999999999674,0.09267906588858833,0.08406055793841823,0.08998913491177622,0.09479267427831123
3.9709999999996737,0.09267897072235326,0.08410615248490695,0.09002152103900236,0.0948070274270815
3.9719999999996736,0.09267887791365806,0.08415296887328266,0.09005378609421825,0.09482147785731208
3.9729999999996735,0.09267878740042562,0.0842010097147813,0.09008593154961644,0.09483602622834839
3.9739999999996733,0.09267869912205585,0.08425027710570596,0.09011795887193236,0.09485067320400466
3.9749999999996732,0.09267861301939978,0.08430077263340009,0.09014986952251122,0.09486541945259425
3.975999999999673,0.0926785290347341,0.08435249738220524,0.0901816649573748,0.09488026564696023
3.976999999999673,0.09267844711173612,0.08440545193940252,0.09021334662728772,0.09489521246450591
3.977999999999673,0.09267836719545942,0.08445963640113716,0.09024491597782379,0.09491026058722589
3.978999999999673,0.09267828923230968,0.08451505037832455,0.09027637444943186,0.09492541070173714
3.9799999999996727,0.09267821317002084,0.08457169300253832,0.0903077234775016,0.09494066349931028
3.9809999999996726,0.09267813895763168,0.08462956293187755,0.090338964492429,0.0949560196759012
3.9819999999996725,0.0926780665454629,0.08468865835681388,0.09037009891968159,0.09497147993218276
3.9829999999996724,0.09267799588509441,0.08474897700601694,0.09040112817986352,0.09498704497357677
3.9839999999996722,0.0926779269293423,0.08481051615215696,0.09043205368878039,0.0950027155102862
3.984999999999672,0.0926778596322373,0.08487327261768395,0.0904628768575038,0.09501849225732756
3.985999999999672,0.09267779394900236,0.08493724278058268,0.09049359909243578,0.09503437593456354
3.986999999999672,0.09267772983603084,0.08500242258010235,0.09052422179537291,0.09505036726673581
3.987999999999672,0.0926776672508652,0.08506880752245993,0.09055474636357037,0.0950664669834982
3.9889999999996717,0.09267760615217539,0.08513639268651724,0.09058517418980562,0.09508267581944989
3.9899999999996716,0.09267754649973785,0.08520517272942993,0.09061550666244195,0.09509899451416891
3.9909999999996715,0.09267748825441424,0.08527514189226885,0.09064574516549186,0.095115423812246
3.9919999999996714,0.09267743137813093,0.0853462940056122,0.09067589107868021,0.0951319644633185
3.9929999999996713,0.09267737583385803,0.08541862249510858,0.09070594577750714,0.09514861722210453
3.993999999999671,0.09267732158558903,0.08549212038701055,0.09073591063331088,0.09516538284843756
3.994999999999671,0.0926772685983203,0.08556678031367801,0.09076578701333027,0.0951822621073009
3.995999999999671,0.09267721683803111,0.08564259451905125,0.09079557628076718,0.09519925576886273
3.996999999999671,0.09267716627166309,0.08571955486409406,0.09082527979484871,0.09521636460851125
3.9979999999996707,0.09267711686710092,0.08579765283220614,0.09085489891088919,0.09523358940688992
3.9989999999996706,0.0926770685931518,0.08587687953460554,0.09088443498035202,0.09525093094993325
3.9999999999996705,0.09267702141952655,0.08595722571568117,0.09091388935091138,0.09526839002890258
4.000999999999671,0.09267697531681947,0.08603868175831561,0.09094326336651364,0.09528596744042216
4.001999999999671,0.09267693025648933,0.08612123768917934,0.09097255836743874,0.0953036639865155
4.0029999999996715,0.0926768862108401,0.0862048831839961,0.09100177569036136,0.09532148047464208
4.003999999999672,0.0926768431530018,0.08628960757278131,0.09103091666841186,0.09533941771773402
4.004999999999672,0.09267680105691174,0.08637539984505385,0.09105998263123712,0.09535747653423332
4.0059999999996725,0.09267675989729555,0.08646224865502257,0.09108897490506122,0.09537565774812908
4.006999999999673,0.09267671964964884,0.08655014232674862,0.091117894812746,0.09539396218899522
4.007999999999673,0.09267668029021871,0.08663906885928582,0.0911467436738513,0.09541239069202821
4.0089999999996735,0.09267664179598534,0.08672901593179962,0.09117552280469528,0.0954309440980853
4.009999999999674,0.09267660414464418,0.08681997090866748,0.09120423351841445,0.09544962325372276
4.010999999999674,0.09267656731458782,0.08691192084456191,0.09123287712502356,0.09546842901123465
4.0119999999996745,0.09267653128488859,0.08700485248951867,0.09126145493147542,0.09548736222869157
4.012999999999675,0.09267649603528083,0.08709875229399262,0.09128996824172045,0.09550642376997988
4.013999999999675,0.09267646154614353,0.08719360641390277,0.09131841835676627,0.09552561450484111
4.0149999999996755,0.09267642779848366,0.08728940071567035,0.09134680657473702,0.09554493530891167
4.015999999999676,0.09267639477391866,0.08738612078125138,0.0913751341909326,0.09556438706376276
4.016999999999676,0.09267636245466038,0.0874837519131674,0.09140340249788777,0.09558397065694063
4.0179999999996765,0.09267633082349824,0.08758227913953696,0.0914316127854311,0.09560368698200702
4.018999999999677,0.09267629986378334,0.08768168721911067,0.09145976634074388,0.09562353693858003
4.019999999999677,0.09267626955941208,0.08778196064631351,0.09148786444841876,0.09564352143237505
4.0209999999996775,0.0926762398948109,0.08788308365629662,0.09151590839051849,0.09566364137524616
4.021999999999678,0.09267621085492041,0.0879850402300029,0.0915438994466343,0.09568389768522775
4.022999999999678,0.09267618242518051,0.08808781409924825,0.09157183889394435,0.09570429128657636
4.0239999999996785,0.09267615459151521,0.08819138875182306,0.09159972800727201,0.09572482310981288
4.024999999999679,0.09267612734031799,0.08829574743661613,0.09162756805914397,0.09574549409176498
4.025999999999679,0.09267610065843734,0.08840087316876447,0.09165536031984836,0.0957663051756099
4.0269999999996795,0.0926760745331628,0.08850674873483187,0.09168310605749269,0.09578725731091743
4.02799999999968,0.09267604895221096,0.08861335669802,0.09171080653806171,0.09580835145369332
4.02899999999968,0.09267602390371198,0.0887206794034131,0.09173846302547518,0.09582958856642278
4.0299999999996805,0.09267599937619644,0.08882869898326133,0.09176607678164553,0.09585096961811451
4.030999999999681,0.0926759753585821,0.08893739736230274,0.09179364906653545,0.09587249558434487
4.031999999999681,0.09267595184016174,0.08904675626312858,0.09182118113821536,0.09589416744730235
4.0329999999996815,0.0926759288105906,0.08915675721159165,0.09184867425292086,0.09591598619583247
4.033999999999682,0.09267590625987436,0.08926738154226181,0.09187612966511,0.09593795282548287
4.034999999999682,0.09267588417835781,0.08937861040392828,0.09190354862752052,0.09596006833854867
4.0359999999996825,0.0926758625567135,0.08949042476515079,0.09193093239122707,0.09598233374411828
4.036999999999683,0.09267584138593081,0.08960280541986054,0.0919582822056982,0.09600475005811943
4.037999999999683,0.09267582065730558,0.08971573299301105,0.09198559931885344,0.09602731830336547
4.0389999999996835,0.09267580036242981,0.08982918794627955,0.09201288497712026,0.09605003950960214
4.039999999999684,0.09267578049318236,0.08994315058381772,0.09204014042549086,0.09607291471355447
4.040999999999684,0.0926757610417192,0.09005760105805223,0.09206736690757901,0.09609594495897408
4.0419999999996845,0.09267574200046493,0.09017251937553321,0.09209456566567684,0.09611913129668688
4.042999999999685,0.09267572336210429,0.09028788540282887,0.09212173794081145,0.09614247478464093
4.043999999999685,0.09267570511957418,0.09040367887246482,0.09214888497280165,0.0961659764879548
4.0449999999996855,0.09267568726605638,0.09051987938890503,0.09217600800031435,0.0961896374789661
4.045999999999686,0.09267566979497059,0.09063646643457143,0.09220310826092125,0.09621345883728041
4.046999999999686,0.09267565269996791,0.0907534193758987,0.09223018699115522,0.09623744164982062
4.0479999999996865,0.09267563597492533,0.09087071746942008,0.09225724542656676,0.0962615870108764
4.048999999999687,0.09267561961394012,0.0909883398678791,0.09228428480178032,0.09628589602215425
4.049999999999687,0.09267560361132561,0.091106265626363,0.09231130635055068,0.09631036979282767
4.0509999999996875,0.09267558796160695,0.09122447370845105,0.09233831130581925,0.09633500943958784
4.051999999999688,0.09267557265951785,0.09134294299237232,0.09236530089977031,0.09635981608669457
4.052999999999688,0.09267555769999805,0.0914616522771656,0.09239227636388721,0.09638479086602751
4.0539999999996885,0.09267554307819138,0.0915805802888342,0.0924192389290086,0.09640993491713792
4.054999999999689,0.09267552878944488,0.09169970568648764,0.09244618982538459,0.09643524938730061
4.055999999999689,0.09267551482930823,0.0918190070684625,0.09247313028273284,0.09646073543156623
4.0569999999996895,0.09267550119353475,0.09193846297841189,0.0925000615302947,0.0964863942128141
4.05799999999969,0.09267548787808257,0.09205805191135538,0.09252698479689131,0.09651222690180511
4.05899999999969,0.09267547487911733,0.09217775231967867,0.09255390131097964,0.09653823467723531
4.0599999999996905,0.09267546219301555,0.09229754261907222,0.09258081230070854,0.09656441872578952
4.060999999999691,0.09267544981636913,0.09241740119439783,0.09260771899397484,0.09659078024219565
4.061999999999691,0.09267543774599112,0.0925373064054714,0.09263462261847931,0.0966173204292791
4.0629999999996915,0.09267542597892217,0.09265723659274915,0.09266152440178266,0.09664404049801763
4.063999999999692,0.0926754145124387,0.09277717008290445,0.09268842557136164,0.0966709416675967
4.064999999999692,0.09267540334156749,0.09289708537424389,0.092715327354665,0.09669802516546505
4.0659999999996925,0.0926753924565289,0.09301696132824396,0.09274223097916948,0.09672529222739072
4.066999999999693,0.09267538184542995,0.09313677698234785,0.09276913767243579,0.09675274409751737
4.067999999999693,0.09267537149688244,0.09325651136634265,0.0927960486621647,0.09678038202842114
4.0689999999996935,0.09267536139999004,0.09337614350754099,0.09282296517625303,0.09680820728116778
4.069999999999694,0.09267535154433426,0.09349565243605668,0.09284988844284964,0.09683622112537014
4.070999999999694,0.09267534191996062,0.09361501719017584,0.0928768196904115,0.09686442483924619
4.0719999999996945,0.09267533251736446,0.09373421682182412,0.09290376014775975,0.09689281970967722
4.072999999999695,0.09267532332747648,0.09385323040213042,0.09293071104413576,0.09692140703226672
4.073999999999695,0.09267531434164838,0.09397203702708674,0.09295767360925718,0.09695018811139929
4.0749999999996955,0.09267530555163835,0.09409061582330411,0.0929846490733741,0.09697916426030033
4.075999999999696,0.0926752969495964,0.09420894595386285,0.09301163866732517,0.09700833680109591
4.076999999999696,0.09267528852805021,0.09432700662425614,0.09303864362259377,0.09703770706487308
4.0779999999996965,0.09267528027989065,0.09444477708842436,0.09306566517136415,0.09706727639174058
4.078999999999697,0.09267527219835761,0.09456223665487844,0.09309270454657771,0.09709704613089003
4.079999999999697,0.0926752642770262,0.09467936469290904,0.09311976298198926,0.0971270176406575
4.0809999999996975,0.09267525650979282,0.09479614063887806,0.09314684171222325,0.09715719228858544
4.081999999999698,0.09267524889086165,0.09491254400258942,0.09317394197283017,0.09718757145148511
4.082999999999698,0.0926752414147316,0.09502855437373439,0.0932010650003429,0.09721815651549942
4.0839999999996985,0.09267523407618342,0.09514415142840833,0.09322821203233311,0.09724894887616611
4.084999999999699,0.09267522687026677,0.09525931493569272,0.09325538430746776,0.0972799499384815
4.085999999999699,0.09267521979228853,0.0953740247642989,0.09328258306556561,0.09731116111696456
4.0869999999996995,0.09267521283780032,0.09548826088926728,0.09330980954765379,0.09734258383572146
4.0879999999997,0.09267520600258744,0.09560200339871787,0.0933370649960244,0.09737421952851051
4.0889999999997,0.09267519928265756,0.09571523250064538,0.09336435065429124,0.09740606963880767
4.0899999999997005,0.09267519267422984,0.09582792852975384,0.09339166776744653,0.09743813561987233
4.090999999999701,0.09267518617372467,0.09594007195432501,0.0934190175819177,0.09747041893481366
4.091999999999701,0.09267517977775355,0.09605164338311432,0.09344640134562428,0.09750292105665735
4.0929999999997015,0.09267517348310966,0.09616262357226878,0.09347382030803483,0.09753564346841281
4.093999999999702,0.09267516728675838,0.09627299343226052,0.093501275720224,0.09756858766314089
4.094999999999702,0.09267516118582847,0.09638273403483066,0.09352876883492954,0.09760175514402197
4.0959999999997025,0.09267515517760368,0.09649182661993687,0.0935563009066095,0.09763514742442454
4.096999999999703,0.09267514925951452,0.09660025260269992,0.09358387319149947,0.09766876602797425
4.097999999999703,0.09267514342913048,0.09670799358034228,0.09361148694766987,0.09770261248862344
4.0989999999997035,0.09267513768415271,0.09681503133911466,0.09363914343508338,0.09773668835072113
4.099999999999704,0.09267513202240674,0.09692134786120452,0.09366684391565246,0.09777099516908354
4.100999999999704,0.09267512644183598,0.09702692533162105,0.09369458965329683,0.09780553450906487
4.1019999999997045,0.09267512094049493,0.09713174614505314,0.09372238191400127,0.09784030794662897
4.102999999999705,0.09267511551654359,0.09723579291269432,0.09375022196587329,0.09787531706842102
4.103999999999705,0.09267511016824109,0.09733904846903135,0.093778111079201,0.09791056347184006
4.1049999999997056,0.09267510489394065,0.09744149587859208,0.09380605052651111,0.09794604876511179
4.105999999999706,0.09267509969208404,0.09754311844264899,0.09383404158262698,0.09798177456736205
4.106999999999706,0.09267509456119677,0.09764389970587486,0.09386208552472676,0.09801774250869062
4.1079999999997066,0.0926750894998833,0.09774382346294795,0.0938901836324017,0.09805395423024561
4.108999999999707,0.09267508450682284,0.09784287376510357,0.09391833718771452,0.09809041138429839
4.109999999999707,0.09267507958076486,0.09794103492662977,0.09394654747525791,0.09812711563431889
4.1109999999997076,0.0926750747205254,0.09803829153130533,0.09397481578221313,0.09816406865505159
4.111999999999708,0.09267506992498308,0.09813462843877811,0.09400314339840876,0.09820127213259189
4.112999999999708,0.09267506519307583,0.0982300307908824,0.09403153161637959,0.0982387277644631
4.113999999999709,0.09267506052379763,0.09832448401789437,0.09405998173142548,0.09827643725969375
4.114999999999709,0.092675055916195,0.09841797384472498,0.09408849504167056,0.09831440233889574
4.115999999999709,0.0926750513693646,0.0985104862970494,0.09411707284812247,0.09835262473434277
4.11699999999971,0.09267504688245025,0.09860200770737362,0.09414571645473165,0.09839110619004936
4.11799999999971,0.09267504245464035,0.09869252472103762,0.09417442716845088,0.09842984846185047
4.11899999999971,0.09267503808516567,0.09878202430215624,0.09420320629929495,0.09846885331748163
4.119999999999711,0.09267503377329694,0.09887049373949756,0.09423205516040031,0.09850812253665948
4.120999999999711,0.09267502951834289,0.09895792065230086,0.09426097506808516,0.09854765791116316
4.121999999999711,0.09267502531964836,0.09904429299603411,0.09428996734190934,0.09858746124491585
4.122999999999712,0.09267502117659253,0.09912959906809318,0.09431903330473466,0.09862753435406733
4.123999999999712,0.09267501708858711,0.09921382751344388,0.09434817428278522,0.09866787906707662
4.124999999999712,0.09267501305507497,0.0992969673302084,0.0943773916057079,0.09870849722479555
4.125999999999713,0.0926750090755288,0.09937900787519872,0.0944066866066331,0.09874939068055268
4.126999999999713,0.0926750051494496,0.09945993886939812,0.09443606062223543,0.0987905613002379
4.127999999999713,0.09267500127636567,0.09953975040339293,0.09446551499279486,0.09883201096238754
4.128999999999714,0.0926749974558314,0.09961843294275764,0.09449505106225778,0.09887374155827015
4.129999999999714,0.09267499368742645,0.09969597733339466,0.09452467017829834,0.0989157549919727
4.130999999999714,0.09267498997075453,0.09977237480683118,0.09455437369237996,0.09895805318048753
4.131999999999715,0.09267498630544296,0.09984761698547648,0.09458416295981696,0.0990006380537998
4.132999999999715,0.09267498269114147,0.09992169588784071,0.09461403933983643,0.09904351155497551
4.133999999999715,0.09267497912752164,0.09999460393371902,0.09464400419564024,0.09908667564025023
4.134999999999716,0.09267497561427639,0.10006633394934249,0.09467405889446726,0.09913013227911832
4.135999999999716,0.09267497215111903,0.10013687917249905,0.09470420480765569,0.09917388345442281
4.136999999999716,0.09267496873778289,0.10020623325762681,0.09473444331070568,0.09921793116244582
4.137999999999717,0.09267496537402052,0.10027439028088216,0.0947647757833421,0.09926227741299973
4.138999999999717,0.0926749620596033,0.10034134474518522,0.09479520360957744,0.09930692422951883
4.139999999999717,0.0926749587943205,0.10040709158524584,0.094825728177775,0.09935187364915166
4.140999999999718,0.09267495557797907,0.1004716261725711,0.09485635088071223,0.09939712772285395
4.141999999999718,0.09267495241040265,0.10053494432045909,0.0948870731156443,0.09944268851548221
4.142999999999718,0.09267494929143097,0.1005970422889793,0.09491789628436781,0.09948855810588796
4.143999999999719,0.0926749462209191,0.10065791678994371,0.09494882179328477,0.09953473858701256
4.144999999999719,0.09267494319873654,0.10071756499187015,0.09497985105346682,0.09958123206598274
4.145999999999719,0.09267494022476631,0.10077598452494084,0.09501098548071951,0.09962804066420666
4.14699999999972,0.09267493729890387,0.10083317348595833,0.095042226495647,0.09967516651747083
4.14799999999972,0.09267493442105577,0.10088913044330164,0.09507357552371686,0.09972261177603747
4.14899999999972,0.09267493159113872,0.10094385444188478,0.09510503399532502,0.09977037860474268
4.149999999999721,0.09267492880907759,0.10099734500811991,0.09513660334586119,0.09981846918309512
4.150999999999721,0.09267492607480418,0.10104960215488847,0.0951682850157742,0.09986688570537558
4.151999999999721,0.092674923388255,0.1011006263865213,0.09520008045063788,0.09991563038073707
4.152999999999722,0.09267492074936931,0.10115041870379171,0.09523199110121686,0.09996470543330552
4.153999999999722,0.0926749181580867,0.1011989806089226,0.09526401842353288,0.1000141131022814
4.154999999999722,0.09267491561434457,0.10124631411061148,0.0952961638789312,0.1000638556420418
4.155999999999723,0.09267491311807524,0.1012924217290741,0.09532842893414721,0.10011393532224333
4.156999999999723,0.09267491066920264,0.10133730650111063,0.09536081506137346,0.10016435442792565
4.157999999999723,0.09267490826763887,0.10138097198519615,0.09539332373832678,0.1002151152596158
4.158999999999724,0.09267490591328045,0.10142342226659726,0.09542595644831568,0.10026622013343307
4.159999999999724,0.0926749036060039,0.10146466196251876,0.0954587146803081,0.10031767138119477
4.160999999999724,0.09267490134566143,0.1015046962272803,0.09549159992899926,0.10036947135052256
4.161999999999725,0.09267489913207579,0.10154353075752787,0.09552461369487995,0.10042162240494962
4.162999999999725,0.09267489696503506,0.10158117179747984,0.09555775748430494,0.10047412692402845
4.163999999999725,0.09267489484428663,0.10161762614421158,0.0955910328095617,0.10052698730343947
4.164999999999726,0.0926748927695314,0.10165290115297874,0.09562444118893947,0.10058020595510034
4.165999999999726,0.09267489074041674,0.10168700474258296,0.09565798414679845,0.10063378530727596
4.166999999999726,0.09267488875652974,0.1017199454007799,0.09569166321363944,0.10068772780468932
4.167999999999727,0.0926748868173895,0.10175173218973184,0.0957254799261736,0.10074203590863307
4.168999999999727,0.09267488492243924,0.1017823747515062,0.09575943582739262,0.1007967120970817
4.169999999999727,0.09267488307103791,0.10181188331362055,0.09579353246663909,0.10085175886480477
4.170999999999728,0.09267488126245135,0.10184026869463529,0.0958277713996772,0.10090717872348061
4.171999999999728,0.09267487949584303,0.10186754230979367,0.09586215418876376,0.100962974201811
4.172999999999728,0.09267487777026433,0.1018937161767104,0.09589668240271944,0.10101914784563652
4.173999999999729,0.09267487608464443,0.10191880292110773,0.09593135761700033,0.10107570221805269
4.174999999999729,0.09267487443778,0.1019428157825987,0.09596618141376993,0.10113263989952699
4.175999999999729,0.09267487282832418,0.1019657686205168,0.09600115538197124,0.10118996348801651
4.17699999999973,0.09267487125477558,0.10198767591979063,0.09603628111739927,0.10124767559908657
4.17799999999973,0.09267486971546685,0.1020085527968615,0.09607156022277394,0.10130577886603002
4.17899999999973,0.09267486820855286,0.1020284150056423,0.09610699430781308,0.10136427593998741
4.179999999999731,0.09267486673199893,0.10204727894351479,0.09614258498930597,0.10142316949006791
4.180999999999731,0.09267486528356887,0.10206516165736243,0.09617833389118711,0.10148246220347117
4.181999999999731,0.0926748638608126,0.10208208084963549,0.09621424264461026,0.10154215678560989
4.182999999999732,0.09267486246105407,0.10209805488444429,0.09625031288802291,0.10160225596023328
4.183999999999732,0.092674861081379,0.10211310279367704,0.09628654626724104,0.1016627624695513
4.184999999999732,0.0926748597186231,0.10212724428313744,0.09632294443552417,0.10172367907435984
4.185999999999733,0.09267485836935958,0.10214049973869739,0.09635950905365087,0.10178500855416663
4.186999999999733,0.09267485702988783,0.10215289023245983,0.09639624178999448,0.10184675370731813
4.187999999999733,0.09267485569622184,0.10216443752892657,0.09643314432059924,0.10190891735112714
4.188999999999734,0.09267485436407927,0.10217516409116559,0.0964702183292568,0.10197150232200142
4.189999999999734,0.0926748530288708,0.10218509308697238,0.09650746550758299,0.10203451147557302
4.190999999999734,0.09267485168569017,0.10219424839501967,0.09654488755509508,0.10209794768682871
4.191999999999735,0.09267485032930495,0.10220265461099035,0.09658248617928925,0.10216181385024103
4.192999999999735,0.09267484895414779,0.10221033705368746,0.09662026309571856,0.10222611287990042
4.193999999999735,0.09267484755430899,0.10221732177111637,0.09665822002807117,0.10229084770964818
4.194999999999736,0.0926748461235294,0.10222363554653384,0.0966963587082491,0.10235602129321034
4.195999999999736,0.09267484465519492,0.10222930590445854,0.09673468087644706,0.10242163660433239
4.196999999999736,0.09267484314233197,0.10223436111663911,0.09677318828123203,0.10248769663691504
4.197999999999737,0.09267484157760406,0.10223883020797433,0.09681188267962301,0.10255420440515078
4.198999999999737,0.09267483995330988,0.10224274296238234,0.0968507658371711,0.10262116294366141
4.199999999999737,0.09267483826138291,0.10224612992861448,0.09688983952804014,0.1026885753076365
4.200999999999738,0.09267483649339253,0.1022490224260108,0.09692910553508764,0.10275644457297282
4.201999999999738,0.09267483464054674,0.10225145255019463,0.09696856564994615,0.1028247738364147
4.202999999999738,0.09267483269369695,0.1022534531787032,0.09700822167310494,0.10289356621569523
4.203999999999739,0.09267483064334422,0.10225505797655296,0.09704807541399223,0.10296282484967863
4.204999999999739,0.09267482847964806,0.10225630140173805,0.09708812869105772,0.10303255289850345
4.205999999999739,0.09267482619243711,0.1022572187106599,0.09712838333185558,0.10310275354372672
4.20699999999974,0.0926748237712219,0.102257845963489,0.09716884117312778,0.10317342998846911
4.20799999999974,0.09267482120521044,0.10225822002945623,0.09720950406088796,0.10324458545756113
4.20899999999974,0.09267481848332584,0.10225837859207597,0.09725037385050563,0.10331622319769022
4.209999999999741,0.09267481559422701,0.10225836015429919,0.09729145240679084,0.103388346477549
4.210999999999741,0.09267481252633185,0.10225820404359823,0.09733274160407927,0.10346095858798428
4.211999999999741,0.09267480926784358,0.10225795041698323,0.09737424332631772,0.10353406284214725
4.212999999999742,0.09267480580677984,0.10225764026595056,0.09741595946715013,0.10360766257564472
4.213999999999742,0.09267480213100554,0.10225731542136432,0.09745789193000393,0.10368176114669124
4.214999999999742,0.09267479398169345,0.1022569146437679,0.09749982439285772,0.10369152750135237
4.215999999999743,0.09267480725148992,0.10225652357330343,0.09754154053369013,0.10370136004951978
4.216999999999743,0.09267488418954493,0.10225614198390631,0.09758304225592858,0.10371125923983378
4.217999999999743,0.0926750661723904,0.10225576965461068,0.097624331453217,0.10372122552397542
4.218999999999744,0.09267539370955738,0.1022554063694303,0.09766541000950221,0.10373125935668712
4.219999999999744,0.09267590644934126,0.10225505191724196,0.09770627979911989,0.10374136119579341
4.220999999999744,0.09267664318469956,0.10225470609167205,0.09774694268688007,0.10375153150222183
4.221999999999745,0.09267764185926751,0.10225436869098563,0.09778740052815227,0.10376177074002389
4.222999999999745,0.0926789395734788,0.10225403951797798,0.09782765516895013,0.10377207937639642
4.223999999999745,0.09268057259077862,0.1022537183798694,0.09786770844601564,0.10378245788170266
4.224999999999746,0.09268257634391665,0.10225340508820178,0.09790756218690295,0.10379290672949391
4.225999999999746,0.09268498544130963,0.10225309945873816,0.09794721821006176,0.10380342639653105
4.226999999999746,0.09268783367346364,0.10225280131136454,0.09798667832492028,0.10381401736280627
4.227999999999747,0.09269115401944521,0.10225251046999394,0.09802594433196779,0.10382468011156501
4.228999999999747,0.09269497865339411,0.10225222676247288,0.09806501802283685,0.10383541512932808
4.229999999999747,0.09269933895106876,0.10225195002049016,0.09810390118038494,0.1038462229059137
4.230999999999748,0.09270426549641697,0.1022516800794876,0.09814259557877592,0.10385710393445997
4.231999999999748,0.09270978808816606,0.10225141677857295,0.0981811029835609,0.10386805871144736
4.232999999999748,0.09271593574642498,0.1022511599604352,0.09821942515175888,0.1038790877367213
4.233999999999749,0.09272273671929444,0.10225090947126145,0.0982575638319368,0.10389019151351504
4.234999999999749,0.09273021848947863,0.10225066516065605,0.09829552076428943,0.10390137054847261
4.235999999999749,0.09273840778089527,0.10225042688156177,0.09833329768071876,0.10391262535167191
4.23699999999975,0.09274733056527958,0.1022501944901826,0.09837089630491294,0.10392395643664801
4.23799999999975,0.09275701206877893,0.1022499678459088,0.09840831835242504,0.10393536432041657
4.23899999999975,0.09276747677853522,0.10224974681124341,0.09844556553075126,0.10394684952349742
4.239999999999751,0.09277874844925278,0.102249531251731,0.09848263953940883,0.10395841256993835
4.240999999999751,0.09279085010974877,0.10224932103588794,0.09851954207001361,0.10397005398733894
4.241999999999751,0.09280380406948589,0.1022491160351346,0.09855627480635723,0.10398177430687473
4.242999999999752,0.09281763192508467,0.10224891612372924,0.09859283942448395,0.10399357406332142
4.243999999999752,0.0928323545668148,0.10224872117870369,0.0986292375927671,0.10400545379507924
4.244999999999752,0.09284799218506508,0.10224853107980066,0.09866547097198523,0.10401741404419754
4.245999999999753,0.09286456427679092,0.10224834570941277,0.0987015412153979,0.10402945535639953
4.246999999999753,0.09288208965193935,0.1022481649525235,0.09873744996882107,0.10404157828110719
4.247999999999753,0.09290058643985173,0.10224798869664921,0.09877319887070223,0.10405378337146629
4.248999999999754,0.09292007209564382,0.10224781683178352,0.09880878955219514,0.10406607118437167
4.249999999999754,0.0929405634065641,0.1022476492503427,0.0988442236372343,0.10407844228049265
4.250999999999754,0.09296207649832959,0.10224748584711278,0.09887950274260897,0.10409089722429858
4.251999999999755,0.09298462684144158,0.10224732651919835,0.09891462847803702,0.10410343658408468
4.252999999999755,0.09300822925747988,0.10224717116597282,0.09894960244623834,0.10411606093199784
4.253999999999755,0.09303289792537753,0.10224701968903012,0.09898442624300795,0.10412877084406282
4.254999999999756,0.09305864638767614,0.1022468719921377,0.09901910145728886,0.10414156690020852
4.255999999999756,0.09308548755676245,0.10224672798119123,0.09905362967124455,0.10415444968429442
4.256999999999756,0.09311343372108791,0.10224658756417052,0.09908801246033112,0.10416741978413724
4.257999999999757,0.09314249655136993,0.10224645065109657,0.09912225139336926,0.10418047779153772
4.258999999999757,0.09317268710677773,0.10224631715399064,0.09915634803261575,0.10419362430230766
4.259999999999757,0.09320401584110186,0.10224618698683349,0.09919030393383478,0.10420685991629715
4.260999999999758,0.0932364926089088,0.1022460600655267,0.09922412064636896,0.10422018523742181
4.261999999999758,0.0932701266716804,0.10224593630785485,0.09925779971320997,0.1042336008736905
4.262999999999758,0.09330492670393967,0.10224581563344891,0.09929134267106898,0.10424710743723295
4.263999999999759,0.09334090079936257,0.10224569796375042,0.09932475105044676,0.10426070554432769
4.264999999999759,0.09337805647687596,0.10224558322197716,0.09935802637570354,0.10427439581543028
4.265999999999759,0.09341640068674256,0.10224547133308944,0.09939117016512854,0.10428817887520149
4.26699999999976,0.09345593981663261,0.10224536222375745,0.09942418393100924,0.1043020553525359
4.26799999999976,0.09349667969768223,0.10224525582232971,0.09945706917970042,0.10431602588059051
4.26899999999976,0.0935386256105389,0.10224515205880186,0.09948982741169285,0.10433009109681372
4.269999999999761,0.09358178229139319,0.10224505086478698,0.09952246012168177,0.10434425164297435
4.270999999999761,0.09362615393799746,0.10224495217348577,0.09955496879863511,0.10435850816519093
4.271999999999761,0.09367174421567011,0.10224485591965855,0.09958735492586139,0.1043728613139612
4.272999999999762,0.09371855626328607,0.10224476203959683,0.09961961998107742,0.10438731174419179
4.273999999999762,0.09376659269925235,0.10224467047109638,0.09965176543647575,0.10440186011522809
4.274999999999762,0.09381585562746853,0.10224458115343026,0.0996837927587918,0.10441650709088435
4.275999999999763,0.09386634664327123,0.1022444940273228,0.0997157034093708,0.10443125333947395
4.276999999999763,0.09391806683936241,0.10224440903492422,0.0997474988442345,0.10444609953383992
4.277999999999763,0.0939710168117206,0.10224432611978514,0.09977918051414755,0.10446104635138559
4.278999999999764,0.09402519666549382,0.10224424522683213,0.09981074986468375,0.10447609447410557
4.279999999999764,0.09408060602087426,0.10224416630234345,0.09984220833629195,0.10449124458861682
4.280999999999764,0.09413724401895349,0.10224408929392526,0.09987355736436183,0.10450649738618996
4.281999999999765,0.09419510932755723,0.10224401415048792,0.09990479837928937,0.10452185356278089
4.282999999999765,0.09425420014705922,0.10224394082222314,0.09993593280654209,0.10453731381906244
4.283999999999765,0.09431451421617301,0.10224386926058103,0.09996696206672416,0.10455287886045646
4.284999999999766,0.09437604881772103,0.10224379941824742,0.09999788757564115,0.10456854939716588
4.285999999999766,0.09443880078438013,0.10224373124912191,0.10002871074436469,0.10458432614420723
4.286999999999766,0.09450276650440259,0.10224366470829564,0.10005943297929679,0.10460020982144322
4.287999999999767,0.09456794192731192,0.10224359975202967,0.10009005568223404,0.10461620115361549
4.288999999999767,0.09463432256957285,0.10224353633773324,0.10012058025043163,0.10463230087037788
4.289999999999767,0.09470190352023455,0.1022434744239427,0.100151008076667,0.10464850970632955
4.290999999999768,0.09477067944654657,0.1022434139703001,0.10018134054930344,0.10466482840104857
4.291999999999768,0.09484064459954705,0.10224335493753253,0.10021157905235348,0.10468125769912566
4.292999999999768,0.09491179281962223,0.10224329728743098,0.10024172496554194,0.10469779835019814
4.293999999999769,0.09498411754203741,0.10224324098283011,0.10027177966436898,0.10471445110898417
4.294999999999769,0.09505761180243869,0.10224318598758754,0.10030174452017283,0.10473121673531718
4.295999999999769,0.09513226824232501,0.10224313226656363,0.10033162090019235,0.10474809599418054
4.29699999999977,0.09520807911449099,0.10224307978560135,0.10036141016762938,0.10476508965574238
4.29799999999977,0.0952850362884398,0.10224302851150628,0.10039111368171103,0.10478219849539089
4.29899999999977,0.09536313125576665,0.1022429784120267,0.10042073279775163,0.10479942329376957
4.299999999999771,0.09544235513551305,0.10224292945583405,0.10045026886721459,0.1048167648368129
4.300999999999771,0.09552269867949165,0.10224288161250307,0.10047972323777406,0.10483422391578223
4.301999999999771,0.09560415227758313,0.1022428348524926,0.10050909725337642,0.10485180132730179
4.302999999999772,0.09568670596300469,0.10224278914712638,0.10053839225430164,0.10486949787339514
4.303999999999772,0.09577034941755189,0.1022427444685737,0.10056760957722437,0.10488731436152171
4.304999999999772,0.09585507197681375,0.10224270078983046,0.10059675055527498,0.10490525160461366
4.305999999999773,0.09594086263536335,0.10224265808470039,0.10062581651810035,0.10492331042111294
4.306999999999773,0.09602771005192416,0.10224261632777648,0.10065480879192457,0.10494149163500871
4.307999999999773,0.09611560255451423,0.10224257549442231,0.10068372869960945,0.10495979607587486
4.308999999999774,0.09620452814556928,0.10224253556075369,0.10071257756071486,0.10497822457890785
4.309999999999774,0.09629447450704712,0.10224249650362058,0.10074135669155895,0.10499677798496493
4.310999999999774,0.09638542900551438,0.10224245830058892,0.10077006740527823,0.1050154571406024
4.311999999999775,0.09647737869721856,0.10224242092992297,0.10079871101188745,0.10503426289811428
4.312999999999775,0.09657031033314721,0.1022423843705677,0.1008272888183394,0.10505319611557118
4.313999999999775,0.09666421036407617,0.10224234860213098,0.10085580212858453,0.10507225765685949
4.314999999999776,0.0967590649456103,0.1022423136048666,0.10088425224363046,0.10509144839172072
4.315999999999776,0.09685485994321885,0.1022422793596573,0.10091264046160131,0.10511076919579128
4.316999999999776,0.09695158093726784,0.1022422458479976,0.100940968077797,0.10513022095064237
4.317999999999777,0.09704921322805359,0.10224221305197724,0.10096923638475228,0.10514980454382024
4.318999999999777,0.09714774184083869,0.10224218095426499,0.10099744667229571,0.10516952086888665
4.319999999999777,0.09724715153089494,0.1022421495380922,0.10102560022760856,0.10518937082545962
4.320999999999778,0.09734742678855575,0.10224211878723674,0.10105369833528356,0.10520935531925464
4.321999999999778,0.09744855184428095,0.10224208868600768,0.10108174227738338,0.10522947526212575
4.322999999999778,0.09755051067373803,0.10224205921922924,0.10110973333349929,0.10524973157210735
4.323999999999779,0.09765328700290188,0.10224203037222619,0.10113767278080944,0.10527012517345595
4.324999999999779,0.09775686431317751,0.10224200213080832,0.1011655618941372,0.10529065699669247
4.325999999999779,0.09786122584654751,0.10224197448125596,0.10119340194600926,0.10531132797864458
4.32699999999978,0.09796635461074893,0.1022419474103057,0.10122119420671374,0.10533213906248949
4.32799999999978,0.09807223338448097,0.10224192090513584,0.10124893994435817,0.10535309119779702
4.32899999999978,0.09817884472264748,0.10224189495335301,0.10127664042492729,0.10537418534057291
4.329999999999781,0.09828617096163665,0.10224186954297806,0.10130429691234086,0.10539542245330237
4.330999999999781,0.09839419422464037,0.10224184466243334,0.1013319106685113,0.1054168035049941
4.331999999999781,0.09850289642701562,0.10224182030052938,0.1013594829534013,0.10543832947122445
4.332999999999782,0.0986122592816902,0.10224179644645233,0.10138701502508131,0.10546000133418193
4.333999999999782,0.09872226430461452,0.10224177308975176,0.1014145081397869,0.10548182008271206
4.334999999999782,0.0988328928202613,0.10224175022032848,0.10144196355197614,0.10550378671236246
4.335999999999783,0.09894412596717386,0.1022417278284233,0.10146938251438677,0.10552590222542826
4.336999999999783,0.09905594470356487,0.10224170590460539,0.1014967662780934,0.10554816763099788
4.337999999999783,0.09916832981296511,0.10224168443976175,0.1015241160925646,0.105570583944999
4.338999999999784,0.09928126190992359,0.10224166342508634,0.10155143320571995,0.10559315219024507
4.339999999999784,0.09939472144575756,0.10224164285207017,0.10157871886398685,0.10561587339648174
4.340999999999784,0.09950868871435306,0.10224162271249183,0.10160597431235753,0.10563874860043405
4.341999999999785,0.09962314385801402,0.10224160299840797,0.10163320079444577,0.10566177884585366
4.342999999999785,0.09973806687335862,0.10224158370214446,0.10166039955254368,0.10568496518356645
4.343999999999785,0.09985343761726127,0.10224156481628814,0.10168757182767839,0.1057083086715205
4.344999999999786,0.09996923581283682,0.10224154633367913,0.10171471885966867,0.10573181037483438
4.345999999999786,0.1000854410554653,0.10224152824740292,0.10174184188718145,0.10575547136584568
4.346999999999786,0.10020203281885232,0.10224151055078419,0.10176894214778844,0.10577929272415999
4.347999999999787,0.10031899046112144,0.1022414932373799,0.10179602087802249,0.10580327553670019
4.348999999999787,0.10043629323093496,0.10224147630097401,0.10182307931343411,0.10582742089775597
4.349999999999787,0.10055392027363608,0.10224145973557201,0.10185011868864774,0.10585172990903381
4.350999999999788,0.10067185063740829,0.10224144353539652,0.10187714023741819,0.10587620367970722
4.351999999999788,0.10079006327944498,0.10224142769488351,0.10190414519268684,0.1059008433264674
4.352999999999788,0.10090853707212277,0.10224141220867879,0.10193113478663798,0.10592564997357412
4.353999999999789,0.10102725080917084,0.10224139707163585,0.10195811025075496,0.10595062475290706
4.354999999999789,0.10114618321182862,0.10224138227881413,0.10198507281587645,0.10597576880401749
4.355999999999789,0.10126531293498334,0.10224136782547791,0.10201202371225251,0.10600108327418017
4.35699999999979,0.101384618573278,0.10224135370709626,0.10203896416960083,0.1060265693184458
4.35799999999979,0.10150407866718093,0.10224133991934385,0.10206589541716277,0.10605222809969364
4.35899999999979,0.10162367170900544,0.10224132645810281,0.10209281868375945,0.10607806078868466
4.359999999999791,0.10174337614887054,0.10224131331946495,0.10211973519784785,0.10610406856411485
4.360999999999791,0.10186317040058962,0.10224130049973582,0.10214664618757684,0.10613025261266906
4.361999999999791,0.1019830328474766,0.10224128799543906,0.10217355288084322,0.1061566141290752
4.362999999999792,0.10210294184805621,0.10224127580332275,0.10220045650534774,0.10618315431615863
4.363999999999792,0.10222287574166584,0.10224126392036571,0.10222735828865118,0.10620987438489717
4.364999999999792,0.1023428128539348,0.102241252343786,0.10225425945823025,0.10623677555447625
4.365999999999793,0.10246273168337194,0.1022412410686096,0.10228116124153369,0.10626385905234462
4.366999999999793,0.10258261109418364,0.10224123008516468,0.10230806486603823,0.10629112611427027
4.367999999999793,0.10270243012767012,0.10224121938171209,0.10233497155930461,0.10631857798439691
4.368999999999794,0.10282216781716481,0.10224120894700733,0.1023618825490336,0.10634621591530068
4.369999999999794,0.1029418031931257,0.10224119877028759,0.102388799063122,0.10637404116804731
4.370999999999794,0.10306131528833681,0.1022411888412589,0.10241572232971867,0.10640205501224968
4.371999999999795,0.10318068314322026,0.10224117915008252,0.1024426535772806,0.10643025872612573
4.372999999999795,0.10329988581125792,0.10224116968736163,0.10246959403462892,0.10645865359655675
4.373999999999795,0.10341890236452289,0.10224116044412725,0.102496544931005,0.10648724091914624
4.374999999999796,0.10353771189931885,0.1022411514118242,0.10252350749612649,0.1065160219982788
4.375999999999796,0.10365629354192615,0.10224114258229733,0.10255048296024348,0.10654499814717985
4.376999999999796,0.10377462645445233,0.10224113394777724,0.10257747255419462,0.10657417068797544
4.377999999999797,0.10389268984078508,0.10224112550086645,0.10260447750946329,0.1066035409517526
4.378999999999797,0.10401046295264438,0.10224111723452514,0.10263149905823374,0.1066331102786201
4.379999999999797,0.10412792509573068,0.10224110914205778,0.10265853843344737,0.10666288001776955
4.380999999999798,0.10424505563596562,0.1022411012170992,0.10268559686885899,0.10669285152753702
4.381999999999798,0.10436183400582107,0.10224109345360118,0.10271267559909304,0.10672302617546495
4.382999999999798,0.10447823971073238,0.1022410858458194,0.10273977585970004,0.10675340533836464
4.383999999999799,0.10459425233559087,0.10224107838830021,0.10276689888721283,0.10678399040237893
4.384999999999799,0.10470985155131095,0.10224107107586848,0.1027940459192031,0.10681478276304564
4.385999999999799,0.10482501712146608,0.10224106390361483,0.10282121819433782,0.10684578382536102
4.3869999999998,0.10493972890898844,0.10224105686688366,0.10284841695243574,0.1068769950038441
4.3879999999998,0.10505396688292641,0.10224104996126192,0.10287564343452398,0.10690841772260097
4.3889999999998,0.10516771112525414,0.10224104318256709,0.10290289888289465,0.10694005341539002
4.389999999999801,0.10528094183772647,0.10224103652683676,0.10293018454116155,0.10697190352568718
4.390999999999801,0.1053936393487741,0.10224102999031802,0.1029575016543169,0.10700396950675184
4.391999999999801,0.10550578412043148,0.10224102356945691,0.10298485146878812,0.10703625282169316
4.392999999999802,0.10561735675529196,0.10224101726088902,0.10301223523249477,0.10706875494353685
4.393999999999802,0.10572833800348369,0.10224101106142969,0.10303965419490539,0.10710147735529231
4.394999999999802,0.10583870876965942,0.10224100496806511,0.10306710960709463,0.10713442155002041
4.395999999999803,0.10594845011999487,0.10224099897794356,0.10309460272180022,0.10716758903090148
4.396999999999803,0.10605754328918826,0.10224099308836698,0.10312213479348024,0.10720098131130405
4.397999999999803,0.10616596968745644,0.10224098729678327,0.10314970707837026,0.10723459991485375
4.398999999999804,0.10627371090752037,0.10224098160077837,0.10317732083454072,0.10726844637550294
4.399999999999804,0.10638074873157481,0.102240975998069,0.10320497732195429,0.10730252223760062
4.400999999999804,0.10648706513823733,0.10224097048649605,0.10323267780252342,0.10733682905596302
4.401999999999805,0.10659264230947008,0.10224096506401754,0.10326042354016786,0.10737136839594437
4.402999999999805,0.10669746263747047,0.10224095972870266,0.10328821580087236,0.10740614183350847
4.403999999999805,0.10680150873152586,0.10224095447872567,0.10331605585274443,0.10744115095530052
4.404999999999806,0.10690476342482724,0.10224094931236033,0.1033439449660722,0.10747639735871954
4.405999999999806,0.10700720978123869,0.10224094422797439,0.10337188441338237,0.10751188265199127
4.406999999999806,0.1071088311020183,0.10224093922402469,0.10339987546949829,0.10754760845424154
4.407999999999807,0.1072096109324877,0.10224093429905223,0.10342791941159812,0.1075835763955701
4.408999999999807,0.1073095330686462,0.10224092945167773,0.10345601751927312,0.1076197881171251
4.409999999999807,0.10740858156372848,0.10224092468059716,0.10348417107458599,0.10765624527117786
4.410999999999808,0.1075067407347017,0.10224091998457793,0.10351238136212944,0.10769294952119836
4.411999999999808,0.10760399516870134,0.10224091536245498,0.10354064966908472,0.10772990254193107
4.412999999999808,0.10770032972940397,0.10224091081312732,0.1035689772852804,0.10776710601947137
4.413999999999809,0.10779572956333498,0.10224090633555435,0.10359736550325127,0.10780456165134256
4.414999999999809,0.10789018010611134,0.10224090192875324,0.10362581561829722,0.10784227114657322
4.415999999999809,0.10798366708861813,0.10224089759179539,0.10365432892854236,0.10788023622577521
4.41699999999981,0.10807617654311882,0.10224089332380415,0.10368290673499432,0.10791845862122224
4.41799999999981,0.1081676948092994,0.10224088912395211,0.10371155034160355,0.10795694007692883
4.41899999999981,0.10825820854024652,0.10224088499145856,0.10374026105532284,0.10799568234872996
4.419999999999811,0.1083477047083604,0.10224088092558738,0.10376904018616695,0.10803468720436109
4.420999999999811,0.10843617061120336,0.10224087692564504,0.10379788904727237,0.10807395642353895
4.421999999999811,0.10852359387728523,0.10224087299097862,0.10382680895495726,0.10811349179804261
4.422999999999812,0.10860996247178613,0.10224086912097394,0.10385580122878148,0.10815329513179531
4.423999999999812,0.10869526470221977,0.10224086531505418,0.10388486719160686,0.10819336824094679
4.424999999999812,0.10877948922403749,0.10224086157267803,0.10391400816965747,0.10823371295395608
4.425999999999813,0.10886262504617539,0.10224085789333875,0.10394322549258021,0.108274331111675
4.426999999999813,0.10894466153654722,0.10224085427656247,0.10397252049350544,0.10831522456743213
4.427999999999813,0.1090255884274843,0.10224085072190736,0.10400189450910784,0.10835639518711736
4.428999999999814,0.10910539582112519,0.10224084722896237,0.10403134887966732,0.10839784484926701
4.429999999999814,0.1091840741947576,0.10224084379734649,0.10406088494913028,0.10843957544514961
4.430999999999814,0.10926161440611477,0.10224084042670753,0.10409050406517088,0.10848158887885215
4.431999999999815,0.10933800769862904,0.10224083711672169,0.10412020757925254,0.10852388706736697
4.432999999999815,0.10941324570664515,0.10224083386709262,0.10414999684668959,0.10856647194067923
4.433999999999815,0.10948732046059559,0.10224083067755084,0.1041798732267091,0.10860934544185494
4.434999999999816,0.10956022439214154,0.10224082754785294,0.10420983808251295,0.10865250952712964
4.435999999999816,0.10963195033928076,0.10224082447778121,0.10423989278134001,0.10869596616599773
4.436999999999816,0.10970249155142647,0.10224082146714296,0.10427003869452849,0.10873971734130221
4.437999999999817,0.10977184169445918,0.10224081851576995,0.10430027719757852,0.10878376504932522
4.438999999999817,0.10983999485575398,0.10224081562351803,0.10433060967021497,0.10882811129987911
4.439999999999817,0.10990694554918695,0.10224081279026641,0.10436103749645036,0.10887275811639822
4.440999999999818,0.10997268872012188,0.10224081001591703,0.10439156206464796,0.10891770753603104
4.441999999999818,0.11003721975038164,0.10224080730039435,0.10442218476758523,0.10896296160973332
4.442999999999818,0.11010053446320563,0.10224080464364421,0.10445290700251735,0.10900852240236159
4.443999999999819,0.11016262912819608,0.10224080204563347,0.1044837301712409,0.10905439199276734
4.444999999999819,0.11022350046625665,0.10224079950634923,0.1045146556801579,0.10910057247389193
4.445999999999819,0.1102831456545249,0.1022407970257976,0.10454568494033999,0.1091470659528621
4.44699999999982,0.11034156233130173,0.1022407946040032,0.10457681936759272,0.10919387455108602
4.44799999999982,0.11039874860098053,0.10224079224100767,0.10460806038252025,0.1092410004043502
4.44899999999982,0.1104547030389777,0.10224078993686865,0.10463940941059015,0.10928844566291684
4.449999999999821,0.11050942469666869,0.10224078769165813,0.10467086788219836,0.10933621249162204
4.450999999999821,0.11056291310633008,0.10224078550546124,0.10470243723273456,0.10938430306997447
4.451999999999821,0.11061516828609201,0.10224078337837406,0.10473411890264762,0.10943271959225494
4.452999999999822,0.1106661907449023,0.10224078131050175,0.10476591433751134,0.10948146426761642
4.453999999999822,0.11071598148750528,0.10224077930195619,0.10479782498809036,0.10953053932018486
4.454999999999822,0.11076454201943804,0.10224077735285382,0.10482985231040642,0.10957994698916075
4.455999999999823,0.11081187435204559,0.1022407754633123,0.10486199776580478,0.10962968952892115
4.456999999999823,0.1108579810075189,0.10224077363344782,0.10489426282102084,0.10967976920912267
4.457999999999823,0.11090286502395674,0.10224077186337159,0.10492664894824713,0.10973018831480501
4.458999999999824,0.11094652996045502,0.10224077015318593,0.10495915762520049,0.10978094914649515
4.459999999999824,0.11098897990222506,0.10224076850298039,0.10499179033518943,0.10983205402031242
4.460999999999824,0.11103021946574368,0.10224076691282706,0.10502454856718188,0.10988350526807411
4.461999999999825,0.11107025380393742,0.1022407653827758,0.10505743381587307,0.10993530523740189
4.462999999999825,0.11110908861140265,0.10224076391284885,0.1050904475817538,0.10998745629182895
4.463999999999825,0.11114673012966422,0.10224076250303539,0.10512359137117881,0.11003996081090776
4.464999999999826,0.11118318515247413,0.10224076115328515,0.1051568666964356,0.11009282119031877
4.465999999999826,0.11121846103115289,0.10224075986350183,0.1051902750758134,0.11014603984197963
4.466999999999826,0.11125256567997457,0.1022407586335362,0.10522381803367241,0.11019961919415523
4.467999999999827,0.111285507581597,0.10224075746317862,0.10525749710051344,0.11025356169156861
4.468999999999827,0.11131729579253977,0.102240756352151,0.10529131381304764,0.11030786979551235
4.4699999999998274,0.11134793994870938,0.10224075530009846,0.1053252697142667,0.11036254598396099
4.470999999999828,0.11137745027097398,0.10224075430658035,0.1053593663535132,0.11041759275168404
4.471999999999828,0.11140583757078734,0.10224075337106107,0.10539360528655135,0.11047301261035988
4.4729999999998284,0.11143311325586273,0.10224075249290031,0.10542798807563794,0.11052880808869027
4.473999999999829,0.11145928933589695,0.10224075167134285,0.10546251628959365,0.11058498173251578
4.474999999999829,0.11148437842834352,0.10224075090550776,0.10549719150387457,0.11064153610493194
4.4759999999998294,0.11150839376423495,0.10224075019437782,0.10553201530064421,0.11069847378640624
4.47699999999983,0.11153134919405272,0.10224074953678765,0.10556698926884554,0.11075579737489576
4.47799999999983,0.11155325919364328,0.10224074893141273,0.1056021150042736,0.1108135094859658
4.4789999999998305,0.11157413887017828,0.10224074837675659,0.1056373941096483,0.11087161275290926
4.479999999999831,0.11159400396815695,0.10224074787113935,0.10567282819468747,0.11093010982686663
4.480999999999831,0.11161287087544736,0.10224074741268474,0.10570841887618039,0.11098900337694712
4.4819999999998315,0.11163075662936366,0.10224074699930767,0.10574416777806156,0.11104829609035037
4.482999999999832,0.11164767892277595,0.1022407466287017,0.10578007653148473,0.11110799067248908
4.483999999999832,0.1116636561102481,0.10224074629832589,0.10581614677489741,0.11116808984711246
4.4849999999998325,0.1116787072142,0.10224074600539232,0.10585238015411556,0.11122859635643048
4.485999999999833,0.11169285193108888,0.10224074574685342,0.10588877832239874,0.11128951296123901
4.486999999999833,0.1117061106376051,0.10224074551938933,0.10592534294052548,0.11135084244104582
4.4879999999998335,0.11171850439687733,0.10224074531939563,0.10596207567686912,0.11141258759419731
4.488999999999834,0.11173005496468084,0.10224074514297138,0.10599897820747392,0.11147475123800632
4.489999999999834,0.11174078479564425,0.10224074498590752,0.10603605221613151,0.1115373362088806
4.4909999999998345,0.11175071704944851,0.10224074484367586,0.10607329939445773,0.1116003453624522
4.491999999999835,0.1117598755970123,0.10224074471141822,0.10611072144196984,0.11166378157370789
4.492999999999835,0.11176828502665774,0.10224074458393691,0.10614832006616404,0.1117276477371202
4.4939999999998355,0.11177597065025158,0.1022407444556853,0.10618609698259338,0.11179194676677959
4.494999999999836,0.11178295850931508,0.1022407443207597,0.10622405391494603,0.11185668159652734
4.495999999999836,0.11178927538109817,0.10224074417289199,0.10626219259512398,0.1119218551800895
4.4969999999998365,0.11179494878461131,0.10224074400544321,0.10630051476332197,0.11198747049121155
4.497999999999837,0.11180000698661145,0.10224074381139858,0.10633902216810698,0.11205353052379419
4.498999999999837,0.11180447900753675,0.10224074358336364,0.10637771656649798,0.11212003829202993
4.4999999999998375,0.11180839462738505,0.10224074331356146,0.1064165997240461,0.11218699683054055
4.500999999999838,0.11181178439153351,0.1022407429938319,0.10645567341491517,0.11225440919451564
4.501999999999838,0.1118146796164949,0.10224074261563203,0.1064949394219627,0.11232227845985196
4.5029999999998385,0.11181711239560742,0.10224074217003819,0.10653439953682123,0.11239060772329382
4.503999999999839,0.11181911560465604,0.10224074164775009,0.10657405555998005,0.11245940010257435
4.504999999999839,0.11182072290742232,0.10224074103909679,0.10661390930086737,0.11252865873655775
4.5059999999998395,0.11182196876116124,0.10224074033404448,0.10665396257793289,0.11259838678538257
4.50699999999984,0.11182288842200366,0.10224073952220664,0.10669421721873076,0.11266858743060582
4.50799999999984,0.11182351795028336,0.10224073859285618,0.10673467506000299,0.1127392638753482
4.5089999999998405,0.1118238942157875,0.10224073753494023,0.1067753379477632,0.11281041934444022
4.509999999999841,0.11182405490293103,0.10224073633709727,0.10681620773738089,0.11288205708456932
4.510999999999841,0.11182403851585379,0.1022407349876769,0.10685728629366611,0.11295418036442809
4.5119999999998415,0.11182388438344133,0.10224073347476242,0.10689857549095456,0.11302679247486334
4.512999999999842,0.1118236326642692,0.10224073178619628,0.10694007721319304,0.1130998967290263
4.513999999999842,0.11182332435147069,0.10224072990960861,0.10698179335402548,0.11317349646252377
4.5149999999998425,0.11182300127752881,0.10224072783244899,0.1070237258168793,0.11324759503357029
4.515999999999843,0.1118226029462241,0.10224072359174592,0.10706565827973312,0.11325736138823142
4.516999999999843,0.11182221428358771,0.10224074061843265,0.10710737442056556,0.11326719393639884
4.5179999999998435,0.1118218350643959,0.10224082116366476,0.10714887614280404,0.11327709312671283
4.518999999999844,0.11182146506850904,0.10224100660615022,0.10719016534009249,0.11328705941085447
4.519999999999844,0.11182110408075134,0.10224133745784558,0.10723124389637771,0.11329709324356617
4.5209999999998445,0.11182075189079384,0.10224185336978658,0.1072721136859954,0.11330719508267245
4.521999999999845,0.11182040829303998,0.10224259313803927,0.10731277657375561,0.11331736538910087
4.522999999999845,0.11182007308651397,0.10224359470975729,0.10735323441502784,0.11332760462690294
4.5239999999998455,0.1118197460747523,0.10224489518933458,0.10739348905582573,0.11333791326327547
4.524999999999846,0.11181942706569727,0.10224653084463908,0.10743354233289125,0.1133482917685817
4.525999999999846,0.11181911587159385,0.10224853711331895,0.10747339607377858,0.11335874061637295
4.5269999999998465,0.11181881230888854,0.10225094860916904,0.1075130520969374,0.11336926028341007
4.527999999999847,0.11181851619813092,0.10225379912854929,0.10755251221179593,0.11337985124968528
4.528999999999847,0.11181822736387778,0.10225712165684558,0.10759177821884347,0.11339051399844403
4.5299999999998475,0.11181794563459913,0.10226094837496555,0.10763085190971254,0.11340124901620709
4.530999999999848,0.11181767084258722,0.1022653106658605,0.10766973506726066,0.1134120567927927
4.531999999999848,0.11181740282386708,0.10227023912106913,0.10770842946565166,0.11342293782133898
4.5329999999998485,0.11181714141810965,0.10227576354727441,0.10774693687043668,0.11343389259832637
4.533999999999849,0.11181688646854696,0.1022819129728694,0.10778525903863467,0.11344492162360031
4.534999999999849,0.11181663782188939,0.10228871565452699,0.10782339771881261,0.11345602540039404
4.5359999999998495,0.11181639532824497,0.10229619908376905,0.10786135465116527,0.11346720443535162
4.53699999999985,0.11181615884104071,0.10230438999353067,0.10789913156759462,0.11347845923855092
4.53799999999985,0.11181592821694586,0.10231331436471677,0.10793673019178882,0.11348979032352702
4.5389999999998505,0.111815703315797,0.10232299743274795,0.10797415223930093,0.11350119820729557
4.539999999999851,0.1118154840005255,0.10233346369409324,0.10801139941762716,0.11351268341037642
4.540999999999851,0.11181527013708596,0.10234473691278702,0.10804847342628475,0.11352424645681733
4.5419999999998515,0.11181506159438744,0.10235684012692965,0.10808537595688955,0.11353588787421792
4.542999999999852,0.11181485824422605,0.10236979565516949,0.1081221086932332,0.11354760819375373
4.543999999999852,0.11181465996121911,0.1023836251031655,0.10815867331135995,0.11355940795020042
4.5449999999998525,0.11181446662274167,0.10239834937003073,0.10819507147964312,0.11357128768195823
4.545999999999853,0.11181427810886409,0.10241398865475414,0.10823130485886129,0.11358324793107655
4.546999999999853,0.11181409430229186,0.10243056246260338,0.10826737510227398,0.11359528924327855
4.5479999999998535,0.11181391508830694,0.10244808961150552,0.10830328385569717,0.1136074121679862
4.548999999999854,0.11181374035471064,0.10246658823840908,0.10833903275757835,0.1136196172583453
4.549999999999854,0.11181356999176822,0.10248607580562444,0.10837462343907128,0.11363190507125068
4.5509999999998545,0.11181340389215519,0.10250656910714592,0.10841005752411045,0.11364427616737166
4.551999999999855,0.11181324195090503,0.10252808427495459,0.10844533662948513,0.11365673111117759
4.552999999999855,0.11181308406535852,0.10255063678530253,0.1084804623649132,0.11366927047096367
4.5539999999998555,0.11181293013511462,0.10257424146497993,0.10851543633311453,0.11368189481887683
4.554999999999856,0.11181278006198284,0.10259891249756496,0.10855026012988415,0.1136946047309418
4.555999999999856,0.1118126337499368,0.10262466342965813,0.10858493534416509,0.1137074007870875
4.5569999999998565,0.11181249110506963,0.10265150717710067,0.1086194635581208,0.11372028357117342
4.557999999999857,0.11181235203555046,0.10267945603117874,0.10865384634720739,0.11373325367101622
4.558999999999857,0.1118122164515821,0.10270852166481363,0.10868808528024554,0.11374631167841669
4.5599999999998575,0.11181208426536046,0.10273871513873865,0.10872218191949205,0.11375945818918665
4.560999999999858,0.11181195539103461,0.10277004690766357,0.10875613782071111,0.11377269380317614
4.561999999999858,0.11181182974466888,0.10280252682642647,0.10878995453324532,0.11378601912430081
4.5629999999998585,0.11181170724420489,0.1028361641561342,0.10882363360008634,0.1137994347605695
4.563999999999859,0.11181158780942597,0.10287096757029164,0.10885717655794537,0.11381294132411195
4.564999999999859,0.11181147136192178,0.10290694516091918,0.10889058493732318,0.1138265394312067
4.5659999999998595,0.11181135782505432,0.10294410444466032,0.10892386026257997,0.11384022970230928
4.56699999999986,0.11181124712392469,0.10298245236887749,0.10895700405200498,0.11385401276208049
4.56799999999986,0.11181113918534112,0.10302199531773731,0.1089900178178857,0.11386788923941489
4.5689999999998605,0.11181103393778734,0.10306273911828541,0.1090229030665769,0.1138818597674695
4.569999999999861,0.11181093131139222,0.1031046890465096,0.10905566129856936,0.11389592498369273
4.570999999999861,0.11181083123790007,0.10314784983339143,0.1090882940085583,0.11391008552985335
4.5719999999998615,0.11181073365064163,0.10319222567094688,0.10912080268551165,0.11392434205206993
4.572999999999862,0.11181063848450577,0.10323782021825387,0.10915318881273794,0.1139386952008402
4.573999999999862,0.11181054567591181,0.10328463660746769,0.10918545386795399,0.11395314563107077
4.5749999999998625,0.11181045516278258,0.10333267744982275,0.10921759932335233,0.11396769400210707
4.575999999999863,0.11181036688451791,0.10338194484162061,0.1092496266456684,0.11398234097776333
4.576999999999863,0.11181028078196868,0.10343244037020309,0.10928153729624741,0.11399708722635293
4.5779999999998635,0.11181019679741142,0.10348416511991011,0.10931333273111114,0.11401193342071891
4.578999999999864,0.11181011487452341,0.10353711967802112,0.10934501440102422,0.11402688023826459
4.579999999999864,0.11181003495835816,0.10359130414067969,0.10937658375156044,0.11404192836098458
4.5809999999998645,0.11180995699532119,0.10364671811879954,0.10940804222316866,0.11405707847549583
4.581999999999865,0.11180988093314627,0.10370336074395256,0.10943939125123855,0.11407233127306897
4.582999999999865,0.11180980672087226,0.10376123067423612,0.1094706322661661,0.11408768744965989
4.5839999999998655,0.1118097343088197,0.1038203261001201,0.10950176669341885,0.11410314770594146
4.584999999999866,0.11180966364856831,0.10388064475027249,0.10953279595360094,0.11411871274733547
4.585999999999866,0.11180959469293418,0.1039421838973618,0.10956372146251794,0.11413438328404489
4.5869999999998665,0.11180952739594807,0.10400494036383641,0.1095945446312415,0.11415016003108627
4.587999999999867,0.11180946171283258,0.10406891052767935,0.10962526686617362,0.11416604370832224
4.588999999999867,0.11180939759998122,0.10413409032813808,0.1096558895691109,0.11418203504049453
4.5899999999998675,0.11180933501493634,0.10420047527142812,0.10968641413730851,0.11419813475725692
4.590999999999868,0.11180927391636776,0.1042680604364095,0.10971684196354389,0.11421434359320859
4.591999999999868,0.11180921426405188,0.10433684048023645,0.10974717443618036,0.11423066228792761
4.5929999999998685,0.11180915601885028,0.10440680964397824,0.1097774129392304,0.1142470915860047
4.593999999999869,0.11180909914268923,0.10447796175821152,0.10980755885241889,0.11426363223707718
4.594999999999869,0.11180904359853883,0.10455029024858353,0.10983761355124594,0.11428028499586322
4.5959999999998695,0.1118089893503925,0.10462378814134538,0.1098675784070498,0.11429705062219624
4.59699999999987,0.11180893636324656,0.10469844806885566,0.10989745478706933,0.11431392988105958
4.59799999999987,0.11180888460308017,0.10477426227505332,0.10992724405450638,0.11433092354262142
4.5989999999998705,0.11180883403683496,0.104851222620901,0.10995694756858804,0.11434803238226993
4.599999999999871,0.11180878463239553,0.10492932058979723,0.10998656668462865,0.1143652571806486
4.600999999999871,0.1118087363585691,0.1050085472929589,0.11001610275409163,0.11438259872369196
4.6019999999998715,0.11180868918506627,0.10508889347477395,0.11004555712465111,0.11440005780266127
4.602999999999872,0.11180864308248138,0.10517034951812407,0.11007493114025349,0.11441763521418083
4.603999999999872,0.11180859802227322,0.10525290544967875,0.11010422614117872,0.11443533176027418
4.6049999999998725,0.11180855397674562,0.10533655094516109,0.11013344346410146,0.11445314824840075
4.605999999999873,0.11180851091902866,0.10542127533458566,0.11016258444215209,0.1144710854914927
4.606999999999873,0.11180846882305943,0.1055070676074708,0.11019165040497747,0.114489144307992
4.6079999999998735,0.11180842766356373,0.10559391641802471,0.1102206426788017,0.11450732552188775
4.608999999999874,0.11180838741603705,0.10568181009030825,0.1102495625864866,0.1145256299627539
4.609999999999874,0.11180834805672632,0.10577073662337472,0.11027841144759203,0.11454405846578689
4.6109999999998745,0.11180830956261183,0.1058606836963894,0.11030719057843613,0.11456261187184397
4.611999999999875,0.11180827191138891,0.10595163867372949,0.11033590129215542,0.11458129102748145
4.612999999999875,0.1118082350814502,0.10604358861006742,0.11036454489876465,0.11460009678499332
4.6139999999998755,0.11180819905186802,0.10613652025543899,0.11039312270521662,0.11461903000245023
4.614999999999876,0.11180816380237647,0.1062304200602991,0.11042163601546176,0.11463809154373852
4.615999999999876,0.11180812931335478,0.10632527418056689,0.11045008613050769,0.11465728227859975
4.6169999999998765,0.11180809556580963,0.10642106848266394,0.11047847434847856,0.11467660308267032
4.617999999999877,0.11180806254135862,0.10651778854854653,0.11050680196467426,0.1146960548375214
4.618999999999877,0.1118080302222135,0.10661541968073664,0.11053507027162955,0.11471563843069929
4.6199999999998775,0.11180799859116371,0.1067139469073534,0.110563280559173,0.11473535475576568
4.620999999999878,0.1118079676315602,0.10681335498714793,0.11059143411448587,0.11475520471233867
4.621999999999878,0.11180793732729946,0.10691362841454592,0.11061953222216087,0.11477518920613368
4.6229999999998785,0.1118079076628079,0.10701475142469928,0.1106475761642607,0.11479530914900479
4.623999999999879,0.11180787862302609,0.10711670799855164,0.11067556722037662,0.11481556545898638
4.624999999999879,0.11180785019339388,0.10721948186791982,0.11070350666768679,0.11483595906033499
4.6259999999998795,0.11180782235983526,0.1073230565205952,0.11073139578101455,0.11485649088357151
4.62699999999988,0.1118077951087436,0.10742741520546747,0.11075923583288662,0.1148771618655236
4.62799999999988,0.11180776842696759,0.10753254093767484,0.11078702809359112,0.11489797294936852
4.6289999999998805,0.11180774230179666,0.10763841650378216,0.11081477383123556,0.11491892508467606
4.629999999999881,0.11180771672094728,0.10774502446699212,0.11084247431180469,0.11494001922745194
4.630999999999881,0.11180769167254974,0.10785234717239037,0.11087013079921826,0.1149612563401814
4.6319999999998815,0.1118076671451344,0.10796036675222806,0.11089774455538871,0.11498263739187313
4.632999999999882,0.11180764312761926,0.1080690651312446,0.11092531684027873,0.11500416335810347
4.633999999999882,0.11180761960929682,0.1081784240320324,0.11095284891195875,0.11502583522106095
4.6349999999998825,0.11180759657982248,0.10828842498044566,0.11098034202666436,0.1150476539695911
4.635999999999883,0.1118075740292018,0.10839904931105548,0.11100779743885361,0.1150696205992415
4.636999999999883,0.11180755194777978,0.1085102781726523,0.11103521640126424,0.11509173611230729
4.6379999999998835,0.11180753032622866,0.1086220925337971,0.11106260016497088,0.1151140015178769
4.638999999999884,0.11180750915553797,0.1087344731884223,0.1110899499794421,0.11513641783187804
4.639999999999884,0.11180748842700354,0.1088474007614828,0.11111726709259746,0.11515898607712409
4.6409999999998846,0.11180746813221733,0.10896085571465684,0.11114455275086438,0.11518170728336076
4.641999999999885,0.11180744826305812,0.10907481835209734,0.11117180819923507,0.11520458248731309
4.642999999999885,0.11180742881168193,0.10918926882623217,0.11119903468132332,0.1152276127327327
4.6439999999998856,0.11180740977051336,0.10930418714361242,0.11122623343942124,0.1152507990704455
4.644999999999886,0.11180739113223714,0.10941955317080736,0.11125340571455596,0.11527414255839954
4.645999999999886,0.11180737288979016,0.10953534664034349,0.11128055274654625,0.11529764426171342
4.6469999999998866,0.11180735503635424,0.10965154715668576,0.11130767577405905,0.11532130525272472
4.647999999999887,0.11180733756534891,0.10976813420225688,0.11133477603466604,0.11534512661103903
4.648999999999887,0.11180732047042545,0.10988508714349234,0.11136185476490011,0.11536910942357924
4.649999999999888,0.11180730374546066,0.11000238523692582,0.11138891320031175,0.11539325478463502
4.650999999999888,0.111807287384552,0.11012000763530168,0.11141595257552539,0.11541756379591286
4.651999999999888,0.11180727138201264,0.1102379333937076,0.11144297412429585,0.11544203756658629
4.652999999999889,0.11180725573236776,0.11035614147572317,0.11146997907956452,0.11546667721334647
4.653999999999889,0.11180724043035105,0.1104746107595779,0.11149696867351566,0.11549148386045317
4.654999999999889,0.11180722547090231,0.11059332004431076,0.11152394413763266,0.11551645863978613
4.65599999999989,0.11180721084916535,0.11071224805592515,0.11155090670275415,0.11554160269089656
4.65699999999989,0.11180719656048707,0.11083137345353088,0.11157785759913023,0.11556691716105924
4.65799999999989,0.11180718260041736,0.1109506748354643,0.11160479805647856,0.11559240320532486
4.658999999999891,0.11180716896470937,0.11107013074537853,0.11163172930404051,0.11561806198657272
4.659999999999891,0.1118071556493213,0.11118971967829289,0.1116586525706372,0.11564389467556373
4.660999999999891,0.11180714265041874,0.1113094200865929,0.11168556908472561,0.11566990245099391
4.661999999999892,0.11180712996437828,0.11142921038596872,0.1117124800744546,0.11569608649954813
4.662999999999892,0.11180711758779178,0.11154906896128183,0.11173938676772098,0.11572244801595426
4.663999999999892,0.11180710551747226,0.11166897417234782,0.11176629039222552,0.1157489882030377
4.664999999999893,0.11180709375046041,0.11178890435962226,0.11179319217552895,0.11577570827177622
4.665999999999893,0.11180708228403259,0.11190883784977836,0.11182009334510802,0.11580260944135529
4.666999999999893,0.11180707111321564,0.11202875314112216,0.11184699512841147,0.11582969293922364
4.667999999999894,0.11180706022822999,0.11214862909513026,0.111873898752916,0.11585696000114928
4.668999999999894,0.11180704961718245,0.11226844474924583,0.1119008054461824,0.11588441187127593
4.669999999999894,0.111807039268685,0.112388179133256,0.11192771643591139,0.1159120498021797
4.670999999999895,0.11180702917184118,0.11250781127447347,0.11195463294999979,0.11593987505492633
4.671999999999895,0.11180701931623253,0.11262732020301207,0.11198155621659647,0.1159678888991287
4.672999999999895,0.11180700969190462,0.1127466849571581,0.11200848746415841,0.11599609261300473
4.673999999999896,0.11180700028935266,0.11286588458883731,0.11203542792150674,0.11602448748343576
4.674999999999896,0.11180699109950752,0.11298489816917885,0.11206237881788282,0.11605307480602524
4.675999999999896,0.11180698211372075,0.11310370479417495,0.11208934138300432,0.1160818558851578
4.676999999999897,0.11180697332375045,0.11322228359043698,0.11211631684712133,0.11611083203405886
4.677999999999897,0.11180696472174681,0.11334061372104554,0.11214330644107248,0.11614000457485445
4.678999999999897,0.11180695630023742,0.11345867439149424,0.11217031139634115,0.11616937483863161
4.679999999999898,0.1118069480521131,0.11357644485572396,0.11219733294511161,0.11619894416549911
4.680999999999898,0.11180693997061383,0.11369390442224613,0.11222437232032526,0.11622871390464856
4.681999999999898,0.11180693204931468,0.11381103246035196,0.11225143075573688,0.11625868541441603
4.682999999999899,0.11180692428211202,0.11392780840640396,0.11227850948597094,0.11628886006234397
4.683999999999899,0.11180691666321001,0.11404421177020657,0.11230560974657794,0.11631923922524365
4.684999999999899,0.11180690918710766,0.11416022214145193,0.11233273277409074,0.11634982428925796
4.6859999999999,0.11180690184858551,0.11427581919623588,0.11235987980608103,0.11638061664992465
4.6869999999999,0.11180689464269347,0.11439098270364079,0.11238705208121576,0.11641161771224004
4.6879999999999,0.11180688756473824,0.11450569253237855,0.11241425083931368,0.1164428288907231
4.688999999999901,0.11180688061027144,0.11461992865749042,0.11244147732140193,0.11647425160948
4.689999999999901,0.11180687377507846,0.11473367116709708,0.11246873276977261,0.11650588730226905
4.690999999999901,0.11180686705516686,0.114846900269194,0.11249601842803952,0.1165377374125662
4.691999999999902,0.11180686044675585,0.1149595962984859,0.11252333554119488,0.11656980339363086
4.692999999999902,0.1118068539462658,0.11507173972325527,0.11255068535566612,0.1166020867085722
4.693999999999902,0.11180684755030827,0.11518331115225816,0.11257806911937276,0.11663458883041587
4.694999999999903,0.11180684125567639,0.11529429134164232,0.11260548808178339,0.11666731124217133
4.695999999999903,0.11180683505933543,0.11540466120188032,0.11263294349397263,0.11670025543689942
4.696999999999903,0.1118068289584143,0.11551440180471395,0.11266043660867824,0.11673342291778051
4.697999999999904,0.11180682295019667,0.11562349439010144,0.11268796868035827,0.11676681519818308
4.698999999999904,0.11180681703211312,0.1157319203731639,0.1127155409652483,0.11680043380173277
4.699999999999904,0.11180681120173307,0.11583966135112433,0.11274315472141876,0.11683428026238195
4.700999999999905,0.11180680545675765,0.11594669911023374,0.11277081120883234,0.11686835612447966
4.701999999999905,0.1118067997950125,0.11605301563267979,0.11279851168940147,0.11690266294284204
4.702999999999905,0.11180679421444079,0.11615859310347197,0.11282625742704591,0.11693720228282338
4.703999999999906,0.11180678871309728,0.11626341391729926,0.11285404968775042,0.11697197572038748
4.704999999999906,0.11180678328914183,0.11636746068535538,0.1128818897396225,0.11700698484217953
4.705999999999906,0.11180677794083363,0.11647071624212692,0.11290977885295027,0.11704223124559855
4.706999999999907,0.11180677266652587,0.11657316365214175,0.11293771830026043,0.11707771653887027
4.707999999999907,0.11180676746466024,0.11667478621667209,0.11296570935637636,0.11711344234112053
4.708999999999907,0.11180676233376234,0.11677556748039056,0.1129937532984762,0.1171494102824491
4.709999999999908,0.11180675727243665,0.11687549123797504,0.1130218514061512,0.11718562200400409
4.710999999999908,0.1118067522793623,0.11697454154066045,0.11305000496146407,0.11722207915805684
4.711999999999908,0.1118067473532888,0.11707270270273441,0.1130782152490075,0.11725878340807733
4.712999999999909,0.1118067424930321,0.11716995930797502,0.11310648355596278,0.11729573642881003
4.713999999999909,0.11180673769747097,0.1172662962160296,0.11313481117215848,0.11733293990635034
4.714999999999909,0.11180673296554329,0.11736169856873163,0.11316319939012937,0.11737039553822153
4.71599999999991,0.1118067282962429,0.11745615179635656,0.11319164950517531,0.11740810503345218
4.71699999999991,0.1118067236886165,0.11754964162381439,0.11322016281542045,0.11744607011265416
4.71799999999991,0.11180671914176063,0.11764215407677939,0.11324874062187242,0.11748429250810119
4.718999999999911,0.11180671465481909,0.11773367548775654,0.11327738422848165,0.11752277396380778
4.719999999999911,0.11180671022698035,0.11782419250208474,0.11330609494220094,0.11756151623560888
4.720999999999911,0.11180670585747517,0.11791369208387764,0.11333487407304506,0.11760052109124003
4.721999999999912,0.1118067015455742,0.11800216152190218,0.11336372293415048,0.11763979031041788
4.722999999999912,0.1118066972905863,0.11808958843539637,0.11339264284183538,0.11767932568492155
4.723999999999912,0.11180669309185619,0.11817596077982691,0.11342163511565961,0.11771912901867425
4.724999999999913,0.1118066889487631,0.11826126685258827,0.113450701078485,0.11775920212782573
4.725999999999913,0.11180668486071875,0.1183454952986448,0.11347984205653561,0.11779954684083502
4.726999999999913,0.1118066808271659,0.11842863511611741,0.11350905937945835,0.11784016499855393
4.727999999999914,0.11180667684757736,0.11851067566181654,0.1135383543803836,0.11788105845431107
4.728999999999914,0.11180667292145405,0.11859160665672391,0.11356772839598599,0.11792222907399628
4.729999999999914,0.1118066690483243,0.1186714181914244,0.11359718276654547,0.11796367873614592
4.730999999999915,0.1118066652277425,0.11875010073149095,0.11362671883600843,0.11800540933202852
4.731999999999915,0.11180666145928828,0.1188276451228243,0.11365633795204905,0.11804742276573107
4.732999999999915,0.11180665774256537,0.11890404259695027,0.11368604146613072,0.1180897209542459
4.733999999999916,0.11180665407720104,0.11897928477627635,0.11371583073356777,0.11813230582755815
4.734999999999916,0.111806650462845,0.11905336367931128,0.1137457071135873,0.11817517932873386
4.735999999999916,0.11180664689916897,0.11912627172584854,0.11377567196939116,0.11821834341400858
4.736999999999917,0.11180664338586568,0.1191980017421176,0.11380572666821821,0.11826180005287666
4.737999999999917,0.11180663992264857,0.11926854696590493,0.11383587258140669,0.11830555122818114
4.738999999999917,0.11180663650925085,0.119337901051647,0.11386611108445673,0.11834959893620414
4.739999999999918,0.1118066331454251,0.11940605807549871,0.11389644355709319,0.11839394518675805
4.740999999999918,0.11180662983094274,0.11947301254037875,0.11392687138332856,0.11843859200327714
4.741999999999918,0.11180662656559301,0.11953875938099535,0.11395739595152617,0.11848354142290995
4.742999999999919,0.11180662334918284,0.11960329396885425,0.11398801865446345,0.11852879549661224
4.743999999999919,0.11180662018153588,0.11966661211725213,0.11401874088939558,0.11857435628924051
4.744999999999919,0.11180661706249179,0.1197287100862571,0.11404956405811913,0.11862022587964625
4.74599999999992,0.11180661399190574,0.11978958458767984,0.11408048956703615,0.11866640636077086
4.74699999999992,0.11180661096964718,0.11984923279003697,0.11411151882721823,0.11871289983974102
4.74799999999992,0.1118066079955991,0.11990765232350933,0.11414265325447098,0.11875970843796495
4.748999999999921,0.11180660506965684,0.11996484128489851,0.11417389426939853,0.11880683429122912
4.749999999999921,0.11180660219172718,0.12002079824258231,0.11420524329746842,0.11885427954979577
4.750999999999921,0.11180659936172666,0.1200755222414738,0.11423670176907663,0.11890204637850095
4.751999999999922,0.11180659657958021,0.12012901280798421,0.11426827111961284,0.11895013695685339
4.752999999999922,0.11180659384521954,0.12018126995499392,0.11429995278952591,0.11899855347913386
4.753999999999922,0.11180659115858121,0.12023229418683305,0.11433174822438964,0.11904729815449536
4.754999999999923,0.11180658851960443,0.12028208650427419,0.11436365887496867,0.1190963732070638
4.755999999999923,0.11180658592822887,0.12033064840953953,0.11439568619728475,0.11914578087603969
4.756999999999923,0.11180658338439184,0.12037798191132604,0.11442783165268311,0.1191955234158001
4.757999999999924,0.11180658088802568,0.12042408952984891,0.11446009670789917,0.11924560309600162
4.758999999999924,0.11180657843905423,0.12046897430190788,0.11449248283512546,0.11929602220168394
4.759999999999924,0.11180657603738968,0.12051263978597769,0.11452499151207882,0.11934678303337408
4.760999999999925,0.11180657368292848,0.12055509006732482,0.11455762422206776,0.11939788790719134
4.761999999999925,0.11180657137554717,0.12059632976315368,0.11459038245406022,0.11944933915495304
4.762999999999925,0.11180656911509791,0.12063636402778409,0.11462326770275143,0.11950113912428083
4.763999999999926,0.11180656690140352,0.12067519855786189,0.11465628146863216,0.11955329017870787
4.764999999999926,0.11180656473425193,0.12071283959760566,0.11468942525805718,0.1196057946977867
4.765999999999926,0.11180656261339066,0.12074929394409084,0.11472270058331399,0.11965865507719772
4.766999999999927,0.11180656053852042,0.12078456895257339,0.1147561089626918,0.11971187372885858
4.767999999999927,0.11180655850928875,0.12081867254185537,0.11478965192055082,0.1197654530810342
4.768999999999927,0.11180655652528262,0.1208516131996929,0.11482333098739185,0.11981939557844758
4.769999999999928,0.11180655458602114,0.1208833999882487,0.11485714769992605,0.11987370368239131
4.770999999999928,0.11180655269094751,0.1209140425495909,0.11489110360114511,0.11992837987083994
4.771999999999928,0.11180655083942066,0.12094355111123775,0.11492520024039163,0.11998342663856301
4.772999999999929,0.11180654903070647,0.12097193649175038,0.11495943917342978,0.12003884649723885
4.773999999999929,0.11180654726396823,0.12099921010637293,0.11499382196251637,0.12009464197556922
4.774999999999929,0.11180654553825742,0.12102538397272099,0.11502835017647207,0.12015081561939472
4.77599999999993,0.1118065438525032,0.1210504707165179,0.115063025390753,0.12020736999181089
4.77699999999993,0.11180654220550215,0.12107448357737759,0.11509784918752264,0.12026430767328518
4.77799999999993,0.11180654059590749,0.12109743641463482,0.11513282315572398,0.12032163126177471
4.778999999999931,0.1118065390222178,0.12111934371321928,0.11516794889115206,0.12037934337284477
4.779999999999931,0.11180653748276559,0.12114022058957342,0.11520322799652676,0.12043744663978821
4.780999999999931,0.11180653597570576,0.12116008279761137,0.11523866208156593,0.12049594371374557
4.781999999999932,0.11180653449900371,0.12117894673471627,0.11527425276305885,0.12055483726382606
4.782999999999932,0.11180653305042304,0.12119682944777285,0.11531000166494002,0.12061412997722931
4.783999999999932,0.11180653162751376,0.12121374863923265,0.1153459104183632,0.12067382455936804
4.784999999999933,0.11180653022759975,0.1212297226732074,0.11538198066177588,0.1207339237339914
4.785999999999933,0.11180652884776678,0.12124477058158661,0.11541821404099405,0.12079443024330944
4.786999999999933,0.11180652748485047,0.12125891207017536,0.11545461220927722,0.12085534684811797
4.787999999999934,0.11180652613542397,0.12127216752484678,0.11549117682740397,0.12091667632792477
4.788999999999934,0.11180652479578666,0.12128455801770523,0.11552790956374762,0.12097842148107626
4.789999999999934,0.11180652346195258,0.12129610531325381,0.11556481209435242,0.12104058512488527
4.790999999999935,0.11180652212963921,0.12130683187456169,0.11560188610301,0.12110317009575955
4.791999999999935,0.11180652079425732,0.12131676086942567,0.11563913328133624,0.12116617924933117
4.792999999999935,0.11180651945090053,0.12132591617651955,0.11567655532884835,0.12122961546058685
4.793999999999936,0.1118065180943364,0.12133432239152744,0.11571415395304256,0.12129348162399917
4.794999999999936,0.11180651671899763,0.12134200483325339,0.11575193086947191,0.12135778065365856
4.795999999999936,0.11180651531897434,0.12134898954970377,0.11578988780182457,0.12142251548340631
4.796999999999937,0.1118065138880075,0.1213553033241363,0.11582802648200252,0.12148768906696847
4.797999999999937,0.11180651241948288,0.12136097368107047,0.11586634865020051,0.1215533043780905
4.798999999999937,0.11180651090642688,0.12136602889225558,0.11590485605498553,0.12161936441067316
4.799999999999938,0.11180650934150292,0.12137049798259127,0.11594355045337654,0.1216858721789089
4.800999999999938,0.11180650771700973,0.12137441073599613,0.11598243361092465,0.12175283071741952
4.801999999999938,0.11180650602488075,0.12137779770122208,0.11602150730179372,0.12182024308139461
4.802999999999939,0.11180650425668527,0.12138069019760955,0.11606077330884126,0.12188811234673093
4.803999999999939,0.1118065024036313,0.12138312032078219,0.1161002334236998,0.12195644161017279
4.804999999999939,0.1118065004565701,0.12138512094827747,0.11613988944685863,0.12202523398945332
4.80599999999994,0.11180649840600286,0.12138672574511203,0.11617974318774596,0.12209449262343675
4.80699999999994,0.11180649624208898,0.12138796916927988,0.11621979646481148,0.12216422067226156
4.80799999999994,0.11180649395465703,0.12138888647718268,0.11626005110560937,0.12223442131748481
4.808999999999941,0.11180649153321749,0.12138951372899062,0.1163005089468816,0.12230509776222719
4.809999999999941,0.11180648896697838,0.12138988779393463,0.11634117183464181,0.1223762532313192
4.810999999999941,0.11180648624486274,0.12139004635552869,0.1163820416242595,0.1224478909714483
4.811999999999942,0.11180648335552945,0.12139002791672367,0.11642312018054474,0.12252001425130707
4.812999999999942,0.11180648028739645,0.12138987180499161,0.1164644093778332,0.12259262636174234
4.813999999999942,0.11180647702866672,0.12138961817734224,0.11650591110007168,0.1226657306159053
4.814999999999943,0.11180647356735812,0.1213893080252718,0.11654762724090412,0.12273933034940276
4.815999999999943,0.11180646989133525,0.12138898317964404,0.11658955970375794,0.12281342892044929
4.816999999999943,0.11180646174143528,0.12138858240107961,0.11663149216661176,0.1228231952751104
4.817999999999944,0.1118064750106664,0.12138819132969386,0.1166732083074442,0.12283302782327782
4.818999999999944,0.11180655194817807,0.12138780973942076,0.11671471002968267,0.12284292701359181
4.819999999999944,0.11180673393050156,0.12138743740929309,0.11675599922697112,0.12285289329773347
4.820999999999945,0.1118070614671674,0.12138707412332315,0.11679707778325636,0.12286292713044517
4.821999999999945,0.11180757420647051,0.12138671967038651,0.11683794757287407,0.12287302896955146
4.822999999999945,0.11180831094136774,0.12138637384410822,0.11687861046063427,0.12288319927597988
4.823999999999946,0.11180930961549398,0.12138603644275199,0.1169190683019065,0.12289343851378196
4.824999999999946,0.11181060732928248,0.12138570726911199,0.11695932294270439,0.12290374715015447
4.825999999999946,0.11181224034617795,0.12138538613040735,0.11699937621976993,0.12291412565546071
4.826999999999947,0.11181424409892958,0.1213850728381786,0.11703922996065726,0.12292457450325196
4.827999999999947,0.11181665319595391,0.12138476720818789,0.11707888598381609,0.1229350941702891
4.828999999999947,0.11181950142775664,0.12138446906031991,0.11711834609867464,0.12294568513656431
4.829999999999948,0.11182282177340411,0.12138417821848664,0.11715761210572218,0.12295634788532307
4.830999999999948,0.11182664640703574,0.12138389451053368,0.11719668579659126,0.12296708290308614
4.831999999999948,0.11183100670440986,0.1213836177681486,0.11723556895413938,0.12297789067967176
4.832999999999949,0.11183593324947404,0.12138334782677235,0.11727426335253038,0.12298877170821804
4.833999999999949,0.1118414558409555,0.12138308452551172,0.1173127707573154,0.12299972648520542
4.834999999999949,0.11184760349896318,0.1213828277070547,0.1173510929255134,0.12301075551047937
4.83599999999995,0.11185440447159764,0.1213825772175875,0.11738923160569134,0.1230218592872731
4.83699999999995,0.11186188624156296,0.12138233290671357,0.117427188538044,0.12303303832223067
4.83799999999995,0.11187007553277696,0.1213820946273748,0.11746496545447335,0.12304429312542998
4.838999999999951,0.11187899831697479,0.12138186223577435,0.11750256407866756,0.12305562421040608
4.839999999999951,0.11188867982030389,0.12138163559130168,0.11753998612617969,0.12306703209417465
4.840999999999951,0.11189914452990624,0.12138141455645897,0.11757723330450592,0.1230785172972555
4.841999999999952,0.11191041620048606,0.12138119899679015,0.11761430731316352,0.12309008034369642
4.842999999999952,0.1119225178608607,0.12138098878081074,0.11765120984376833,0.12310172176109702
4.843999999999952,0.1119354718204929,0.12138078377994044,0.11768794258011198,0.12311344208063282
4.844999999999953,0.11194929967600317,0.12138058386843678,0.11772450719823872,0.12312524183707951
4.845999999999953,0.11196402231766132,0.12138038892333083,0.1177609053665219,0.12313712156883733
4.846999999999953,0.11197965993585618,0.1213801988243647,0.11779713874574006,0.12314908181795564
4.847999999999954,0.11199623202754316,0.1213800134539304,0.11783320898915275,0.12316112313015765
4.848999999999954,0.11201375740266942,0.1213798326970107,0.11786911774257594,0.12317324605486529
4.849999999999954,0.11203225419057625,0.12137965644112145,0.11790486664445712,0.12318545114522439
4.850999999999955,0.11205173984637945,0.12137948457625564,0.11794045732595006,0.12319773895812977
4.851999999999955,0.11207223115732741,0.12137931699482891,0.11797589141098924,0.12321011005425075
4.852999999999955,0.11209374424913723,0.12137915359162678,0.11801117051636392,0.1232225649980567
4.853999999999956,0.11211629459231003,0.12137899426375336,0.11804629625179199,0.12323510435784278
4.854999999999956,0.11213989700842565,0.12137883891058146,0.11808127021999333,0.12324772870575594
4.855999999999956,0.11216456567641686,0.12137868743370453,0.11811609401676297,0.12326043861782093
4.856999999999957,0.11219031413882526,0.12137853973688954,0.11815076923104391,0.12327323467396664
4.857999999999957,0.11221715530803739,0.12137839572603171,0.11818529744499962,0.12328611745805254
4.858999999999957,0.11224510147250447,0.12137825530911028,0.1182196802340862,0.12329908755789534
4.859999999999958,0.11227416430294372,0.12137811839614596,0.11825391916712436,0.12331214556529582
4.860999999999958,0.11230435485852418,0.12137798489915946,0.11828801580637087,0.12332529207606578
4.861999999999958,0.112335683593036,0.12137785473213115,0.11832197170758993,0.12333852769005527
4.862999999999959,0.11236816036104535,0.12137772781096225,0.11835578842012413,0.12335185301117994
4.863999999999959,0.11240179442403375,0.12137760405343691,0.11838946748696516,0.12336526864744864
4.864999999999959,0.11243659445652396,0.12137748337918572,0.11842301044482419,0.12337877521099107
4.86599999999996,0.11247256855219138,0.12137736570964983,0.11845641882420199,0.12339237331808582
4.86699999999996,0.11250972422996251,0.12137725096804666,0.1184896941494588,0.12340606358918842
4.86799999999996,0.11254806844009962,0.12137713907933627,0.11852283793888382,0.12341984664895965
4.868999999999961,0.11258760757027239,0.12137702997018836,0.11855585170476456,0.12343372312629405
4.869999999999961,0.11262834745161651,0.12137692356895119,0.11858873695345576,0.12344769365434868
4.870999999999961,0.11267029336477889,0.12137681980562014,0.11862149518544822,0.12346175887057191
4.871999999999962,0.11271345004594957,0.12137671861180786,0.11865412789543717,0.12347591941673254
4.872999999999962,0.11275782169288026,0.12137661992071488,0.11868663657239052,0.1234901759389491
4.873999999999962,0.11280341197088883,0.12137652366710118,0.11871902269961682,0.12350452908771939
4.874999999999963,0.1128502240188495,0.12137642978725804,0.11875128775483287,0.12351897951794998
4.875999999999963,0.11289826045516871,0.12137633821898076,0.11878343321023122,0.12353352788898628
4.876999999999963,0.11294752338374528,0.1213762489015424,0.11881546053254728,0.12354817486464253
4.877999999999964,0.11299801439991529,0.12137616177566696,0.11884737118312631,0.12356292111323215
4.878999999999964,0.11304973459637996,0.12137607678350427,0.11887916661799004,0.12357776730759812
4.879999999999964,0.11310268456911714,0.12137599386860484,0.11891084828790312,0.1235927141251438
4.880999999999965,0.11315686442327408,0.12137591297589496,0.11894241763843934,0.1236077622478638
4.881999999999965,0.11321227377904226,0.12137583405165277,0.11897387611004756,0.12362291236237503
4.882999999999965,0.11326891177751258,0.121375757043484,0.11900522513811745,0.12363816515994819
4.883999999999966,0.11332677708651004,0.12137568190029904,0.119036466153045,0.1236535213365391
4.884999999999966,0.11338586790640758,0.12137560857228916,0.11906760058029775,0.12366898159282068
4.885999999999966,0.11344618197591812,0.12137553701090444,0.11909862984047984,0.12368454663421469
4.886999999999967,0.11350771657786325,0.12137546716883045,0.11912955534939686,0.12370021717092412
4.887999999999967,0.11357046854491927,0.12137539899996663,0.11916037851812042,0.12371599391796549
4.888999999999967,0.11363443426533763,0.12137533245940405,0.11919110075305253,0.12373187759520146
4.889999999999968,0.11369960968864117,0.12137526750340329,0.11922172345598982,0.12374786892737376
4.890999999999968,0.11376599033129395,0.12137520408937363,0.11925224802418743,0.12376396864413616
4.891999999999968,0.11383357128234438,0.12137514217585131,0.11928267585042282,0.12378017748008784
4.892999999999969,0.11390234720904138,0.12137508172247803,0.11931300832305929,0.12379649617480686
4.893999999999969,0.1139723123624225,0.12137502268998084,0.11934324682610933,0.12381292547288394
4.894999999999969,0.11404346058287325,0.12137496504015066,0.11937339273929783,0.12382946612395644
4.89599999999997,0.11411578530565833,0.12137490873582185,0.11940344743812488,0.12384611888274248
4.89699999999997,0.1141892795664233,0.12137485374085193,0.11943341229392876,0.12386288450907551
4.89799999999997,0.11426393600666655,0.12137480002010115,0.11946328867394829,0.12387976376793886
4.898999999999971,0.11433974687918208,0.12137474753941238,0.11949307794138533,0.1238967574295007
4.899999999999971,0.11441670405347253,0.12137469626559104,0.11952278145546699,0.1239138662691492
4.900999999999971,0.11449479902113277,0.12137464616638527,0.11955240057150761,0.1239310910675279
4.901999999999972,0.1145740229012036,0.12137459721046628,0.11958193664097058,0.12394843261057123
4.902999999999972,0.11465436644549744,0.12137454936740887,0.11961139101153007,0.12396589168954056
4.903999999999972,0.11473582004389447,0.12137450260767181,0.11964076502713245,0.12398346910106012
4.904999999999973,0.11481837372961155,0.12137445690257852,0.11967006002805768,0.12400116564715347
4.905999999999973,0.1149020171844439,0.1213744122242983,0.11969927735098042,0.12401898213528002
4.906999999999973,0.11498673974398023,0.12137436854582692,0.11972841832903104,0.12403691937837198
4.907999999999974,0.11507253040279339,0.12137432584096806,0.11975748429185643,0.12405497819487127
4.908999999999974,0.11515937781960654,0.12137428408431461,0.11978647656568066,0.12407315940876704
4.909999999999974,0.11524727032243755,0.12137424325122997,0.11981539647336556,0.12409146384963318
4.910999999999975,0.1153361959137221,0.12137420331782987,0.11984424533447098,0.12410989235266617
4.911999999999975,0.11542614227541771,0.12137416426096423,0.11987302446531509,0.12412844575872325
4.912999999999975,0.11551709677409105,0.1213741260581989,0.11990173517903438,0.12414712491436072
4.913999999999976,0.1156090464659896,0.1213740886877981,0.11993037878564361,0.1241659306718726
4.914999999999976,0.11570197810210076,0.12137405212870662,0.11995895659209557,0.12418486388932952
4.915999999999976,0.11579587813320046,0.12137401636053229,0.11998746990234072,0.12420392543061781
4.916999999999977,0.11589073271489374,0.12137398136352891,0.12001592001738666,0.12422311616547906
4.917999999999977,0.11598652771264976,0.12137394711857899,0.12004430823535753,0.12424243696954962
4.918999999999977,0.11608324870683497,0.12137391360717707,0.12007263585155323,0.12426188872440071
4.919999999999978,0.11618088099774562,0.12137388081141291,0.12010090415850852,0.12428147231757859
4.920999999999978,0.11627940961064448,0.12137384871395507,0.12012911444605197,0.12430118864264499
4.921999999999978,0.11637881930080386,0.12137381729803477,0.12015726800136485,0.12432103859921799
4.922999999999979,0.1164790945585572,0.12137378654743004,0.12018536610903986,0.12434102309301301
4.923999999999979,0.11658021961436481,0.1213737564464497,0.1202134100511397,0.12436114303588412
4.924999999999979,0.11668217844389446,0.12137372697991815,0.12024140110725562,0.12438139934586571
4.92599999999998,0.11678495477312145,0.12137369813315982,0.12026934055456578,0.12440179294721432
4.92699999999998,0.11688853208345105,0.12137366989198466,0.12029722966789355,0.12442232477045084
4.92799999999998,0.11699289361686636,0.12137364224267282,0.12032506971976563,0.12444299575240295
4.928999999999981,0.11709802238110495,0.12137361517196087,0.12035286198047013,0.12446380683624787
4.929999999999981,0.11720390115486633,0.12137358866702708,0.12038060771811457,0.1244847589715554
4.930999999999981,0.11731051249305494,0.12137356271547801,0.1204083081986837,0.1245058531143313
4.931999999999982,0.11741783873205948,0.12137353730533453,0.12043596468609727,0.12452709022706075
4.932999999999982,0.11752586199507224,0.12137351242501884,0.12046357844226772,0.12454847127875249
4.933999999999982,0.1176345641974507,0.12137348806334143,0.12049115072715774,0.12456999724498283
4.934999999999983,0.11774392705212332,0.12137346420948848,0.12051868279883776,0.12459166910794031
4.935999999999983,0.11785393207504101,0.12137344085300952,0.12054617591354337,0.12461348785647046
4.936999999999983,0.11796456059067695,0.12137341798380531,0.12057363132573262,0.12463545448612086
4.937999999999984,0.11807579373757501,0.12137339559211661,0.12060105028814325,0.12465756999918665
4.938999999999984,0.11818761247394835,0.12137337366851257,0.12062843405184989,0.12467983540475626
4.939999999999984,0.11829999758332842,0.12137335220388008,0.12065578386632111,0.1247022517187574
4.940999999999985,0.11841292968026457,0.12137333118941306,0.12068310097947647,0.12472481996400346
4.941999999999985,0.11852638921607454,0.12137331061660264,0.12071038663774339,0.12474754117024013
4.942999999999985,0.11864035648464497,0.12137329047722732,0.12073764208611408,0.12477041637419245
4.943999999999986,0.11875481162828015,0.12137327076334357,0.12076486856820233,0.12479344661961206
4.944999999999986,0.11886973464359875,0.12137325146727734,0.12079206732630025,0.12481663295732486
4.945999999999986,0.11898510538747553,0.1213732325816155,0.12081923960143498,0.12483997644527892
4.946999999999987,0.11910090358302579,0.12137321409919802,0.12084638663342527,0.1248634781485928
4.947999999999987,0.11921710882562987,0.12137319601311047,0.12087350966093807,0.1248871391396041
4.948999999999987,0.11933370058899369,0.12137317831667743,0.12090060992154507,0.12491096049791842
4.949999999999988,0.1194506582312412,0.12137316100345585,0.12092768865177914,0.12493494331045862
4.950999999999988,0.11956796100103481,0.12137314406722974,0.12095474708719077,0.12495908867151441
4.951999999999988,0.11968558804371812,0.1213731275020044,0.12098178646240441,0.12498339768279225
4.952999999999989,0.11980351840747469,0.12137311130200258,0.12100880801117488,0.12500787145346567
4.953999999999989,0.11992173104949812,0.12137309546166014,0.12103581296644354,0.12503251110022584
4.954999999999989,0.12004020484216511,0.12137307997562284,0.12106280256039469,0.12505731774733256
4.95599999999999,0.12015891857920494,0.12137306483874433,0.12108977802451168,0.1250822925266655
4.95699999999999,0.12027785098185707,0.12137305004608384,0.12111674058963318,0.12510743657777595
4.95799999999999,0.12039698070500876,0.12137303559290574,0.12114369148600926,0.12513275104793864
4.958999999999991,0.12051628634330297,0.121373021474679,0.12117063194335759,0.12515823709220425
4.959999999999991,0.1206357464372079,0.1213730076870784,0.12119756319091954,0.1251838958734521
4.960999999999991,0.12075533947903691,0.12137299422598592,0.12122448645751624,0.12520972856244314
4.961999999999992,0.1208750439189087,0.12137298108749342,0.12125140297160465,0.12523573633787333
4.962999999999992,0.12099483817063668,0.12137296826790633,0.12127831396133365,0.12526192038642756
4.963999999999992,0.12111470061753453,0.12137295576374858,0.12130522065460005,0.1252882819028337
4.964999999999993,0.12123460961812686,0.12137294357176781,0.12133212427910459,0.12531482208991712
4.965999999999993,0.12135454351175075,0.12137293168894314,0.12135902606240803,0.12534154215865567
4.966999999999993,0.12147448062403546,0.12137292011249261,0.1213859272319871,0.12536844332823474
4.967999999999994,0.12159439945348956,0.12137290883744205,0.12141282901529055,0.1253955268261031
4.968999999999994,0.12171427886431954,0.12137289785411973,0.1214397326397951,0.12542279388802877
4.969999999999994,0.12183409789782558,0.1213728871507865,0.1214666393330615,0.12545024575815542
4.970999999999995,0.1219538355873412,0.12137287671619777,0.1214935503227905,0.12547788368905918
4.971999999999995,0.12207347096332431,0.12137286653959074,0.12152046683687891,0.12550570894180582
4.972999999999995,0.12219298305855907,0.12137285661067146,0.1215473901034756,0.12553372278600822
4.973999999999996,0.12231235091346761,0.12137284691960122,0.12157432135103755,0.12556192649988426
4.974999999999996,0.12243155358153197,0.12137283745698312,0.12160126180838587,0.12559032137031528
4.975999999999996,0.12255057013482523,0.12137282821384814,0.12162821270476196,0.12561890869290476
4.976999999999997,0.12266937966965119,0.1213728191816412,0.12165517526988345,0.12564768977203733
4.977999999999997,0.12278796131229039,0.12137281035220712,0.12168215073400046,0.1256766659209384
4.978999999999997,0.12290629422485039,0.12137280171777637,0.12170914032795162,0.125705838461734
4.979999999999998,0.12302435761121924,0.12137279327095148,0.12173614528322028,0.12573520872551114
4.980999999999998,0.123142130723117,0.12137278500469277,0.12176316683199075,0.12576477805237865
4.981999999999998,0.12325959286624431,0.12137277691230455,0.12179020620720439,0.1257945477915281
4.982999999999999,0.12337672340652314,0.12137276898742157,0.12181726464261601,0.12582451930129557
4.983999999999999,0.12349350177642553,0.12137276122399579,0.12184434337285008,0.12585469394922352
4.984999999999999,0.123609907481387,0.12137275361628276,0.12187144363345707,0.12588507311212319
4.986,0.1237259201062993,0.12137274615882894,0.12189856666096988,0.1259156581761375
4.987,0.12384151932207711,0.12137273884645901,0.12192571369296017,0.1259464505368042
4.988,0.12395668489229408,0.12137273167426367,0.12195288596809489,0.1259774515991196
4.989000000000001,0.12407139667988278,0.12137272463758741,0.12198008472619283,0.12600866277760267
4.990000000000001,0.12418563465389183,0.12137271773201684,0.12200731120828108,0.12604008549635956
4.991000000000001,0.1242993788962957,0.1213727109533698,0.12203456665665176,0.1260717211891486
4.992000000000002,0.1244126096088496,0.12137270429768374,0.12206185231491867,0.12610357129944577
4.993000000000002,0.12452530711998443,0.12137269776120561,0.12208916942807403,0.12613563728051044
4.994000000000002,0.12463745189173489,0.1213726913403816,0.12211651924254527,0.12616792059545176
4.995000000000003,0.12474902452669472,0.12137268503184719,0.12214390300625191,0.12620042271729545
4.996000000000003,0.12486000577499226,0.12137267883241783,0.12217132196866254,0.1262331451290509
4.997000000000003,0.12497037654128053,0.12137267273907956,0.12219877738085179,0.126266089323779
4.998000000000004,0.12508011789173543,0.12137266674898074,0.1222262704955574,0.1262992568046601
4.999000000000004,0.1251892110610554,0.12137266085942328,0.12225380256723743,0.12633264908506267
5.000000000000004,0.12529763745945763,0.12137265506785504,0.12228137485212746,0.12636626768861237
5.001000000000005,0.12540537867966303,0.12137264937186197,0.12230898860829792,0.12640011414926156
5.002000000000005,0.12551241650386666,0.12137264376916085,0.1223366450957115,0.12643419001135925
5.003000000000005,0.12561873291068607,0.1213726382575924,0.12236434557628065,0.12646849682972167
5.004000000000006,0.1257243100820835,0.12137263283511478,0.12239209131392509,0.12650303616970301
5.005000000000006,0.12582913041025653,0.12137262749979712,0.1224198835746296,0.1265378096072671
5.0060000000000064,0.12593317650449246,0.12137262224981364,0.12244772362650168,0.12657281872905915
5.007000000000007,0.1260364311979823,0.1213726170834382,0.12247561273982946,0.1266080651324782
5.008000000000007,0.12613887755459002,0.12137261199903843,0.12250355218713964,0.12664355042574993
5.0090000000000074,0.1262404988755737,0.12137260699507117,0.12253154324325558,0.1266792762280002
5.010000000000008,0.12634127870625483,0.12137260207007738,0.12255958718535542,0.12671524416932878
5.011000000000008,0.12644120084263263,0.12137259722267786,0.12258768529303044,0.1267514558908838
5.0120000000000084,0.1265402493379415,0.12137259245156849,0.12261583884834332,0.12678791304493656
5.013000000000009,0.12663840850914845,0.12137258775551678,0.12264404913588678,0.12682461729495706
5.014000000000009,0.12673566294338878,0.12137258313335765,0.12267231744284206,0.12686157031568976
5.0150000000000095,0.12683199750433866,0.12137257858398992,0.12270064505903776,0.12689877379323009
5.01600000000001,0.1269273973385233,0.12137257410637321,0.12272903327700864,0.12693622942510127
5.01700000000001,0.1270218478815592,0.12137256969952454,0.12275748339205458,0.12697393892033193
5.0180000000000105,0.12711533486433116,0.12137256536251527,0.12278599670229974,0.12701190399953394
5.019000000000011,0.1272078443191022,0.12137256109446887,0.1228145745087517,0.12705012639498095
5.020000000000011,0.1272993625855579,0.12137255689455785,0.12284321811536093,0.12708860785068754
5.0210000000000115,0.12738987631678447,0.12137255276200143,0.12287192882908023,0.12712735012248866
5.022000000000012,0.12747937248518162,0.12137254869606362,0.12290070795992435,0.12716635497811982
5.023000000000012,0.12756783838831118,0.12137254469605076,0.12292955682102977,0.12720562419729767
5.0240000000000125,0.1276552616546824,0.12137254076130993,0.12295847672871467,0.12724515957180133
5.025000000000013,0.12774163024947496,0.12137253689122707,0.1229874690025389,0.12728496290555405
5.026000000000013,0.12782693248020197,0.12137253308522515,0.12301653496536429,0.12732503601470552
5.0270000000000135,0.12791115700231412,0.12137252934276306,0.1230456759434149,0.1273653807277148
5.028000000000014,0.12799429282474695,0.12137252566333386,0.12307489326633764,0.12740599888543375
5.029000000000014,0.12807632931541363,0.12137252204646375,0.12310418826726288,0.12744689234119086
5.0300000000000145,0.12815725620664478,0.12137251849171093,0.12313356228286527,0.1274880629608761
5.031000000000015,0.12823706360057832,0.12137251499866428,0.12316301665342476,0.12752951262302573
5.032000000000015,0.12831574197450138,0.12137251156694268,0.12319255272288773,0.12757124321890834
5.0330000000000155,0.12839328218614648,0.12137250819619413,0.12322217183892835,0.1276132566526109
5.034000000000016,0.12846967547894542,0.12137250488609473,0.12325187535301002,0.12765555484112573
5.035000000000016,0.12854491348724212,0.12137250163634807,0.12328166462044707,0.127698139714438
5.0360000000000165,0.12861898824146858,0.12137249844668473,0.1233115410004666,0.1277410132156137
5.037000000000017,0.12869189217328508,0.1213724953168612,0.12334150585627046,0.12778417730088842
5.038000000000017,0.1287636181206889,0.1213724922466598,0.12337156055509753,0.12782763393975652
5.0390000000000175,0.1288341593330926,0.12137248923588784,0.12340170646828602,0.12787138511506102
5.040000000000018,0.128903509476376,0.12137248628437708,0.12343194497133607,0.12791543282308404
5.041000000000018,0.12897166263791363,0.12137248339198334,0.12346227744397253,0.12795977907363795
5.0420000000000185,0.1290386133315808,0.1213724805585857,0.12349270527020792,0.12800442589015704
5.043000000000019,0.12910435650274077,0.12137247778408632,0.12352322983840552,0.12804937530978985
5.044000000000019,0.12916888753321593,0.12137247506840944,0.12355385254134281,0.12809462938349214
5.0450000000000195,0.12923220224624485,0.12137247241150093,0.12358457477627494,0.12814019017612044
5.04600000000002,0.12929429691142935,0.12137246981332778,0.1236153979449985,0.1281860597665262
5.04700000000002,0.12935516824967266,0.1213724672738768,0.12364632345391552,0.12823224024765079
5.0480000000000205,0.1294148134381116,0.12137246479315425,0.12367735271409762,0.12827873372662096
5.049000000000021,0.12947323011504672,0.12137246237118468,0.12370848714135037,0.12832554232484492
5.050000000000021,0.1295304163848708,0.12137246000800975,0.12373972815627791,0.12837266817810908
5.0510000000000215,0.12958637082299998,0.12137245770368704,0.12377107718434781,0.12842011343667573
5.052000000000022,0.12964109248080913,0.1213724554582887,0.12380253565595602,0.12846788026538092
5.053000000000022,0.1296945808905746,0.12137245327189962,0.12383410500649222,0.12851597084373337
5.0540000000000225,0.1297468360704259,0.12137245114461585,0.1238657866764053,0.12856438736601383
5.055000000000023,0.1297978585293107,0.12137244907654254,0.12389758211126903,0.12861313204137534
5.056000000000023,0.12984764927197312,0.12137244706779174,0.12392949276184806,0.1286622070939438
5.0570000000000235,0.12989620980394978,0.1213724451184797,0.12396152008416414,0.12871161476291967
5.058000000000024,0.1299435421365856,0.12137244322872401,0.1239936655395625,0.1287613573026801
5.059000000000024,0.12998964879207128,0.12137244139864102,0.12402593059477855,0.1288114369828816
5.0600000000000245,0.13003453280850552,0.12137243962834174,0.12405831672200486,0.12886185608856396
5.061000000000025,0.13007819774498403,0.12137243791792858,0.12409082539895822,0.1289126169202541
5.062000000000025,0.13012064768671805,0.12137243626749099,0.12412345810894716,0.12896372179407137
5.0630000000000255,0.1301618872501843,0.12137243467710092,0.12415621634093962,0.12901517304183308
5.064000000000026,0.13020192158830943,0.12137243314680833,0.12418910158963083,0.12906697301116085
5.065000000000026,0.13024075639568972,0.12137243167663549,0.12422211535551156,0.1291191240655879
5.0660000000000265,0.1302783979138501,0.12137243026657146,0.12425525914493658,0.12917162858466674
5.067000000000027,0.13031485293654277,0.12137242891656594,0.12428853447019339,0.12922448896407776
5.068000000000027,0.1303501288150884,0.1213724276265226,0.1243219428495712,0.12927770761573862
5.0690000000000275,0.13038423346376093,0.1213724263962922,0.12435548580743022,0.12933128696791424
5.070000000000028,0.13041717536521877,0.12137242522566503,0.12438916487427125,0.12938522946532763
5.071000000000028,0.13044896357598157,0.12137242411436298,0.12442298158680545,0.12943953756927135
5.0720000000000285,0.1304796077319562,0.12137242306203108,0.12445693748802451,0.12949421375772
5.073000000000029,0.13050911805401105,0.12137242206822861,0.12449103412727103,0.12954926052544308
5.074000000000029,0.1305375053536003,0.1213724211324201,0.12452527306030918,0.1296046803841189
5.0750000000000295,0.13056478103843766,0.12137242025396504,0.12455965584939578,0.1296604758624493
5.07600000000003,0.13059095711822014,0.12137241943210815,0.1245941840633515,0.12971664950627482
5.07700000000003,0.1306160462104018,0.12137241866596848,0.12462885927763244,0.129773203878691
5.0780000000000305,0.13064006154601576,0.12137241795452881,0.12466368307440208,0.1298301415601653
5.079000000000031,0.1306630169755438,0.12137241729662372,0.12469865704260343,0.12988746514865482
5.080000000000031,0.13068492697483297,0.12137241669092853,0.1247337827780315,0.1299451772597249
5.0810000000000315,0.13070580665105538,0.12137241613594682,0.12476906188340621,0.13000328052666835
5.082000000000032,0.13072567174871091,0.1213724156299986,0.1248044959684454,0.13006177760062573
5.083000000000032,0.13074453865566812,0.1213724151712075,0.12484008664993833,0.13012067115070625
5.0840000000000325,0.13076242440924177,0.12137241475748846,0.1248758355518195,0.1301799638641095
5.085000000000033,0.13077934670230246,0.12137241438653483,0.12491174430524268,0.1302396584462482
5.086000000000033,0.13079532388941476,0.12137241405580576,0.12494781454865538,0.13029975762087162
5.0870000000000335,0.13081037499299905,0.12137241376251325,0.12498404792787354,0.13036026413018964
5.088000000000034,0.13082451970951312,0.12137241350360957,0.12502044609615673,0.1304211807349982
5.089000000000034,0.13083777841564806,0.12137241327577478,0.1250570107142835,0.130482510214805
5.0900000000000345,0.13085017217453296,0.1213724130754044,0.12509374345062715,0.13054425536795652
5.091000000000035,0.1308617227419437,0.12137241289859757,0.12513064598123197,0.13060641901176556
5.092000000000035,0.13087245257250943,0.12137241274114502,0.12516771998988957,0.13066900398263984
5.0930000000000355,0.1308823848259117,0.12137241259851837,0.1252049671682158,0.13073201313621147
5.094000000000036,0.1308915433730695,0.12137241246585957,0.12524238921572795,0.13079544934746717
5.095000000000036,0.1308999528023056,0.12137241233797075,0.12527998783992217,0.1308593155108795
5.0960000000000365,0.1309076384254871,0.1213724122093052,0.1253177647563515,0.1309236145405389
5.097000000000037,0.13091462628413578,0.12137241207395912,0.12535572168870418,0.13098834937028667
5.098000000000037,0.13092094315550182,0.1213724119256643,0.12539386036888214,0.13105352295384884
5.0990000000000375,0.13092661655859608,0.12137241175778178,0.12543218253708013,0.1311191382649709
5.100000000000038,0.13093167476017586,0.12137241156329658,0.12547068994186517,0.13118519829755357
5.101000000000038,0.13093614678067955,0.12137241133481422,0.12550938434025619,0.13125170606578934
5.1020000000000385,0.1309400624001052,0.12137241106455761,0.12554826749780432,0.13131866460429997
5.103000000000039,0.1309434521638301,0.12137241074436653,0.1255873411886734,0.13138607696827506
5.104000000000039,0.13094634738836722,0.12137241036569804,0.12562660719572094,0.1314539462336114
5.1050000000000395,0.13094878016705486,0.12137240991962825,0.12566606731057947,0.13152227549705325
5.10600000000004,0.13095078337567811,0.12137240939685687,0.1257057233337383,0.13159106787633382
5.10700000000004,0.13095239067801837,0.12137240878771283,0.12574557707462564,0.13166032651031723
5.1080000000000405,0.13095363653133074,0.12137240808216225,0.12578563035169116,0.13173005455914205
5.109000000000041,0.13095455619174598,0.12137240726981843,0.12582588499248906,0.13180025520436534
5.110000000000041,0.13095518571959772,0.12137240633995426,0.1258663428337613,0.13187093164910774
5.1110000000000415,0.13095556198467312,0.12137240528151678,0.1259070057215215,0.13194208711819974
5.112000000000042,0.13095572267138675,0.12137240408314433,0.1259478755111392,0.13201372485832885
5.113000000000042,0.1309557062838784,0.12137240273318642,0.12598895406742447,0.13208584813818766
5.1140000000000425,0.13095555215103347,0.1213724012197263,0.1260302432647129,0.1321584602486229
5.115000000000043,0.13095530043142722,0.12137239953060627,0.1260717449869514,0.1322315645027859
5.116000000000043,0.13095499211819261,0.12137239765345642,0.12611346112778382,0.13230516423628333
5.1170000000000435,0.1309546690438126,0.12137239557572614,0.12615539359063765,0.13237926280732987
5.118000000000044,0.13095427071210514,0.12137239133368188,0.1261973260534915,0.132389029161991
5.119000000000044,0.13095388204908565,0.1213724083590787,0.1262390421943239,0.1323988617101584
5.1200000000000445,0.13095350282952983,0.12137248890307094,0.1262805439165624,0.1324087609004724
5.121000000000045,0.13095313283329751,0.1213726743443656,0.12632183311385087,0.13241872718461406
5.122000000000045,0.13095277184521234,0.12137300519491807,0.1263629116701361,0.13242876101732576
5.1230000000000455,0.1309524196549448,0.12137352110576316,0.1264037814597538,0.13243886285643205
5.124000000000046,0.1309520760568978,0.1213742608729658,0.12644444434751403,0.13244903316286047
5.125000000000046,0.13095174085009506,0.12137526244367876,0.12648490218878627,0.13245927240066255
5.1260000000000465,0.13095141383807246,0.12137656292229493,0.12652515682958418,0.1324695810370351
5.127000000000047,0.13095109482877187,0.12137819857668146,0.12656521010664973,0.13247995954234135
5.128000000000047,0.13095078363443777,0.12138020484448571,0.12660506384753706,0.1324904083901326
5.1290000000000475,0.1309504800715161,0.12138261633950187,0.12664471987069587,0.13250092805716968
5.130000000000048,0.13095018396055613,0.1213854668580892,0.1266841799855544,0.13251151902344488
5.131000000000048,0.13094989512611402,0.12138878938563316,0.12672344599260194,0.13252218177220362
5.1320000000000485,0.1309496133966596,0.12139261610304063,0.126762519683471,0.13253291678996668
5.133000000000049,0.13094933860448443,0.12139697839326274,0.12680140284101912,0.1325437245665523
5.134000000000049,0.13094907058561323,0.12140190684783787,0.12684009723941012,0.13255460559509855
5.1350000000000495,0.13094880917971652,0.12140743127344858,0.12687860464419515,0.13256556037208594
5.13600000000005,0.13094855423002594,0.12141358069848786,0.12691692681239317,0.13257658939735992
5.13700000000005,0.13094830558325152,0.12142038337962847,0.1269550654925711,0.13258769317415364
5.1380000000000505,0.13094806308950083,0.12142786680839208,0.12699302242492377,0.1325988722091112
5.139000000000051,0.13094782660220058,0.12143605771771376,0.1270307993413531,0.1326101270123105
5.140000000000051,0.13094759597801967,0.12144498208849837,0.1270683979655473,0.1326214580972866
5.1410000000000515,0.1309473710767943,0.12145466515616676,0.12710582001305942,0.13263286598105514
5.142000000000052,0.1309471517614555,0.12146513141718779,0.12714306719138566,0.13264435118413598
5.143000000000052,0.1309469378979575,0.12147640463559602,0.12718014120004323,0.13265591423057688
5.1440000000000525,0.13094672935520918,0.12148850784949199,0.12721704373064802,0.13266755564797744
5.145000000000053,0.13094652600500625,0.121501463377524,0.12725377646699168,0.13267927596751325
5.146000000000053,0.1309463277219657,0.1215152928253512,0.12729034108511844,0.13269107572395997
5.1470000000000535,0.13094613438346236,0.12153001709208655,0.12732673925340163,0.13270295545571778
5.148000000000054,0.13094594586956623,0.12154565637671942,0.1273629726326198,0.1327149157048361
5.149000000000054,0.1309457620629826,0.12156223018451712,0.12739904287603251,0.13272695701703813
5.1500000000000545,0.1309455828489931,0.12157975733340712,0.1274349516294557,0.13273907994174577
5.151000000000055,0.13094540811539881,0.12159825596033763,0.12747070053133688,0.13275128503210487
5.152000000000055,0.13094523775246472,0.12161774352761906,0.12750629121282983,0.13276357284501025
5.1530000000000555,0.13094507165286615,0.12163823682924575,0.127541725297869,0.1327759439411312
5.154000000000056,0.13094490971163633,0.12165975199719857,0.12757700440324368,0.13278839888493715
5.155000000000056,0.13094475182611573,0.12168230450772939,0.12761213013867176,0.13280093824472322
5.1560000000000565,0.1309445978959032,0.12170590918762807,0.1276471041068731,0.1328135625926364
5.157000000000057,0.13094444782280792,0.12173058022047263,0.12768192790364274,0.1328262725047014
5.158000000000057,0.13094430151080336,0.12175633115286308,0.12771660311792368,0.1328390685608471
5.1590000000000575,0.13094415886598246,0.12178317490064024,0.12775113133187938,0.13285195134493297
5.160000000000058,0.13094401979651407,0.12181112375508979,0.12778551412096598,0.13286492144477577
5.161000000000058,0.13094388421260092,0.12184018938913245,0.12781975305400411,0.13287797945217622
5.1620000000000585,0.13094375202643868,0.12187038286350094,0.12785384969325064,0.1328911259629462
5.163000000000059,0.13094362315217628,0.12190171463290427,0.12788780559446972,0.1329043615769357
5.164000000000059,0.13094349750587775,0.12193419455217969,0.12792162230700393,0.13291768689806038
5.1650000000000595,0.13094337500548464,0.12196783188243326,0.12795530137384498,0.13293110253432908
5.16600000000006,0.1309432555707801,0.12200263529716891,0.127988844331704,0.1329446090978715
5.16700000000006,0.13094313912335365,0.12203861288840612,0.12802225271108178,0.13295820720496623
5.1680000000000605,0.1309430255865671,0.12207577217278735,0.12805552803633857,0.1329718974760688
5.169000000000061,0.1309429148855214,0.12211412009767372,0.12808867182576358,0.13298568053584
5.170000000000061,0.13094280694702462,0.12215366304723096,0.12812168559164433,0.13299955701317445
5.1710000000000615,0.13094270169956038,0.12219440684850319,0.12815457084033555,0.13301352754122908
5.172000000000062,0.13094259907325737,0.12223635677747705,0.128187329072328,0.13302759275745227
5.173000000000062,0.13094249899985982,0.1222795175651328,0.12821996178231693,0.1330417533036129
5.1740000000000625,0.13094240141269833,0.12232389340348492,0.1282524704592703,0.13305600982582946
5.175000000000063,0.13094230624666162,0.12236948795160994,0.1282848565864966,0.13307036297459976
5.176000000000063,0.13094221343816898,0.12241630434166166,0.12831712164171266,0.13308481340483033
5.1770000000000636,0.13094212292514296,0.12246434518487295,0.128349267097111,0.13309936177586665
5.178000000000064,0.1309420346469833,0.1225136125775438,0.12838129441942708,0.1331140087515229
5.179000000000064,0.13094194854454091,0.1225641081070144,0.12841320507000611,0.1331287550001125
5.1800000000000646,0.13094186456009207,0.12261583285762309,0.12844500050486984,0.1331436011944785
5.181000000000065,0.13094178263731404,0.12266878741664759,0.12847668217478292,0.13315854801202415
5.182000000000065,0.13094170272126016,0.1227229718802298,0.12850825152531914,0.13317359613474414
5.1830000000000656,0.13094162475833585,0.12277838585928184,0.12853970999692738,0.1331887462492554
5.184000000000066,0.13094154869627492,0.12283502848537388,0.12857105902499727,0.13320399904682853
5.185000000000066,0.13094147448411597,0.12289289841660142,0.12860230003992484,0.1332193552234195
5.186000000000067,0.13094140207217952,0.12295199384343294,0.1286334344671776,0.13323481547970106
5.187000000000067,0.13094133141204523,0.12301231249453448,0.12866446372735968,0.13325038052109506
5.188000000000067,0.13094126245652918,0.12307385164257287,0.12869538923627669,0.13326605105780448
5.189000000000068,0.1309411951596618,0.12313660810999477,0.12872621240500023,0.13328182780484582
5.190000000000068,0.1309411294766658,0.12320057827478169,0.12875693463993235,0.1332977114820818
5.191000000000068,0.1309410653639346,0.12326575807617936,0.12878755734286965,0.1333137028142541
5.192000000000069,0.1309410027790104,0.12333214302040152,0.12881808191106725,0.13332980253101648
5.193000000000069,0.130940941680563,0.12339972818630685,0.12884850973730264,0.13334601136696816
5.194000000000069,0.13094088202836873,0.1234685082310478,0.12887884220993912,0.13336233006168718
5.19500000000007,0.13094082378328908,0.1235384773956922,0.12890908071298918,0.1333787593597643
5.19600000000007,0.13094076690725032,0.12360962951081518,0.12893922662617766,0.13339530001083677
5.19700000000007,0.1309407113632224,0.12368195800206258,0.12896928132500474,0.1334119527696228
5.198000000000071,0.1309406571151987,0.12375545589568407,0.1289992461808086,0.13342871839595583
5.199000000000071,0.13094060412817551,0.12383011582403694,0.12902912256082813,0.13344559765481917
5.200000000000071,0.1309405523681319,0.12390593003105892,0.12905891182826518,0.13346259131638102
5.201000000000072,0.13094050180200956,0.12398289037771129,0.12908861534234686,0.13347970015602953
5.202000000000072,0.13094045239769278,0.12406098834739145,0.12911823445838747,0.1334969249544082
5.203000000000072,0.13094040412398897,0.12414021505131526,0.12914777052785045,0.13351426649745157
5.204000000000073,0.13094035695060857,0.1242205612338696,0.12917722489840994,0.13353172557642087
5.205000000000073,0.13094031084814595,0.12430201727793523,0.12920659891401234,0.13354930298794046
5.206000000000073,0.1309402657880597,0.12438457321018079,0.1292358939149376,0.1335669995340338
5.207000000000074,0.13094022174265377,0.12446821870632846,0.12926511123786036,0.1335848160221604
5.208000000000074,0.13094017868505808,0.12455294309639227,0.12929425221591098,0.13360275326525237
5.209000000000074,0.13094013658920972,0.12463873536988977,0.12932331817873635,0.13362081208175164
5.210000000000075,0.13094009542983442,0.12472558418102883,0.1293523104525606,0.1336389932956474
5.211000000000075,0.13094005518242768,0.12481347785386969,0.12938123036024549,0.13365729773651353
5.212000000000075,0.13094001582323633,0.12490240438746536,0.12941007922135092,0.13367572623954654
5.213000000000076,0.13093997732924073,0.12499235146098081,0.12943885835219504,0.13369427964560363
5.214000000000076,0.13093993967813608,0.12508330643879306,0.12946756906591433,0.1337129588012411
5.215000000000076,0.130939902848315,0.12517525637557433,0.1294962126725236,0.133731764558753
5.216000000000077,0.13093986681884975,0.1252681880213607,0.12952479047897555,0.1337506977762099
5.217000000000077,0.1309398315694745,0.1253620878266068,0.1295533037892207,0.1337697593174982
5.218000000000077,0.13093979708056827,0.12545694194723223,0.12958175390426666,0.13378895005235944
5.219000000000078,0.1309397633331379,0.12555273624965857,0.12961014212223754,0.13380827085643002
5.220000000000078,0.13093973030880082,0.12564945631584265,0.12963846973843327,0.13382772261128115
5.221000000000078,0.13093969798976884,0.12574708744830687,0.12966673804538856,0.133847306204459
5.222000000000079,0.1309396663588314,0.12584561467517075,0.12969494833293202,0.13386702252952543
5.223000000000079,0.13093963539933928,0.1259450227551861,0.1297231018882449,0.13388687248609843
5.224000000000079,0.13093960509518904,0.12604529618277924,0.1297511999959199,0.13390685697989343
5.22500000000008,0.130939575430807,0.1261464191931028,0.12977924393801976,0.13392697692276456
5.22600000000008,0.13093954639113378,0.12624837576710116,0.12980723499413568,0.13394723323274615
5.22700000000008,0.1309395179616092,0.12635114963659225,0.12983517444144588,0.1339676268340948
5.228000000000081,0.13093949012815723,0.1264547242893681,0.12986306355477364,0.1339881586573313
5.229000000000081,0.1309394628771713,0.12655908297431973,0.12989090360664574,0.13400882963928343
5.230000000000081,0.1309394361954998,0.1266642087065861,0.12991869586735025,0.13402964072312834
5.231000000000082,0.1309394100704323,0.12677008427273329,0.1299464416049947,0.1340505928584359
5.232000000000082,0.1309393844896854,0.1268766922359652,0.12997414208556382,0.13407168700121178
5.233000000000082,0.13093935944138915,0.12698401494136852,0.1300017985729774,0.13409292411394122
5.234000000000083,0.13093933491407408,0.12709203452119566,0.13002941232914786,0.13411430516563297
5.235000000000083,0.13093931089665797,0.12720073290018744,0.1300569846140379,0.13413583113186334
5.236000000000083,0.1309392873784336,0.1273100918009373,0.13008451668571794,0.13415750299482085
5.237000000000084,0.13093926434905598,0.12742009274930075,0.13011200980042353,0.13417932174335095
5.238000000000084,0.13093924179853098,0.12753071707985025,0.13013946521261277,0.13420128837300135
5.239000000000084,0.13093921971720326,0.12764194594137743,0.13016688417502342,0.13422340388606718
5.240000000000085,0.1309391980957454,0.12775376030244454,0.13019426793873007,0.13424566929163678
5.241000000000085,0.1309391769251467,0.12786614095698534,0.1302216177532013,0.1342680856056379
5.242000000000085,0.13093915619670293,0.12797906852995583,0.13024893486635664,0.13429065385088396
5.243000000000086,0.13093913590200626,0.12809252348303554,0.13027622052462356,0.13431337505712063
5.244000000000086,0.13093911603293532,0.12820648612037847,0.13030347597299424,0.13433625026107293
5.245000000000086,0.13093909658164612,0.12832093659441368,0.1303307024550825,0.13435928050649257
5.246000000000087,0.1309390775405633,0.12843585491169324,0.13035790121318042,0.13438246684420535
5.247000000000087,0.1309390589023715,0.12855122093878746,0.13038507348831513,0.1344058103321594
5.248000000000087,0.1309390406600076,0.12866701440822384,0.1304122205203054,0.13442931203547326
5.249000000000088,0.13093902280665343,0.1287832149244682,0.13043934354781822,0.13445297302648457
5.250000000000088,0.13093900533572855,0.12889980196994402,0.13046644380842523,0.1344767943847989
5.251000000000088,0.13093898824088426,0.12901675491108758,0.1304935225386593,0.1345007771973391
5.252000000000089,0.13093897151599726,0.1291340530044333,0.13052058097407096,0.1345249225583949
5.253000000000089,0.13093895515516504,0.12925167540272603,0.1305476203492846,0.13454923156967274
5.254000000000089,0.1309389391527008,0.12936960116105392,0.13057464189805507,0.13457370534034618
5.25500000000009,0.1309389235031297,0.12948780924299713,0.13060164685332373,0.13459834498710635
5.25600000000009,0.13093890820118537,0.12960627852678533,0.1306286364472749,0.1346231516342131
5.25700000000009,0.1309388932418076,0.1297249878114578,0.1306556119113919,0.13464812641354604
5.258000000000091,0.13093887862014023,0.12984391582301813,0.1306825744765134,0.13467327046465646
5.259000000000091,0.13093886433153032,0.1299630412205761,0.1307095253728895,0.13469858493481918
5.260000000000091,0.13093885037152742,0.13008234260246815,0.13073646583023782,0.1347240709790848
5.261000000000092,0.13093883673588488,0.13020179851234723,0.13076339707779977,0.13474972976033264
5.262000000000092,0.1309388234205609,0.13032138744523247,0.13079032034439644,0.13477556244932365
5.263000000000092,0.13093881042172104,0.13044108785350925,0.13081723685848487,0.13480157022475384
5.264000000000093,0.13093879773574188,0.1305608781528674,0.13084414784821385,0.13482775427330804
5.265000000000093,0.13093878535921527,0.1306807367281681,0.13087105454148024,0.13485411578971418
5.266000000000093,0.13093877328895426,0.13080064193922641,0.13089795816598476,0.1348806559767976
5.267000000000094,0.13093876152199949,0.13092057212649774,0.1309248599492882,0.13490737604553613
5.268000000000094,0.13093875005562736,0.13104050561665453,0.1309517611188673,0.13493427721511522
5.269000000000094,0.13093873888486468,0.13116042090800287,0.13097866290217075,0.1349613607129836
5.270000000000095,0.13093872799993186,0.13128029686201909,0.13100556652667528,0.13498862777490922
5.271000000000095,0.13093871738893578,0.13140011251614633,0.13103247321994166,0.13501607964503584
5.272000000000095,0.13093870704048832,0.13151984690017188,0.13105938420967067,0.13504371757593964
5.273000000000096,0.13093869694369306,0.13163947904140846,0.13108630072375907,0.13507154282868628
5.274000000000096,0.13093868708813156,0.13175898796997002,0.13111322399035577,0.13509955667288864
5.275000000000096,0.1309386774638493,0.1318783527241429,0.13114015523791772,0.1351277603867647
5.276000000000097,0.13093866806134158,0.13199755235585314,0.13116709569526605,0.13515615525719574
5.277000000000097,0.13093865887153916,0.1321165659362299,0.13119404659164213,0.13518474257978522
5.278000000000097,0.13093864988579365,0.13223537256126583,0.13122100915676363,0.13521352365891776
5.279000000000098,0.13093864109586312,0.1323539513575724,0.1312479846208806,0.1352424998078188
5.280000000000098,0.13093863249389773,0.13247228148823087,0.13127497421483175,0.13527167234861437
5.281000000000098,0.13093862407242518,0.13259034215873505,0.13130197917010042,0.13530104261239154
5.282000000000099,0.13093861582433614,0.1327081126230263,0.13132900071887088,0.13533061193925902
5.283000000000099,0.13093860774287072,0.1328255721896166,0.13135604009408455,0.13536038167840853
5.284000000000099,0.1309385998216038,0.1329427002277977,0.13138309852949617,0.13539035318817597
5.2850000000001,0.13093859205443184,0.13305947617393263,0.13141017725973025,0.13542052783610392
5.2860000000001,0.13093858443555906,0.13317587953782656,0.13143727752033726,0.1354509069990036
5.2870000000001,0.1309385769594843,0.13329188990917223,0.13146440054785008,0.13548149206301793
5.288000000000101,0.13093856962098835,0.13340748696406624,0.13149154757984036,0.13551228442368463
5.289000000000101,0.13093856241512083,0.13352265047159165,0.1315187198549751,0.13554328548600003
5.290000000000101,0.13093855533718857,0.133637360300461,0.13154591861307302,0.1355744966644831
5.291000000000102,0.13093854838274321,0.13375159642571632,0.13157314509516127,0.13560591938324
5.292000000000102,0.13093854154757006,0.133865338935479,0.13160040054353195,0.13563755507602904
5.293000000000102,0.13093853482767678,0.13397856803774535,0.13162768620179888,0.1356694051863262
5.294000000000103,0.1309385282192825,0.13409126406722066,0.13165500331495422,0.13570147116739084
5.295000000000103,0.1309385217188076,0.13420340749218815,0.13168235312942544,0.13573375448233216
5.296000000000103,0.13093851532286357,0.13431497892140468,0.1317097368931321,0.13576625660417585
5.297000000000104,0.1309385090282437,0.13442595911101832,0.13173715585554274,0.13579897901593133
5.298000000000104,0.1309385028319131,0.13453632897150267,0.13176461126773198,0.13583192321065943
5.299000000000104,0.13093849673100078,0.13464606957459976,0.1317921043824376,0.1358650906915405
5.300000000000105,0.13093849072279037,0.13475516216026842,0.13181963645411762,0.13589848297194307
5.301000000000105,0.13093848480471232,0.13486358814363028,0.13184720873900765,0.13593210157549276
5.302000000000105,0.1309384789743363,0.13497132912190873,0.1318748224951781,0.13596594803614193
5.303000000000106,0.1309384732293632,0.135078366881355,0.13190247898259166,0.13600002389823962
5.304000000000106,0.1309384675676188,0.13518468340415712,0.1319301794631608,0.136034330716602
5.305000000000106,0.13093846198704628,0.13529026087532492,0.13195792520080524,0.13606887005658336
5.306000000000107,0.13093845648570027,0.13539508168954745,0.13198571746150975,0.13610364349414744
5.307000000000107,0.13093845106174076,0.13549912845801826,0.13201355751338184,0.13613865261593952
5.308000000000107,0.13093844571342686,0.13560238401522426,0.1320414466267096,0.13617389901935853
5.309000000000108,0.13093844043911168,0.13570483142569303,0.1320693860740198,0.13620938431263027
5.310000000000108,0.13093843523723714,0.13580645399069677,0.13209737713013572,0.13624511011488052
5.311000000000108,0.1309384301063286,0.13590723525490772,0.13212542107223557,0.13628107805620912
5.312000000000109,0.13093842504499065,0.13600715901300353,0.13215351917991056,0.13631728977776408
5.313000000000109,0.1309384200519024,0.1361062093162187,0.13218167273522344,0.13635374693181684
5.314000000000109,0.1309384151258134,0.1362043704788402,0.1322098830227669,0.13639045118183737
5.31500000000011,0.13093841026553948,0.13630162708464583,0.1322381513297222,0.13642740420257007
5.31600000000011,0.13093840546995952,0.13639796399328197,0.1322664789459179,0.13646460768011037
5.31700000000011,0.13093840073801133,0.13649336634658163,0.13229486716388877,0.1365020633119816
5.318000000000111,0.13093839606868882,0.1365878195748193,0.13232331727893473,0.13653977280721225
5.319000000000111,0.13093839146103858,0.1366813094029042,0.13235183058917988,0.13657773788641422
5.320000000000111,0.13093838691415724,0.13677382185650963,0.13238040839563184,0.13661596028186127
5.321000000000112,0.13093838242718858,0.13686534326813954,0.13240905200224107,0.13665444173756783
5.322000000000112,0.13093837799932107,0.13695586028313178,0.13243776271596036,0.13669318400936895
5.323000000000112,0.1309383736297854,0.13704535986559882,0.13246654184680445,0.13673218886500008
5.324000000000113,0.13093836931785227,0.13713382930430645,0.13249539070790986,0.1367714580841779
5.325000000000113,0.13093836506283052,0.13722125621849135,0.13252431061559475,0.13681099345868156
5.326000000000113,0.13093836086406488,0.13730762856361894,0.132553302889419,0.13685079679243428
5.327000000000114,0.13093835672093448,0.13739293463708244,0.13258236885224436,0.13689086990158575
5.328000000000114,0.13093835263285114,0.13747716308384472,0.132611509830295,0.13693121461459504
5.329000000000114,0.13093834859925776,0.13756030290202523,0.13264072715321776,0.13697183277231398
5.330000000000115,0.13093834461962683,0.137642343448433,0.132670022154143,0.13701272622807112
5.331000000000115,0.13093834069345944,0.1377232744440482,0.13269939616974538,0.13705389684775632
5.332000000000115,0.13093833682028388,0.13780308597945415,0.13272885054030487,0.13709534650990596
5.333000000000116,0.13093833299965454,0.13788176852022235,0.13275838660976783,0.13713707710578857
5.334000000000116,0.130938329231151,0.13795931291225197,0.13278800572580843,0.1371790905394911
5.335000000000116,0.13093832551437715,0.13803571038706713,0.13281770923989009,0.13722138872800593
5.336000000000117,0.1309383218489601,0.13811095256707392,0.13284749850732713,0.13726397360131817
5.337000000000117,0.13093831823454957,0.13818503147077937,0.13287737488734666,0.13730684710249388
5.338000000000117,0.13093831467081724,0.1382579395179754,0.13290733974315055,0.13735001118776863
5.339000000000118,0.13093831115745597,0.13832966953488995,0.1329373944419776,0.1373934678266367
5.340000000000118,0.13093830769417905,0.1384002147593078,0.1329675403551661,0.13743721900194117
5.341000000000118,0.13093830428071979,0.13846956884566408,0.13299777885821612,0.1374812667099642
5.342000000000119,0.13093830091683073,0.13853772587011198,0.13302811133085257,0.13752561296051807
5.343000000000119,0.1309382976022832,0.1386046803355688,0.13305853915708796,0.13757025977703718
5.344000000000119,0.13093829433686657,0.1386704271767413,0.13308906372528556,0.13761520919667
5.34500000000012,0.13093829112038766,0.1387349617651337,0.13311968642822283,0.13766046327037226
5.34600000000012,0.13093828795267018,0.13879827991404128,0.13315040866315495,0.13770602406300053
5.34700000000012,0.1309382848335538,0.13886037788353092,0.1331812318318785,0.13775189365340626
5.348000000000121,0.13093828176289357,0.1389212523854119,0.13321215734079553,0.13779807413453088
5.349000000000121,0.13093827874055897,0.1389809005881995,0.13324318660097761,0.13784456761350106
5.350000000000121,0.130938275766433,0.13903932012207354,0.13327432102823036,0.13789137621172498
5.351000000000122,0.1309382728404111,0.1390965090838343,0.1333055620431579,0.13793850206498914
5.352000000000122,0.13093826996239985,0.13915246604185857,0.1333369110712278,0.1379859473235558
5.353000000000122,0.1309382671323158,0.13920719004105833,0.13336836954283604,0.138033714152261
5.354000000000123,0.1309382643500841,0.13926068060784388,0.13339993889337226,0.13808180473061346
5.355000000000123,0.1309382616156362,0.1393129377550947,0.13343162056328534,0.13813022125289393
5.356000000000123,0.13093825892890876,0.1393639619871401,0.13346341599814904,0.1381789659282554
5.357000000000124,0.130938256289841,0.1394137543047519,0.13349532664872807,0.13822804098082386
5.358000000000124,0.1309382536983724,0.1394623162101517,0.13352735397104415,0.13827744864979974
5.359000000000124,0.13093825115444052,0.13950964971203578,0.1335594994264425,0.13832719118956013
5.360000000000125,0.1309382486579775,0.13955575733061884,0.13359176448165855,0.13837727086976165
5.361000000000125,0.13093824620890726,0.13960064210270026,0.13362415060888486,0.13842768997544397
5.362000000000125,0.130938243807142,0.13964430758675445,0.1336566592858382,0.1384784508071341
5.363000000000126,0.13093824145257804,0.13968675786804755,0.13368929199582713,0.13852955568095135
5.364000000000126,0.13093823914509195,0.13972799756378387,0.13372205022781958,0.13858100692871303
5.365000000000126,0.130938236884536,0.13976803182828312,0.1337549354765108,0.13863280689804083
5.366000000000127,0.13093823467073276,0.1398068663581912,0.1337879492423915,0.13868495795246788
5.367000000000127,0.13093823250347042,0.13984450739772677,0.13382109303181652,0.1387374624715467
5.368000000000127,0.1309382303824963,0.13988096174396544,0.13385436835707332,0.13879032285095771
5.369000000000128,0.13093822830751117,0.1399162367521635,0.1338877767364511,0.13884354150261854
5.370000000000128,0.13093822627816257,0.13995034034112336,0.13392131969431015,0.13889712085479416
5.371000000000128,0.13093822429403734,0.13998328099860155,0.1339549987611512,0.13895106335220755
5.372000000000129,0.13093822235465463,0.14001506778676132,0.1339888154736854,0.1390053714561513
5.373000000000129,0.13093822045945766,0.14004571034767155,0.13402277137490448,0.13906004764459995
5.374000000000129,0.13093821860780533,0.140075218908851,0.134056868014151,0.13911509441232303
5.37500000000013,0.1309382167989634,0.14010360428886165,0.13409110694718918,0.13917051427099889
5.37600000000013,0.1309382150320954,0.14013087790294854,0.13412548973627578,0.13922630974932929
5.37700000000013,0.13093821330625252,0.14015705176872814,0.13416001795023147,0.13928248339315477
5.378000000000131,0.130938211620364,0.1401821385119247,0.1341946931645124,0.13933903776557094
5.379000000000131,0.1309382099732265,0.14020615137215334,0.13422951696128205,0.13939597544704524
5.380000000000131,0.13093820836349304,0.14022910420874987,0.13426449092948337,0.13945329903553474
5.381000000000132,0.13093820678966214,0.14025101150664504,0.13429961666491144,0.1395110111466048
5.382000000000132,0.13093820525006647,0.14027188838228263,0.13433489577028615,0.13956911441354825
5.383000000000132,0.1309382037428609,0.140291750589578,0.13437032985532532,0.13962761148750563
5.384000000000133,0.1309382022660107,0.14031061452591548,0.13440592053681824,0.1396865050375861
5.385000000000133,0.1309382008172795,0.1403284972381812,0.13444166943869942,0.13974579775098936
5.386000000000133,0.13093819939421728,0.14034541642882797,0.1344775781921226,0.13980549233312808
5.387000000000134,0.13093819799414783,0.14036139046196885,0.1345136484355353,0.13986559150775146
5.388000000000134,0.13093819661415704,0.1403764383694947,0.13454988181475344,0.13992609801706948
5.389000000000134,0.13093819525108025,0.14039057985721196,0.13458627998303663,0.13998701462187801
5.390000000000135,0.13093819390149086,0.14040383531099515,0.1346228446011634,0.14004834410168485
5.391000000000135,0.13093819256168807,0.14041622580294985,0.13465957733750705,0.14011008925483634
5.392000000000135,0.1309381912276859,0.1404277730975805,0.13469647986811187,0.14017225289864538
5.393000000000136,0.1309381898952018,0.14043849965795754,0.13473355387676947,0.14023483786951965
5.394000000000136,0.13093818855964648,0.14044842865187884,0.1347708010550957,0.14029784702309128
5.395000000000136,0.13093818721611367,0.1404575839580197,0.13480822310260784,0.140361283234347
5.396000000000137,0.1309381858593707,0.140465990172065,0.13484582172680207,0.14042514939775932
5.397000000000137,0.1309381844838504,0.14047367261282004,0.1348835986432314,0.1404894484274187
5.398000000000137,0.13093818308364272,0.14048065732829215,0.13492155557558408,0.14055418325716648
5.399000000000138,0.1309381816524886,0.14048697110174,0.13495969425576204,0.14061935684072863
5.400000000000138,0.13093818018377387,0.14049264145768384,0.13499801642396003,0.1406849721518507
5.401000000000138,0.13093817867052493,0.14049769666787384,0.13503652382874504,0.14075103218443333
5.402000000000139,0.130938177105405,0.14050216575721022,0.13507521822713606,0.14081753995266907
5.403000000000139,0.13093817548071288,0.14050607850961228,0.1351141013846842,0.1408844984911797
5.404000000000139,0.1309381737883819,0.14050946547383225,0.13515317507555327,0.14095191085515482
5.40500000000014,0.13093817201998134,0.14051235796921122,0.1351924410826008,0.14101978012049113
5.40600000000014,0.13093817016671924,0.14051478809137294,0.13523190119745934,0.14108810938393299
5.40700000000014,0.1309381682194468,0.1405167887178552,0.13527155722061818,0.14115690176321355
5.408000000000141,0.13093816616866505,0.14051839351367473,0.1353114109615055,0.14122616039719696
5.409000000000141,0.1309381640045335,0.14051963693682573,0.13535146423857103,0.14129588844602176
5.410000000000141,0.13093816171688058,0.14052055424370977,0.1353917188793689,0.141366089091245
5.411000000000142,0.13093815929521685,0.1405211814944969,0.13543217672064115,0.1414367655359874
5.412000000000142,0.13093815672875012,0.14052155555841792,0.13547283960840134,0.14150792100507942
5.413000000000142,0.13093815400640352,0.14052171411898662,0.13551370939801904,0.14157955874520853
5.414000000000143,0.13093815111683585,0.1405216956791536,0.13555478795430428,0.14165168202506728
5.415000000000143,0.1309381480484649,0.14052153956639063,0.13559607715159272,0.14172429413550253
5.416000000000143,0.1309381447894939,0.14052128593770727,0.1356375788738312,0.1417973983896655
5.417000000000144,0.1309381413279404,0.1405209757845993,0.13567929501466364,0.14187099812316295
5.418000000000144,0.13093813765166915,0.14052065093793029,0.13572122747751747,0.1419450966942095
5.419000000000144,0.1309381295011814,0.1405202501583981,0.1357631599403713,0.14195486304887062
5.420000000000145,0.1309381427698473,0.14051985908609133,0.13580487608120373,0.14196469559703803
5.421000000000145,0.13093821970681574,0.14051947749494245,0.13584637780344222,0.14197459478735203
5.422000000000145,0.13093840168861745,0.14051910516398294,0.13588766700073068,0.14198456107149368
5.423000000000146,0.13093872922478228,0.14051874187722363,0.13592874555701592,0.14199459490420538
5.424000000000146,0.1309392419636047,0.14051838742353884,0.1359696153466336,0.14200469674331165
5.425000000000146,0.13093997869804108,0.14051804159655232,0.13601027823439382,0.14201486704974006
5.426000000000147,0.13094097737172575,0.14051770419452653,0.13605073607566606,0.14202510628754214
5.427000000000147,0.13094227508509151,0.14051737502025433,0.13609099071646397,0.1420354149239147
5.428000000000147,0.13094390810158263,0.1405170538809537,0.1361310439935295,0.1420457934292209
5.429000000000148,0.13094591185394805,0.1405167405881641,0.13617089773441682,0.14205624227701216
5.430000000000148,0.13094832095060382,0.1405164349576463,0.13621055375757563,0.14206676194404927
5.431000000000148,0.13095116918205538,0.1405161368092841,0.13625001387243416,0.14207735291032444
5.432000000000149,0.1309544895273688,0.14051584596698832,0.1362892798794817,0.14208801565908322
5.433000000000149,0.13095831416068332,0.1405155622586035,0.13632835357035075,0.14209875067684624
5.434000000000149,0.1309626744577569,0.1405152855158162,0.13636723672789888,0.14210955845343187
5.43500000000015,0.1309676010025372,0.1405150155740664,0.13640593112628988,0.14212043948197814
5.43600000000015,0.13097312359375113,0.14051475227245983,0.1364444385310749,0.1421313942589655
5.43700000000015,0.13097927125150763,0.1405144954536836,0.1364827606992729,0.14214242328423946
5.438000000000151,0.13098607222390704,0.14051424496392298,0.13652089937945083,0.14215352706103318
5.439000000000151,0.13099355399365364,0.1405140006527806,0.1365588563118035,0.14216470609599074
5.440000000000151,0.13100174328466502,0.14051376237319743,0.13659663322823284,0.14217596089919005
5.441000000000152,0.13101066606867645,0.14051352998137578,0.13663423185242704,0.14218729198416613
5.442000000000152,0.13102034757183537,0.14051330333670425,0.13667165389993916,0.14219869986793468
5.443000000000152,0.13103081228128377,0.14051308230168438,0.1367089010782654,0.14221018507101552
5.444000000000153,0.13104208395172587,0.14051286674185917,0.13674597508692296,0.14222174811745641
5.445000000000153,0.13105418561197923,0.1405126565257434,0.13678287761752775,0.14223338953485698
5.446000000000153,0.13106713957150656,0.14051245152475614,0.1368196103538714,0.14224510985439281
5.447000000000154,0.13108096742692835,0.14051225161315412,0.13685617497199815,0.14225690961083948
5.448000000000154,0.13109569006851451,0.14051205666796782,0.13689257314028133,0.1422687893425973
5.449000000000154,0.13111132768665396,0.14051186656893863,0.1369288065194995,0.1422807495917156
5.450000000000155,0.1311278997783021,0.1405116811984579,0.1369648767629122,0.1422927909039176
5.451000000000155,0.1311454251534061,0.14051150044150776,0.13700078551633538,0.14230491382862526
5.452000000000155,0.1311639219413074,0.14051132418560355,0.13703653441821656,0.14231711891898435
5.453000000000156,0.1311834075971217,0.14051115232073758,0.1370721250997095,0.14232940673188973
5.454000000000156,0.1312038989080974,0.14051098473932497,0.13710755918474868,0.1423417778280107
5.455000000000156,0.13122541199995144,0.14051082133615062,0.13714283829012336,0.1423542327718166
5.456000000000157,0.1312479623431851,0.14051066200831813,0.13717796402555144,0.1423667721316027
5.457000000000157,0.13127156475937793,0.14051050665519993,0.13721293799375278,0.14237939647951586
5.458000000000157,0.13129623342746274,0.14051035517838878,0.13724776179052242,0.14239210639158087
5.459000000000158,0.13132198188998084,0.14051020748165124,0.13728243700480336,0.14240490244772655
5.460000000000158,0.13134882305931878,0.14051006347088196,0.13731696521875905,0.14241778523181245
5.461000000000158,0.13137676922392738,0.1405099230540598,0.13735134800784565,0.14243075533165525
5.462000000000159,0.13140583205452389,0.1405097861412051,0.1373855869408838,0.1424438133390557
5.463000000000159,0.13143602261027687,0.140509652644338,0.13741968358013032,0.14245695984982568
5.464000000000159,0.1314673513449764,0.14050952247743856,0.13745363948134937,0.14247019546381515
5.46500000000016,0.1314998281131881,0.14050939555640748,0.13748745619388358,0.14248352078493984
5.46600000000016,0.13153346217639333,0.14050927179902858,0.13752113526072463,0.14249693642120853
5.46700000000016,0.1315682622091144,0.14050915112493212,0.13755467821858364,0.14251044298475096
5.468000000000161,0.1316042363050263,0.1405090334555588,0.13758808659796143,0.1425240410918457
5.469000000000161,0.13164139198305508,0.1405089187141257,0.13762136192321822,0.14253773136294826
5.470000000000161,0.13167973619346265,0.14050880682559247,0.13765450571264323,0.14255151442271946
5.471000000000162,0.1317192753239181,0.14050869771662866,0.13768751947852398,0.14256539090005388
5.472000000000162,0.13176001520555664,0.14050859131558202,0.1377204047272152,0.1425793614281085
5.473000000000162,0.13180196111902467,0.14050848755244771,0.13775316295920764,0.14259342664433172
5.474000000000163,0.1318451178005116,0.14050838635883803,0.13778579566919658,0.14260758719049232
5.475000000000163,0.13188948944776865,0.1405082876679533,0.13781830434614994,0.14262184371270892
5.476000000000163,0.131935079726113,0.14050819141455304,0.13785069047337625,0.1426361968614792
5.477000000000164,0.13198189177441835,0.1405080975349283,0.1378829555285923,0.1426506472917098
5.478000000000164,0.1320299282110904,0.14050800596687432,0.13791510098399065,0.14266519566274607
5.479000000000164,0.1320791911400273,0.14050791664966358,0.13794712830630673,0.14267984263840236
5.480000000000165,0.13212968215656457,0.14050782952402,0.13797903895688576,0.14269458888699196
5.481000000000165,0.13218140235340262,0.1405077445320932,0.1380108343917495,0.14270943508135792
5.482000000000165,0.1322343523265186,0.14050766161743333,0.13804251606166257,0.1427243818989036
5.483000000000166,0.13228853218105913,0.14050758072496658,0.1380740854121988,0.1427394300216236
5.484000000000166,0.13234394153721502,0.1405075018009707,0.13810554388380702,0.14275458013613485
5.485000000000166,0.1324005795360763,0.14050742479305142,0.13813689291187692,0.14276983293370799
5.486000000000167,0.13245844484546732,0.14050734965011863,0.1381681339268045,0.14278518911029892
5.487000000000167,0.13251753566576036,0.14050727632236373,0.13819926835405724,0.1428006493665805
5.488000000000167,0.1325778497356675,0.14050720476123632,0.13823029761423933,0.14281621440797448
5.489000000000168,0.13263938433800976,0.14050713491942193,0.13826122312315633,0.1428318849446839
5.490000000000168,0.13270213630546257,0.14050706675081978,0.13829204629187988,0.14284766169172528
5.491000000000168,0.13276610202627667,0.14050700021052062,0.138322768526812,0.14286354536896123
5.492000000000169,0.1328312774499743,0.14050693525478514,0.1383533912297493,0.14287953670113354
5.493000000000169,0.13289765809301873,0.14050687184102223,0.1383839157979469,0.1428956364178959
5.494000000000169,0.13296523904445776,0.14050680992776793,0.13841434362418228,0.1429118452538476
5.49500000000017,0.1330340149715397,0.14050674947466404,0.13844467609681876,0.1429281639485666
5.49600000000017,0.13310398012530128,0.14050669044243724,0.13847491459986883,0.14294459324664371
5.49700000000017,0.1331751283461275,0.14050663279287826,0.1385050605130573,0.1429611338977162
5.498000000000171,0.13324745306928246,0.14050657648882145,0.13853511521188439,0.14297778665650224
5.499000000000171,0.13332094733041105,0.14050652149412415,0.13856508006768825,0.14299455228283525
5.500000000000171,0.13339560377101106,0.14050646777364648,0.13859495644770775,0.14301143154169857
5.501000000000172,0.13347141464387605,0.14050641529323113,0.1386247457151448,0.14302842520326042
5.502000000000172,0.13354837181850815,0.14050636401968333,0.13865444922922648,0.14304553404290893
5.503000000000172,0.13362646678650153,0.1405063139207513,0.1386840683452671,0.1430627588412876
5.504000000000173,0.13370569066689678,0.14050626496510601,0.13871360441473007,0.14308010038433094
5.505000000000173,0.13378603421150573,0.14050621712232214,0.13874305878528956,0.14309755946330027
5.506000000000173,0.13386748781020824,0.14050617036285826,0.13877243280089196,0.14311513687481986
5.507000000000174,0.13395004149622083,0.14050612465803786,0.1388017278018172,0.1431328334209132
5.508000000000174,0.1340336849513382,0.14050607998003006,0.13883094512473998,0.1431506499090398
5.509000000000174,0.13411840751114892,0.14050603630183042,0.1388600861027906,0.14316858715213174
5.510000000000175,0.1342041981702255,0.14050599359724275,0.13888915206561597,0.143186645968631
5.511000000000175,0.13429104558729085,0.14050595184085954,0.13891814433944022,0.1432048271825268
5.512000000000175,0.13437893809036286,0.14050591100804427,0.1389470642471251,0.14322313162339292
5.513000000000176,0.13446786368187677,0.14050587107491275,0.13897591310823054,0.14324156012642592
5.514000000000176,0.13455781004379008,0.14050583201831446,0.13900469223907466,0.14326011353248302
5.515000000000176,0.13464876454266947,0.14050579381581543,0.13903340295279396,0.1432787926881205
5.516000000000177,0.13474071423476225,0.1405057564456796,0.1390620465594032,0.1432975984456324
5.517000000000177,0.13483364587105584,0.1405057198868518,0.13909062436585518,0.1433165316630893
5.518000000000177,0.13492754590232633,0.1405056841189399,0.13911913767610032,0.14333559320437758
5.519000000000178,0.13502240048417866,0.14050564912219737,0.13914758779114628,0.14335478393923884
5.520000000000178,0.13511819548208223,0.1405056148775068,0.13917597600911716,0.14337410474330942
5.521000000000178,0.1352149164764035,0.14050558136636263,0.1392043036253129,0.14339355649816052
5.522000000000179,0.13531254876743895,0.14050554857085448,0.13923257193226818,0.1434131400913384
5.523000000000179,0.13541107738045166,0.14050551647365092,0.13926078221981164,0.1434328564164048
5.524000000000179,0.13551048707071406,0.14050548505798321,0.13928893577512452,0.1434527063729778
5.52500000000018,0.13561076232855995,0.14050545430762917,0.13931703388279953,0.1434726908667728
5.52600000000018,0.13571188738444992,0.1405054242068976,0.13934507782489938,0.14349281080964393
5.52700000000018,0.1358138462140521,0.14050539474061272,0.1393730688810153,0.14351306711962553
5.528000000000181,0.1359166225433421,0.1405053658940991,0.1394010083283255,0.14353346072097417
5.529000000000181,0.13602019985372565,0.14050533765316645,0.13942889744165327,0.14355399254421067
5.530000000000181,0.13612456138718637,0.1405053100040952,0.13945673749352536,0.1435746635261628
5.531000000000182,0.13622969015146202,0.14050528293362144,0.13948452975422987,0.1435954746100077
5.532000000000182,0.13633556892525278,0.14050525642892367,0.1395122754918743,0.14361642674531527
5.533000000000182,0.13644218026346344,0.1405052304776083,0.13953997597244344,0.14363752088809115
5.534000000000183,0.13654950650248324,0.1405052050676962,0.139567632459857,0.1436587580008206
5.535000000000183,0.13665752976550502,0.14050518018760946,0.13959524621602748,0.14368013905251234
5.536000000000183,0.13676623196788681,0.1405051558261587,0.1396228185009175,0.1437016650187427
5.537000000000184,0.13687559482255746,0.14050513197252978,0.13965035057259756,0.14372333688170022
5.538000000000184,0.1369855998454685,0.14050510861627236,0.13967784368730315,0.14374515563023033
5.539000000000184,0.1370962283610936,0.14050508574728715,0.1397052990994924,0.14376712225988073
5.540000000000185,0.1372074615079772,0.14050506335581486,0.13973271806190304,0.14378923777294653
5.541000000000185,0.13731928024433296,0.14050504143242457,0.1397601018256097,0.14381150317851615
5.5420000000001854,0.13743166535369272,0.1405050199680031,0.1397874516400809,0.14383391949251728
5.543000000000186,0.13754459745060646,0.14050499895374452,0.13981476875323626,0.14385648773776333
5.544000000000186,0.13765805698639252,0.14050497838113976,0.13984205441150319,0.143879208944
5.5450000000001864,0.13777202425493787,0.14050495824196735,0.13986930985987386,0.1439020841479523
5.546000000000187,0.13788647939854726,0.1405049385282837,0.1398965363419621,0.1439251143933719
5.547000000000187,0.13800140241383982,0.14050491923241476,0.13992373510006004,0.14394830073108472
5.5480000000001874,0.13811677315769075,0.1405049003469473,0.13995090737519475,0.14397164421903874
5.549000000000188,0.13823257135321568,0.14050488186472126,0.13997805440718503,0.14399514592235263
5.550000000000188,0.13834877659579542,0.14050486377882235,0.14000517743469784,0.14401880691336394
5.5510000000001885,0.13846536835913603,0.1405048460825749,0.14003227769530485,0.14404262827167827
5.552000000000189,0.1385823260013619,0.14050482876953607,0.14005935642553893,0.14406661108421848
5.553000000000189,0.1386996287711357,0.1405048118334896,0.14008641486095055,0.14409075644527425
5.5540000000001895,0.13881725581380117,0.1405047952684409,0.1401134542361642,0.1441150654565521
5.55500000000019,0.13893518617754214,0.1405047790686127,0.14014047578493463,0.14413953922722547
5.55600000000019,0.13905339881955223,0.14050476322844072,0.1401674807402033,0.14416417887398564
5.5570000000001905,0.13917187261220845,0.14050474774257093,0.14019447033415447,0.14418898552109238
5.558000000000191,0.13929058634924005,0.14050473260585677,0.14022144579827148,0.14421396030042535
5.559000000000191,0.1394095187518866,0.14050471781335755,0.14024840836339297,0.14423910435153578
5.5600000000001915,0.13952864847503513,0.1405047033603375,0.14027535925976906,0.14426441882169846
5.561000000000192,0.13964795411332895,0.14050468924226564,0.14030229971711738,0.14428990486596407
5.562000000000192,0.1397674142072359,0.1405046754548168,0.14032923096467934,0.14431556364721193
5.5630000000001925,0.1398870072490693,0.1405046619938728,0.140356154231276,0.14434139633620294
5.564000000000193,0.14000671168894785,0.1405046488555256,0.1403830707453644,0.1443674041116331
5.565000000000193,0.1401265059406847,0.14050463603608063,0.1404099817350934,0.1443935881601873
5.5660000000001935,0.14024636838759344,0.1405046235320617,0.14043688842835977,0.14441994967659344
5.567000000000194,0.14036627738819848,0.14050461134021658,0.1404637920528643,0.14444648986367686
5.568000000000194,0.14048621128183666,0.1405045994575243,0.14049069383616775,0.1444732099324154
5.5690000000001945,0.1406061483941371,0.14050458788120285,0.14051759500574684,0.14450011110199448
5.570000000000195,0.1407260672236082,0.14050457660627813,0.1405444967890503,0.14452719459986285
5.571000000000195,0.14084594663445643,0.14050456562307836,0.14057140041355481,0.14455446166178848
5.5720000000001955,0.14096576566798197,0.14050455491986444,0.1405983071068212,0.1445819135319151
5.573000000000196,0.14108550335751846,0.14050454448539168,0.1406252180965502,0.1446095514628189
5.574000000000196,0.14120513873352383,0.14050453430889748,0.1406521346106386,0.1446373767155655
5.5750000000001965,0.14132465082878226,0.14050452438008754,0.14067905787723528,0.14466539055976788
5.576000000000197,0.14144401868371592,0.14050451468912342,0.14070598912479723,0.14469359427364392
5.577000000000197,0.14156322135180688,0.1405045052266081,0.14073292958214556,0.14472198914407494
5.5780000000001975,0.14168223790512843,0.14050449598357254,0.14075988047852164,0.14475057646666442
5.579000000000198,0.14180104743998442,0.14050448695146167,0.14078684304364314,0.144779357545797
5.580000000000198,0.1419196290826554,0.14050447812212025,0.14081381850776012,0.144808333694698
5.5810000000001985,0.14203796199524932,0.14050446948777878,0.14084080810171126,0.14483750623549357
5.582000000000199,0.14215602538165414,0.14050446104103984,0.14086781305697993,0.14486687649927074
5.583000000000199,0.14227379849359034,0.14050445277486362,0.1408948346057504,0.14489644582613825
5.5840000000001995,0.14239126063675872,0.14050444468255452,0.14092187398096404,0.1449262155652877
5.5850000000002,0.14250839117708136,0.1405044367577472,0.14094893241637566,0.14495618707505514
5.5860000000002,0.14262516954703056,0.14050442899439364,0.1409760111466097,0.14498636172298307
5.5870000000002005,0.14274157525204229,0.1405044213867494,0.14100311140721672,0.14501674088588276
5.588000000000201,0.1428575878770084,0.14050441392936083,0.14103023443472953,0.14504732594989708
5.589000000000201,0.14297318709284385,0.1405044066170527,0.1410573814667198,0.14507811831056378
5.5900000000002015,0.1430883526631227,0.14050439944491566,0.14108455374185455,0.14510911937287918
5.591000000000202,0.1432030644507776,0.14050439240829418,0.14111175249995248,0.14514033055136222
5.592000000000202,0.14331730242485777,0.14050438550277486,0.14113897898204072,0.1451717532701191
5.5930000000002025,0.14343104666733777,0.1405043787241756,0.1411662344304114,0.14520338896290816
5.594000000000203,0.14354427737997313,0.14050437206853364,0.14119352008867833,0.14523523907320535
5.595000000000203,0.14365697489119508,0.14050436553209616,0.14122083720183368,0.14526730505427
5.5960000000002035,0.14376911966303868,0.1405043591113093,0.1412481870163049,0.14529958836921128
5.597000000000204,0.14388069229809786,0.14050435280280843,0.14127557078001154,0.14533209049105497
5.598000000000204,0.14399167354650108,0.14050434660340896,0.1413029897424222,0.14536481290281045
5.5990000000002045,0.14410204431290188,0.14050434051009705,0.14133044515461143,0.14539775709753855
5.600000000000205,0.14421178566347626,0.14050433452002098,0.14135793826931706,0.14543092457841963
5.601000000000205,0.14432087883292288,0.14050432863048265,0.14138547034099708,0.1454643168588222
5.6020000000002055,0.144429305231459,0.14050432283892986,0.1414130426258871,0.14549793546237189
5.603000000000206,0.14453704645180587,0.14050431714294861,0.14144065638205755,0.14553178192302105
5.604000000000206,0.14464408427615857,0.14050431154025564,0.14146831286947112,0.14556585778511874
5.6050000000002065,0.14475040068313483,0.1405043060286918,0.14149601335004025,0.14560016460348113
5.606000000000207,0.14485597785469695,0.14050430060621508,0.1415237590876847,0.14563470394346245
5.607000000000207,0.14496079818304256,0.1405042952708946,0.1415515513483892,0.14566947738102656
5.6080000000002075,0.14506484427745892,0.1405042900209047,0.1415793914002613,0.14570448650281861
5.609000000000208,0.14516809897113714,0.14050428485451905,0.14160728051358906,0.14573973290623762
5.610000000000208,0.1452705453279411,0.1405042797701054,0.14163521996089926,0.1457752181995094
5.6110000000002085,0.14537216664912886,0.14050427476612057,0.14166321101701518,0.14581094400175965
5.612000000000209,0.14547294648002165,0.14050426984110556,0.14169125495911503,0.14584691194308821
5.613000000000209,0.1455728686166186,0.140504264993681,0.14171935306679,0.14588312366464318
5.6140000000002095,0.14567191711215408,0.14050426022254292,0.1417475066221029,0.14591958081869594
5.61500000000021,0.1457700762835947,0.14050425552645868,0.14177571690964635,0.14595628506871647
5.61600000000021,0.14586733071807556,0.14050425090426327,0.14180398521660165,0.14599323808944917
5.6170000000002105,0.14596366527927268,0.14050424635485556,0.14183231283279735,0.14603044156698947
5.618000000000211,0.14605906511371075,0.140504241877195,0.1418607010507682,0.14606789719886065
5.619000000000211,0.14615351565700618,0.14050423747029878,0.14188915116581416,0.1461056066940913
5.6200000000002115,0.1462470026400432,0.14050423313323823,0.1419176644760593,0.1461435717732933
5.621000000000212,0.14633951209508453,0.1405042288651367,0.14194624228251126,0.1461817941687403
5.622000000000212,0.14643103036181526,0.14050422466516665,0.1419748858891205,0.1462202756244469
5.6230000000002125,0.1465215440933212,0.14050422053254746,0.1420035966028398,0.146259017896248
5.624000000000213,0.1466110402620015,0.14050421646654299,0.14203237573368388,0.14629802275187911
5.625000000000213,0.1466995061654176,0.14050421246645967,0.1420612245947893,0.14633729197105697
5.6260000000002135,0.14678692943207816,0.14050420853164453,0.14209014450247417,0.1463768273455606
5.627000000000214,0.14687329802716229,0.14050420466148345,0.14211913677629842,0.14641663067931332
5.628000000000214,0.14695860025818255,0.14050420085539944,0.1421482027391238,0.1464567037884648
5.6290000000002145,0.14704282478058905,0.14050419711285134,0.14217734371717441,0.14649704850147408
5.630000000000215,0.14712596060331673,0.14050419343333226,0.14220656104009718,0.14653766665919302
5.631000000000215,0.14720799709427815,0.14050418981636834,0.1422358560410224,0.14657856011495013
5.6320000000002155,0.1472889239858033,0.14050418626151778,0.14226523005662478,0.14661973073463533
5.633000000000216,0.14736873138002946,0.14050418276836946,0.14229468442718426,0.14666118039678497
5.634000000000216,0.147447409754243,0.1405041793365423,0.14232422049664722,0.14670291099266755
5.6350000000002165,0.14752494996617602,0.14050417596568418,0.14235383961268783,0.1467449244263701
5.636000000000217,0.14760134325925944,0.14050417265547116,0.14238354312676949,0.14678722261488492
5.637000000000217,0.14767658126783662,0.14050416940560695,0.14241333239420653,0.14682980748819716
5.6380000000002175,0.14775065602233886,0.14050416621582199,0.14244320877422606,0.14687268098937287
5.639000000000218,0.14782355995442592,0.14050416308587288,0.14247317363002993,0.14691584507464758
5.640000000000218,0.14789528590209428,0.1405041600155419,0.14250322832885698,0.14695930171351565
5.6410000000002185,0.1479658271147559,0.14050415700463625,0.14253337424204546,0.14700305288882012
5.642000000000219,0.14803517725828985,0.14050415405298777,0.1425636127450955,0.14704710059684312
5.643000000000219,0.14810333042007018,0.14050415116045217,0.14259394521773194,0.14709144684739703
5.6440000000002195,0.14817028111397149,0.14050414832690866,0.14262437304396733,0.1471360936639161
5.64500000000022,0.14823602428535654,0.14050414555225924,0.14265489761216493,0.14718104308354893
5.64600000000022,0.14830055531604694,0.1405041428364282,0.1426855203151022,0.14722629715725122
5.6470000000002205,0.14836387002928086,0.14050414017936141,0.14271624255003432,0.14727185794987946
5.648000000000221,0.14842596469465943,0.14050413758102578,0.14274706571875787,0.14731772754028521
5.649000000000221,0.14848683603308538,0.14050413504140813,0.1427779912276749,0.1473639080214098
5.6500000000002215,0.14854648122169503,0.14050413256051478,0.14280902048785699,0.14741040150037998
5.651000000000222,0.14860489789878836,0.14050413013837018,0.14284015491510973,0.1474572100986039
5.652000000000222,0.14866208416875773,0.14050412777501592,0.14287139593003728,0.14750433595186807
5.6530000000002225,0.14871803860701888,0.14050412547050975,0.14290274495810715,0.1475517812104347
5.654000000000223,0.1487727602649462,0.1405041232249235,0.14293420342971538,0.1475995480391399
5.655000000000223,0.1488262486748155,0.1405041210383422,0.14296577278025158,0.14764763861749233
5.6560000000002235,0.1488785038547563,0.14050411891086192,0.14299745445016465,0.1476960551397728
5.657000000000224,0.14892952631371564,0.14050411684258787,0.14302924988502835,0.14774479981513425
5.658000000000224,0.14897931705643738,0.1405041148336318,0.14306116053560738,0.1477938748677027
5.6590000000002245,0.14902787758845798,0.1405041128841101,0.14309318785792347,0.14784328253667858
5.660000000000225,0.14907520992112208,0.14050411099414042,0.1431253333133218,0.14789302507643898
5.661000000000225,0.14912131657662017,0.14050410916383896,0.14315759836853786,0.1479431047566405
5.6620000000002255,0.14916620059305077,0.14050410739331673,0.14318998449576417,0.1479935238623228
5.663000000000226,0.1492098655295095,0.140504105682676,0.1432224931727175,0.14804428469401296
5.664000000000226,0.1492523154712074,0.14050410403200636,0.14325512588270645,0.1480953895678302
5.6650000000002265,0.14929355503462136,0.14050410244137973,0.1432878841146989,0.14814684081559187
5.666000000000227,0.14933358937267782,0.14050410091084595,0.1433207693633901,0.14819864078491968
5.667000000000227,0.14937242417997326,0.14050409944042727,0.14335378312927083,0.1482507918393467
5.6680000000002275,0.14941006569803256,0.14050409803011277,0.14338692691869584,0.1483032963584255
5.669000000000228,0.149446520720608,0.14050409667985203,0.14342020224395263,0.14835615673783653
5.670000000000228,0.14948179659902036,0.14050409538954878,0.14345361062333042,0.14840937538949736
5.6710000000002285,0.14951590124754396,0.14050409415905366,0.14348715358118946,0.14846295474167298
5.672000000000229,0.1495488431488372,0.14050409298815697,0.1435208326480305,0.14851689723908637
5.673000000000229,0.1495806313594201,0.1405040918765805,0.1435546493605647,0.1485712053430301
5.6740000000002295,0.1496112755151998,0.1405040908239693,0.14358860526178374,0.1486258815314787
5.67500000000023,0.14964078583704502,0.14050408982988263,0.14362270190103024,0.14868092829920176
5.67600000000023,0.14966917313641018,0.1405040888937849,0.14365694083406838,0.1487363481578776
5.6770000000002305,0.1496964488210094,0.1405040880150356,0.14369132362315498,0.14879214363620796
5.678000000000231,0.14972262490054028,0.14050408719287938,0.14372585183711067,0.14884831728003345
5.679000000000231,0.14974771399245718,0.14050408642643528,0.1437605270513916,0.14890487165244962
5.6800000000002315,0.14977172932779362,0.140504085714686,0.14379535084816125,0.14896180933392392
5.681000000000232,0.1497946847570321,0.1405040850564661,0.14383032481636257,0.1490191329224134
5.682000000000232,0.1498165947560198,0.14050408445045073,0.14386545055179065,0.14907684503348345
5.6830000000002325,0.1498374744319298,0.1405040838951435,0.14390072965716535,0.14913494830042692
5.684000000000233,0.14985733952926225,0.14050408338886436,0.14393616374220453,0.14919344537438428
5.685000000000233,0.14987620643588626,0.14050408292973685,0.14397175442369745,0.14925233892446477
5.6860000000002335,0.1498940921891173,0.14050408251567592,0.14400750332557863,0.149311631637868
5.687000000000234,0.1499110144818265,0.14050408214437476,0.14404341207900181,0.14937132622000673
5.688000000000234,0.149926991668579,0.14050408181329246,0.1440794823224145,0.1494314253946301
5.6890000000002345,0.14994204277179576,0.14050408151964103,0.14411571570163265,0.14949193190394813
5.690000000000235,0.14995618748793513,0.1405040812603727,0.1441521138699158,0.14955284850875664
5.691000000000235,0.1499694461936888,0.1405040810321673,0.14418867848804257,0.14961417798856344
5.6920000000002355,0.1499818399521865,0.14050408083142046,0.1442254112243862,0.14967592314171493
5.693000000000236,0.14999339051920452,0.140504080654231,0.144262313754991,0.14973808678552392
5.694000000000236,0.1500041203493727,0.14050408049638985,0.1442993877636486,0.1498006717563982
5.6950000000002365,0.150014052602373,0.14050408035336845,0.14433663494197482,0.14986368090996982
5.696000000000237,0.15002321114912498,0.14050408022030855,0.14437405698948697,0.14992711712122553
5.697000000000237,0.15003162057795177,0.14050408009201226,0.1444116556136812,0.14999098328463784
5.6980000000002375,0.1500393062007211,0.14050407996293282,0.14444943253011053,0.1500552823142972
5.699000000000238,0.15004629405895498,0.1405040798271663,0.1444873894624632,0.150120017144045
5.700000000000238,0.15005261092990407,0.14050407967844455,0.14452552814264114,0.1501851907276071
5.7010000000002385,0.15005828433257953,0.1405040795101283,0.14456385031083913,0.15025080603872917
5.702000000000239,0.1500633425337391,0.14050407931520276,0.14460235771562413,0.1503168660713118
5.703000000000239,0.15006781455382118,0.14050407908627305,0.14464105211401515,0.15038337383954756
5.7040000000002395,0.1500717301728242,0.1405040788155621,0.14467993527156328,0.1504503323780582
5.70500000000024,0.15007511993612577,0.1405040784949097,0.14471900896243237,0.15051774474203328
5.70600000000024,0.15007801516023875,0.14050407811577253,0.1447582749694799,0.15058561400736958
5.7070000000002405,0.15008044793850164,0.14050407766922693,0.14479773508433844,0.15065394327081144
5.708000000000241,0.15008245114669955,0.14050407714597238,0.14483739110749727,0.15072273565009198
5.709000000000241,0.15008405844861397,0.14050407653633773,0.1448772448483846,0.1507919942840754
5.7100000000002415,0.15008530430149994,0.14050407583028898,0.14491729812545012,0.1508617223329002
5.711000000000242,0.1500862239614881,0.14050407501743936,0.144957552766248,0.15093192297812347
5.712000000000242,0.150086853488912,0.14050407408706161,0.1449980106075202,0.1510025994228658
5.7130000000002426,0.15008722975355862,0.14050407302810275,0.1450386734952804,0.15107375489195782
5.714000000000243,0.15008739043984254,0.140504071829201,0.14507954328489808,0.15114539263208687
5.715000000000243,0.15008737405190317,0.14050407047870572,0.14512062184118332,0.15121751591194565
5.7160000000002436,0.15008721991862584,0.14050406896470008,0.14516191103847176,0.1512901280223809
5.717000000000244,0.15008696819858547,0.14050406727502637,0.14520341276071025,0.15136323227654386
5.718000000000244,0.150086659884915,0.14050406539731453,0.14524512890154267,0.15143683201004132
5.7190000000002446,0.15008633681009703,0.14050406331901383,0.1452870613643965,0.15151093058108783
5.720000000000245,0.15008593847798693,0.14050405907562877,0.14532899382725034,0.15152069693574896
5.721000000000245,0.15008554981458447,0.14050407609973595,0.14537070996808277,0.15153052948391638
5.722000000000246,0.15008517059466478,0.1405041566424887,0.14541221169032126,0.1515404286742304
5.723000000000246,0.15008480059808713,0.14050434208259288,0.14545350088760972,0.15155039495837205
5.724000000000246,0.15008443960967463,0.1405046729320028,0.14549457944389496,0.15156042879108375
5.725000000000247,0.15008408741909712,0.14050518884175225,0.14553544923351264,0.15157053063019002
5.726000000000247,0.150083743820757,0.14050592860790512,0.14557611212127283,0.1515807009366184
5.727000000000247,0.15008340861367753,0.14050693017761318,0.14561656996254507,0.1515909401744205
5.728000000000248,0.1500830816013941,0.14050823065526846,0.14565682460334295,0.151601248810793
5.729000000000248,0.15008276259184802,0.1405098663087373,0.14569687788040847,0.15161162731609923
5.730000000000248,0.1500824513972833,0.14051187257566622,0.1457367316212958,0.15162207616389048
5.731000000000249,0.15008214783414534,0.1405142840698486,0.1457763876444546,0.15163259583092759
5.732000000000249,0.1500818517229831,0.14051713458764328,0.14581584775931314,0.1516431867972028
5.733000000000249,0.15008156288835217,0.14052045711443498,0.14585511376636068,0.15165384954596153
5.73400000000025,0.15008128115872194,0.14052428383113025,0.14589418745722973,0.15166458456372459
5.73500000000025,0.15008100636638355,0.14052864612067975,0.14593307061477787,0.15167539234031022
5.73600000000025,0.15008073834736135,0.14053357457462148,0.14597176501316886,0.15168627336885648
5.737000000000251,0.15008047694132542,0.14053909899963785,0.1460102724179539,0.15169722814584388
5.738000000000251,0.15008022199150697,0.1405452484241215,0.14604859458615188,0.1517082571711178
5.739000000000251,0.15007997334461567,0.14055205110474522,0.14608673326632982,0.15171936094791155
5.740000000000252,0.1500797308507588,0.14055953453303044,0.14612469019868246,0.1517305399828691
5.741000000000252,0.15007949436336257,0.14056772544191226,0.1461624671151118,0.1517417947860684
5.742000000000252,0.15007926373909555,0.14057664981229562,0.146200065739306,0.15175312587104448
5.743000000000253,0.15007903883779372,0.14058633287960126,0.1462374877868181,0.15176453375481302
5.744000000000253,0.1500788195223876,0.1405967991402982,0.14627473496514434,0.1517760189578939
5.745000000000253,0.15007860565883127,0.14060807235842102,0.14631180897380192,0.15178758200433476
5.746000000000254,0.15007839711603319,0.1406201755720703,0.1463487115044067,0.15179922342173535
5.747000000000254,0.15007819376578863,0.14063313109989448,0.14638544424075034,0.15181094374127113
5.748000000000254,0.15007799548271453,0.14064696054755288,0.14642200885887707,0.15182274349771782
5.749000000000255,0.15007780214418523,0.14066168481415858,0.14645840702716023,0.1518346232294756
5.750000000000255,0.15007761363027058,0.1406773240987007,0.14649464040637838,0.15184658347859392
5.751000000000255,0.15007742982367556,0.140693897906447,0.14653071064979106,0.1518586247907959
5.752000000000256,0.1500772506096815,0.1407114250553248,0.14656661940321425,0.15187074771550355
5.753000000000256,0.15007707587608926,0.1407299236822823,0.14660236830509543,0.15188295280586264
5.754000000000256,0.15007690551316355,0.1407494112496298,0.14663795898658838,0.15189524061876802
5.755000000000257,0.1500767394135794,0.14076990455136176,0.14667339307162755,0.151907611714889
5.756000000000257,0.15007657747236988,0.1407914197194586,0.14670867217700223,0.15192006665869492
5.757000000000257,0.15007641958687526,0.1408139722301722,0.1467437979124303,0.15193260601848102
5.758000000000258,0.15007626565669405,0.14083757691029217,0.14677877188063165,0.15194523036639418
5.759000000000258,0.1500761155836353,0.14086224794339616,0.1468135956774013,0.15195794027845919
5.760000000000258,0.15007596927167224,0.14088799887608378,0.14684827089168223,0.1519707363346049
5.761000000000259,0.1500758266268976,0.14091484262419554,0.14688279910563792,0.15198361911869077
5.762000000000259,0.15007568755748005,0.14094279147901653,0.14691718189472452,0.1519965892185336
5.763000000000259,0.15007555197362207,0.14097185711346683,0.14695142082776266,0.15200964722593405
5.76400000000026,0.15007541978751918,0.14100205058827864,0.14698551746700916,0.152022793736704
5.76500000000026,0.1500752909133202,0.14103338235816015,0.1470194733682282,0.15203602935069346
5.76600000000026,0.15007516526708886,0.14106586227794804,0.1470532900807624,0.15204935467181813
5.767000000000261,0.15007504276676661,0.14109949960874726,0.1470869691476034,0.1520627703080868
5.768000000000261,0.1500749233321364,0.14113430302406102,0.14712051210546243,0.1520762768716292
5.769000000000261,0.15007480688478766,0.14117028061590772,0.14715392048484022,0.15208987497872395
5.770000000000262,0.15007469334808202,0.14120743990092877,0.147187195810097,0.15210356524982652
5.771000000000262,0.15007458264712026,0.1412457878264842,0.14722033959952202,0.15211734830959772
5.772000000000262,0.15007447470871024,0.14128533077673855,0.14725335336540277,0.15213122478693214
5.773000000000263,0.15007436946133548,0.14132607457873483,0.14728623861409398,0.1521451953149868
5.774000000000263,0.15007426683512462,0.14136802450845817,0.14731899684608643,0.15215926053120998
5.775000000000263,0.15007416676182161,0.14141118529688762,0.14735162955607536,0.1521734210773706
5.776000000000264,0.15007406917475707,0.14145556113603616,0.14738413823302873,0.15218767759958718
5.777000000000264,0.15007397400881947,0.14150115568497904,0.14741652436025504,0.15220203074835748
5.778000000000264,0.15007388120042797,0.14154797207586842,0.1474487894154711,0.15221648117858808
5.779000000000265,0.15007379068750515,0.14159601291993565,0.14748093487086944,0.15223102954962436
5.780000000000265,0.15007370240945053,0.14164528031347925,0.14751296219318552,0.15224567652528062
5.781000000000265,0.15007361630711483,0.1416957758438377,0.14754487284376455,0.15226042277387025
5.782000000000266,0.15007353232277443,0.14174750059534774,0.14757666827862828,0.1522752689682362
5.783000000000266,0.15007345040010633,0.14180045515528544,0.14760834994854136,0.1522902157857819
5.784000000000266,0.15007337048416386,0.14185463961979108,0.14763991929907758,0.15230526390850188
5.785000000000267,0.15007329252135226,0.14191005359977513,0.14767137777068579,0.1523204140230131
5.786000000000267,0.15007321645940522,0.1419666962268058,0.14770272679875568,0.15233566682058625
5.787000000000267,0.1500731422473613,0.14202456615897724,0.14773396781368323,0.15235102299717718
5.788000000000268,0.15007306983554106,0.14208366158675587,0.14776510224093597,0.15236648325345872
5.789000000000268,0.1500729991755238,0.14214398023880626,0.14779613150111806,0.15238204829485275
5.790000000000268,0.15007293022012563,0.14220551938779347,0.14782705701003507,0.15239771883156217
5.791000000000269,0.150072862923377,0.14226827585616253,0.14785788017875862,0.1524134955786035
5.792000000000269,0.1500727972405005,0.14233224602189298,0.14788860241369073,0.1524293792558395
5.793000000000269,0.15007273312788938,0.14239742582422932,0.14791922511662803,0.15244537058801177
5.79400000000027,0.15007267054308587,0.14246381076938344,0.14794974968482563,0.15246147030477417
5.79500000000027,0.1500726094447597,0.14253139593621236,0.14798017751106102,0.15247767914072585
5.79600000000027,0.15007254979268694,0.14260017598186703,0.1480105099836975,0.15249399783544487
5.797000000000271,0.15007249154772923,0.1426701451474138,0.14804074848674756,0.15251042713352198
5.798000000000271,0.15007243467181272,0.1427412972634263,0.14807089439993604,0.15252696778459446
5.799000000000271,0.15007237912790727,0.14281362575554882,0.14810094909876312,0.15254362054338053
5.800000000000272,0.15007232488000619,0.14288712365002984,0.14813091395456698,0.1525603861697135
5.801000000000272,0.1500722718931057,0.14296178357922504,0.14816079033458648,0.15257726542857686
5.802000000000272,0.15007222013318489,0.143037597787071,0.14819057960202353,0.15259425909013868
5.803000000000273,0.1500721695671853,0.14311455813452778,0.14822028311610522,0.15261136792978722
5.804000000000273,0.1500721201629912,0.14319265610499163,0.14824990223214582,0.15262859272816587
5.805000000000273,0.15007207188941,0.14327188280967737,0.1482794383016088,0.15264593427120923
5.806000000000274,0.15007202471615189,0.14335222899297073,0.1483088926721683,0.15266339335017856
5.807000000000274,0.1500719786138115,0.14343368503775158,0.1483382666877707,0.15268097076169815
5.808000000000274,0.1500719335538472,0.14351624097068783,0.14836756168869594,0.1526986673077915
5.809000000000275,0.1500718895085628,0.14359988646750058,0.14839677901161868,0.15271648379591807
5.810000000000275,0.15007184645108834,0.14368461085820342,0.14842591998966928,0.15273442103900997
5.811000000000275,0.15007180435536085,0.14377040313231326,0.14845498595249465,0.15275247985550924
5.812000000000276,0.1500717631961059,0.14385725194403717,0.1484839782263189,0.15277066106940504
5.813000000000276,0.15007172294881907,0.1439451456174352,0.14851289813400378,0.15278896551027116
5.814000000000276,0.15007168358974715,0.14403407215155986,0.14854174699510922,0.15280739401330418
5.815000000000277,0.15007164509587032,0.14412401922557594,0.14857052612595334,0.15282594741936126
5.816000000000277,0.1500716074448839,0.14421497420386006,0.14859923683967263,0.15284462657499873
5.817000000000277,0.1500715706151804,0.14430692414108473,0.1486278804462819,0.15286343233251062
5.818000000000278,0.150071534585832,0.14439985578728556,0.14865645825273385,0.15288236554996754
5.819000000000278,0.150071499336573,0.14449375559291766,0.148684971562979,0.15290142709125584
5.820000000000278,0.15007146484778225,0.1445886097139005,0.14871342167802495,0.15292061782611707
5.821000000000279,0.15007143110046658,0.1446844040166562,0.14874180989599584,0.15293993863018765
5.822000000000279,0.15007139807624353,0.1447811240831417,0.14877013751219154,0.15295939038503875
5.823000000000279,0.1500713657573246,0.14487875521587987,0.14879840581914683,0.1529789739782166
5.82400000000028,0.1500713341264993,0.14497728244299066,0.1488266161066903,0.15299869030328303
5.82500000000028,0.15007130316711859,0.14507669052322678,0.14885476966200317,0.15301854025985603
5.82600000000028,0.15007127286307884,0.14517696395101481,0.14888286776967818,0.15303852475365104
5.827000000000281,0.1500712431988063,0.14527808696150857,0.14891091171177803,0.15305864469652217
5.828000000000281,0.15007121415924174,0.14538004353565295,0.14893890276789395,0.15307890100650376
5.829000000000281,0.15007118572982478,0.14548281740526675,0.14896684221520415,0.1530992946078524
5.830000000000282,0.1500711578964794,0.1455863920581432,0.14899473132853192,0.1531198264310889
5.831000000000282,0.15007113064559902,0.14569075074317397,0.149022571380404,0.15314049741304103
5.832000000000282,0.15007110396403212,0.14579587647549935,0.14905036364110852,0.15316130849688597
5.833000000000283,0.15007107783906815,0.1459017520416864,0.14907810937875296,0.1531822606321935
5.834000000000283,0.15007105225842365,0.14600836000494014,0.1491058098593221,0.15320335477496938
5.835000000000283,0.15007102721022875,0.14611568271034858,0.14913346634673566,0.15322459188769882
5.836000000000284,0.15007100268301385,0.14622370229016524,0.14916108010290613,0.15324597293939057
5.837000000000284,0.15007097866569682,0.14633240066913206,0.14918865238779616,0.15326749890562094
5.838000000000284,0.15007095514757035,0.14644175956984398,0.14921618445947618,0.15328917076857843
5.839000000000285,0.15007093211828948,0.14655176051815763,0.14924367757418178,0.15331098951710856
5.840000000000285,0.1500709095678601,0.1466623848486467,0.149271132986371,0.15333295614675893
5.841000000000285,0.15007088748662675,0.14677361371010422,0.14929855194878167,0.15335507165982476
5.842000000000286,0.15007086586526205,0.14688542807109364,0.1493259357124883,0.15337733706539436
5.843000000000286,0.15007084469475535,0.14699780872555002,0.14935328552695953,0.1533997533793955
5.844000000000286,0.1500708239664024,0.1471107362984304,0.14938060264011488,0.15342232162464153
5.845000000000287,0.15007080367179515,0.1472241912514157,0.1494078882983818,0.15344504283087823
5.846000000000287,0.1500707838028124,0.14733815388866112,0.14943514374675249,0.15346791803483054
5.847000000000287,0.1500707643516102,0.14745260436259655,0.14946237022884074,0.15349094828025014
5.848000000000288,0.15007074531061304,0.1475675226797754,0.14948956898693866,0.15351413461796293
5.849000000000288,0.1500707266725056,0.1476828887067689,0.14951674126207337,0.15353747810591697
5.850000000000288,0.1500707084302248,0.14779868217610567,0.14954388829406365,0.15356097980923084
5.851000000000289,0.15007069057695244,0.14791488269225206,0.14957101132157646,0.15358464080024214
5.852000000000289,0.15007067310610808,0.1480314697376327,0.14959811158218347,0.15360846215855647
5.853000000000289,0.15007065601134284,0.14814842267868436,0.14962519031241756,0.1536324449710967
5.85400000000029,0.1500706392865336,0.1482657207719423,0.14965224874782918,0.15365659033215248
5.85500000000029,0.15007062292577789,0.14838334317015184,0.14967928812304282,0.15368089934343032
5.85600000000029,0.15007060692338867,0.1485012689284018,0.14970630967181325,0.1537053731141037
5.857000000000291,0.1500705912738913,0.14861947701027253,0.14973331462708192,0.15373001276086387
5.858000000000291,0.1500705759720194,0.1487379462939942,0.1497603042210331,0.15375481940797062
5.859000000000291,0.15007056101271263,0.14885665557860628,0.1497872796851501,0.1537797941873036
5.860000000000292,0.15007054639111492,0.14897558359011243,0.1498142422502716,0.153804938238414
5.861000000000292,0.1500705321025732,0.14909470898762264,0.14984119314664768,0.1538302527085767
5.862000000000292,0.15007051814263714,0.1492140103694733,0.149868133603996,0.1538557387528423
5.863000000000293,0.15007050450706008,0.14933346627931712,0.14989506485155796,0.15388139753409016
5.864000000000293,0.15007049119180016,0.14945305521217336,0.14992198811815463,0.15390723022308117
5.865000000000293,0.15007047819302302,0.14957275562042685,0.14994890463224303,0.15393323799851133
5.866000000000294,0.15007046550710512,0.14969254591976724,0.14997581562197201,0.15395942204706556
5.867000000000294,0.1500704531306384,0.14981240449505545,0.1500027223152384,0.15398578356347167
5.868000000000294,0.15007044106043582,0.14993230970610613,0.15002962593974292,0.1540123237505551
5.869000000000295,0.15007042929353814,0.15005223989337413,0.15005652772304637,0.15403904381929365
5.870000000000295,0.1500704178272217,0.15017217338353175,0.15008342889262546,0.15406594498887274
5.871000000000295,0.15007040665651328,0.1502920886748845,0.1501103306759289,0.15409302848674108
5.872000000000296,0.15007039577163334,0.15041196462890866,0.15013723430043344,0.1541202955486667
5.873000000000296,0.15007038516068866,0.15053178028304767,0.15016414099369982,0.15414774741879336
5.874000000000296,0.1500703748122912,0.15065151466708857,0.15019105198342883,0.15417538534969713
5.875000000000297,0.1500703647155445,0.15077114680834425,0.15021796849751723,0.15420321060244377
5.876000000000297,0.15007035486003012,0.15089065573692867,0.1502448917641139,0.1542312244466461
5.877000000000297,0.15007034523579355,0.15101002049112836,0.15027182301167585,0.15425942816052218
5.878000000000298,0.15007033583333004,0.15112922012286953,0.15029876346902418,0.1542878230309532
5.879000000000298,0.15007032664357028,0.15124823370328142,0.15032571436540026,0.15431641035354268
5.880000000000298,0.15007031765786602,0.15136704032835707,0.15035267693052176,0.15434519143267525
5.881000000000299,0.1500703088679753,0.15148561912470834,0.15037965239463874,0.15437416758157627
5.882000000000299,0.1500703002660482,0.15160394925541656,0.15040664198858988,0.15440334012237183
5.883000000000299,0.15007029184461237,0.1517220099259761,0.15043364694385855,0.154432710386149
5.8840000000003,0.1500702835965586,0.15183978039032875,0.150460668492629,0.15446227971301651
5.8850000000003,0.15007027551512694,0.15195723995698712,0.15048770786784266,0.15449204945216596
5.8860000000003,0.15007026759389228,0.15207436799524332,0.15051476630325428,0.15452202096193343
5.887000000000301,0.15007025982675098,0.1521911439414612,0.15054184503348833,0.15455219560986133
5.888000000000301,0.1500702522079074,0.15230754730544646,0.15056894529409534,0.15458257477276102
5.889000000000301,0.1500702447318603,0.15242355767689236,0.15059606832160816,0.15461315983677534
5.890000000000302,0.15007023739339043,0.1525391547318964,0.15062321535359843,0.15464395219744204
5.891000000000302,0.15007023018754748,0.15265431823954212,0.15065038762873317,0.15467495325975744
5.892000000000302,0.15007022310963813,0.152769028068543,0.1506775863868311,0.1547061644382405
5.893000000000303,0.15007021615521426,0.15288326419394174,0.15070481286891935,0.1547375871569974
5.894000000000303,0.150070209320061,0.1529970067038605,0.15073206831729002,0.15476922284978645
5.895000000000303,0.150070202600186,0.15311023580629612,0.15075935397555695,0.1548010729600836
5.896000000000304,0.15007019599180837,0.15322293183595478,0.1507866710887123,0.15483313894114825
5.897000000000304,0.15007018949134865,0.15333507526112036,0.15081402090318352,0.15486542225608957
5.898000000000304,0.15007018309541825,0.15344664669055033,0.15084140466689017,0.15489792437793326
5.899000000000305,0.15007017680081028,0.15355762688039348,0.15086882362930082,0.15493064678968874
5.900000000000305,0.15007017060449002,0.15366799674112394,0.15089627904149006,0.1549635909844168
5.901000000000305,0.1500701645035865,0.15377773734448438,0.15092377215619568,0.15499675846529792
5.902000000000306,0.15007015849538324,0.15388682993043418,0.1509513042278757,0.15503015074570048
5.903000000000306,0.15007015257731082,0.15399525591409535,0.1509788765127657,0.15506376934925015
5.904000000000306,0.15007014674693875,0.1541029968926915,0.15100649026893614,0.1550976158098993
5.905000000000307,0.15007014100196808,0.15421003465247468,0.1510341467563497,0.155131691671997
5.906000000000307,0.15007013534022437,0.15431635117563283,0.15106184723691884,0.1551659984903594
5.907000000000307,0.15007012975965098,0.15442192864717605,0.15108959297456329,0.1552005378303407
5.908000000000308,0.15007012425830257,0.15452674946179354,0.1511173852352678,0.15523531126790482
5.909000000000308,0.1500701188343389,0.154630796230679,0.1511452252871399,0.15527032038969688
5.910000000000308,0.15007011348601923,0.15473405178831925,0.15117311440046766,0.1553055667931159
5.911000000000309,0.15007010821169675,0.15483649919924192,0.15120105384777785,0.15534105208638765
5.912000000000309,0.15007010300981316,0.15493812176471877,0.15122904490389377,0.1553767778886379
5.913000000000309,0.15007009787889403,0.15503890302942205,0.15125708884599362,0.15541274582996648
5.91400000000031,0.15007009281754383,0.15513882678802898,0.1512851869536686,0.15544895755152144
5.91500000000031,0.15007008782444176,0.1552378770917736,0.1513133405089815,0.15548541470557423
5.91600000000031,0.15007008289833715,0.15533603825494258,0.15134155079652495,0.15552211895559473
5.917000000000311,0.15007007803804612,0.15543329486131294,0.1513698191034802,0.1555590719763274
5.918000000000311,0.1500700732424473,0.15552963177053056,0.1513981467196759,0.15559627545386773
5.919000000000311,0.15007006851047866,0.15562503412442763,0.15142653493764677,0.15563373108573889
5.920000000000312,0.15007006384113392,0.15571948735327787,0.15145498505269273,0.15567144058096954
5.921000000000312,0.15007005923345984,0.15581297718198964,0.15148349836293787,0.15570940566017152
5.922000000000312,0.15007005468655307,0.15590548963623527,0.15151207616938983,0.15574762805561856
5.923000000000313,0.1500700501995573,0.1559970110485177,0.15154071977599906,0.15578610951132513
5.924000000000313,0.150070045771661,0.15608752806417375,0.15156943048971835,0.15582485178312624
5.925000000000313,0.15007004140209484,0.15617702764731473,0.15159820962056245,0.15586385663875738
5.926000000000314,0.15007003709012956,0.1562654970867052,0.15162705848166785,0.1559031258579352
5.927000000000314,0.15007003283507386,0.15635292400158066,0.15165597838935274,0.15594266123243886
5.928000000000314,0.15007002863627272,0.15643929634740514,0.151684970663177,0.15598246456619158
5.929000000000315,0.15007002449310514,0.15652460242157049,0.15171403662600236,0.15602253767534302
5.930000000000315,0.15007002040498282,0.15660883086903826,0.15174317760405298,0.15606288238835234
5.931000000000315,0.15007001637134873,0.15669197068792648,0.15177239492697572,0.15610350054607125
5.932000000000316,0.15007001239167544,0.15677401123504264,0.15180168992790094,0.15614439400182836
5.933000000000316,0.15007000846546403,0.15685494223136542,0.15183106394350332,0.15618556462151356
5.934000000000316,0.15007000459224273,0.1569347537674767,0.1518605183140628,0.1562270142836632
5.935000000000317,0.15007000077156588,0.15701343630894643,0.15189005438352576,0.15626874487954578
5.936000000000317,0.15006999700301318,0.15709098070167207,0.15191967349956637,0.1563107583132483
5.937000000000317,0.1500699932861883,0.15716737817717627,0.15194937701364802,0.15635305650176315
5.938000000000318,0.1500699896207185,0.15724262035786352,0.15197916628108507,0.1563956413750754
5.939000000000318,0.15006998600625354,0.15731669926223935,0.1520090426611046,0.1564385148762511
5.940000000000318,0.150069982442465,0.15738960731009388,0.15203900751690846,0.15648167896152582
5.941000000000319,0.15006997892904572,0.1574613373276537,0.15206906221573552,0.15652513560039388
5.942000000000319,0.15006997546570902,0.15753188255270198,0.152099208128924,0.15656888677569836
5.943000000000319,0.15006997205218825,0.15760123663967227,0.15212944663197403,0.15661293448372135
5.94400000000032,0.15006996868823588,0.15766939366471622,0.15215977910461048,0.15665728073427526
5.94500000000032,0.1500699653736233,0.15773634813074966,0.15219020693084587,0.15670192755079435
5.94600000000032,0.1500699621081397,0.15780209497247774,0.15222073149904347,0.15674687697042716
5.947000000000321,0.1500699588915921,0.15786662956140354,0.15225135420198074,0.15679213104412945
5.948000000000321,0.1500699557238041,0.15792994771082075,0.15228207643691286,0.1568376918367577
5.949000000000321,0.15006995260461536,0.15799204568079483,0.1523128996056364,0.15688356142716345
5.950000000000322,0.15006994953388098,0.15805292018313394,0.15234382511455344,0.15692974190828807
5.951000000000322,0.1500699465114704,0.15811256838635196,0.15237485437473552,0.15697623538725822
5.952000000000322,0.15006994353726658,0.1581709879206275,0.15240598880198827,0.15702304398548214
5.953000000000323,0.15006994061116496,0.15822817688275972,0.15243722981691582,0.1570701698387463
5.954000000000323,0.1500699377330722,0.15828413384112433,0.15246857884498569,0.15711761509731292
5.955000000000323,0.15006993490290477,0.1583388578406322,0.15250003731659392,0.15716538192601814
5.956000000000324,0.15006993212058767,0.15839234840769278,0.15253160666713012,0.15721347250437057
5.957000000000324,0.15006992938605263,0.1584446055551847,0.1525632883370432,0.15726188902665103
5.958000000000324,0.1500699266992361,0.15849562978743628,0.1525950837719069,0.15731063370201248
5.959000000000325,0.1500699240600773,0.1585454221052187,0.15262699442248592,0.15735970875458094
5.960000000000325,0.15006992146851586,0.15859398401075292,0.152659021744802,0.15740911642355682
5.961000000000325,0.1500699189244891,0.1586413175127345,0.15269116720020035,0.1574588589633172
5.962000000000326,0.1500699164279293,0.15868742513137782,0.1527234322554164,0.15750893864351873
5.963000000000326,0.15006991397876035,0.1587323099034817,0.1527558183826427,0.15755935774920107
5.964000000000326,0.1500699115768943,0.15877597538752022,0.15278832705959605,0.1576101185808912
5.965000000000327,0.15006990922222757,0.15881842566875934,0.15282095976958499,0.15766122345470843
5.966000000000327,0.15006990691463692,0.15885966536440316,0.15285371800157743,0.15771267470247013
5.967000000000327,0.15006990465397416,0.15889969962877132,0.15288660325026865,0.1577644746717979
5.968000000000328,0.15006990244006232,0.15893853415850975,0.15291961701614937,0.15781662572622496
5.969000000000328,0.15006990027268916,0.1589761751978372,0.15295276080557438,0.15786913024530377
5.970000000000328,0.15006989815160224,0.15901262954382941,0.15298603613083117,0.15792199062471476
5.971000000000329,0.15006989607650228,0.15904790455174309,0.15301944451020896,0.15797520927637562
5.972000000000329,0.15006989404703666,0.1590820081403809,0.153052987468068,0.15802878862855124
5.973000000000329,0.1500698920627924,0.15911494879749977,0.15308666653490904,0.15808273112596463
5.97400000000033,0.15006989012328847,0.15914673558526363,0.15312048324744323,0.15813703922990835
5.97500000000033,0.15006988822796824,0.15917737814574184,0.15315443914866228,0.15819171541835697
5.97600000000033,0.1500698863761904,0.15920688670645408,0.15318853578790878,0.15824676218608003
5.977000000000331,0.15006988456722087,0.15923527208596286,0.15322277472094692,0.15830218204475582
5.978000000000331,0.15006988280022304,0.1592625456995142,0.15325715751003352,0.15835797752308622
5.979000000000331,0.15006988107424815,0.15928871956472554,0.1532916857239892,0.1584141511669117
5.980000000000332,0.15006987938822539,0.15931380630732195,0.15332636093827015,0.15847070553932788
5.981000000000332,0.15006987774095135,0.15933781916691972,0.1533611847350398,0.15852764322080218
5.982000000000332,0.15006987613107908,0.15936077200285573,0.1533961587032411,0.15858496680929166
5.983000000000333,0.15006987455710719,0.1593826793000618,0.15343128443866919,0.1586426789203617
5.984000000000333,0.15006987301736813,0.15940355617498306,0.1534665635440439,0.15870078218730518
5.985000000000333,0.15006987151001686,0.15942341838153606,0.15350199762908306,0.15875927926126254
5.986000000000334,0.1500698700330185,0.15944228231710636,0.15353758831057598,0.15881817281134303
5.987000000000334,0.1500698685841368,0.1594601650285814,0.15357333721245717,0.15887746552474627
5.988000000000334,0.15006986716092158,0.15947708421841533,0.15360924596588035,0.158937160106885
5.989000000000335,0.15006986576069684,0.1594930582507226,0.15364531620929303,0.15899725928150837
5.990000000000335,0.15006986438054812,0.15950810615739536,0.15368154958851118,0.1590577657908264
5.991000000000335,0.15006986301731098,0.15952224764424142,0.15371794775679434,0.1591186823956349
5.992000000000336,0.15006986166755873,0.15953550309713654,0.15375451237492108,0.15918001187544167
5.993000000000336,0.15006986032759048,0.15954789358818774,0.1537912451112647,0.15924175702859317
5.994000000000336,0.1500698589934202,0.1595594408819006,0.1538281476418695,0.15930392067240215
5.995000000000337,0.15006985766076553,0.15957016744134705,0.1538652216505271,0.15936650564327642
5.996000000000337,0.15006985632503683,0.15958009643432608,0.15390246882885333,0.15942951479684805
5.997000000000337,0.15006985498132797,0.159589251739514,0.15393989087636548,0.15949295100810376
5.998000000000338,0.15006985362440628,0.15959765795259703,0.1539774895005597,0.1595568171715161
5.999000000000338,0.1500698522487044,0.15960534039238145,0.15401526641698904,0.15962111620117547
6.000000000000338,0.15006985084831242,0.15961232510687556,0.1540532233493417,0.15968585103092323
6.001000000000339,0.15006984941697113,0.15961863887933894,0.15409136202951965,0.15975102461448537
6.002000000000339,0.15006984794806638,0.15962430923429274,0.15412968419771764,0.1598166399256074
6.003000000000339,0.1500698464346244,0.15962936444348788,0.15416819160250264,0.15988269995819004
6.00400000000034,0.15006984486930863,0.1596338335318252,0.15420688600089363,0.15994920772642576
6.00500000000034,0.15006984324441755,0.15963774628322466,0.15424576915844176,0.1600161662649364
6.00600000000034,0.15006984155188471,0.15964113324643908,0.15428484284931085,0.16008357862891148
6.007000000000341,0.1500698397832792,0.15964402574080974,0.1543241088563584,0.16015144789424782
6.008000000000341,0.15006983792980905,0.15964645586196083,0.15436356897121692,0.16021977715768967
6.009000000000341,0.15006983598232532,0.15964845648743037,0.15440322499437575,0.1602885695369702
6.010000000000342,0.1500698339313292,0.1596500612822352,0.15444307873526308,0.16035782817095362
6.011000000000342,0.15006983176698005,0.15965130470436958,0.1544831320123286,0.16042755621977842
6.012000000000342,0.15006982947910613,0.15965222201023502,0.15452338665312648,0.16049775686500167
6.013000000000343,0.1500698270572182,0.15965284926000164,0.1545638444943987,0.16056843330974402
6.014000000000343,0.1500698244905239,0.15965322332289994,0.1546045073821589,0.16063958877883602
6.015000000000343,0.15006982176794637,0.1596533818824436,0.15464537717177657,0.1607112265189651
6.016000000000344,0.15006981887814433,0.1596533634415829,0.1546864557280618,0.16078334979882386
6.017000000000344,0.15006981580953568,0.15965320732778931,0.15472774492535024,0.1608559619092591
6.018000000000344,0.15006981255032337,0.1596529536980721,0.15476924664758873,0.1609290661634221
6.019000000000345,0.15006980908852507,0.15965264354392691,0.15481096278842116,0.16100266589691953
6.020000000000345,0.15006980541200549,0.15965231869621693,0.154852895251275,0.16107676446796607
6.021000000000345,0.1500697972609302,0.1596519179157173,0.15489482771412882,0.1610865308226272
6.022000000000346,0.15006981052903098,0.15965152684248976,0.15493654385496125,0.1610963633707946
6.023000000000346,0.15006988746545635,0.1596511452504654,0.15497804557719974,0.1611062625611086
6.024000000000346,0.1500700694467363,0.1596507729186742,0.1550193347744882,0.16111622884525026
6.025000000000347,0.15007039698240035,0.1596504096311258,0.15506041333077344,0.16112626267796198
6.026000000000347,0.15007090972074225,0.15965005517669312,0.15510128312039112,0.16113636451706825
6.027000000000347,0.15007164645471788,0.15964970934899853,0.15514194600815132,0.16114653482349664
6.028000000000348,0.1500726451279611,0.1596493719463033,0.15518240384942356,0.16115677406129875
6.029000000000348,0.1500739428409043,0.15964904277139913,0.15522265849022143,0.16116708269767124
6.030000000000348,0.15007557585699124,0.15964872163150273,0.15526271176728695,0.1611774612029775
6.031000000000349,0.1500775796089705,0.15964840833815236,0.15530256550817428,0.16118791005076874
6.032000000000349,0.1500799887052578,0.15964810270710766,0.1553422215313331,0.16119842971780585
6.033000000000349,0.1500828369363583,0.1596478045582514,0.15538168164619162,0.16120902068408105
6.03400000000035,0.15008615728133773,0.1596475137154933,0.15542094765323916,0.1612196834328398
6.03500000000035,0.15008998191433517,0.15964723000667666,0.15546002134410822,0.16123041845060285
6.03600000000035,0.1500943422111084,0.15964695326348732,0.15549890450165635,0.16124122622718848
6.037000000000351,0.1500992687556049,0.159646683321364,0.15553759890004734,0.16125210725573474
6.038000000000351,0.15010479134655133,0.1596464200194116,0.15557610630483235,0.16126306203272212
6.039000000000351,0.15011093900405667,0.1596461632003163,0.15561442847303034,0.16127409105799603
6.040000000000352,0.15011773997622122,0.15964591271026238,0.15565256715320827,0.16128519483478979
6.041000000000352,0.15012522174574905,0.15964566839885158,0.15569052408556092,0.16129637386974732
6.042000000000352,0.15013341103655792,0.15964543011902405,0.15572830100199025,0.16130762867294662
6.043000000000353,0.150142333820383,0.15964519772698124,0.15576589962618445,0.1613189597579227
6.044000000000353,0.15015201532337177,0.15964497108211098,0.15580332167369657,0.16133036764169126
6.045000000000353,0.15016248003266625,0.1596447500469139,0.1558405688520228,0.16134185284477212
6.046000000000354,0.15017375170297084,0.15964453448693233,0.15587764286068037,0.16135341589121302
6.047000000000354,0.15018585336310283,0.15964432427068037,0.15591454539128516,0.16136505730861359
6.048000000000354,0.15019880732252522,0.15964411926957617,0.1559512781276288,0.1613767776281494
6.049000000000355,0.15021263517785854,0.1596439193578758,0.15598784274575553,0.16138857738459605
6.050000000000355,0.1502273578193728,0.15964372441260916,0.1560242409140387,0.16140045711635387
6.051000000000355,0.1502429954374568,0.15964353431351685,0.15606047429325684,0.16141241736547216
6.052000000000356,0.1502595675290662,0.1596433489429897,0.15609654453666952,0.16142445867767413
6.053000000000356,0.15027709290414798,0.15964316818600927,0.1561324532900927,0.1614365816023818
6.054000000000356,0.15029558969204368,0.15964299193009007,0.1561682021919739,0.1614487866927409
6.055000000000357,0.1503150753478691,0.15964282006522398,0.15620379287346683,0.16146107450564628
6.056000000000357,0.15033556665887246,0.15964265248382542,0.156239226958506,0.16147344560176727
6.057000000000357,0.15035707975077078,0.1596424890806789,0.15627450606388069,0.16148590054557319
6.058000000000358,0.15037963009406521,0.1596423297528874,0.15630963179930876,0.16149843990535928
6.059000000000358,0.15040323251033527,0.15964217439982276,0.1563446057675101,0.16151106425327247
6.060000000000358,0.1504279011785136,0.15964202292307733,0.15637942956427975,0.16152377416533745
6.061000000000359,0.15045364964114138,0.15964187522641715,0.1564141047785607,0.16153657022148316
6.062000000000359,0.1504804908106051,0.15964173121573647,0.15644863299251638,0.16154945300556905
6.063000000000359,0.1505084369753553,0.1596415907990136,0.15648301578160298,0.16156242310541186
6.06400000000036,0.15053749980610898,0.15964145388626844,0.15651725471464112,0.1615754811128123
6.06500000000036,0.15056769036203443,0.1596413203895207,0.15655135135388762,0.16158862762358225
6.06600000000036,0.15059901909692153,0.15964119022275006,0.15658530725510666,0.16160186323757172
6.067000000000361,0.15063149586533556,0.15964106330185673,0.15661912396764086,0.1616151885586964
6.068000000000361,0.1506651299287576,0.15964093954462433,0.15665280303448187,0.16162860419496508
6.069000000000361,0.15069992996170933,0.15964081887068246,0.15668634599234088,0.16164211075850748
6.070000000000362,0.15073590405786563,0.15964070120147164,0.15671975437171867,0.16165570886560224
6.071000000000362,0.15077305973615204,0.15964058646020862,0.15675302969697547,0.1616693991367048
6.072000000000362,0.15081140394682999,0.1596404745718526,0.15678617348640048,0.161683182196476
6.073000000000363,0.15085094307756805,0.15964036546307275,0.15681918725228122,0.16169705867381046
6.074000000000363,0.15089168295950098,0.15964025906221666,0.15685207250097244,0.1617110292018651
6.075000000000363,0.15093362887327452,0.15964015529927897,0.1568848307329649,0.1617250944180883
6.076000000000364,0.15097678555507762,0.15964005410587184,0.15691746344295382,0.1617392549642489
6.077000000000364,0.15102115720266096,0.15963995541519518,0.1569499721199072,0.1617535114864655
6.0780000000003644,0.151066747481341,0.15963985916200832,0.1569823582471335,0.1617678646352358
6.079000000000365,0.1511135595299909,0.15963976528260204,0.15701462330234955,0.16178231506546636
6.080000000000365,0.15116159596701564,0.15963967371477106,0.1570467687577479,0.16179686343650268
6.0810000000003654,0.1512108588963128,0.159639584397788,0.15707879608006398,0.16181151041215894
6.082000000000366,0.1512613499132171,0.15963949727237625,0.157110706730643,0.16182625666074854
6.083000000000366,0.1513130701104284,0.1596394122806852,0.15714250216550674,0.16184110285511452
6.0840000000003664,0.15136602008392316,0.15963932936626496,0.1571741838354198,0.1618560496726602
6.085000000000367,0.15142019993884723,0.1596392484740412,0.15720575318595603,0.1618710977953802
6.086000000000367,0.15147560929539064,0.15963916955029164,0.15723721165756424,0.16188624790989142
6.0870000000003675,0.15153224729464282,0.15963909254262168,0.15726856068563413,0.16190150070746456
6.088000000000368,0.15159011260442734,0.1596390173999411,0.15729980170056165,0.16191685688405547
6.089000000000368,0.15164920342511576,0.15963894407244106,0.1573309361278144,0.16193231714033704
6.0900000000003685,0.15170951749541936,0.1596388725115708,0.1573619653879965,0.16194788218173103
6.091000000000369,0.1517710520981586,0.15963880267001596,0.1573928908969135,0.16196355271844046
6.092000000000369,0.151833804066008,0.15963873450167537,0.15742371406563704,0.16197932946548182
6.0930000000003695,0.15189776978721783,0.15963866796163967,0.15745443630056916,0.16199521314271778
6.09400000000037,0.15196294521130946,0.1596386030061693,0.15748505900350646,0.1620112044748901
6.09500000000037,0.15202932585474546,0.15963853959267305,0.15751558357170406,0.16202730419165248
6.0960000000003705,0.15209690680657306,0.15963847767968675,0.15754601139793944,0.16204351302760414
6.097000000000371,0.15216568273403974,0.1596384172268521,0.15757634387057592,0.1620598317223232
6.098000000000371,0.1522356478881817,0.15963835819489547,0.157606582373626,0.1620762610204003
6.0990000000003715,0.1523067961093833,0.15963830054560768,0.15763672828681446,0.16209280167147277
6.100000000000372,0.15237912083290797,0.15963824424182285,0.15766678298564155,0.16210945443025881
6.101000000000372,0.15245261509440008,0.15963818924739814,0.1576967478414454,0.16212622005659183
6.1020000000003725,0.15252727153535675,0.15963813552719341,0.1577266242214649,0.16214309931545517
6.103000000000373,0.15260308240857112,0.15963808304705138,0.15775641348890196,0.162160092977017
6.104000000000373,0.15268003958354473,0.15963803177377717,0.15778611700298364,0.16217720181666553
6.1050000000003735,0.15275813455187126,0.1596379816751188,0.15781573611902425,0.1621944266150442
6.106000000000374,0.15283735843259083,0.1596379327197471,0.15784527218848723,0.16221176815808755
6.107000000000374,0.15291770197751486,0.15963788487723674,0.15787472655904672,0.16222922723705688
6.1080000000003745,0.15299915557652277,0.15963783811804602,0.15790410057464913,0.16224680464857646
6.109000000000375,0.1530817092628307,0.15963779241349846,0.15793339557557437,0.1622645011946698
6.110000000000375,0.1531653527182331,0.15963774773576297,0.1579626128984971,0.16228231768279638
6.1110000000003755,0.15325007527831813,0.1596377040578351,0.1579917538765477,0.16230025492588832
6.112000000000376,0.15333586593765805,0.1596376613535184,0.15802081983937308,0.1623183137423876
6.113000000000376,0.1534227133549757,0.1596376195974055,0.15804981211319732,0.16233649495628336
6.1140000000003765,0.1535106058582885,0.15963757876485965,0.1580787320208822,0.1623547993971495
6.115000000000377,0.15359953145003166,0.1596375388319964,0.15810758088198765,0.1623732279001825
6.116000000000377,0.15368947781216274,0.1596374997756655,0.15813636001283177,0.1623917813062396
6.1170000000003775,0.153780432311248,0.1596374615734326,0.15816507072655106,0.16241046046187707
6.118000000000378,0.153872382003535,0.1596374242035618,0.15819371433316032,0.16242926621938897
6.119000000000378,0.15396531364001112,0.15963738764499769,0.15822229213961228,0.16244819943684588
6.1200000000003785,0.15405921367145226,0.15963735187734793,0.15825080544985742,0.1624672609781342
6.121000000000379,0.15415406825346356,0.15963731688086624,0.15827925556490338,0.16248645171299544
6.122000000000379,0.15424986325151455,0.15963728263643492,0.15830764378287426,0.162505772517066
6.1230000000003795,0.15434658424597184,0.15963724912554847,0.15833597139906996,0.1625252242719171
6.12400000000038,0.15444421653713208,0.1596372163302963,0.15836423970602526,0.16254480786509498
6.12500000000038,0.15454274515025873,0.15963718423334702,0.1583924499935687,0.16256452419016135
6.1260000000003805,0.15464215484062405,0.1596371528179318,0.15842060354888157,0.16258437414673435
6.127000000000381,0.15474243009856248,0.15963712206782826,0.15844870165655658,0.16260435864052938
6.128000000000381,0.15484355515453477,0.15963709196734532,0.15847674559865643,0.1626244785834005
6.1290000000003815,0.15494551398420947,0.15963706250130716,0.15850473665477235,0.1626447348933821
6.130000000000382,0.1550482903135625,0.15963703365503823,0.15853267610208255,0.16266512849473072
6.131000000000382,0.15515186762400002,0.15963700541434808,0.15856056521541032,0.16268566031796725
6.1320000000003825,0.15525622915750598,0.15963697776551714,0.1585884052672824,0.16270633129991938
6.133000000000383,0.1553613579218187,0.1596369506952816,0.15861619752798692,0.1627271423837643
6.134000000000383,0.15546723669563875,0.15963692419081976,0.15864394326563136,0.16274809451907185
6.1350000000003835,0.15557384803387156,0.15963689823973798,0.1586716437462005,0.16276918866184772
6.136000000000384,0.15568117427290662,0.1596368728300572,0.15869930023361406,0.16279042577457717
6.137000000000384,0.15578919753593748,0.15963684795019942,0.15872691398978453,0.16281180682626892
6.1380000000003845,0.15589789973832255,0.15963682358897516,0.15875448627467456,0.16283333279249929
6.139000000000385,0.15600726259299125,0.1596367997355703,0.15878201834635458,0.16285500465545677
6.140000000000385,0.1561172676158956,0.15963677637953433,0.15880951146106018,0.1628768234039869
6.1410000000003855,0.1562278961315098,0.15963675351076806,0.1588369668732494,0.1628987900336373
6.142000000000386,0.15633912927837892,0.1596367311195121,0.15886438583566007,0.1629209055467031
6.143000000000386,0.15645094801471704,0.15963670919633557,0.1588917695993667,0.16294317095227273
6.1440000000003865,0.1565633331240566,0.15963668773212525,0.15891911941383793,0.16296558726627386
6.145000000000387,0.156676265220948,0.15963666671807497,0.15894643652699328,0.1629881555115199
6.146000000000387,0.15678972475671007,0.1596366461456758,0.1589737221852602,0.16301087671775658
6.1470000000003875,0.15690369202523033,0.15963662600670622,0.15900097763363089,0.16303375192170888
6.148000000000388,0.15701814716881396,0.15963660629322263,0.15902820411571914,0.16305678216712852
6.149000000000388,0.15713307018408051,0.15963658699755093,0.15905540287381706,0.1630799685048413
6.1500000000003885,0.15724844092790558,0.1596365681122778,0.15908257514895177,0.16310331199279535
6.151000000000389,0.15736423912340522,0.1596365496302433,0.15910972218094205,0.1631268136961092
6.152000000000389,0.15748044436596054,0.15963653154453292,0.15913684520845486,0.16315047468712052
6.1530000000003895,0.15759703612927795,0.15963651384847105,0.15916394546906185,0.16317429604543482
6.15400000000039,0.15771399377148215,0.15963649653561482,0.15919102419929593,0.16319827885797505
6.15500000000039,0.15783129654123618,0.15963647959974794,0.15921808263470755,0.16322242421903083
6.1560000000003905,0.15794892358388377,0.15963646303487594,0.1592451220099212,0.16324673323030867
6.157000000000391,0.15806685394760905,0.15963644683522119,0.15927214355869163,0.16327120700098205
6.158000000000391,0.15818506658960593,0.1596364309952197,0.1592991485139603,0.16329584664774224
6.1590000000003915,0.15830354038225136,0.15963641550951735,0.15932613810791146,0.16332065329484896
6.160000000000392,0.15842225411927469,0.1596364003729675,0.15935311357202847,0.16334562807418193
6.161000000000392,0.1585411865219155,0.15963638558062931,0.15938007613714997,0.16337077212529236
6.1620000000003925,0.1586603162450611,0.15963637112776738,0.15940702703352605,0.16339608659545504
6.163000000000393,0.15877962188335434,0.15963635700985038,0.15943396749087438,0.16342157263972068
6.164000000000393,0.15889908197726332,0.15963634322255313,0.15946089873843633,0.16344723142096854
6.1650000000003935,0.15901867501910122,0.1596363297617576,0.159487822005033,0.16347306410995954
6.166000000000394,0.15913837945898643,0.15963631662355565,0.1595147385191214,0.1634990718853897
6.167000000000394,0.15925817371073225,0.15963630380425278,0.15954164950885039,0.1635252559339439
6.1680000000003945,0.15937803615765186,0.15963629130037257,0.15956855620211677,0.16355161745035005
6.169000000000395,0.1594979451582695,0.15963627910866307,0.1595954598266213,0.16357815763743347
6.170000000000395,0.15961787905192204,0.15963626722610308,0.15962236160992474,0.163604877706172
6.1710000000003955,0.15973781616423816,0.15963625564991069,0.15964926277950384,0.1636317788757511
6.172000000000396,0.15985773499372627,0.1596362443751118,0.15967616456280728,0.16365886237361946
6.173000000000396,0.15997761440459274,0.15963623339203462,0.1597030681873118,0.16368612943554509
6.1740000000003965,0.1600974334381379,0.15963622268893993,0.1597299748805782,0.16371358130567173
6.175000000000397,0.16021717112769515,0.15963621225458324,0.1597568858703072,0.1637412192365755
6.176000000000397,0.16033680650372276,0.1596362020782016,0.1597838023843956,0.16376904448932214
6.1770000000003975,0.16045631859900486,0.15963619214950114,0.15981072565099227,0.1637970583335245
6.178000000000398,0.1605756864539636,0.15963618245864297,0.15983765689855423,0.16382526204740055
6.179000000000398,0.16069488912208124,0.15963617299623045,0.15986459735590255,0.16385365691783157
6.1800000000003985,0.16081390567543094,0.15963616375329429,0.15989154825227864,0.16388224424042105
6.181000000000399,0.1609327152103169,0.15963615472127943,0.15991851081740013,0.16391102531955362
6.182000000000399,0.16105129685301978,0.1596361458920307,0.1599454862815171,0.16394000146845467
6.1830000000003995,0.16116962976564755,0.1596361372577786,0.15997247587546826,0.16396917400925023
6.1840000000004,0.1612876931520884,0.15963612881112554,0.15999948083073692,0.1639985442730274
6.1850000000004,0.16140546626406305,0.15963612054503182,0.16002650237950738,0.1640281135998949
6.1860000000004005,0.16152292840727236,0.15963611245280174,0.16005354175472103,0.16405788333904434
6.187000000000401,0.16164005894763875,0.15963610452807012,0.16008060019013265,0.1640878548488118
6.188000000000401,0.16175683731763488,0.1596360967647887,0.1601076789203667,0.16411802949673973
6.1890000000004015,0.16187324302269682,0.15963608915721317,0.1601347791809737,0.16414840865963942
6.190000000000402,0.16198925564771668,0.15963608169988988,0.16016190220848653,0.16417899372365374
6.191000000000402,0.1621048548636098,0.15963607438764363,0.1601890492404768,0.16420978608432044
6.1920000000004025,0.16222002043395042,0.15963606721556478,0.16021622151561155,0.16424078714663584
6.193000000000403,0.16233473222167166,0.1596360601789981,0.16024342027370947,0.1642719983251189
6.194000000000403,0.16244897019582283,0.1596360532735301,0.16027064675579772,0.1643034210438758
6.1950000000004035,0.16256271443837897,0.15963604649497848,0.1602979022041684,0.16433505673666485
6.196000000000404,0.1626759451510958,0.15963603983938074,0.16032518786243533,0.164366906846962
6.197000000000404,0.1627886426624049,0.15963603330298395,0.16035250497559067,0.16439897282802665
6.1980000000004045,0.1629007874343415,0.15963602688223413,0.1603798547900619,0.16443125614296797
6.199000000000405,0.16301236006949993,0.15963602057376675,0.16040723855376854,0.16446375826481166
6.200000000000405,0.16312334131800896,0.15963601437439723,0.1604346575161792,0.16449648067656714
6.2010000000004055,0.16323371208452217,0.15963600828111155,0.16046211292836843,0.16452942487129524
6.202000000000406,0.1633434534352159,0.15963600229105812,0.16048960604307405,0.16456259235217632
6.203000000000406,0.16345254660478914,0.15963599640153897,0.16051713811475407,0.16459598463257888
6.2040000000004065,0.16356097300345918,0.1596359906100017,0.16054471039964407,0.16462960323612855
6.205000000000407,0.1636687142239474,0.15963598491403228,0.16057232415581452,0.16466344969677774
6.206000000000407,0.16377575204844913,0.15963597931134763,0.16059998064322809,0.1646975255588754
6.2070000000004075,0.16388206845558215,0.15963597379978822,0.16062768112379722,0.1647318323772378
6.208000000000408,0.16398764562730894,0.15963596837731234,0.16065542686144166,0.16476637171721914
6.209000000000408,0.16409246595582705,0.15963596304198913,0.16068321912214617,0.16480114515478322
6.2100000000004085,0.16419651205042385,0.15963595779199274,0.16071105917401826,0.1648361542765753
6.211000000000409,0.1642997667442904,0.15963595262559693,0.16073894828734603,0.1648714006799943
6.212000000000409,0.16440221310129055,0.1596359475411695,0.16076688773465622,0.16490688597326608
6.2130000000004095,0.16450383442268224,0.1596359425371671,0.16079487879077214,0.16494261177551633
6.21400000000041,0.16460461425378664,0.15963593761213082,0.160822922732872,0.1649785797168449
6.21500000000041,0.16470453639060278,0.1596359327646813,0.16085102084054698,0.16501479143839987
6.2160000000004105,0.16480358488636468,0.15963592799351442,0.16087917439585986,0.16505124859245265
6.217000000000411,0.16490174405803895,0.15963592329739776,0.16090738468340332,0.16508795284247316
6.218000000000411,0.16499899849276034,0.15963591867516605,0.1609356529903586,0.16512490586320586
6.2190000000004115,0.16509533305420457,0.15963591412571843,0.1609639806065543,0.16516210934074618
6.220000000000412,0.1651907328888961,0.15963590964801413,0.16099236882452517,0.16519956497261734
6.221000000000412,0.1652851834324509,0.15963590524107027,0.16102081893957113,0.165237274467848
6.2220000000004125,0.16537867041575294,0.15963590090395832,0.16104933224981627,0.16527523954705
6.223000000000413,0.16547117987106447,0.15963589663580166,0.16107791005626823,0.16531346194249702
6.224000000000413,0.16556269813807015,0.15963589243577264,0.16110655366287746,0.1653519433982036
6.2250000000004135,0.16565321186985532,0.15963588830309067,0.16113526437659675,0.16539068567000473
6.226000000000414,0.16574270803881874,0.15963588423701958,0.16116404350744085,0.16542969052563583
6.227000000000414,0.16583117394252136,0.15963588023686578,0.16119289236854625,0.16546895974481368
6.2280000000004145,0.16591859720947108,0.1596358763019763,0.16122181227623114,0.1655084951193173
6.229000000000415,0.16600496580484672,0.159635872431737,0.1612508045500554,0.16554829845307004
6.230000000000415,0.16609026803616012,0.15963586862557097,0.16127987051288076,0.1655883715622215
6.2310000000004155,0.16617449255886088,0.15963586488293693,0.16130901149093138,0.16562871627523082
6.232000000000416,0.16625762838188332,0.15963586120332798,0.16133822881385412,0.16566933443294973
6.233000000000416,0.1663396648731394,0.1596358575862703,0.16136752381477934,0.16571022788870682
6.2340000000004165,0.1664205917649584,0.15963585403132202,0.16139689783038172,0.16575139850839204
6.235000000000417,0.1665003991594771,0.15963585053807205,0.1614263522009412,0.16579284817054168
6.236000000000417,0.16657907753398116,0.15963584710613932,0.16145588827040416,0.16583457876642427
6.2370000000004175,0.16665661774620194,0.15963584373517165,0.16148550738644477,0.16587659220012682
6.238000000000418,0.1667330110395698,0.1596358404248451,0.16151521090052642,0.16591889038864163
6.239000000000418,0.16680824904842745,0.15963583717486343,0.16154500016796347,0.16596147526195387
6.2400000000004185,0.16688232380320547,0.15963583398495687,0.161574876547983,0.16600434876312958
6.241000000000419,0.166955227735563,0.15963583085488225,0.16160484140378686,0.1660475128484043
6.242000000000419,0.1670269536834958,0.15963582778442165,0.16163489610261392,0.1660909694872724
6.2430000000004195,0.1670974948964152,0.15963582477338242,0.1616650420158024,0.16613472066257687
6.24400000000042,0.1671668450401997,0.15963582182159622,0.16169528051885243,0.16617876837059986
6.24500000000042,0.1672349982022227,0.15963581892891882,0.16172561299148888,0.16622311462115374
6.2460000000004205,0.1673019488963581,0.15963581609522948,0.16175604081772427,0.16626776143767286
6.247000000000421,0.1673676920679681,0.15963581332043006,0.16178656538592187,0.16631271085730567
6.248000000000421,0.1674322230988737,0.15963581060444493,0.16181718808885914,0.16635796493100793
6.2490000000004216,0.16749553781231252,0.15963580794721993,0.16184791032379126,0.1664035257236362
6.250000000000422,0.16755763247788513,0.1596358053487218,0.1618787334925148,0.16644939531404193
6.251000000000422,0.16761850381649357,0.1596358028089376,0.16190965900143184,0.16649557579516655
6.2520000000004226,0.16767814900527386,0.15963580032787336,0.16194068826161392,0.16654206927413673
6.253000000000423,0.16773656568252537,0.1596357979055537,0.16197182268886667,0.16658887787236065
6.254000000000423,0.16779375195264007,0.15963579554202023,0.16200306370379422,0.16663600372562481
6.2550000000004236,0.16784970639103308,0.15963579323733043,0.1620344127318641,0.16668344898419146
6.256000000000424,0.16790442804907849,0.15963579099155636,0.16206587120347235,0.16673121581289668
6.257000000000424,0.1679579164590518,0.15963578880478296,0.16209744055400854,0.1667793063912491
6.258000000000425,0.16801017163908197,0.15963578667710632,0.16212912222392162,0.16682772291352957
6.259000000000425,0.16806119409811587,0.1596357846086314,0.16216091765878532,0.16687646758889105
6.260000000000425,0.16811098484089695,0.15963578259947023,0.16219282830936435,0.16692554264145948
6.261000000000426,0.16815954537296138,0.15963578064973893,0.16222485563168043,0.16697495031043538
6.262000000000426,0.16820687770565373,0.15963577875955526,0.16225700108707877,0.16702469285019578
6.263000000000426,0.1682529843611642,0.15963577692903533,0.16228926614229483,0.1670747725303973
6.264000000000427,0.16829786837759114,0.1596357751582901,0.16232165226952114,0.1671251916360796
6.265000000000427,0.16834153331403004,0.15963577344742197,0.16235416094647448,0.16717595246776973
6.266000000000427,0.16838398325569195,0.15963577179652033,0.1623867936564634,0.167227057341587
6.267000000000428,0.16842522281905364,0.15963577020565717,0.16241955188845586,0.16727850858934867
6.268000000000428,0.16846525715704147,0.15963576867488236,0.16245243713714708,0.16733030855867648
6.269000000000428,0.168504091964252,0.15963576720421788,0.1624854509030278,0.16738245961310352
6.270000000000429,0.1685417334822102,0.15963576579365293,0.1625185946924528,0.16743496413218234
6.271000000000429,0.1685781885046685,0.15963576444313704,0.1625518700177096,0.16748782451159333
6.272000000000429,0.16861346438294772,0.1596357631525739,0.1625852783970874,0.1675410431632542
6.27300000000043,0.16864756903132244,0.15963576192181422,0.16261882135494643,0.1675946225154298
6.27400000000043,0.16868051093245115,0.15963576075064806,0.16265250042178747,0.1676485650128432
6.27500000000043,0.1687122991428542,0.15963575963879725,0.16268631713432166,0.16770287311678692
6.276000000000431,0.16874294329843897,0.15963575858590687,0.1627202730355407,0.16775754930523554
6.277000000000431,0.1687724536200746,0.15963575759153611,0.1627543696747872,0.1678125960729586
6.278000000000431,0.1688008409192157,0.15963575665514923,0.16278860860782535,0.16786801593163442
6.279000000000432,0.16882811660357702,0.15963575577610578,0.16282299139691195,0.1679238114099648
6.280000000000432,0.16885429268285634,0.15963575495365032,0.16285751961086764,0.16797998505379028
6.281000000000432,0.16887938177450856,0.15963575418690187,0.16289219482514858,0.16803653942620644
6.282000000000433,0.1689033971095676,0.15963575347484296,0.16292701862191822,0.16809347710768074
6.283000000000433,0.16892635253851643,0.15963575281630826,0.16296199259011954,0.16815080069617025
6.284000000000433,0.16894826253720305,0.1596357522099728,0.1629971183255476,0.1682085128072403
6.285000000000434,0.16896914221280057,0.15963575165434024,0.16303239743092232,0.16826661607418375
6.286000000000434,0.16898900730981,0.15963575114773015,0.1630678315159615,0.16832511314814114
6.287000000000434,0.16900787421610106,0.1596357506882664,0.1631034221974544,0.1683840066982216
6.288000000000435,0.1690257599689896,0.15963575027386362,0.1631391710993356,0.16844329941162486
6.289000000000435,0.16904268226134747,0.15963574990221513,0.16317507985275878,0.1685029939937636
6.290000000000435,0.16905865944774026,0.1596357495707798,0.16321115009617146,0.16856309316838697
6.291000000000436,0.1690737105505896,0.15963574927676952,0.1632473834753896,0.168623599677705
6.292000000000436,0.16908785526635448,0.1596357490171366,0.16328378164367277,0.1686845162825135
6.293000000000436,0.16910111397172703,0.1596357487885608,0.1633203462617995,0.16874584576232027
6.294000000000437,0.16911350772983755,0.15963574858743754,0.16335707899814314,0.16880759091547176
6.295000000000437,0.16912505829646304,0.1596357484098657,0.16339398152874793,0.16886975455928077
6.296000000000437,0.16913578812623378,0.15963574825163596,0.16343105553740553,0.16893233953015505
6.297000000000438,0.16914572037883224,0.15963574810821982,0.16346830271573176,0.16899534868372665
6.298000000000438,0.1691548789251785,0.159635747974759,0.1635057247632439,0.16905878489498236
6.299000000000438,0.1691632883535962,0.15963574784605536,0.16354332338743813,0.1691226510583947
6.300000000000439,0.16917097397595338,0.1596357477165622,0.16358110030386747,0.16918695008805407
6.301000000000439,0.16917796183377265,0.15963574758037546,0.16361905723622014,0.16925168491780185
6.302000000000439,0.1691842787043049,0.15963574743122688,0.16365719591639807,0.16931685850136396
6.30300000000044,0.16918995210656182,0.15963574726247712,0.16369551808459606,0.16938247381248603
6.30400000000044,0.1691950103073012,0.15963574706711114,0.16373402548938107,0.16944853384506867
6.30500000000044,0.16919948232696194,0.15963574683773415,0.1637727198877721,0.1695150416133044
6.306000000000441,0.16920339794554248,0.1596357465665691,0.16381160304532022,0.16958200015181504
6.307000000000441,0.16920678770842074,0.15963574624545546,0.1638506767361893,0.16964941251579013
6.308000000000441,0.1692096829321097,0.15963574586584992,0.16388994274323684,0.16971728178112647
6.309000000000442,0.169212115709948,0.1596357454188287,0.16392940285809537,0.16978561104456832
6.310000000000442,0.16921411891772073,0.1596357448950911,0.1639690588812542,0.16985440342384886
6.311000000000442,0.16921572621920944,0.15963574428496594,0.16400891262214154,0.16992366205783227
6.312000000000443,0.16921697207166908,0.15963574357841917,0.16404896589920706,0.1699933901066571
6.313000000000443,0.16921789173123028,0.1596357427650639,0.16408922054000494,0.17006359075188032
6.314000000000443,0.16921852125822648,0.15963574183417273,0.16412967838127715,0.1701342671966227
6.315000000000444,0.16921889752244457,0.15963574077469256,0.16417034126903735,0.17020542266571467
6.316000000000444,0.16921905820829877,0.15963573957526156,0.16421121105865502,0.17027706040584376
6.317000000000444,0.16921904181992864,0.15963573822422905,0.16425228961494026,0.17034918368570254
6.318000000000445,0.16921888768621893,0.15963573670967807,0.1642935788122287,0.17042179579613778
6.319000000000445,0.16921863596574466,0.15963573501945078,0.1643350805344672,0.17049490005030074
6.320000000000445,0.16921832765163852,0.15963573314117702,0.1643767966752996,0.1705684997837982
6.321000000000446,0.1692180045763827,0.1596357310623061,0.16441872913815345,0.17064259835484474
6.322000000000446,0.16921760624386994,0.15963572681758056,0.16446066160100728,0.17065236470950587
6.323000000000446,0.16921721758008457,0.15963574384039853,0.1645023777418397,0.17066219725767326
6.324000000000447,0.16921683835980114,0.1596358243819121,0.1645438794640782,0.17067209644798728
6.325000000000447,0.1692164683628782,0.15963600982082607,0.16458516866136666,0.17068206273212894
6.326000000000447,0.16921610737413834,0.1596363406690938,0.1646262472176519,0.17069209656484063
6.327000000000448,0.16921575518325108,0.15963685657774793,0.16466711700726958,0.1707021984039469
6.328000000000448,0.16921541158461798,0.15963759634285132,0.16470777989502977,0.17071236871037532
6.329000000000448,0.16921507637726185,0.15963859791155482,0.164748237736302,0.1707226079481774
6.330000000000449,0.16921474936471761,0.15963989838824943,0.1647884923770999,0.1707329165845499
6.331000000000449,0.1692144303549261,0.15964153404080084,0.1648285456541654,0.17074329508985614
6.332000000000449,0.16921411916013082,0.15964354030685454,0.16486839939505274,0.1707537439376474
6.33300000000045,0.16921381559677673,0.1596459518002035,0.16490805541821155,0.1707642636046845
6.33400000000045,0.16921351948541213,0.1596488023172057,0.16494751553307008,0.1707748545709597
6.33500000000045,0.1692132306505924,0.1596521248432454,0.16498678154011762,0.17078551731971844
6.336000000000451,0.16921294892078637,0.15965595155922868,0.16502585523098667,0.1707962523374815
6.337000000000451,0.1692126741282849,0.15966031384810575,0.1650647383885348,0.1708070601140671
6.338000000000451,0.1692124061091117,0.1596652423014143,0.1651034327869258,0.17081794114261337
6.339000000000452,0.16921214470293655,0.15967076672583644,0.16514194019171083,0.17082889591960077
6.340000000000452,0.1692118897529903,0.15967691614976467,0.16518026235990882,0.1708399249448747
6.341000000000452,0.16921164110598225,0.15968371882987165,0.16521840104008675,0.17085102872166844
6.342000000000453,0.16921139861201914,0.15969120225767863,0.1652563579724394,0.170862207756626
6.343000000000453,0.16921116212452694,0.15969939316612078,0.16529413488886874,0.1708734625598253
6.344000000000453,0.1692109315001739,0.1597083175361029,0.16533173351306293,0.17088479364480139
6.345000000000454,0.16921070659879558,0.15971800060304595,0.16536915556057505,0.17089620152856994
6.346000000000454,0.16921048728332216,0.1597284668634188,0.16540640273890128,0.17090768673165077
6.347000000000454,0.16921027341970746,0.15973974008125627,0.16544347674755885,0.17091924977809167
6.348000000000455,0.1692100648768595,0.15975184329465897,0.16548037927816364,0.17093089119549226
6.349000000000455,0.16920986152657347,0.15976479882227537,0.16551711201450728,0.17094261151502804
6.350000000000455,0.16920966324346579,0.15977862826976505,0.165553676632634,0.1709544112714747
6.351000000000456,0.16920946990491062,0.15979335253624094,0.16559007480091717,0.17096629100323252
6.352000000000456,0.16920928139097743,0.15980899182069253,0.16562630818013532,0.1709782512523508
6.353000000000456,0.16920909758437097,0.15982556562838743,0.165662378423548,0.17099029256455278
6.354000000000457,0.16920891837037236,0.15984309277725298,0.1656982871769712,0.17100241548926046
6.355000000000457,0.16920874363678215,0.15986159140423742,0.16573403607885237,0.17101462057961955
6.356000000000457,0.1692085732738648,0.15988107897165105,0.16576962676034532,0.17102690839252493
6.357000000000458,0.16920840717429514,0.15990157227348806,0.1658050608453845,0.1710392794886459
6.358000000000458,0.16920824523310599,0.159923087441729,0.16584033995075917,0.17105173443245184
6.359000000000458,0.16920808734763726,0.1599456399526253,0.16587546568618725,0.17106427379223793
6.360000000000459,0.16920793341748738,0.15996924463296652,0.1659104396543886,0.1710768981401511
6.361000000000459,0.16920778334446507,0.15999391566632984,0.16594526345115823,0.17108960805221607
6.362000000000459,0.16920763703254352,0.16001966659931458,0.16597993866543917,0.17110240410836178
6.36300000000046,0.16920749438781507,0.16004651034776082,0.16601446687939486,0.17111528689244768
6.36400000000046,0.16920735531844835,0.16007445920295307,0.16604884966848146,0.17112825699229048
6.36500000000046,0.16920721973464556,0.16010352483781098,0.1660830886015196,0.17114131499969096
6.366000000000461,0.16920708754860203,0.16013371831306603,0.1661171852407661,0.1711544615104609
6.367000000000461,0.16920695867446642,0.1601650500834257,0.16615114114198515,0.17116769712445037
6.368000000000461,0.16920683302830228,0.1601975300037257,0.16618495785451934,0.171181022445575
6.369000000000462,0.16920671052805092,0.16023116733507056,0.16621863692136035,0.1711944380818437
6.370000000000462,0.16920659109349503,0.16026597075096216,0.16625217987921936,0.1712079446453861
6.371000000000462,0.169206474646224,0.1603019483434182,0.16628558825859716,0.17122154275248086
6.372000000000463,0.16920636110959913,0.16033910762907894,0.16631886358385395,0.17123523302358343
6.373000000000463,0.16920625040872128,0.1603774555553033,0.16635200737327896,0.17124901608335463
6.374000000000463,0.16920614247039803,0.16041699850625457,0.1663850211391597,0.17126289256068905
6.375000000000464,0.1692060372231128,0.16045774230897467,0.16641790638785092,0.1712768630887437
6.376000000000464,0.16920593459699398,0.16049969223944727,0.16645066461984337,0.1712909283049669
6.377000000000464,0.16920583452378554,0.16054285302865023,0.1664832973298323,0.17130508885112752
6.378000000000465,0.16920573693681784,0.16058722886859514,0.16651580600678567,0.17131934537334412
6.379000000000465,0.16920564177097933,0.16063282341835552,0.16654819213401198,0.17133369852211439
6.380000000000465,0.16920554896268908,0.16067963981008235,0.16658045718922804,0.171348148952345
6.381000000000466,0.16920545844986934,0.16072768065500528,0.16661260264462638,0.17136269732338127
6.382000000000466,0.1692053701719197,0.16077694804942136,0.16664462996694246,0.17137734429903756
6.383000000000466,0.16920528406969076,0.1608274435806675,0.1666765406175215,0.17139209054762716
6.384000000000467,0.16920520008545875,0.1608791683330787,0.16670833605238522,0.17140693674199312
6.385000000000467,0.16920511816290054,0.16093212289392947,0.1667400177222983,0.1714218835595388
6.386000000000467,0.1692050382470693,0.16098630735935834,0.16677158707283452,0.1714369316822588
6.387000000000468,0.16920496028437043,0.16104172134027403,0.16680304554444272,0.17145208179677002
6.388000000000468,0.1692048842225372,0.16109836396824326,0.16683439457251262,0.17146733459434316
6.389000000000468,0.16920481001060836,0.1611562339013582,0.16686563558744014,0.17148269077093406
6.390000000000469,0.16920473759890417,0.16121532933008376,0.16689677001469289,0.17149815102721563
6.391000000000469,0.16920466693900393,0.16127564798308278,0.16692779927487497,0.17151371606860963
6.392000000000469,0.16920459798372373,0.16133718713301856,0.16695872478379198,0.17152938660531905
6.39300000000047,0.16920453068709376,0.1613999436023344,0.16698954795251553,0.17154516335236042
6.39400000000047,0.16920446500433672,0.16146391376900834,0.16702027018744764,0.17156104702959638
6.39500000000047,0.16920440089184566,0.16152909357228296,0.16705089289038494,0.17157703836176869
6.396000000000471,0.16920433830716275,0.16159547851836878,0.16708141745858254,0.17159313807853108
6.397000000000471,0.16920427720895767,0.16166306368612104,0.16711184528481793,0.17160934691448274
6.398000000000471,0.1692042175570065,0.1617318437326893,0.1671421777574544,0.17162566560920178
6.399000000000472,0.16920415931217073,0.16180181289913817,0.16717241626050447,0.17164209490727886
6.400000000000472,0.1692041024363764,0.16187296501603995,0.16720256217369295,0.17165863555835134
6.401000000000472,0.16920404689259338,0.16194529350903744,0.16723261687252003,0.1716752883171374
6.402000000000473,0.1692039926448148,0.1620187914043776,0.1672625817283239,0.17169205394347042
6.403000000000473,0.1692039396580371,0.16209345133441494,0.1672924581083434,0.17170893320233374
6.404000000000473,0.1692038878982389,0.16216926554308467,0.16732224737578044,0.17172592686389557
6.405000000000474,0.16920383733236205,0.16224622589134574,0.16735195088986213,0.1717430357035441
6.406000000000474,0.16920378792829063,0.1623243238625931,0.16738157000590273,0.17176026050192278
6.407000000000474,0.1692037396548319,0.16240355056804054,0.16741110607536572,0.17177760204496612
6.408000000000475,0.16920369248169626,0.16248389675207278,0.1674405604459252,0.17179506112393544
6.409000000000475,0.16920364637947796,0.16256535279756876,0.1674699344615276,0.17181263853545503
6.410000000000475,0.1692036013196354,0.16264790873119536,0.16749922946245285,0.17183033508154838
6.411000000000476,0.16920355727447267,0.16273155422867328,0.1675284467853756,0.17184815156967495
6.412000000000476,0.1692035142171194,0.16281627862001488,0.1675575877634262,0.17186608881276688
6.413000000000476,0.1692034721215127,0.16290207089473674,0.16758665372625156,0.17188414762926615
6.414000000000477,0.16920343096237814,0.16298891970704554,0.1676156460000758,0.17190232884316192
6.415000000000477,0.16920339071521115,0.16307681338100055,0.1676445659077607,0.17192063328402804
6.416000000000477,0.1692033513562586,0.16316573991565408,0.16767341476886613,0.17193906178706106
6.417000000000478,0.16920331286250057,0.1632556869901706,0.16770219389971025,0.17195761519311814
6.418000000000478,0.16920327521163234,0.1633466419689267,0.16773090461342954,0.1719762943487556
6.419000000000478,0.16920323838204643,0.16343859190659452,0.1677595482200388,0.17199510010626753
6.420000000000479,0.16920320235281489,0.16353152355320977,0.16778812602649076,0.17201403332372442
6.421000000000479,0.169203167103672,0.1636254233592277,0.1678166393367359,0.17203309486501273
6.422000000000479,0.16920313261499678,0.16372027748056797,0.16784508945178186,0.17205228559987398
6.42300000000048,0.1692030988677958,0.16381607178365276,0.16787347766975275,0.17207160640394456
6.42400000000048,0.16920306584368658,0.1639127918504396,0.16790180528594845,0.17209105815879563
6.42500000000048,0.16920303352488078,0.1640104229834517,0.16793007359290374,0.17211064175197352
6.426000000000481,0.16920300189416776,0.1641089502108095,0.16795828388044717,0.17213035807703989
6.427000000000481,0.16920297093489836,0.1642083582912662,0.16798643743576006,0.1721502080336129
6.428000000000481,0.16920294063096908,0.16430863171924934,0.16801453554343507,0.17217019252740792
6.429000000000482,0.16920291096680606,0.16440975472991312,0.16804257948553492,0.17219031247027905
6.430000000000482,0.16920288192735003,0.16451171130420347,0.16807057054165084,0.17221056878026064
6.431000000000482,0.16920285349804065,0.1646144851739401,0.16809850998896103,0.17223096238160926
6.432000000000483,0.1692028256648018,0.16471805982691703,0.1681263991022888,0.17225149420484578
6.433000000000483,0.16920279841402702,0.16482241851202697,0.1681542391541609,0.17227216518679792
6.434000000000483,0.16920277173256462,0.16492754424441128,0.1681820314148654,0.17229297627064283
6.435000000000484,0.16920274560770412,0.16503341981063824,0.16820977715250984,0.17231392840595036
6.436000000000484,0.16920272002716205,0.16514002777391384,0.16823747763307897,0.17233502254872624
6.437000000000484,0.1692026949790684,0.16524735047932732,0.16826513412049254,0.1723562596614557
6.438000000000485,0.1692026704519537,0.16535537005913348,0.168292747876663,0.17237764071314746
6.439000000000485,0.16920264643473576,0.16546406843807546,0.16832032016155304,0.1723991666793778
6.440000000000485,0.16920262291670715,0.1655734273387494,0.16834785223323306,0.1724208385423353
6.441000000000486,0.16920259988752306,0.16568342828701335,0.16837534534793866,0.17244265729086541
6.442000000000486,0.1692025773371892,0.16579405261744204,0.1684028007601279,0.1724646239205158
6.443000000000486,0.1692025552560502,0.16590528147882994,0.16843021972253855,0.17248673943358162
6.444000000000487,0.16920253363477866,0.16601709583974175,0.1684576034862452,0.17250900483915124
6.445000000000487,0.1692025124643639,0.16612947649411366,0.16848495330071642,0.17253142115315237
6.446000000000487,0.1692024917361016,0.1662424040669042,0.16851227041387176,0.17255398939839842
6.447000000000488,0.16920247144158385,0.1663558590197951,0.1685395560721387,0.1725767106046351
6.448000000000488,0.16920245157268926,0.16646982165694293,0.16856681152050937,0.1725995858085874
6.449000000000488,0.16920243212157393,0.16658427213077878,0.16859403800259762,0.172622616054007
6.450000000000489,0.1692024130806624,0.16669919044785703,0.16862123676069554,0.1726458023917198
6.451000000000489,0.16920239444263935,0.16681455647474985,0.16864840903583025,0.17266914587967386
6.452000000000489,0.16920237620044165,0.1669303499439869,0.16867555606782053,0.17269264758298772
6.45300000000049,0.169202358347251,0.16704655046003541,0.16870267909533335,0.17271630857399903
6.45400000000049,0.16920234087648706,0.1671631375053208,0.16872977935594036,0.17274012993231336
6.45500000000049,0.16920232378180092,0.16728009044628073,0.16875685808617444,0.17276411274485357
6.456000000000491,0.16920230705706957,0.16739738853945094,0.16878391652158606,0.17278825810590934
6.457000000000491,0.16920229069639015,0.16751501093757745,0.1688109558967997,0.17281256711718718
6.458000000000491,0.16920227469407612,0.16763293669574938,0.16883797744557014,0.1728370408878606
6.459000000000492,0.16920225904465244,0.16775114477754777,0.1688649824008388,0.17286168053462075
6.460000000000492,0.16920224374285284,0.1678696140612029,0.16889197199478997,0.1728864871817275
6.461000000000492,0.16920222878361707,0.16798832334575461,0.16891894745890698,0.17291146196106044
6.462000000000493,0.16920221416208897,0.16810725135720675,0.16894591002402848,0.17293660601217087
6.463000000000493,0.1692021998736154,0.1682263767546692,0.16897286092040456,0.17296192048233355
6.464000000000493,0.16920218591374625,0.16834567813647838,0.1689998013777529,0.1729874065265992
6.465000000000494,0.16920217227823464,0.16846513404628713,0.16902673262531484,0.17301306530784705
6.466000000000494,0.16920215896303878,0.1685847229791142,0.16905365589191151,0.17303889799683803
6.467000000000494,0.16920214596432426,0.16870442338734454,0.1690805724059999,0.1730649057722682
6.468000000000495,0.1692021332784676,0.1688242136866673,0.1691074833957289,0.1730910898208224
6.469000000000495,0.16920212090206074,0.168944072261943,0.16913439008899528,0.17311745133722856
6.470000000000495,0.16920210883191666,0.169063977472986,0.1691612937134998,0.17314399152431198
6.471000000000496,0.16920209706507597,0.16918390766025077,0.16918819549680325,0.1731707115930505
6.472000000000496,0.1692020855988152,0.1693038411504091,0.16921509666638235,0.1731976127626296
6.473000000000496,0.16920207442816101,0.16942375644176633,0.1692419984496858,0.17322469626049797
6.474000000000497,0.16920206354333384,0.16954363239579856,0.16926890207419032,0.1732519633224236
6.475000000000497,0.1692020529324406,0.16966344804994918,0.1692958087674567,0.17327941519255022
6.476000000000497,0.16920204258409316,0.16978318243400553,0.1693227197571857,0.173307053123454
6.477000000000498,0.16920203248739502,0.16990281457528023,0.1693496362712741,0.17333487837620062
6.478000000000498,0.16920202263192768,0.1700223235038876,0.16937655953787079,0.173362892220403
6.479000000000498,0.16920201300773677,0.1701416882581142,0.16940349078543274,0.17339109593427904
6.480000000000499,0.1692020036053174,0.17026088788988625,0.16943043124278107,0.17341949080471009
6.481000000000499,0.16920199441560038,0.1703799014703334,0.16945738213915715,0.17344807812729954
6.482000000000499,0.16920198542993733,0.17049870809544881,0.16948434470427864,0.1734768592064321
6.4830000000005,0.16920197664008646,0.1706172868918446,0.16951132016839562,0.17350583535533315
6.4840000000005,0.16920196803819765,0.17073561702260268,0.16953830976234677,0.17353500789612872
6.4850000000005,0.16920195961679854,0.1708536776932176,0.16956531471761543,0.17356437815990589
6.486000000000501,0.16920195136878008,0.17097144815763174,0.1695923362663859,0.17359394748677337
6.487000000000501,0.1692019432873821,0.1710889077243581,0.16961937564159954,0.17362371722592282
6.488000000000501,0.16920193536617972,0.17120603576268953,0.16964643407701116,0.1736536887356903
6.489000000000502,0.16920192759906919,0.17132281170899027,0.1696735128072452,0.17368386338361821
6.490000000000502,0.16920191998025474,0.17143921507306678,0.16970061306785222,0.1737142425465179
6.491000000000502,0.16920191250423527,0.171555225444613,0.16972773609536504,0.17374482761053223
6.492000000000503,0.16920190516579148,0.17167082249972698,0.16975488312735532,0.17377561997119892
6.493000000000503,0.16920189795997306,0.17178598600749315,0.16978205540249006,0.17380662103351432
6.494000000000503,0.16920189088208676,0.17190069583662548,0.16980925416058798,0.17383783221199736
6.495000000000504,0.16920188392768423,0.1720149319621676,0.16983648064267623,0.17386925493075425
6.496000000000504,0.16920187709255077,0.17212867447224228,0.1698637360910469,0.1739008906235433
6.497000000000504,0.16920187037269407,0.1722419035748472,0.16989102174931384,0.1739327407338405
6.498000000000505,0.16920186376433324,0.17235459960468916,0.16991833886246918,0.17396480671490513
6.499000000000505,0.16920185726388864,0.1724667430300528,0.1699456886769404,0.17399709002984645
6.500000000000505,0.16920185086797176,0.1725783144596962,0.16997307244064705,0.17402959215169012
6.501000000000506,0.1692018445733757,0.1726892946497689,0.1700004914030577,0.17406231456344562
6.502000000000506,0.16920183837706593,0.17279966451074544,0.17002794681524694,0.1740952587581737
6.503000000000506,0.16920183227617114,0.17290940511436925,0.17005543992995256,0.17412842623905478
6.504000000000507,0.1692018262679751,0.17301849770060007,0.17008297200163258,0.17416181851945733
6.505000000000507,0.16920182034990824,0.17312692368456037,0.17011054428652259,0.17419543712300703
6.506000000000507,0.16920181451954014,0.17323466466347437,0.17013815804269303,0.1742292835836562
6.507000000000508,0.16920180877457183,0.17334170242359426,0.1701658145301066,0.17426335944575386
6.508000000000508,0.16920180311282892,0.17344801894710843,0.17019351501067573,0.17429766626411625
6.509000000000508,0.1692017975322547,0.17355359641902698,0.17022126074832017,0.1743322056040976
6.510000000000509,0.1692017920309038,0.17365841723403933,0.17024905300902468,0.17436697904166168
6.511000000000509,0.16920178660693602,0.17376246400333945,0.17027689306089677,0.17440198816345376
6.512000000000509,0.16920178125861068,0.17386571956141386,0.17030478217422454,0.17443723456687277
6.51300000000051,0.16920177598428082,0.17396816697279024,0.17033272162153473,0.1744727198601445
6.51400000000051,0.16920177078238824,0.17406978953874022,0.17036071267765066,0.17450844566239476
6.51500000000051,0.16920176565145853,0.17417057080393575,0.1703887566197505,0.17454441360372333
6.516000000000511,0.16920176059009615,0.17427049456305366,0.1704168547274255,0.17458062532527832
6.517000000000511,0.1692017555969801,0.1743695448673277,0.17044500828273837,0.17461708247933108
6.518000000000511,0.16920175067086,0.17446770603104397,0.17047321857028183,0.17465378672935158
6.519000000000512,0.16920174581055175,0.17456496263797894,0.1705014868772371,0.17469073975008428
6.520000000000512,0.16920174101493415,0.17466129954777784,0.1705298144934328,0.17472794322762458
6.521000000000512,0.16920173628294496,0.1747567019022722,0.17055820271140365,0.17476539885949574
6.522000000000513,0.16920173161357818,0.17485115513173488,0.1705866528264496,0.17480310835472643
6.523000000000513,0.16920172700588032,0.17494464496107337,0.17061516613669475,0.1748410734339284
6.524000000000513,0.16920172245894807,0.1750371574159591,0.17064374394314671,0.17487929582937542
6.525000000000514,0.1692017179719251,0.17512867882889388,0.17067238754975594,0.174917777285082
6.526000000000514,0.16920171354399996,0.17521919584521356,0.17070109826347524,0.17495651955688313
6.527000000000514,0.16920170917440333,0.17530869542902827,0.17072987739431933,0.17499552441251423
6.528000000000515,0.16920170486240585,0.1753971648691014,0.17075872625542474,0.17503479363169208
6.529000000000515,0.16920170060731637,0.17548459178466724,0.17078764616310962,0.1750743290061957
6.530000000000515,0.16920169640847965,0.17557096413118847,0.17081663843693387,0.17511413233994844
6.531000000000516,0.16920169226527487,0.17565627020605554,0.17084570439975924,0.1751542054490999
6.532000000000516,0.16920168817711367,0.17574049865422864,0.17087484537780986,0.1751945501621092
6.533000000000516,0.16920168414343892,0.17582363847382435,0.1709040627007326,0.1752351683198281
6.534000000000517,0.16920168016372328,0.17590567902164875,0.17093335770165782,0.17527606177558522
6.535000000000517,0.16920167623746785,0.17598661001867896,0.1709627317172602,0.17531723239527042
6.536000000000517,0.1692016723642007,0.1760664215554954,0.1709921860878197,0.17535868205742006
6.537000000000518,0.16920166854347635,0.1761451040976663,0.17102172215728265,0.17540041265330267
6.538000000000518,0.16920166477487444,0.1762226484910878,0.17105134127332325,0.1754424260870052
6.539000000000518,0.16920166105799858,0.1762990459672809,0.1710810447874049,0.17548472427552
6.540000000000519,0.16920165739247608,0.17637428814864847,0.17111083405484195,0.17552730914883227
6.541000000000519,0.16920165377795662,0.17644836705369438,0.17114071043486148,0.17557018265000796
6.542000000000519,0.1692016502141119,0.17652127510220733,0.17117067529066535,0.17561334673528267
6.54300000000052,0.16920164670063464,0.1765930051204123,0.1712007299894924,0.17565680337415077
6.54400000000052,0.16920164323723821,0.17666355034609083,0.17123087590268088,0.17570055454945524
6.54500000000052,0.1692016398236559,0.17673290443367493,0.1712611144057309,0.17574460225747823
6.546000000000521,0.1692016364596403,0.17680106145931485,0.17129144687836736,0.17578894850803212
6.547000000000521,0.16920163314496256,0.17686801592592472,0.17132187470460275,0.17583359532455123
6.548000000000521,0.16920162987941215,0.17693376276820844,0.17135239927280035,0.17587854474418405
6.549000000000522,0.1692016266627959,0.17699829735766745,0.17138302197573763,0.1759237988178863
6.550000000000522,0.16920162349493736,0.17706161550759414,0.17141374421066974,0.17596935961051458
6.551000000000522,0.16920162037567632,0.17712371347805264,0.1714445673793933,0.1760152292009203
6.552000000000523,0.1692016173048678,0.17718458798084966,0.17147549288831032,0.17606140968204492
6.553000000000523,0.16920161428238123,0.17724423618449797,0.1715065221484924,0.17610790316101507
6.554000000000523,0.16920161130809958,0.17730265571917495,0.17153765657574516,0.17615471175923902
6.555000000000524,0.1692016083819183,0.17735984468167854,0.1715688975906727,0.1762018376125032
6.556000000000524,0.16920160550374394,0.17741580164038345,0.1716002466187426,0.17624928287106983
6.557000000000524,0.16920160267349316,0.17747052564019938,0.17163170509035083,0.17629704969977503
6.558000000000525,0.16920159989109082,0.17752401620753497,0.17166327444088703,0.17634514027812745
6.559000000000525,0.16920159715646857,0.1775762733552678,0.1716949561108001,0.17639355680040794
6.560000000000525,0.16920159446956293,0.1776272975877256,0.1717267515456638,0.1764423014757694
6.561000000000526,0.16920159183031314,0.17767708990567854,0.17175866219624283,0.17649137652833785
6.562000000000526,0.1692015892386588,0.17772565181134706,0.17179068951855891,0.17654078419731373
6.563000000000526,0.1692015866945372,0.1777729853134262,0.17182283497395726,0.17659052673707412
6.564000000000527,0.1692015841978806,0.1778190929321297,0.1718551000291733,0.17664060641727564
6.565000000000527,0.16920158174861286,0.17786397770425602,0.17188748615639962,0.17669102552295796
6.566000000000527,0.16920157934664617,0.17790764318827887,0.17191999483335296,0.17674178635464807
6.567000000000528,0.16920157699187682,0.17795009346946403,0.1719526275433419,0.17679289122846534
6.568000000000528,0.16920157468418148,0.17799133316501536,0.17198538577533434,0.17684434247622702
6.569000000000528,0.16920157242341208,0.1780313674292525,0.17201827102402556,0.17689614244555482
6.570000000000529,0.16920157020939144,0.17807020195882123,0.17205128478990628,0.17694829349998184
6.571000000000529,0.16920156804190759,0.17810784299794058,0.1720844285793313,0.17700079801906066
6.572000000000529,0.16920156592070784,0.17814429734368645,0.17211770390458808,0.17705365839847167
6.57300000000053,0.16920156384549298,0.1781795723513158,0.17215111228396587,0.1771068770501325
6.57400000000053,0.16920156181591045,0.17821367593963156,0.1721846552418249,0.17716045640230815
6.57500000000053,0.16920155983154717,0.17824661659639135,0.17221833430866595,0.17721439889972151
6.576000000000531,0.1692015578919221,0.17827840338375944,0.17225215102120014,0.17726870700366523
6.577000000000531,0.16920155599647857,0.17830904594380584,0.1722861069224192,0.17732338319211385
6.578000000000531,0.16920155414457536,0.1783385545040509,0.1723202035616657,0.1773784299598369
6.579000000000532,0.16920155233547823,0.17836693988305805,0.17235444249470383,0.17743384981851273
6.580000000000532,0.1692015505683506,0.17839421349607398,0.17238882528379043,0.1774896452968431
6.581000000000532,0.1692015488422437,0.17842038736071708,0.17242335349774612,0.17754581894066862
6.582000000000533,0.16920154715608673,0.17844547410271355,0.17245802871202706,0.1776023733130848
6.583000000000533,0.16920154550867622,0.1784694869616806,0.1724928525087967,0.17765931099455906
6.584000000000533,0.16920154389866524,0.17849243979695614,0.17252782647699802,0.17771663458304857
6.585000000000534,0.1692015423245523,0.17851434709347344,0.1725629522124261,0.17777434669411862
6.586000000000534,0.1692015407846699,0.1785352239676785,0.1725982313178008,0.17783244996106207
6.587000000000534,0.16920153927717288,0.1785550861734893,0.17263366540283998,0.17789094703501945
6.588000000000535,0.16920153780002645,0.17857395010829263,0.1726692560843329,0.1779498405850999
6.589000000000535,0.16920153635099436,0.17859183281897723,0.17270500498621408,0.17800913329850318
6.590000000000535,0.1692015349276263,0.17860875200799867,0.17274091373963726,0.1780688278806419
6.591000000000536,0.16920153352724626,0.1786247260394725,0.17277698398304994,0.17812892705526528
6.592000000000536,0.16920153214693973,0.17863977394529243,0.1728132173622681,0.17818943356458328
6.593000000000536,0.16920153078354236,0.17865391543126746,0.17284961553055125,0.1782503501693918
6.594000000000537,0.16920152943362723,0.17866717088327486,0.172886180148678,0.17831167964919858
6.595000000000537,0.1692015280934936,0.17867956137342275,0.17292291288502162,0.17837342480235008
6.596000000000537,0.16920152675915537,0.17869110866621823,0.1729598154156264,0.17843558844615906
6.597000000000538,0.16920152542632994,0.1787018352247343,0.172996889424284,0.17849817341703333
6.598000000000538,0.16920152409042802,0.1787117642167712,0.17303413660261024,0.17856118257060496
6.599000000000538,0.16920152274654307,0.17872091952100647,0.1730715586501224,0.17862461878186067
6.600000000000539,0.1692015213894427,0.1787293257331275,0.1731091572743166,0.17868848494527298
6.601000000000539,0.16920152001355934,0.17873700817194157,0.17314693419074595,0.17875278397493236
6.602000000000539,0.16920151861298305,0.17874399288545792,0.17318489112309862,0.17881751880468014
6.60300000000054,0.16920151718145468,0.1787503066569371,0.17322302980327656,0.17888269238824228
6.60400000000054,0.16920151571235995,0.17875597701090115,0.17326135197147455,0.17894830769936432
6.60500000000054,0.16920151419872506,0.1787610322191017,0.17329985937625955,0.17901436773194696
6.606000000000541,0.16920151263321342,0.1787655013064403,0.17333855377465054,0.17908087550018267
6.607000000000541,0.16920151100812358,0.1787694140568374,0.17337743693219868,0.1791478340386933
6.608000000000541,0.1692015093153888,0.17877280101904638,0.17341651062306776,0.1792152464026684
6.609000000000542,0.16920150754657837,0.17877569351240905,0.1734557766301153,0.17928311566800473
6.610000000000542,0.16920150569290018,0.17877812363254972,0.17349523674497383,0.17935144493144659
6.611000000000542,0.1692015037452053,0.1787801242570068,0.17353489276813266,0.17942023731072712
6.612000000000543,0.1692015016939948,0.17878172905079717,0.17357474650902,0.17948949594471053
6.613000000000543,0.16920149952942806,0.1787829724719153,0.17361479978608552,0.17955922399353533
6.6140000000005434,0.16920149724133332,0.1787838897767624,0.1736550544268834,0.17962942463875858
6.615000000000544,0.16920149481922128,0.1787845170255087,0.1736955122681556,0.17970010108350093
6.616000000000544,0.16920149225229955,0.17878489108738457,0.1737361751559158,0.17977125655259293
6.6170000000005444,0.16920148952949118,0.17878504964590342,0.17377704494553348,0.17984289429272202
6.618000000000545,0.16920148663945486,0.17878503120401526,0.17381812350181872,0.17991501757258077
6.619000000000545,0.1692014835706085,0.17878487508919136,0.17385941269910715,0.17998762968301601
6.6200000000005454,0.16920148031115498,0.17878462145844073,0.17390091442134564,0.180060733937179
6.621000000000546,0.169201476849112,0.17878431130325856,0.17394263056217807,0.18013433367067644
6.622000000000546,0.16920147317234407,0.17878398645450794,0.1739845630250319,0.18020843224172298
6.6230000000005464,0.1692014650206814,0.1787835856730411,0.17402649548788574,0.1802181985963841
6.624000000000547,0.16920147828821727,0.17878319459889302,0.17406821162871816,0.18022803114455152
6.625000000000547,0.16920155522409971,0.17878281300599339,0.17410971335095665,0.18023793033486551
6.6260000000005475,0.16920173720485812,0.17878244067337076,0.17415100254824512,0.18024789661900717
6.627000000000548,0.16920206474002142,0.17878207738503352,0.17419208110453036,0.1802579304517189
6.628000000000548,0.1692025774778829,0.17878172292985306,0.17423295089414803,0.18026803229082516
6.6290000000005485,0.169203314211398,0.17878137710145062,0.17427361378190823,0.18027820259725355
6.630000000000549,0.16920431288419985,0.17878103969808617,0.17431407162318047,0.18028844183505566
6.631000000000549,0.16920561059672048,0.1787807105225502,0.17435432626397834,0.18029875047142815
6.6320000000005495,0.16920724361240344,0.17878038938205817,0.17439437954104386,0.1803091289767344
6.63300000000055,0.1692092473639966,0.17878007608814714,0.1744342332819312,0.18031957782452565
6.63400000000055,0.16921165645991554,0.1787797704565758,0.17447388930509,0.18033009749156276
6.6350000000005505,0.16921450469066504,0.17877947230722555,0.17451334941994853,0.18034068845783796
6.636000000000551,0.16921782503531063,0.17877918146400515,0.17455261542699607,0.1803513512065967
6.637000000000551,0.16922164966799108,0.17877889775475692,0.17459168911786513,0.18036208622435976
6.6380000000005515,0.16922600996446402,0.17877862101116554,0.17463057227541326,0.1803728940009454
6.639000000000552,0.16923093650867663,0.1787783510686688,0.17466926667380425,0.18038377502949166
6.640000000000552,0.16923645909935572,0.17877808776637072,0.17470777407858926,0.18039472980647903
6.6410000000005525,0.16924260675660993,0.17877783094695637,0.17474609624678725,0.18040575883175294
6.642000000000553,0.1692494077285396,0.1787775804566092,0.17478423492696518,0.1804168626085467
6.643000000000553,0.1692568894978488,0.1787773361449301,0.17482219185931783,0.18042804164350423
6.6440000000005535,0.16926507878845523,0.17877709786485824,0.17485996877574717,0.18043929644670353
6.645000000000554,0.169274001572094,0.17877686547259444,0.17489756739994136,0.18045062753167962
6.646000000000554,0.16928368307491268,0.17877663882752542,0.17493498944745348,0.18046203541544817
6.6470000000005545,0.16929414778405333,0.17877641779215125,0.1749722366257797,0.18047352061852903
6.648000000000555,0.16930541945422029,0.17877620223201335,0.17500931063443728,0.18048508366496993
6.649000000000555,0.16931752111423112,0.17877599201562513,0.17504621316504207,0.1804967250823705
6.6500000000005555,0.16933047507354862,0.17877578701440397,0.1750829459013857,0.1805084454019063
6.651000000000556,0.16934430292879354,0.1787755871026054,0.17511951051951244,0.18052024515835297
6.652000000000556,0.16935902557023583,0.17877539215725846,0.1751559086877956,0.18053212489011078
6.6530000000005565,0.1693746631882645,0.17877520205810316,0.17519214206701375,0.18054408513922907
6.654000000000557,0.1693912352798351,0.17877501668752965,0.17522821231042643,0.18055612645143107
6.655000000000557,0.1694087606548947,0.17877483593051877,0.17526412106384961,0.18056824937613872
6.6560000000005575,0.16942725744278483,0.1787746596745846,0.1752998699657308,0.18058045446649781
6.657000000000558,0.1694467430986213,0.1787744878097183,0.17533546064722375,0.1805927422794032
6.658000000000558,0.16946723440965233,0.17877432022833387,0.17537089473226292,0.18060511337552418
6.6590000000005585,0.1694887475015949,0.17877415682521514,0.1754061738376376,0.1806175683193301
6.660000000000559,0.16951129784495012,0.1787739974974646,0.17544129957306567,0.1806301076791162
6.661000000000559,0.16953490026129736,0.17877384214445358,0.17547627354126702,0.18064273202702938
6.6620000000005595,0.1695595689295692,0.17877369066777385,0.17551109733803666,0.18065544193909436
6.66300000000056,0.1695853173923067,0.17877354297119108,0.1755457725523176,0.18066823799524007
6.66400000000056,0.1696121585618961,0.17877339896059888,0.1755803007662733,0.18068112077932597
6.6650000000005605,0.16964010472678784,0.17877325854397524,0.1756146835553599,0.18069409087916877
6.666000000000561,0.16966916755769862,0.17877312163133965,0.17564892248839803,0.18070714888656925
6.667000000000561,0.16969935811379658,0.17877298813471126,0.17568301912764453,0.1807202953973392
6.6680000000005615,0.16973068684887113,0.1787728579680694,0.17571697502886358,0.18073353101132866
6.669000000000562,0.16976316361748747,0.1787727310473138,0.17575079174139777,0.1807468563324533
6.670000000000562,0.16979679768112613,0.1787726072902278,0.17578447080823878,0.180760271968722
6.6710000000005625,0.16983159771430856,0.17877248661644055,0.1758180137660978,0.1807737785322644
6.672000000000563,0.1698675718107093,0.17877236894739224,0.17585142214547558,0.18078737663935915
6.673000000000563,0.16990472748925325,0.1787722542062991,0.17588469747073238,0.18080106691046172
6.6740000000005635,0.16994307170020145,0.17877214231812028,0.1759178412601574,0.18081484997023295
6.675000000000564,0.16998261083122204,0.17877203320952437,0.17595085502603813,0.18082872644756737
6.676000000000564,0.17002335071344918,0.17877192680885867,0.17598374027472935,0.180842696975622
6.6770000000005645,0.17006529662752817,0.1787718230461176,0.1760164985067218,0.1808567621918452
6.678000000000565,0.17010845330964747,0.17877172185291293,0.17604913121671073,0.1808709227380058
6.679000000000565,0.17015282495755696,0.17877162316244435,0.1760816398936641,0.1808851792602224
6.6800000000005655,0.17019841523657261,0.17877152690947085,0.1761140260208904,0.1808995324089927
6.681000000000566,0.17024522728556693,0.17877143303028284,0.17614629107610646,0.18091398283922328
6.682000000000566,0.17029326372294434,0.17877134146267512,0.1761784365315048,0.1809285312102596
6.6830000000005665,0.17034252665260166,0.17877125214591952,0.1762104638538209,0.18094317818591585
6.684000000000567,0.17039301766987294,0.1787711650207395,0.17624237450439992,0.18095792443450548
6.685000000000567,0.17044473786745748,0.17877108002928427,0.17627416993926365,0.18097277062887143
6.6860000000005675,0.17049768784133082,0.1787709971151034,0.17630585160917672,0.18098771744641712
6.687000000000568,0.17055186769663824,0.17877091622312258,0.17633742095971294,0.1810027655691371
6.688000000000568,0.17060727705356907,0.17877083729961918,0.17636887943132115,0.18101791568364833
6.6890000000005685,0.17066391505321205,0.17877076029219857,0.17640022845939105,0.18103316848122147
6.690000000000569,0.17072178036338992,0.17877068514977013,0.17643146947431856,0.18104852465781238
6.691000000000569,0.17078087118447355,0.17877061182252474,0.1764626039015713,0.18106398491409395
6.6920000000005695,0.17084118525517358,0.17877054026191172,0.1764936331617534,0.18107954995548797
6.69300000000057,0.1709027198583097,0.1787704704206163,0.1765245586706704,0.1810952204921974
6.69400000000057,0.17096547182655572,0.17877040225253718,0.17655538183939395,0.18111099723923874
6.6950000000005705,0.1710294375481611,0.1787703357127648,0.17658610407432607,0.18112688091647472
6.696000000000571,0.17109461297264658,0.1787702707575595,0.17661672677726337,0.181142872248647
6.697000000000571,0.17116099361647408,0.17877020734432988,0.17664725134546097,0.1811589719654094
6.6980000000005715,0.17122857456869006,0.17877014543161154,0.17667767917169636,0.18117518080136108
6.699000000000572,0.1712973504965414,0.17877008497904598,0.17670801164433284,0.1811914994960801
6.700000000000572,0.17136731565106364,0.17877002594735972,0.1767382501473829,0.1812079287941572
6.7010000000005725,0.17143846387264053,0.178769968298343,0.17676839606057138,0.18122446944522969
6.702000000000573,0.17151078859653485,0.17876991199482997,0.17679845075939846,0.18124112220401575
6.703000000000573,0.1715842828583903,0.17876985700067766,0.17682841561520232,0.18125788783034877
6.7040000000005735,0.17165893929970372,0.17876980328074593,0.17685829199522182,0.18127476708921209
6.705000000000574,0.1717347501732673,0.17876975080087718,0.17688808126265887,0.18129176075077394
6.706000000000574,0.17181170734858228,0.17876969952787644,0.17691778477674056,0.18130886959042244
6.7070000000005745,0.17188980231724188,0.1787696494294916,0.17694740389278116,0.18132609438880112
6.708000000000575,0.1719690261982857,0.1787696004743935,0.17697693996224415,0.1813434359318445
6.709000000000575,0.1720493697435247,0.1787695526321565,0.17700639433280363,0.18136089501081382
6.7100000000005755,0.17213082334283789,0.1787695058732389,0.17703576834840604,0.18137847242233338
6.711000000000576,0.17221337702944112,0.17876946016896406,0.17706506334933128,0.18139616896842675
6.712000000000576,0.1722970204851284,0.17876941549150074,0.17709428067225402,0.18141398545655332
6.7130000000005765,0.17238174304548773,0.17876937181384456,0.17712342165030462,0.18143192269964523
6.714000000000577,0.17246753370509094,0.17876932910979884,0.17715248761313,0.18144998151614453
6.715000000000577,0.17255438112266072,0.1787692873539561,0.17718147988695424,0.1814681627300403
6.7160000000005775,0.1726422736262143,0.1787692465216796,0.17721039979463912,0.1814864671709064
6.717000000000578,0.17273119921818683,0.17876920658908474,0.17723924865574456,0.18150489567393943
6.718000000000578,0.17282114558053546,0.17876916753302102,0.17726802778658868,0.1815234490799965
6.7190000000005785,0.1729121000798267,0.17876912933105438,0.17729673850030797,0.18154212823563398
6.720000000000579,0.17300404977230785,0.17876909196144844,0.17732538210691723,0.1815609339931459
6.721000000000579,0.17309698140896632,0.1787690554031479,0.1773539599133692,0.18157986721060282
6.7220000000005795,0.1731908814405781,0.17876901963576033,0.17738247322361433,0.1815989287518911
6.72300000000058,0.17328573602274847,0.17876898463953936,0.1774109233386603,0.18161811948675236
6.72400000000058,0.17338153102094692,0.17876895039536733,0.17743931155663117,0.18163744029082293
6.7250000000005805,0.1734782520155402,0.17876891688473837,0.17746763917282687,0.18165689204567403
6.726000000000581,0.17357588430682527,0.1787688840897422,0.17749590747978217,0.1816764756388519
6.727000000000581,0.17367441292006555,0.17876885199304715,0.1775241177673256,0.18169619196391829
6.7280000000005815,0.17377382261053395,0.17876882057788415,0.17755227132263848,0.1817160419204913
6.729000000000582,0.1738740978685649,0.1787687898280312,0.1775803694303135,0.1817360264142863
6.730000000000582,0.1739752229246195,0.17876875972779688,0.17760841337241334,0.18175614635715742
6.7310000000005825,0.17407718175436665,0.17876873026200535,0.17763640442852927,0.18177640266713901
6.732000000000583,0.17417995808378267,0.17876870141598095,0.17766434387583946,0.18179679626848766
6.733000000000583,0.17428353539427416,0.17876867317553338,0.17769223298916723,0.18181732809172418
6.7340000000005835,0.17438789692782544,0.1787686455269427,0.17772007304103932,0.18183799907367632
6.735000000000584,0.17449302569217523,0.1787686184569453,0.17774786530174383,0.18185881015752123
6.736000000000584,0.17459890446602466,0.1787685919527194,0.17777561103938827,0.18187976229282876
6.7370000000005845,0.17470551580427948,0.17876856600187124,0.1778033115199574,0.18190085643560466
6.738000000000585,0.1748128420433299,0.17876854059242164,0.17783096800737097,0.1819220935483341
6.739000000000585,0.17492086530636972,0.17876851571279267,0.17785858176354144,0.18194347460002586
6.7400000000005855,0.17502956750875806,0.17876849135179482,0.17788615404843147,0.18196500056625622
6.741000000000586,0.17513893036342484,0.17876846749861391,0.1779136861201115,0.1819866724292137
6.742000000000586,0.1752489353863225,0.17876844414279944,0.1779411792348171,0.18200849117774384
6.7430000000005865,0.1753595639019259,0.17876842127425205,0.17796863464700632,0.1820304578073942
6.744000000000587,0.17547079704878055,0.17876839888321233,0.17799605360941698,0.18205257332046004
6.745000000000587,0.17558261578510112,0.17876837696024947,0.17802343737312362,0.18207483872602964
6.7460000000005875,0.17569500089442044,0.1787683554962501,0.17805078718759484,0.1820972550400308
6.747000000000588,0.1758079329912895,0.17876833448240814,0.1780781043007502,0.18211982328527682
6.748000000000588,0.17592139252702768,0.17876831391021458,0.17810538995901712,0.18214254449151351
6.7490000000005885,0.17603535979552284,0.17876829377144776,0.1781326454073878,0.18216541969546582
6.750000000000589,0.17614981493908075,0.1787682740581642,0.17815987188947605,0.18218844994088543
6.751000000000589,0.17626473795432132,0.17876825476268962,0.17818707064757397,0.18221163627859824
6.7520000000005895,0.17638010869812054,0.1787682358776109,0.17821424292270868,0.18223497976655229
6.75300000000059,0.17649590689359487,0.17876821739576765,0.17824138995469896,0.18225848146986615
6.75400000000059,0.17661211213612577,0.17876819931024582,0.17826851298221177,0.18228214246087746
6.7550000000005905,0.17672870389942008,0.1787681816143695,0.17829561324281878,0.18230596381919179
6.756000000000591,0.1768456615416027,0.1787681643016958,0.17832269197305287,0.182329946631732
6.757000000000591,0.17696296431133682,0.17876814736600857,0.17834975040846449,0.1823540919927878
6.7580000000005915,0.17708059135396662,0.17876813080131304,0.17837678978367813,0.18237840100406563
6.759000000000592,0.17719852171767633,0.17876811460183187,0.17840381133244856,0.18240287477473902
6.760000000000592,0.17731673435965997,0.1787680987620009,0.17843081628771723,0.18242751442149918
6.7610000000005925,0.17743520815229452,0.1787680832764659,0.1784578058816684,0.18245232106860593
6.762000000000593,0.17755392188930966,0.17876806814008017,0.1784847813457854,0.1824772958479389
6.763000000000593,0.17767285429194485,0.17876805334790324,0.1785117439109069,0.18250243989904932
6.7640000000005935,0.17779198401508736,0.17876803889519916,0.178538694807283,0.182527754369212
6.765000000000594,0.1779112896533801,0.17876802477743703,0.17856563526463132,0.18255324041347765
6.766000000000594,0.17803074974729116,0.1787680109902914,0.17859256651219327,0.1825788991947255
6.7670000000005945,0.1781503427891335,0.17876799752964426,0.17861948977878994,0.18260473188371648
6.768000000000595,0.1782700472290255,0.17876798439158753,0.17864640629287834,0.18263073965914667
6.769000000000595,0.17838984148078016,0.17876797157242663,0.17867331728260732,0.18265692370770087
6.7700000000005955,0.1785097039277106,0.17876795906868526,0.1787002239758737,0.182683285224107
6.771000000000596,0.17862961292834095,0.17876794687711128,0.17872712760037823,0.18270982541119044
6.772000000000596,0.17874954682200778,0.17876793499468366,0.17875402938368168,0.18273654547992896
6.7730000000005965,0.17886948393433963,0.17876792341862024,0.17878093055326078,0.18276344664950805
6.774000000000597,0.17898940276384473,0.17876791214394716,0.17880783233656422,0.18279053014737642
6.775000000000597,0.17910928217472946,0.17876790116099245,0.17883473596106875,0.18281779720930205
6.7760000000005975,0.17922910120829413,0.17876789045801694,0.17886164265433513,0.1828452490794287
6.777000000000598,0.17934883889787231,0.17876788002377617,0.17888855364406414,0.1828728870103325
6.778000000000598,0.17946847427392215,0.17876786984750728,0.17891547015815254,0.1829007122630791
6.7790000000005985,0.17958798636922788,0.17876785991891614,0.1789423934247492,0.18292872610728148
6.780000000000599,0.17970735422421172,0.17876785022816413,0.17896932467231116,0.18295692982115752
6.781000000000599,0.17982655689235594,0.17876784076585425,0.1789962651296595,0.18298532469158854
6.7820000000005995,0.17994557344573398,0.17876783152301742,0.17902321602603558,0.18301391201417802
6.7830000000006,0.1800643829806499,0.17876782249109865,0.17905017859115707,0.1830426930933106
6.7840000000006,0.1801829646233846,0.17876781366194255,0.17907715405527405,0.18307166924221163
6.7850000000006006,0.18030129753604623,0.17876780502777972,0.1791041436492252,0.1831008417830072
6.786000000000601,0.18041936092252317,0.17876779658121256,0.17913114860449386,0.18313021204678437
6.787000000000601,0.18053713403453617,0.17876778831520132,0.17915817015326432,0.18315978137365185
6.7880000000006016,0.18065459617778648,0.17876778022305026,0.17918520952847797,0.18318955111280133
6.789000000000602,0.18077172671819675,0.1787677722983943,0.1792122679638896,0.18321952262256877
6.790000000000602,0.18088850508823973,0.17876776453518511,0.17923934669412364,0.1832496972704967
6.7910000000006026,0.18100491079335176,0.17876775692767816,0.17926644695473065,0.1832800764333964
6.792000000000603,0.1811209234184254,0.17876774947042015,0.17929356998224347,0.1833106614974107
6.793000000000603,0.18123652263437617,0.1787677421582356,0.17932071701423374,0.1833414538580774
6.794000000000604,0.1813516882047786,0.17876773498621512,0.17934788928936848,0.1833724549203928
6.795000000000604,0.18146639999256614,0.17876772794970316,0.1793750880474664,0.18340366609887587
6.796000000000604,0.1815806379667884,0.17876772104428643,0.17940231452955466,0.18343508881763276
6.797000000000605,0.1816943822094206,0.1787677142657825,0.17942956997792534,0.1834667245104218
6.798000000000605,0.1818076129222189,0.17876770761022898,0.17945685563619226,0.18349857462071897
6.799000000000605,0.1819203104336151,0.17876770107387274,0.1794841727493476,0.18353064060178365
6.800000000000606,0.18203245520564473,0.17876769465316,0.17951152256381883,0.18356292391672496
6.801000000000606,0.18214402784090242,0.17876768834472617,0.17953890632752548,0.18359542603856863
6.802000000000606,0.18225500908951714,0.1787676821453865,0.17956632528993613,0.18362814845032413
6.803000000000607,0.18236537985614287,0.1787676760521272,0.17959378070212537,0.1836610926450522
6.804000000000607,0.18247512120695594,0.1787676700620965,0.179621273816831,0.18369426012593332
6.805000000000607,0.18258421437665567,0.17876766417259637,0.179648805888511,0.18372765240633587
6.806000000000608,0.1826926407754596,0.1787676583810746,0.179676378173401,0.18376127100988554
6.807000000000608,0.1828003819960892,0.17876765268511707,0.17970399192957145,0.1837951174705347
6.808000000000608,0.18290741982073996,0.17876764708244045,0.17973164841698502,0.1838291933326324
6.809000000000609,0.18301373622802977,0.1787676415708857,0.17975934889755416,0.18386350015099479
6.810000000000609,0.18311931339992116,0.17876763614841074,0.1797870946351986,0.1838980394909761
6.811000000000609,0.18322413372861174,0.1787676308130847,0.1798148868959031,0.18393281292854022
6.81200000000061,0.183328179823389,0.17876762556308187,0.1798427269477752,0.18396782205033227
6.81300000000061,0.18343143451744376,0.1787676203966759,0.17987061606110297,0.1840030684537513
6.81400000000061,0.1835338808746401,0.17876761531223462,0.17989855550841316,0.18403855374702305
6.815000000000611,0.18363550219623567,0.17876761030821472,0.17992654656452908,0.1840742795492733
6.816000000000611,0.18373628202755163,0.1787676053831571,0.17995459050662893,0.18411024749060187
6.817000000000611,0.18383620416458685,0.17876760053568255,0.17998268861430392,0.18414645921215686
6.818000000000612,0.18393525266057523,0.17876759576448703,0.1800108421696168,0.18418291636620962
6.819000000000612,0.18403341183248303,0.17876759106833787,0.18003905245716026,0.18421962061623015
6.820000000000612,0.18413066626744487,0.17876758644607002,0.18006732076411555,0.18425657363696285
6.821000000000613,0.1842270008291362,0.17876758189658232,0.18009564838031125,0.18429377711450318
6.822000000000613,0.1843224006640811,0.17876757741883426,0.1801240365982821,0.18433123274637433
6.823000000000613,0.18441685120789525,0.17876757301184287,0.18015248671332806,0.184368942241605
6.824000000000614,0.18451033819146218,0.17876756867467958,0.1801810000235732,0.18440690732080697
6.825000000000614,0.1846028476470438,0.1787675644064677,0.18020957783002517,0.184445129716254
6.826000000000614,0.18469436591432445,0.1787675602063798,0.1802382214366344,0.1844836111719606
6.827000000000615,0.18478487964638882,0.17876755607363504,0.1802669321503537,0.18452235344376172
6.828000000000615,0.18487437581563532,0.1787675520074974,0.18029571128119778,0.18456135829939282
6.829000000000615,0.18496284171962427,0.1787675480072731,0.1803245601423032,0.18460062751857068
6.830000000000616,0.1850502649868632,0.17876754407230933,0.18035348004998808,0.1846401628930743
6.831000000000616,0.1851366335825302,0.17876754020199184,0.18038247232381233,0.18467996622682703
6.832000000000616,0.18522193581413673,0.17876753639574375,0.1804115382866377,0.1847200393359785
6.833000000000617,0.1853061603371317,0.17876753265302378,0.18044067926468832,0.18476038404898779
6.834000000000617,0.18538929616044886,0.178767528973325,0.18046989658761106,0.18480100220670673
6.835000000000617,0.1854713326519995,0.17876752535617366,0.18049919158853628,0.1848418956624638
6.836000000000618,0.18555225954411234,0.17876752180112762,0.18052856560413866,0.184883066282149
6.837000000000618,0.18563206693892345,0.17876751830777612,0.18055801997469814,0.18492451594429868
6.838000000000618,0.1857107453137179,0.17876751487573778,0.1805875560441611,0.18496624654018126
6.839000000000619,0.18578828552622645,0.1787675115046606,0.1806171751602017,0.18500825997388382
6.840000000000619,0.18586467881987867,0.17876750819422055,0.18064687867428336,0.18505055816239863
6.841000000000619,0.1859399168290167,0.17876750494412133,0.1806766679417204,0.18509314303571087
6.84200000000062,0.18601399158407045,0.17876750175409337,0.18070654432173994,0.18513601653688658
6.84300000000062,0.18608689551669824,0.17876749862389318,0.1807365091775438,0.1851791806221613
6.84400000000062,0.1861586214648954,0.17876749555330299,0.18076656387637086,0.1852226372610294
6.845000000000621,0.18622916267807255,0.1787674925421302,0.18079670978955933,0.18526638843633386
6.846000000000621,0.18629851282210763,0.17876748959020636,0.18082694829260937,0.18531043614435685
6.847000000000621,0.18636666598437313,0.1787674866973873,0.18085728076524582,0.18535478239491074
6.848000000000622,0.18643361667874261,0.17876748386355204,0.1808877085914812,0.18539942921142985
6.849000000000622,0.18649935985057747,0.1787674810886027,0.1809182331596788,0.18544437863106267
6.850000000000622,0.18656389088169822,0.17876747837246343,0.18094885586261608,0.18548963270476493
6.851000000000623,0.18662720559534182,0.1787674757150802,0.1809795780975482,0.1855351934973932
6.852000000000623,0.18668930026110844,0.17876747311641972,0.18101040126627174,0.18558106308779893
6.853000000000623,0.18675017159989946,0.1787674705764689,0.18104132677518878,0.18562724356892357
6.854000000000624,0.18680981678885028,0.17876746809523403,0.18107235603537086,0.18567373704789372
6.855000000000624,0.18686823346625994,0.1787674656727393,0.1811034904626236,0.18572054564611765
6.856000000000624,0.18692541973651985,0.17876746330902668,0.18113473147755116,0.18576767149938184
6.857000000000625,0.1869813741750447,0.17876746100415336,0.18116608050562102,0.18581511675794843
6.858000000000625,0.18703609583320818,0.1787674587581915,0.18119753897722926,0.18586288358665365
6.859000000000625,0.1870895842432854,0.17876745657122606,0.18122910832776545,0.18591097416500607
6.860000000000626,0.1871418394234049,0.17876745444335299,0.18126078999767853,0.18595939068728656
6.861000000000626,0.18719286188251327,0.17876745237467737,0.18129258543254223,0.186008135362648
6.862000000000626,0.1872426526253537,0.178767450365311,0.18132449608312126,0.18605721041521647
6.863000000000627,0.18729121315746208,0.17876744841537023,0.18135652340543734,0.18610661808419235
6.864000000000627,0.18733854549018264,0.17876744652497265,0.18138866886083568,0.18615636062395274
6.865000000000627,0.18738465214570543,0.1787674446942343,0.18142093391605174,0.18620644030415426
6.866000000000628,0.1874295361621288,0.17876744292326618,0.18145332004327805,0.1862568594098366
6.867000000000628,0.1874732010985479,0.17876744121217075,0.1814858287202314,0.18630762024152672
6.868000000000628,0.18751565104017381,0.1787674395610372,0.18151846143022032,0.18635872511534396
6.869000000000629,0.18755689060348316,0.17876743796993752,0.18155121966221277,0.18641017636310564
6.870000000000629,0.18759692494140245,0.1787674364389216,0.181584104910904,0.18646197633243344
6.871000000000629,0.18763575974852817,0.1787674349680115,0.1816171186767847,0.1865141273868605
6.87200000000063,0.1876734012663853,0.17876743355719618,0.18165026246620972,0.1865666319059393
6.87300000000063,0.18770985628872636,0.17876743220642524,0.1816835377914665,0.1866194922853503
6.87400000000063,0.18774513216687247,0.1787674309156023,0.1817169461708443,0.18667271093701115
6.875000000000631,0.18777923681509823,0.17876742968457798,0.18175048912870334,0.18672629028918677
6.876000000000631,0.1878121787160625,0.17876742851314245,0.18178416819554438,0.18678023278660016
6.877000000000631,0.18784396692628577,0.17876742740101742,0.18181798490807857,0.18683454089054388
6.878000000000632,0.18787461108167566,0.17876742634784787,0.18185194080929762,0.1868892170789925
6.879000000000632,0.18790412140310167,0.178767425353193,0.18188603744854412,0.18694426384671556
6.880000000000632,0.18793250870201897,0.1787674244165171,0.18192027638158226,0.18699968370539138
6.881000000000633,0.18795978438614233,0.17876742353717953,0.18195465917066886,0.18705547918372176
6.882000000000633,0.1879859604651701,0.1787674227144249,0.18198918738462455,0.18711165282754727
6.883000000000633,0.18801104955655765,0.17876742194737216,0.1820238625989055,0.18716820719996344
6.884000000000634,0.18803506489133942,0.1787674212350038,0.18205868639567513,0.1872251448814377
6.885000000000634,0.1880580203199988,0.17876742057615438,0.18209366036387645,0.18728246846992722
6.886000000000634,0.18807993031838421,0.17876741996949894,0.18212878609930452,0.18734018058099727
6.887000000000635,0.18810080999366952,0.17876741941354105,0.18216406520467923,0.18739828384794074
6.888000000000635,0.18812067509035604,0.17876741890660028,0.1821994992897184,0.1874567809218981
6.889000000000635,0.18813954199631414,0.1787674184468003,0.18223508997121132,0.1875156744719786
6.890000000000636,0.18815742774886024,0.17876741803205584,0.1822708388730925,0.18757496718538186
6.891000000000636,0.18817435004086683,0.17876741766005996,0.1823067476265157,0.18763466176752058
6.892000000000636,0.1881903272269,0.17876741732827164,0.18234281786992837,0.18769476094214393
6.893000000000637,0.18820537832938203,0.17876741703390273,0.18237905124914652,0.18775526745146195
6.894000000000637,0.18821952304477244,0.17876741677390523,0.18241544941742968,0.18781618405627049
6.895000000000637,0.18823278174976402,0.17876741654495903,0.18245201403555641,0.18787751353607726
6.896000000000638,0.18824517550748754,0.1787674163434595,0.18248874677190005,0.18793925868922876
6.897000000000638,0.1882567260737206,0.17876741616550532,0.18252564930250484,0.18800142233303774
6.898000000000638,0.188267455903094,0.17876741600688725,0.18256272331116244,0.188064007303912
6.899000000000639,0.18827738815529077,0.17876741586307648,0.18259997048948867,0.18812701645748364
6.900000000000639,0.18828654670123146,0.17876741572921478,0.18263739253700081,0.18819045266873935
6.901000000000639,0.18829495612924013,0.17876741560010398,0.18267499116119504,0.18825431883215168
6.90200000000064,0.18830264175118533,0.1787674154701972,0.18271276807762438,0.18831861786181106
6.90300000000064,0.18830962960859007,0.17876741533359036,0.18275072500997705,0.18838335269155881
6.90400000000064,0.18831594647870564,0.17876741518401498,0.18278886369015498,0.18844852627512096
6.905000000000641,0.188321619880544,0.17876741501483173,0.18282718585835298,0.188514141586243
6.906000000000641,0.18832667808086334,0.17876741481902556,0.18286569326313798,0.18858020161882563
6.907000000000641,0.18833115010010276,0.17876741458920148,0.182904387661529,0.18864670938706138
6.908000000000642,0.18833506571826106,0.17876741431758236,0.18294327081907713,0.188713667925572
6.909000000000642,0.18833845548071607,0.1787674139960076,0.18298234450994622,0.18878108028954713
6.910000000000642,0.18834135070398114,0.17876741361593373,0.18302161051699375,0.18884894955488343
6.911000000000643,0.18834378348139494,0.1787674131684369,0.18306107063185229,0.1889172788183253
6.912000000000643,0.18834578668874258,0.17876741264421644,0.18310072665501112,0.18898607119760585
6.913000000000643,0.18834739398980566,0.178767412033601,0.18314058039589845,0.18905532983158926
6.914000000000644,0.1883486398418391,0.17876741132655627,0.18318063367296397,0.18912505788041406
6.915000000000644,0.18834955950097343,0.17876741051269546,0.18322088831376185,0.18919525852563732
6.916000000000644,0.18835018902754203,0.17876740958129106,0.18326134615503406,0.18926593497037966
6.917000000000645,0.18835056529133162,0.17876740852128972,0.18330200904279426,0.18933709043947167
6.918000000000645,0.18835072597675634,0.17876740732132967,0.18334287883241193,0.18940872817960075
6.919000000000645,0.18835070958795544,0.17876740596976007,0.18338395738869717,0.18948085145945953
6.920000000000646,0.18835055545381363,0.17876740445466388,0.1834252465859856,0.18955346356989478
6.921000000000646,0.1883503037329055,0.17876740276388314,0.1834667483082241,0.18962656782405773
6.922000000000646,0.18834999541836364,0.17876740088504764,0.18350846444905652,0.1897001675575552
6.923000000000647,0.18834967234267014,0.17876739880560658,0.18355039691191036,0.1897742661286017
6.924000000000647,0.18834927400975493,0.1787673945595409,0.1835923293747642,0.18978403248326284
6.925000000000647,0.1883488853455868,0.17876741158106993,0.18363404551559662,0.18979386503143025
6.926000000000648,0.18834850612493967,0.17876749212134466,0.1836755472378351,0.18980376422174425
6.927000000000648,0.18834813612767162,0.17876767755906878,0.18371683643512357,0.1898137305058859
6.928000000000648,0.1883477751386046,0.1787680084061946,0.1837579149914088,0.18982376433859763
6.929000000000649,0.18834742294740742,0.1787685243137537,0.1837987847810265,0.1898338661777039
6.930000000000649,0.18834707934848144,0.17876926407780783,0.18383944766878668,0.18984403648413228
6.931000000000649,0.1883467441408488,0.178770265645507,0.18387990551005892,0.18985427572193436
6.93200000000065,0.18834641712804384,0.17877156612124132,0.1839201601508568,0.1898645843583069
6.93300000000065,0.18834609811800695,0.17877320177287537,0.18396021342792232,0.1898749628636131
6.93400000000065,0.1883457869229811,0.17877520803805425,0.18400006716880965,0.18988541171140436
6.935000000000651,0.18834548335941093,0.17877761953056992,0.18403972319196846,0.18989593137844146
6.936000000000651,0.1883451872478442,0.17878047004677983,0.184079183306827,0.18990652234471667
6.937000000000651,0.18834489841283575,0.17878379257206775,0.18411844931387453,0.1899171850934754
6.938000000000652,0.18834461668285402,0.17878761928733916,0.18415752300474358,0.18992792011123846
6.939000000000652,0.1883443418901894,0.17879198157554396,0.18419640616229171,0.1899387278878241
6.940000000000652,0.18834407387086535,0.17879691002821957,0.1842351005606827,0.18994960891637036
6.941000000000653,0.188343812464551,0.17880243445204763,0.18427360796546774,0.18996056369335776
6.942000000000653,0.18834355751447704,0.17880858387542062,0.18431193013366573,0.18997159271863168
6.943000000000653,0.18834330886735212,0.1788153865550109,0.18435006881384366,0.1899826964954254
6.944000000000654,0.18834306637328285,0.17882286998233984,0.1843880257461963,0.18999387553038297
6.945000000000654,0.18834282988569478,0.17883106089034234,0.18442580266262565,0.19000513033358227
6.946000000000654,0.18834259926125574,0.17883998525992348,0.18446340128681984,0.19001646141855835
6.947000000000655,0.1883423743598009,0.17884966832650387,0.18450082333433196,0.1900278693023269
6.948000000000655,0.18834215504426025,0.17886013458655284,0.1845380705126582,0.19003935450540774
6.949000000000655,0.1883419411805872,0.17887140780410496,0.18457514452131576,0.19005091755184864
6.950000000000656,0.1883417326376894,0.17888351101726116,0.18461204705192055,0.1900625589692492
6.951000000000656,0.18834152928736186,0.1788964665446699,0.1846487797882642,0.190074279288785
6.952000000000656,0.18834133100422065,0.17891029599199088,0.18468534440639092,0.19008607904523167
6.953000000000657,0.18834113766563954,0.17892502025833712,0.18472174257467408,0.19009795877698948
6.954000000000657,0.18834094915168786,0.1789406595426981,0.18475797595389223,0.19010991902610777
6.955000000000657,0.18834076534507,0.17895723335034158,0.1847940461973049,0.19012196033830975
6.956000000000658,0.18834058613106686,0.17897476049919486,0.1848299549507281,0.1901340832630174
6.957000000000658,0.18834041139747867,0.17899325912620626,0.18486570385260928,0.1901462883533765
6.958000000000658,0.1883402410345697,0.17901274669368605,0.18490129453410223,0.19015857616628187
6.959000000000659,0.18834007493501448,0.17903323999562815,0.1849367286191414,0.19017094726240286
6.960000000000659,0.1883399129938456,0.17905475516401306,0.18497200772451608,0.1901834022062088
6.961000000000659,0.18833975510840276,0.17907730767509203,0.18500713345994416,0.19019594156599487
6.96200000000066,0.18833960117828422,0.1791009123556544,0.1850421074281455,0.19020856591390806
6.96300000000066,0.18833945110529848,0.17912558338927703,0.18507693122491514,0.19022127582597304
6.96400000000066,0.18833930479341837,0.1791513343225588,0.18511160643919608,0.19023407188211874
6.965000000000661,0.18833916214873617,0.17917817807133937,0.18514613465315177,0.19024695466620464
6.966000000000661,0.18833902307942024,0.17920612692690285,0.18518051744223837,0.19025992476604744
6.967000000000661,0.18833888749567262,0.17923519256216822,0.1852147563752765,0.1902729827734479
6.968000000000662,0.18833875530968835,0.17926538603786632,0.185248853014523,0.19028612928421784
6.969000000000662,0.18833862643561614,0.17929671780870393,0.18528280891574206,0.1902993648982073
6.970000000000662,0.18833850078951914,0.1793291977295161,0.18531662562827625,0.19031269021933198
6.971000000000663,0.1883383782893386,0.17936283506140643,0.18535030469511726,0.19032610585560064
6.972000000000663,0.1883382588548571,0.1793976384778758,0.18538384765297627,0.19033961241914307
6.973000000000663,0.1883381424076637,0.17943361607094102,0.18541725603235407,0.1903532105262378
6.974000000000664,0.18833802887111967,0.17947077535724118,0.18545053135761086,0.19036690079734037
6.975000000000664,0.1883379181703257,0.17950912328413432,0.18548367514703587,0.19038068385711157
6.976000000000664,0.18833781023208912,0.17954866623578242,0.18551668891291662,0.19039456033444602
6.977000000000665,0.18833770498489327,0.17958941003922604,0.18554957416160783,0.19040853086250065
6.978000000000665,0.1883376023588666,0.1796313599704478,0.18558233239360028,0.19042259607872386
6.979000000000665,0.18833750228575277,0.17967452076042403,0.1856149651035892,0.19043675662488446
6.980000000000666,0.18833740469888188,0.1797188966011649,0.18564747378054258,0.19045101314710106
6.981000000000666,0.18833730953314248,0.17976449115174273,0.1856798599077689,0.19046536629587132
6.982000000000666,0.18833721672495324,0.17981130754430674,0.18571212496298495,0.19047981672610192
6.983000000000667,0.18833712621223664,0.1798593483900853,0.1857442704183833,0.1904943650971382
6.984000000000667,0.18833703793439205,0.1799086157853736,0.18577629774069937,0.1905090120727945
6.985000000000667,0.1883369518322698,0.1799591113175071,0.1858082083912784,0.1905237583213841
6.986000000000668,0.1883368678481461,0.18001083607081922,0.18584000382614213,0.19053860451575005
6.987000000000668,0.18833678592569783,0.1800637906325827,0.1858716854960552,0.19055355133329574
6.988000000000668,0.18833670600997793,0.18011797509893457,0.18590325484659143,0.19056859945601573
6.989000000000669,0.18833662804739157,0.1801733890807817,0.18593471331819963,0.19058374957052696
6.990000000000669,0.18833655198567226,0.18023003170968913,0.18596606234626953,0.1905990023681001
6.991000000000669,0.18833647777385837,0.18028790164374742,0.18599730336119705,0.190614358544691
6.99200000000067,0.18833640536227023,0.18034699707341964,0.1860284377884498,0.19062981880097254
6.99300000000067,0.18833633470248695,0.18040731572736698,0.18605946704863188,0.19064538384236657
6.99400000000067,0.18833626574732468,0.18046885487825104,0.1860903925575489,0.190661054379076
6.995000000000671,0.18833619845081342,0.1805316113485135,0.18612121572627244,0.19067683112611733
6.996000000000671,0.18833613276817573,0.18059558151613062,0.18615193796120455,0.1906927148033533
6.997000000000671,0.18833606865580477,0.18066076132034337,0.18618256066414185,0.1907087061355256
6.998000000000672,0.18833600607124235,0.1807271462673606,0.18621308523233945,0.190724805852288
6.999000000000672,0.18833594497315842,0.18079473143603603,0.18624351305857484,0.19074101468823967
7.000000000000672,0.18833588532132872,0.18086351148351756,0.18627384553121132,0.1907573333829587
7.001000000000673,0.18833582707661484,0.1809334806508683,0.18630408403426138,0.1907737626810358
7.002000000000673,0.18833577020094264,0.18100463276865913,0.18633422994744986,0.19079030333210828
7.003000000000673,0.18833571465728202,0.1810769612625313,0.18636428464627694,0.19080695609089432
7.004000000000674,0.18833566040962604,0.1811504591587304,0.1863942495020808,0.19082372171722733
7.005000000000674,0.18833560742297092,0.1812251190896097,0.1864241258821003,0.19084060097609065
7.006000000000674,0.1883355556632955,0.18130093329910307,0.18645391514953735,0.1908575946376525
7.007000000000675,0.18833550509754124,0.1813778936481681,0.18648361866361904,0.19087470347730104
7.008000000000675,0.18833545569359242,0.1814559916201988,0.18651323777965964,0.1908919282756797
7.009000000000675,0.18833540742025626,0.18153521832640768,0.18654277384912263,0.19090926981872305
7.010000000000676,0.18833536024724293,0.18161556451117863,0.1865722282196821,0.19092672889769235
7.011000000000676,0.18833531414514668,0.18169702055738948,0.18660160223528452,0.19094430630921194
7.012000000000676,0.18833526908542608,0.1817795764917063,0.18663089723620976,0.19096200285530532
7.013000000000677,0.1883352250403848,0.181863221989849,0.1866601145591325,0.19097981934343186
7.014000000000677,0.18833518198315272,0.18194794638182943,0.1866892555371831,0.1909977565865238
7.015000000000677,0.1883351398876668,0.18203373865716324,0.18671832150000847,0.19101581540302306
7.016000000000678,0.1883350987286526,0.1821205874700566,0.18674731377383272,0.19103399661691883
7.017000000000678,0.18833505848160542,0.18220848114456845,0.1867762336815176,0.19105230105778495
7.018000000000678,0.18833501912277217,0.1822974076797508,0.18680508254262304,0.19107072956081797
7.019000000000679,0.18833498062913293,0.18238735475476767,0.18683386167346716,0.19108928296687505
7.020000000000679,0.18833494297838282,0.18247830973399548,0.18686257238718645,0.19110796212251252
7.021000000000679,0.18833490614891443,0.18257025967210636,0.1868912159937957,0.19112676788002445
7.02200000000068,0.1883348701197998,0.182663191319136,0.18691979380024767,0.19114570109748133
7.02300000000068,0.18833483487077313,0.1827570911255397,0.18694830711049282,0.19116476263876964
7.02400000000068,0.18833480038221323,0.18285194524723722,0.18697675722553878,0.1911839533736309
7.025000000000681,0.18833476663512694,0.1829477395506512,0.18700514544350966,0.19120327417770144
7.026000000000681,0.18833473361113157,0.18304445961773924,0.18703347305970536,0.19122272593255255
7.027000000000681,0.1883347012924388,0.1831420907510251,0.18706174136666065,0.19124230952573043
7.028000000000682,0.18833466966183796,0.18324061797862992,0.18708995165420408,0.1912620258507968
7.029000000000682,0.18833463870267983,0.18334002605930727,0.18711810520951697,0.1912818758073698
7.030000000000682,0.18833460839886093,0.18344029948748533,0.18714620331719198,0.1913018603011648
7.031000000000683,0.18833457873480747,0.18354142249831912,0.18717424725929183,0.19132198024403593
7.032000000000683,0.18833454969545993,0.18364337907275544,0.18720223831540775,0.19134223655401753
7.033000000000683,0.1883345212662581,0.18374615294261482,0.18723017776271794,0.19136263015536617
7.034000000000684,0.18833449343312586,0.1838497275956921,0.1872580668760457,0.1913831619786027
7.035000000000684,0.18833446618245664,0.18395408628088136,0.1872859069279178,0.1914038329605548
7.036000000000684,0.18833443950109877,0.18405921201332456,0.1873136991886223,0.19142464404439974
7.037000000000685,0.18833441337634166,0.18416508757959132,0.18734144492626675,0.19144559617970727
7.038000000000685,0.1883343877959019,0.18427169554288886,0.18736914540683589,0.19146669032248315
7.039000000000685,0.18833436274790957,0.18437901824830744,0.18739680189424945,0.1914879274352126
7.040000000000686,0.18833433822089501,0.18448703782810308,0.18742441565041992,0.19150930848690434
7.041000000000686,0.18833431420377605,0.18459573620702016,0.18745198793530995,0.1915308344531347
7.042000000000686,0.18833429068584534,0.18470509510765618,0.18747952000698997,0.1915525063160922
7.043000000000687,0.18833426765675798,0.1848150960558703,0.18750701312169557,0.19157432506462233
7.044000000000687,0.1883342451065196,0.1849257203862388,0.1875344685338848,0.1915962916942727
7.045000000000687,0.18833422302547503,0.18503694924755704,0.18756188749629546,0.19161840720733853
7.046000000000688,0.18833420140429666,0.18514876360839122,0.1875892712600021,0.19164067261290813
7.047000000000688,0.18833418023397375,0.1852611442626788,0.18761662107447333,0.19166308892690925
7.048000000000688,0.1883341595058021,0.18537407183537932,0.18764393818762867,0.1916856571721553
7.049000000000689,0.18833413921137376,0.18548752678817595,0.1876712238458956,0.19170837837839197
7.050000000000689,0.18833411934256739,0.18560148942522622,0.18769847929426628,0.1917312535823443
7.051000000000689,0.18833409989153896,0.1857159398989625,0.18772570577635453,0.1917542838277639
7.05200000000069,0.18833408085071313,0.18583085821594014,0.18775290453445245,0.1917774701654767
7.05300000000069,0.18833406221277435,0.18594622424273236,0.18778007680958717,0.19180081365343074
7.05400000000069,0.18833404397065967,0.18606201771186964,0.18780722384157744,0.1918243153567446
7.055000000000691,0.18833402611755073,0.18617821822782032,0.18783434686909026,0.1918479763477559
7.056000000000691,0.18833400864686714,0.18629480527301057,0.18786144712969724,0.1918717977060702
7.057000000000691,0.18833399155226013,0.18641175821387868,0.18788852585993132,0.19189578051861042
7.058000000000692,0.18833397482760644,0.18652905630696115,0.18791558429534294,0.1919199258796662
7.059000000000692,0.1883339584670035,0.18664667870500454,0.18794262367055659,0.19194423489094403
7.060000000000692,0.1883339424647645,0.18676460446309856,0.18796964521932702,0.19196870866161744
7.061000000000693,0.18833392681541447,0.1868828125448246,0.1879966501745957,0.1919933483083776
7.062000000000693,0.1883339115136872,0.18700128182841327,0.18802363976854686,0.19201815495548435
7.063000000000693,0.18833389655452237,0.18711999111290462,0.18805061523266386,0.1920431297348173
7.064000000000694,0.18833388193306386,0.18723891912430266,0.18807757779778536,0.19206827378592772
7.065000000000694,0.1883338676446586,0.18735804452171742,0.18810452869416144,0.1920935882560904
7.066000000000694,0.18833385368485622,0.18747734590348525,0.18813146915150977,0.19211907430035605
7.067000000000695,0.18833384004941006,0.18759680181325877,0.18815840039907172,0.1921447330816039
7.068000000000695,0.18833382673427818,0.18771639074605684,0.1881853236656684,0.19217056577059488
7.069000000000695,0.18833381373562633,0.18783609115426392,0.1882122401797568,0.19219657354602507
7.070000000000696,0.1883338010498309,0.18795588145356898,0.18823915116948578,0.19222275759457927
7.071000000000696,0.18833378867348394,0.18807574002883226,0.18826605786275216,0.19224911911098538
7.072000000000696,0.18833377660339823,0.18819564523986756,0.1882929614872567,0.1922756592980688
7.073000000000697,0.18833376483661465,0.18831557542712915,0.18831986327056013,0.19230237936680736
7.074000000000697,0.18833375337040942,0.18843550891728833,0.18834676444013923,0.19232928053638645
7.075000000000697,0.18833374219980956,0.1885554242086499,0.18837366622344268,0.1923563640342548
7.076000000000698,0.18833373131503522,0.18867530016269013,0.1884005698479472,0.19238363109618042
7.077000000000698,0.18833372070419335,0.1887951158168525,0.18842747654121358,0.19241108296630707
7.078000000000698,0.18833371035589588,0.18891485020092408,0.1884543875309426,0.19243872089721084
7.079000000000699,0.18833370025924623,0.189034482342218,0.188481304045031,0.19246654614995748
7.080000000000699,0.18833369040382608,0.18915399127084823,0.18850822731162767,0.19249455999415982
7.081000000000699,0.18833368077968074,0.18927335602510162,0.18853515855918962,0.19252276370803587
7.0820000000007,0.18833367137730558,0.1893925556569046,0.18856209901653795,0.1925511585784669
7.0830000000007,0.18833366218763128,0.18951156923738696,0.18858904991291403,0.1925797459010564
7.0840000000007,0.18833365320200948,0.18963037586254214,0.18861601247803553,0.19260852698018893
7.085000000000701,0.1883336444121983,0.1897489546589825,0.1886429879421525,0.19263750312908998
7.086000000000701,0.18833363581034776,0.18986728478979034,0.18866997753610365,0.19266667566988555
7.087000000000701,0.1883336273889854,0.1899853454604606,0.18869698249137232,0.1926960459336627
7.088000000000702,0.18833361914100225,0.19010311592493623,0.18872400404014278,0.1927256152605302
7.089000000000702,0.18833361105963808,0.19022057549173066,0.18875104341535642,0.19275538499967965
7.090000000000702,0.1883336031384678,0.19033770353013726,0.18877810185076804,0.19278535650944711
7.091000000000703,0.188333595371388,0.19045447947652092,0.1888051805810021,0.19281553115737504
7.092000000000703,0.1883335877526027,0.1905708828406886,0.1888322808416091,0.19284591032027473
7.093000000000703,0.18833358027661096,0.190686893212335,0.1888594038691219,0.19287649538428903
7.094000000000704,0.18833357293819314,0.19080249026755897,0.18888655090111217,0.1929072877449557
7.095000000000704,0.18833356573239926,0.19091765377544548,0.1889137231762469,0.1929382888072711
7.096000000000704,0.1883335586545359,0.1910323636047093,0.18894092193434484,0.19296949998575416
7.097000000000705,0.1883335517001548,0.19114659973039475,0.18896814841643308,0.19300092270451105
7.098000000000705,0.18833354486504125,0.19126034224062535,0.18899540386480376,0.1930325583973001
7.099000000000705,0.18833353814520284,0.19137357134339947,0.1890226895230707,0.19306440850759726
7.100000000000706,0.18833353153685867,0.19148626737342478,0.18905000663622604,0.1930964744886619
7.101000000000706,0.18833352503642917,0.1915984107989864,0.18907735645069726,0.19312875780360322
7.102000000000706,0.18833351864052583,0.19170998222884317,0.1891047402144039,0.19316125992544692
7.103000000000707,0.1883335123459418,0.19182096241914523,0.18913215917681456,0.1931939823372024
7.104000000000707,0.1883335061496424,0.19193133228036785,0.1891596145890038,0.19322692653193047
7.105000000000707,0.18833350004875632,0.1920410728842549,0.18918710770370942,0.19326009401281158
7.106000000000708,0.18833349404056746,0.19215016547076663,0.18921463977538944,0.19329348629321413
7.107000000000708,0.18833348812250625,0.1922585914550261,0.18924221206027944,0.1933271048967638
7.108000000000708,0.18833348229214214,0.19236633243425783,0.18926982581644988,0.19336095135741296
7.109000000000709,0.1883334765471761,0.19247337019471433,0.18929748230386345,0.19339502721951063
7.110000000000709,0.18833347088543398,0.19257968671858428,0.18932518278443258,0.19342933403787302
7.111000000000709,0.18833346530485892,0.19268526419087817,0.18935292852207702,0.19346387337785437
7.11200000000071,0.18833345980350552,0.1927900850062854,0.18938072078278154,0.19349864681541845
7.11300000000071,0.18833345437953364,0.19289413177599984,0.18940856083465363,0.19353365593721053
7.11400000000071,0.18833344903120264,0.19299738733450844,0.1894364499479814,0.19356890234062954
7.115000000000711,0.1883334437568654,0.19309983474633838,0.1894643893952916,0.19360438763390128
7.116000000000711,0.1883334385549639,0.19320145731276137,0.1894923804514075,0.19364011343615153
7.117000000000711,0.18833343342402353,0.19330223857844886,0.18952042439350736,0.1936760813774801
7.118000000000712,0.18833342836264885,0.19340216233807767,0.18954852250118234,0.1937122930990351
7.119000000000712,0.18833342336951894,0.1935012126428809,0.18957667605649522,0.19374875025308785
7.120000000000712,0.1883334184433833,0.1935993738071443,0.1896048863440387,0.19378545450310836
7.121000000000713,0.18833341358305794,0.19369663041464374,0.18963315465099395,0.19382240752384106
7.122000000000713,0.18833340878742147,0.19379296732502385,0.18966148226718965,0.19385961100138135
7.123000000000713,0.18833340405541185,0.19388836968011527,0.1896898704851605,0.1938970666332525
7.124000000000714,0.1883333993860229,0.19398282291019023,0.18971832060020646,0.19393477612848317
7.125000000000714,0.18833339477830127,0.19407631274015527,0.1897468339104516,0.19397274120768515
7.126000000000714,0.18833339023134357,0.19416882519568085,0.18977541171690357,0.1940109636031322
7.127000000000715,0.1883333857442935,0.1942603466092679,0.1898040553235128,0.19404944505883875
7.128000000000715,0.18833338131633953,0.1943508636262511,0.1898327660372321,0.19408818733063987
7.129000000000715,0.18833337694671246,0.19444036321073943,0.18986154516807618,0.194127192186271
7.130000000000716,0.18833337263468286,0.1945288326514951,0.1898903940291816,0.19416646140544883
7.131000000000716,0.18833336837955955,0.19461625956775105,0.18991931393686648,0.19420599677995248
7.132000000000716,0.18833336418068727,0.1947026319149688,0.18994830621069073,0.19424580011370518
7.133000000000717,0.18833336003744527,0.19478793799053742,0.1899773721735161,0.19428587322285665
7.134000000000717,0.1883333559492451,0.1948721664394156,0.19000651315156672,0.19432621793586596
7.135000000000717,0.18833335191552977,0.19495530625971863,0.19003573047448946,0.19436683609358488
7.136000000000718,0.1883333479357718,0.19503734680825105,0.19006502547541468,0.19440772954934196
7.137000000000718,0.18833334400947227,0.1951182778059885,0.19009439949101706,0.19444890016902716
7.138000000000718,0.18833334013615938,0.1951980893435099,0.19012385386157654,0.1944903498311768
7.139000000000719,0.18833333631538754,0.19527677188638187,0.1901533899310395,0.1945320804270594
7.140000000000719,0.18833333254673637,0.1953543162804991,0.1901830090470801,0.19457409386076194
7.141000000000719,0.1883333288298096,0.19543071375738086,0.19021271256116176,0.19461639204927675
7.14200000000072,0.18833332516423434,0.19550595593942852,0.1902425018285988,0.194658976922589
7.14300000000072,0.1883333215496605,0.19558003484514433,0.19027237820861834,0.1947018504237647
7.14400000000072,0.18833331798575959,0.19565294289431565,0.1903023430644222,0.19474501450903942
7.145000000000721,0.1883333144722244,0.19572467291316548,0.19033239776324926,0.1947884711479075
7.146000000000721,0.18833331100876827,0.19579521813947412,0.19036254367643773,0.19483222232321196
7.147000000000721,0.18833330759512443,0.19586457222767184,0.19039278217948777,0.19487627003123498
7.148000000000722,0.18833330423104555,0.19593272925390745,0.19042311465212422,0.19492061628178886
7.149000000000722,0.18833330091630274,0.1959996837210937,0.1904535424783596,0.19496526309830794
7.1500000000007224,0.18833329765068546,0.19606543056393277,0.1904840670465572,0.19501021251794076
7.151000000000723,0.1883332944340005,0.19612996515392486,0.19051468974949448,0.19505546659164305
7.152000000000723,0.1883332912660715,0.19619328330436087,0.1905454119844266,0.1951010273842713
7.1530000000007234,0.1883332881467382,0.19625538127530365,0.19057623515315014,0.19514689697467702
7.154000000000724,0.1883332850758555,0.1963162557785585,0.19060716066206718,0.19519307745580164
7.155000000000724,0.18833328205329297,0.19637590398263693,0.19063818992224926,0.19523957093477182
7.1560000000007244,0.1883332790789336,0.19643432351771525,0.190669324349502,0.19528637953299574
7.157000000000725,0.18833327615267265,0.1964915124805901,0.19070056536442956,0.1953335053862599
7.158000000000725,0.18833327327441685,0.19654746943963514,0.19073191439249945,0.19538095064482655
7.1590000000007254,0.1883332704440826,0.19660219343975915,0.1907633728641077,0.19542871747353174
7.160000000000726,0.1883332676615949,0.19665568400736966,0.19079494221464388,0.19547680805188417
7.161000000000726,0.18833326492688557,0.19670794115534343,0.19082662388455696,0.19552522457416466
7.1620000000007265,0.18833326223989086,0.1967589653880073,0.19085841931942066,0.1955739692495261
7.163000000000727,0.1883332596005501,0.19680875770613082,0.1908903299699997,0.19562304430209457
7.164000000000727,0.1883332570088029,0.1968573196119337,0.19092235729231577,0.19567245197107044
7.1650000000007275,0.18833325446458649,0.19690465311411032,0.1909545027477141,0.19572219451083084
7.166000000000728,0.18833325196783315,0.196950760732874,0.19098676780293017,0.19577227419103235
7.167000000000728,0.18833324951846672,0.19699564550502277,0.19101915393015648,0.19582269329671467
7.1680000000007285,0.1883332471163994,0.19703931098903,0.19105166260710982,0.1958734541284048
7.169000000000729,0.18833324476152738,0.1970817612701612,0.19108429531709875,0.19592455900222205
7.170000000000729,0.18833324245372732,0.19712300096562002,0.1911170535490912,0.19597601024998373
7.1710000000007295,0.1883332401928513,0.19716303522972614,0.19114993879778241,0.1960278102193115
7.17200000000073,0.18833323797872195,0.19720186975912538,0.19118295256366313,0.19607996127373856
7.17300000000073,0.1883332358111274,0.19723951079803673,0.19121609635308814,0.19613246579281737
7.1740000000007305,0.18833323368981492,0.1972759651435363,0.19124937167834494,0.19618532617222836
7.175000000000731,0.1883332316144853,0.19731124015088136,0.19128278005772273,0.19623854482388922
7.176000000000731,0.18833322958478585,0.19734534373887527,0.19131632301558177,0.19629212417606484
7.1770000000007315,0.18833322760030355,0.19737828439527594,0.1913500020824228,0.19634606667347823
7.178000000000732,0.18833322566055744,0.1974100711822484,0.191383818794957,0.19640037477742195
7.179000000000732,0.1883332237649907,0.1974407137418631,0.19141777469617605,0.19645505096587057
7.1800000000007325,0.18833322191296206,0.19747022230164116,0.19145187133542255,0.19651009773359362
7.181000000000733,0.18833322010373743,0.19749860768014676,0.19148611026846069,0.19656551759226942
7.182000000000733,0.18833321833647998,0.19752588129262746,0.1915204930575473,0.19662131307059982
7.1830000000007335,0.18833321661024122,0.19755205515670257,0.19155502127150298,0.1966774867144253
7.184000000000734,0.18833321492395005,0.19757714189809922,0.19158969648578392,0.19673404108684148
7.185000000000734,0.1883332132764031,0.19760115475643575,0.19162452028255356,0.19679097876831575
7.1860000000007345,0.18833321166625341,0.1976241075910511,0.19165949425075487,0.19684830235680525
7.187000000000735,0.1883332100919995,0.19764601488687972,0.19169461998618295,0.1969060144678753
7.188000000000735,0.18833320855197377,0.19766689176036892,0.19172989909155766,0.19696411773481876
7.1890000000007355,0.18833320704433118,0.19768675396543767,0.19176533317659683,0.19702261480877614
7.190000000000736,0.18833320556703673,0.19770561789947422,0.19180092385808975,0.1970815083588566
7.191000000000736,0.18833320411785417,0.19772350060936866,0.1918366727599709,0.19714080107225984
7.1920000000007365,0.18833320269433326,0.19774041979757764,0.1918725815133941,0.19720049565439857
7.193000000000737,0.18833320129379785,0.19775639382821836,0.19190865175680677,0.19726059482902192
7.194000000000737,0.18833319991333367,0.19777144173318567,0.19194488513602492,0.19732110133833994
7.1950000000007375,0.18833319854977598,0.19778558321828998,0.19198128330430808,0.19738201794314844
7.196000000000738,0.18833319719969802,0.19779883866940978,0.19201784792243481,0.19744334742295525
7.197000000000738,0.1883331958593991,0.19781122915865473,0.19205458065877845,0.1975050925761067
7.1980000000007385,0.18833319452489286,0.19782277645053295,0.19209148318938324,0.19756725621991572
7.199000000000739,0.1883331931918969,0.1978335030081189,0.19212855719804084,0.19762984119079
7.200000000000739,0.18833319185582173,0.197843431999214,0.19216580437636707,0.1976928503443616
7.2010000000007395,0.18833319051176092,0.197852587302497,0.1922032264238792,0.19775628655561728
7.20200000000074,0.18833318915448186,0.19786099351365624,0.1922408250480734,0.1978201527190296
7.20300000000074,0.18833318777841698,0.19786867595150012,0.19227860196450275,0.197884451748689
7.2040000000007405,0.18833318637765653,0.19787566066403908,0.19231655889685542,0.19794918657843674
7.205000000000741,0.1883331849459411,0.19788197443453434,0.19235469757703336,0.1980143601619989
7.206000000000741,0.18833318347665645,0.19788764478750884,0.19239301974523135,0.19807997547312092
7.2070000000007415,0.18833318196282867,0.1978926999947151,0.19243152715001635,0.19814603550570356
7.208000000000742,0.18833318039712124,0.1978971690810552,0.19247022154840734,0.19821254327393928
7.209000000000742,0.18833317877183262,0.19790108183045033,0.19250910470595547,0.1982795018124499
7.2100000000007425,0.18833317707889607,0.19790446879165421,0.19254817839682453,0.19834691417642497
7.211000000000743,0.18833317530988078,0.19790736128400904,0.19258744440387207,0.19841478344176128
7.212000000000743,0.18833317345599454,0.19790979140313966,0.1926269045187306,0.19848311270520314
7.2130000000007435,0.1883331715080886,0.19791179202658454,0.19266656054188944,0.19855190508448367
7.214000000000744,0.1883331694566638,0.19791339681936077,0.19270641428277677,0.19862116371846708
7.215000000000744,0.18833316729187946,0.19791464023946276,0.1927464675598423,0.1986908917672919
7.2160000000007445,0.18833316500356403,0.19791555754329193,0.19278672220064016,0.19876109241251513
7.217000000000745,0.18833316258122787,0.19791618479101827,0.19282718004191238,0.1988317688572575
7.218000000000745,0.1883331600140787,0.19791655885187193,0.19286784292967257,0.19890292432634948
7.2190000000007455,0.18833315729103955,0.1979167174093662,0.19290871271929025,0.19897456206647857
7.220000000000746,0.18833315440076906,0.1979166989664509,0.1929497912755755,0.19904668534633735
7.221000000000746,0.188333151331685,0.19791654285059695,0.19299108047286392,0.19911929745677256
7.2220000000007465,0.1883331480719903,0.19791628921881307,0.19303258219510241,0.19919240171093555
7.223000000000747,0.18833314460970269,0.1979159790625942,0.19307429833593484,0.199266001444433
7.224000000000747,0.18833314093268658,0.1979156542128032,0.19311623079878867,0.19934010001547953
7.2250000000007475,0.18833313278043656,0.19791525343036934,0.1931581632616425,0.19934986637014065
7.226000000000748,0.1883331460474077,0.19791486235530095,0.19319987940247493,0.19935969891830807
7.227000000000748,0.18833322298274735,0.19791448076152623,0.19324138112471342,0.19936959810862206
7.2280000000007485,0.1883334049629844,0.19791410842807247,0.1932826703220019,0.19937956439276372
7.229000000000749,0.18833373249764715,0.19791374513894647,0.19332374887828713,0.19938959822547545
7.230000000000749,0.18833424523502834,0.19791339068301844,0.1933646186679048,0.19939970006458171
7.2310000000007495,0.18833498196808285,0.19791304485390843,0.193405281555665,0.1994098703710101
7.23200000000075,0.1883359806404435,0.19791270744987496,0.19344573939693724,0.1994201096088122
7.23300000000075,0.18833727835254183,0.1979123782737073,0.19348599403773512,0.1994304182451847
7.2340000000007505,0.18833891136782074,0.19791205713261967,0.19352604731480064,0.19944079675049095
7.235000000000751,0.18834091511902795,0.19791174383814827,0.19356590105568797,0.1994512455982822
7.236000000000751,0.1883433242145787,0.1979114382060503,0.19360555707884677,0.1994617652653193
7.2370000000007515,0.1883461724449773,0.19791114005620622,0.1936450171937053,0.1994723562315945
7.238000000000752,0.18834949278928917,0.19791084921252372,0.19368428320075284,0.19948301898035328
7.239000000000752,0.18835331742165265,0.19791056550284397,0.1937233568916219,0.1994937539981163
7.2400000000007525,0.18835767771782536,0.19791028875885067,0.19376224004917,0.1995045617747019
7.241000000000753,0.1883626042617543,0.1979100188159807,0.193800934447561,0.19951544280324818
7.242000000000753,0.1883681268521661,0.19790975551333692,0.193839441852346,0.19952639758023555
7.2430000000007535,0.1883742745091693,0.1979094986936037,0.193877764020544,0.1995374266055095
7.244000000000754,0.1883810754808642,0.19790924820296338,0.19391590270072193,0.19954853038230325
7.245000000000754,0.18838855724995485,0.197909003891016,0.19395385963307457,0.19955970941726078
7.2460000000007545,0.18839674654035882,0.19790876561069992,0.1939916365495039,0.19957096422046008
7.247000000000755,0.1884056693238113,0.197908533218215,0.1940292351736981,0.19958229530543617
7.248000000000755,0.18841535082646,0.19790830657294736,0.19406665722121022,0.19959370318920472
7.2490000000007555,0.18842581553544674,0.19790808553739608,0.19410390439953643,0.19960518839228555
7.250000000000756,0.18843708720547617,0.19790786997710189,0.194140978408194,0.19961675143872645
7.251000000000756,0.1884491888653658,0.19790765976057748,0.19417788093879879,0.19962839285612702
7.2520000000007565,0.18846214282457843,0.19790745475923946,0.19421461367514242,0.19964011317566283
7.253000000000757,0.18847597067973498,0.1979072548473426,0.19425117829326916,0.19965191293210952
7.254000000000757,0.18849069332110535,0.19790705990191537,0.1942875764615523,0.1996637926638673
7.2550000000007575,0.18850633093907862,0.19790686980269706,0.19432380984077047,0.1996757529129856
7.256000000000758,0.18852290303061037,0.19790668443207715,0.19435988008418315,0.1996877942251876
7.257000000000758,0.1885404284056479,0.19790650367503593,0.19439578883760633,0.19969991714989524
7.2580000000007585,0.18855892519353246,0.19790632741908679,0.19443153773948751,0.19971212224025434
7.259000000000759,0.18857841084937998,0.1979061555542203,0.19446712842098043,0.1997244100531597
7.260000000000759,0.18859890216043868,0.19790598797284997,0.1945025625060196,0.19973678114928067
7.2610000000007595,0.18862041525242554,0.19790582456975908,0.19453784161139429,0.19974923609308662
7.26200000000076,0.1886429655958415,0.19790566524204947,0.19457296734682236,0.19976177545287271
7.26300000000076,0.18866656801226592,0.19790550988909195,0.1946079413150237,0.19977439980078587
7.2640000000007605,0.18869123668063129,0.19790535841247794,0.19464276511179335,0.19978710971285085
7.265000000000761,0.18871698514347854,0.19790521071597253,0.19467744032607429,0.19979990576899656
7.266000000000761,0.18874382631319353,0.19790506670546887,0.19471196854002998,0.19981278855308246
7.2670000000007615,0.18877177247822674,0.19790492628894452,0.19474635132911658,0.1998257586529253
7.268000000000762,0.18880083530929462,0.19790478937641834,0.19478059026215472,0.19983881666032574
7.269000000000762,0.18883102586556505,0.1979046558799093,0.19481468690140122,0.1998519631710957
7.2700000000007625,0.1888623546008271,0.19790452571339606,0.19484864280262026,0.19986519878508516
7.271000000000763,0.18889483136964566,0.1979043987927783,0.19488245951515445,0.19987852410620982
7.272000000000763,0.18892846543350086,0.19790427503583854,0.19491613858199547,0.19989193974247849
7.2730000000007635,0.18896326546691408,0.19790415436220588,0.19494968153985448,0.19990544630602092
7.274000000000764,0.18899923956355896,0.19790403669332005,0.19498308991923227,0.19991904441311567
7.275000000000764,0.18903639524236043,0.1979039219523969,0.19501636524448906,0.19993273468421824
7.2760000000007645,0.18907473945357883,0.19790381006439503,0.19504950903391408,0.19994651774398944
7.277000000000765,0.18911427858488186,0.19790370095598311,0.19508252279979482,0.19996039422132386
7.278000000000765,0.1891550184674032,0.19790359455550782,0.19511540804848604,0.19997436474937852
7.2790000000007655,0.1891969643817876,0.19790349079296332,0.19514816628047849,0.19998842996560173
7.280000000000766,0.18924012106422294,0.1979033895999611,0.19518079899046742,0.20000259051176233
7.281000000000766,0.1892844927124585,0.1979032909097005,0.1952133076674208,0.20001684703397893
7.2820000000007665,0.1893300829918097,0.1979031946569403,0.1952456937946471,0.2000312001827492
7.283000000000767,0.18937689504114835,0.19790310077797063,0.19527795884986315,0.2000456506129798
7.284000000000767,0.18942493147887832,0.19790300921058587,0.1953101043052615,0.2000601989840161
7.2850000000007675,0.18947419440889562,0.19790291989405773,0.19534213162757758,0.20007484595967237
7.286000000000768,0.1895246854265339,0.19790283276910942,0.1953740422781566,0.20008959220826197
7.287000000000768,0.18957640562449143,0.19790274777788985,0.19540583771302034,0.20010443840262795
7.2880000000007685,0.1896293555987433,0.19790266486394834,0.1954375193829334,0.20011938522017364
7.289000000000769,0.18968353545443403,0.19790258397221042,0.19546908873346963,0.20013443334289363
7.290000000000769,0.18973894481175224,0.19790250504895326,0.19550054720507784,0.20014958345740486
7.2910000000007695,0.1897955828117859,0.19790242804178176,0.1955318962331477,0.20016483625497797
7.29200000000077,0.18985344812235697,0.19790235289960537,0.19556313724807525,0.2001801924315689
7.29300000000077,0.1899125389438358,0.1979022795726147,0.195594271675328,0.20019565268785047
7.2940000000007705,0.1899728530149322,0.1979022080122588,0.1956253009355101,0.2002112177292445
7.295000000000771,0.19003438761846497,0.19790213817122276,0.1956562264444271,0.20022688826595392
7.296000000000771,0.19009713958710742,0.1979020700034051,0.19568704961315064,0.20024266501299526
7.2970000000007715,0.1901611053091083,0.197902003463896,0.19571777184808276,0.20025854869023124
7.298000000000772,0.19022628073398748,0.1979019385089557,0.19574839455102006,0.20027454002240352
7.299000000000772,0.1902926613782064,0.1979018750959926,0.19577891911921766,0.20029063973916592
7.3000000000007725,0.19036024233081072,0.19790181318354222,0.19580934694545304,0.2003068485751176
7.301000000000773,0.19042901825904668,0.19790175273124577,0.19583967941808952,0.20032316726983665
7.302000000000773,0.19049898341394916,0.19790169369982955,0.19586991792113959,0.20033959656791372
7.3030000000007735,0.1905701316359012,0.19790163605108388,0.19590006383432806,0.2003561372189862
7.304000000000774,0.19064245636016505,0.19790157974784264,0.19593011853315515,0.20037278997777228
7.305000000000774,0.1907159506223838,0.1979015247539627,0.195960083388959,0.2003895556041053
7.3060000000007745,0.19079060706405374,0.19790147103430383,0.1959899597689785,0.2004064348629686
7.307000000000775,0.19086641793796652,0.19790141855470827,0.19601974903641556,0.20042342852453046
7.308000000000775,0.19094337511362275,0.197901367281981,0.19604945255049724,0.200440537364179
7.3090000000007755,0.19102147008261527,0.19790131718386963,0.19607907166653785,0.20045776216255765
7.310000000000776,0.1911006939639832,0.1979012682290449,0.19610860773600083,0.200475103705601
7.311000000000776,0.19118103750953708,0.19790122038708116,0.19613806210656032,0.20049256278457034
7.3120000000007765,0.1912624911091555,0.19790117362843665,0.19616743612216272,0.20051014019608993
7.313000000000777,0.19134504479605385,0.19790112792443443,0.19619673112308797,0.20052783674218327
7.314000000000777,0.191428688252026,0.19790108324724337,0.1962259484460107,0.20054565323030984
7.3150000000007775,0.1915134108126595,0.19790103956985877,0.1962550894240613,0.20056359047340178
7.316000000000778,0.191599201472526,0.19790099686608395,0.19628415538688668,0.20058164928990105
7.317000000000778,0.19168604889034782,0.1979009551105113,0.19631314766071092,0.20059983050379682
7.3180000000007785,0.1917739413941421,0.19790091427850406,0.1963420675683958,0.20061813494466296
7.319000000000779,0.19186286698634386,0.1979008743461774,0.19637091642950125,0.20063656344769595
7.320000000000779,0.19195281334891007,0.19790083529038088,0.19639969556034537,0.20065511685375306
7.3210000000007796,0.1920437678484071,0.19790079708868025,0.19642840627406466,0.20067379600939053
7.32200000000078,0.19213571754108233,0.19790075971933915,0.19645704988067392,0.20069260176690243
7.32300000000078,0.19222864917792312,0.19790072316130217,0.19648562768712588,0.20071153498435934
7.3240000000007806,0.19232254920970546,0.19790068739417674,0.19651414099737102,0.20073059652564765
7.325000000000781,0.19241740379203473,0.19790065239821647,0.19654259111241698,0.2007497872605089
7.326000000000781,0.19251319879038054,0.1979006181543035,0.19657097933038783,0.20076910806457945
7.3270000000007816,0.19260991978510986,0.19790058464393206,0.19659930694658354,0.20078855981943053
7.328000000000782,0.1927075520765196,0.19790055184919175,0.19662757525353883,0.20080814341260841
7.329000000000782,0.19280608068987365,0.19790051975275075,0.19665578554108226,0.2008278597376748
7.330000000000783,0.19290549038044497,0.19790048833784016,0.19668393909639514,0.2008477096942478
7.331000000000783,0.19300576563856836,0.19790045758823765,0.19671203720407016,0.20086769418804282
7.332000000000783,0.1931068906947053,0.19790042748825176,0.19674008114617,0.20088781413091394
7.333000000000784,0.19320884952452488,0.19790039802270676,0.19676807220228593,0.20090807044089554
7.334000000000784,0.19331162585400394,0.19790036917692685,0.19679601164959612,0.20092846404224418
7.335000000000784,0.19341520316454935,0.19790034093672165,0.1968239007629239,0.2009489958654807
7.336000000000785,0.19351956469814593,0.1979003132883713,0.19685174081479598,0.2009696668474328
7.337000000000785,0.19362469346253283,0.19790028621861194,0.19687953307550046,0.20099047793127772
7.338000000000785,0.1937305722364116,0.19790025971462186,0.1969072788131449,0.20101143006658526
7.339000000000786,0.19383718357468846,0.1979002337640072,0.19693497929371404,0.20103252420936113
7.340000000000786,0.1939445098137541,0.1979002083547888,0.1969626357811276,0.2010537613220906
7.341000000000786,0.19405253307680298,0.1979001834753887,0.19699024953729807,0.20107514237378235
7.342000000000787,0.1941612352791946,0.19790015911461714,0.1970178218221881,0.20109666834001272
7.343000000000787,0.19427059813385938,0.19790013526166012,0.19704535389386812,0.2011183402029702
7.344000000000787,0.1943806031567504,0.19790011190606702,0.19707284700857372,0.2011401589515003
7.345000000000788,0.19449123167234295,0.1979000890377384,0.19710030242076296,0.2011621255811507
7.346000000000788,0.19460246481918306,0.19790006664691498,0.1971277213831736,0.20118424109421654
7.347000000000788,0.19471428355548603,0.19790004472416567,0.19715510514688026,0.20120650649978614
7.348000000000789,0.19482666866478515,0.19790002326037723,0.19718245496135148,0.2012289228137873
7.349000000000789,0.19493960076163191,0.19790000224674353,0.19720977207450682,0.2012514910590333
7.350000000000789,0.19505306029734612,0.19789998167475542,0.19723705773277375,0.20127421226527
7.35100000000079,0.19516702756581622,0.19789996153619138,0.19726431318114443,0.2012970874692223
7.35200000000079,0.1952814827093484,0.19789994182310766,0.19729153966323268,0.20132011771464192
7.35300000000079,0.19539640572456293,0.19789992252783023,0.1973187384213306,0.20134330405235473
7.354000000000791,0.19551177646833628,0.1978999036429457,0.19734591069646532,0.20136664754030878
7.355000000000791,0.1956275746637854,0.19789988516129392,0.1973730577284556,0.20139014924362264
7.356000000000791,0.1957437799062919,0.19789986707596047,0.1974001807559684,0.20141381023463395
7.357000000000792,0.1958603716695631,0.1978998493802697,0.1974272810165754,0.20143763159294825
7.358000000000792,0.1959773293117241,0.19789983206777853,0.19745435974680947,0.20146161440548846
7.359000000000792,0.19609463208143837,0.19789981513227073,0.1974814181822211,0.20148575976654426
7.360000000000793,0.19621225912405033,0.19789979856775175,0.19750845755743474,0.2015100687778221
7.361000000000793,0.19633018948774442,0.1978997823684441,0.19753547910620517,0.20153454254849548
7.362000000000793,0.19644840212971476,0.19789976652878352,0.19756248406147384,0.20155918219525565
7.363000000000794,0.19656687592233862,0.19789975104341576,0.197589473655425,0.2015839888423624
7.364000000000794,0.19668558965934552,0.1978997359071943,0.19761644911954201,0.20160896362169536
7.365000000000794,0.1968045220619751,0.19789972111517845,0.1976434116846635,0.2016341076728058
7.366000000000795,0.19692365178511456,0.19789970666263226,0.1976703625810396,0.20165942214296848
7.367000000000795,0.19704295742340686,0.19789969254502496,0.19769730303838792,0.2016849081872341
7.368000000000795,0.19716241751731986,0.19789967875803094,0.19772423428594987,0.20171056696848197
7.369000000000796,0.1972820105591666,0.19789966529753217,0.19775115755254655,0.20173639965747295
7.370000000000796,0.19740171499906536,0.19789965215962071,0.19777807406663495,0.20176240743290313
7.371000000000796,0.19752150925082887,0.19789963934060173,0.19780498505636393,0.20178859148145734
7.372000000000797,0.19764137169777024,0.19789962683699908,0.1978318917496303,0.20181495299786348
7.373000000000797,0.19776128069841328,0.19789961464556066,0.19785879537413484,0.2018414931849469
7.374000000000797,0.19788121459209437,0.1978996027632652,0.19788569715743828,0.20186821325368542
7.375000000000798,0.1980011517044419,0.19789959118733086,0.19791259832701738,0.20189511442326452
7.376000000000798,0.198121070533964,0.1978995799127835,0.19793950011032083,0.2019221979211329
7.377000000000798,0.198240949944867,0.19789956892995128,0.19796640373482535,0.20194946498305852
7.378000000000799,0.19836076897845115,0.19789955822709504,0.19799331042809173,0.20197691685318517
7.379000000000799,0.1984805066680502,0.1978995477929701,0.19802022141782075,0.20200455478408896
7.380000000000799,0.19860014204412224,0.19789953761681386,0.19804713793190915,0.20203238003683557
7.3810000000008,0.19871965413945164,0.197899527688332,0.19807406119850582,0.20206039388103794
7.3820000000008,0.1988390219944605,0.19789951799768601,0.19810099244606777,0.202088597594914
7.3830000000008,0.19895822466263136,0.19789950853547877,0.1981279329034161,0.202116992465345
7.384000000000801,0.19907724121603762,0.19789949929274137,0.19815488379979218,0.2021455797879345
7.385000000000801,0.1991960507509836,0.19789949026091855,0.19818184636491368,0.20217436086706705
7.386000000000801,0.1993146323937501,0.19789948143185504,0.19820882182903066,0.2022033370159681
7.387000000000802,0.19943296530644558,0.1978994727977815,0.1982358114229818,0.20223250955676367
7.388000000000802,0.19955102869295843,0.19789946435130013,0.19826281637825047,0.20226187982054084
7.389000000000802,0.19966880180500987,0.19789945608537135,0.19828983792702093,0.20229144914740832
7.390000000000803,0.19978626394830123,0.1978994479932994,0.19831687730223457,0.2023212188865578
7.391000000000803,0.19990339448875524,0.19789944006871898,0.1983439357376462,0.20235119039632524
7.392000000000803,0.20002017285884502,0.19789943230558196,0.19837101446788025,0.20238136504425316
7.393000000000804,0.20013657856400727,0.1978994246981438,0.19839811472848726,0.20241174420715285
7.394000000000804,0.2002525911891347,0.197899417240951,0.19842523775600004,0.20244232927116715
7.395000000000804,0.20036819040514303,0.19789940992882818,0.19845238478799032,0.20247312163183384
7.396000000000805,0.20048335597560726,0.1978994027568659,0.19847955706312506,0.20250412269414925
7.397000000000805,0.20059806776346106,0.19789939572040874,0.19850675582122299,0.2025353338726323
7.398000000000805,0.2007123057377543,0.19789938881504324,0.19853398230331123,0.2025667565913892
7.399000000000806,0.2008260499804626,0.19789938203658702,0.1985612377516819,0.20259839228417825
7.400000000000806,0.20093928069334227,0.19789937538107763,0.19858852340994884,0.2026302423944754
7.401000000000806,0.20105197820482557,0.19789936884476203,0.1986158405231042,0.20266230837554008
7.402000000000807,0.20116412297694825,0.19789936242408634,0.1986431903375754,0.20269459169048137
7.403000000000807,0.20127569561230516,0.19789935611568596,0.19867057410128205,0.20272709381232507
7.404000000000807,0.20138667686102554,0.19789934991637617,0.1986979930636927,0.20275981622408057
7.405000000000808,0.20149704762776358,0.19789934382314317,0.19872544847588194,0.20279276041880864
7.406000000000808,0.20160678897869602,0.19789933783313515,0.19875294159058757,0.20282592789968973
7.407000000000808,0.20171588214852226,0.19789933194365408,0.1987804736622676,0.20285932018009228
7.408000000000809,0.20182430854746003,0.1978993261521478,0.1988080459471576,0.20289293878364198
7.409000000000809,0.201932049768231,0.19789932045620212,0.19883565970332803,0.20292678524429114
7.410000000000809,0.2020390875930307,0.19789931485353376,0.1988633161907416,0.20296086110638883
7.41100000000081,0.20214540400047729,0.19789930934198358,0.19889101667131073,0.2029951679247512
7.41200000000081,0.20225098117253318,0.19789930391950947,0.19891876240895517,0.20302970726473255
7.41300000000081,0.2023558015013962,0.19789929858418065,0.1989465546696597,0.20306448070229666
7.414000000000811,0.20245984759635374,0.19789929333417133,0.19897439472153178,0.2030994898240887
7.415000000000811,0.20256310229059676,0.1978992881677552,0.19900228383485954,0.20313473622750775
7.416000000000811,0.202665548647989,0.19789928308330007,0.19903022328216974,0.2031702215207795
7.417000000000812,0.20276716996978847,0.19789927807926255,0.19905821433828566,0.20320594732302974
7.418000000000812,0.20286794980131592,0.19789927315418374,0.1990862582803855,0.2032419152643583
7.419000000000812,0.20296787193857016,0.1978992683066842,0.1991143563880605,0.2032781269859133
7.420000000000813,0.2030669204347849,0.19789926353545992,0.19914250994337337,0.20331458413996606
7.421000000000813,0.2031650796069262,0.1978992588392783,0.19917072023091684,0.20335128838998656
7.422000000000813,0.20326233404212846,0.19789925421697424,0.1991989885378721,0.20338824141071926
7.423000000000814,0.20335866860406676,0.19789924966744654,0.1992273161540678,0.20342544488825956
7.424000000000814,0.20345406843926492,0.1978992451896547,0.19925570437203866,0.20346290052013075
7.425000000000814,0.20354851898333834,0.19789924078261587,0.1992841544870846,0.2035006100153614
7.426000000000815,0.20364200596717016,0.19789923644540128,0.19931266779732976,0.20353857509456338
7.427000000000815,0.20373451542302184,0.19789923217713432,0.19934124560378172,0.2035767974900104
7.428000000000815,0.20382603369057728,0.19789922797698745,0.19936988921039095,0.203615278945717
7.429000000000816,0.20391654742292084,0.19789922384417996,0.19939859992411024,0.2036540212175181
7.430000000000816,0.20400604359245028,0.1978992197779757,0.19942737905495433,0.20369302607314924
7.431000000000816,0.20409450949672547,0.197899215777681,0.19945622791605974,0.20373229529232706
7.432000000000817,0.20418193276425353,0.19789921184264295,0.19948514782374463,0.20377183066683072
7.433000000000817,0.2042683013602119,0.19789920797224736,0.19951414009756888,0.20381163400058344
7.434000000000817,0.20435360359211147,0.19789920416591728,0.19954320606039425,0.2038517071097349
7.435000000000818,0.20443782811540057,0.19789920042311135,0.19957234703844487,0.2038920518227442
7.436000000000818,0.20452096393901234,0.19789919674332274,0.1996015643613676,0.2039326699804631
7.437000000000818,0.2046030004308574,0.19789919312607757,0.19963085936229283,0.20397356343622022
7.438000000000819,0.20468392732326401,0.19789918957093403,0.1996602333778952,0.20401473405590542
7.439000000000819,0.20476373471836745,0.1978991860774809,0.1996896877484547,0.20405618371805506
7.440000000000819,0.2048424130934523,0.19789918264533704,0.19971922381791765,0.20409791431393767
7.44100000000082,0.20491995330624835,0.19789917927415032,0.19974884293395825,0.2041399277476402
7.44200000000082,0.20499634660018495,0.19789917596359688,0.1997785464480399,0.204182225936155
7.44300000000082,0.20507158460960329,0.19789917271338023,0.19980833571547696,0.20422481080946728
7.444000000000821,0.20514565936493262,0.19789916952323078,0.1998382120954965,0.204267684310643
7.445000000000821,0.20521856329783078,0.19789916639290514,0.19986817695130035,0.2043108483959177
7.446000000000821,0.20529028924629228,0.19789916332218543,0.1998982316501274,0.20435430503478577
7.447000000000822,0.20536083045972714,0.19789916031087906,0.19992837756331588,0.20439805621009025
7.448000000000822,0.20543018060401258,0.19789915735881758,0.19995861606636592,0.20444210391811324
7.449000000000822,0.20549833376652063,0.1978991544658568,0.19998894853900237,0.20448645016866715
7.450000000000823,0.20556528446112404,0.1978991516318758,0.20001937636523776,0.20453109698518623
7.451000000000823,0.2056310276331838,0.19789914885677654,0.20004990093343536,0.20457604640481905
7.452000000000823,0.20569555866451972,0.19789914614048332,0.20008052363637263,0.20462130047852134
7.453000000000824,0.20575887337836812,0.19789914348294188,0.20011124587130474,0.20466686127114958
7.454000000000824,0.20582096804432862,0.1978991408841191,0.2001420690400283,0.20471273086155534
7.455000000000824,0.20588183938330207,0.19789913834400175,0.20017299454894533,0.20475891134267996
7.456000000000825,0.20594148457242345,0.19789913586259614,0.2002040238091274,0.2048054048216501
7.457000000000825,0.20599990124999118,0.1978991334399266,0.20023515823638016,0.20485221341987403
7.458000000000825,0.2060570875203963,0.19789913107603463,0.2002663992513077,0.20489933927313822
7.459000000000826,0.20611304195905297,0.19789912877097793,0.2002977482793776,0.20494678453170487
7.460000000000826,0.2061677636173345,0.19789912652482836,0.20032920675098584,0.20499455136041006
7.461000000000826,0.20622125202751557,0.1978991243376709,0.20036077610152203,0.20504264193876248
7.462000000000827,0.2062735072077244,0.1978991222096015,0.2003924577714351,0.20509105846104297
7.463000000000827,0.20632452966690729,0.19789912014072514,0.2004242532062988,0.20513980313640442
7.464000000000827,0.20637432040980702,0.19789911813115377,0.20045616385687784,0.20518887818897288
7.465000000000828,0.20642288094195935,0.19789911618100353,0.20048819117919392,0.20523828585794876
7.466000000000828,0.2064702132747081,0.1978991142903921,0.20052033663459226,0.20528802839770915
7.467000000000828,0.20651631993024333,0.19789911245943537,0.20055260168980832,0.20533810807791067
7.468000000000829,0.20656120394666302,0.19789911068824453,0.20058498781703463,0.20538852718359302
7.469000000000829,0.20660486888306234,0.19789910897692173,0.20061749649398797,0.20543928801528313
7.470000000000829,0.2066473188246522,0.19789910732555632,0.2006501292039769,0.2054903928891004
7.47100000000083,0.20668855838790934,0.19789910573422032,0.20068288743596935,0.20554184413686208
7.47200000000083,0.20672859272576,0.19789910420296333,0.20071577268466056,0.20559364410618985
7.47300000000083,0.20676742753280086,0.19789910273180755,0.20074878645054128,0.2056457951606169
7.474000000000831,0.20680506905055696,0.19789910132074195,0.2007819302399663,0.20569829967969572
7.475000000000831,0.20684152407278097,0.197899099969716,0.2008152055652231,0.20575116005910674
7.476000000000831,0.20687679995079405,0.19789909867863337,0.20084861394460088,0.20580437871076757
7.477000000000832,0.20691090459887093,0.19789909744734455,0.20088215690245992,0.20585795806294319
7.478000000000832,0.2069438464996707,0.19789909627563967,0.20091583596930096,0.20591190056035658
7.479000000000832,0.20697563470971425,0.19789909516324053,0.20094965268183515,0.2059662086643003
7.480000000000833,0.2070062788649094,0.1978990941097919,0.2009836085830542,0.20602088485274891
7.481000000000833,0.20703578918612592,0.19789909311485304,0.2010177052223007,0.20607593162047197
7.482000000000833,0.20706417648481928,0.1978990921778881,0.20105194415533884,0.2061313514791478
7.483000000000834,0.20709145216870475,0.19789909129825653,0.20108632694442544,0.2061871469574782
7.484000000000834,0.20711762824748114,0.19789909047520288,0.20112085515838113,0.20624332060130368
7.485000000000834,0.20714271733860412,0.19789908970784592,0.20115553037266207,0.20629987497371985
7.486000000000835,0.20716673267310867,0.19789908899516817,0.2011903541694317,0.20635681265519412
7.487000000000835,0.2071896881014786,0.19789908833600411,0.20122532813763302,0.20641413624368363
7.488000000000835,0.20721159809956294,0.19789908772902884,0.2012604538730611,0.20647184835475368
7.489000000000836,0.207232477774536,0.1978990871727456,0.2012957329784358,0.20652995162169716
7.490000000000836,0.20725234287089975,0.19789908666547423,0.20133116706347498,0.20658844869565451
7.491000000000836,0.20727120977652494,0.19789908620533814,0.2013667577449679,0.206647342245735
7.492000000000837,0.20728909552872873,0.197899085790252,0.20140250664684908,0.20670663495913827
7.493000000000837,0.2073060178203841,0.19789908541790893,0.20143841540027227,0.206766329541277
7.494000000000837,0.20732199500605783,0.1978990850857677,0.20147448564368495,0.20682642871590035
7.495000000000838,0.20733704610817263,0.19789908479104015,0.2015107190229031,0.20688693522521837
7.496000000000838,0.20735119082318865,0.19789908453067825,0.20154711719118626,0.2069478518300269
7.497000000000838,0.20736444952779937,0.19789908430136186,0.201583681809313,0.20700918130983367
7.498000000000839,0.20737684328513592,0.19789908409948606,0.20162041454565663,0.20707092646298514
7.499000000000839,0.20738839385097668,0.1978990839211497,0.20165731707626142,0.20713309010679415
7.500000000000839,0.20739912367995278,0.19789908376214319,0.20169439108491902,0.20719567507766842
7.50100000000084,0.20740905593174794,0.19789908361793795,0.20173163826324525,0.20725868423124005
7.50200000000084,0.20741821447728312,0.1978990834836755,0.2017690603107574,0.20732212044249576
7.50300000000084,0.20742662390488295,0.19789908335415762,0.20180665893495162,0.20738598660590807
7.504000000000841,0.20743430952641626,0.1978990832238373,0.20184443585138095,0.20745028563556747
7.505000000000841,0.2074412973834066,0.19789908308681042,0.20188239278373363,0.20751502046531523
7.506000000000841,0.2074476142531056,0.19789908293680844,0.20192053146391156,0.20758019404887737
7.507000000000842,0.20745328765452553,0.19789908276719187,0.20195885363210955,0.2076458093599994
7.508000000000842,0.207458345854425,0.1978990825709456,0.20199736103689456,0.20771186939258204
7.509000000000842,0.2074628178732432,0.19789908234067455,0.20203605543528555,0.20777837716081776
7.510000000000843,0.20746673349097924,0.1978990820686015,0.20207493859283368,0.2078453356993284
7.511000000000843,0.20747012325301123,0.19789908174656573,0.20211401228370277,0.2079127480633035
7.512000000000843,0.2074730184758526,0.1978990813660238,0.2021532782907503,0.20798061732863982
7.513000000000844,0.20747545125284197,0.19789908091805156,0.20219273840560884,0.20804894659208167
7.514000000000844,0.2074774544597647,0.19789908039334836,0.20223239442876767,0.2081177389713622
7.515000000000844,0.20747906176040232,0.19789907978224264,0.202272248169655,0.20818699760534562
7.516000000000845,0.2074803076120096,0.1978990790747002,0.20231230144672052,0.20825672565417044
7.517000000000845,0.20748122727071724,0.19789907826033395,0.2023525560875184,0.2083269262993937
7.518000000000845,0.20748185679685835,0.19789907732841636,0.2023930139287906,0.20839760274413605
7.519000000000846,0.2074822330602195,0.19789907626789408,0.2024336768165508,0.20846875821322805
7.520000000000846,0.20748239374521488,0.1978990750674051,0.20247454660616848,0.20854039595335713
7.521000000000846,0.2074823773559833,0.1978990737152985,0.20251562516245372,0.2086125192332159
7.522000000000847,0.20748222322140947,0.19789907219965724,0.20255691435974216,0.20868513134365113
7.523000000000847,0.2074819715000677,0.19789907050832325,0.20259841608198065,0.20875823559781412
7.524000000000847,0.20748166318509031,0.19789906862892617,0.20264013222281307,0.20883183533131155
7.525000000000848,0.2074813401089592,0.19789906654891512,0.2026820646856669,0.2089059339023581
7.526000000000848,0.2074809417756416,0.19789906230150972,0.20272399714852074,0.20891570025701922
7.527000000000848,0.20748055311109073,0.1978990793217501,0.20276571328935317,0.20892553280518664
7.528000000000849,0.20748017389008008,0.19789915986078627,0.20280721501159166,0.20893543199550063
7.529000000000849,0.2074798038924669,0.19789934529732095,0.20284850420888012,0.20894539827964229
7.530000000000849,0.20747944290307277,0.19789967614330514,0.20288958276516536,0.208955432112354
7.53100000000085,0.20747909071156592,0.19790019204976944,0.20293045255478304,0.20896553395146028
7.53200000000085,0.20747874711234715,0.19790093181277466,0.20297111544254323,0.20897570425788867
7.53300000000085,0.20747841190443797,0.19790193337946982,0.20301157328381547,0.20898594349569075
7.534000000000851,0.20747808489137237,0.197903233854244,0.20305182792461335,0.20899625213206327
7.535000000000851,0.20747776588109024,0.19790486950496108,0.20309188120167887,0.2090066306373695
7.536000000000851,0.20747745468583392,0.19790687576926527,0.2031317349425662,0.20901707948516074
7.537000000000852,0.20747715112204768,0.19790928726094792,0.203171390965725,0.20902759915219785
7.538000000000852,0.2074768550102788,0.19791213777636585,0.20321085108058354,0.20903819011847305
7.539000000000852,0.20747656617508164,0.19791546030090212,0.20325011708763108,0.2090488528672318
7.540000000000853,0.20747628444492425,0.1979192870154619,0.20328919077850013,0.20905958788499485
7.541000000000853,0.20747600965209656,0.19792364930299464,0.20332807393604826,0.20907039566158048
7.542000000000853,0.20747574163262153,0.1979285777550373,0.20336676833443926,0.20908127669012674
7.543000000000854,0.20747548022616813,0.19793410217827154,0.20340527573922426,0.20909223146711411
7.544000000000854,0.20747522527596637,0.19794025160108944,0.20344359790742225,0.20910326049238806
7.545000000000854,0.20747497662872474,0.1979470542801632,0.2034817365876002,0.20911436426918178
7.546000000000855,0.20747473413454937,0.19795453770701427,0.20351969351995283,0.20912554330413932
7.547000000000855,0.2074744976468654,0.19796272861457725,0.20355747043638217,0.20913679810733862
7.548000000000855,0.20747426702234034,0.1979716529837574,0.20359506906057637,0.2091481291923147
7.549000000000856,0.20747404212080903,0.19798133604997534,0.20363249110808848,0.20915953707608326
7.550000000000856,0.20747382280520113,0.1979918023097004,0.20366973828641471,0.20917102227916412
7.551000000000856,0.20747360894146977,0.19800307552696736,0.2037068122950723,0.20918258532560502
7.552000000000857,0.20747340039852222,0.19801517873987706,0.20374371482567707,0.20919422674300558
7.553000000000857,0.2074731970481531,0.19802813426707824,0.2037804475620207,0.2092059470625414
7.554000000000857,0.20747299876497832,0.19804196371423047,0.20381701218014744,0.20921774681898805
7.555000000000858,0.20747280542637134,0.19805668798044707,0.2038534103484306,0.20922962655074587
7.556000000000858,0.20747261691240113,0.19807232726471757,0.20388964372764876,0.20924158679986415
7.557000000000858,0.20747243310577193,0.19808890107230961,0.20392571397106143,0.20925362811206613
7.558000000000859,0.20747225389176419,0.19810642822115068,0.20396162272448462,0.20926575103677378
7.559000000000859,0.207472079158178,0.19812492684818905,0.2039973716263658,0.20927795612713287
7.560000000000859,0.2074719087952774,0.1981444144157349,0.20403296230785875,0.20929024394003828
7.56100000000086,0.20747174269573665,0.19816490771778209,0.20406839639289792,0.20930261503615924
7.56200000000086,0.20747158075458802,0.19818642288631097,0.2041036754982726,0.20931506997996518
7.56300000000086,0.20747142286917117,0.19820897539757262,0.20413880123370068,0.20932760933975128
7.564000000000861,0.20747126893908394,0.198232580078356,0.20417377520190202,0.20934023368766444
7.565000000000861,0.20747111886613462,0.19825725111223783,0.20420859899867166,0.20935294359972942
7.566000000000861,0.20747097255429595,0.19828300204581661,0.2042432742129526,0.20936573965587513
7.567000000000862,0.20747082990965993,0.1983098457949315,0.2042778024269083,0.20937862243996103
7.568000000000862,0.2074706908403948,0.19833779465086607,0.2043121852159949,0.20939159253980383
7.569000000000862,0.20747055525670227,0.19836686028653883,0.20434642414903303,0.2094046505472043
7.570000000000863,0.2074704230707774,0.1983970537626799,0.20438052078827953,0.20941779705797425
7.571000000000863,0.20747029419676852,0.1984283855339954,0.20441447668949858,0.20943103267196372
7.572000000000863,0.20747016855073871,0.19846086545531955,0.20444829340203277,0.20944435799308836
7.573000000000864,0.20747004605062896,0.19849450278775507,0.20448197246887378,0.20945777362935705
7.574000000000864,0.20746992661622177,0.19852930620480216,0.2045155154267328,0.20947128019289946
7.575000000000864,0.207469810169106,0.19856528379847635,0.2045489238061106,0.2094848782999942
7.576000000000865,0.2074696966326428,0.19860244308541594,0.20458219913136738,0.20949856857109678
7.577000000000865,0.20746958593193263,0.19864079101297752,0.2046153429207924,0.20951235163086798
7.578000000000865,0.20746947799378282,0.19868033396532217,0.20464835668667314,0.2095262281082024
7.579000000000866,0.20746937274667646,0.19872107776948927,0.20468124193536436,0.20954019863625706
7.580000000000866,0.2074692701207418,0.19876302770145995,0.2047140001673568,0.20955426385248027
7.581000000000866,0.20746917004772236,0.19880618849220918,0.20474663287734574,0.20956842439864087
7.582000000000867,0.2074690724609484,0.19885056433374593,0.2047791415542991,0.20958268092085747
7.583000000000867,0.20746897729530794,0.19889615888514092,0.2048115276815254,0.20959703406962774
7.584000000000867,0.20746888448721992,0.19894297527854196,0.20484379273674147,0.20961148449985834
7.585000000000868,0.20746879397460644,0.19899101612517578,0.2048759381921398,0.20962603287089462
7.586000000000868,0.20746870569686668,0.19904028352133613,0.2049079655144559,0.2096406798465509
7.587000000000868,0.20746861959485116,0.19909077905435685,0.20493987616503492,0.2096554260951405
7.588000000000869,0.20746853561083578,0.19914250380856963,0.20497167159989865,0.2096702722895065
7.589000000000869,0.2074684536884973,0.19919545837124572,0.20500335326981173,0.20968521910705215
7.590000000000869,0.20746837377288868,0.19924964283852017,0.20503492262034795,0.20970026722977214
7.59100000000087,0.20746829581041495,0.1993050568212985,0.20506638109195616,0.20971541734428337
7.59200000000087,0.20746821974880952,0.19936169945114393,0.20509773012002605,0.20973067014185653
7.59300000000087,0.20746814553711063,0.1994195693861453,0.20512897113495357,0.2097460263184474
7.594000000000871,0.2074680731256384,0.19947866481676405,0.20516010556220632,0.20976148657472898
7.595000000000871,0.20746800246597227,0.1995389834716594,0.2051911348223884,0.20977705161612298
7.596000000000871,0.2074679335109277,0.19960052262349157,0.2052220603313054,0.2097927221528324
7.597000000000872,0.20746786621453508,0.19966327909470027,0.20525288350002896,0.20980849889987377
7.598000000000872,0.20746780053201686,0.19972724926326044,0.20528360573496107,0.20982438257710972
7.599000000000872,0.20746773641976582,0.199792429068411,0.20531422843789837,0.20984037390928204
7.600000000000873,0.20746767383532405,0.1998588140163594,0.20534475300609598,0.20985647362604443
7.601000000000873,0.20746761273736117,0.19992639918595773,0.20537518083233136,0.20987268246199609
7.602000000000873,0.207467553085653,0.19999517923435228,0.20540551330496784,0.20988900115671513
7.603000000000874,0.20746749484106095,0.20006514840260478,0.2054357518080179,0.20990543045479224
7.604000000000874,0.20746743796551087,0.20013630052128428,0.20546589772120638,0.20992197110586472
7.605000000000874,0.20746738242197252,0.20020862901603093,0.20549595242003346,0.20993862386465076
7.606000000000875,0.2074673281744391,0.20028212691308883,0.20552591727583733,0.20995538949098377
7.607000000000875,0.20746727518790659,0.20035678684480981,0.20555579365585683,0.2099722687498471
7.608000000000875,0.2074672234283538,0.2004326010551265,0.20558558292329387,0.20998926241140894
7.609000000000876,0.20746717286272226,0.20050956140499535,0.20561528643737556,0.21000637125105748
7.610000000000876,0.20746712345889606,0.20058765937780915,0.20564490555341616,0.21002359604943613
7.611000000000876,0.20746707518568228,0.20066688608477937,0.20567444162287915,0.2100409375924795
7.612000000000877,0.2074670280127912,0.20074723227028873,0.20570389599343863,0.21005839667144882
7.613000000000877,0.2074669819108171,0.20082868831721437,0.20573327000904104,0.2100759740829684
7.614000000000877,0.20746693685121825,0.2009112442522213,0.2057625650099663,0.21009367062906176
7.615000000000878,0.2074668928062985,0.2009948897510286,0.20579178233288903,0.21011148711718833
7.616000000000878,0.20746684974918755,0.20107961414364753,0.20582092331093962,0.21012942436028023
7.617000000000878,0.2074668076538224,0.20116540641959316,0.205849989273765,0.2101474831767795
7.618000000000879,0.2074667664949284,0.20125225523307103,0.20587898154758924,0.2101656643906753
7.619000000000879,0.20746672624800103,0.2013401489081396,0.20590790145527413,0.21018396883154142
7.620000000000879,0.2074666868892871,0.20142907544385052,0.20593675031637956,0.21020239733457444
7.62100000000088,0.2074666483957665,0.20151902251936754,0.20596552944722368,0.21022095074063152
7.62200000000088,0.2074666107451346,0.20160997749906695,0.20599424016094298,0.210239629896269
7.62300000000088,0.2074665739157837,0.20170192743762075,0.20602288376755223,0.21025843565378088
7.624000000000881,0.20746653788678582,0.20179485908506467,0.2060514615740042,0.2102773688712378
7.625000000000881,0.20746650263787528,0.20188875889185395,0.20607997488424934,0.2102964304125261
7.626000000000881,0.20746646814943082,0.2019836130139087,0.2061084249992953,0.21031562114738736
7.627000000000882,0.2074664344024591,0.20207940731765167,0.20613681321726618,0.2103349419514579
7.628000000000882,0.2074664013785776,0.2021761273850409,0.20616514083346188,0.210354393706309
7.629000000000882,0.20746636905999782,0.2022737585186005,0.20619340914041717,0.2103739772994869
7.630000000000883,0.20746633742950912,0.2023722857464522,0.2062216194279606,0.21039369362455326
7.631000000000883,0.2074663064704623,0.20247169382735,0.2062497729832735,0.21041354358112627
7.632000000000883,0.2074662761667538,0.202571967255723,0.2062778710909485,0.2104335280749213
7.633000000000884,0.20746624650280976,0.20267309026672675,0.20630591503304835,0.2104536480177924
7.634000000000884,0.20746621746357072,0.20277504684130898,0.20633390608916427,0.210473904327774
7.635000000000884,0.20746618903447653,0.202877820711291,0.20636184553647446,0.21049429792912264
7.636000000000885,0.20746616120145073,0.2029813953644688,0.20638973464980223,0.21051482975235916
7.637000000000885,0.207466133950887,0.2030857540497372,0.20641757470167432,0.21053550073431126
7.638000000000885,0.2074661072696336,0.2031908797822394,0.20644536696237883,0.2105563118181562
7.639000000000886,0.20746608114497994,0.203296755348546,0.20647311270002328,0.21057726395346374
7.640000000000886,0.2074660555646425,0.20340336331186537,0.2065008131805924,0.2105983580962396
7.641000000000886,0.20746603051675142,0.20351068601728903,0.20652846966800598,0.21061959520896908
7.642000000000887,0.207466005989837,0.20361870559707418,0.20655608342417645,0.21064097626066083
7.643000000000887,0.20746598197281702,0.20372740397596642,0.20658365570906648,0.21066250222689117
7.644000000000887,0.2074659584549842,0.20383676287656452,0.2066111877807465,0.21068417408984869
7.645000000000888,0.20746593542599345,0.20394676382472893,0.2066386808954521,0.2107059928383788
7.646000000000888,0.20746591287585062,0.20405738815503707,0.20666613630764133,0.2107279594680292
7.647000000000888,0.2074658907949003,0.20416861701628583,0.20669355527005198,0.210750074981095
7.648000000000889,0.20746586917381502,0.20428043137704238,0.20672093903375863,0.21077234038666462
7.649000000000889,0.20746584800358403,0.20439281203124554,0.20674828884822985,0.21079475670066575
7.650000000000889,0.20746582727550303,0.2045057396038561,0.2067756059613852,0.2108173249459118
7.65100000000089,0.20746580698116407,0.20461919455655847,0.20680289161965212,0.21084004615214846
7.65200000000089,0.2074657871124459,0.2047331571935113,0.2068301470680228,0.21086292135610077
7.65300000000089,0.2074657676615044,0.20484760766714796,0.20685737355011105,0.2108859516015204
7.654000000000891,0.20746574862076408,0.20496252598402498,0.20688457230820897,0.2109091379392332
7.655000000000891,0.20746572998290963,0.20507789201071663,0.2069117445833437,0.21093248142718724
7.656000000000891,0.20746571174087797,0.20519368547975422,0.20693889161533396,0.2109559831305011
7.657000000000892,0.2074656938878508,0.20530988599560715,0.20696601464284678,0.2109796441215124
7.658000000000892,0.20746567641724759,0.20542647304070222,0.20699311490345376,0.2110034654798267
7.659000000000892,0.2074656593227196,0.2055434259814786,0.20702019363368784,0.21102744829236691
7.660000000000893,0.20746564259814365,0.20566072407447333,0.20704725206909946,0.2110515936534227
7.661000000000893,0.20746562623761708,0.20577834647243365,0.2070742914443131,0.21107590266470053
7.662000000000893,0.20746561023545307,0.20589627223044973,0.20710131299308354,0.21110037643537394
7.663000000000894,0.20746559458617675,0.2060144803121034,0.2071283179483522,0.2111250160821341
7.664000000000894,0.20746557928452183,0.20613294959562564,0.20715530754230338,0.21114982272924085
7.665000000000894,0.20746556432542793,0.20625165888005664,0.2071822830064204,0.21117479750857382
7.666000000000895,0.20746554970403902,0.20637058689140064,0.20720924557154188,0.21119994155968425
7.667000000000895,0.20746553541570187,0.20648971228876767,0.20723619646791797,0.21122525602984693
7.668000000000895,0.20746552145596628,0.2066090136704941,0.2072631369252663,0.21125074207411254
7.669000000000896,0.20746550782058545,0.2067284695802325,0.20729006817282825,0.2112764008553604
7.670000000000896,0.2074654945055177,0.20684805851300148,0.20731699143942492,0.2113022335443514
7.671000000000896,0.20746548150692845,0.20696775892118538,0.20734390795351332,0.21132824131978156
7.672000000000897,0.2074654688211943,0.20708754922047282,0.2073708189432423,0.2113544253683358
7.673000000000897,0.20746545644490708,0.20720740779572352,0.20739772563650868,0.2113807868847419
7.674000000000897,0.20746544437487976,0.2073273130067513,0.2074246292610132,0.21140732707182533
7.675000000000898,0.20746543260815314,0.20744724319400953,0.20745153104431666,0.21143404714056385
7.676000000000898,0.20746542114200356,0.2075671766841694,0.20747843221389575,0.21146094831014295
7.677000000000898,0.2074654099714579,0.20768709197553548,0.2075053339971992,0.21148803180801132
7.678000000000899,0.20746539908673634,0.20780696792958375,0.20753223762170372,0.21151529886993695
7.679000000000899,0.20746538847594592,0.2079267835837578,0.2075591443149701,0.2115427507400636
7.680000000000899,0.2074653781276983,0.20804651796784482,0.20758605530469912,0.21157038867096736
7.6810000000009,0.20746536803109722,0.2081661501091577,0.20761297181878752,0.211598213923714
7.6820000000009,0.2074653581757241,0.2082856590378109,0.2076398950853842,0.21162622776791634
7.6830000000009,0.20746534855162443,0.20840502379209114,0.20766682633294614,0.2116544314817924
7.684000000000901,0.20746533914929352,0.20852422342392496,0.20769376679029447,0.21168282635222344
7.685000000000901,0.2074653299596619,0.2086432370044426,0.20772071768667055,0.21171141367481291
7.6860000000009014,0.2074653209740813,0.2087620436296374,0.20774768025179205,0.21174019475394548
7.687000000000902,0.2074653121843098,0.20888062242612235,0.20777465571590903,0.2117691709028465
7.688000000000902,0.2074653035824975,0.20899895255697992,0.20780164530986017,0.21179834344364207
7.6890000000009024,0.20746529516117193,0.2091170132277057,0.20782865026512884,0.21182771370741924
7.690000000000903,0.207465286913224,0.20923478369224274,0.2078556718138993,0.21185728303428675
7.691000000000903,0.20746527883189353,0.20935224325910518,0.20788271118911295,0.2118870527734362
7.6920000000009034,0.2074652709107555,0.20946937129758683,0.20790976962452457,0.21191702428320364
7.693000000000904,0.2074652631437063,0.2095861472440533,0.20793684835475862,0.21194719893113156
7.694000000000904,0.20746525552495024,0.2097025506083122,0.20796394861536563,0.21197757809403125
7.6950000000009044,0.20746524804898603,0.20981856098005885,0.20799107164287842,0.21200816315804555
7.696000000000905,0.2074652407105943,0.20993415803539275,0.2080182186748687,0.21203895551871224
7.697000000000905,0.20746523350482493,0.21004932154339945,0.20804539095000343,0.21206995658102765
7.6980000000009055,0.20746522642698453,0.21016403137279482,0.20807258970810136,0.2121011677595107
7.699000000000906,0.2074652194726249,0.21027826749862358,0.2080998161901896,0.2121325904782676
7.700000000000906,0.2074652126375312,0.21039201000901003,0.20812707163856028,0.21216422617105665
7.7010000000009065,0.20746520591771106,0.21050523911195337,0.2081543572968272,0.2121960762813538
7.702000000000907,0.20746519930938362,0.21061793514216184,0.20818167440998256,0.21222814226241846
7.703000000000907,0.20746519280896922,0.21073007856792134,0.20820902422445378,0.21226042557735977
7.7040000000009075,0.20746518641307948,0.21084164999799146,0.20823640798816043,0.21229292769920347
7.705000000000908,0.20746518011850734,0.21095263018852284,0.20826382695057108,0.21232565011095894
7.706000000000908,0.20746517392221828,0.21106300004999146,0.20829128236276032,0.21235859430568702
7.7070000000009085,0.20746516782134103,0.2111727406541416,0.20831877547746594,0.21239176178656813
7.708000000000909,0.20746516181315933,0.2112818332409343,0.20834630754914596,0.21242515406697068
7.709000000000909,0.20746515589510361,0.21139025922549282,0.20837387983403596,0.21245877267052035
7.7100000000009095,0.2074651500647435,0.21149800020504214,0.2084014935902064,0.2124926191311695
7.71100000000091,0.20746514431977994,0.21160503796583524,0.20842915007761997,0.2125266949932672
7.71200000000091,0.2074651386580385,0.2117113544900609,0.2084568505581891,0.2125610018116296
7.7130000000009105,0.20746513307746248,0.2118169319627299,0.20848459629583355,0.21259554115161092
7.714000000000911,0.20746512757610672,0.21192175277853184,0.20851238855653806,0.21263031458917503
7.715000000000911,0.20746512215213075,0.2120257995486607,0.20854022860841015,0.21266532371096708
7.7160000000009115,0.20746511680379393,0.2121290551076032,0.20856811772173792,0.2127005701143861
7.717000000000912,0.20746511152944944,0.21223150251988668,0.2085960571690481,0.21273605540765786
7.718000000000912,0.20746510632753895,0.21233312508678245,0.20862404822516403,0.2127717812099081
7.7190000000009125,0.20746510119658806,0.21243390635296203,0.20865209216726388,0.21280774915123668
7.720000000000913,0.20746509613520114,0.21253383011310154,0.20868019027493886,0.21284396087279164
7.721000000000913,0.20746509114205736,0.21263288041843387,0.20870834383025175,0.21288041802684443
7.7220000000009135,0.20746508621590617,0.2127310415832443,0.2087365541177952,0.21291712227686493
7.723000000000914,0.20746508135556363,0.21282829819130805,0.20876482242475047,0.2129540752975976
7.724000000000914,0.20746507655990834,0.21292463510226914,0.20879315004094617,0.21299127877513793
7.7250000000009145,0.20746507182787827,0.21302003745795753,0.20882153825891703,0.2130287344070091
7.726000000000915,0.20746506715846716,0.21311449068864463,0.20884998837396299,0.21306644390223975
7.727000000000915,0.20746506255072178,0.213207980519236,0.20887850168420813,0.21310440898144173
7.7280000000009155,0.20746505800373863,0.21330049297540135,0.2089070794906601,0.21314263137688877
7.729000000000916,0.20746505351666147,0.21339201438964048,0.20893572309726932,0.21318111283259533
7.730000000000916,0.20746504908867874,0.21348253140728696,0.20896443381098861,0.21321985510439645
7.7310000000009165,0.20746504471902114,0.21357203099244862,0.2089932129418327,0.21325885996002758
7.732000000000917,0.2074650404069594,0.21366050043388665,0.20902206180293811,0.2132981291792054
7.733000000000917,0.20746503615180228,0.21374792735083262,0.209050981710623,0.21333766455370906
7.7340000000009175,0.2074650319528945,0.21383429969874668,0.20907997398444725,0.21337746788746179
7.735000000000918,0.20746502780961526,0.21391960577501667,0.20910903994727262,0.21341754099661323
7.736000000000918,0.2074650237213763,0.21400383422459984,0.20913818092532324,0.21345788570962254
7.7370000000009185,0.20746501968762032,0.21408697404561,0.20916739824824598,0.21349850386734145
7.738000000000919,0.20746501570782003,0.21416901459485027,0.2091966932491712,0.21353939732309854
7.739000000000919,0.20746501178147642,0.21424994559329477,0.20922606726477358,0.21358056794278377
7.7400000000009195,0.2074650079081178,0.21432975713152094,0.20925552163533306,0.2136220176049334
7.74100000000092,0.20746500408729857,0.21440843967509382,0.20928505770479602,0.213663748200816
7.74200000000092,0.20746500031859816,0.21448598406990646,0.20931467682083663,0.21370576163451852
7.7430000000009205,0.20746499660162046,0.21456238154747675,0.20934438033491828,0.21374805982303335
7.744000000000921,0.20746499293599255,0.21463762373020437,0.20937416960235533,0.2137906446963456
7.745000000000921,0.20746498932136423,0.21471170263658998,0.20940404598237486,0.2138335181975213
7.7460000000009215,0.20746498575740707,0.21478461068641927,0.20943401083817872,0.21387668228279602
7.747000000000922,0.20746498224381396,0.21485634070591392,0.20946406553700578,0.2139201389216641
7.748000000000922,0.2074649787802981,0.21492688593285245,0.20949421145019426,0.21396389009696856
7.7490000000009225,0.20746497536659278,0.21499624002166376,0.2095244499532443,0.21400793780499155
7.750000000000923,0.20746497200245065,0.21506439704849495,0.20955478242588074,0.21405228405554547
7.751000000000923,0.2074649686876428,0.21513135151625734,0.20958521025211613,0.21409693087206455
7.7520000000009235,0.2074649654219587,0.2151970983596517,0.20961573482031373,0.21414188029169737
7.753000000000924,0.20746496220520505,0.21526163295017672,0.209646357523251,0.21418713436539966
7.754000000000924,0.20746495903720566,0.21532495110112193,0.20967707975818312,0.2142326951580279
7.7550000000009245,0.20746495591780006,0.2153870490725488,0.20970790292690666,0.21427856474843363
7.756000000000925,0.2074649528468433,0.2154479235762614,0.2097388284358237,0.21432474522955824
7.757000000000925,0.20746494982420488,0.21550757178076996,0.20976985769600578,0.21437123870852842
7.7580000000009255,0.20746494684976763,0.2155659913162494,0.20980099212325853,0.21441804730675235
7.759000000000926,0.20746494392342704,0.21562318027949545,0.20983223313818608,0.2144651731600165
7.760000000000926,0.20746494104508975,0.21567913723888057,0.20986358216625597,0.21451261841858316
7.7610000000009265,0.20746493821467227,0.21573386123931254,0.2098950406378642,0.21456038524728838
7.762000000000927,0.2074649354320994,0.21578735180719788,0.2099266099884004,0.2146084758256408
7.763000000000927,0.20746493269730287,0.21583960895541257,0.20995829165831348,0.21465689234792126
7.7640000000009275,0.2074649300102192,0.21589063318828247,0.20999008709317718,0.2147056370232827
7.765000000000928,0.20746492737078756,0.21594042550657644,0.2100219977437562,0.21475471207585117
7.766000000000928,0.20746492477894746,0.21598898741251366,0.2100540250660723,0.21480411974482705
7.7670000000009285,0.20746492223463628,0.21603632091478775,0.21008617052147063,0.21485386228458744
7.768000000000929,0.20746491973778622,0.21608242853361156,0.2101184355766867,0.21490394196478896
7.769000000000929,0.20746491728832103,0.2161273133057828,0.210150821703913,0.2149543610704713
7.7700000000009295,0.207464914886153,0.21617097878977437,0.21018333038086634,0.21500512190216142
7.77100000000093,0.20746491253117844,0.21621342907085161,0.21021596309085527,0.21505622677597866
7.77200000000093,0.2074649102232738,0.21625466876621804,0.21024872132284772,0.21510767802374037
7.7730000000009305,0.20746490796229114,0.21629470303019316,0.21028160657153894,0.21515947799306814
7.774000000000931,0.2074649057480532,0.2163335375594228,0.21031462033741966,0.2152116290474952
7.775000000000931,0.20746490358034797,0.21637117859812616,0.21034776412684467,0.215264133566574
7.7760000000009315,0.2074649014589228,0.21640763294337947,0.21038103945210146,0.215316993945985
7.777000000000932,0.20746489938347834,0.21644290795044036,0.21041444783147925,0.21537021259764585
7.778000000000932,0.20746489735366203,0.2164770115381125,0.2104479907893383,0.21542379194982147
7.7790000000009325,0.2074648953690608,0.21650995219415423,0.21048166985617933,0.21547773444723486
7.780000000000933,0.20746489342919358,0.21654173898073106,0.21051548656871352,0.21553204255117858
7.781000000000933,0.2074648915335036,0.21657238153991418,0.21054944246993257,0.2155867187396272
7.7820000000009335,0.20746488968134963,0.21660189009922534,0.21058353910917907,0.21564176550735026
7.783000000000934,0.20746488787199746,0.21663027547722952,0.2106177780422172,0.21569718536602606
7.784000000000934,0.20746488610461036,0.21665754908917514,0.2106521608313038,0.21575298084435646
7.7850000000009345,0.20746488437823962,0.21668372295268232,0.2106866890452595,0.21580915448818194
7.786000000000935,0.20746488269181435,0.21670880969347936,0.21072136425954044,0.2158657088605981
7.787000000000935,0.207464881044131,0.21673282255118545,0.21075618805631008,0.2159226465420724
7.7880000000009355,0.20746487943384265,0.2167557753851408,0.2107911620245114,0.2159799701305619
7.789000000000936,0.20746487785944775,0.21677768268028094,0.21082628775993947,0.21603768224163195
7.790000000000936,0.20746487631927882,0.21679855955305427,0.21086156686531418,0.21609578550857542
7.7910000000009365,0.20746487481149056,0.21681842175738125,0.21089700095035335,0.21615428258253278
7.792000000000937,0.20746487333404814,0.21683728569065125,0.21093259163184627,0.21621317613261326
7.793000000000937,0.2074648718847153,0.21685516839975563,0.21096834053372746,0.21627246884601653
7.7940000000009375,0.2074648704610416,0.2168720875871525,0.21100424928715064,0.21633216342815523
7.795000000000938,0.20746486906035094,0.21688806161696023,0.21104031953056332,0.2163922626027786
7.796000000000938,0.20746486767972896,0.21690310952107508,0.21107655290978147,0.21645276911209663
7.7970000000009385,0.20746486631601108,0.21691725100530884,0.21111295107806463,0.21651368571690513
7.798000000000939,0.20746486496577032,0.21693050645554135,0.21114951569619136,0.2165750151967119
7.799000000000939,0.20746486362530603,0.2169428969438835,0.211186248432535,0.2166367603498634
7.8000000000009395,0.20746486229063194,0.21695444423484486,0.2112231509631398,0.2166989239936724
7.80100000000094,0.2074648609574654,0.21696517079150085,0.2112602249717974,0.21676150896454668
7.80200000000094,0.207464859621217,0.21697509978165433,0.21129747215012362,0.2168245181181183
7.8030000000009405,0.20746485827698027,0.2169842550839852,0.21133489419763576,0.216887954329374
7.804000000000941,0.20746485691952257,0.21699266129418293,0.21137249282183,0.21695182049278633
7.805000000000941,0.20746485554327637,0.21700034373105695,0.21141026973825933,0.2170161195224457
7.8060000000009415,0.2074648541423317,0.21700732844261864,0.211448226670612,0.21708085435219346
7.807000000000942,0.20746485271042922,0.2170136422121303,0.21148636535078993,0.2171460279357556
7.808000000000942,0.20746485124095468,0.21701931256411558,0.21152468751898792,0.21721164324687764
7.8090000000009425,0.20746484972693413,0.2170243677703277,0.21156319492377293,0.21727770327946028
7.810000000000943,0.20746484816103097,0.2170288368556696,0.21160188932216392,0.217344211047696
7.811000000000943,0.20746484653554362,0.21703274960406294,0.21164077247971205,0.21741116958620663
7.8120000000009435,0.2074648448424053,0.21703613656426196,0.21167984617058114,0.21747858195018174
7.813000000000944,0.20746484307318522,0.21703902905560932,0.21171911217762868,0.21754645121551805
7.814000000000944,0.20746484121909103,0.21704145917373013,0.2117585722924872,0.2176147804789599
7.8150000000009445,0.2074648392709741,0.21704345979616305,0.21179822831564604,0.21768357285824044
7.816000000000945,0.207464837219335,0.21704506458792538,0.21183808205653337,0.21775283149222385
7.817000000000945,0.2074648350543332,0.2170463080070116,0.2118781353335989,0.21782255954104868
7.8180000000009455,0.20746483276579705,0.21704722530982312,0.21191838997439677,0.2178927601862719
7.819000000000946,0.2074648303432369,0.21704785255652964,0.21195884781566898,0.21796343663101428
7.820000000000946,0.20746482777586037,0.21704822661636144,0.21199951070342918,0.21803459210010626
7.8210000000009465,0.20746482505259048,0.21704838517283148,0.21204038049304685,0.21810622984023534
7.822000000000947,0.2074648221620859,0.21704836672888933,0.2120814590493321,0.21817835312009412
7.823000000000947,0.2074648190927643,0.21704821061200566,0.21212274824662053,0.21825096523052936
7.8240000000009475,0.20746481583282855,0.21704795697918883,0.21216424996885902,0.21832406948469232
7.825000000000948,0.20746481237029624,0.2170476468219336,0.21220596610969145,0.21839766921818976
7.826000000000948,0.20746480869303194,0.21704732197110246,0.21224789857254528,0.2184717677892363
7.8270000000009485,0.20746480054019484,0.21704692118770197,0.2122898310353991,0.21848153414389743
7.828000000000949,0.20746481380660148,0.21704653011171354,0.21233154717623154,0.21849136669206484
7.829000000000949,0.2074648907413984,0.217046148517064,0.21237304889847003,0.21850126588237886
7.8300000000009495,0.20746507272111417,0.21704577618277923,0.2124143380957585,0.21851123216652052
7.83100000000095,0.20746540025527646,0.21704541289286472,0.21245541665204373,0.21852126599923222
7.83200000000095,0.20746591299217756,0.21704505843618938,0.2124962864416614,0.21853136783833849
7.8330000000009505,0.20746664972477166,0.21704471260637181,0.2125369493294216,0.2185415381447669
7.834000000000951,0.2074676483966913,0.21704437520166953,0.21257740717069384,0.21855177738256898
7.835000000000951,0.20746894610836725,0.21704404602487037,0.21261766181149172,0.2185620860189415
7.8360000000009515,0.20747057912324232,0.21704372488318746,0.21265771508855724,0.21857246452424772
7.837000000000952,0.20747258287406378,0.21704341158815577,0.21269756882944457,0.21858291337203897
7.838000000000952,0.2074749919692463,0.21704310595553133,0.21273722485260338,0.21859343303907608
7.8390000000009525,0.20747784019929416,0.21704280780519353,0.2127766849674619,0.21860402400535128
7.840000000000953,0.20748116054327223,0.21704251696104898,0.21281595097450945,0.21861468675411005
7.841000000000953,0.20748498517531902,0.21704223325093788,0.2128550246653785,0.21862542177187308
7.8420000000009535,0.20748934547119152,0.21704195650654282,0.21289390782292664,0.2186362295484587
7.843000000000954,0.20749427201483683,0.2170416865632996,0.21293260222131763,0.21864711057700498
7.844000000000954,0.2074997946049814,0.21704142326031028,0.21297110962610263,0.21865806535399235
7.8450000000009545,0.20750594226173363,0.21704116644025817,0.21300943179430062,0.2186690943792663
7.846000000000955,0.20751274323319382,0.21704091594932476,0.21304757047447856,0.21868019815606002
7.847000000000955,0.20752022500206593,0.2170406716371092,0.2130855274068312,0.21869137719101758
7.8480000000009555,0.2075284142922675,0.21704043335654902,0.21312330432326054,0.21870263199421688
7.849000000000956,0.20753733707553382,0.2170402009638431,0.21316090294745474,0.21871396307919297
7.850000000000956,0.20754701857801247,0.21703997431837685,0.21319832499496685,0.21872537096296152
7.8510000000009565,0.20755748328684548,0.21703975328264852,0.2132355721732931,0.21873685616604238
7.852000000000957,0.2075687549567374,0.21703953772219817,0.21327264618195066,0.21874841921248328
7.853000000000957,0.20758085661650583,0.21703932750553748,0.21330954871255545,0.21876006062988385
7.8540000000009575,0.2075938105756137,0.21703912250408267,0.21334628144889908,0.21877178094941963
7.855000000000958,0.20760763843068178,0.21703892259208762,0.21338284606702582,0.21878358070586632
7.856000000000958,0.20762236107198026,0.21703872764658005,0.21341924423530897,0.21879546043762413
7.8570000000009586,0.20763799868989818,0.21703853754729874,0.21345547761452713,0.21880742068674242
7.858000000000959,0.20765457078139118,0.21703835217663248,0.2134915478579398,0.2188194619989444
7.859000000000959,0.2076720961564065,0.21703817141956086,0.213527456611363,0.21883158492365204
7.8600000000009596,0.20769059294428555,0.2170379951635968,0.21356320551324418,0.21884379001401116
7.86100000000096,0.20771007860014412,0.21703782329873017,0.21359879619473712,0.21885607782691655
7.86200000000096,0.20773056991123048,0.21703765571737393,0.2136342302797763,0.21886844892303753
7.8630000000009606,0.2077520830032616,0.21703749231431074,0.21366950938515097,0.21888090386684345
7.864000000000961,0.20777463334673826,0.21703733298664207,0.21370463512057905,0.21889344322662954
7.865000000000961,0.20779823576323983,0.21703717763373817,0.2137396090887804,0.2189060675745427
7.866000000000962,0.20782290443169874,0.21703702615718992,0.21377443288555004,0.2189187774866077
7.867000000000962,0.2078486528946555,0.21703687846076175,0.21380910809983097,0.21893157354275342
7.868000000000962,0.2078754940644962,0.21703673445034657,0.21384363631378667,0.2189444563268393
7.869000000000963,0.2079034402296709,0.2170365940339214,0.21387801910287327,0.21895742642668212
7.870000000000963,0.20793250306089578,0.21703645712150463,0.2139122580359114,0.21897048443408257
7.871000000000963,0.20796269361733855,0.21703632362511488,0.2139463546751579,0.21898363094485251
7.872000000000964,0.20799402235278805,0.21703619345873038,0.21398031057637695,0.21899686655884198
7.873000000000964,0.20802649912180873,0.21703606653825033,0.21401412728891114,0.21901019187996665
7.874000000000964,0.20806013318588062,0.2170359427814569,0.21404780635575216,0.21902360751623534
7.875000000000965,0.20809493321952433,0.21703582210797873,0.21408134931361117,0.21903711407977774
7.876000000000965,0.20813090731641348,0.21703570443925527,0.21411475769298896,0.2190507121868725
7.877000000000965,0.2081680629954723,0.217035589698502,0.21414803301824575,0.21906440245797507
7.878000000000966,0.20820640720696085,0.21703547781067725,0.21418117680767076,0.21907818551774627
7.879000000000966,0.2082459463385463,0.21703536870244913,0.2142141905735515,0.2190920619950807
7.880000000000966,0.2082866862213617,0.21703526230216424,0.21424707582224273,0.21910603252313535
7.881000000000967,0.20832863213605143,0.21703515853981617,0.21427983405423517,0.21912009773935856
7.882000000000967,0.20837178881880267,0.21703505734701634,0.2143124667642241,0.21913425828551916
7.883000000000967,0.20841616046736422,0.21703495865696368,0.21434497544117748,0.21914851480773576
7.884000000000968,0.20846175074705087,0.21703486240441672,0.21437736156840378,0.21916286795650602
7.885000000000968,0.2085085627967338,0.21703476852566528,0.21440962662361984,0.21917731838673662
7.886000000000968,0.20855659923481615,0.21703467695850348,0.21444177207901818,0.2191918667577729
7.887000000000969,0.2086058621651935,0.2170345876422028,0.21447379940133426,0.2192065137334292
7.888000000000969,0.20865635318319853,0.21703450051748616,0.2145057100519133,0.2192212599820188
7.889000000000969,0.20870807338152905,0.2170344155265021,0.21453750548677702,0.21923610617638478
7.89000000000097,0.20876102335615943,0.21703433261279995,0.2145691871566901,0.21925105299393047
7.89100000000097,0.20881520321223332,0.2170342517213049,0.21460075650722632,0.21926610111665046
7.89200000000097,0.20887061256993875,0.21703417279829382,0.21463221497883453,0.21928125123116168
7.893000000000971,0.20892725057036293,0.21703409579137145,0.21466356400690442,0.21929650402873482
7.894000000000971,0.20898511588132723,0.217034020649447,0.21469480502183194,0.21931186020532573
7.895000000000971,0.20904420670320104,0.21703394732271092,0.2147259394490847,0.2193273204616073
7.896000000000972,0.20910452077469363,0.21703387576261216,0.21475696870926678,0.2193428855030013
7.897000000000972,0.20916605537862304,0.21703380592183535,0.21478789421818378,0.21935855603971072
7.898000000000972,0.2092288073476619,0.21703373775427898,0.21481871738690733,0.21937433278675209
7.899000000000973,0.20929277307005803,0.21703367121503314,0.21484943962183944,0.21939021646398804
7.900000000000973,0.20935794849533101,0.21703360626035773,0.21488006232477674,0.21940620779616035
7.901000000000973,0.2094243291399412,0.21703354284766105,0.21491058689297435,0.21942230751292274
7.902000000000974,0.20949191009293366,0.21703348093547842,0.21494101471920973,0.21943851634887443
7.903000000000974,0.2095606860215541,0.2170334204834511,0.2149713471918462,0.21945483504359345
7.904000000000974,0.20963065117683666,0.21703336145230492,0.21500158569489627,0.21947126434167055
7.905000000000975,0.20970179939916375,0.21703330380383018,0.21503173160808475,0.21948780499274304
7.906000000000975,0.20977412412379706,0.21703324750086062,0.21506178630691183,0.2195044577515291
7.907000000000975,0.20984761838637908,0.21703319250725311,0.2150917511627157,0.21952122337786212
7.908000000000976,0.20992227482840542,0.21703313878786695,0.2151216275427352,0.21953810263672544
7.909000000000976,0.20999808570266726,0.21703308630854456,0.21515141681017225,0.21955509629828726
7.910000000000976,0.21007504287866477,0.21703303503609062,0.21518112032425393,0.2195722051379358
7.911000000000977,0.2101531378479902,0.21703298493825263,0.21521073944029454,0.21958942993631447
7.912000000000977,0.21023236172968218,0.21703293598370138,0.21524027550975752,0.21960677147935784
7.913000000000977,0.21031270527555085,0.21703288814201085,0.215269729880317,0.21962423055832714
7.914000000000978,0.2103941588754744,0.21703284138363932,0.2152991038959194,0.21964180796984673
7.915000000000978,0.21047671256266798,0.21703279567990974,0.21532839889684466,0.2196595045159401
7.916000000000978,0.2105603560189249,0.2170327510029907,0.2153576162197674,0.21967732100406667
7.917000000000979,0.21064507857983247,0.21703270732587762,0.215386757197818,0.21969525824715858
7.918000000000979,0.21073086923996212,0.21703266462237367,0.21541582316064337,0.21971331706365788
7.919000000000979,0.21081771665803598,0.217032622867071,0.2154448154344676,0.21973149827755364
7.92000000000098,0.21090560916207096,0.21703258203533282,0.2154737353421525,0.21974980271841976
7.92100000000098,0.2109945347545018,0.21703254210327444,0.21550258420325794,0.21976823122145278
7.92200000000098,0.21108448111728556,0.21703250304774507,0.21553136333410206,0.21978678462750986
7.923000000000981,0.21117543561698846,0.21703246484631042,0.21556007404782135,0.21980546378314736
7.924000000000981,0.21126738530985772,0.21703242747723406,0.2155887176544306,0.21982426954065926
7.925000000000981,0.21136031694688076,0.2170323909194604,0.21561729546088257,0.21984320275811617
7.926000000000982,0.2114542169788337,0.21703235515259714,0.2156458087711277,0.21986226429940445
7.927000000000982,0.21154907156132194,0.21703232015689744,0.21567425888617367,0.2198814550342657
7.928000000000982,0.21164486655981507,0.21703228591324356,0.21570264710414455,0.21990077583833628
7.929000000000983,0.2117415875546803,0.21703225240312968,0.21573097472034025,0.21992022759318738
7.930000000000983,0.21183921984621482,0.21703221960864505,0.21575924302729554,0.21993981118636524
7.931000000000983,0.21193774845968252,0.21703218751245815,0.21578745331483898,0.21995952751143164
7.932000000000984,0.2120371581503568,0.21703215609779977,0.21581560687015186,0.21997937746800464
7.933000000000984,0.21213743340857272,0.21703212534844768,0.21584370497782687,0.21999936196179964
7.934000000000984,0.21223855846479192,0.21703209524871023,0.21587174891992672,0.22001948190467077
7.935000000000985,0.21234051729468398,0.21703206578341172,0.21589973997604264,0.22003973821465236
7.936000000000985,0.21244329362422598,0.21703203693787623,0.21592767942335284,0.220060131816001
7.937000000000985,0.21254687093482533,0.21703200869791348,0.2159555685366806,0.22008066363923753
7.938000000000986,0.21265123246846718,0.21703198104980317,0.2159834085885527,0.22010133462118966
7.939000000000986,0.21275636123289118,0.2170319539802819,0.2160112008492572,0.22012214570503458
7.940000000000986,0.2128622400067993,0.21703192747652753,0.21603894658690165,0.2201430978403421
7.941000000000987,0.2129688513450982,0.2170319015261463,0.21606664706747078,0.220164191983118
7.942000000000987,0.21307617758417913,0.21703187611715904,0.21609430355488435,0.22018542909584746
7.943000000000987,0.21318420084723702,0.21703185123798763,0.21612191731105482,0.2202068101475392
7.944000000000988,0.2132929030496319,0.21703182687744238,0.21614948959594485,0.22022833611376957
7.945000000000988,0.2134022659042947,0.21703180302470917,0.21617702166762487,0.22025000797672706
7.946000000000988,0.21351227092717912,0.2170317796693374,0.21620451478233046,0.2202718267252572
7.947000000000989,0.21362289944276086,0.21703175680122758,0.2162319701945197,0.22029379335490756
7.948000000000989,0.21373413258958654,0.21703173441062032,0.21625938915693035,0.2203159088679734
7.949000000000989,0.21384595132587186,0.2170317124880846,0.216286772920637,0.22033817427354302
7.95000000000099,0.21395833643515083,0.21703169102450712,0.21631412273510822,0.22036059058754415
7.95100000000099,0.21407126853197525,0.21703167001108153,0.21634143984826357,0.2203831588327902
7.95200000000099,0.21418472806766561,0.21703164943929898,0.2163687255065305,0.22040588003902686
7.953000000000991,0.21429869533611065,0.21703162930093753,0.21639598095490117,0.22042875524297917
7.954000000000991,0.21441315047961698,0.21703160958805373,0.21642320743698942,0.2204517854883988
7.955000000000991,0.2145280734948056,0.2170315902929733,0.21645040619508735,0.2204749718261116
7.956000000000992,0.21464344423855314,0.217031571408283,0.21647757847022206,0.22049831531406563
7.957000000000992,0.21475924243397693,0.21703155292682247,0.21650472550221234,0.2205218170173795
7.958000000000992,0.2148754476764591,0.21703153484167745,0.21653184852972515,0.2205454780083908
7.959000000000993,0.21499203943970713,0.21703151714617205,0.21655894879033213,0.2205692993667051
7.960000000000993,0.21510899708184655,0.21703149983386336,0.21658602752056622,0.22059328217924534
7.961000000000993,0.215226299851541,0.21703148289853508,0.21661308595597784,0.22061742754030111
7.962000000000994,0.21534392689413523,0.2170314663341926,0.21664012533119148,0.22064173655157895
7.963000000000994,0.21546185725781367,0.2170314501350583,0.2166671468799619,0.22066621032225234
7.964000000000994,0.2155800698997708,0.21703143429556804,0.21669415183523058,0.22069084996901253
7.965000000000995,0.21569854369238384,0.21703141881036758,0.21672114142918175,0.22071565661611928
7.966000000000995,0.21581725742938251,0.21703140367431037,0.21674811689329876,0.22074063139545222
7.967000000000995,0.21593618983200644,0.2170313888824555,0.21677507945842026,0.22076577544656265
7.968000000000996,0.21605531955514284,0.21703137443006726,0.21680203035479634,0.22079108991672536
7.969000000000996,0.2161746251934347,0.21703136031261464,0.21682897081214467,0.22081657596099097
7.970000000000996,0.21629408528734972,0.2170313465257721,0.21685590205970662,0.22084223474223882
7.971000000000997,0.21641367832920091,0.2170313330654218,0.2168828253263033,0.22086806743122983
7.972000000000997,0.21653338276910644,0.2170313199276554,0.2169097418403917,0.22089407520666
7.973000000000997,0.21665317702087883,0.2170313071087784,0.21693665283012067,0.22092025925521422
7.974000000000998,0.21677303946783108,0.2170312946053145,0.21696355952338706,0.22094662077162033
7.975000000000998,0.21689294846848672,0.21703128241401146,0.21699046314789158,0.22097316095870376
7.976000000000998,0.21701288236218216,0.2170312705318482,0.21701736493119503,0.2209998810274423
7.977000000000999,0.2171328194745454,0.2170312589560428,0.21704426610077412,0.2210267821970214
7.978000000000999,0.21725273830408445,0.21703124768162113,0.21707116788407757,0.22105386569488975
7.979000000000999,0.21737261771500566,0.21703123669891136,0.2170980715085821,0.22108113275681537
7.980000000001,0.21749243674860944,0.21703122599617433,0.21712497820184848,0.22110858462694202
7.981000000001,0.21761217443822933,0.21703121556216537,0.2171518891915775,0.22113622255784582
7.982000000001,0.2177318098143236,0.21703120538612164,0.2171788057056659,0.22116404781059243
7.983000000001001,0.21785132190967657,0.2170311954577491,0.21720572897226256,0.2211920616547948
7.984000000001001,0.21797068976471065,0.21703118576720903,0.2172326602198245,0.22122026536867084
7.985000000001001,0.21808989243290813,0.21703117630510457,0.21725960067717284,0.2212486602391019
7.986000000001002,0.2182089089863426,0.2170311670624664,0.21728655157354893,0.22127724756169137
7.987000000001002,0.21832771852131844,0.21703115803073958,0.21731351413867042,0.22130602864082394
7.988000000001002,0.2184463001641168,0.21703114920176866,0.2173404896027874,0.22133500478972495
7.989000000001003,0.21856463307684615,0.21703114056778436,0.21736747919673854,0.22136417733052052
7.990000000001003,0.21868269646339508,0.2170311321213888,0.2173944841520072,0.2213935475942977
7.991000000001003,0.21880046957548482,0.21703112385554252,0.21742150570077767,0.2214231169211652
7.992000000001004,0.21891793171881718,0.21703111576354955,0.21744854507599132,0.22145288666031465
7.993000000001004,0.21903506225931493,0.2170311078390448,0.21747560351140294,0.22148285817008212
7.994000000001004,0.21915184062945156,0.2170311000759798,0.217502682241637,0.22151303281801005
7.995000000001005,0.21926824633466396,0.21703109246861038,0.217529782502244,0.22154341198090974
7.996000000001005,0.21938425895984515,0.21703108501148274,0.21755690552975682,0.22157399704492406
7.997000000001005,0.21949985817591108,0.21703107769942162,0.2175840525617471,0.22160478940559072
7.998000000001006,0.21961502374643707,0.21703107052751766,0.21761122483688183,0.22163579046790616
7.999000000001006,0.21972973553435715,0.2170310634911152,0.21763842359497976,0.2216670016463892
8.000000000001005,0.21984397350872134,0.21703105658580094,0.217665650077068,0.22169842436514609
8.001000000001005,0.2199577177515057,0.21703104980739238,0.21769290552543868,0.22173006005793514
8.002000000001004,0.22007094846446684,0.21703104315192723,0.2177201911837056,0.22176191016823232
8.003000000001004,0.22018364597603715,0.21703103661565218,0.21774750829686096,0.22179397614929697
8.004000000001003,0.22029579074825284,0.21703103019501352,0.21777485811133218,0.22182625946423828
8.005000000001003,0.2204073633837089,0.21703102388664658,0.21780224187503883,0.22185876158608195
8.006000000001002,0.22051834463253497,0.21703101768736674,0.21782966083744948,0.22189148399783745
8.007000000001002,0.22062871539938544,0.21703101159416005,0.21785711624963872,0.22192442819256553
8.008000000001001,0.2207384567504372,0.21703100560417474,0.21788460936434434,0.22195759567344664
8.009000000001,0.2208475499203899,0.21703099971471282,0.21791214143602436,0.2219909879538492
8.010000000001,0.2209559763194614,0.21703099392322184,0.21793971372091436,0.22202460655739886
8.011000000001,0.22106371754037366,0.217030988227288,0.2179673274770848,0.22205845301804802
8.012000000000999,0.22117075536532235,0.21703098262462786,0.21799498396449837,0.22209252888014572
8.013000000000998,0.22127707177292558,0.21703097711308214,0.2180226844450675,0.2221268356985081
8.014000000000998,0.221382648945146,0.21703097169060895,0.21805043018271195,0.22216137503848946
8.015000000000997,0.22148746927418142,0.21703096635527744,0.21807822244341646,0.22219614847605354
8.016000000000997,0.22159151536931923,0.21703096110526168,0.21810606249528855,0.22223115759784562
8.017000000000996,0.22169477006375046,0.21703095593883545,0.21813395160861632,0.22226640400126463
8.018000000000995,0.22179721642133882,0.21703095085436638,0.2181618910559265,0.22230188929453637
8.019000000000995,0.22189883774334207,0.2170309458503114,0.21818988211204243,0.22233761509678665
8.020000000000994,0.22199961757508094,0.21703094092521127,0.21821792605414228,0.22237358303811522
8.021000000000994,0.22209953971255417,0.21703093607768678,0.21824602416181726,0.22240979475967018
8.022000000000993,0.22219858820899513,0.21703093130643378,0.21827417771713015,0.22244625191372297
8.023000000000993,0.2222967473813699,0.2170309266102197,0.2183023880046736,0.22248295616374347
8.024000000000992,0.22239400181681246,0.21703092198787943,0.2183306563116289,0.22251990918447617
8.025000000000992,0.22249033637899773,0.21703091743831177,0.2183589839278246,0.2225571126620165
8.026000000000991,0.22258573621444916,0.21703091296047625,0.21838737214579546,0.22259456829388766
8.02700000000099,0.22268018675878176,0.21703090855338986,0.2184158222608414,0.22263227778911832
8.02800000000099,0.22277367374287838,0.21703090421612395,0.21844433557108656,0.22267024286832032
8.02900000000099,0.22286618319900006,0.21703089994780192,0.21847291337753852,0.22270846526376734
8.030000000000989,0.22295770146683022,0.2170308957475961,0.21850155698414775,0.22274694671947393
8.031000000000988,0.22304821519945284,0.21703089161472588,0.21853026769786704,0.22278568899127504
8.032000000000988,0.2231377113692651,0.21703088754845498,0.21855904682871113,0.22282469384690615
8.033000000000987,0.22322617727382657,0.21703088354808991,0.21858789568981654,0.222863963066084
8.034000000000987,0.2233136005416436,0.21703087961297765,0.21861681559750143,0.22290349844058766
8.035000000000986,0.2233999691378932,0.2170308757425039,0.21864580787132568,0.22294330177434035
8.036000000000985,0.2234852713700857,0.21703087193609177,0.21867487383415105,0.22298337488349182
8.037000000000985,0.22356949589366878,0.2170308681932,0.21870401481220167,0.22302371959650114
8.038000000000984,0.22365263171757513,0.21703086451332168,0.2187332321351244,0.22306433775422005
8.039000000000984,0.22373466820971463,0.21703086089598278,0.21876252713604963,0.22310523120997716
8.040000000000983,0.22381559510241494,0.2170308573407416,0.218791901151652,0.22314640182966236
8.041000000000983,0.22389540249781065,0.2170308538471869,0.2188213555222115,0.223187851491812
8.042000000000982,0.2239740808731857,0.2170308504149375,0.21885089159167445,0.22322958208769458
8.043000000000982,0.22405162108626944,0.21703084704364137,0.21888051070771505,0.22327159552139714
8.044000000000981,0.22412801438049013,0.21703084373297443,0.2189102142217967,0.22331389370991195
8.04500000000098,0.22420325239018862,0.21703084048264035,0.21894000348923376,0.2233564785832242
8.04600000000098,0.22427732714579357,0.21703083729236947,0.2189698798692533,0.2233993520843999
8.04700000000098,0.22435023107896196,0.2170308341619184,0.21899984472505715,0.22344251616967464
8.048000000000979,0.22442195702768775,0.21703083109106933,0.2190298994238842,0.2234859728085427
8.049000000000978,0.2244924982413802,0.2170308280796293,0.21906004533707268,0.22352972398384718
8.050000000000978,0.22456184838591597,0.2170308251274303,0.21909028384012272,0.22357377169187018
8.051000000000977,0.22463000154866652,0.21703082223432782,0.21912061631275917,0.2236181179424241
8.052000000000977,0.22469695224350383,0.21703081940020105,0.21915104413899456,0.22366276475894317
8.053000000000976,0.2247626954157883,0.21703081662495202,0.21918156870719216,0.223707714178576
8.054000000000975,0.22482722644733918,0.21703081390850473,0.21921219141012943,0.22375296825227828
8.055000000000975,0.22489054116139234,0.2170308112508052,0.21924291364506154,0.22379852904490652
8.056000000000974,0.22495263582754668,0.21703080865182006,0.2192737368137851,0.22384439863531227
8.057000000000974,0.2250135071667026,0.2170308061115363,0.21930466232270213,0.2238905791164369
8.058000000000973,0.22507315235599448,0.21703080362996,0.2193356915828842,0.22393707259540704
8.059000000000973,0.22513156903372036,0.21703080120711554,0.21936682601013696,0.22398388119363097
8.060000000000972,0.22518875530427054,0.2170307988430445,0.2193980670250645,0.22403100704689516
8.061000000000972,0.22524470974305905,0.2170307965378044,0.2194294160531344,0.2240784523054618
8.062000000000971,0.2252994314014586,0.2170307942914672,0.21946087452474264,0.224126219134167
8.06300000000097,0.22535291981174355,0.21703079210411777,0.21949244387527883,0.22417430971251945
8.06400000000097,0.2254051749920417,0.2170307899758521,0.2195241255451919,0.2242227262347999
8.06500000000097,0.22545619745129902,0.2170307879067751,0.2195559209800556,0.22427147091016136
8.066000000000969,0.22550598819425807,0.21703078589699876,0.21958783163063464,0.22432054596272982
8.067000000000968,0.22555454872645422,0.217030783946639,0.21961985895295072,0.2243699536317057
8.068000000000968,0.22560188105923124,0.21703078205581375,0.21965200440834906,0.2244196961714661
8.069000000000967,0.22564798771477884,0.21703078022463881,0.21968426946356512,0.2244697758516676
8.070000000000967,0.22569287173119482,0.2170307784532252,0.21971665559079143,0.22452019495734996
8.071000000000966,0.2257365366675744,0.21703077674167515,0.21974916426774477,0.22457095578904007
8.072000000000966,0.22577898660912832,0.217030775090078,0.2197817969777337,0.22462206066285734
8.073000000000965,0.22582022617233308,0.2170307734985056,0.21981455520972615,0.22467351191061902
8.074000000000964,0.2258602605101153,0.21703077196700768,0.21984744045841736,0.22472531187994682
8.075000000000964,0.22589909531707134,0.21703077049560637,0.21988045422429808,0.22477746293437384
8.076000000000963,0.22593673683472648,0.21703076908429053,0.2199135980137231,0.22482996745345266
8.077000000000963,0.22597319185683334,0.21703076773300967,0.2199468733389799,0.22488282783286367
8.078000000000962,0.2260084677347133,0.21703076644166738,0.21998028171835768,0.22493604648452453
8.079000000000962,0.22604257238264142,0.2170307652101141,0.22001382467621672,0.22498962583670015
8.080000000000961,0.22607551428327682,0.21703076403814,0.22004750374305776,0.22504356833411354
8.08100000000096,0.22610730249314065,0.21703076292546672,0.22008132045559195,0.22509787643805726
8.08200000000096,0.22613794664814107,0.21703076187173914,0.220115276356811,0.22515255262650588
8.08300000000096,0.22616745696914814,0.2170307608765164,0.2201493729960575,0.22520759939422894
8.084000000000959,0.2261958442676177,0.21703075993926255,0.22018361192909564,0.22526301925290476
8.085000000000958,0.22622311995126543,0.21703075905933708,0.22021799471818224,0.22531881473123513
8.086000000000958,0.22624929602979044,0.21703075823598436,0.22025252293213793,0.22537498837506062
8.087000000000957,0.22627438512064893,0.2170307574683233,0.22028719814641887,0.22543154274747682
8.088000000000957,0.22629840045487626,0.2170307567553362,0.2203220219431885,0.2254884804289511
8.089000000000956,0.22632135588295688,0.21703075609585767,0.22035699591138982,0.2255458040174406
8.090000000000956,0.22634326588074022,0.21703075548856254,0.2203921216468179,0.22560351612851065
8.091000000000955,0.22636414555540113,0.21703075493195415,0.2204274007521926,0.2256616193954541
8.092000000000954,0.22638401065144212,0.2170307544243522,0.22046283483723178,0.22572011646941148
8.093000000000954,0.2264028775567346,0.21703075396388008,0.2204984255187247,0.22577901001949194
8.094000000000953,0.22642076330859623,0.21703075354845244,0.22053417442060588,0.2258383027328952
8.095000000000953,0.2264376855999005,0.21703075317576226,0.22057008317402907,0.22589799731503393
8.096000000000952,0.22645366278521484,0.21703075284326825,0.22060615341744175,0.2259580964896573
8.097000000000952,0.22646871388696246,0.21703075254818216,0.2206423867966599,0.22601860299897533
8.098000000000951,0.2264828586016043,0.21703075228745594,0.22067878496494306,0.22607951960378384
8.09900000000095,0.22649611730583413,0.21703075205776942,0.2207153495830698,0.22614084908359064
8.10000000000095,0.22650851106278394,0.2170307518555175,0.22075208231941343,0.2262025942367421
8.10100000000095,0.22652006162823246,0.217030751676799,0.22078898485001822,0.22626475788055112
8.102000000000949,0.22653079145681146,0.21703075151740436,0.22082605885867582,0.2263273428514254
8.103000000000948,0.22654072370820502,0.2170307513728047,0.22086330603700205,0.226390352004997
8.104000000000948,0.2265498822533348,0.21703075123814158,0.2209007280845142,0.2264537882162527
8.105000000000947,0.22655829168052585,0.21703075110821674,0.22093832670870842,0.22651765437966503
8.106000000000947,0.22656597730164746,0.217030750977483,0.22097610362513775,0.2265819534093244
8.107000000000946,0.22657296515822345,0.21703075084003617,0.22101406055749043,0.2266466882390722
8.108000000000946,0.226579282027506,0.21703075068960767,0.22105219923766836,0.22671186182263434
8.109000000000945,0.22658495542850762,0.2170307505195579,0.22109052140586635,0.22677747713375637
8.110000000000944,0.2265900136279872,0.21703075032287164,0.22112902881065136,0.226843537166339
8.111000000000944,0.22659448564638435,0.21703075009215378,0.22116772320904238,0.22691004493457476
8.112000000000943,0.2265984012636983,0.21703074981962683,0.2212066063665905,0.2269770034730854
8.113000000000943,0.22660179102530734,0.21703074949713014,0.2212456800574596,0.2270444158370605
8.114000000000942,0.226604686247725,0.21703074911612016,0.22128494606450713,0.2271122851023968
8.115000000000942,0.22660711902429012,0.2170307486676726,0.22132440617936566,0.22718061436583867
8.116000000000941,0.22660912223078797,0.21703074814248674,0.2213640622025245,0.2272494067451192
8.11700000000094,0.2266107295310002,0.21703074753089102,0.22140391594341183,0.2273186653791026
8.11800000000094,0.2266119753821815,0.21703074682285095,0.22144396922047735,0.22738839342792744
8.11900000000094,0.22661289504046248,0.21703074600797934,0.22148422386127523,0.2274585940731507
8.120000000000939,0.22661352456617628,0.21703074507554876,0.22152468170254744,0.22752927051789304
8.121000000000938,0.22661390082910926,0.21703074401450562,0.22156534459030763,0.22760042598698504
8.122000000000938,0.2266140615136753,0.2170307428134879,0.2216062143799253,0.22767206372711413
8.123000000000937,0.22661404512401323,0.2170307414608445,0.22164729293621055,0.2277441870069729
8.124000000000937,0.22661389098900744,0.2170307399446584,0.22168858213349898,0.22781679911740815
8.125000000000936,0.2266136392672321,0.21703073825277125,0.22173008385573748,0.2278899033715711
8.126000000000936,0.2266133309518192,0.21703073637281273,0.2217717999965699,0.22796350310506858
8.127000000000935,0.22661300787525068,0.2170307342922319,0.22181373245942373,0.2280376016761151
8.128000000000934,0.22661260954153079,0.21703073004348714,0.22185566492227757,0.22804736803077622
8.129000000000934,0.2266122208765974,0.2170307470624393,0.22189738106311,0.22805720057894363
8.130000000000933,0.2266118416552232,0.21703082760023734,0.22193888278534848,0.22806709976925763
8.131000000000933,0.22661147165726508,0.21703101303558275,0.22198017198263695,0.22807706605339928
8.132000000000932,0.22661111066754389,0.21703134388042566,0.2220212505389222,0.228087099886111
8.133000000000932,0.22661075847572743,0.21703185978579548,0.22206212032853986,0.22809720172521727
8.134000000000931,0.22661041487621586,0.217032599547752,0.22210278321630006,0.22810737203164566
8.13500000000093,0.22661007966803032,0.2170336011134434,0.2221432410575723,0.22811761126944774
8.13600000000093,0.2266097526547041,0.21703490158725777,0.22218349569837018,0.22812791990582026
8.13700000000093,0.22660943364417677,0.21703653723705804,0.2222235489754357,0.22813829841112648
8.138000000000929,0.2266091224486901,0.21703854350048785,0.22226340271632303,0.22814874725891773
8.139000000000928,0.22660881888468784,0.21704095499133766,0.22230305873948183,0.22815926692595484
8.140000000000928,0.22660852277271684,0.21704380550596375,0.22234251885434037,0.22816985789223004
8.141000000000927,0.22660823393733112,0.2170471280297486,0.2223817848613879,0.2281805206409888
8.142000000000927,0.22660795220699806,0.21705095474359695,0.22242085855225696,0.22819125565875184
8.143000000000926,0.22660767741400734,0.21705531703045777,0.2224597417098051,0.22820206343533747
8.144000000000926,0.22660740939438145,0.21706024548186778,0.22249843610819608,0.22821294446388374
8.145000000000925,0.226607147987789,0.2170657699045083,0.22253694351298112,0.22822389924087114
8.146000000000925,0.2266068930374595,0.21707191932677117,0.2225752656811791,0.22823492826614505
8.147000000000924,0.22660664439010117,0.21707872200532863,0.22261340436135704,0.2282460320429388
8.148000000000923,0.2266064018958197,0.21708620543170173,0.2226513612937097,0.22825721107789634
8.149000000000923,0.22660616540803988,0.21709439633882546,0.22268913821013903,0.22826846588109564
8.150000000000922,0.22660593478342886,0.2171033207076047,0.22272673683433322,0.22827979696607173
8.151000000000922,0.22660570988182116,0.21711300377346032,0.22276415888184534,0.22829120484984028
8.152000000000921,0.2266054905661461,0.2171234700328616,0.22280140606017157,0.22830269005292111
8.15300000000092,0.22660527670235633,0.21713474324984341,0.22283848006882914,0.228314253099362
8.15400000000092,0.22660506815935902,0.2171468464625067,0.22287538259943393,0.2283258945167626
8.15500000000092,0.22660486480894845,0.2171598019895003,0.22291211533577757,0.22833761483629839
8.156000000000919,0.22660466652574004,0.21717363143648397,0.2229486799539043,0.22834941459274508
8.157000000000918,0.2266044731871072,0.21718835570257095,0.22298507812218746,0.22836129432450286
8.158000000000918,0.2266042846731185,0.2172039949867509,0.2230213115014056,0.22837325457362115
8.159000000000917,0.22660410086647792,0.2172205687942916,0.2230573817448183,0.22838529588582313
8.160000000000917,0.22660392165246565,0.21723809594312046,0.22309329049824148,0.2283974188105308
8.161000000000916,0.22660374691888147,0.21725659457018576,0.22312903940012266,0.2284096239008899
8.162000000000916,0.22660357655598923,0.21727608213779764,0.2231646300816156,0.22842191171379528
8.163000000000915,0.22660341045646293,0.21729657543994987,0.22320006416665478,0.22843428280991623
8.164000000000915,0.2266032485153346,0.2173180906086227,0.22323534327202946,0.22844673775372218
8.165000000000914,0.2266030906299436,0.21734064312006698,0.22327046900745753,0.22845927711350827
8.166000000000913,0.22660293669988765,0.2173642478010714,0.22330544297565888,0.22847190146142143
8.167000000000913,0.22660278662697486,0.21738891883521233,0.22334026677242852,0.2284846113734864
8.168000000000912,0.22660264031517757,0.21741466976908805,0.22337494198670946,0.22849740742963212
8.169000000000912,0.22660249767058788,0.2174415135185371,0.22340947020066515,0.22851029021371802
8.170000000000911,0.2266023586013734,0.21746946237484271,0.22344385298975175,0.22852326031356082
8.17100000000091,0.22660222301773608,0.21749852801092265,0.2234780919227899,0.22853631832096127
8.17200000000091,0.22660209083187055,0.21752872148750657,0.2235121885620364,0.22854946483173122
8.17300000000091,0.2266019619579249,0.21756005325929986,0.22354614446325544,0.2285627004457207
8.174000000000909,0.22660183631196223,0.21759253318113594,0.22357996117578963,0.22857602576684535
8.175000000000908,0.22660171381192332,0.2176261705141166,0.22361364024263064,0.22858944140311402
8.176000000000908,0.22660159437759045,0.21766097393174114,0.22364718320048965,0.22860294796665645
8.177000000000907,0.2266014779305523,0.21769695152602417,0.22368059157986744,0.22861654607375118
8.178000000000907,0.2266013643941699,0.21773411081360283,0.22371386690512424,0.22863023634485377
8.179000000000906,0.2266012536935435,0.2177724587418329,0.22374701069454925,0.22864401940462498
8.180000000000906,0.22660114575548035,0.21781200169487394,0.22378002446043,0.2286578958819594
8.181000000000905,0.22660104050846347,0.21785274549976424,0.2238129097091212,0.22867186641001402
8.182000000000905,0.22660093788262076,0.2178946954324836,0.22384566794111366,0.22868593162623724
8.183000000000904,0.22660083780969584,0.21793785622400572,0.2238783006511026,0.22870009217239784
8.184000000000903,0.22660074022301863,0.2179822320663381,0.22391080932805596,0.22871434869461443
8.185000000000903,0.22660064505747726,0.21802782661855,0.22394319545528227,0.22872870184338473
8.186000000000902,0.22660055224949027,0.21807464301278778,0.22397546051049833,0.2287431522736153
8.187000000000902,0.2266004617369798,0.2181226838602767,0.22400760596589667,0.22875770064465162
8.188000000000901,0.22660037345934506,0.21817195125730882,0.22403963328821275,0.22877234762030788
8.1890000000009,0.22660028735743612,0.2182224467912164,0.22407154393879178,0.22878709386889748
8.1900000000009,0.22660020337352904,0.21827417154632967,0.2241033393736555,0.22880194006326346
8.1910000000009,0.22660012145130035,0.21832712610991808,0.22413502104356858,0.22881688688080912
8.192000000000899,0.22660004153580296,0.21838131057811502,0.2241665903941048,0.2288319350035291
8.193000000000898,0.22659996357344184,0.21843672456182428,0.224198048865713,0.22884708511804036
8.194000000000898,0.22659988751195018,0.21849336719260742,0.2242293978937829,0.2288623379156135
8.195000000000897,0.2265998133003662,0.21855123712855162,0.22426063890871042,0.22887769409220438
8.196000000000897,0.22659974088900997,0.21861033256011647,0.22429177333596317,0.22889315434848595
8.197000000000896,0.2265996702294607,0.21867065121595972,0.22432280259614526,0.22890871938987994
8.198000000000896,0.22659960127453402,0.2187321903687397,0.22435372810506227,0.22892438992658937
8.199000000000895,0.22659953397826008,0.21879494684089448,0.22438455127378581,0.22894016667363074
8.200000000000895,0.22659946829586106,0.21885891701039728,0.22441527350871793,0.2289560503508667
8.201000000000894,0.22659940418372995,0.21892409681648553,0.22444589621165523,0.228972041683039
8.202000000000893,0.22659934159940878,0.21899048176536487,0.22447642077985283,0.2289881413998014
8.203000000000893,0.22659928050156689,0.21905806693588584,0.22450684860608822,0.22900435023575305
8.204000000000892,0.22659922084998016,0.21912684698519327,0.2245371810787247,0.2290206689304721
8.205000000000892,0.2265991626055099,0.21919681615434705,0.22456741958177476,0.22903709822854917
8.206000000000891,0.2265991057300819,0.2192679682739151,0.22459756549496324,0.22905363887962166
8.20700000000089,0.22659905018666596,0.21934029676953598,0.22462762019379032,0.22907029163840772
8.20800000000089,0.22659899593925503,0.2194137946674524,0.22465758504959418,0.22908705726474074
8.20900000000089,0.2265989429528451,0.21948845460001482,0.22468746142961368,0.22910393652360406
8.210000000000889,0.226598891193415,0.21956426881115473,0.22471725069705073,0.22912093018516588
8.211000000000888,0.22659884062790603,0.21964122916182718,0.22474695421113242,0.22913803902481442
8.212000000000888,0.22659879122420234,0.2197193271354238,0.22477657332717302,0.2291552638231931
8.213000000000887,0.22659874295111093,0.21979855384315514,0.224806109396636,0.22917260536623643
8.214000000000887,0.22659869577834224,0.21987890002940277,0.2248355637671955,0.22919006444520576
8.215000000000886,0.2265986496764901,0.2199603560770429,0.2248649377827979,0.22920764185672535
8.216000000000886,0.22659860461701312,0.22004291201273973,0.22489423278372314,0.2292253384028187
8.217000000000885,0.22659856057221486,0.22012655751221155,0.22492345010664588,0.22924315489094527
8.218000000000885,0.22659851751522497,0.22021128190546882,0.22495259108469648,0.2292610921340372
8.219000000000884,0.22659847541998052,0.22029707418202604,0.22498165704752185,0.22927915095053647
8.220000000000883,0.22659843426120685,0.22038392299608817,0.2250106493213461,0.22929733216443224
8.221000000000883,0.22659839401439924,0.22047181667171337,0.22503956922903098,0.22931563660529836
8.222000000000882,0.22659835465580452,0.22056074320795271,0.22506841809013642,0.22933406510833138
8.223000000000882,0.22659831616240264,0.2206506902839698,0.22509719722098054,0.22935261851438846
8.224000000000881,0.22659827851188877,0.22074164526414078,0.22512590793469983,0.22937129767002593
8.22500000000088,0.22659824168265535,0.22083359520313736,0.2251545515413091,0.22939010342753782
8.22600000000088,0.2265982056537743,0.22092652685099548,0.22518312934776105,0.22940903664499473
8.22700000000088,0.22659817040497987,0.2210204266581703,0.2252116426580062,0.22942809818628304
8.228000000000879,0.22659813591665082,0.22111528078058218,0.22524009277305215,0.22944728892114427
8.229000000000879,0.22659810216979367,0.22121107508465404,0.22526848099102303,0.22946660972521485
8.230000000000878,0.22659806914602595,0.22130779515234433,0.22529680860721873,0.22948606148006595
8.231000000000877,0.22659803682755914,0.22140542628617768,0.22532507691417403,0.2295056450732438
8.232000000000877,0.22659800519718262,0.2215039535142761,0.2253532872017175,0.22952536139831023
8.233000000000876,0.226597974238247,0.22160336159539443,0.22538144075703037,0.22954521135488323
8.234000000000876,0.22659794393464885,0.22170363502396223,0.22540953886470538,0.22956519584867824
8.235000000000875,0.22659791427081422,0.22180475803513597,0.22543758280680523,0.22958531579154937
8.236000000000875,0.22659788523168373,0.22190671460986408,0.22546557386292115,0.22960557210153096
8.237000000000874,0.2265978568026969,0.2220094884799687,0.22549351331023135,0.2296259657028796
8.238000000000874,0.22659782896977773,0.22211306313324694,0.22552140242355911,0.2296464975261161
8.239000000000873,0.2265978017193194,0.2222174218185944,0.2255492424754312,0.22966716850806823
8.240000000000872,0.22659777503817047,0.22232254755115552,0.22557703473613572,0.22968797959191314
8.241000000000872,0.22659774891362022,0.2224284231175019,0.22560478047378016,0.2297089317272207
8.242000000000871,0.22659772333338507,0.2225350310808432,0.2256324809543493,0.22973002586999658
8.24300000000087,0.22659769828559514,0.22264235378627187,0.22566013744176286,0.22975126298272602
8.24400000000087,0.22659767375878084,0.2227503733660466,0.22568775119793333,0.22977264403441777
8.24500000000087,0.22659764974185986,0.22285907174491407,0.22571532348282336,0.22979417000064814
8.246000000000869,0.2265976262241248,0.22296843064547422,0.22574285555450338,0.22981584186360562
8.247000000000869,0.22659760319523076,0.22307843159358892,0.22577034866920898,0.22983766061213573
8.248000000000868,0.2265975806451834,0.22318905592383678,0.2257978040813982,0.22985962724178613
8.249000000000867,0.22659755856432737,0.22330028478501596,0.22582522304380886,0.22988174275485196
8.250000000000867,0.22659753694333518,0.22341209914569496,0.2258526068075155,0.22990400816042156
8.251000000000866,0.22659751577319606,0.2235244797998138,0.22587995662198673,0.22992642447442269
8.252000000000866,0.22659749504520574,0.22363740737233453,0.22590727373514208,0.22994899271966873
8.253000000000865,0.2265974747509562,0.2237508623249426,0.225934559393409,0.2299717139259054
8.254000000000865,0.22659745488232613,0.223864824961798,0.22596181484177968,0.22999458912985773
8.255000000000864,0.22659743543147143,0.22397927543533505,0.22598904132386793,0.23001761937527734
8.256000000000864,0.22659741639081674,0.2240941937521115,0.22601624008196586,0.23004080571299013
8.257000000000863,0.22659739775304663,0.22420955977870255,0.22604341235710057,0.23006414920094417
8.258000000000862,0.22659737951109796,0.2243253532476406,0.22607055938909085,0.23008765090425803
8.259000000000862,0.22659736165815245,0.22444155376339578,0.22609768241660366,0.23011131189526934
8.260000000000861,0.22659734418762958,0.22455814080839562,0.22612478267721067,0.23013513325358367
8.26100000000086,0.22659732709318056,0.22467509374908023,0.22615186140744475,0.23015911606612388
8.26200000000086,0.22659731036868241,0.22479239184198735,0.22617891984285637,0.23018326142717965
8.26300000000086,0.2265972940082322,0.2249100142398647,0.22620595921807002,0.2302075704384575
8.264000000000859,0.2265972780061432,0.2250279399978029,0.22623298076684045,0.2302320442091309
8.265000000000859,0.22659726235694053,0.22514614807938427,0.22625998572210912,0.23025668385589107
8.266000000000858,0.22659724705535786,0.22526461736284006,0.2262869753160603,0.23028149050299782
8.267000000000857,0.22659723209633495,0.22538332664721072,0.2263139507801773,0.23030646528233076
8.268000000000857,0.2265972174750155,0.22550225465850068,0.2263409133452988,0.23033160933344118
8.269000000000856,0.22659720318674656,0.22562138005582,0.22636786424167488,0.23035692380360387
8.270000000000856,0.2265971892270778,0.22574068143750503,0.2263948046990232,0.2303824098478695
8.271000000000855,0.22659717559176243,0.2258601373472083,0.22642173594658516,0.23040806862911736
8.272000000000855,0.22659716227675863,0.22597972627994828,0.22644865921318183,0.23043390131810834
8.273000000000854,0.22659714927823196,0.22609942668810892,0.22647557572727023,0.23045990909353853
8.274000000000854,0.22659713659255898,0.22621921698737865,0.2265024867169992,0.23048609314209273
8.275000000000853,0.22659712421633157,0.22633907556261695,0.2265293934102656,0.23051245465849887
8.276000000000852,0.2265971121463627,0.2264589807736371,0.22655629703477012,0.2305389948455823
8.277000000000852,0.22659710037969316,0.22657891096089217,0.22658319881807357,0.23056571491432082
8.278000000000851,0.2265970889135992,0.22669884445105282,0.22661009998765266,0.23059261608389992
8.27900000000085,0.2265970777431077,0.2268187597424233,0.2266370017709561,0.23061969958176826
8.28000000000085,0.22659706685843894,0.22693863569647957,0.22666390539546064,0.2306469666436939
8.28100000000085,0.2265970562476998,0.22705845135066527,0.22669081208872702,0.23067441851382053
8.28200000000085,0.2265970458995022,0.22717818573476764,0.22671772307845603,0.23070205644472433
8.283000000000849,0.22659703580294965,0.22729781787609965,0.22674463959254443,0.23072988169747094
8.284000000000848,0.2265970259476236,0.22741732680477575,0.2267715628591411,0.2307578955416733
8.285000000000847,0.22659701632356952,0.22753669155908282,0.22679849410670305,0.23078609925554935
8.286000000000847,0.22659700692128273,0.22765589119094753,0.22682543456405138,0.23081449412598037
8.287000000000846,0.22659699773169378,0.22777490477150028,0.22685238546042746,0.23084308144856985
8.288000000000846,0.22659698874615444,0.22789371139673478,0.22687934802554896,0.23087186252770242
8.289000000000845,0.22659697995642264,0.22801229019326433,0.22690632348966594,0.23090083867660344
8.290000000000845,0.22659697135464854,0.2281306203241716,0.22693331308361708,0.23093001121739903
8.291000000000844,0.22659696293335974,0.22824868099495263,0.22696031803888575,0.23095938148117617
8.292000000000844,0.22659695468544705,0.22836645145955115,0.2269873395876562,0.23098895080804369
8.293000000000843,0.22659694660415025,0.22848391102648155,0.22701437896286986,0.23101872054719313
8.294000000000842,0.22659693868304448,0.22860103906503837,0.22704143739828148,0.2310486920569606
8.295000000000842,0.22659693091602603,0.22871781501158767,0.22706851612851553,0.23107886670488853
8.296000000000841,0.226596923297299,0.22883421837593776,0.22709561638912254,0.2311092458677882
8.29700000000084,0.2265969158213624,0.22895022874778465,0.22712273941663533,0.2311398309318025
8.29800000000084,0.2265969084829968,0.2290658258032283,0.2271498864486256,0.23117062329246918
8.29900000000084,0.2265969012772519,0.2291809893113553,0.22717705872376034,0.23120162435478459
8.30000000000084,0.2265968941994345,0.2292956991408821,0.22720425748185827,0.23123283553326765
8.301000000000839,0.22659688724509625,0.22940993526685405,0.22723148396394652,0.23126425825202454
8.302000000000838,0.2265968804100224,0.22952367777739635,0.2272587394123172,0.2312958939448136
8.303000000000837,0.22659687369022047,0.22963690688050892,0.22728602507058412,0.23132774405511075
8.304000000000837,0.2265968670819098,0.22974960291090044,0.22731334218373947,0.2313598100361754
8.305000000000836,0.22659686058151052,0.22986174633685788,0.2273406919982107,0.2313920933511167
8.306000000000836,0.22659685418563424,0.22997331776714125,0.22736807576191734,0.2314245954729604
8.307000000000835,0.22659684789107404,0.23008429795790186,0.227395494724328,0.23145731788471588
8.308000000000835,0.22659684169479535,0.23019466781961637,0.22742295013651723,0.23149026207944395
8.309000000000834,0.2265968355939269,0.23030440842402972,0.22745044325122285,0.23152342956032507
8.310000000000834,0.22659682958575236,0.23041350101110314,0.22747797532290287,0.23155682184072762
8.311000000000833,0.22659682366770229,0.23052192699596064,0.22750554760779287,0.2315904404442773
8.312000000000833,0.22659681783734612,0.23062966797582754,0.22753316136396332,0.23162428690492645
8.313000000000832,0.22659681209238489,0.23073670573695707,0.22756081785137688,0.23165836276702415
8.314000000000831,0.22659680643064423,0.2308430222615384,0.22758851833194602,0.2316926695853865
8.31500000000083,0.22659680085006742,0.23094859973458248,0.22761626406959046,0.23172720892536786
8.31600000000083,0.22659679534870908,0.23105342055077907,0.22764405633029497,0.23176198236293197
8.31700000000083,0.226596789924729,0.2311574673213221,0.22767189638216706,0.23179699148472402
8.31800000000083,0.22659678457638657,0.23126072288069843,0.22769978549549483,0.23183223788814303
8.319000000000829,0.22659677930203456,0.23136317029343512,0.22772772494280502,0.23186772318141477
8.320000000000828,0.22659677410011517,0.23146479286080368,0.22775571599892094,0.23190344898366505
8.321000000000828,0.22659676896915357,0.231565574127475,0.2277837599410208,0.23193941692499362
8.322000000000827,0.22659676390775443,0.23166549788812513,0.22781185804869578,0.23197562864654858
8.323000000000826,0.2265967589145968,0.23176454819398648,0.22784001160400866,0.23201208580060134
8.324000000000826,0.22659675398843013,0.23186270935934378,0.22786822189155212,0.23204879005062187
8.325000000000825,0.22659674912807032,0.23195996596797167,0.22789649019850738,0.23208574307135454
8.326000000000825,0.2265967443323963,0.23205630287951362,0.22792481781470308,0.23212294654889484
8.327000000000824,0.2265967396003457,0.23215170523579876,0.22795320603267394,0.232160402180766
8.328000000000824,0.22659673493091254,0.23224615846709776,0.2279816561477199,0.2321981116759967
8.329000000000823,0.22659673032314334,0.23233964829831544,0.22801016945796504,0.23223607675519867
8.330000000000823,0.22659672577613468,0.23243216075512027,0.228038747264417,0.23227429915064568
8.331000000000822,0.22659672128903044,0.23252368217001132,0.22806739087102623,0.23231278060635227
8.332000000000821,0.22659671686101893,0.23261419918832085,0.22809610158474553,0.2323515228781534
8.33300000000082,0.2265967124913309,0.23270369877415584,0.22812488071558962,0.2323905277337845
8.33400000000082,0.22659670817923705,0.23279216821627594,0.22815372957669502,0.23242979695296234
8.33500000000082,0.22659670392404607,0.23287959513391165,0.2281826494843799,0.23246933232746597
8.33600000000082,0.22659669972510282,0.2329659674825219,0.22821164175820416,0.2325091356612187
8.337000000000819,0.22659669558178636,0.23305127355949293,0.22824070772102953,0.23254920877037016
8.338000000000818,0.22659669149350845,0.23313550200978095,0.22826984869908015,0.23258955348337945
8.339000000000818,0.2265966874597119,0.233218641831498,0.2282990660220029,0.23263017164109837
8.340000000000817,0.22659668347986933,0.23330068238144597,0.2283283610229281,0.23267106509685548
8.341000000000816,0.22659667955348173,0.23338161338059735,0.2283577350385305,0.23271223571654068
8.342000000000816,0.22659667568007744,0.23346142491952804,0.22838718940908997,0.23275368537869032
8.343000000000815,0.22659667185921062,0.23354010746380166,0.22841672547855293,0.2327954159745729
8.344000000000815,0.22659666809046106,0.2336176518593096,0.22844634459459354,0.23283742940827545
8.345000000000814,0.2265966643734324,0.2336940493375682,0.2284760481086752,0.23287972759679026
8.346000000000814,0.22659666070775183,0.23376929152097556,0.22850583737611224,0.2329223124701025
8.347000000000813,0.22659665709306914,0.23384337042803086,0.22853571375613177,0.23296518597127822
8.348000000000813,0.22659665352905592,0.23391627847851798,0.22856567861193564,0.23300835005655293
8.349000000000812,0.22659665001540477,0.23398800849865722,0.2285957333107627,0.233051806695421
8.350000000000811,0.22659664655182923,0.23405855372622547,0.22862587922395117,0.23309555787072547
8.35100000000081,0.22659664313806244,0.23412790781565007,0.2286561177270012,0.23313960557874847
8.35200000000081,0.22659663977385705,0.2341960648430767,0.22868645019963765,0.23318395182930238
8.35300000000081,0.22659663645898417,0.23426301931141508,0.22871687802587304,0.23322859864582146
8.35400000000081,0.22659663319323323,0.23432876615536455,0.22874740259407064,0.23327354806545428
8.355000000000809,0.226596629976411,0.23439330074642234,0.22877802529700791,0.23331880213915657
8.356000000000808,0.2265966268083411,0.23445661889787664,0.22880874753194003,0.2333643629317848
8.357000000000808,0.22659662368886327,0.23451871686978748,0.22883957070066357,0.23341023252219054
8.358000000000807,0.2265966206178324,0.23457959137395767,0.2288704962095806,0.23345641300331516
8.359000000000806,0.22659661759511807,0.23463923957889618,0.2289015254697627,0.23350290648228533
8.360000000000806,0.22659661462060315,0.23469765911477675,0.22893265989701544,0.23354971508050926
8.361000000000805,0.22659661169418294,0.23475484807839386,0.228963900911943,0.23359684093377342
8.362000000000805,0.2265966088157641,0.23481080503811896,0.22899524994001288,0.23364428619234007
8.363000000000804,0.2265966059852633,0.23486552903885877,0.22902670841162112,0.2336920530210453
8.364000000000804,0.22659660320260516,0.23491901960701894,0.22905827776215731,0.2337401435993977
8.365000000000803,0.22659660046772165,0.23497127675547433,0.2290899594320704,0.23378856012167817
8.366000000000803,0.22659659778054894,0.23502230098855031,0.2291217548669341,0.23383730479703962
8.367000000000802,0.22659659514102637,0.23507209330701478,0.22915366551751312,0.23388637984960808
8.368000000000801,0.22659659254909348,0.23512065521308614,0.2291856928398292,0.23393578751858396
8.369000000000801,0.22659659000468751,0.23516798871545774,0.22921783829522754,0.23398553005834435
8.3700000000008,0.22659658750774078,0.23521409633434173,0.2292501033504436,0.23403560973854587
8.3710000000008,0.226596585058177,0.23525898110653537,0.2292824894776699,0.2340860288442282
8.3720000000008,0.22659658265590835,0.23530264659051134,0.22931499815462325,0.23413678967591833
8.373000000000799,0.2265965803008311,0.23534509687153454,0.22934763086461218,0.23418789454973557
8.374000000000798,0.22659657799282185,0.23538633656680863,0.22938038909660463,0.23423934579749725
8.375000000000798,0.22659657573173259,0.2354263708306527,0.22941327434529585,0.23429114576682505
8.376000000000797,0.22659657351738607,0.23546520535971294,0.22944628811117657,0.23434329682125207
8.377000000000796,0.22659657134957017,0.23550284639820834,0.22947943190060158,0.2343958013403309
8.378000000000796,0.22659656922803226,0.23553930074321552,0.22951270722585837,0.2344486617197419
8.379000000000795,0.22659656715247303,0.23557457574999224,0.22954611560523616,0.23450188037140274
8.380000000000795,0.22659656512253998,0.2356086793373427,0.2295796585630952,0.23455545972357836
8.381000000000794,0.22659656313781976,0.2356416199930256,0.22961333762993624,0.23460940222099175
8.382000000000794,0.22659656119783156,0.23567340677920692,0.22964715434247043,0.23466371032493547
8.383000000000793,0.22659655930201844,0.2357040493379587,0.22968111024368948,0.2347183865133841
8.384000000000793,0.22659655744973914,0.23573355789680306,0.22971520688293598,0.23477343328110714
8.385000000000792,0.22659655564025952,0.2357619432743059,0.22974944581597412,0.23482885313978297
8.386000000000791,0.2265965538727427,0.23578921688571655,0.22978382860506072,0.23488464861811334
8.387000000000791,0.22659655214624003,0.23581539074865607,0.2298183568190164,0.23494082226193883
8.38800000000079,0.2265965504596806,0.23584047748885356,0.22985303203329735,0.234997376634355
8.38900000000079,0.22659654881186095,0.2358644903459295,0.229887855830067,0.2350543143158293
8.39000000000079,0.22659654720143402,0.23588744317922503,0.2299228297982683,0.23511163790431877
8.391000000000789,0.2265965456268982,0.23590935047367678,0.22995795553369638,0.23516935001538883
8.392000000000788,0.22659654408658603,0.23593022734573457,0.2299932346390711,0.2352274532823323
8.393000000000788,0.2265965425786521,0.23595008954931998,0.23002866872411026,0.23528595035628966
8.394000000000787,0.22659654110106187,0.23596895348182367,0.23006425940560318,0.23534484390637014
8.395000000000786,0.22659653965157858,0.23598683619013822,0.23010000830748437,0.23540413661977339
8.396000000000786,0.22659653822775216,0.23600375537672313,0.23013591706090755,0.2354638312019121
8.397000000000785,0.22659653682690634,0.23601972940569818,0.23017198730432023,0.2355239303765355
8.398000000000785,0.2265965354461267,0.23603477730896086,0.23020822068353838,0.2355844368858535
8.399000000000784,0.2265965340822486,0.23604891879232434,0.23024461885182154,0.235645353490662
8.400000000000784,0.22659653273184516,0.23606217424166978,0.23028118346994828,0.2357066829704688
8.401000000000783,0.22659653139121563,0.2360745647291093,0.2303179162062919,0.23576842812362028
8.402000000000783,0.2265965300563736,0.23608611201915392,0.2303548187368967,0.23583059176742927
8.403000000000782,0.2265965287230366,0.23609683857488034,0.2303918927455543,0.23589317673830354
8.404000000000782,0.22659652738661504,0.23610676756409252,0.23042913992388053,0.23595618589187517
8.405000000000781,0.22659652604220246,0.23611592286547153,0.23046656197139267,0.23601962210313088
8.40600000000078,0.2265965246845662,0.236124329074708,0.2305041605955869,0.23608348826654318
8.40700000000078,0.22659652330813868,0.2361320115106124,0.23054193751201624,0.2361477872962026
8.40800000000078,0.22659652190700993,0.23613899622119716,0.2305798944443689,0.23621252212595034
8.409000000000779,0.22659652047492043,0.23614530998972535,0.23061803312454685,0.2362776957095125
8.410000000000778,0.22659651900525615,0.2361509803407217,0.23065635529274484,0.23634331102063452
8.411000000000778,0.2265965174910428,0.23615603554594003,0.23069486269752984,0.23640937105321716
8.412000000000777,0.22659651592494393,0.23616050463028398,0.23073355709592083,0.23647587882145288
8.413000000000777,0.2265965142992579,0.23616441737767577,0.23077244025346896,0.2365428373599635
8.414000000000776,0.22659651260591784,0.23616780433687018,0.23081151394433805,0.2366102497239386
8.415000000000775,0.226596510836493,0.23617069682721037,0.2308507799513856,0.23667811898927493
8.416000000000775,0.22659650898219094,0.23617312694432152,0.23089024006624412,0.2367464482527168
8.417000000000774,0.2265965070338629,0.2361751275657428,0.23092989608940295,0.23681524063199733
8.418000000000774,0.22659650498200973,0.23617673235649148,0.23096974983029028,0.23688449926598074
8.419000000000773,0.22659650281679056,0.23617797577456215,0.2310098031073558,0.23695422731480553
8.420000000000773,0.22659650052803376,0.2361788930763562,0.23105005774815368,0.2370244279600288
8.421000000000772,0.22659649810524954,0.2361795203220433,0.2310905155894259,0.23709510440477113
8.422000000000772,0.22659649553764577,0.2361798943808534,0.2311311784771861,0.23716625987386314
8.423000000000771,0.22659649281414523,0.23618005293629948,0.23117204826680376,0.2372378976139922
8.42400000000077,0.2265964899234065,0.23618003449133065,0.231213126823089,0.23731002089385098
8.42500000000077,0.22659648685384737,0.2361798783734175,0.23125441602037744,0.23738263300428622
8.42600000000077,0.22659648359367057,0.23617962473956788,0.23129591774261593,0.23745573725844918
8.427000000000769,0.22659648013089376,0.23617931458127647,0.23133763388344836,0.23752933699194664
8.428000000000768,0.22659647645338143,0.23617898972940554,0.2313795663463022,0.23760343556299315
8.429000000000768,0.22659646829995736,0.23617858894503857,0.23142149880915602,0.2376132019176543
8.430000000000767,0.22659648156579948,0.23617819786813032,0.23146321494998845,0.2376230344658217
8.431000000000767,0.22659655850005395,0.2361778162726062,0.23150471667222694,0.23763293365613572
8.432000000000766,0.22659674047924863,0.23617744393749074,0.2315460058695154,0.23764289994027737
8.433000000000765,0.22659706801291066,0.23617708064678797,0.23158708442580064,0.23765293377298907
8.434000000000765,0.22659758074933173,0.23617672618936553,0.23162795421541832,0.23766303561209534
8.435000000000764,0.22659831748146553,0.23617638035884073,0.23166861710317851,0.23767320591852376
8.436000000000764,0.22659931615294418,0.2361760429534697,0.23170907494445075,0.23768344515632583
8.437000000000763,0.226600613864198,0.23617571377603924,0.23174932958524863,0.23769375379269836
8.438000000000763,0.22660224687866928,0.23617539263376114,0.23178938286231415,0.23770413229800458
8.439000000000762,0.226604250629105,0.2361750793381693,0.23182923660320148,0.23771458114579583
8.440000000000762,0.22660665972391947,0.23617477370501855,0.2318688926263603,0.23772510081283293
8.441000000000761,0.22660950795361656,0.23617447555418722,0.23190835274121882,0.23773569177910814
8.44200000000076,0.2266128282972611,0.23617418470958076,0.23194761874826636,0.2377463545278669
8.44300000000076,0.22661665292899108,0.23617390099903832,0.23198669243913542,0.23775708954562996
8.44400000000076,0.22662101322456357,0.23617362425424163,0.23202557559668355,0.2377678973222156
8.445000000000759,0.22662593976792536,0.23617335431062542,0.23206426999507454,0.23777877835076186
8.446000000000758,0.22663146235780277,0.23617309100729061,0.23210277739985954,0.23778973312774923
8.447000000000758,0.22663761001430413,0.23617283418691976,0.23214109956805754,0.23780076215302315
8.448000000000757,0.2266444109855297,0.23617258369569338,0.23217923824823547,0.2378118659298169
8.449000000000757,0.22665189275418335,0.23617233938320972,0.23221719518058812,0.23782304496477444
8.450000000000756,0.2266600820441826,0.2361721011024055,0.23225497209701745,0.23783429976797374
8.451000000000755,0.22666900482726285,0.23617186870947876,0.23229257072121165,0.23784563085294985
8.452000000000755,0.2266786863295715,0.2361716420638139,0.23232999276872376,0.2378570387367184
8.453000000000754,0.2266891510382508,0.23617142102790864,0.23236723994705,0.23786852393979924
8.454000000000754,0.22670042270800528,0.236171205467302,0.23240431395570757,0.23788008698624014
8.455000000000753,0.22671252436765257,0.2361709952505053,0.23244121648631236,0.23789172840364073
8.456000000000753,0.22672547832665554,0.2361707902489336,0.232477949222656,0.2379034487231765
8.457000000000752,0.22673930618163537,0.23617059033684037,0.23251451384078273,0.2379152484796232
8.458000000000752,0.226754028822862,0.23617039539125256,0.23255091200906589,0.23792712821138098
8.459000000000751,0.2267696664407246,0.23617020529190827,0.23258714538828404,0.2379390884604993
8.46000000000075,0.22678623853217883,0.23617001992119557,0.23262321563169672,0.23795112977270128
8.46100000000075,0.22680376390717197,0.23616983916409365,0.2326591243851199,0.23796325269740892
8.46200000000075,0.22682226069504546,0.2361696629081145,0.23269487328700109,0.23797545778776802
8.463000000000749,0.22684174635091506,0.2361694910432478,0.232730463968494,0.2379877456006734
8.464000000000748,0.22686223766202912,0.2361693234619056,0.23276589805353318,0.23800011669679436
8.465000000000748,0.2268837507541045,0.23616916005887031,0.23280117715890786,0.2380125716406003
8.466000000000747,0.22690630109764193,0.2361690007312426,0.23283630289433593,0.2380251110003864
8.467000000000747,0.2269299035142206,0.2361688453783922,0.23287127686253728,0.23803773534829956
8.468000000000746,0.22695457218277287,0.23616869390190956,0.23290610065930692,0.23805044526036456
8.469000000000745,0.22698032064583928,0.2361685462055587,0.23294077587358786,0.23806324131651027
8.470000000000745,0.22700716181580557,0.236168402195232,0.23297530408754355,0.23807612410059614
8.471000000000744,0.22703510798112173,0.2361682617789061,0.23300968687663015,0.23808909420043897
8.472000000000744,0.22706417081250363,0.2361681248665988,0.2330439258096683,0.23810215220783942
8.473000000000743,0.22709436136911876,0.23616799137032818,0.2330780224489148,0.23811529871860937
8.474000000000743,0.2271256901047556,0.2361678612040724,0.23311197835013384,0.23812853433259884
8.475000000000742,0.22715816687397844,0.23616773428372995,0.23314579506266803,0.2381418596537235
8.476000000000742,0.22719180093826674,0.23616761052708274,0.23317947412950904,0.2381552752899922
8.477000000000741,0.22722660097214104,0.2361674898537591,0.23321301708736805,0.2381687818535346
8.47800000000074,0.22726257506927433,0.23616737218519798,0.23324642546674584,0.23818237996062935
8.47900000000074,0.22729973074859056,0.2361672574446146,0.23327970079200264,0.23819607023173192
8.48000000000074,0.22733807496034916,0.23616714555696683,0.23331284458142765,0.23820985329150313
8.481000000000739,0.22737761409221682,0.23616703644892253,0.2333458583473084,0.23822372976883757
8.482000000000738,0.22741835397532634,0.23616693004882777,0.2333787435959996,0.2382377002968922
8.483000000000738,0.22746029989032124,0.23616682628667626,0.23341150182799206,0.23825176551311542
8.484000000000737,0.22750345657338839,0.23616672509407877,0.233444134537981,0.23826592605927602
8.485000000000737,0.22754782822227584,0.23616662640423405,0.23347664321493436,0.2382801825814926
8.486000000000736,0.22759341850229783,0.2361665301519002,0.23350902934216067,0.2382945357302629
8.487000000000736,0.22764023055232493,0.236166436273367,0.23354129439737673,0.2383089861604935
8.488000000000735,0.22768826699075967,0.23616634470642808,0.23357343985277507,0.2383235345315298
8.489000000000734,0.22773752992149687,0.2361662553903547,0.23360546717509115,0.23833818150718605
8.490000000000734,0.22778802093986864,0.23616616826586967,0.23363737782567018,0.23835292775577568
8.491000000000733,0.22783974113857203,0.2361660832751212,0.2336691732605339,0.23836777395014164
8.492000000000733,0.22789269111358074,0.23616600036165838,0.23370085493044698,0.23838272076768732
8.493000000000732,0.22794687097003777,0.23616591947040597,0.2337324242809832,0.2383977688904073
8.494000000000732,0.2280022803281303,0.23616584054764095,0.2337638827525914,0.23841291900491857
8.495000000000731,0.22805891832894493,0.2361657635409677,0.2337952317806613,0.2384281718024917
8.49600000000073,0.2281167836403023,0.23616568839929514,0.23382647279558885,0.2384435279790826
8.49700000000073,0.22817587446257107,0.23616561507281367,0.2338576072228416,0.23845898823536418
8.49800000000073,0.22823618853445973,0.2361655435129719,0.2338886364830237,0.2384745532767582
8.499000000000729,0.2282977231387857,0.23616547367245433,0.2339195619919407,0.23849022381346763
8.500000000000728,0.22836047510822086,0.23616540550515924,0.23395038516066424,0.23850600056050897
8.501000000000728,0.22842444083101227,0.23616533896617659,0.23398110739559635,0.23852188423774495
8.502000000000727,0.22848961625667868,0.236165274011766,0.23401173009853365,0.23853787556991726
8.503000000000727,0.22855599690168002,0.23616521059933573,0.23404225466673126,0.23855397528667965
8.504000000000726,0.22862357785506063,0.23616514868742086,0.23407268249296664,0.2385701841226313
8.505000000000726,0.2286923537840655,0.2361650882356624,0.23410301496560312,0.23858650281735036
8.506000000000725,0.228762318939728,0.2361650292047862,0.23413325346865319,0.23860293211542746
8.507000000000724,0.22883346716243,0.23616497155658236,0.23416339938184166,0.23861947276649995
8.508000000000724,0.2289057918874327,0.23616491525388453,0.23419345408066874,0.238636125525286
8.509000000000723,0.22897928615037783,0.23616486026054917,0.2342234189364726,0.23865289115161903
8.510000000000723,0.22905394259276052,0.2361648065414358,0.2342532953164921,0.23866977041048235
8.511000000000722,0.22912975346737136,0.2361647540623864,0.23428308458392916,0.23868676407204417
8.512000000000722,0.22920671064371004,0.23616470279020577,0.23431278809801084,0.2387038729116927
8.513000000000721,0.22928480561336811,0.2361646526926411,0.23434240721405145,0.23872109771007138
8.51400000000072,0.22936402949538406,0.2361646037383631,0.23437194328351443,0.23873843925311475
8.51500000000072,0.22944437304156745,0.23616455589694574,0.23440139765407392,0.23875589833208405
8.51600000000072,0.22952582664179613,0.23616450913884704,0.23443077166967632,0.23877347574360364
8.517000000000719,0.22960838032928466,0.23616446343539,0.23446006667060157,0.238791172289697
8.518000000000718,0.22969202378582632,0.236164418758743,0.2344892839935243,0.23880898877782358
8.519000000000718,0.22977674634700784,0.23616437508190125,0.2345184249715749,0.2388269260209155
8.520000000000717,0.22986253700740064,0.23616433237866807,0.23454749093440028,0.2388449848374148
8.521000000000717,0.2299493844257265,0.23616429062363545,0.23457648320822452,0.23886316605131055
8.522000000000716,0.23003727693000198,0.23616424979216633,0.2346054031159094,0.23888147049217667
8.523000000000716,0.2301262025226619,0.236164209860376,0.23463425197701485,0.2388998989952097
8.524000000000715,0.23021614888566308,0.2361641708051137,0.23466303110785897,0.23891845240126677
8.525000000000714,0.23030710338557178,0.23616413260394492,0.23469174182157826,0.23893713155690427
8.526000000000714,0.230399053078635,0.2361640952351333,0.23472038542818752,0.23895593731441617
8.527000000000713,0.23049198471584034,0.2361640586776231,0.23474896323463948,0.23897487053187308
8.528000000000713,0.23058588474796377,0.23616402291102173,0.23477747654488462,0.23899393207316136
8.529000000000712,0.23068073933061084,0.2361639879155826,0.23480592665993058,0.23901312280802262
8.530000000000712,0.23077653432925127,0.2361639536721877,0.23483431487790146,0.2390324436120932
8.531000000000711,0.23087325532425237,0.23616392016233112,0.23486264249409716,0.2390518953669443
8.53200000000071,0.23097088761591159,0.23616388736810223,0.23489091080105245,0.23907147896012218
8.53300000000071,0.2310694162294929,0.2361638552721693,0.2349191210885959,0.23909119528518855
8.53400000000071,0.2311688259202701,0.23616382385776313,0.23494727464390877,0.23911104524176155
8.535000000000709,0.23126910117857843,0.23616379310866134,0.23497537275158378,0.23913102973555658
8.536000000000708,0.2313702262348799,0.23616376300917233,0.23500341669368363,0.2391511496784277
8.537000000000708,0.23147218506484438,0.2361637335441202,0.23503140774979955,0.2391714059884093
8.538000000000707,0.23157496139444936,0.2361637046988291,0.23505934719710975,0.23919179958975792
8.539000000000707,0.23167853870510258,0.23616367645910852,0.23508723631043751,0.23921233141299444
8.540000000000706,0.23178290023878972,0.23616364881123847,0.2351150763623096,0.23923300239494658
8.541000000000706,0.23188802900325078,0.23616362174195507,0.23514286862301412,0.23925381347879152
8.542000000000705,0.23199390777718815,0.23616359523843644,0.23517061436065856,0.23927476561409905
8.543000000000704,0.23210051911550916,0.2361635692882887,0.2351983148412277,0.23929585975687492
8.544000000000704,0.23220784535460542,0.23616354387953248,0.23522597132864126,0.2393170968696044
8.545000000000703,0.23231586861767237,0.2361635190005897,0.23525358508481173,0.23933847792129614
8.546000000000703,0.23242457082007048,0.23616349464027073,0.23528115736970176,0.23936000388752648
8.547000000000702,0.23253393367473132,0.23616347078776131,0.23530868944138178,0.239381675750484
8.548000000000702,0.23264393869760908,0.23616344743261072,0.23533618255608738,0.2394034944990141
8.549000000000701,0.23275456721318002,0.23616342456471973,0.2353636379682766,0.2394254611286645
8.5500000000007,0.23286580035999122,0.23616340217432855,0.23539105693068726,0.23944757664173033
8.5510000000007,0.23297761909625897,0.23616338025200626,0.2354184406943939,0.23946984204729993
8.5520000000007,0.2330900042055177,0.23616335878863962,0.23544579050886513,0.23949225836130106
8.553000000000699,0.23320293630231992,0.2361633377754222,0.23547310762202048,0.2395148266065471
8.554000000000698,0.23331639583798636,0.23616331720384504,0.2355003932802874,0.2395375478127838
8.555000000000698,0.23343036310640622,0.23616329706568615,0.23552764872865808,0.2395604230167361
8.556000000000697,0.2335448182498869,0.23616327735300224,0.23555487521074633,0.23958345326215572
8.557000000000697,0.23365974126504957,0.23616325805811883,0.23558207396884426,0.23960663959986853
8.558000000000696,0.23377511200877124,0.23616323917362264,0.23560924624397897,0.23962998308782257
8.559000000000696,0.23389091020416983,0.23616322069235346,0.23563639327596925,0.23965348479113643
8.560000000000695,0.23400711544662764,0.23616320260739673,0.23566351630348206,0.23967714578214774
8.561000000000694,0.23412370720985254,0.23616318491207677,0.23569061656408907,0.23970096714046207
8.562000000000694,0.23424066485197034,0.2361631675999505,0.23571769529432315,0.2397249499530023
8.563000000000693,0.234357967621645,0.23616315066480167,0.23574475372973477,0.23974909531405808
8.564000000000693,0.23447559466422135,0.2361631341006356,0.23577179310494842,0.23977340432533592
8.565000000000692,0.23459352502788425,0.23616311790167474,0.23579881465371885,0.2397978780960093
8.566000000000692,0.2347117376698281,0.2361631020623548,0.23582581960898752,0.2398225177427695
8.567000000000691,0.23483021146243038,0.23616308657732152,0.2358528092029387,0.23984732438987622
8.56800000000069,0.2349489251994208,0.23616307144142837,0.2358797846670557,0.23987229916920919
8.56900000000069,0.23506785760203913,0.2361630566497345,0.2359067472321772,0.2398974432203196
8.57000000000069,0.23518698732517246,0.23616304219750414,0.23593369812855328,0.23992275769048232
8.571000000000689,0.23530629296346384,0.23616302808020614,0.2359606385859016,0.23994824373474793
8.572000000000688,0.23542575305738092,0.2361630142935152,0.23598756983346356,0.2399739025159958
8.573000000000688,0.23554534609923655,0.23616300083331315,0.23601449310006023,0.2399997352049868
8.574000000000687,0.23566505053914877,0.23616298769569183,0.23604140961414863,0.24002574298041696
8.575000000000687,0.23578484479093006,0.23616297487695673,0.2360683206038776,0.24005192702897118
8.576000000000686,0.23590470723789306,0.23616296237363138,0.236095227297144,0.2400782885453773
8.577000000000686,0.23602461623856152,0.23616295018246386,0.23612213092164852,0.24010482873246072
8.578000000000685,0.23614455013227117,0.23616293830043283,0.23614903270495197,0.24013154880119927
8.579000000000685,0.23626448724465013,0.23616292672475642,0.23617593387453106,0.24015844997077837
8.580000000000684,0.23638440607420613,0.23616291545046042,0.2362028356578345,0.24018553346864674
8.581000000000683,0.23650428548514563,0.236162904467873,0.23622973928233904,0.24021280053057237
8.582000000000683,0.23662410451876886,0.236162893765255,0.23625664597560542,0.240240252400699
8.583000000000682,0.2367438422084097,0.23616288333136198,0.23628355696533443,0.24026789033160278
8.584000000000682,0.23686347758452622,0.2361628731554308,0.23631047347942283,0.24029571558434942
8.585000000000681,0.23698298967990278,0.2361628632271676,0.2363373967460195,0.24032372942855176
8.58600000000068,0.23710235753496192,0.23616285353673352,0.23636432799358145,0.2403519331424278
8.58700000000068,0.23722156020318594,0.23616284407473165,0.23639126845092978,0.24038032801285886
8.58800000000068,0.23734057675664866,0.2361628348321928,0.23641821934730586,0.24040891533544834
8.589000000000679,0.23745938629165453,0.2361628258005618,0.23644518191242736,0.2404376964145809
8.590000000000678,0.2375779679344847,0.2361628169716835,0.23647215737654434,0.24046667256348195
8.591000000000678,0.23769630084724783,0.23616280833778838,0.23649914697049548,0.24049584510427752
8.592000000000677,0.23781436423383276,0.2361627998914787,0.23652615192576415,0.24052521536805468
8.593000000000677,0.23793213734596091,0.2361627916257147,0.2365531734745346,0.24055478469492217
8.594000000000676,0.23804959948933416,0.23616278353380077,0.23658021284974826,0.24058455443407162
8.595000000000676,0.2381667300298757,0.2361627756093715,0.23660727128515988,0.24061452594383909
8.596000000000675,0.23828350840005916,0.2361627678463787,0.23663435001539393,0.240644700591767
8.597000000000675,0.23839991410532171,0.23616276023907792,0.23666145027600094,0.2406750797546667
8.598000000000674,0.23851592673055655,0.23616275278201557,0.23668857330351376,0.24070566481868103
8.599000000000673,0.23863152594668013,0.23616274547001617,0.23671572033550403,0.24073645717934772
8.600000000000673,0.2387466915172679,0.23616273829817036,0.23674289261063877,0.24076745824166312
8.601000000000672,0.2388614033052541,0.23616273126182258,0.2367700913687367,0.2407986694201462
8.602000000000672,0.23897564127968937,0.23616272435655947,0.23679731785082495,0.24083009213890308
8.603000000000671,0.23908938552254974,0.23616271757819865,0.23682457329919562,0.24086172783169213
8.60400000000067,0.23920261623559225,0.23616271092277755,0.23685185895746255,0.24089357794198932
8.60500000000067,0.23931531374724963,0.2361627043865432,0.2368791760706179,0.24092564392305396
8.60600000000067,0.23942745851955824,0.23616269796594153,0.23690652588508912,0.24095792723799528
8.607000000000669,0.23953903115511352,0.23616269165760803,0.23693390964879577,0.24099042935983894
8.608000000000668,0.23965001240404518,0.2361626854583581,0.23696132861120642,0.24102315177159445
8.609000000000668,0.23976038317100798,0.23616267936517765,0.23698878402339565,0.24105609596632252
8.610000000000667,0.23987012452217904,0.23616267337521504,0.23701627713810128,0.24108926344720363
8.611000000000667,0.23997921769225822,0.2361626674857722,0.2370438092097813,0.2411226557276062
8.612000000000666,0.2400876440914635,0.23616266169429675,0.2370713814946713,0.24115627433115586
8.613000000000666,0.24019538531251694,0.23616265599837472,0.23709899525084174,0.24119012079180505
8.614000000000665,0.24030242313761452,0.23616265039572273,0.2371266517382553,0.2412241966539027
8.615000000000665,0.2404087395453744,0.23616264488418162,0.23715435221882444,0.2412585034722651
8.616000000000664,0.2405143167177593,0.23616263946170932,0.23718209795646888,0.24129304281224645
8.617000000000663,0.2406191370469671,0.23616263412637495,0.2372098902171734,0.24132781624981056
8.618000000000663,0.2407231831422852,0.2361626288763528,0.2372377302690455,0.2413628253716026
8.619000000000662,0.2408264378369045,0.2361626237099164,0.23726561938237326,0.24139807177502162
8.620000000000662,0.24092888419468889,0.23616261862543353,0.23729355882968345,0.2414335570682934
8.621000000000661,0.24103050551689584,0.236162613621361,0.23732154988579937,0.24146928287054364
8.62200000000066,0.2411312853488461,0.23616260869623973,0.23734959382789922,0.2415052508118722
8.62300000000066,0.24123120748653826,0.23616260384869017,0.2373776919355742,0.2415414625334272
8.62400000000066,0.24133025598320546,0.23616259907740852,0.23740584549088709,0.24157791968747996
8.625000000000659,0.24142841515581365,0.236162594381162,0.23743405577843055,0.24161462393750047
8.626000000000658,0.2415256695914964,0.23616258975878554,0.23746232408538584,0.2416515769582332
8.627000000000658,0.24162200415392854,0.236162585209178,0.23749065170158154,0.2416887804357735
8.628000000000657,0.24171740398963312,0.23616258073129867,0.2375190399195524,0.24172623606764468
8.629000000000657,0.24181185453422496,0.2361625763241648,0.23754749003459835,0.24176394556287534
8.630000000000656,0.24190534151858617,0.23616257198684756,0.2375760033448435,0.24180191064207732
8.631000000000656,0.24199785097497775,0.23616256771847047,0.23760458115129546,0.24184013303752436
8.632000000000655,0.2420893692430826,0.23616256351820575,0.2376332247579047,0.24187861449323095
8.633000000000655,0.24217988297598425,0.23616255938527272,0.23766193547162398,0.24191735676503204
8.634000000000654,0.24226937914607935,0.23616255531893543,0.23769071460246807,0.24195636162066317
8.635000000000653,0.24235784505092692,0.23616255131849995,0.23771956346357348,0.24199563083984102
8.636000000000653,0.24244526831903293,0.23616254738331333,0.23774848337125837,0.24203516621434465
8.637000000000652,0.2425316369155737,0.2361625435127615,0.23777747564508261,0.24207496954809737
8.638000000000652,0.2426169391480591,0.23616253970626738,0.23780654160790798,0.24211504265724884
8.639000000000651,0.24270116367193623,0.23616253596328982,0.2378356825859586,0.24215538737025816
8.64000000000065,0.24278429949613695,0.2361625322833216,0.23786489990888135,0.24219600552797707
8.64100000000065,0.24286633598857085,0.23616252866588913,0.23789419490980657,0.24223689898373416
8.64200000000065,0.2429472628815647,0.23616252511055033,0.23792356892540895,0.24227806960341938
8.643000000000649,0.2430270702772526,0.23616252161689408,0.23795302329596843,0.24231951926556902
8.644000000000648,0.2431057486529178,0.23616251818453923,0.2379825593654314,0.2423612498614516
8.645000000000648,0.24318328886628893,0.23616251481313358,0.238012178481472,0.24240326329515416
8.646000000000647,0.2432596821607938,0.23616251150235326,0.23804188199555365,0.24244556148366897
8.647000000000647,0.2433349201707724,0.23616250825190174,0.2380716712629907,0.24248814635698124
8.648000000000646,0.24340899492665283,0.23616250506150954,0.23810154764301023,0.24253101985815695
8.649000000000646,0.2434818988600914,0.23616250193093294,0.2381315124988141,0.24257418394343166
8.650000000000645,0.2435536248090813,0.23616249885995444,0.23816156719764114,0.24261764058229973
8.651000000000645,0.24362416602303139,0.23616249584838103,0.23819171311082962,0.2426613917576042
8.652000000000644,0.24369351616781745,0.23616249289604443,0.23822195161387966,0.2427054394656272
8.653000000000644,0.24376166933081025,0.2361624900028004,0.2382522840865161,0.2427497857161811
8.654000000000643,0.24382862002588152,0.23616248716852783,0.2382827119127515,0.2427944325327002
8.655000000000642,0.2438943631983907,0.2361624843931289,0.2383132364809491,0.24283938195233304
8.656000000000642,0.24395889423015663,0.23616248167652776,0.23834385918388637,0.2428846360260353
8.657000000000641,0.24402220894441434,0.2361624790186701,0.23837458141881848,0.24293019681866357
8.65800000000064,0.24408430361076255,0.23616247641952273,0.23840540458754203,0.2429760664090693
8.65900000000064,0.2441451749501008,0.23616247387907258,0.23843633009645906,0.24302224689019392
8.66000000000064,0.2442048201395631,0.2361624713973256,0.23846735935664115,0.2430687403691641
8.661000000000639,0.24426323681744697,0.23616246897430632,0.2384984937838939,0.24311554896738802
8.662000000000639,0.24432042308814234,0.23616246661005624,0.23852973479882145,0.24316267482065218
8.663000000000638,0.24437637752706262,0.23616246430463278,0.2385610838268913,0.2432101200792188
8.664000000000637,0.24443109918558015,0.23616246205810798,0.23859254229849955,0.24325788690792402
8.665000000000637,0.24448458759596878,0.2361624598705666,0.23862411164903574,0.24330597748627644
8.666000000000636,0.24453684277635632,0.23616245774210462,0.23865579331894882,0.2433543940085569
8.667000000000636,0.24458786523568804,0.23616245567282715,0.23868758875381252,0.24340313868391839
8.668000000000635,0.24463765597870643,0.23616245366284588,0.23871949940439155,0.24345221373648684
8.669000000000635,0.24468621651094646,0.2361624517122768,0.23875152672670763,0.24350162140546272
8.670000000000634,0.2447335488437517,0.23616244982123774,0.23878367218210597,0.24355136394522311
8.671000000000634,0.24477965549931163,0.23616244798984454,0.23881593723732203,0.24360144362542463
8.672000000000633,0.24482453951572403,0.23616244621820828,0.23884832336454834,0.24365186273110698
8.673000000000632,0.24486820445208377,0.23616244450643098,0.23888083204150168,0.2437026235627971
8.674000000000632,0.2449106543936017,0.23616244285460214,0.2389134647514906,0.24375372843661433
8.675000000000631,0.24495189395675426,0.23616244126279343,0.23894622298348306,0.24380517968437604
8.67600000000063,0.2449919282944679,0.23616243973105466,0.23897910823217428,0.24385697965370381
8.67700000000063,0.24503076310133917,0.2361624382594079,0.239012121998055,0.24390913070813086
8.67800000000063,0.24506840461889337,0.23616243684784194,0.23904526578748,0.24396163522720968
8.679000000000629,0.2451048596408832,0.2361624354963062,0.2390785411127368,0.2440144956066207
8.680000000000629,0.2451401355186301,0.23616243420470434,0.2391119494921146,0.24406771425828153
8.681000000000628,0.24517424016640937,0.23616243297288664,0.23914549244997363,0.24412129361045717
8.682000000000627,0.24520718206688058,0.2361624318006434,0.23917917151681467,0.24417523610787054
8.683000000000627,0.2452389702765647,0.23616243068769618,0.23921298822934886,0.24422954421181425
8.684000000000626,0.24526961443137044,0.2361624296336897,0.2392469441305679,0.24428422040026287
8.685000000000626,0.24529912475216814,0.23616242863818307,0.2392810407698144,0.24433926716798596
8.686000000000625,0.24532751205041395,0.23616242770064041,0.23931527970285255,0.24439468702666176
8.687000000000625,0.24535478773382396,0.23616242682042113,0.23934966249193915,0.24445048250499216
8.688000000000624,0.24538096381209765,0.23616242599676943,0.23938419070589484,0.24450665614881764
8.689000000000624,0.2454060529026917,0.23616242522880435,0.23941886592017578,0.2445632105212338
8.690000000000623,0.24543006823664204,0.23616242451550812,0.23945368971694542,0.2446201482027081
8.691000000000622,0.24545302366443333,0.23616242385571504,0.23948866368514674,0.24467747179119761
8.692000000000622,0.24547493366191578,0.23616242324810013,0.2395237894205748,0.24473518390226767
8.693000000000621,0.24549581333626463,0.23616242269116666,0.23955906852594952,0.24479328716921112
8.69400000000062,0.245515678431983,0.23616242218323427,0.2395945026109887,0.2448517842431685
8.69500000000062,0.24553454533694274,0.23616242172242627,0.2396300932924816,0.24491067779324896
8.69600000000062,0.24555243108846225,0.23616242130665713,0.2396658421943628,0.24496997050665223
8.69700000000062,0.2455693533794155,0.23616242093361983,0.23970175094778598,0.24502966508879095
8.698000000000619,0.24558533056437049,0.2361624206007731,0.23973782119119866,0.24508976426341433
8.699000000000618,0.24560038166575107,0.23616242030532858,0.2397740545704168,0.24515027077273235
8.700000000000617,0.24561452638001874,0.23616242004423824,0.23981045273869997,0.24521118737754086
8.701000000000617,0.24562778508386787,0.23616241981418157,0.23984701735682673,0.2452725168573477
8.702000000000616,0.24564017884043104,0.2361624196115537,0.23988375009317037,0.24533426201049915
8.703000000000616,0.24565172940548738,0.23616241943245317,0.23992065262377515,0.24539642565430816
8.704000000000615,0.2456624592336693,0.2361624192726703,0.23995772663243276,0.24545901062518244
8.705000000000615,0.24567239148466155,0.23616241912767638,0.239994973810759,0.24552201977875407
8.706000000000614,0.24568155002938608,0.23616241899261284,0.24003239585827113,0.24558545599000978
8.707000000000614,0.24568995945616845,0.23616241886228106,0.24006999448246535,0.2456493221534221
8.708000000000613,0.24569764507687838,0.23616241873113408,0.2401077713988947,0.2457136211830815
8.709000000000612,0.2457046329330402,0.23616241859326745,0.24014572833124737,0.24577835601282924
8.710000000000612,0.24571094980190641,0.23616241844241256,0.2401838670114253,0.24584352959639139
8.711000000000611,0.24571662320248985,0.23616241827192969,0.2402221891796233,0.24590914490751342
8.71200000000061,0.2457216814015497,0.23616241807480357,0.2402606965844083,0.24597520494009606
8.71300000000061,0.24572615341952597,0.23616241784363898,0.24029939098279932,0.2460417127083318
8.71400000000061,0.24573006903641792,0.2361624175706583,0.24033827414034745,0.24610867124684244
8.71500000000061,0.2457334587976042,0.23616241724770096,0.24037734783121653,0.24617608361081755
8.716000000000609,0.24573635401959829,0.236162416866223,0.24041661383826407,0.2462439528761539
8.717000000000608,0.24573878679573924,0.23616241641730032,0.2404560739531226,0.24631228213959575
8.718000000000607,0.24574079000181237,0.23616241589163192,0.24049572997628144,0.24638107451887628
8.719000000000607,0.24574239730159927,0.23616241527954618,0.24053558371716877,0.2464503331528597
8.720000000000606,0.24574364315235475,0.2361624145710086,0.2405756369942343,0.24652006120168451
8.721000000000606,0.24574456281020932,0.23616241375563193,0.24061589163503216,0.24659026184690774
8.722000000000605,0.24574519233549583,0.23616241282268843,0.24065634947630438,0.24666093829165012
8.723000000000605,0.24574556859800073,0.23616241176112465,0.24069701236406457,0.24673209376074212
8.724000000000604,0.24574572928213761,0.23616241055957823,0.24073788215368228,0.24680373150087123
8.725000000000604,0.2457457128920451,0.23616240920639822,0.24077896070996752,0.24687585478073
8.726000000000603,0.24574555875660747,0.2361624076896672,0.24082024990725595,0.24694846689116523
8.727000000000602,0.2457453070343987,0.23616240599722715,0.24086175162949444,0.24702157114532822
8.728000000000602,0.2457449987185505,0.2361624041167074,0.24090346777032687,0.24709517087882565
8.729000000000601,0.24574467564154462,0.23616240203555683,0.2409454002331807,0.2471692694498722
8.7300000000006,0.24574427730742263,0.23616239778547302,0.24098733269603453,0.24717903580453332
8.7310000000006,0.24574388864210672,0.2361624148031373,0.24102904883686696,0.24718886835270074
8.7320000000006,0.2457435094203691,0.23616249533969746,0.24107055055910545,0.24719876754301473
8.7330000000006,0.24574313942206605,0.23616268077385402,0.24111183975639391,0.24720873382715638
8.734000000000599,0.24574277843201803,0.2361630116175559,0.24115291831267915,0.24721876765986808
8.735000000000598,0.245742426239892,0.2361635275218316,0.24119378810229683,0.24722886949897435
8.736000000000598,0.24574208264008776,0.23616426728273984,0.24123445099005705,0.2472390398054028
8.737000000000597,0.24574174743162586,0.2361652688474276,0.2412749088313293,0.24724927904320487
8.738000000000596,0.24574142041803926,0.23616656932028243,0.24131516347212717,0.24725958767957737
8.739000000000596,0.24574110140726663,0.2361682049691662,0.2413552167491927,0.24726996618488362
8.740000000000595,0.24574079021154968,0.23617021123172177,0.24139507049008002,0.24728041503267487
8.741000000000595,0.24574048664733142,0.23617262272173897,0.24143472651323883,0.24729093469971197
8.742000000000594,0.24574019053515836,0.2361754732355734,0.24147418662809736,0.24730152566598715
8.743000000000594,0.24573990169958396,0.23617879575860712,0.2415134526351449,0.24731218841474592
8.744000000000593,0.2457396199690754,0.23618262247174415,0.24155252632601396,0.24732292343250895
8.745000000000593,0.24573934517592166,0.23618698475793323,0.2415914094835621,0.24733373120909458
8.746000000000592,0.24573907715614499,0.2361919132087108,0.24163010388195308,0.24734461223764084
8.747000000000591,0.2457388157494135,0.23619743763075765,0.2416686112867381,0.24735556701462824
8.74800000000059,0.24573856079895637,0.23620358705246572,0.2417069334549361,0.2473665960399022
8.74900000000059,0.24573831215148123,0.2362103897305069,0.24174507213511404,0.2473776998166959
8.75000000000059,0.24573806965709366,0.23621787315640233,0.24178302906746668,0.24738887885165345
8.75100000000059,0.24573783316921796,0.23622606406308683,0.24182080598389602,0.24740013365485275
8.752000000000589,0.245737602544521,0.23623498843146537,0.24185840460809022,0.24741146473982883
8.753000000000588,0.2457373776428369,0.2362446714969587,0.24189582665560233,0.24742287262359738
8.754000000000588,0.24573715832709467,0.2362551377560363,0.24193307383392856,0.24743435782667825
8.755000000000587,0.2457369444632466,0.23626641097273302,0.24197014784258614,0.24744592087311912
8.756000000000586,0.24573673592019954,0.23627851418515003,0.24200705037319092,0.2474575622905197
8.757000000000586,0.24573653256974745,0.23629146971193615,0.24204378310953456,0.2474692826100555
8.758000000000585,0.24573633428650557,0.2363052991587512,0.2420803477276613,0.24748108236650218
8.759000000000585,0.24573614094784682,0.23632002342470868,0.24211674589594448,0.24749296209826
8.760000000000584,0.2457359524338396,0.23633566270879808,0.24215297927516263,0.24750492234737828
8.761000000000584,0.24573576862718763,0.23635223651628748,0.2421890495185753,0.24751696365958029
8.762000000000583,0.24573558941317078,0.2363697636651041,0.2422249582719985,0.24752908658428793
8.763000000000583,0.24573541467958862,0.23638826229219626,0.24226070717387968,0.24754129167464703
8.764000000000582,0.24573524431670477,0.23640774985987412,0.24229629785537263,0.2475535794875524
8.765000000000581,0.2457350782171929,0.2364282431621315,0.2423317319404118,0.24756595058367337
8.76600000000058,0.2457349162760848,0.23644975833094814,0.24236701104578648,0.2475784055274793
8.76700000000058,0.24573475839071968,0.23647231084257497,0.24240213678121456,0.2475909448872654
8.76800000000058,0.24573460446069506,0.23649591552380037,0.2424371107494159,0.24760356923517857
8.76900000000058,0.24573445438781868,0.23652058655820035,0.24247193454618554,0.24761627914724355
8.770000000000579,0.2457343080760629,0.23654633749237283,0.24250660976046648,0.24762907520338925
8.771000000000578,0.24573416543151932,0.23657318124215607,0.24254113797442217,0.24764195798747515
8.772000000000578,0.24573402636235564,0.23660113009883257,0.24257552076350877,0.24765492808731795
8.773000000000577,0.24573389077877344,0.23663019573531968,0.2426097596965469,0.2476679860947184
8.774000000000576,0.24573375859296728,0.23666038921234636,0.2426438563357934,0.24768113260548835
8.775000000000576,0.2457336297190849,0.23669172098461724,0.24267781223701246,0.24769436821947782
8.776000000000575,0.24573350407318942,0.236724200906965,0.24271162894954665,0.24770769354060249
8.777000000000575,0.24573338157322128,0.23675783824049057,0.24274530801638766,0.24772110917687115
8.778000000000574,0.2457332621389626,0.23679264165869243,0.24277885097424667,0.24773461574041358
8.779000000000574,0.24573314569200203,0.23682861925358414,0.24281225935362447,0.2477482138475083
8.780000000000573,0.24573303215570041,0.23686577854180188,0.24284553467888126,0.2477619041186109
8.781000000000573,0.24573292145515777,0.23690412647070005,0.24287867846830627,0.2477756871783821
8.782000000000572,0.24573281351718132,0.23694366942443737,0.24291169223418702,0.24778956365571653
8.783000000000571,0.24573270827025373,0.2369844132300506,0.24294457748287823,0.24780353418377116
8.784000000000571,0.24573260564450303,0.23702636316351847,0.24297733571487068,0.24781759939999437
8.78500000000057,0.2457325055716726,0.23706952395581327,0.2430099684248596,0.24783175994615497
8.78600000000057,0.24573240798509213,0.23711389979894104,0.24304247710181298,0.24784601646837157
8.78700000000057,0.24573231281964975,0.23715949435196962,0.2430748632290393,0.24786036961714183
8.788000000000569,0.24573222001176384,0.23720631074704399,0.24310712828425535,0.24787482004737244
8.789000000000568,0.24573212949935647,0.23725435159538774,0.2431392737396537,0.24788936841840872
8.790000000000568,0.2457320412218266,0.23730361899329153,0.24317130106196977,0.247904015394065
8.791000000000567,0.24573195512002433,0.2373541145280858,0.2432032117125488,0.2479187616426546
8.792000000000566,0.24573187113622544,0.23740583928409925,0.24323500714741253,0.24793360783702056
8.793000000000566,0.24573178921410657,0.2374587938485996,0.2432666888173256,0.24794855465456625
8.794000000000565,0.2457317092987204,0.23751297831771875,0.24329825816786183,0.24796360277728624
8.795000000000565,0.24573163133647172,0.23756839230235868,0.24332971663947003,0.24797875289179747
8.796000000000564,0.24573155527509383,0.2376250349340793,0.24336106566753993,0.2479940056893706
8.797000000000564,0.2457314810636247,0.23768290487096602,0.24339230668246745,0.2480093618659615
8.798000000000563,0.2457314086523844,0.2377420003034768,0.2434234411097202,0.24802482212224308
8.799000000000563,0.24573133799295208,0.23780231896026768,0.24345447036990228,0.24804038716363708
8.800000000000562,0.24573126903814319,0.23786385811399524,0.2434853958788193,0.2480560577003465
8.801000000000561,0.24573120174198784,0.23792661458709588,0.24351621904754284,0.24807183444738784
8.802000000000561,0.24573113605970817,0.23799058475754106,0.24354694128247495,0.24808771812462382
8.80300000000056,0.24573107194769703,0.23805576456456667,0.24357756398541225,0.2481037094567961
8.80400000000056,0.24573100936349634,0.23812214951437674,0.24360808855360985,0.2481198091735585
8.80500000000056,0.24573094826577543,0.2381897346858201,0.24363851637984524,0.24813601800951018
8.806000000000559,0.2457308886143101,0.23825851473604007,0.24366884885248172,0.2481523367042292
8.807000000000558,0.2457308303699617,0.23832848390609507,0.24369908735553178,0.2481687660023063
8.808000000000558,0.24573077349465575,0.23839963602655148,0.24372923326872026,0.2481853066533788
8.809000000000557,0.24573071795136206,0.2384719645230463,0.24375928796754734,0.24820195941216483
8.810000000000556,0.2457306637040736,0.23854546242182095,0.2437892528233512,0.24821872503849784
8.811000000000556,0.24573061071778618,0.23862012235522465,0.2438191292033707,0.24823560429736116
8.812000000000555,0.24573055895847867,0.2386959365671875,0.24384891847080775,0.24825259795892302
8.813000000000555,0.24573050839309232,0.23877289691866332,0.24387862198488944,0.24826970679857155
8.814000000000554,0.24573045898951115,0.2388509948930427,0.24390824110093004,0.2482869315969502
8.815000000000554,0.24573041071654222,0.23893022160153488,0.24393777717039303,0.24830427313999356
8.816000000000553,0.24573036354389569,0.23901056778852067,0.2439672315409525,0.24832173221896287
8.817000000000553,0.2457303174421656,0.23909202383687517,0.24399660555655492,0.24833930963048245
8.818000000000552,0.24573027238281034,0.23917457977326173,0.24402590055748016,0.2483570061765758
8.819000000000552,0.2457302283381335,0.23925822527339782,0.2440551178804029,0.24837482266470237
8.820000000000551,0.24573018528126464,0.23934294966729325,0.2440842588584535,0.2483927599077943
8.82100000000055,0.24573014318614078,0.23942874194446195,0.24411332482127887,0.24841081872429358
8.82200000000055,0.24573010202748738,0.23951559075910822,0.24414231709510312,0.24842899993818934
8.82300000000055,0.24573006178079954,0.23960348443528987,0.244171237002788,0.24844730437905546
8.824000000000549,0.24573002242232406,0.23969241097205757,0.24420008586389344,0.24846573288208848
8.825000000000548,0.24572998392904083,0.23978235804857462,0.24422886499473756,0.24848428628814556
8.826000000000548,0.24572994627864503,0.23987331302921694,0.24425757570845685,0.24850296544378303
8.827000000000547,0.245729909449529,0.23996526296865625,0.2442862193150661,0.24852177120129496
8.828000000000547,0.24572987342076477,0.24005819461692834,0.24431479712151807,0.24854070441875184
8.829000000000546,0.24572983817208635,0.2401520944244886,0.24434331043176322,0.24855976596004015
8.830000000000545,0.24572980368387262,0.24024694854725748,0.24437176054680917,0.2485789566949014
8.831000000000545,0.24572976993713005,0.2403427428516582,0.24440014876478006,0.24859827749897195
8.832000000000544,0.24572973691347605,0.24043946291964957,0.24442847638097576,0.24861772925382306
8.833000000000544,0.24572970459512222,0.2405370940537565,0.24445674468793105,0.24863731284700094
8.834000000000543,0.24572967296485776,0.24063562128210167,0.2444849549754745,0.24865702917206733
8.835000000000543,0.24572964200603348,0.24073502936344046,0.2445131085307874,0.24867687912864034
8.836000000000542,0.24572961170254562,0.24083530279220303,0.2445412066384624,0.24869686362243534
8.837000000000542,0.2457295820388204,0.24093642580354668,0.24456925058056225,0.24871698356530647
8.838000000000541,0.2457295529997983,0.24103838237842068,0.24459724163667818,0.24873723987528806
8.83900000000054,0.2457295245709189,0.241141156248648,0.24462518108398837,0.2487576334766367
8.84000000000054,0.2457294967381062,0.2412447309020265,0.24465307019731614,0.2487781652998732
8.84100000000054,0.24572946948775337,0.2413490895874531,0.24468091024918823,0.24879883628182534
8.842000000000539,0.2457294428067089,0.24145421532007316,0.24470870250989274,0.24881964736567028
8.843000000000538,0.24572941668226195,0.24156009088645952,0.24473644824753718,0.2488405995009778
8.844000000000538,0.24572939110212919,0.24166669884982253,0.2447641487281063,0.24886169364375368
8.845000000000537,0.24572936605444046,0.24177402155525635,0.24479180521551988,0.24888293075648313
8.846000000000537,0.24572934152772619,0.2418820411350205,0.24481941897169035,0.24890431180817488
8.847000000000536,0.24572931751090415,0.24199073951386313,0.24484699125658038,0.24892583777440525
8.848000000000535,0.24572929399326687,0.24210009841438537,0.2448745233282604,0.24894750963736273
8.849000000000535,0.24572927096446945,0.24221009936245036,0.244902016442966,0.24896932838589284
8.850000000000534,0.2457292484145176,0.242320723692638,0.24492947185515523,0.24899129501554323
8.851000000000534,0.24572922633375588,0.2424319525537476,0.2449568908175659,0.24901341052860906
8.852000000000533,0.24572920471285667,0.24254376691434906,0.24498427458127253,0.24903567593417866
8.853000000000533,0.24572918354280934,0.24265614756838347,0.24501162439574375,0.2490580922481798
8.854000000000532,0.24572916281490964,0.24276907514081436,0.2450389415088991,0.24908066049342584
8.855000000000532,0.24572914252074943,0.24288253009332825,0.24506622716716603,0.2491033816996625
8.856000000000531,0.24572912265220742,0.24299649273008608,0.2450934826155367,0.2491262569036148
8.85700000000053,0.24572910320143954,0.24311094320352372,0.24512070909762496,0.24914928714903445
8.85800000000053,0.2457290841608704,0.24322586152019957,0.24514790785572288,0.24917247348674723
8.85900000000053,0.24572906552318455,0.24334122754669013,0.2451750801308576,0.24919581697470128
8.860000000000529,0.24572904728131886,0.2434570210155285,0.24520222716284787,0.24921931867801514
8.861000000000528,0.2457290294284549,0.24357322153118585,0.24522935019036068,0.24924297966902645
8.862000000000528,0.24572901195801247,0.24368980857609063,0.2452564504509677,0.24926680102734078
8.863000000000527,0.24572899486364255,0.24380676151668354,0.24528352918120178,0.24929078383988099
8.864000000000527,0.24572897813922195,0.24392405960950297,0.2453105876166134,0.24931492920093676
8.865000000000526,0.2457289617788481,0.24404168200729728,0.24533762699182704,0.2493392382122146
8.866000000000525,0.24572894577683413,0.24415960776515763,0.24536464854059747,0.24936371198288798
8.867000000000525,0.2457289301277051,0.24427781584666663,0.24539165349586614,0.24938835162964818
8.868000000000524,0.24572891482619474,0.24439628513005607,0.2454186430898173,0.2494131582767549
8.869000000000524,0.2457288998672427,0.24451499441436642,0.24544561855393432,0.24943813305608786
8.870000000000523,0.24572888524599276,0.24463392242560228,0.24547258111905582,0.2494632771071983
8.871000000000523,0.24572887095779197,0.244753047822874,0.2454995320154319,0.24948859157736097
8.872000000000522,0.24572885699818997,0.2448723492045177,0.24552647247278023,0.2495140776216266
8.873000000000522,0.24572884336293999,0.24499180511418586,0.24555340372034218,0.24953973640287447
8.874000000000521,0.24572883004800017,0.24511139404689677,0.24558032698693885,0.24956556909186545
8.87500000000052,0.24572881704953609,0.2452310944550342,0.24560724350102725,0.24959157686729563
8.87600000000052,0.24572880436392427,0.24535088475428624,0.24563415449075623,0.24961776091584983
8.87700000000052,0.2457287919877567,0.24547074332951213,0.24566106118402262,0.24964412243225595
8.878000000000519,0.24572877991784625,0.24559064854052456,0.24568796480852714,0.24967066261933937
8.879000000000518,0.24572876815123368,0.2457105787277765,0.2457148665918306,0.24969738268807792
8.880000000000518,0.24572875668519523,0.2458305122179379,0.24574176776140969,0.24972428385765702
8.881000000000517,0.24572874551475787,0.24595042750931287,0.24576866954471313,0.24975136735552536
8.882000000000517,0.24572873463014194,0.24607030346337722,0.24579557316921766,0.249778634417451
8.883000000000516,0.2457287240194542,0.24619011911757457,0.24582247986248404,0.24980608628757764
8.884000000000515,0.24572871367130647,0.2463098535016923,0.24584939085221305,0.2498337242184814
8.885000000000515,0.24572870357480242,0.24642948564304334,0.24587630736630145,0.24986154947122804
8.886000000000514,0.24572869371952338,0.2465489945717423,0.24590323063289812,0.24988956331543039
8.887000000000514,0.2457286840955149,0.2466683593260762,0.24593016188046007,0.24991776702930643
8.888000000000513,0.24572867469327223,0.24678755895797183,0.2459571023378084,0.24994616189973748
8.889000000000513,0.24572866550372605,0.2469065725385598,0.24598405323418449,0.24997474922232696
8.890000000000512,0.24572865651822787,0.24702537916383405,0.24601101579930598,0.2500035303014595
8.891000000000512,0.2457286477285359,0.24714395796040814,0.24603799126342296,0.2500325064503605
8.892000000000511,0.24572863912680004,0.24726228809136527,0.2460649808573741,0.2500616789911561
8.89300000000051,0.2457286307055479,0.24738034876220164,0.24609198581264277,0.25009104925493325
8.89400000000051,0.2457286224576704,0.2474981192268615,0.24611900736141323,0.2501206185818008
8.89500000000051,0.24572861437640742,0.24761557879385987,0.24614604673662688,0.2501503883209502
8.896000000000509,0.24572860645533376,0.24773270683249174,0.2461731051720385,0.2501803598307177
8.897000000000508,0.2457285986883459,0.24784948277912383,0.24620018390227255,0.2502105344786456
8.898000000000508,0.24572859106964803,0.24796588614356507,0.24622728416287956,0.25024091364154527
8.899000000000507,0.24572858359373906,0.24808189651551207,0.24625440719039238,0.2502714987055596
8.900000000000507,0.24572857625539954,0.24819749357106563,0.24628155422238265,0.2503022910662263
8.901000000000506,0.2457285690496792,0.248312657079313,0.2463087264975174,0.2503332921285417
8.902000000000506,0.24572856197188467,0.24842736690897108,0.24633592525561532,0.25036450330702475
8.903000000000505,0.24572855501756782,0.2485416030350863,0.24636315173770357,0.25039592602578165
8.904000000000504,0.24572854818251383,0.24865534554578445,0.24639040718607425,0.25042756171857067
8.905000000000504,0.24572854146273018,0.248768574649066,0.24641769284434117,0.2504594118288679
8.906000000000503,0.24572853485443616,0.24888127067964075,0.24644500995749652,0.25049147780993253
8.907000000000503,0.24572852835405198,0.24899341410579595,0.24647235977196774,0.25052376112487384
8.908000000000502,0.24572852195818928,0.24910498553629248,0.2464997435356744,0.2505562632467175
8.909000000000502,0.24572851566364107,0.24921596572728238,0.24652716249808504,0.250588985658473
8.910000000000501,0.24572850946737274,0.24932633558924275,0.24655461791027428,0.2506219298532011
8.9110000000005,0.24572850336651303,0.24943607619391903,0.2465821110249799,0.25065509733408214
8.9120000000005,0.2457284973583457,0.24954516878127317,0.24660964309665992,0.2506884896144847
8.9130000000005,0.24572849144030115,0.2496535947664295,0.24663721538154992,0.2507221082180344
8.914000000000499,0.24572848560994892,0.24976133574661386,0.24666482913772037,0.25075595467868356
8.915000000000498,0.24572847986499005,0.24986837350807967,0.24669248562513393,0.25079003054078125
8.916000000000498,0.24572847420325014,0.24997469003301667,0.24672018610570307,0.2508243373591436
8.917000000000497,0.2457284686226725,0.2500802675064357,0.2467479318433475,0.250858876699125
8.918000000000497,0.24572846312131166,0.2501850883230267,0.24677572410405202,0.2508936501366891
8.919000000000496,0.24572845769732754,0.25028913509398387,0.2468035641559241,0.2509286592584811
8.920000000000496,0.24572845234897933,0.25039239065379393,0.24683145326925188,0.25096390566190013
8.921000000000495,0.24572844707462008,0.25049483806698386,0.24685939271656207,0.2509993909551719
8.922000000000494,0.24572844187269166,0.25059646063482494,0.246887383772678,0.2510351167574221
8.923000000000494,0.24572843674171957,0.250697241901988,0.24691542771477784,0.2510710846987507
8.924000000000493,0.2457284316803081,0.2507971656631486,0.24694352582245283,0.2511072964203057
8.925000000000493,0.24572842668713654,0.25089621596953876,0.2469716793777657,0.2511437535743585
8.926000000000492,0.2457284217609544,0.2509943771354427,0.24699988966530917,0.251180457824379
8.927000000000492,0.24572841690057753,0.25109163374463467,0.24702815797226446,0.2512174108451117
8.928000000000491,0.24572841210488458,0.25118797065675724,0.24705648558846016,0.251254614322652
8.92900000000049,0.24572840737281365,0.25128337301363907,0.24708487380643102,0.25129206995452313
8.93000000000049,0.24572840270335822,0.2513778262455499,0.24711332392147697,0.2513297794497538
8.93100000000049,0.2457283980955654,0.2514713160773936,0.24714183723172212,0.2513677445289558
8.932000000000489,0.24572839354853132,0.25156382853483783,0.24717041503817408,0.2514059669244028
8.933000000000488,0.24572838906139993,0.2516553499503806,0.2471990586447833,0.25144444838010943
8.934000000000488,0.24572838463335975,0.2517458669693531,0.2472277693585026,0.2514831906519105
8.935000000000487,0.24572838026364124,0.25183536655586114,0.2472565484893467,0.2515221955075416
8.936000000000487,0.24572837595151523,0.25192383599866325,0.2472853973504521,0.2515614647267195
8.937000000000486,0.24572837169629047,0.2520112629169886,0.247314317258137,0.2516010001012231
8.938000000000486,0.24572836749731175,0.2520976352662948,0.24734330953196124,0.25164080343497586
8.939000000000485,0.2457283633539581,0.25218294134396685,0.2473723754947866,0.2516808765441273
8.940000000000484,0.24572835926564138,0.2522671697949594,0.24740151647283723,0.2517212212571366
8.941000000000484,0.2457283552318042,0.2523503096173833,0.24743073379575997,0.2517618394148555
8.942000000000483,0.24572835125191939,0.25243235016803867,0.2474600287966852,0.2518027328706126
8.943000000000483,0.24572834732548776,0.2525132811678968,0.24748940281228757,0.25184390349029784
8.944000000000482,0.24572834345203762,0.2525930927075319,0.24751885718284705,0.2518853531524475
8.945000000000482,0.24572833963112348,0.25267177525250595,0.24754839325231,0.25192708374833006
8.946000000000481,0.24572833586232465,0.25274931964870895,0.24757801236835061,0.2519690971820326
8.94700000000048,0.2457283321452451,0.25282571712765567,0.24760771588243227,0.2520113953705474
8.94800000000048,0.24572832847951193,0.2529009593117426,0.24763750514986932,0.25205398024385967
8.94900000000048,0.24572832486477478,0.2529750382194674,0.24766738152988885,0.2520968537450354
8.950000000000479,0.2457283213007053,0.2530479462706122,0.2476973463856927,0.2521400178303101
8.951000000000478,0.24572831778699633,0.25311967629139587,0.24772740108451977,0.25218347446917816
8.952000000000478,0.2457283143233611,0.25319022151959375,0.24775754699770824,0.25222722564448263
8.953000000000477,0.24572831090953293,0.25325957560963147,0.24778778550075828,0.2522712733525056
8.954000000000477,0.24572830754526423,0.2533277326376534,0.24781811797339473,0.2523156196030595
8.955000000000476,0.24572830423032638,0.2533946871065676,0.24784854579963012,0.2523602664195786
8.956000000000476,0.24572830096450865,0.2534604339510721,0.24787907036782772,0.25240521583921144
8.957000000000475,0.2457282977476178,0.25352496854266254,0.247909693070765,0.2524504699129137
8.958000000000474,0.24572829457947748,0.2535882866946258,0.2479404153056971,0.25249603070554194
8.959000000000474,0.24572829145992742,0.25365038466702045,0.24797123847442065,0.2525419002959477
8.960000000000473,0.24572828838882252,0.25371125917164805,0.2480021639833377,0.2525880807770723
8.961000000000473,0.24572828536603225,0.25377090737701646,0.24803319324351977,0.25263457425604247
8.962000000000472,0.2457282823914395,0.25382932691329796,0.24806432767077252,0.2526813828542664
8.963000000000472,0.24572827946493978,0.2538865158772861,0.24809556868570007,0.25272850870753055
8.964000000000471,0.24572827658643956,0.25394247283735105,0.24812691771376996,0.2527759539660972
8.96500000000047,0.24572827375585532,0.2539971968383987,0.2481583761853782,0.2528237207948024
8.96600000000047,0.24572827097311215,0.25405068740683356,0.2481899455359144,0.25287181137315484
8.96700000000047,0.24572826823814148,0.2541029445555297,0.24822162720582747,0.25292022789543533
8.968000000000469,0.2457282655508798,0.2541539687888116,0.24825342264069117,0.25296897257079676
8.969000000000468,0.24572826291126637,0.2542037611074464,0.2482853332912702,0.2530180476233652
8.970000000000468,0.2457282603192406,0.254252323013652,0.24831736061358628,0.2530674552923411
8.971000000000467,0.24572825777473997,0.2542996565161211,0.24834950606898462,0.25311719783210146
8.972000000000467,0.24572825527769648,0.2543457641350651,0.24838177112420068,0.253167277512303
8.973000000000466,0.24572825282803418,0.25439064890728125,0.248414157251427,0.2532176966179853
8.974000000000466,0.24572825042566487,0.25443431439124153,0.24844666592838033,0.25326845744967547
8.975000000000465,0.24572824807048507,0.25447676467221086,0.24847929863836926,0.25331956232349273
8.976000000000464,0.2457282457623713,0.2545180043673925,0.2485120568703617,0.2533710135712544
8.977000000000464,0.24572824350117545,0.25455803863110577,0.24854494211905293,0.25342281354058216
8.978000000000463,0.24572824128672036,0.2545968731599965,0.24857795588493364,0.25347496459500923
8.979000000000463,0.24572823911879385,0.2546345141982841,0.24861109967435865,0.253527469114088
8.980000000000462,0.24572823699714333,0.25467096854304516,0.24864437499961545,0.253580329493499
8.981000000000462,0.2457282349214694,0.2547062435495378,0.24867778337899324,0.25363354814515987
8.982000000000461,0.2457282328914194,0.2547403471365666,0.24871132633685228,0.2536871274973355
8.98300000000046,0.24572823090658033,0.2547732877918907,0.24874500540369332,0.2537410699947489
8.98400000000046,0.2457282289664711,0.2548050745776767,0.2487788221162275,0.2537953780986926
8.98500000000046,0.24572822707053477,0.25483571713599695,0.24881277801744656,0.25385005428714125
8.986000000000459,0.2457282252181302,0.25486522569437475,0.24884687465669306,0.2539051010548643
8.987000000000458,0.24572822340852307,0.2548936110713765,0.2488811135897312,0.2539605209135401
8.988000000000458,0.24572822164087668,0.2549208846822523,0.2489154963788178,0.2540163163918705
8.989000000000457,0.24572821991424218,0.2549470585446243,0.2489500245927735,0.254072490035696
8.990000000000457,0.24572821822754873,0.2549721452842224,0.24898469980705443,0.2541290444081121
8.991000000000456,0.24572821657959276,0.2549961581406683,0.24901952360382407,0.2541859820895864
8.992000000000456,0.24572821496902716,0.2550191109733041,0.24905449757202539,0.2542433056780759
8.993000000000455,0.2457282133943505,0.25504101826706777,0.24908962330745346,0.254301017789146
8.994000000000455,0.24572821185389512,0.25506189513841027,0.24912490241282817,0.25435912105608943
8.995000000000454,0.2457282103458158,0.25508175734125427,0.24916033649786734,0.2544176181300468
8.996000000000453,0.24572820886807753,0.25510062127299177,0.24919592717936026,0.25447651168012725
8.997000000000453,0.245728207418444,0.2551185039805167,0.24923167608124144,0.2545358043935305
8.998000000000452,0.24572820599446485,0.25513542316628995,0.24926758483466463,0.25459549897566924
8.999000000000452,0.24572820459346392,0.2551513971944324,0.2493036550780773,0.25465559815029265
